Frame,Pred_X,Pred_Y,Pred_Z,Q_X,Q_Y,Q_Z,Q_W
3793,0,0,0,0,0,0,1
3794,0,0,0,0,0,0,1
3795,0,0,0,0,0,0,1
3796,0,0,0,0,0,0,1
3797,0,0,0,0,0,0,1
3798,0,0,0,0,0,0,1
3799,0,0,0,0,0,0,1
3800,0,0,0,0,0,0,1
3801,0,0,0,0,0,0,1
3802,0,0,0,0,0,0,1
3803,0,0,0,0,0,0,1
3804,0,0,0,0,0,0,1
3805,0,0,0,0,0,0,1
3806,0,0,0,0,0,0,1
3807,0,0,0,0,0,0,1
3808,0,0,0,0,0,0,1
3809,0,0,0,0,0,0,1
3810,0,0,0,0,0,0,1
3811,0,0,0,0,0,0,1
3812,0,0,0,0,0,0,1
3813,0,0,0,0,0,0,1
3814,0,0,0,0,0,0,1
3815,0,0,0,0,0,0,1
3816,-0.0266431,0.189808,-0.98146,-0.000227324,-0.0001079,0.000151219,1
3817,-0.0266431,0.189808,-0.98146,-0.000227324,-0.0001079,0.000151219,1
3818,-0.0266431,0.189808,-0.98146,-0.000227324,-0.0001079,0.000151219,1
3819,-0.0266431,0.189808,-0.98146,-0.000227324,-0.0001079,0.000151219,1
3820,-0.0266431,0.189808,-0.98146,-0.000227324,-0.0001079,0.000151219,1
3821,-0.0266431,0.189808,-0.98146,-0.000227324,-0.0001079,0.000151219,1
3822,-0.0266431,0.189808,-0.98146,-0.000227324,-0.0001079,0.000151219,1
3823,-0.0266431,0.189808,-0.98146,-0.000227324,-0.0001079,0.000151219,1
3824,-0.0266431,0.189808,-0.98146,-0.000227324,-0.0001079,0.000151219,1
3825,-0.0266431,0.189808,-0.98146,-0.000227324,-0.0001079,0.000151219,1
3826,-0.0266431,0.189808,-0.98146,-0.000227324,-0.0001079,0.000151219,1
3827,-0.0266431,0.189808,-0.98146,-0.000227324,-0.0001079,0.000151219,1
3828,-0.0266431,0.189808,-0.98146,-0.000227324,-0.0001079,0.000151219,1
3829,-0.573068,-0.0910958,-0.192465,-0.000602271,-0.000114765,-0.000322543,1
3830,-0.573068,-0.0910958,-0.192465,-0.000602271,-0.000114765,-0.000322543,1
3831,-0.573068,-0.0910958,-0.192465,-0.000602271,-0.000114765,-0.000322543,1
3832,-0.637685,-1.08245,-0.306691,-0.00128313,-0.000129103,-7.12932e-05,0.999999
3833,-0.637685,-1.08245,-0.306691,-0.00128313,-0.000129103,-7.12932e-05,0.999999
3834,-0.637685,-1.08245,-0.306691,-0.00128313,-0.000129103,-7.12932e-05,0.999999
3835,-0.637685,-1.08245,-0.306691,-0.00128313,-0.000129103,-7.12932e-05,0.999999
3836,-0.637685,-1.08245,-0.306691,-0.00128313,-0.000129103,-7.12932e-05,0.999999
3837,-0.637685,-1.08245,-0.306691,-0.00128313,-0.000129103,-7.12932e-05,0.999999
3838,-0.713308,-1.98027,0.127127,-0.00128234,-0.000129367,-7.18072e-05,0.999999
3839,-0.713308,-1.98027,0.127127,-0.00128234,-0.000129367,-7.18072e-05,0.999999
3840,-0.713308,-1.98027,0.127127,-0.00128234,-0.000129367,-7.18072e-05,0.999999
3841,-0.713308,-1.98027,0.127127,-0.00128234,-0.000129367,-7.18072e-05,0.999999
3842,-0.713308,-1.98027,0.127127,-0.00128234,-0.000129367,-7.18072e-05,0.999999
3843,-0.713164,-0.980272,0.124562,-0.00128234,-0.000129367,-7.18072e-05,0.999999
3844,-0.713164,-0.980272,0.124562,-0.00128234,-0.000129367,-7.18072e-05,0.999999
3845,-0.713164,-0.980272,0.124562,-0.00128234,-0.000129367,-7.18072e-05,0.999999
3846,-0.713164,-0.980272,0.124562,-0.00128234,-0.000129367,-7.18072e-05,0.999999
3847,-0.713164,-0.980272,0.124562,-0.00128234,-0.000129367,-7.18072e-05,0.999999
3848,-0.713164,-0.980272,0.124562,-0.00128234,-0.000129367,-7.18072e-05,0.999999
3849,-0.713164,-0.980272,0.124562,-0.00128234,-0.000129367,-7.18072e-05,0.999999
3850,-0.713164,-0.980272,0.124562,-0.00128234,-0.000129367,-7.18072e-05,0.999999
3851,-0.713164,-0.980272,0.124562,-0.00128234,-0.000129367,-7.18072e-05,0.999999
3852,-0.713164,-0.980272,0.124562,-0.00128234,-0.000129367,-7.18072e-05,0.999999
3853,-0.713164,-0.980272,0.124562,-0.00128234,-0.000129367,-7.18072e-05,0.999999
3854,-0.713164,-0.980272,0.124562,-0.00128234,-0.000129367,-7.18072e-05,0.999999
3855,-0.713164,-0.980272,0.124562,-0.00128234,-0.000129367,-7.18072e-05,0.999999
3856,-0.713164,-0.980272,0.124562,-0.00128234,-0.000129367,-7.18072e-05,0.999999
3857,-0.713164,-0.980272,0.124562,-0.00128234,-0.000129367,-7.18072e-05,0.999999
3858,-0.713164,-0.980272,0.124562,-0.00128234,-0.000129367,-7.18072e-05,0.999999
3859,-0.713164,-0.980272,0.124562,-0.00128234,-0.000129367,-7.18072e-05,0.999999
3860,-0.713164,-0.980272,0.124562,-0.00128234,-0.000129367,-7.18072e-05,0.999999
3861,-0.713164,-0.980272,0.124562,-0.00128234,-0.000129367,-7.18072e-05,0.999999
3862,-0.713164,-0.980272,0.124562,-0.00128234,-0.000129367,-7.18072e-05,0.999999
3863,-0.713164,-0.980272,0.124562,-0.00128234,-0.000129367,-7.18072e-05,0.999999
3864,-0.713164,-0.980272,0.124562,-0.00128234,-0.000129367,-7.18072e-05,0.999999
3865,-0.713164,-0.980272,0.124562,-0.00128234,-0.000129367,-7.18072e-05,0.999999
3866,-0.713309,-1.98027,0.127134,-0.00128235,-0.000129367,-7.18106e-05,0.999999
3867,-0.713309,-1.98027,0.127134,-0.00128235,-0.000129367,-7.18106e-05,0.999999
3868,-0.713309,-1.98027,0.127134,-0.00128235,-0.000129367,-7.18106e-05,0.999999
3869,-0.713309,-1.98027,0.127134,-0.00128235,-0.000129367,-7.18106e-05,0.999999
3870,-0.713309,-1.98027,0.127134,-0.00128235,-0.000129367,-7.18106e-05,0.999999
3871,-0.713309,-1.98027,0.127134,-0.00128235,-0.000129367,-7.18106e-05,0.999999
3872,-0.713309,-1.98027,0.127134,-0.00128235,-0.000129367,-7.18106e-05,0.999999
3873,-0.713309,-1.98027,0.127134,-0.00128235,-0.000129367,-7.18106e-05,0.999999
3874,-0.713309,-1.98027,0.127134,-0.00128235,-0.000129367,-7.18106e-05,0.999999
3875,-0.713309,-1.98027,0.127134,-0.00128235,-0.000129367,-7.18106e-05,0.999999
3876,-0.713309,-1.98027,0.127134,-0.00128235,-0.000129367,-7.18106e-05,0.999999
3877,-0.713309,-1.98027,0.127134,-0.00128235,-0.000129367,-7.18106e-05,0.999999
3878,-0.713164,-0.980272,0.124563,-0.00128235,-0.000129367,-7.18087e-05,0.999999
3879,-0.713164,-0.980272,0.124563,-0.00128235,-0.000129367,-7.18087e-05,0.999999
3880,-0.38438,-0.362881,-0.590091,-0.00126979,-0.00012183,6.95236e-05,0.999999
3881,-0.38438,-0.362881,-0.590091,-0.00126979,-0.00012183,6.95236e-05,0.999999
3882,-0.702343,-1.03881,-1.25494,-0.00252672,-0.000570025,0.000565086,0.999996
3883,-0.717723,-0.10266,-1.6062,-0.00186753,-0.00119029,0.000653465,0.999997
3884,-0.717723,-0.10266,-1.6062,-0.00186753,-0.00119029,0.000653465,0.999997
3885,-0.388746,-0.692487,-2.34368,-0.00350082,-0.00111903,-0.000346998,0.999993
3886,-0.7773,-1.61084,-2.41893,-0.00782707,0.00085328,-0.00645428,0.999948
3887,-0.593606,-1.21012,-3.31653,-0.00856622,-0.000760149,-0.00606899,0.999945
3888,-0.590793,-0.230541,-3.51757,-0.008495,-0.00155134,-0.0071093,0.999937
3889,-0.712193,0.761679,-3.54516,-0.0060262,-0.00122312,-0.00840001,0.999946
3890,-0.36295,1.69842,-3.52176,-0.00293881,-0.00153073,-0.0122916,0.999919
3891,0.0237985,2.61885,-3.46494,0.00423004,-0.000672627,-0.0089261,0.999951
3892,-0.409393,2.5395,-2.56714,0.00496736,-0.00279752,-0.00720644,0.999958
3893,-0.740617,2.10739,-1.72835,0.00816376,-0.00796642,-0.0150607,0.999822
3894,-1.0017,3.05476,-1.54309,0.0078155,-0.00799603,-0.0151009,0.999823
3895,-1.82806,2.50233,-1.43373,-0.00278922,0.00788381,-0.00946844,0.99992
3896,-2.14084,1.55268,-1.41547,-0.0159747,0.0120724,-0.00341417,0.999794
3897,-1.7967,2.00294,-2.23939,-0.0144722,0.00663611,-0.00461609,0.999863
3898,-2.00177,1.05835,-1.98307,-0.0131186,0.0075252,-0.00187164,0.999884
3899,-2.43768,0.228832,-1.63395,-0.0207094,0.0139504,-0.000334017,0.999688
3900,-2.2751,0.829015,-2.41711,-0.0203581,0.0137129,-0.000418191,0.999699
3901,-2.37447,1.61126,-1.80212,-0.00975226,0.0176822,0.00100468,0.999796
3902,-2.33816,0.912912,-1.08728,-0.0116046,0.0192663,0.00396082,0.999739
3903,-2.4783,0.44637,-0.213949,-0.0113899,0.0200299,0.00503784,0.999722
3904,-2.87124,-0.105985,0.521244,-0.0111734,0.0240335,0.00700968,0.999624
3905,-3.27002,-0.517477,1.34078,-0.0100453,0.0258897,0.0101214,0.999563
3906,-3.22735,-0.980321,2.22619,-0.00946056,0.0263294,0.0126596,0.999528
3907,-3.44348,-1.00413,3.20227,-0.00709425,0.0270699,0.0170442,0.999463
3908,-3.59268,-1.25727,4.15812,-0.0111568,0.0280463,0.0245942,0.999242
3909,-3.67318,-1.41322,5.1426,-0.00969591,0.0273049,0.0290342,0.999158
3910,-3.73275,-1.62358,6.11841,-0.00868271,0.0267517,0.0315871,0.999105
3911,-3.83922,-1.78619,7.09934,-0.00761928,0.0258787,0.0332162,0.999084
3912,-3.92787,-1.82799,8.09452,-0.0064335,0.026221,0.0351865,0.999016
3913,-3.78291,-1.76706,9.08208,-0.0058251,0.0255608,0.0351304,0.999039
3914,-3.75368,-1.52141,10.051,-0.00622373,0.025853,0.0337645,0.999076
3915,-3.59341,-1.83982,10.9853,-0.00622373,0.025853,0.0337645,0.999076
3916,-3.58442,-1.84836,11.9852,-0.00116612,0.025779,0.0309095,0.999189
3917,-3.38205,-1.9084,12.9627,-0.00104279,0.0257914,0.0305229,0.999201
3918,-3.54079,-1.42805,12.1001,-0.00104279,0.0257914,0.0305229,0.999201
3919,-3.40176,-1.57478,13.0795,-0.000337015,0.0252582,0.0222866,0.999432
3920,-3.36087,-1.66077,14.0749,-0.00123602,0.0257455,0.0205029,0.999457
3921,-3.40496,-1.88476,15.0485,-0.00123602,0.0257455,0.0205029,0.999457
3922,-3.65519,-2.20651,15.9617,-0.000955531,0.0227253,0.0175038,0.999588
3923,-4.50302,-1.97361,16.4381,9.30597e-05,0.0247984,0.0181667,0.999527
3924,-5.4699,-1.74202,16.3307,0.000661008,0.0247972,0.0189816,0.999512
3925,-5.76235,-1.80171,15.3763,-0.00906795,0.0151267,0.0235574,0.999567
3926,-5.9499,-0.823308,15.2894,-0.00840644,0.0146954,0.0264643,0.999506
3927,-5.79661,-1.45426,16.0499,-0.00808817,0.017641,0.0344605,0.999218
3928,-5.47944,-2.09502,16.7491,-0.00706196,0.0183472,0.0357196,0.999168
3929,-5.12754,-2.87271,17.27,-0.00706196,0.0183472,0.0357196,0.999168
3930,-5.18869,-3.37359,18.1333,-0.00562337,0.0192704,0.0355159,0.999168
3931,-5.10278,-4.01749,18.8936,-0.00562337,0.0192704,0.0355159,0.999168
3932,-5.2063,-4.43931,19.7944,-0.00562337,0.0192704,0.0355159,0.999168
3933,-5.12577,-4.65271,20.768,-0.00747537,0.0169341,0.038358,0.999093
3934,-5.54509,-4.6902,21.6751,-0.00747537,0.0169341,0.038358,0.999093
3935,-5.65024,-4.69269,22.6695,-0.00755486,0.0160728,0.0383952,0.999105
3936,-5.56746,-4.86519,23.6511,-0.00552373,0.0135221,0.0389241,0.999135
3937,-5.79966,-5.2637,24.5383,-0.00565642,0.0134831,0.0391266,0.999127
3938,-6.00647,-5.31062,25.5156,-0.00565753,0.0133355,0.0392275,0.999125
3939,-5.94836,-5.31327,26.5139,-0.00408756,0.0121839,0.0413677,0.999061
3940,-5.7885,-5.07953,27.473,-0.00408756,0.0121839,0.0413677,0.999061
3941,-5.58104,-5.12148,28.4503,-0.00389142,0.0124684,0.0405268,0.999093
3942,-5.41047,-5.13658,29.4355,-0.00252039,0.0129563,0.0395829,0.999129
3943,-5.34861,-6.12863,29.326,-0.00252039,0.0129563,0.0395829,0.999129
3944,-5.22236,-6.06665,30.316,-0.00315305,0.0131692,0.0391654,0.999141
3945,-5.19734,-6.20256,31.3064,-0.00605078,0.0137301,0.0371943,0.999195
3946,-5.05782,-6.45705,32.2634,-0.00574145,0.0127612,0.0367342,0.999227
3947,-4.94005,-6.47391,33.2563,-0.00454503,0.00911221,0.0324801,0.999421
3948,-3.98315,-6.50528,33.545,-0.00399696,-0.0022165,0.0284307,0.999585
3949,-4.43462,-6.78092,34.3937,-0.00399696,-0.0022165,0.0284307,0.999585
3950,-4.12934,-6.79355,35.3458,-0.00437439,-0.00935605,0.0238049,0.999663
3951,-5.12804,-6.84123,35.3274,-0.00437439,-0.00935605,0.0238049,0.999663
3952,-6.04658,-6.89391,35.7191,-0.00439373,-0.00949936,0.0237488,0.999663
3953,-5.91741,-6.94247,36.7096,-0.00619937,-0.0159356,0.0272967,0.999481
3954,-5.99683,-5.96111,36.5346,-0.00619937,-0.0159356,0.0272967,0.999481
3955,-5.88468,-6.34612,37.4507,-0.00626777,-0.0160332,0.0274045,0.999476
3956,-5.72597,-6.44317,38.4332,-0.00404784,-0.0144337,0.0288233,0.999472
3957,-5.61136,-5.50676,38.1016,-0.00404784,-0.0144337,0.0288233,0.999472
3958,-5.37659,-5.64138,39.0643,-0.00489252,-0.0152921,0.0228602,0.99961
3959,-5.32313,-6.32664,39.7906,-0.00489252,-0.0152921,0.0228602,0.99961
3960,-5.29957,-6.73867,40.7015,-0.00523758,-0.0151126,0.0223812,0.999622
3961,-5.34972,-6.96929,41.6732,-0.00332005,-0.0171944,0.0192426,0.999661
3962,-5.34015,-7.25466,42.6316,-0.0031869,-0.0172728,0.0194087,0.999657
3963,-5.24499,-7.16125,41.6405,-0.00350674,-0.0170038,0.0196107,0.999657
3964,-5.19876,-7.29471,42.6305,-0.00413272,-0.0179625,0.0201742,0.999627
3965,-5.14068,-8.25258,42.9117,-0.00409954,-0.018043,0.0207849,0.999613
3966,-5.21791,-8.64275,43.8292,-0.00408046,-0.0183579,0.0205601,0.999612
3967,-5.20516,-9.04605,44.7442,-0.00629927,-0.0171601,0.0241323,0.999542
3968,-5.23527,-9.52246,45.6229,-0.00653341,-0.017661,0.0239457,0.999536
3969,-5.11336,-9.88013,46.5488,-0.00577808,-0.0180646,0.0267,0.999464
3970,-5.18584,-10.4454,47.3705,-0.00574833,-0.0180695,0.026583,0.999467
3971,-5.1145,-10.8366,48.288,-0.00552181,-0.0176637,0.0276477,0.999446
3972,-4.75268,-10.851,49.2202,-0.00612461,-0.014831,0.0280911,0.999477
3973,-4.60353,-10.8476,50.209,-0.00612461,-0.014831,0.0280911,0.999477
3974,-4.60801,-9.85684,50.3446,-0.00612461,-0.014831,0.0280911,0.999477
3975,-4.5986,-10.3631,51.2069,-0.0108822,-0.0157712,0.0235316,0.999539
3976,-4.75512,-9.37567,51.2274,-0.0105569,-0.0156886,0.0234633,0.999546
3977,-4.88321,-10.1218,51.8808,-0.0105569,-0.0156886,0.0234633,0.999546
3978,-4.92429,-10.5413,52.7876,-0.00779115,-0.0163335,0.0234619,0.999561
3979,-4.87764,-11.5401,52.8039,-0.00779115,-0.0163335,0.0234619,0.999561
3980,-4.91541,-12.5356,52.7165,-0.00791322,-0.0162598,0.0232419,0.999566
3981,-4.80404,-12.818,53.6693,-0.0116519,-0.017111,0.0264717,0.999435
3982,-4.62269,-11.953,54.1372,-0.011779,-0.0170029,0.0263096,0.99944
3983,-4.7047,-11.1246,53.5832,-0.0117853,-0.0170118,0.0263538,0.999438
3984,-5.54889,-11.3507,53.0972,-0.026302,-0.0040668,0.0316391,0.999145
3985,-5.46867,-11.6025,54.0616,-0.0381823,-0.00369412,0.0310638,0.998781
3986,-5.53044,-10.6074,53.9851,-0.0381823,-0.00369412,0.0310638,0.998781
3987,-5.45885,-10.3294,53.0272,-0.0433209,-0.00477037,0.0267088,0.998693
3988,-5.39097,-10.6008,53.9873,-0.0433855,-0.00466428,0.0257281,0.998716
3989,-5.26691,-10.6461,54.9785,-0.0430425,-0.00662295,0.0248115,0.998743
3990,-5.00526,-11.0781,55.8416,-0.0429427,-0.00682161,0.0237844,0.998771
3991,-4.94463,-12.0281,56.1478,-0.0429427,-0.00682161,0.0237844,0.998771
3992,-4.77503,-12.1346,57.1276,-0.0410368,-0.00853632,0.0228113,0.998861
3993,-4.67971,-12.2338,58.118,-0.0406705,-0.00874607,0.0232637,0.998863
3994,-4.72547,-11.2382,58.0364,-0.0406705,-0.00874607,0.0232637,0.998863
3995,-4.51352,-11.3064,59.0113,-0.0407999,-0.00858619,0.0241494,0.998839
3996,-4.36072,-11.5755,59.9622,-0.0408108,-0.00858064,0.0240978,0.998839
3997,-4.29007,-11.6146,60.9589,-0.040602,-0.00832388,0.0233737,0.998867
3998,-4.19337,-11.7462,61.9455,-0.0408697,-0.00841001,0.0220731,0.998885
3999,-3.93317,-11.9545,62.8883,-0.0408697,-0.00841001,0.0220731,0.998885
4000,-3.84305,-11.964,63.8842,-0.0374837,-0.00842182,0.0175969,0.999107
4001,-3.71401,-12.0694,64.8702,-0.0349852,-0.0102806,0.015262,0.999218
4002,-4.10294,-12.9372,65.1793,-0.0358977,-0.0103319,0.0140676,0.999203
4003,-3.74395,-12.944,66.1126,-0.0335893,-0.0114349,0.0150302,0.999257
4004,-3.70036,-12.8025,67.1016,-0.0335893,-0.0114349,0.0150302,0.999257
4005,-3.67109,-13.7998,67.1691,-0.0335893,-0.0114349,0.0150302,0.999257
4006,-2.92811,-13.5045,67.7697,-0.0277657,-0.0125676,0.0183072,0.999368
4007,-2.89222,-14.5023,67.8257,-0.0277657,-0.0125676,0.0183072,0.999368
4008,-2.14775,-14.2502,68.4439,-0.00898943,-0.0194979,0.021622,0.999536
4009,-1.51364,-14.1103,69.2044,-0.00471689,-0.0205465,0.0224769,0.999525
4010,-1.51364,-14.1103,69.2044,-0.00471689,-0.0205465,0.0224769,0.999525
4011,-1.55193,-13.976,70.1946,-0.00711524,-0.0223025,0.0235794,0.999448
4012,-2.05007,-13.178,69.8555,-0.00711524,-0.0223025,0.0235794,0.999448
4013,-2.00302,-14.1759,69.8996,-0.00711524,-0.0223025,0.0235794,0.999448
4014,-1.73909,-14.2939,70.8569,-0.00331538,-0.0229538,0.0267285,0.999374
4015,-1.26489,-13.5256,71.2868,-0.00331538,-0.0229538,0.0267285,0.999374
4016,-0.628816,-13.1397,70.6186,-0.00331538,-0.0229538,0.0267285,0.999374
4017,-0.765803,-13.124,69.6282,-0.0042214,-0.0198838,0.0253157,0.999473
4018,-0.10484,-12.4025,69.8345,-0.0042214,-0.0198838,0.0253157,0.999473
4019,0.241586,-12.7405,70.7095,-0.00425703,-0.0193908,0.0255756,0.999476
4020,1.115,-12.9325,70.262,-0.0126806,-0.0248014,0.023111,0.999345
4021,1.06943,-11.9339,70.2355,-0.0126806,-0.0248014,0.023111,0.999345
4022,1.2033,-12.4076,71.1059,-0.0126806,-0.0248014,0.023111,0.999345
4023,1.33448,-12.8968,71.9682,-0.0153267,-0.0246004,0.0222641,0.999332
4024,1.50917,-13.8749,71.8553,-0.0153267,-0.0246004,0.0222641,0.999332
4025,1.26811,-14.0125,72.816,-0.0145909,-0.0240446,0.0216993,0.999369
4026,1.41762,-13.0543,73.0598,-0.0146503,-0.0240289,0.0216726,0.999369
4027,1.3191,-12.061,73.1207,-0.0143433,-0.0239993,0.0218181,0.999371
4028,1.54673,-12.3427,74.0528,-0.0153146,-0.0243937,0.0212788,0.999359
4029,1.58851,-13.3413,74.0845,-0.0153146,-0.0243937,0.0212788,0.999359
4030,1.68279,-14.1183,74.7069,-0.0164986,-0.0244979,0.0227325,0.999305
4031,1.63816,-13.1199,74.6728,-0.0164986,-0.0244979,0.0227325,0.999305
4032,1.70925,-13.5624,75.5667,-0.0158458,-0.0248797,0.0206691,0.999351
4033,1.74977,-14.561,75.5994,-0.0158458,-0.0248797,0.0206691,0.999351
4034,1.62643,-15.5381,75.773,-0.0134237,-0.0237999,0.0182819,0.999459
4035,1.56834,-16.4114,76.2566,-0.00898321,-0.0236629,0.0174268,0.999528
4036,1.63916,-15.7516,75.5085,-0.0140399,-0.023865,0.0155825,0.999495
4037,1.4836,-14.7644,75.474,-0.0140399,-0.023865,0.0155825,0.999495
4038,1.29782,-13.7936,75.6261,-0.0140945,-0.0238096,0.0146813,0.999509
4039,1.15942,-12.8051,75.6862,0.00306918,-0.022326,0.0119276,0.999675
4040,0.902033,-11.8441,75.7874,0.00237892,-0.022598,0.0121433,0.999668
4041,0.733329,-11.4581,74.8804,-0.00212938,-0.0242613,0.0115343,0.999637
4042,0.497155,-10.4934,74.9974,-0.001622,-0.0236138,0.00926068,0.999677
4043,0.478716,-9.4936,74.9937,-0.001622,-0.0236138,0.00926068,0.999677
4044,0.566813,-9.79352,75.9436,-0.00338325,-0.0221076,0.00791378,0.999719
4045,0.901,-10.4717,76.5981,-0.00313077,-0.0222426,0.00827548,0.999713
4046,1.09394,-11.0866,77.3627,-0.00313077,-0.0222426,0.00827548,0.999713
4047,1.13593,-11.4827,78.28,-0.00453012,-0.0222029,0.0110751,0.999682
4048,1.19219,-12.4727,78.4087,-0.00453012,-0.0222029,0.0110751,0.999682
4049,1.35971,-13.3234,78.907,-0.00453012,-0.0222029,0.0110751,0.999682
4050,1.46573,-13.6981,79.8281,-0.00660158,-0.0231869,0.0136186,0.999617
4051,1.60701,-14.6702,80.0152,-0.00660158,-0.0231869,0.0136186,0.999617
4052,1.58842,-14.8127,81.0048,-0.00638974,-0.0218838,0.0134087,0.99965
4053,1.63653,-13.8175,81.09,-0.00638974,-0.0218838,0.0134087,0.99965
4054,1.81124,-13.9975,82.0581,-0.00569715,-0.0223334,0.0106472,0.999678
4055,1.88129,-14.9786,82.2382,-0.00569715,-0.0223334,0.0106472,0.999678
4056,1.97467,-15.7255,82.8966,-0.00612668,-0.0221859,0.0108581,0.999676
4057,2.091,-16.1017,83.8158,-0.0063847,-0.0224267,0.00846419,0.999692
4058,2.03669,-17.0967,83.8995,-0.00742137,-0.0223971,0.00788212,0.999691
4059,2.07121,-17.4672,84.8277,-0.00742137,-0.0223971,0.00788212,0.999691
4060,2.24358,-18.1042,85.579,-0.00744533,-0.0224125,0.00890785,0.999681
4061,2.33256,-18.9061,86.1698,-0.00762451,-0.0223277,0.00906977,0.99968
4062,2.35035,-19.9058,86.1855,-0.00762451,-0.0223277,0.00906977,0.99968
4063,2.49526,-20.0098,87.1694,-0.00937546,-0.0225967,0.00724388,0.999674
4064,2.49526,-20.0098,87.1694,-0.00937546,-0.0225967,0.00724388,0.999674
4065,2.53652,-20.9437,87.5245,-0.00829297,-0.0223701,0.00528777,0.999701
4066,2.60172,-21.1012,88.5099,-0.0128264,-0.0228001,0.00684211,0.999634
4067,2.56528,-21.8652,89.1541,-0.0171585,-0.022762,0.00610521,0.999575
4068,2.70215,-22.443,89.9587,-0.0171584,-0.0227621,0.00610476,0.999575
4069,2.74397,-23.3628,90.3489,-0.0137894,-0.0227701,0.00996741,0.999596
4070,2.76326,-24.3622,90.3769,-0.0137894,-0.02277,0.00996739,0.999596
4071,2.89171,-24.7058,91.3072,-0.00823734,-0.0229303,0.00967379,0.999656
4072,2.61651,-25.58,91.7072,-0.00700848,-0.0229337,0.00936976,0.999669
4073,2.34144,-26.3515,92.281,-0.00642763,-0.0229145,0.0102071,0.999665
4074,2.44962,-26.6539,93.228,-0.00750241,-0.0226767,0.0101475,0.999663
4075,2.44962,-26.6539,93.228,-0.00750241,-0.0226767,0.0101475,0.999663
4076,2.48721,-27.0339,94.1522,-0.0103948,-0.0230969,0.00798701,0.999647
4077,2.48721,-27.0339,94.1522,-0.0103948,-0.0230969,0.00798701,0.999647
4078,2.45908,-26.0346,94.1758,-0.0103948,-0.0230969,0.00798701,0.999647
4079,2.52341,-26.1922,95.1612,-0.0145264,-0.0237151,0.00613771,0.999594
4080,2.36699,-27.157,95.3725,-0.01551,-0.0237159,0.00523426,0.999585
4081,2.41473,-27.4607,96.3241,-0.0154558,-0.0245677,0.00347926,0.999573
4082,2.48903,-27.6165,97.3091,-0.0169425,-0.0257983,0.00479279,0.999512
4083,2.48903,-27.6165,97.3091,-0.0169425,-0.0257983,0.00479279,0.999512
4084,2.49772,-28.6159,97.3433,-0.0169426,-0.0257983,0.00479304,0.999512
4085,2.57704,-29.564,97.6512,-0.0165831,-0.0261056,0.00684506,0.999498
4086,2.58986,-30.5633,97.6847,-0.0165831,-0.0261056,0.00684506,0.999498
4087,2.57704,-29.564,97.6512,-0.0165831,-0.0261056,0.00684506,0.999498
4088,2.63337,-28.6027,97.9212,-0.0161856,-0.0266242,0.00843151,0.999479
4089,2.73381,-27.6284,98.1226,-0.0116373,-0.028086,0.00979029,0.99949
4090,2.71413,-26.6289,98.0987,-0.0116366,-0.0280864,0.00979348,0.99949
4091,2.74095,-26.953,99.0443,-0.0125066,-0.0281087,0.010937,0.999467
4092,2.69789,-27.9207,98.7958,-0.0125066,-0.0281087,0.010937,0.999467
4093,2.69789,-28.7012,99.421,-0.0126172,-0.0280472,0.0107003,0.99947
4094,2.49708,-29.0195,100.347,-0.0122859,-0.0283842,0.00950514,0.999476
4095,2.49724,-29.5942,101.166,-0.012382,-0.0282132,0.00896734,0.999485
4096,2.53942,-30.0051,102.077,-0.0105617,-0.0284919,0.00723666,0.999512
4097,2.62141,-30.3666,103.005,-0.0103224,-0.0290287,0.00723727,0.999499
4098,2.49726,-31.3586,102.982,-0.0104277,-0.0287318,0.00610099,0.999514
4099,2.90053,-31.7391,103.814,-0.0101682,-0.0293409,0.00693505,0.999494
4100,2.92335,-32.7348,103.904,-0.0105071,-0.0293528,0.00700836,0.999489
4101,2.90996,-31.7351,103.882,-0.0105071,-0.0293528,0.00700836,0.999489
4102,3.0626,-31.9449,104.848,-0.010011,-0.0297014,0.00726458,0.999482
4103,3.11399,-32.941,104.921,-0.010011,-0.0297014,0.00726458,0.999482
4104,3.11399,-32.941,104.921,-0.010011,-0.0297014,0.00726458,0.999482
4105,3.1224,-33.2335,105.877,-0.0112625,-0.0285027,0.0108201,0.999472
4106,3.1224,-33.2335,105.877,-0.0112625,-0.0285027,0.0108201,0.999472
4107,3.15377,-33.6702,106.776,-0.0109956,-0.027687,0.0124021,0.999479
4108,3.33602,-33.9608,107.715,-0.00984723,-0.027912,0.0142118,0.999461
4109,3.39712,-34.2088,108.682,-0.00979583,-0.0271909,0.0149238,0.999471
4110,3.39712,-34.2088,108.682,-0.00979583,-0.0271909,0.0149238,0.999471
4111,3.4323,-34.3049,109.677,-0.0124102,-0.0259172,0.0139754,0.999489
4112,3.4596,-35.3042,109.703,-0.0124102,-0.0259172,0.0139754,0.999489
4113,3.5231,-35.426,110.693,-0.0102657,-0.0262159,0.0123119,0.999528
4114,3.54717,-36.4255,110.714,-0.0102657,-0.0262159,0.0123119,0.999528
4115,3.434,-35.4606,110.951,-0.0065747,-0.0264023,0.0143579,0.999527
4116,4.31558,-35.6291,110.51,-0.0150328,-0.0329051,0.0117793,0.999276
4117,4.24513,-36.4266,111.109,-0.0148057,-0.0329664,0.0118423,0.999277
4118,4.25258,-36.5734,112.099,-0.0134559,-0.0327922,0.0126345,0.999292
4119,4.25258,-36.5734,112.099,-0.0134559,-0.0327922,0.0126345,0.999292
4120,4.50707,-36.3881,113.048,-0.0140524,-0.032777,0.0125122,0.999286
4121,4.57275,-36.9109,113.898,-0.0136886,-0.0329276,0.0130883,0.999278
4122,4.72662,-37.2355,114.831,-0.0132595,-0.032162,0.0151064,0.999281
4123,4.87128,-38.0902,115.329,-0.0128273,-0.0324032,0.0161368,0.999262
4124,4.93574,-38.4379,116.265,-0.0113903,-0.0324378,0.0141019,0.999309
4125,4.93574,-38.4379,116.265,-0.0113903,-0.0324378,0.0141019,0.999309
4126,4.83007,-38.7026,117.223,-0.0123143,-0.0330888,0.0131729,0.99929
4127,5.11376,-38.7935,118.178,-0.0129302,-0.033771,0.0132451,0.999258
4128,4.71456,-38.4151,119.013,-0.0129302,-0.033771,0.0132451,0.999258
4129,4.74015,-39.4144,119.04,-0.0129302,-0.033771,0.0132451,0.999258
4130,4.68198,-39.5035,120.034,-0.0132601,-0.0337427,0.0141877,0.999242
4131,4.68198,-39.5035,120.034,-0.0132601,-0.0337427,0.0141877,0.999242
4132,4.62759,-38.6022,120.464,-0.0128579,-0.0337322,0.0144925,0.999243
4133,4.60947,-38.7683,121.45,-0.011242,-0.0333083,0.0154644,0.999262
4134,4.52526,-38.8342,122.444,-0.0117945,-0.0338607,0.0149562,0.999245
4135,4.41811,-39.0305,123.419,-0.0124842,-0.0363585,0.0118952,0.99919
4136,4.23878,-39.6396,124.191,-0.0107102,-0.0405339,0.00803048,0.999088
4137,4.13271,-39.9517,125.135,-0.0127377,-0.0457491,0.00267224,0.998868
4138,3.59265,-39.4509,125.812,-0.0124485,-0.0455572,0.00283167,0.99888
4139,3.35251,-39.7906,126.721,-0.0155099,-0.0465882,-0.00219704,0.998791
4140,2.96602,-40.2773,127.505,-0.0164017,-0.0474502,-0.00503924,0.998726
4141,2.6867,-40.3911,128.458,-0.0150725,-0.0481854,-0.00972667,0.998677
4142,2.73076,-40.6504,129.423,-0.0162442,-0.0513082,-0.0169575,0.998407
4143,2.61845,-41.0115,130.349,-0.0162261,-0.0527089,-0.0186603,0.998304
4144,2.42536,-41.3094,131.283,-0.013654,-0.0528688,-0.0164275,0.998373
4145,2.47322,-41.6077,132.237,-0.0122318,-0.0526973,-0.0131363,0.998449
4146,2.32678,-41.8528,133.195,-0.0113897,-0.0512498,-0.00992005,0.998572
4147,2.19307,-42.1425,134.143,-0.0102684,-0.0483658,-0.00197199,0.998775
4148,2.11874,-42.506,135.071,-0.00909896,-0.0445685,0.00621672,0.998946
4149,2.43243,-42.9299,135.921,-0.00870861,-0.0433378,0.0121356,0.998949
4150,2.47257,-43.146,136.897,-0.00891432,-0.0413224,0.0126059,0.999027
4151,2.48065,-44.1458,136.884,-0.00891432,-0.0413224,0.0126059,0.999027
4152,2.07946,-44.4933,137.732,-0.00910974,-0.0410884,0.00990809,0.999065
4153,2.12717,-44.7536,138.696,-0.00837489,-0.0449721,0.000201137,0.998953
4154,1.71344,-45.1649,139.508,-0.00633337,-0.0463838,-0.00593034,0.998886
4155,1.62345,-45.3629,140.484,-0.00471093,-0.0487613,-0.0083788,0.998764
4156,0.680966,-45.3719,140.818,-0.0046784,-0.048433,-0.00822844,0.998782
4157,0.626158,-45.5866,141.793,-0.00613543,-0.0498354,-0.00751564,0.99871
4158,0.657239,-44.6135,142.022,-0.00373125,-0.0504578,-0.00531896,0.998705
4159,0.464965,-45.2767,142.745,-0.00450393,-0.0505519,-0.00464122,0.9987
4160,0.363416,-45.4522,143.724,-0.0063757,-0.0499182,-0.00156036,0.998732
4161,0.693561,-46.0926,144.418,-0.00811818,-0.0499684,0.00347497,0.998712
4162,0.768527,-46.2464,145.403,-0.009925,-0.0468975,0.00879949,0.998812
4163,0.820894,-46.5952,146.339,-0.00946987,-0.0476967,0.0105008,0.998762
4164,0.603723,-47.0759,147.188,-0.00803045,-0.0504852,0.0107146,0.998635
4165,0.529155,-47.2916,148.162,-0.00549023,-0.0573868,0.00521004,0.998323
4166,-0.452187,-47.4616,148.072,-0.00780999,-0.0516709,-0.000823681,0.998633
4167,-1.37849,-47.332,148.426,-0.00414878,-0.0516425,-0.00601456,0.998639
4168,-2.26576,-47.4867,148.86,-0.00371414,-0.0563257,-0.0132194,0.998318
4169,-3.1294,-47.0752,149.152,0.00150247,-0.0567512,-0.0177613,0.998229
4170,-3.20181,-47.1327,150.147,0.00266577,-0.0709075,-0.0247224,0.997173
4171,-4.19911,-47.183,150.094,0.0032991,-0.069291,-0.0296087,0.997152
4172,-5.17523,-47.3317,150.252,0.000412337,-0.0611724,-0.0320718,0.997612
4173,-5.3584,-47.5898,151.201,-0.00182889,-0.0639113,-0.0342857,0.997365
4174,-5.28323,-48.199,151.99,-0.00286119,-0.0648277,-0.0287485,0.997478
4175,-5.08324,-49.1481,152.234,-0.00322613,-0.065011,-0.0276701,0.997496
4176,-4.77628,-49.565,153.089,-0.00299577,-0.0643379,-0.0211386,0.9977
4177,-4.92291,-49.94,154.004,0.000114806,-0.0619952,-0.014523,0.997971
4178,-4.68418,-50.3918,154.864,0.00350168,-0.0602656,-0.00471477,0.998165
4179,-4.471,-50.4754,155.838,0.00691054,-0.0591112,0.00226336,0.998225
4180,-4.71759,-50.5862,156.8,0.00983842,-0.0570147,0.00792345,0.998293
4181,-4.57374,-51.0758,157.66,0.00971585,-0.0547257,0.0170115,0.998309
4182,-3.95767,-51.2222,158.434,0.00996126,-0.0543859,0.0195946,0.998278
4183,-3.53138,-51.5223,159.288,0.0104043,-0.0531714,0.0231546,0.998263
4184,-3.43262,-51.6987,160.267,0.0127712,-0.0516688,0.0236063,0.998304
4185,-3.43262,-51.6987,160.267,0.0127712,-0.0516688,0.0236063,0.998304
4186,-3.36521,-52.3111,161.055,0.0141463,-0.0509542,0.0232015,0.998331
4187,-3.20762,-52.4739,162.029,0.0173177,-0.0502385,0.0248498,0.998278
4188,-2.90545,-52.8756,162.893,0.0172275,-0.0499396,0.0259727,0.998266
4189,-2.30508,-52.9696,163.687,0.016965,-0.0507681,0.0264212,0.998217
4190,-3.17888,-52.6493,164.053,0.0187846,-0.0441947,0.0241954,0.998553
4191,-3.27679,-52.8381,165.03,0.0170681,-0.0471954,0.0167104,0.9986
4192,-3.20612,-53.129,165.984,0.0159322,-0.053823,0.00771283,0.998394
4193,-3.27809,-53.5253,166.9,0.0145741,-0.0587921,-0.000484412,0.998164
4194,-3.83727,-53.7601,167.695,0.013313,-0.0603847,-0.0058061,0.99807
4195,-4.53137,-53.084,167.942,0.0160638,-0.0598749,-0.00848507,0.998041
4196,-4.75857,-53.5142,168.816,0.0137663,-0.0610854,-0.00582932,0.998021
4197,-4.0602,-53.7649,169.486,0.0113689,-0.0641505,-0.00479762,0.997864
4198,-4.21446,-54.0045,170.445,0.0109265,-0.0642713,-0.00510954,0.99786
4199,-4.09834,-54.5493,171.275,0.0114533,-0.0666075,-0.00765566,0.997684
4200,-4.87808,-54.5435,171.901,0.0114126,-0.0661462,-0.00768088,0.997715
4201,-5.28381,-54.6833,172.805,0.0111981,-0.0673804,-0.00715762,0.997639
4202,-6.09486,-54.7513,173.386,0.0111336,-0.0695373,-0.00713308,0.997492
4203,-6.17593,-55.0201,174.345,0.0102914,-0.0756576,-0.00709051,0.997056
4204,-6.26271,-55.3045,175.3,0.00987312,-0.0772006,-0.00703488,0.996942
4205,-6.15976,-55.6939,176.215,0.00771742,-0.0765941,-0.00310377,0.997028
4206,-6.15153,-55.9247,177.188,0.00868077,-0.076128,-0.000388109,0.99706
4207,-6.15098,-56.9246,177.171,0.00868077,-0.076128,-0.00038811,0.99706
4208,-6.08035,-57.2648,178.109,0.00867228,-0.0778791,-0.000947938,0.996925
4209,-6.38463,-57.6518,178.979,0.0095079,-0.083645,-0.00755568,0.996422
4210,-6.81445,-58.0327,179.798,0.0132582,-0.0904264,-0.014917,0.995703
4211,-7.79636,-57.8655,179.709,0.0167632,-0.087433,-0.0184501,0.995858
4212,-7.96237,-58.2584,180.613,0.0178498,-0.0971916,-0.0275515,0.994724
4213,-8.9608,-58.2185,180.652,0.0177952,-0.0936721,-0.0276071,0.995061
4214,-9.7067,-58.2503,181.318,0.0177531,-0.0992058,-0.0294181,0.994474
4215,-10.6789,-58.3423,181.533,0.0177937,-0.0986485,-0.0290616,0.994539
4216,-11.3368,-57.6944,181.917,0.0232977,-0.100821,-0.027578,0.994249
4217,-11.5033,-58.0572,182.834,0.0244196,-0.107443,-0.0324938,0.99338
4218,-11.4912,-58.4295,183.762,0.0267461,-0.114708,-0.0374637,0.992332
4219,-12.2006,-58.6701,184.425,0.026825,-0.116333,-0.0385129,0.992101
4220,-12.925,-58.9448,185.057,0.0280717,-0.116487,-0.0387716,0.992038
4221,-12.9821,-57.9848,185.331,0.0340993,-0.117586,-0.0404899,0.991651
4222,-13.9582,-57.8063,185.207,0.0346244,-0.116009,-0.0404795,0.991819
4223,-14.4093,-58.1959,186.01,0.0343126,-0.116401,-0.0402719,0.991792
4224,-14.7744,-58.3479,186.928,0.0355957,-0.11981,-0.0408494,0.991317
4225,-15.669,-58.4849,187.354,0.0356667,-0.119319,-0.0405422,0.991387
4226,-15.7263,-59.0297,188.19,0.0378646,-0.127182,-0.0480899,0.989989
4227,-16.1047,-59.7412,188.782,0.0368435,-0.13184,-0.0552657,0.989043
4228,-17.0444,-59.673,189.118,0.0380066,-0.13224,-0.0574508,0.988821
4229,-17.0694,-60.1294,190.007,0.0378916,-0.140597,-0.0645468,0.987234
4230,-16.97,-60.5895,190.889,0.0376152,-0.145171,-0.0669428,0.986422
4231,-16.9593,-61.5655,191.107,0.0387707,-0.148345,-0.0687209,0.985783
4232,-17.0123,-62.1011,191.949,0.039675,-0.154657,-0.0686774,0.984779
4233,-17.4438,-61.6813,191.151,0.0407297,-0.155946,-0.06877,0.984527
4234,-18.3347,-61.605,191.599,0.0407297,-0.155946,-0.06877,0.984527
4235,-18.878,-62.1066,192.272,0.0405213,-0.156061,-0.0683008,0.98455
4236,-18.9366,-62.583,193.149,0.0401903,-0.157559,-0.0681432,0.984335
4237,-18.9857,-63.0666,194.023,0.0400482,-0.157201,-0.0677402,0.984426
4238,-18.97,-63.5923,194.874,0.0416524,-0.158897,-0.0670449,0.984135
4239,-19.9561,-63.49,195.004,0.0415818,-0.158814,-0.0668204,0.984167
4240,-20.5432,-63.8182,195.744,0.0420288,-0.159011,-0.0668112,0.984116
4241,-21.2425,-64.0015,196.435,0.0433727,-0.161535,-0.0686128,0.983523
4242,-20.7347,-64.4142,197.191,0.0429333,-0.165079,-0.0702951,0.982835
4243,-21.7115,-64.23,197.301,0.0431296,-0.164198,-0.0701244,0.982986
4244,-22.2241,-64.8517,197.893,0.0428553,-0.16868,-0.0826355,0.981265
4245,-22.1149,-65.3162,198.772,0.0428553,-0.16868,-0.0826355,0.981265
4246,-22.0508,-64.3313,198.611,0.043441,-0.168597,-0.0823761,0.981276
4247,-22.3219,-63.3763,198.732,0.045724,-0.16756,-0.0852109,0.981108
4248,-22.4626,-63.8575,199.597,0.045724,-0.16756,-0.0852109,0.981108
4249,-22.8624,-64.307,200.396,0.0458133,-0.168334,-0.0860609,0.980897
4250,-22.7887,-65.227,200.781,0.045549,-0.172593,-0.0921076,0.979619
4251,-23.7121,-65.0308,200.452,0.045549,-0.172593,-0.0921076,0.979619
4252,-23.7037,-65.5138,201.327,0.0471727,-0.179901,-0.0982175,0.977632
4253,-23.8938,-64.5324,201.3,0.0561134,-0.183525,-0.104639,0.975818
4254,-24.8046,-64.3076,200.953,0.0561134,-0.183525,-0.104639,0.975818
4255,-25.6692,-64.0548,201.388,0.0561134,-0.183525,-0.104639,0.975818
4256,-25.9725,-64.6571,202.126,0.057678,-0.19334,-0.11273,0.972926
4257,-26.0194,-64.194,201.241,0.0569648,-0.19908,-0.119797,0.970964
4258,-25.8516,-63.2558,200.938,0.0634328,-0.206008,-0.130547,0.967726
4259,-26.1458,-63.7534,201.754,0.0641383,-0.207464,-0.132523,0.9671
4260,-25.7273,-64.1338,202.579,0.0634373,-0.21457,-0.13421,0.965362
4261,-25.585,-64.565,203.47,0.0637891,-0.217444,-0.134928,0.964595
4262,-26.119,-64.5907,204.315,0.0636495,-0.21797,-0.134389,0.964561
4263,-25.4398,-64.9255,204.968,0.0635247,-0.219007,-0.134656,0.964297
4264,-26.2869,-64.5404,205.334,0.0656034,-0.222235,-0.136279,0.96319
4265,-27.2712,-64.594,205.502,0.066587,-0.221792,-0.137828,0.963005
4266,-27.1076,-65.1327,206.329,0.0664177,-0.227582,-0.141057,0.961196
4267,-27.4796,-64.6216,205.554,0.0660512,-0.230375,-0.142876,0.960287
4268,-26.8481,-64.6746,206.328,0.0674814,-0.237047,-0.143483,0.958472
4269,-27.8314,-64.5679,206.475,0.0689269,-0.237143,-0.145673,0.958015
4270,-28.6234,-64.8448,207.019,0.0687136,-0.241988,-0.155356,0.955293
4271,-28.1728,-64.1361,206.476,0.0716661,-0.248604,-0.170724,0.950744
4272,-28.1841,-63.5335,205.678,0.0707153,-0.252559,-0.174175,0.949145
4273,-28.1929,-63.0394,204.809,0.0715129,-0.259029,-0.181113,0.946038
4274,-28.9785,-62.5867,204.387,0.0712774,-0.259688,-0.181207,0.945857
4275,-29.3172,-61.8957,203.749,0.0722212,-0.262534,-0.18287,0.944679
4276,-29.1248,-62.3346,204.626,0.072003,-0.264949,-0.183671,0.943866
4277,-28.9991,-62.7488,205.528,0.0725855,-0.268083,-0.185619,0.942554
4278,-28.5749,-63.0937,206.365,0.0760698,-0.278432,-0.190087,0.938379
4279,-29.5057,-62.7777,206.549,0.0766532,-0.278292,-0.190525,0.938285
4280,-29.2196,-63.0266,207.474,0.0767815,-0.279113,-0.189848,0.938167
4281,-28.9397,-62.0835,207.654,0.0833386,-0.280833,-0.192258,0.936603
4282,-28.9045,-61.4401,206.889,0.0833386,-0.280833,-0.192258,0.936603
4283,-29.6509,-61.0298,206.365,0.0834305,-0.280563,-0.192309,0.936665
4284,-30.4218,-61.5544,206.726,0.0846285,-0.28269,-0.201857,0.933905
4285,-30.7839,-62.0159,207.536,0.0855689,-0.283082,-0.202774,0.933502
4286,-30.8075,-62.5095,208.406,0.087951,-0.292239,-0.209068,0.929059
4287,-30.1301,-62.0625,207.821,0.0873773,-0.306552,-0.220747,0.921771
4288,-30.9103,-61.7286,207.292,0.0873773,-0.306552,-0.220747,0.921771
4289,-31.4521,-61.3891,206.523,0.0873773,-0.306552,-0.220747,0.921771
4290,-30.7857,-60.8169,206.045,0.0903945,-0.321542,-0.237095,0.912264
4291,-31.5476,-60.4892,205.487,0.0905064,-0.321887,-0.237269,0.912086
4292,-32.3455,-59.9664,205.187,0.0905064,-0.321887,-0.237269,0.912086
4293,-31.5153,-59.6663,204.717,0.0884666,-0.342266,-0.261415,0.898159
4294,-32.1444,-59.1362,204.148,0.0884666,-0.342266,-0.261415,0.898159
4295,-32.0058,-59.8548,204.83,0.0870844,-0.345199,-0.262969,0.896717
4296,-31.9903,-59.2172,204.059,0.0830922,-0.348478,-0.264418,0.8954
4297,-32.124,-58.4586,203.422,0.0818974,-0.350904,-0.265192,0.894333
4298,-31.4342,-57.7859,203.154,0.082598,-0.358551,-0.28418,0.885359
4299,-31.1871,-57.1451,202.427,0.0833704,-0.359608,-0.290405,0.882834
4300,-31.1218,-57.7322,203.234,0.0828723,-0.361264,-0.296731,0.880097
4301,-31.1084,-58.2907,204.063,0.0829419,-0.362819,-0.301285,0.877901
4302,-30.9008,-57.9288,203.154,0.0835905,-0.360959,-0.30595,0.876992
4303,-31.0027,-58.3815,204.04,0.0835905,-0.360959,-0.30595,0.876992
4304,-30.8343,-58.7975,204.934,0.0847223,-0.360984,-0.306531,0.876671
4305,-30.4185,-59.4077,205.608,0.0847223,-0.360984,-0.306531,0.876671
4306,-30.0437,-60.2258,206.044,0.0847223,-0.360984,-0.306531,0.876671
4307,-29.7959,-59.4042,206.558,0.099255,-0.358166,-0.310827,0.874787
4308,-29.7087,-60.3828,206.372,0.0978521,-0.358134,-0.311418,0.874748
4309,-29.2748,-59.6707,206.924,0.0978521,-0.358134,-0.311418,0.874748
4310,-28.7673,-58.821,207.067,0.118634,-0.360449,-0.328174,0.865046
4311,-28.9483,-59.3894,207.87,0.123184,-0.367003,-0.340378,0.8569
4312,-28.0401,-59.0414,207.638,0.12551,-0.374154,-0.357496,0.846435
4313,-28.9647,-58.8286,207.954,0.125633,-0.374007,-0.356942,0.846716
4314,-29.6283,-58.0806,207.942,0.125633,-0.374007,-0.356942,0.846716
4315,-28.799,-57.6062,207.647,0.12581,-0.38041,-0.366206,0.839853
4316,-28.0653,-56.9505,207.469,0.126917,-0.38354,-0.377667,0.833161
4317,-27.5657,-56.4723,208.191,0.138151,-0.388438,-0.380815,0.827653
4318,-27.7916,-56.6628,209.147,0.137339,-0.388633,-0.380061,0.828043
4319,-27.7858,-57.2041,209.988,0.137339,-0.388633,-0.380061,0.828043
4320,-27.9952,-57.6216,210.872,0.136919,-0.388979,-0.379344,0.82828
4321,-28.9727,-57.669,211.077,0.136887,-0.388989,-0.379394,0.828257
4322,-28.196,-57.1089,210.789,0.141517,-0.395635,-0.39329,0.817783
4323,-29.1708,-57.1923,210.996,0.141517,-0.395635,-0.39329,0.817783
4324,-30.0016,-57.5153,211.449,0.141517,-0.395635,-0.39329,0.817783
4325,-29.2136,-56.8997,211.449,0.145723,-0.397731,-0.400867,0.81233
4326,-30.1222,-57.0332,211.845,0.146002,-0.397856,-0.401202,0.812054
4327,-30.5394,-57.6996,212.463,0.145898,-0.398308,-0.401559,0.811674
4328,-30.3275,-58.6756,212.513,0.140863,-0.397925,-0.409027,0.809018
4329,-30.6715,-59.0406,213.378,0.136364,-0.39792,-0.411928,0.808319
4330,-31.3812,-58.3383,213.432,0.136299,-0.397886,-0.411879,0.808372
4331,-31.3801,-59.2638,213.811,0.134527,-0.399327,-0.413043,0.807364
4332,-30.9943,-59.9012,214.478,0.134436,-0.4039,-0.415143,0.80402
4333,-31.8181,-59.9427,215.044,0.134436,-0.4039,-0.415143,0.80402
4334,-31.8694,-60.5577,215.83,0.133243,-0.407438,-0.420333,0.799726
4335,-32.8145,-60.2311,215.823,0.133346,-0.407772,-0.420787,0.799299
4336,-33.4927,-59.6287,215.402,0.137479,-0.411006,-0.428388,0.792879
4337,-33.6591,-58.7115,215.04,0.146617,-0.410472,-0.429489,0.79092
4338,-33.922,-59.2606,215.834,0.147518,-0.417635,-0.433938,0.784549
4339,-33.8957,-59.9141,216.59,0.148198,-0.421491,-0.436362,0.781007
4340,-32.9523,-59.7237,216.318,0.151079,-0.43347,-0.455071,0.763014
4341,-32.6448,-60.5376,216.811,0.149218,-0.439652,-0.459642,0.757079
4342,-32.4481,-59.8408,216.122,0.149418,-0.442783,-0.464125,0.752466
4343,-32.2903,-59.1871,215.381,0.145169,-0.4445,-0.467535,0.750171
4344,-32.9334,-59.7042,215.946,0.136736,-0.444647,-0.472274,0.748698
4345,-32.7315,-59.7622,214.969,0.134181,-0.444624,-0.472346,0.749129
4346,-32.4073,-59.1711,215.707,0.134181,-0.444623,-0.472346,0.749129
4347,-32.9957,-59.6888,215.086,0.134181,-0.444623,-0.472346,0.749129
4348,-32.3801,-59.0142,215.494,0.149572,-0.446422,-0.477778,0.741663
4349,-32.9553,-59.513,214.845,0.149572,-0.446422,-0.477778,0.741663
4350,-33.3631,-59.5764,215.756,0.149572,-0.446422,-0.477778,0.741663
4351,-33.2777,-60.544,215.993,0.148772,-0.447088,-0.479442,0.740348
4352,-33.6971,-60.577,216.901,0.148705,-0.442117,-0.484126,0.740298
4353,-33.8827,-61.4336,217.382,0.146371,-0.445292,-0.486254,0.73746
4354,-34.3913,-61.7461,218.184,0.146572,-0.444241,-0.486775,0.73771
4355,-34.9804,-61.495,218.952,0.149221,-0.437995,-0.495453,0.735133
4356,-35.5515,-61.924,219.652,0.149811,-0.436591,-0.497968,0.734147
4357,-36.2522,-62.2749,220.273,0.153278,-0.437315,-0.502638,0.729806
4358,-36.2849,-62.5986,221.219,0.15618,-0.441519,-0.504424,0.725414
4359,-36.8145,-62.9958,221.968,0.157167,-0.445029,-0.506458,0.721629
4360,-37.1342,-63.7017,222.601,0.158007,-0.448249,-0.510345,0.716697
4361,-37.4955,-64.3931,223.226,0.155463,-0.453604,-0.512902,0.712044
4362,-37.0675,-63.5861,222.819,0.160875,-0.454724,-0.516834,0.707268
4363,-37.3151,-63.7409,223.776,0.164746,-0.456676,-0.518745,0.703712
4364,-37.1433,-63.164,224.574,0.174572,-0.457226,-0.524353,0.696795
4365,-37.7946,-63.5926,225.2,0.174761,-0.456805,-0.524898,0.696613
4366,-38.4085,-64.2141,225.687,0.174396,-0.457291,-0.525227,0.696137
4367,-39.0815,-64.6474,226.286,0.176495,-0.457773,-0.525352,0.695197
4368,-39.1255,-64.4865,227.272,0.179997,-0.459161,-0.525271,0.693443
4369,-39.4193,-63.7241,226.696,0.180396,-0.459021,-0.525503,0.693256
4370,-40.2355,-63.1942,226.466,0.18086,-0.459519,-0.530844,0.688721
4371,-40.47,-62.443,225.849,0.181635,-0.454334,-0.529703,0.692823
4372,-40.4803,-61.5866,225.332,0.181666,-0.454407,-0.529388,0.693008
4373,-41.0657,-60.8869,224.923,0.174588,-0.452398,-0.534077,0.692544
4374,-40.9935,-59.9682,224.535,0.175853,-0.451371,-0.533387,0.693425
4375,-41.2492,-59.0939,224.122,0.16978,-0.453499,-0.533274,0.693637
4376,-41.977,-58.4083,224.109,0.16463,-0.456058,-0.534861,0.691977
4377,-41.4699,-59.2465,224.31,0.158471,-0.46487,-0.543359,0.68084
4378,-41.8913,-58.3877,224.018,0.155589,-0.465719,-0.555414,0.671128
4379,-42.3246,-57.5107,223.811,0.156665,-0.462279,-0.569786,0.661134
4380,-43.0261,-56.8618,223.516,0.156726,-0.4617,-0.582176,0.650647
4381,-43.9278,-56.5122,223.77,0.153043,-0.464298,-0.597425,0.63568
4382,-43.943,-55.5475,223.507,0.153266,-0.464394,-0.599131,0.633948
4383,-44.7962,-55.0441,223.644,0.143808,-0.471904,-0.592765,0.636597
4384,-45.6151,-54.4807,223.753,0.130145,-0.478606,-0.581183,0.645155
4385,-46.5844,-54.425,223.993,0.121568,-0.48287,-0.575414,0.648811
4386,-47.3754,-53.933,223.629,0.121669,-0.484802,-0.574969,0.647746
4387,-47.3896,-52.9872,223.305,0.13736,-0.480385,-0.565081,0.656541
4388,-48.3789,-53.0694,223.184,0.142391,-0.483802,-0.566551,0.651675
4389,-48.9219,-53.2631,222.367,0.145034,-0.484388,-0.567759,0.649602
4390,-49.7435,-52.7044,222.48,0.148249,-0.485063,-0.568743,0.647508
4391,-50.5254,-52.7926,221.863,0.153569,-0.486618,-0.572504,0.641762
4392,-51.5166,-52.9208,221.896,0.156752,-0.488798,-0.574123,0.637877
4393,-52.4566,-52.8323,222.226,0.155631,-0.488527,-0.574297,0.638203
4394,-52.0445,-52.545,223.09,0.155631,-0.488527,-0.574297,0.638203
4395,-51.5728,-52.2818,223.932,0.155524,-0.48853,-0.574243,0.638276
4396,-51.2371,-52.1038,224.857,0.159722,-0.493845,-0.570759,0.636271
4397,-51.0611,-51.9517,225.829,0.162757,-0.495457,-0.569988,0.634938
4398,-51.9255,-51.899,226.329,0.163853,-0.494434,-0.56966,0.635748
4399,-52.8067,-51.4407,226.445,0.165155,-0.495296,-0.565382,0.638553
4400,-53.5778,-50.8043,226.466,0.160755,-0.499728,-0.553562,0.646528
4401,-54.4267,-50.2784,226.519,0.150423,-0.506208,-0.542903,0.65298
4402,-55.0345,-49.5122,226.311,0.136999,-0.513437,-0.529673,0.661106
4403,-55.8491,-48.9411,226.412,0.119194,-0.524243,-0.51522,0.667465
4404,-56.7329,-48.4891,226.533,0.106074,-0.532242,-0.508659,0.668381
4405,-57.2829,-47.678,226.334,0.0929342,-0.53858,-0.498887,0.672612
4406,-57.8327,-46.8661,226.138,0.0900913,-0.545874,-0.499811,0.666404
4407,-58.092,-45.9856,225.741,0.0892848,-0.553145,-0.513877,0.649607
4408,-58.9398,-45.467,225.851,0.0905761,-0.564736,-0.530135,0.62596
4409,-59.7743,-44.9222,225.934,0.0912245,-0.571512,-0.541051,0.610177
4410,-59.6481,-44.1472,225.315,0.100163,-0.569796,-0.554224,0.598444
4411,-60.4852,-43.6035,225.375,0.100752,-0.58004,-0.576212,0.566906
4412,-61.3549,-43.1304,225.516,0.100911,-0.587266,-0.588531,0.546412
4413,-62.2271,-43.0331,225.995,0.101869,-0.589423,-0.589224,0.543156
4414,-62.871,-42.506,225.44,0.101869,-0.589423,-0.589224,0.543156
4415,-63.7551,-42.8358,225.771,0.0980368,-0.593449,-0.582733,0.546471
4416,-64.4377,-42.8838,225.042,0.0972969,-0.592918,-0.582911,0.546988
4417,-65.381,-42.552,225.053,0.0938648,-0.592571,-0.580379,0.550645
4418,-66.3325,-42.2475,225.097,0.0894181,-0.590578,-0.579526,0.554411
4419,-65.8822,-42.0836,225.975,0.0890109,-0.593133,-0.575861,0.555567
4420,-66.8818,-42.0946,225.95,0.0844523,-0.590617,-0.575888,0.558921
4421,-67.7967,-41.7027,226.047,0.0833054,-0.590183,-0.575566,0.559882
4422,-68.7171,-41.8449,225.682,0.0817981,-0.589229,-0.576144,0.560514
4423,-69.2666,-42.1677,224.912,0.0817981,-0.589229,-0.576144,0.560514
4424,-70.1906,-42.1333,224.531,0.081134,-0.587218,-0.578902,0.559879
4425,-71.1097,-41.9492,224.88,0.0792101,-0.586338,-0.577816,0.562194
4426,-72.0055,-41.8977,225.321,0.0793942,-0.586237,-0.577773,0.562317
4427,-72.8054,-41.3041,225.41,0.0799868,-0.585207,-0.577331,0.563759
4428,-72.8054,-41.3041,225.41,0.0799868,-0.585207,-0.577331,0.563759
4429,-73.7768,-41.4332,225.211,0.0799868,-0.585207,-0.577331,0.563759
4430,-74.6922,-41.7073,224.916,0.0809288,-0.585839,-0.576968,0.563339
4431,-75.6363,-42.0326,224.97,0.0809099,-0.585844,-0.576962,0.563343
4432,-75.6256,-43.031,224.915,0.0809099,-0.585844,-0.576962,0.563343
4433,-76.376,-43.5353,224.488,0.0750216,-0.582416,-0.578557,0.56607
4434,-77.1834,-43.0011,224.738,0.0801535,-0.578843,-0.574327,0.573292
4435,-77.2311,-43.9752,224.959,0.0801535,-0.578843,-0.574327,0.573292
4436,-77.6689,-44.6768,225.521,0.0686213,-0.588442,-0.575925,0.563328
4437,-78.1315,-45.5067,225.833,0.067653,-0.588768,-0.576103,0.562922
4438,-78.7036,-46.3045,226.023,0.067653,-0.588768,-0.576103,0.562922
4439,-79.5422,-45.7799,226.17,0.0749106,-0.583522,-0.570449,0.573131
4440,-79.9732,-46.4501,226.774,0.0734657,-0.585237,-0.564318,0.57762
4441,-80.5349,-47.2322,227.044,0.0719986,-0.585839,-0.5647,0.576821
4442,-81.3281,-46.6789,227.299,0.0841283,-0.580312,-0.557501,0.587668
4443,-81.9432,-47.2987,227.786,0.0881277,-0.580096,-0.558216,0.586616
4444,-82.3626,-48.0203,228.337,0.0907176,-0.579553,-0.558632,0.586361
4445,-81.5832,-48.5975,228.093,0.0991091,-0.569253,-0.557571,0.596023
4446,-81.8373,-49.442,228.565,0.101373,-0.566781,-0.555601,0.599826
4447,-82.3562,-50.1372,229.062,0.0949678,-0.568491,-0.555233,0.599597
4448,-83.0249,-50.6273,229.621,0.0969114,-0.565039,-0.553505,0.604129
4449,-83.4763,-51.343,230.154,0.0975356,-0.564361,-0.553136,0.605
4450,-84.176,-51.7388,230.749,0.100586,-0.560565,-0.550694,0.610234
4451,-84.8089,-52.4076,231.139,0.100586,-0.560565,-0.550694,0.610234
4452,-85.4473,-53.1398,231.377,0.100074,-0.560905,-0.551334,0.609428
4453,-86.0504,-53.7186,231.925,0.103503,-0.559681,-0.54803,0.61295
4454,-86.7807,-54.3194,232.251,0.102378,-0.559255,-0.542601,0.618334
4455,-87.2283,-54.8407,232.977,0.0945844,-0.558838,-0.538162,0.623807
4456,-86.3344,-55.2814,232.894,0.094425,-0.552833,-0.537856,0.629421
4457,-86.8998,-55.5989,233.656,0.0928201,-0.552669,-0.542494,0.625813
4458,-87.5969,-54.8823,233.632,0.0954735,-0.549344,-0.546973,0.624441
4459,-88.2614,-54.3124,233.148,0.100711,-0.544154,-0.558173,0.61822
4460,-89.1494,-54.0763,232.754,0.102922,-0.544304,-0.561415,0.614779
4461,-89.3667,-53.3206,232.136,0.105523,-0.544634,-0.565679,0.610119
4462,-90.0468,-52.5993,232.005,0.106348,-0.545528,-0.573621,0.601704
4463,-90.2502,-51.6281,232.129,0.105551,-0.546827,-0.581739,0.592806
4464,-90.8457,-50.8253,232.1,0.104113,-0.550371,-0.588114,0.583416
4465,-90.7626,-49.8865,231.765,0.109884,-0.551401,-0.590315,0.579147
4466,-91.2455,-49.0997,231.381,0.108506,-0.55469,-0.594641,0.571793
4467,-90.7989,-48.2089,231.466,0.11763,-0.559531,-0.58662,0.573556
4468,-91.08,-47.2605,231.319,0.110234,-0.566129,-0.585847,0.569324
4469,-91.0319,-46.5401,230.627,0.109613,-0.567289,-0.587656,0.566417
4470,-90.8701,-45.7279,230.067,0.109226,-0.571882,-0.592299,0.556959
4471,-90.2675,-46.0203,229.324,0.108718,-0.572192,-0.591825,0.557244
4472,-89.8976,-45.1511,228.996,0.122489,-0.577797,-0.592496,0.547809
4473,-89.5312,-44.3163,228.585,0.128032,-0.584144,-0.597599,0.534096
4474,-88.9478,-44.7322,227.887,0.1275,-0.58422,-0.597454,0.534302
4475,-88.3338,-44.9746,227.136,0.128405,-0.58377,-0.598072,0.533886
4476,-89.2742,-44.665,227.277,-0.139069,0.604036,0.613224,-0.489649
4477,-89.7938,-45.3079,227.839,-0.134339,0.624367,0.619725,-0.456136
4478,-90.7879,-45.2127,227.786,-0.131526,0.624003,0.616114,-0.462303
4479,-90.3396,-45.5647,228.608,-0.113852,0.630586,0.593297,-0.487235
4480,-91.1645,-45.0925,228.919,0.0953609,-0.626803,-0.576882,0.515006
4481,-91.5705,-45.9058,229.335,0.0573264,-0.632449,-0.561243,0.53078
4482,-92.5113,-45.6749,229.584,0.043075,-0.626157,-0.544022,0.556877
4483,-92.7887,-46.2744,230.334,0.0238037,-0.621826,-0.528921,0.577069
4484,-91.8593,-46.5035,230.045,0.0189368,-0.604794,-0.522951,0.600323
4485,-92.5919,-46.6455,230.71,0.0193041,-0.598023,-0.523015,0.607001
4486,-93.2758,-47.2424,231.13,0.026759,-0.597001,-0.525959,0.605178
4487,-93.8494,-47.9286,231.577,0.0332111,-0.600643,-0.534293,0.593849
4488,-94.5521,-48.5484,231.927,0.0371959,-0.60302,-0.537878,0.587938
4489,-95.4068,-48.9086,232.3,0.043232,-0.601104,-0.540273,0.58729
4490,-95.9156,-48.8921,233.161,0.0442247,-0.60135,-0.540805,0.586475
4491,-96.4165,-48.2012,233.682,0.0475336,-0.600893,-0.541685,0.585872
4492,-97.3419,-47.955,233.97,0.0518374,-0.60079,-0.542742,0.584632
4493,-98.0225,-48.256,233.302,0.0518374,-0.60079,-0.542742,0.584632
4494,-98.9866,-47.9994,233.37,0.0518374,-0.60079,-0.542742,0.584632
4495,-99.9355,-47.7632,233.58,0.0535539,-0.602403,-0.545185,0.580531
4496,-100.865,-47.4526,233.381,0.0564851,-0.604359,-0.548722,0.57486
4497,-101.534,-46.731,233.561,0.0570598,-0.603539,-0.550731,0.573742
4498,-102.457,-46.3993,233.753,0.0540117,-0.6012,-0.553547,0.573783
4499,-102.457,-46.3993,233.753,0.0540117,-0.6012,-0.553547,0.573783
4500,-103.454,-46.4731,233.722,0.0508517,-0.599666,-0.552975,0.576224
4501,-103.547,-45.5411,233.372,0.0574206,-0.597705,-0.54597,0.584267
4502,-103.995,-45.5408,232.478,0.0597926,-0.596978,-0.547529,0.583312
4503,-103.545,-44.9167,233.117,0.0662345,-0.600216,-0.54634,0.580402
4504,-104.385,-45.2431,232.685,0.0662345,-0.600216,-0.54634,0.580402
4505,-104.237,-44.6721,233.492,0.066764,-0.601582,-0.545237,0.579965
4506,-105.236,-44.7119,233.515,0.0651359,-0.598359,-0.548904,0.580024
4507,-104.867,-44.6597,234.443,0.0646353,-0.597848,-0.549009,0.580507
4508,-105.788,-45.0266,234.572,0.0646353,-0.597848,-0.549009,0.580507
4509,-106.381,-45.4748,233.903,0.0561466,-0.5905,-0.556283,0.581985
4510,-107.076,-45.8249,233.275,0.0562482,-0.590467,-0.556384,0.581912
4511,-107.364,-44.9854,233.736,0.0597092,-0.597025,-0.550398,0.580567
4512,-107.862,-44.8122,232.886,0.0609397,-0.5958,-0.553145,0.579085
4513,-108.805,-44.4798,232.874,0.0632961,-0.598946,-0.555877,0.572938
4514,-108.367,-43.9349,233.589,0.0702849,-0.603024,-0.555061,0.568621
4515,-108.683,-42.9866,233.558,0.0702849,-0.603024,-0.555061,0.568621
4516,-109.483,-42.3926,233.473,0.0701357,-0.603194,-0.555841,0.567696
4517,-109.637,-41.8264,234.283,0.0650123,-0.607333,-0.553119,0.566551
4518,-109.266,-42.4188,233.568,0.0646037,-0.612443,-0.550681,0.563462
4519,-109.442,-42.2512,232.598,0.0646036,-0.612444,-0.550681,0.563462
4520,-109.877,-41.4839,233.068,0.0656751,-0.613653,-0.550825,0.561879
4521,-109.877,-41.4839,233.068,0.0656751,-0.613653,-0.550825,0.561879
4522,-109.432,-40.932,233.773,0.0656751,-0.613653,-0.550825,0.561879
4523,-110.285,-40.9927,233.255,0.0668242,-0.612676,-0.553445,0.560234
4524,-110.285,-40.9927,233.255,0.0668242,-0.612676,-0.553445,0.560234
4525,-110.619,-41.2023,232.336,0.0666583,-0.612283,-0.553774,0.560357
4526,-111.601,-41.081,232.475,0.0659496,-0.613239,-0.551101,0.562029
4527,-111.601,-41.081,232.475,0.0659496,-0.613239,-0.551101,0.562029
4528,-111.601,-41.081,232.475,0.0659496,-0.613239,-0.551101,0.562029
4529,-111.221,-40.4206,233.122,0.0704891,-0.616363,-0.547141,0.561929
4530,-111.816,-40.6319,232.346,0.0704891,-0.616363,-0.547141,0.561929
4531,-112.791,-40.5622,232.134,0.0688159,-0.617074,-0.544091,0.564313
4532,-113.601,-40.714,231.568,0.0682342,-0.616912,-0.543999,0.56465
4533,-114.55,-40.424,231.696,0.068782,-0.615604,-0.546423,0.563669
4534,-114.55,-40.424,231.696,0.068782,-0.615604,-0.546423,0.563669
4535,-115.54,-40.3906,231.563,0.068782,-0.615604,-0.546423,0.563669
4536,-115.54,-40.3906,231.563,0.068782,-0.615604,-0.546423,0.563669
4537,-115.307,-40.1067,232.493,0.0748295,-0.623468,-0.53899,0.561408
4538,-115.307,-40.1067,232.493,0.0748295,-0.623468,-0.53899,0.561408
4539,-115.118,-39.5107,233.274,0.0816044,-0.627534,-0.535033,0.559715
4540,-115.614,-39.9249,232.511,0.0816044,-0.627534,-0.535033,0.559715
4541,-116.199,-40.0999,231.719,0.0816044,-0.627534,-0.535033,0.559715
4542,-116.704,-40.6359,231.042,0.0729572,-0.621449,-0.542207,0.560793
4543,-116.704,-40.6359,231.042,0.0729572,-0.621449,-0.542207,0.560793
4544,-116.463,-40.1713,231.894,0.0729572,-0.621449,-0.542207,0.560793
4545,-116.07,-39.6027,232.617,0.073243,-0.621068,-0.541573,0.561791
4546,-116.588,-40.0053,231.862,0.073243,-0.621068,-0.541573,0.561791
4547,-117.583,-39.9106,231.878,0.0738517,-0.622021,-0.541116,0.561096
4548,-117.583,-39.9106,231.878,0.0738517,-0.622021,-0.541116,0.561096
4549,-117.583,-39.9106,231.878,0.0738517,-0.622021,-0.541116,0.561096
4550,-118.526,-40.0131,231.56,0.0754847,-0.623529,-0.540475,0.559822
4551,-118.526,-40.0131,231.56,0.0754847,-0.623529,-0.540475,0.559822
4552,-118.246,-39.545,232.398,0.0825298,-0.629658,-0.53509,0.557134
4553,-118.246,-39.545,232.398,0.0825298,-0.629658,-0.53509,0.557134
4554,-118.246,-39.545,232.398,0.0825298,-0.629658,-0.53509,0.557134
4555,-117.886,-38.9449,233.113,0.0932709,-0.636912,-0.527091,0.554814
4556,-118.184,-39.4252,232.288,0.0932709,-0.636912,-0.527091,0.554814
4557,-118.184,-39.4252,232.288,0.0932709,-0.636912,-0.527091,0.554814
4558,-117.497,-38.9957,232.874,0.104014,-0.639178,-0.527955,0.549451
4559,-118.097,-39.2188,232.106,0.104014,-0.639178,-0.527955,0.549451
4560,-118.097,-39.2188,232.106,0.104014,-0.639178,-0.527955,0.549451
4561,-118.525,-38.4632,232.602,0.109957,-0.639343,-0.527194,0.548831
4562,-118.525,-38.4632,232.602,0.109957,-0.639343,-0.527194,0.548831
4563,-119.354,-38.8508,232.199,0.109957,-0.639343,-0.527194,0.548831
4564,-119.707,-39.0944,231.295,0.0929243,-0.627694,-0.530051,0.562504
4565,-120.062,-39.5979,230.508,0.0929243,-0.627694,-0.530051,0.562504
4566,-119.289,-39.2987,231.067,0.096516,-0.629706,-0.529126,0.560519
4567,-119.675,-39.4934,230.165,0.083526,-0.60699,-0.539859,0.577182
4568,-118.832,-39.8479,230.57,0.0822421,-0.606779,-0.533142,0.583794
4569,-119.802,-39.6411,230.694,0.0823354,-0.606659,-0.533145,0.583903
4570,-120.783,-39.759,230.852,0.0873372,-0.609174,-0.532686,0.580969
4571,-120.272,-39.3401,231.603,0.0873372,-0.609174,-0.532686,0.580969
4572,-119.483,-39.9045,231.359,0.0888144,-0.607346,-0.537043,0.578643
4573,-119.483,-39.9045,231.359,0.0888144,-0.607346,-0.537043,0.578643
4574,-119.424,-39.5522,232.293,0.0888144,-0.607346,-0.537043,0.578643
4575,-119.071,-39.1811,233.152,0.107455,-0.616606,-0.532218,0.570083
4576,-118.578,-38.7707,233.919,0.107455,-0.616606,-0.532218,0.570083
4577,-118.578,-38.7707,233.919,0.107455,-0.616606,-0.532218,0.570083
4578,-119.244,-39.4058,234.311,0.107692,-0.615027,-0.534107,0.569977
4579,-120.198,-39.6012,234.541,0.107692,-0.615027,-0.534107,0.569977
4580,-121.168,-39.8286,234.457,0.107692,-0.615027,-0.534107,0.569977
4581,-121.152,-38.9966,233.902,0.138162,-0.570797,-0.536426,0.606093
4582,-121.152,-38.9966,233.902,0.138162,-0.570797,-0.536426,0.606093
4583,-121.152,-38.9966,233.902,0.138162,-0.570797,-0.536426,0.606093
4584,-120.909,-38.7136,234.83,0.196354,-0.60124,-0.518974,0.574997
4585,-121.731,-39.0891,234.402,0.196354,-0.60124,-0.518974,0.574997
4586,-121.735,-38.5094,235.217,0.205169,-0.602829,-0.516173,0.572773
4587,-121.735,-38.5094,235.217,0.205169,-0.602829,-0.516173,0.572773
4588,-121.735,-38.5094,235.217,0.205169,-0.602829,-0.516173,0.572773
4589,-122.151,-38.9349,234.414,0.195762,-0.59778,-0.519606,0.578226
4590,-121.871,-38.4599,235.248,0.195762,-0.59778,-0.519606,0.578226
4591,-121.551,-38.0069,236.08,0.195762,-0.59778,-0.519606,0.578226
4592,-122.524,-38.1326,236.277,0.195936,-0.596273,-0.521928,0.577632
4593,-122.154,-37.7542,237.126,0.195936,-0.596273,-0.521928,0.577632
4594,-122.523,-38.1146,236.269,0.183088,-0.590577,-0.5223,0.587282
4595,-123.174,-38.3413,235.544,0.183088,-0.590577,-0.5223,0.587282
4596,-123.174,-38.3413,235.544,0.183088,-0.590577,-0.5223,0.587282
4597,-124.129,-38.051,235.596,0.184828,-0.58873,-0.519123,0.591394
4598,-124.129,-38.051,235.596,0.184828,-0.58873,-0.519123,0.591394
4599,-124.712,-38.6732,235.074,0.184828,-0.58873,-0.519123,0.591394
4600,-125.663,-38.4708,235.306,0.188605,-0.590778,-0.514922,0.591832
4601,-126.082,-38.8489,234.481,0.188605,-0.590778,-0.514922,0.591832
4602,-126.452,-39.191,233.617,0.188145,-0.590821,-0.514013,0.592725
4603,-127.379,-39.1114,233.25,0.185272,-0.588679,-0.514686,0.595172
4604,-126.956,-38.9695,234.145,0.185831,-0.5899,-0.513445,0.594861
4605,-126.795,-38.7165,235.099,0.184519,-0.590468,-0.511888,0.596046
4606,-127.337,-39.1418,234.374,0.175039,-0.583306,-0.516971,0.601545
4607,-126.563,-38.525,234.226,0.175378,-0.583102,-0.516635,0.601932
4608,-126.319,-37.7908,234.859,0.1764,-0.584026,-0.514827,0.602287
4609,-127.205,-37.4341,235.157,0.175837,-0.583258,-0.514207,0.603724
4610,-127.017,-37.0507,236.061,0.175837,-0.583258,-0.514207,0.603724
4611,-126.217,-37.2607,236.624,0.172831,-0.582155,-0.509281,0.609801
4612,-127.118,-37.6429,236.415,0.173154,-0.581998,-0.509572,0.609617
4613,-127.877,-37.9612,236.982,0.175806,-0.583334,-0.507195,0.609564
4614,-127.877,-37.9612,236.982,0.175806,-0.583334,-0.507195,0.609564
4615,-128.868,-38.0353,236.872,0.175447,-0.58313,-0.506582,0.610371
4616,-127.971,-38.4219,236.66,0.175184,-0.582669,-0.506291,0.611127
4617,-127.971,-38.4219,236.66,0.175184,-0.582669,-0.506291,0.611127
4618,-127.556,-37.9959,237.464,0.175184,-0.582669,-0.506291,0.611127
4619,-127.256,-37.4058,238.213,0.174693,-0.582757,-0.506148,0.611303
4620,-128.093,-36.9732,238.55,0.17411,-0.581203,-0.510142,0.609626
4621,-128.093,-36.9732,238.55,0.17411,-0.581203,-0.510142,0.609626
4622,-128.881,-37.3816,239.01,0.174059,-0.581884,-0.509938,0.609162
4623,-128.881,-37.3816,239.01,0.174059,-0.581884,-0.509938,0.609162
4624,-129.111,-38.1341,238.393,0.174059,-0.581884,-0.509938,0.609162
4625,-129.884,-38.1837,237.761,0.175418,-0.582404,-0.508813,0.609216
4626,-129.884,-38.1837,237.761,0.175418,-0.582404,-0.508813,0.609216
4627,-128.928,-38.4089,237.949,0.176387,-0.583596,-0.50821,0.608298
4628,-129.078,-38.1187,237.004,0.176387,-0.583596,-0.50821,0.608298
4629,-129.078,-38.1187,237.004,0.176387,-0.583596,-0.50821,0.608298
4630,-129.846,-38.3261,236.399,0.179247,-0.586137,-0.506947,0.606068
4631,-130.251,-38.7478,235.587,0.179247,-0.586137,-0.506947,0.606068
4632,-129.846,-38.326,236.399,0.179247,-0.586137,-0.506947,0.606068
4633,-130.295,-38.316,235.505,0.179697,-0.583652,-0.512131,0.603971
4634,-130.15,-37.51,236.079,0.179697,-0.583652,-0.512131,0.603971
4635,-129.266,-37.7428,236.485,0.180513,-0.585305,-0.511079,0.603019
4636,-129.266,-37.7428,236.485,0.180513,-0.585305,-0.511079,0.603019
4637,-129.244,-37.0974,237.248,0.183332,-0.589499,-0.50641,0.602021
4638,-129.244,-37.0974,237.248,0.183332,-0.589499,-0.50641,0.602021
4639,-129.437,-36.2521,236.75,0.183332,-0.589499,-0.50641,0.602021
4640,-129.437,-36.2521,236.75,0.183332,-0.589499,-0.50641,0.602021
4641,-129.447,-35.5689,237.48,0.184456,-0.59239,-0.50269,0.601957
4642,-129.447,-35.5689,237.48,0.184456,-0.59239,-0.50269,0.601957
4643,-129.354,-35.0612,238.337,0.184796,-0.597503,-0.49636,0.602053
4644,-129.354,-35.0612,238.337,0.184796,-0.597503,-0.49636,0.602053
4645,-129.745,-34.4534,237.645,0.184796,-0.597503,-0.49636,0.602053
4646,-130.593,-34.2866,237.143,0.186548,-0.598579,-0.497976,0.599102
4647,-130.593,-34.2866,237.143,0.186548,-0.598579,-0.497976,0.599102
4648,-130.824,-33.4505,237.641,0.186548,-0.598579,-0.497976,0.599102
4649,-131.003,-32.7827,238.363,0.187689,-0.601329,-0.495324,0.598189
4650,-131.003,-32.7827,238.363,0.187689,-0.601329,-0.495324,0.598189
4651,-131.214,-32.2451,237.547,0.187689,-0.601329,-0.495324,0.598189
4652,-132.098,-32.4929,237.943,0.188995,-0.6026,-0.49784,0.594398
4653,-132.468,-32.4752,237.014,0.188995,-0.6026,-0.49784,0.594398
4654,-132.77,-32.8032,236.119,0.174449,-0.596903,-0.501041,0.601858
4655,-132.77,-32.8032,236.119,0.174449,-0.596903,-0.501041,0.601858
4656,-133.019,-32.5646,235.181,0.174449,-0.596903,-0.501041,0.601858
4657,-132.729,-32.9981,234.328,0.172023,-0.598436,-0.498922,0.602793
4658,-132.729,-32.9981,234.328,0.172023,-0.598436,-0.498922,0.602793
4659,-132.729,-32.9981,234.328,0.172023,-0.598436,-0.498922,0.602793
4660,-133.076,-32.3873,235.04,0.169729,-0.606162,-0.494719,0.599177
4661,-133.076,-32.3873,235.04,0.169729,-0.606162,-0.494719,0.599177
4662,-133.774,-32.0016,235.642,0.163646,-0.612004,-0.494566,0.595042
4663,-133.963,-31.9394,234.662,0.163646,-0.612004,-0.494566,0.595042
4664,-133.132,-31.8009,234.124,0.163646,-0.612004,-0.494566,0.595042
4665,-132.885,-31.2206,233.348,0.163646,-0.612004,-0.494566,0.595042
4666,-132.363,-30.4024,233.588,0.175092,-0.615368,-0.486326,0.595107
4667,-132.53,-29.9777,232.698,0.175092,-0.615368,-0.486326,0.595107
4668,-132.53,-29.9777,232.698,0.175092,-0.615368,-0.486326,0.595107
4669,-133.252,-29.3116,232.509,0.177378,-0.616362,-0.488163,0.591889
4670,-133.252,-29.3116,232.509,0.177378,-0.616362,-0.488163,0.591889
4671,-133.368,-28.7193,233.306,0.171028,-0.617678,-0.485777,0.594343
4672,-133.368,-28.7193,233.306,0.171028,-0.617678,-0.485777,0.594343
4673,-133.278,-28.0978,234.084,0.171708,-0.621685,-0.479932,0.594718
4674,-133.278,-28.0978,234.084,0.171708,-0.621685,-0.479932,0.594718
4675,-133.651,-28.5224,233.26,0.171642,-0.620716,-0.480978,0.594904
4676,-133.997,-27.9059,233.967,0.173006,-0.620273,-0.481399,0.594631
4677,-133.997,-27.9059,233.967,0.173006,-0.620273,-0.481399,0.594631
4678,-133.684,-27.0345,234.345,0.175264,-0.621316,-0.478056,0.595576
4679,-134.681,-26.9693,234.374,0.175274,-0.621305,-0.476838,0.59656
4680,-134.681,-26.9693,234.374,0.175274,-0.621305,-0.476838,0.59656
4681,-134.681,-26.9693,234.374,0.175274,-0.621305,-0.476838,0.59656
4682,-135.627,-26.7212,234.584,0.176354,-0.621967,-0.47463,0.597313
4683,-135.627,-26.7212,234.584,0.176354,-0.621967,-0.47463,0.597313
4684,-136.285,-26.0389,234.903,0.176693,-0.620937,-0.477667,0.595862
4685,-136.285,-26.0389,234.903,0.176693,-0.620937,-0.477667,0.595862
4686,-136.285,-26.0389,234.903,0.176693,-0.620937,-0.477667,0.595862
4687,-137.043,-25.5853,235.372,0.180152,-0.621859,-0.477336,0.594127
4688,-137.043,-25.5853,235.372,0.180152,-0.621859,-0.477336,0.594127
4689,-137.043,-25.5853,235.372,0.180152,-0.621859,-0.477336,0.594127
4690,-137.779,-25.0879,235.83,0.182764,-0.621697,-0.47712,0.593672
4691,-137.779,-25.0879,235.83,0.182764,-0.621697,-0.47712,0.593672
4692,-137.779,-25.0879,235.83,0.182764,-0.621697,-0.47712,0.593672
4693,-138.529,-24.4281,235.791,0.186037,-0.6195,-0.481796,0.59117
4694,-139.066,-24.5004,236.632,0.18676,-0.619943,-0.481836,0.590445
4695,-139.984,-24.1262,236.501,0.18851,-0.620261,-0.4824,0.589094
4696,-139.984,-24.1262,236.501,0.18851,-0.620261,-0.4824,0.589094
4697,-140.318,-24.5898,235.681,0.18851,-0.620261,-0.4824,0.589094
4698,-141.059,-23.9201,235.63,0.188342,-0.620202,-0.482671,0.588986
4699,-141.059,-23.9201,235.63,0.188342,-0.620202,-0.482671,0.588986
4700,-141.059,-23.9201,235.63,0.188342,-0.620202,-0.482671,0.588986
4701,-141.063,-23.1068,235.048,0.188082,-0.618527,-0.48141,0.591857
4702,-141.063,-23.1068,235.048,0.188082,-0.618527,-0.48141,0.591857
4703,-141.098,-22.321,235.666,0.188082,-0.618527,-0.48141,0.591857
4704,-141.02,-21.737,234.858,0.182439,-0.615026,-0.4801,0.5983
4705,-140.67,-21.2646,235.667,0.182439,-0.615026,-0.4801,0.5983
4706,-140.67,-21.2646,235.667,0.182439,-0.615026,-0.4801,0.5983
4707,-141.543,-21.5341,236.073,0.182521,-0.616073,-0.479339,0.597808
4708,-141.577,-21.6449,235.08,0.182741,-0.616054,-0.479388,0.59772
4709,-141.577,-21.6449,235.08,0.182741,-0.616054,-0.479388,0.59772
4710,-142.425,-21.1156,235.061,0.18101,-0.616823,-0.47982,0.597107
4711,-142.141,-20.5048,235.8,0.18101,-0.616823,-0.47982,0.597107
4712,-142.841,-19.7916,235.762,0.17785,-0.615333,-0.481949,0.597879
4713,-142.491,-19.0313,236.309,0.17785,-0.615333,-0.481949,0.597879
4714,-142.36,-18.2107,236.865,0.177846,-0.615057,-0.482518,0.597705
4715,-142.089,-19.0636,237.312,0.174334,-0.614772,-0.48543,0.596675
4716,-142.547,-18.1757,237.273,0.174587,-0.61465,-0.485445,0.596715
4717,-142.655,-17.2645,236.876,0.181725,-0.607733,-0.483211,0.603443
4718,-143.018,-17.7315,236.069,0.181725,-0.607733,-0.483211,0.603443
4719,-143.018,-17.7315,236.069,0.181725,-0.607733,-0.483211,0.603443
4720,-143.96,-17.4871,236.295,0.181024,-0.607209,-0.485642,0.602229
4721,-143.96,-17.4871,236.295,0.181024,-0.607209,-0.485642,0.602229
4722,-144.255,-18.0734,237.05,0.179332,-0.605643,-0.481453,0.607651
4723,-144.28,-18.781,237.756,0.171828,-0.614633,-0.474191,0.606502
4724,-144.123,-18.0171,237.13,0.177249,-0.599309,-0.464435,0.627465
4725,-145.063,-18.1147,237.459,0.175656,-0.596491,-0.461232,0.632936
4726,-145.063,-18.1147,237.459,0.175656,-0.596491,-0.461232,0.632936
4727,-144.702,-17.1899,237.58,0.175656,-0.596491,-0.461232,0.632936
4728,-144.887,-16.2987,237.166,0.185984,-0.58371,-0.461451,0.641682
4729,-145.643,-15.664,237.005,0.186595,-0.583746,-0.464086,0.639568
4730,-146.213,-14.8439,236.957,0.186356,-0.583751,-0.464877,0.639059
4731,-146.823,-15.4234,237.497,0.179023,-0.586694,-0.473514,0.63208
4732,-146.783,-14.4245,237.475,0.179555,-0.585846,-0.475001,0.631601
4733,-147.405,-13.6443,237.406,0.1779,-0.586824,-0.477918,0.628955
4734,-148.297,-13.1974,237.481,0.176515,-0.586923,-0.481559,0.62647
4735,-148.643,-12.4883,236.866,0.176515,-0.586923,-0.481559,0.62647
4736,-148.2,-12.0383,236.091,0.175672,-0.585866,-0.479383,0.629359
4737,-149.125,-12.0948,236.467,0.172531,-0.583407,-0.477081,0.634242
4738,-150.063,-11.7736,236.598,0.170716,-0.58018,-0.469778,0.643083
4739,-150.39,-12.462,237.245,0.170716,-0.58018,-0.469778,0.643083
4740,-150.964,-12.7891,237.996,0.170652,-0.580049,-0.469727,0.643256
4741,-151.938,-12.9785,238.117,0.168372,-0.579376,-0.467544,0.646048
4742,-152.676,-12.6378,237.534,0.168372,-0.579376,-0.467544,0.646048
4743,-152.619,-12.1142,238.384,0.169636,-0.582875,-0.463388,0.645563
4744,-153.504,-11.9406,238.818,0.165514,-0.584411,-0.459599,0.647949
4745,-152.884,-11.6903,239.562,0.165514,-0.584411,-0.459599,0.647949
4746,-153.811,-11.3221,239.497,0.166195,-0.582638,-0.467446,0.643744
4747,-154.048,-10.4181,239.142,0.169845,-0.583628,-0.46819,0.64135
4748,-154.693,-9.65428,239.118,0.169845,-0.583628,-0.46819,0.64135
4749,-154.164,-10.4655,239.367,0.167116,-0.583743,-0.472729,0.638626
4750,-154.164,-10.4655,239.367,0.167116,-0.583743,-0.472729,0.638626
4751,-154.952,-9.84992,239.353,0.167479,-0.583416,-0.475238,0.636966
4752,-155.626,-10.2712,239.961,0.166639,-0.584513,-0.475541,0.635954
4753,-156.119,-9.42294,240.155,0.167083,-0.584534,-0.47575,0.635661
4754,-156.815,-10.0092,240.569,0.163817,-0.586887,-0.477507,0.633021
4755,-157.759,-10.2811,240.754,0.163336,-0.586735,-0.476718,0.63388
4756,-158.417,-10.0898,241.482,0.163491,-0.586513,-0.476629,0.634111
4757,-159.318,-9.75965,241.765,0.1609,-0.584756,-0.473847,0.638468
4758,-160.218,-9.83136,242.194,0.158515,-0.582941,-0.472553,0.641674
4759,-160.051,-10.6161,242.792,0.156142,-0.58567,-0.471425,0.6406
4760,-160.941,-10.2909,243.111,0.152298,-0.584765,-0.470758,0.642839
4761,-160.688,-9.81064,243.951,0.153755,-0.588101,-0.466503,0.642551
4762,-161.579,-9.38747,244.117,0.150367,-0.588737,-0.465335,0.643617
4763,-162.462,-8.91791,244.103,0.149264,-0.589402,-0.466617,0.642335
4764,-163.431,-8.84423,243.867,0.149981,-0.590772,-0.46742,0.640322
4765,-163.431,-8.84423,243.867,0.149981,-0.590772,-0.46742,0.640322
4766,-163.024,-8.08068,244.368,0.150945,-0.59152,-0.46571,0.640651
4767,-162.724,-7.37448,245.01,0.156622,-0.594614,-0.461801,0.639252
4768,-163.657,-7.08548,245.223,0.157257,-0.59659,-0.461002,0.637831
4769,-163.499,-6.15258,245.546,0.157187,-0.596895,-0.459842,0.6384
4770,-163.243,-5.30532,246.012,0.160341,-0.599197,-0.453292,0.640141
4771,-163.775,-4.50323,245.741,0.159398,-0.598011,-0.451919,0.642452
4772,-164.56,-3.88449,245.699,0.159398,-0.598011,-0.451919,0.642452
4773,-164.629,-3.2256,246.448,0.161056,-0.598842,-0.451735,0.641393
4774,-164.201,-3.02418,247.329,0.162675,-0.599902,-0.451191,0.640376
4775,-164.785,-3.07136,246.519,0.16338,-0.599375,-0.451981,0.640133
4776,-165.78,-3.16514,246.507,0.16972,-0.600293,-0.456829,0.634154
4777,-166.408,-2.41365,246.305,0.172055,-0.599384,-0.459616,0.632368
4778,-167.348,-2.11981,246.478,0.173516,-0.600461,-0.461754,0.629382
4779,-167.889,-1.28097,246.411,0.173516,-0.600461,-0.461754,0.629382
4780,-168.855,-1.03759,246.33,0.173369,-0.601016,-0.462817,0.628111
4781,-169.833,-0.832271,246.375,0.172053,-0.600572,-0.464822,0.627417
4782,-169.833,-0.832271,246.375,0.172053,-0.600572,-0.464822,0.627417
4783,-170.799,-0.576438,246.355,0.17085,-0.601952,-0.467429,0.624479
4784,-171.781,-0.44563,246.495,0.166837,-0.601185,-0.468101,0.625798
4785,-172.767,-0.354899,246.63,0.166676,-0.602078,-0.46413,0.627937
4786,-172.737,-0.0800503,247.591,0.167311,-0.602525,-0.464116,0.627349
4787,-173.699,-0.00718282,247.331,0.168165,-0.602513,-0.46619,0.625593
4788,-174.563,-0.510765,247.333,0.165758,-0.603159,-0.467704,0.62448
4789,-174.692,-1.02157,246.483,0.165277,-0.602725,-0.468781,0.62422
4790,-175.582,-1.16517,246.049,0.166489,-0.602848,-0.471,0.622105
4791,-176.355,-1.20388,245.417,0.166489,-0.602848,-0.471,0.622105
4792,-177.171,-1.45715,244.897,0.168655,-0.602931,-0.47313,0.619821
4793,-177.842,-1.42361,244.156,0.168814,-0.603333,-0.472463,0.619895
4794,-178.4,-1.44682,243.326,0.168884,-0.603823,-0.47182,0.619889
4795,-178.781,-1.94455,242.547,0.168884,-0.603823,-0.47182,0.619889
4796,-179.353,-2.33695,241.827,0.163164,-0.601768,-0.478094,0.61861
4797,-179.717,-2.44161,240.902,0.163164,-0.601768,-0.478094,0.61861
4798,-179.554,-1.88133,241.714,0.170946,-0.606442,-0.474906,0.614386
4799,-180.191,-2.0459,240.96,0.170946,-0.606442,-0.474906,0.614386
4800,-180.567,-2.53639,240.174,0.170946,-0.606442,-0.474906,0.614386
4801,-180.251,-1.94488,240.916,0.174003,-0.609334,-0.469941,0.614484
4802,-180.251,-1.94488,240.916,0.174003,-0.609334,-0.469941,0.614484
4803,-180.109,-2.80656,240.429,0.174003,-0.609334,-0.469941,0.614484
4804,-180.189,-2.10258,241.135,0.178878,-0.612243,-0.465197,0.613801
4805,-180.541,-2.60576,240.345,0.178878,-0.612243,-0.465197,0.613801
4806,-181.22,-2.94048,239.693,0.179054,-0.612694,-0.464082,0.614145
4807,-181.557,-2.31178,240.394,0.179627,-0.613632,-0.463134,0.613757
4808,-181.557,-2.31178,240.394,0.179627,-0.613632,-0.463134,0.613757
4809,-182.547,-2.26791,240.528,0.180831,-0.615241,-0.464353,0.610865
4810,-182.547,-2.26791,240.528,0.180831,-0.615241,-0.464353,0.610865
4811,-183.504,-1.97913,240.492,0.180831,-0.615241,-0.464353,0.610865
4812,-184.484,-1.78509,240.473,0.179897,-0.615408,-0.464265,0.611038
4813,-184.484,-1.78509,240.473,0.179897,-0.615408,-0.464265,0.611038
4814,-185.168,-1.24762,240.967,0.179897,-0.615408,-0.464265,0.611038
4815,-185.081,-0.875117,241.891,0.185747,-0.620628,-0.459737,0.607421
4816,-185.956,-0.90086,241.409,0.185747,-0.620628,-0.459737,0.607421
4817,-186.939,-0.717924,241.447,0.188768,-0.621409,-0.462621,0.603489
4818,-187.098,0.118705,241.972,0.188771,-0.621446,-0.462557,0.603499
4819,-187.709,0.860037,242.249,0.18909,-0.621496,-0.462617,0.603302
4820,-188.671,0.956151,242.502,0.189057,-0.621521,-0.462632,0.603275
4821,-188.671,0.956151,242.502,0.189057,-0.621521,-0.462632,0.603275
4822,-189.651,1.04272,242.32,0.190372,-0.619695,-0.464387,0.603391
4823,-189.651,1.04272,242.32,0.190372,-0.619695,-0.464387,0.603391
4824,-190.576,0.704501,242.495,0.190372,-0.619695,-0.464387,0.603391
4825,-191.271,0.52425,241.799,0.190372,-0.619695,-0.464387,0.603391
4826,-192.267,0.564838,241.873,0.192838,-0.620148,-0.468288,0.599113
4827,-192.938,0.278445,242.557,0.195653,-0.622622,-0.470045,0.594238
4828,-193.852,0.670414,242.455,0.198315,-0.627398,-0.474501,0.584716
4829,-194.203,1.57199,242.202,0.198315,-0.627398,-0.474501,0.584716
4830,-194.799,1.20676,242.918,0.200336,-0.63006,-0.475829,0.580066
4831,-194.322,2.00042,243.296,0.21399,-0.63291,-0.471315,0.575756
4832,-194.989,1.82262,244.02,0.21495,-0.633193,-0.47174,0.574739
4833,-194.1,1.71998,244.467,0.214445,-0.633543,-0.471021,0.575131
4834,-194.189,2.30408,245.274,0.213624,-0.633276,-0.470829,0.575888
4835,-195.008,1.96744,244.809,0.213626,-0.633277,-0.470819,0.575893
4836,-195.415,1.18568,244.337,0.213626,-0.633277,-0.470819,0.575893
4837,-195.628,1.3523,245.3,0.221666,-0.639025,-0.463773,0.572211
4838,-196.207,0.53669,245.292,0.221666,-0.639025,-0.463773,0.572211
4839,-197.118,0.930289,245.174,0.224256,-0.63819,-0.463163,0.572628
4840,-197.371,0.459675,244.329,0.224256,-0.63819,-0.463163,0.572628
4841,-198.281,0.864343,244.42,0.225208,-0.638154,-0.464025,0.571596
4842,-198.281,0.864343,244.42,0.225208,-0.638154,-0.464025,0.571596
4843,-198.988,0.621506,243.757,0.225208,-0.638154,-0.464025,0.571596
4844,-199.739,0.793722,243.119,0.225986,-0.638057,-0.46505,0.570562
4845,-200.534,1.35998,242.902,0.229363,-0.637877,-0.467067,0.567763
4846,-201.161,1.41517,242.126,0.229363,-0.637877,-0.467067,0.567763
4847,-201.151,1.67839,241.161,0.229363,-0.637877,-0.467067,0.567763
4848,-202.014,2.18128,241.203,0.230629,-0.641814,-0.470231,0.56015
4849,-202.151,1.45084,241.872,0.230251,-0.650247,-0.477151,0.544509
4850,-202.207,2.18742,241.198,0.236146,-0.646547,-0.481989,0.542124
4851,-202.225,2.90294,240.5,0.245207,-0.634378,-0.48924,0.545969
4852,-202.3,3.59167,239.779,0.24969,-0.631447,-0.499353,0.538123
4853,-202.348,4.31482,239.09,0.254426,-0.623442,-0.508517,0.536654
4854,-202.347,5.06846,238.432,0.257664,-0.613662,-0.51674,0.538524
4855,-201.764,5.80388,238.087,0.258377,-0.612985,-0.516333,0.539343
4856,-202.114,5.5615,237.183,0.244333,-0.609206,-0.524806,0.541986
4857,-202.367,6.10021,237.986,0.235466,-0.617843,-0.516224,0.544369
4858,-202.726,5.91359,237.072,0.226643,-0.626012,-0.502947,0.551169
4859,-202.677,6.32638,237.981,0.226723,-0.632936,-0.488967,0.555787
4860,-203.546,6.20564,237.501,0.227559,-0.635712,-0.481331,0.558935
4861,-203.949,6.01508,236.606,0.23104,-0.635141,-0.481027,0.558417
4862,-203.728,5.62777,237.501,0.23852,-0.646979,-0.470279,0.550785
4863,-204.611,6.06125,237.681,0.240462,-0.646057,-0.470415,0.550907
4864,-204.611,6.06125,237.681,0.240462,-0.646057,-0.470415,0.550907
4865,-204.399,5.48368,238.47,0.240462,-0.646057,-0.470415,0.550907
4866,-204.654,6.32167,238.952,0.240866,-0.645234,-0.471717,0.550581
4867,-205.568,6.72615,238.974,0.231737,-0.645566,-0.478548,0.54821
4868,-206.286,7.36594,238.698,0.231407,-0.644829,-0.484419,0.544045
4869,-207.06,7.79121,238.229,0.232069,-0.643603,-0.493512,0.536997
4870,-207.72,8.46549,237.899,0.237635,-0.642686,-0.498573,0.530952
4871,-207.502,8.9701,238.734,0.238776,-0.643824,-0.497184,0.530363
4872,-208.112,9.60198,238.256,0.239905,-0.642639,-0.498585,0.529976
4873,-207.92,9.86657,239.201,0.241546,-0.646248,-0.494779,0.528405
4874,-207.92,10.335,240.085,0.241345,-0.646618,-0.494222,0.528566
4875,-208.8,10.8047,240.013,0.241664,-0.644726,-0.497528,0.52763
4876,-208.586,11.1928,240.909,0.241664,-0.644726,-0.497528,0.52763
4877,-208.982,10.9104,241.783,0.243897,-0.647261,-0.497004,0.52398
4878,-209.343,10.2998,242.488,0.242134,-0.65177,-0.493598,0.522425
4879,-209.778,10.0778,243.36,0.246033,-0.657297,-0.485908,0.520885
4880,-210.689,10.0686,243.772,0.252642,-0.659429,-0.481022,0.519561
4881,-210.551,11.0287,243.53,0.26234,-0.65945,-0.471778,0.523191
4882,-211.282,10.6547,244.1,0.266652,-0.662904,-0.468084,0.519954
4883,-212.217,10.4637,244.4,0.268777,-0.662662,-0.466786,0.520335
4884,-212.399,11.4057,244.118,0.270744,-0.66192,-0.462139,0.524392
4885,-213.282,11.0186,244.381,0.27041,-0.662294,-0.461635,0.524537
4886,-214.27,11.127,244.496,0.27147,-0.661072,-0.459636,0.527278
4887,-214.219,12.0282,244.066,0.274703,-0.656895,-0.455817,0.534096
4888,-214.715,12.7804,243.632,0.276874,-0.654352,-0.452124,0.53921
4889,-214.821,13.5415,242.992,0.277477,-0.650847,-0.452211,0.543056
4890,-214.341,12.9051,243.596,0.277477,-0.650846,-0.452211,0.543057
4891,-214.953,13.2071,244.327,0.278727,-0.64989,-0.453128,0.542797
4892,-214.22,12.9072,244.938,0.280649,-0.647509,-0.455329,0.54281
4893,-215.153,12.697,245.233,0.283268,-0.645393,-0.457822,0.541872
4894,-215.296,12.0847,246.01,0.286175,-0.647944,-0.458119,0.537029
4895,-215.711,11.5038,246.711,0.285908,-0.647433,-0.457851,0.538014
4896,-215.999,10.6217,247.083,0.284797,-0.648475,-0.458084,0.53715
4897,-215.851,9.9251,247.785,0.285016,-0.646952,-0.45251,0.543556
4898,-216.327,9.57122,248.59,0.278788,-0.645343,-0.449036,0.551521
4899,-217.193,9.24579,248.969,0.275203,-0.646674,-0.445648,0.554502
4900,-217.263,10.0472,248.375,0.270525,-0.640735,-0.443491,0.565323
4901,-217.949,10.6944,248.043,0.270187,-0.640853,-0.441967,0.566544
4902,-218.51,11.3228,247.504,0.267817,-0.640307,-0.442477,0.567887
4903,-218.936,12.2263,247.453,0.267976,-0.640133,-0.443036,0.567572
4904,-219.6,12.9696,247.376,0.265073,-0.643058,-0.44187,0.566537
4905,-220.52,13.3447,247.263,0.259969,-0.645739,-0.443044,0.564933
4906,-220.839,14.2612,247.021,0.259888,-0.645758,-0.442966,0.565009
4907,-220.978,14.8186,246.203,0.263438,-0.640848,-0.448406,0.564664
4908,-221.67,15.5042,246.43,0.260416,-0.648171,-0.447772,0.558174
4909,-221.429,16.0305,245.614,0.263217,-0.649415,-0.451234,0.552598
4910,-221.475,16.6057,244.798,0.267597,-0.64087,-0.459769,0.553435
4911,-221.347,17.2454,244.04,0.269738,-0.635039,-0.465105,0.554657
4912,-221.52,18.0449,243.465,0.270115,-0.634643,-0.468864,0.551754
4913,-221.895,18.7874,242.91,0.269782,-0.637081,-0.473039,0.545508
4914,-221.772,19.7082,242.539,0.272963,-0.635734,-0.471222,0.547068
4915,-221.902,20.5325,241.989,0.270494,-0.636639,-0.470302,0.548032
4916,-221.89,21.1596,241.21,0.26978,-0.631372,-0.468632,0.555853
4917,-222,22.0631,240.795,0.270796,-0.633039,-0.461859,0.559122
4918,-221.913,22.6743,240.009,0.269213,-0.630789,-0.458105,0.565481
4919,-222.153,23.4447,239.418,0.268927,-0.631154,-0.455898,0.566992
4920,-222.143,24.2039,238.767,0.269905,-0.630069,-0.453787,0.569422
4921,-222.128,24.9607,238.114,0.269765,-0.627624,-0.450574,0.574716
4922,-222.925,25.5638,238.071,0.265462,-0.632063,-0.449448,0.572734
4923,-223.031,26.4431,237.607,0.265623,-0.631805,-0.449137,0.573186
4924,-222.935,27.3265,237.148,0.264752,-0.632987,-0.449658,0.571876
4925,-223.018,28.2208,236.708,0.264244,-0.633711,-0.450769,0.570433
4926,-223.396,29.0707,237.075,0.260401,-0.637021,-0.449107,0.569823
4927,-224.096,29.7466,237.307,0.254933,-0.642487,-0.451104,0.564557
4928,-224.707,30.4981,237.059,0.253725,-0.645242,-0.453263,0.560213
4929,-224.952,31.0865,236.288,0.253648,-0.643663,-0.45582,0.55999
4930,-224.931,31.3849,235.334,0.247922,-0.643709,-0.452504,0.565167
4931,-224.897,32.0081,234.553,0.245291,-0.647501,-0.444503,0.568324
4932,-224.756,32.9002,234.123,0.242878,-0.649663,-0.434195,0.574824
4933,-223.805,32.6668,233.921,0.235409,-0.655506,-0.428944,0.57524
4934,-223.623,33.3701,233.234,0.236013,-0.651878,-0.426716,0.580746
4935,-223.543,34.2402,232.748,0.236688,-0.650848,-0.425743,0.582339
4936,-223.937,35.0716,233.139,0.232868,-0.656645,-0.419275,0.582063
4937,-224.519,35.8498,232.904,0.232873,-0.655739,-0.423104,0.580309
4938,-224.713,36.4912,232.162,0.23291,-0.655631,-0.423344,0.580242
4939,-225.451,37.156,232.045,0.228342,-0.662175,-0.418239,0.578326
4940,-225.147,38.1034,231.943,0.229398,-0.661775,-0.416574,0.579566
4941,-225.249,38.4196,231,0.225968,-0.65865,-0.417243,0.583975
4942,-225.466,38.7232,230.072,0.225304,-0.654072,-0.417962,0.588842
4943,-225.506,38.8302,229.079,0.221002,-0.650981,-0.416954,0.594584
4944,-226.356,39.3227,228.894,0.220005,-0.65412,-0.415269,0.592686
4945,-226.254,39.1029,229.865,0.219832,-0.656022,-0.414164,0.59142
4946,-226.669,39.8137,229.297,0.219832,-0.656022,-0.414164,0.59142
4947,-226.842,40.4923,228.583,0.221076,-0.655643,-0.416575,0.589681
4948,-227.346,41.3548,228.539,0.221423,-0.655236,-0.41811,0.588916
4949,-227.298,42.3248,228.777,0.226368,-0.654935,-0.414606,0.589847
4950,-228.193,42.685,228.513,0.224237,-0.657697,-0.417605,0.585456
4951,-228.925,43.3523,228.38,0.222506,-0.658633,-0.419327,0.583831
4952,-229.598,44.0595,228.162,0.222972,-0.658044,-0.422339,0.582144
4953,-228.715,43.6039,228.049,0.221559,-0.662217,-0.420579,0.579217
4954,-229.519,44.1985,228.047,0.219942,-0.664339,-0.417431,0.579681
4955,-230.175,44.8613,227.686,0.216102,-0.663371,-0.420823,0.579782
4956,-230.16,45.8239,227.957,0.216781,-0.663751,-0.418612,0.580693
4957,-231.011,46.269,227.676,0.215383,-0.663764,-0.423747,0.577465
4958,-231.348,46.7882,226.891,0.215255,-0.662068,-0.429404,0.575277
4959,-231.486,47.5183,226.222,0.217458,-0.657204,-0.434022,0.576559
4960,-232.161,48.1608,225.859,0.215933,-0.655259,-0.439418,0.575257
4961,-232.993,48.7132,225.815,0.215579,-0.659378,-0.437421,0.572197
4962,-233.223,49.5774,225.367,0.217563,-0.657124,-0.432605,0.577675
4963,-233.86,50.3164,225.148,0.213125,-0.661007,-0.425609,0.58009
4964,-233.97,51.1853,224.665,0.209949,-0.6624,-0.418678,0.584685
4965,-234.103,52.059,224.197,0.204734,-0.664071,-0.418385,0.584848
4966,-233.952,53.0426,224.296,0.20871,-0.66587,-0.411963,0.585955
4967,-234.466,53.8894,224.16,0.20811,-0.667862,-0.415692,0.58125
4968,-234.439,54.4742,223.349,0.21005,-0.663714,-0.421143,0.581378
4969,-235.217,55.0969,223.263,0.212792,-0.664073,-0.434797,0.569805
4970,-235.637,55.8362,222.736,0.227781,-0.659754,-0.450527,0.556655
4971,-235.759,56.6649,222.19,0.229748,-0.65692,-0.451748,0.558207
4972,-236.508,57.3231,222.27,0.223778,-0.664019,-0.4438,0.558609
4973,-236.707,57.9175,221.491,0.215781,-0.665741,-0.434877,0.566666
4974,-237.127,58.685,221.006,0.209007,-0.669055,-0.422335,0.574731
4975,-237.381,59.0663,220.117,0.20475,-0.670515,-0.415791,0.579315
4976,-238.279,59.4201,219.856,0.200883,-0.671297,-0.412049,0.582428
4977,-238.882,58.8126,220.374,0.196087,-0.671889,-0.412858,0.582807
4978,-239.524,59.3805,219.859,0.193305,-0.667509,-0.417078,0.585757
4979,-239.588,60.0613,220.588,0.19361,-0.669597,-0.412214,0.586715
4980,-240.275,60.4343,219.965,0.194119,-0.671303,-0.4082,0.587404
4981,-240.363,61.2016,220.6,0.19614,-0.674343,-0.402414,0.587242
4982,-240.247,61.7527,221.426,0.19544,-0.676481,-0.398955,0.587377
4983,-241.058,62.1751,221.02,0.193601,-0.674562,-0.401746,0.58829
4984,-241.027,62.6579,221.895,0.194483,-0.677263,-0.398084,0.587385
4985,-240.926,63.331,222.628,0.195705,-0.681008,-0.390001,0.58807
4986,-241.085,64.1871,223.12,0.19794,-0.684512,-0.382811,0.587979
4987,-240.959,63.468,222.437,0.19864,-0.689629,-0.374252,0.587273
4988,-241.251,62.8532,221.704,0.195625,-0.689967,-0.374518,0.587719
4989,-240.915,62.2851,222.455,0.195929,-0.695989,-0.367711,0.584807
4990,-241.282,63.1161,222.874,0.19652,-0.701402,-0.35803,0.584148
4991,-242.101,63.5893,222.55,0.198292,-0.704601,-0.355445,0.581272
4992,-242.234,64.1431,221.728,0.201763,-0.707758,-0.353334,0.577517
4993,-242.117,63.8408,220.782,0.203197,-0.710924,-0.345119,0.578092
4994,-241.949,63.2779,219.973,0.203504,-0.714211,-0.338555,0.577814
4995,-242.676,63.4724,219.314,0.202918,-0.716561,-0.333132,0.578262
4996,-243.344,63.0479,219.924,0.200176,-0.720433,-0.32914,0.576691
4997,-242.695,62.6379,220.565,0.200071,-0.723589,-0.322199,0.576697
4998,-242.777,61.9256,219.868,0.200071,-0.723589,-0.322199,0.576697
4999,-243.375,62.444,219.257,0.199723,-0.724236,-0.320875,0.576742
5000,-244.009,62.9132,218.643,0.200382,-0.724678,-0.31958,0.576677
5001,-243.367,62.9772,219.406,0.200624,-0.724911,-0.319045,0.576598
5002,-243.969,63.718,219.109,0.201347,-0.724631,-0.319262,0.576577
5003,-244.922,63.9214,218.882,0.205983,-0.730293,-0.324356,0.564832
5004,-244.681,63.8645,217.913,0.205983,-0.730293,-0.324356,0.564832
5005,-244.432,64.7198,217.459,0.213707,-0.728665,-0.323694,0.564445
5006,-244.795,65.6514,217.44,0.213707,-0.728665,-0.323694,0.564445
5007,-245.314,66.3356,216.927,0.214135,-0.728263,-0.324672,0.56424
5008,-245.901,66.944,216.394,0.214007,-0.729406,-0.324179,0.563095
5009,-246.434,67.2024,215.588,0.214007,-0.729406,-0.324179,0.563095
5010,-246.801,67.3088,214.664,0.214007,-0.729406,-0.324178,0.563095
5011,-246.804,67.639,213.72,0.215566,-0.730188,-0.321574,0.562981
5012,-246.822,67.5996,212.721,0.215566,-0.730188,-0.321574,0.562981
5013,-247.245,67.8001,211.837,0.214952,-0.732547,-0.316955,0.56277
5014,-247.089,68.2946,210.982,0.215498,-0.733025,-0.313162,0.56406
5015,-246.375,67.5964,211.037,0.214466,-0.733402,-0.312854,0.564134
5016,-247.269,67.3448,211.409,0.20988,-0.735525,-0.312573,0.563251
5017,-247.312,66.6283,210.713,0.20988,-0.735525,-0.312573,0.563251
5018,-247.292,67.6252,210.79,0.210207,-0.735634,-0.311334,0.563673
5019,-247.441,68.6138,210.81,0.212296,-0.736558,-0.314474,0.559928
5020,-248.065,69.2124,210.309,0.21272,-0.738109,-0.326874,0.550544
5021,-247.927,70.1406,209.963,0.22432,-0.736279,-0.325712,0.549078
5022,-247.852,70.9743,209.416,0.224193,-0.736769,-0.333404,0.54383
5023,-247.951,71.7384,208.779,0.223504,-0.737987,-0.338892,0.539048
5024,-248.696,72.2364,208.336,0.218778,-0.741099,-0.343665,0.533669
5025,-248.812,73.1417,207.927,0.217829,-0.741106,-0.343919,0.533884
5026,-249.699,73.3858,207.535,0.214295,-0.744937,-0.3484,0.527034
5027,-250.02,74.1955,207.043,0.211433,-0.745307,-0.348043,0.527901
5028,-250.038,75.0271,206.488,0.208457,-0.745324,-0.34729,0.529553
5029,-249.937,74.9659,205.495,0.19827,-0.739693,-0.356611,0.535137
5030,-249.501,75.7674,205.085,0.198185,-0.739426,-0.356134,0.535854
5031,-250.274,76.1339,204.568,0.194142,-0.741747,-0.357484,0.533221
5032,-250.089,77.1107,204.46,0.198516,-0.743029,-0.348009,0.536087
5033,-249.653,77.8043,203.886,0.196441,-0.743755,-0.348113,0.535777
5034,-250.595,77.9047,203.566,0.194564,-0.751872,-0.36185,0.515653
5035,-251.495,78.0851,203.167,0.19177,-0.754438,-0.368437,0.508234
5036,-251.659,78.9135,202.632,0.189059,-0.755143,-0.372721,0.505068
5037,-251.374,79.8199,202.32,0.195444,-0.755642,-0.373806,0.501075
5038,-252.04,80.1514,201.652,-0.199467,0.756966,0.382289,-0.49099
5039,-252.123,80.9283,201.028,-0.200632,0.757525,0.386693,-0.486181
5040,-252.246,81.7731,200.507,-0.200632,0.757525,0.386693,-0.486181
5041,-252.045,82.697,200.182,-0.208844,0.757564,0.38214,-0.486261
5042,-252.762,82.9846,199.547,-0.214696,0.758442,0.391175,-0.475029
5043,-253.631,83.2545,199.13,-0.226412,0.761485,0.399353,-0.457598
5044,-253.615,83.1081,198.141,-0.227519,0.751444,0.421489,-0.453777
5045,-253.163,83.8831,197.7,-0.231497,0.753281,0.421533,-0.44865
5046,-253.481,83.6396,196.784,-0.225505,0.752929,0.430898,-0.443364
5047,-252.976,84.3613,196.31,-0.225505,0.752929,0.430898,-0.443364
5048,-252.516,83.6174,195.825,-0.206574,0.760371,0.424443,-0.446106
5049,-252.761,83.5897,194.856,-0.197778,0.760932,0.425435,-0.448187
5050,-251.772,83.7362,194.846,-0.197823,0.760999,0.425475,-0.448016
5051,-251.61,84.6188,195.287,-0.198236,0.761218,0.425017,-0.447895
5052,-252.413,85.2136,195.316,-0.192032,0.759536,0.426217,-0.452292
5053,-252.7,85.5469,196.214,-0.194837,0.766217,0.413061,-0.45203
5054,-253.469,85.8087,195.632,-0.187311,0.763091,0.410826,-0.462416
5055,-254.44,85.9254,195.424,-0.182539,0.760962,0.41413,-0.46488
5056,-255.178,85.8343,194.755,-0.183733,0.758731,0.420264,-0.462544
5057,-256.026,85.8574,194.225,-0.187762,0.758104,0.424893,-0.4577
5058,-256.262,86.569,194.887,-0.192826,0.757994,0.429196,-0.451724
5059,-256.826,87.3385,195.188,-0.1955,0.760588,0.432011,-0.443454
5060,-256.591,88.182,195.671,-0.207129,0.761456,0.432169,-0.436476
5061,-256.905,87.8594,194.778,-0.20959,0.752172,0.458676,-0.424177
5062,-257.591,88.1272,194.101,-0.213379,0.750677,0.467766,-0.414907
5063,-257.466,87.8616,193.145,-0.211391,0.743725,0.483395,-0.410509
5064,-257.307,87.7784,192.162,-0.209178,0.737875,0.495324,-0.407969
5065,-257.937,88.1866,191.502,-0.211807,0.742608,0.499658,-0.392445
5066,-257.871,88.0729,190.51,-0.205457,0.741505,0.503906,-0.392475
5067,-258.061,88.0448,189.529,-0.204129,0.741627,0.505103,-0.391397
5068,-258.326,87.9712,188.568,-0.203139,0.743689,0.503279,-0.390349
5069,-258.522,87.6707,187.634,-0.199467,0.742179,0.506034,-0.391552
5070,-258.654,87.4395,186.67,-0.197649,0.740617,0.507818,-0.393118
5071,-258.757,87.8727,187.566,-0.20591,0.746453,0.49779,-0.390659
5072,-259.214,87.5056,186.755,-0.205322,0.746784,0.496688,-0.391737
5073,-259.786,87.5293,185.935,-0.20812,0.751787,0.48683,-0.393064
5074,-259.994,87.4024,184.965,-0.213924,0.754514,0.483286,-0.389075
5075,-259.057,87.4483,185.311,-0.220359,0.758412,0.479905,-0.382026
5076,-259.585,87.5255,184.465,-0.222403,0.757829,0.48535,-0.375057
5077,-260.073,88.1832,183.892,-0.222165,0.754117,0.495966,-0.368739
5078,-260.043,89.1568,184.118,-0.221443,0.754242,0.496314,-0.368449
5079,-260.43,89.8025,183.46,-0.216819,0.751607,0.504136,-0.365956
5080,-261.216,90.4202,183.463,-0.212273,0.752911,0.505887,-0.363515
5081,-261.332,91.1746,182.816,-0.210192,0.755682,0.504883,-0.360356
5082,-262.016,91.7278,182.34,-0.209808,0.764684,0.502081,-0.345187
5083,-262.796,92.1936,181.924,-0.207761,0.771474,0.502993,-0.329637
5084,-262.53,93.1556,181.865,-0.206833,0.773248,0.501005,-0.329093
5085,-262.42,94.1136,181.6,-0.203036,0.773099,0.506082,-0.323999
5086,-262.061,95.0301,181.423,-0.201187,0.772958,0.506863,-0.324268
5087,-262.579,95.7297,180.931,-0.191718,0.778661,0.513677,-0.305068
5088,-262.064,96.5119,180.581,-0.193658,0.779333,0.514685,-0.300395
5089,-261.859,97.3999,180.169,-0.196446,0.778873,0.516813,-0.296093
5090,-262.091,98.3716,180.124,-0.197588,0.788272,0.508559,-0.284523
5091,-261.466,98.1782,180.88,-0.209418,0.791946,0.508865,-0.264617
5092,-261.911,98.6049,180.093,-0.214948,0.792019,0.511258,-0.255182
5093,-262.433,99.136,179.425,-0.221155,0.792804,0.514096,-0.241368
5094,-262.773,99.6073,178.611,-0.230509,0.797622,0.514066,-0.215408
5095,-263.192,100.122,177.863,-0.233182,0.800809,0.513534,-0.201531
5096,-263.45,100.757,178.592,-0.233702,0.801231,0.512845,-0.201002
5097,-264.081,101.294,179.152,-0.233727,0.803462,0.509656,-0.200177
5098,-264.901,101.642,179.606,-0.23184,0.806611,0.505265,-0.200839
5099,-264.789,101.702,180.598,-0.232482,0.806642,0.505085,-0.200425
5100,-264.976,101.478,179.642,-0.231353,0.807889,0.503658,-0.200299
5101,-265.378,102.183,180.226,-0.236126,0.810766,0.497821,-0.19768
5102,-265.712,102.611,181.065,-0.236126,0.810766,0.497821,-0.19768
5103,-265.898,103.004,181.966,-0.236126,0.810766,0.497821,-0.19768
5104,-266.468,103.484,181.299,-0.234705,0.811547,0.496354,-0.199846
5105,-266.801,103.315,180.372,-0.234662,0.811538,0.496388,-0.199844
5106,-267.474,103.478,181.093,-0.235198,0.815477,0.490748,-0.197093
5107,-267.667,103.617,180.122,-0.235198,0.815477,0.490748,-0.197093
5108,-267.071,103.568,179.321,-0.235658,0.815865,0.490159,-0.196402
5109,-267.378,104.102,178.533,-0.239284,0.816994,0.489484,-0.18886
5110,-267.281,103.815,177.58,-0.236286,0.816495,0.491403,-0.189812
5111,-267.509,104.255,178.448,-0.241925,0.821971,0.481566,-0.184204
5112,-267.363,103.851,177.545,-0.241925,0.821971,0.481566,-0.184204
5113,-267.142,103.43,176.666,-0.241928,0.82197,0.481566,-0.184204
5114,-267.388,103.862,177.533,-0.245367,0.825368,0.475368,-0.180522
5115,-267.524,104.732,178.008,-0.245367,0.825368,0.475368,-0.180522
5116,-266.824,105.022,177.356,-0.245281,0.825181,0.475473,-0.181216
5117,-267.264,105.689,176.755,-0.245919,0.824192,0.481097,-0.169637
5118,-266.82,106.545,176.488,-0.245914,0.824138,0.481326,-0.169257
5119,-265.984,107.09,176.439,-0.245736,0.824405,0.481903,-0.166553
5120,-266.173,107.981,176.026,-0.241977,0.825088,0.4849,-0.159841
5121,-265.453,108.658,175.873,-0.241906,0.825181,0.484644,-0.160244
5122,-265.389,109.643,175.713,-0.238365,0.827185,0.483199,-0.159578
5123,-264.884,110.484,175.519,-0.238365,0.827185,0.483199,-0.159578
5124,-264.147,110.951,176.008,-0.23868,0.827239,0.482752,-0.160184
5125,-264.759,111.386,175.347,-0.234629,0.826572,0.487029,-0.15662
5126,-263.953,111.976,175.4,-0.235074,0.826674,0.484416,-0.163376
5127,-264.82,112.236,174.976,-0.232595,0.828389,0.485088,-0.156083
5128,-264.898,112.38,173.989,-0.228963,0.826944,0.490065,-0.153546
5129,-264.589,111.518,174.39,-0.228537,0.826908,0.490329,-0.153532
5130,-263.793,111.903,173.922,-0.228777,0.826783,0.4904,-0.153622
5131,-263.049,111.653,174.542,-0.225143,0.829235,0.490061,-0.146697
5132,-262.363,112.358,174.362,-0.226087,0.829359,0.489533,-0.146306
5133,-262.632,113.29,174.12,-0.222468,0.82998,0.491457,-0.141819
5134,-261.94,113.994,174.275,-0.222391,0.829966,0.491565,-0.141644
5135,-261.175,114.633,174.356,-0.222001,0.829686,0.49316,-0.138314
5136,-260.628,115.33,174.82,-0.223939,0.831492,0.489494,-0.137361
5137,-259.937,116.053,174.796,-0.224231,0.831512,0.48906,-0.138307
5138,-259.175,116.685,174.934,-0.225319,0.831615,0.487451,-0.141559
5139,-259.493,117.058,174.063,-0.225262,0.830289,0.491501,-0.135294
5140,-259.251,117.867,173.528,-0.225262,0.830289,0.491501,-0.135294
5141,-258.875,117.847,172.601,-0.225262,0.830289,0.491501,-0.135294
5142,-258.922,118.353,173.463,-0.224762,0.836469,0.481714,-0.133238
5143,-258.149,118.832,173.047,-0.224762,0.836469,0.481714,-0.133238
5144,-258.001,119.199,173.966,-0.229849,0.841811,0.472243,-0.124541
5145,-257.68,120.097,173.664,-0.224917,0.843135,0.472454,-0.123789
5146,-256.827,120.607,173.558,-0.224931,0.843128,0.472434,-0.123884
5147,-257.715,120.744,173.118,-0.224476,0.843615,0.472727,-0.120223
5148,-257.003,121.444,173.173,-0.224776,0.843826,0.472596,-0.118687
5149,-257.952,121.181,173.001,-0.222296,0.844716,0.474896,-0.107296
5150,-258.373,121.391,172.118,-0.227949,0.844004,0.475279,-0.09903
5151,-259.009,122.118,171.86,-0.228794,0.844174,0.475731,-0.0932926
5152,-259.486,122.462,171.052,-0.232362,0.844391,0.475239,-0.0846172
5153,-259.658,123.058,171.837,-0.232829,0.846498,0.471546,-0.0829224
5154,-259.315,123.842,171.32,-0.232829,0.846498,0.471546,-0.0829224
5155,-258.616,124.244,170.729,-0.232829,0.846498,0.471546,-0.0829224
5156,-258.952,125.116,170.372,-0.231624,0.846608,0.472342,-0.0806098
5157,-258.526,125.793,169.773,-0.231624,0.846608,0.472342,-0.0806098
5158,-258.959,126.201,168.969,-0.236677,0.844793,0.473997,-0.0750665
5159,-259.306,126.897,168.341,-0.24255,0.844225,0.473205,-0.0673132
5160,-260.187,126.655,167.934,-0.239069,0.843859,0.476884,-0.0577111
5161,-259.782,126.769,167.027,-0.238658,0.838901,0.486025,-0.055393
5162,-260.67,126.67,166.579,-0.238167,0.839072,0.486018,-0.0549744
5163,-261.485,126.09,166.568,-0.236967,0.838834,0.487558,-0.0499062
5164,-261.344,126.118,167.558,-0.239654,0.836551,0.490919,-0.041786
5165,-260.752,126.913,167.422,-0.239654,0.836551,0.490919,-0.041786
5166,-259.953,126.95,168.022,-0.239654,0.836551,0.490919,-0.041786
5167,-259.622,126.883,167.081,-0.237961,0.835526,0.493678,-0.039411
5168,-259.27,126.562,166.202,-0.237961,0.835526,0.493678,-0.039411
5169,-259.953,127.102,166.693,-0.242413,0.836931,0.489573,-0.0331857
5170,-260.334,127.629,167.452,-0.242868,0.837143,0.489006,-0.0328753
5171,-259.96,126.994,166.777,-0.242868,0.837143,0.489006,-0.0328753
5172,-259.78,126.753,165.823,-0.246003,0.832735,0.495247,-0.027645
5173,-259.145,127.265,165.245,-0.246003,0.832735,0.495247,-0.027645
5174,-259.496,128.195,165.141,-0.239741,0.835661,0.493635,-0.0227839
5175,-258.612,128.486,165.506,-0.239741,0.835661,0.493635,-0.0227839
5176,-258.047,129.274,165.262,-0.239741,0.835661,0.493635,-0.0227839
5177,-258.296,129.683,166.14,-0.239741,0.835661,0.493635,-0.0227839
5178,-258.17,129.754,165.151,-0.242804,0.8334,0.49614,-0.0183494
5179,-257.777,129.321,164.34,-0.242804,0.8334,0.49614,-0.0183494
5180,-258.323,128.637,163.856,-0.242804,0.8334,0.49614,-0.0183494
5181,-258.193,127.756,163.401,-0.246933,0.831764,0.496802,-0.0194918
5182,-258.094,127.259,162.539,-0.247314,0.831733,0.496669,-0.0193875
5183,-257.709,126.672,161.827,-0.256683,0.830625,0.493896,-0.0155795
5184,-258.404,127.038,162.445,-0.257517,0.830953,0.492926,-0.0150086
5185,-259.177,127.629,162.215,-0.257517,0.830953,0.492926,-0.0150086
5186,-259.294,127.885,163.174,-0.258934,0.830937,0.492246,-0.0137855
5187,-259.612,128.427,163.952,-0.258934,0.830937,0.492246,-0.0137855
5188,-259.618,129.304,163.471,-0.258934,0.830937,0.492246,-0.0137855
5189,-259.416,129.04,164.415,-0.264738,0.827763,0.494689,-0.00227102
5190,-260.273,128.592,164.158,-0.262591,0.82549,0.499348,0.0162514
5191,-260.033,127.892,163.486,-0.274514,0.820926,0.50024,0.0219749
5192,-260.479,128.469,164.169,-0.278331,0.821379,0.497297,0.0237443
5193,-260.352,128.506,163.178,-0.285432,0.817516,0.499357,0.0289642
5194,-260.976,128.909,163.848,-0.285432,0.817516,0.499357,0.0289642
5195,-261.67,129.3,164.453,-0.285432,0.817516,0.499357,0.0289642
5196,-262.24,129.789,165.113,-0.294098,0.815973,0.496475,0.03474
5197,-262.885,129.747,165.876,-0.294098,0.815973,0.496475,0.03474
5198,-263.414,128.926,166.089,-0.293879,0.815508,0.497202,0.0370394
5199,-262.549,129.294,166.428,-0.295743,0.816044,0.495648,0.0306669
5200,-261.77,129.268,167.055,-0.295283,0.815037,0.497042,0.0383706
5201,-260.863,129.56,167.359,-0.296015,0.815142,0.496626,0.0357833
5202,-260.866,130.122,166.532,-0.297495,0.812106,0.499785,0.0468577
5203,-260.461,130.753,165.871,-0.30032,0.806808,0.505897,0.0541991
5204,-260.741,131.636,165.493,-0.300107,0.806849,0.505945,0.0543158
5205,-261.002,132.6,165.457,-0.30498,0.804351,0.506851,0.0557511
5206,-261.784,132.776,166.054,-0.306237,0.803675,0.507175,0.0556605
5207,-262.281,133.318,166.732,-0.308069,0.805781,0.502509,0.0574032
5208,-263.082,133.831,166.423,-0.305542,0.806956,0.502012,0.058735
5209,-262.22,134.319,166.556,-0.306484,0.807221,0.501472,0.0546599
5210,-262.123,134.282,167.55,-0.312275,0.809687,0.491765,0.0711277
5211,-261.196,134.644,167.446,-0.312275,0.809687,0.491765,0.0711277
5212,-261.489,135.426,166.895,-0.311605,0.809884,0.491824,0.0714028
5213,-261.063,135.497,165.993,-0.311792,0.807318,0.495237,0.0759151
5214,-262.033,135.45,166.232,-0.311453,0.808098,0.493686,0.0790557
5215,-261.406,135.323,167,-0.311453,0.808098,0.493686,0.0790557
5216,-260.607,135.594,166.464,-0.316275,0.800994,0.501642,0.082059
5217,-259.89,135.856,167.109,-0.316275,0.800994,0.501642,0.082059
5218,-258.92,135.686,167.285,-0.316275,0.800994,0.501642,0.082059
5219,-258.014,135.957,166.958,-0.326997,0.79543,0.502248,0.0900607
5220,-258.266,136.567,166.207,-0.340601,0.792057,0.493695,0.113586
5221,-257.518,136.667,166.864,-0.368235,0.788329,0.477998,0.120245
5222,-258.187,135.923,166.856,-0.366968,0.787301,0.479293,0.125576
5223,-257.333,136.101,166.367,-0.365844,0.787818,0.47936,0.125357
5224,-256.374,135.99,166.63,-0.351821,0.793231,0.483411,0.115411
5225,-256.806,136.706,167.179,-0.351821,0.793231,0.483411,0.115411
5226,-256.357,136.259,166.405,-0.341389,0.794489,0.489409,0.112784
5227,-256.733,137.087,165.99,-0.332304,0.798297,0.489654,0.111958
5228,-255.824,137.262,165.612,-0.332304,0.798297,0.489654,0.111958
5229,-255.046,137.775,165.976,-0.335441,0.800434,0.486519,0.100419
5230,-255.141,136.975,166.568,-0.329854,0.799333,0.487455,0.121042
5231,-255.834,136.825,165.863,-0.328906,0.798549,0.488539,0.124373
5232,-254.868,137.008,166.044,-0.337702,0.790536,0.499786,0.105942
5233,-254.061,137.595,166.103,-0.337702,0.790536,0.499786,0.105942
5234,-253.078,137.568,165.922,-0.337702,0.790536,0.499786,0.105942
5235,-253.55,137.727,166.789,-0.339615,0.789801,0.498912,0.109373
5236,-253.453,138.07,167.724,-0.339615,0.789801,0.498912,0.109373
5237,-252.651,138.066,167.127,-0.339615,0.789801,0.498912,0.109373
5238,-253.329,137.609,167.704,-0.33442,0.793315,0.49686,0.109294
5239,-252.787,137.501,168.537,-0.33442,0.793315,0.49686,0.109294
5240,-252.515,137.655,169.487,-0.33442,0.793315,0.49686,0.109294
5241,-251.617,137.808,169.899,-0.330307,0.795702,0.498237,0.0975473
5242,-251.677,138.157,170.835,-0.329861,0.795178,0.499336,0.0977102
5243,-252.554,138.151,170.353,-0.329472,0.795019,0.49919,0.101008
5244,-251.566,138.184,170.508,-0.330059,0.793985,0.500182,0.102308
5245,-252.316,137.68,170.08,-0.329017,0.792912,0.501599,0.106945
5246,-251.745,138.153,170.751,-0.329017,0.792912,0.501599,0.106945
5247,-251.115,137.555,171.246,-0.327873,0.791539,0.503752,0.11045
5248,-250.597,137.734,172.083,-0.32744,0.79121,0.504418,0.111049
5249,-250.295,138.265,172.874,-0.32744,0.79121,0.504418,0.111049
5250,-249.567,137.804,173.384,-0.323546,0.789173,0.510517,0.10907
5251,-249.529,137.989,174.366,-0.323546,0.789173,0.510517,0.10907
5252,-248.663,137.668,174.75,-0.321571,0.788784,0.512563,0.108124
5253,-247.95,137.754,175.446,-0.322487,0.78886,0.512247,0.106325
5254,-248.733,138.298,175.142,-0.322161,0.78945,0.511271,0.107625
5255,-247.969,138.826,175.514,-0.324169,0.79132,0.508111,0.102715
5256,-247.065,139.089,175.851,-0.324788,0.791363,0.50796,0.101162
5257,-246.304,139.614,176.232,-0.327102,0.792403,0.505834,0.0960937
5258,-245.614,140.271,176.535,-0.327862,0.792835,0.505043,0.094078
5259,-245.198,140.774,177.293,-0.327862,0.792835,0.505043,0.094078
5260,-244.529,141.103,177.96,-0.326943,0.793206,0.504815,0.0953622
5261,-243.551,141.209,177.783,-0.326943,0.793206,0.504815,0.0953622
5262,-244.357,140.697,177.486,-0.326306,0.792403,0.505708,0.0994073
5263,-243.775,141.307,178.024,-0.329385,0.790936,0.505235,0.103262
5264,-244.593,141.334,177.45,-0.327901,0.790388,0.505668,0.109849
5265,-243.603,141.469,177.41,-0.327982,0.790397,0.505318,0.111145
5266,-242.671,141.54,177.765,-0.327803,0.789302,0.505944,0.11648
5267,-243.434,141.115,177.277,-0.326026,0.787217,0.50833,0.124889
5268,-242.725,141.449,177.899,-0.32899,0.786303,0.507906,0.124594
5269,-242.267,142.208,178.361,-0.32899,0.786303,0.507906,0.124594
5270,-241.553,142.76,178.791,-0.329379,0.786149,0.507735,0.125242
5271,-240.856,142.793,179.508,-0.333002,0.783221,0.509381,0.127301
5272,-241.438,142.153,179.007,-0.333818,0.781411,0.510843,0.130387
5273,-240.685,142.502,179.564,-0.338065,0.782547,0.506911,0.127957
5274,-239.906,142.907,180.042,-0.337777,0.782711,0.50682,0.128073
5275,-239.292,142.335,180.586,-0.33431,0.781101,0.510197,0.133481
5276,-238.785,143.147,180.877,-0.334311,0.77959,0.511789,0.136188
5277,-238.28,142.954,181.718,-0.334132,0.778235,0.512956,0.139938
5278,-237.517,143.101,182.347,-0.333728,0.777052,0.513747,0.144496
5279,-236.74,143.661,182.635,-0.334215,0.778276,0.510098,0.149624
5280,-235.761,143.865,182.646,-0.334215,0.778276,0.510098,0.149624
5281,-234.856,144.283,182.733,-0.335387,0.778156,0.509865,0.148415
5282,-234.724,145.25,182.516,-0.331936,0.778932,0.508951,0.155085
5283,-235.635,145.369,182.122,-0.331699,0.778974,0.508789,0.155914
5284,-234.918,146.037,182.32,-0.331409,0.779035,0.508892,0.155889
5285,-234.121,145.734,182.842,-0.328856,0.778669,0.510485,0.157901
5286,-234.072,146.168,183.741,-0.328856,0.778669,0.510485,0.157901
5287,-233.838,146.698,184.556,-0.329466,0.778367,0.510529,0.157976
5288,-233.18,146.651,185.308,-0.329929,0.779452,0.508145,0.159344
5289,-233.135,146.942,186.264,-0.329929,0.779452,0.508145,0.159344
5290,-233.167,147.373,187.165,-0.329929,0.779452,0.508145,0.159344
5291,-232.715,147.265,188.051,-0.329979,0.774714,0.514606,0.161596
5292,-233.078,147.413,187.131,-0.333583,0.765908,0.524297,0.164983
5293,-233.633,147.142,186.344,-0.333448,0.753435,0.538682,0.175981
5294,-232.99,147.2,187.109,-0.336308,0.751199,0.539679,0.177041
5295,-232.28,147.878,187.294,-0.335025,0.752951,0.53878,0.174755
5296,-231.57,147.719,187.98,-0.32679,0.757286,0.539862,0.168153
5297,-230.925,147.488,188.709,-0.314877,0.76331,0.541207,0.159076
5298,-231.345,148.096,188.036,-0.305616,0.768835,0.540467,0.152926
5299,-231.694,147.159,188.014,-0.290217,0.781224,0.534368,0.14112
5300,-232.337,146.937,187.281,-0.288175,0.782277,0.533968,0.140984
5301,-233.029,147.517,186.853,-0.292284,0.780618,0.533567,0.143215
5302,-232.681,148.41,187.139,-0.298466,0.776456,0.535149,0.147142
5303,-233.537,148.625,186.67,-0.303192,0.774267,0.533892,0.153439
5304,-233.038,148.151,187.395,-0.306832,0.77244,0.533406,0.157062
5305,-232.887,149.128,187.244,-0.310126,0.768312,0.536558,0.160076
5306,-232.507,148.603,188.005,-0.314224,0.762443,0.541744,0.162657
5307,-232.238,149.523,188.29,-0.315728,0.761324,0.542201,0.163461
5308,-231.524,150.22,188.353,-0.316009,0.761493,0.542053,0.162618
5309,-232.456,150.27,187.994,-0.311787,0.765452,0.537844,0.16612
5310,-231.98,149.985,187.162,-0.309405,0.765142,0.540083,0.164735
5311,-231.659,149.643,186.279,-0.307202,0.764525,0.542405,0.164089
5312,-232.427,149.127,185.901,-0.303702,0.766349,0.541625,0.164673
5313,-232.427,149.127,185.901,-0.303702,0.766349,0.541625,0.164673
5314,-231.624,149.034,186.49,-0.306664,0.764048,0.541492,0.17022
5315,-232.404,149.017,185.864,-0.305114,0.762546,0.541931,0.178156
5316,-233.376,149.176,185.694,-0.304796,0.762843,0.541205,0.179631
5317,-233.085,148.349,186.175,-0.303202,0.759668,0.545273,0.183442
5318,-233.162,149.206,186.684,-0.304597,0.754459,0.551056,0.185338
5319,-233.428,150.135,186.428,-0.303447,0.750895,0.556061,0.186745
5320,-232.51,149.737,186.44,-0.302599,0.745625,0.565302,0.181415
5321,-232.048,150.43,186.993,-0.302667,0.7454,0.565462,0.181729
5322,-231.22,150.436,187.554,-0.303405,0.745863,0.565424,0.178687
5323,-230.476,150.867,188.065,-0.305044,0.747762,0.56319,0.174976
5324,-230.476,150.867,188.065,-0.305044,0.747762,0.56319,0.174976
5325,-230.149,150.158,188.69,-0.303778,0.747373,0.563673,0.177272
5326,-230.842,149.926,188.008,-0.303479,0.746118,0.564611,0.18006
5327,-230.842,149.926,188.008,-0.303479,0.746118,0.564611,0.18006
5328,-231.275,150.556,187.363,-0.304128,0.745524,0.56466,0.18127
5329,-231.275,150.556,187.363,-0.304128,0.745524,0.56466,0.18127
5330,-230.616,150.378,186.631,-0.304128,0.745524,0.56466,0.18127
5331,-231.164,151.001,186.072,-0.300593,0.746677,0.565792,0.178878
5332,-230.805,151.133,185.149,-0.298144,0.747132,0.566916,0.177511
5333,-229.952,151.631,185.306,-0.296491,0.749105,0.566083,0.174601
5334,-229.952,151.631,185.306,-0.296491,0.749105,0.566083,0.174601
5335,-229.769,152.039,184.412,-0.29547,0.749556,0.566183,0.17407
5336,-229.289,151.403,185.015,-0.296188,0.747166,0.56908,0.173674
5337,-229.289,151.403,185.015,-0.296188,0.747166,0.56908,0.173674
5338,-228.738,152.216,185.204,-0.298428,0.747393,0.568413,0.171029
5339,-228.738,152.216,185.204,-0.298428,0.747393,0.568413,0.171029
5340,-228.144,151.974,184.437,-0.299368,0.746273,0.569335,0.171209
5341,-228.144,151.974,184.437,-0.299368,0.746273,0.569335,0.171209
5342,-228.722,152.518,183.829,-0.299846,0.746553,0.567948,0.173741
5343,-229.434,152.982,184.357,-0.299328,0.74876,0.56474,0.175586
5344,-230.209,153.386,183.872,-0.295357,0.751132,0.563941,0.174742
5345,-230.209,153.386,183.872,-0.295357,0.751132,0.563941,0.174742
5346,-230.57,153.402,184.804,-0.295357,0.751132,0.563941,0.174742
5347,-230.114,152.664,185.303,-0.29331,0.75181,0.564658,0.172952
5348,-230.114,152.664,185.303,-0.29331,0.75181,0.564658,0.172952
5349,-229.921,153.583,185.646,-0.292129,0.753338,0.563449,0.172242
5350,-229.837,152.587,185.637,-0.288361,0.755117,0.563224,0.171538
5351,-229.555,153.476,185.999,-0.286702,0.756575,0.562358,0.170734
5352,-229.555,153.476,185.999,-0.286702,0.756575,0.562358,0.170734
5353,-229.005,154.293,186.17,-0.283771,0.759422,0.560836,0.167973
5354,-229.019,155.281,186.326,-0.285736,0.75668,0.56314,0.169303
5355,-228.834,154.337,186.601,-0.288804,0.753191,0.565149,0.172921
5356,-229.589,154.317,185.945,-0.284527,0.749531,0.567723,0.186918
5357,-230.063,153.614,185.414,-0.286936,0.746236,0.569495,0.190985
5358,-229.757,152.822,185.942,-0.288273,0.743834,0.571066,0.193632
5359,-230.547,153.401,185.739,-0.288536,0.744029,0.570362,0.194564
5360,-229.864,152.686,185.891,-0.285095,0.744681,0.571698,0.193217
5361,-229.864,152.686,185.891,-0.285095,0.744681,0.571698,0.193217
5362,-229.227,152.803,185.129,-0.284995,0.744367,0.572256,0.192922
5363,-230.174,152.597,184.883,-0.278453,0.747205,0.571656,0.19328
5364,-231.031,152.924,185.281,-0.277493,0.748736,0.569736,0.194406
5365,-231.031,152.924,185.281,-0.277493,0.748736,0.569736,0.194406
5366,-231.5,153.748,184.964,-0.276262,0.748393,0.570638,0.19483
5367,-231.5,153.748,184.964,-0.276262,0.748393,0.570638,0.19483
5368,-231.114,152.948,185.422,-0.275382,0.748284,0.570432,0.197086
5369,-230.477,152.748,184.677,-0.275388,0.748279,0.570432,0.197095
5370,-229.795,152.22,184.171,-0.27569,0.748662,0.569617,0.197576
5371,-229.592,151.269,184.403,-0.276109,0.747777,0.569988,0.199267
5372,-230.332,151.446,183.754,-0.275071,0.746802,0.570248,0.203567
5373,-231.059,150.851,183.412,-0.275188,0.744989,0.571154,0.207475
5374,-231.649,151.232,182.701,-0.276343,0.742631,0.572389,0.210964
5375,-232.378,151.197,182.017,-0.2736,0.739475,0.57424,0.220382
5376,-232.094,150.351,182.467,-0.274074,0.736921,0.574123,0.228505
5377,-232.917,149.807,182.304,-0.273866,0.736842,0.573834,0.229732
5378,-232.354,150.514,182.732,-0.274689,0.737055,0.573227,0.229579
5379,-231.674,150.694,183.443,-0.275655,0.737534,0.57286,0.227793
5380,-231.674,150.694,183.443,-0.275655,0.737534,0.57286,0.227793
5381,-231.622,149.992,184.153,-0.274504,0.736412,0.574161,0.229529
5382,-231.536,150.204,185.127,-0.274775,0.737404,0.573036,0.228833
5383,-230.823,150.554,185.734,-0.27603,0.739334,0.571566,0.224736
5384,-230.799,149.598,186.028,-0.266248,0.743013,0.56985,0.228722
5385,-230.022,150.133,185.695,-0.263954,0.743707,0.570194,0.228269
5386,-230.728,150.543,186.272,-0.259865,0.747203,0.567075,0.229311
5387,-230.845,151.437,185.839,-0.255454,0.74636,0.571054,0.227131
5388,-230.732,152.414,186.02,-0.256386,0.745915,0.571201,0.227171
5389,-230.383,153.277,186.384,-0.257869,0.7453,0.571044,0.227904
5390,-231.132,153.329,185.724,-0.254612,0.742573,0.572898,0.235684
5391,-230.397,153.785,185.221,-0.255897,0.742034,0.572773,0.23629
5392,-229.747,153.572,184.492,-0.255897,0.742034,0.572773,0.23629
5393,-229.63,154.491,184.116,-0.256315,0.741162,0.574172,0.235176
5394,-229.63,154.491,184.116,-0.256315,0.741162,0.574172,0.235176
5395,-229.679,155.323,183.563,-0.257108,0.740143,0.574516,0.236676
5396,-230.185,155.908,182.929,-0.257079,0.739493,0.573678,0.240736
5397,-230.646,156.268,182.118,-0.255475,0.737588,0.574658,0.245896
5398,-229.93,156.658,182.697,-0.260067,0.738964,0.571097,0.245244
5399,-230.574,156.875,181.963,-0.258861,0.737804,0.57115,0.249846
5400,-230.647,155.902,182.183,-0.256093,0.736658,0.572628,0.252685
5401,-229.808,156.182,182.649,-0.257154,0.737702,0.572266,0.249356
5402,-229.148,156.86,182.972,-0.257556,0.738694,0.571469,0.24783
5403,-228.727,156.098,183.465,-0.252077,0.740679,0.571681,0.24705
5404,-227.948,156.568,183.878,-0.25374,0.742828,0.570499,0.241564
5405,-227.071,156.782,184.31,-0.254396,0.744585,0.570384,0.235663
5406,-226.122,156.898,184.601,-0.254637,0.745428,0.573733,0.224337
5407,-225.27,157.303,184.933,-0.256746,0.746558,0.573139,0.219647
5408,-224.52,157.955,185.042,-0.256746,0.746558,0.573139,0.219647
5409,-225.296,158.162,184.446,-0.252942,0.745275,0.574408,0.225035
5410,-224.391,158.542,184.639,-0.252942,0.745275,0.574408,0.225035
5411,-223.515,158.86,184.999,-0.254419,0.746036,0.574055,0.221727
5412,-222.744,159.153,185.565,-0.256746,0.748064,0.571797,0.218015
5413,-221.816,159.442,185.801,-0.256978,0.748036,0.571822,0.217769
5414,-220.958,159.617,186.285,-0.261937,0.748064,0.570576,0.215018
5415,-221.392,158.728,186.135,-0.262839,0.747587,0.570466,0.215866
5416,-221.392,158.728,186.135,-0.262839,0.747587,0.570466,0.215866
5417,-221.746,159.424,185.51,-0.262804,0.747454,0.570218,0.21702
5418,-221.362,160.325,185.307,-0.262804,0.747454,0.570218,0.21702
5419,-221.267,161.296,185.088,-0.262416,0.747316,0.570464,0.217318
5420,-220.553,161.823,185.549,-0.263886,0.748031,0.569447,0.215742
5421,-220.855,162.48,186.24,-0.264055,0.748252,0.569067,0.21577
5422,-221.384,163.074,185.634,-0.265032,0.747277,0.569393,0.217085
5423,-221.384,163.074,185.634,-0.265032,0.747277,0.569393,0.217085
5424,-221.345,164.052,185.839,-0.266399,0.74667,0.569439,0.217381
5425,-221.158,164.819,185.226,-0.266519,0.746492,0.568924,0.219184
5426,-220.379,165.441,185.151,-0.266526,0.746492,0.568921,0.219186
5427,-219.453,165.624,185.482,-0.267897,0.746803,0.569023,0.21617
5428,-218.714,166.122,185.937,-0.267487,0.748572,0.567075,0.215679
5429,-217.925,166.623,186.291,-0.268062,0.748719,0.566847,0.215052
5430,-217.144,167.171,186.591,-0.267631,0.748449,0.567032,0.216038
5431,-216.339,167.519,187.072,-0.266621,0.747971,0.567254,0.218348
5432,-216.339,167.519,187.072,-0.266621,0.747971,0.567254,0.218348
5433,-216.294,168.467,186.757,-0.266621,0.747971,0.567254,0.218348
5434,-217.066,168.832,186.237,-0.267072,0.747275,0.567595,0.219291
5435,-217.066,168.832,186.237,-0.267072,0.747275,0.567595,0.219291
5436,-216.626,168.268,186.935,-0.266308,0.747696,0.567355,0.219409
5437,-216.626,168.268,186.935,-0.266308,0.747696,0.567355,0.219409
5438,-217.178,168.257,186.102,-0.262023,0.741515,0.572726,0.231266
5439,-217.604,168.824,185.397,-0.263811,0.739876,0.573296,0.233064
5440,-217.604,168.824,185.397,-0.263811,0.739876,0.573296,0.233064
5441,-217.87,169.068,184.464,-0.26395,0.740006,0.572545,0.234335
5442,-218.732,169.512,184.712,-0.263149,0.742145,0.568483,0.23833
5443,-218.732,169.512,184.712,-0.263149,0.742145,0.568483,0.23833
5444,-218.064,170.161,185.077,-0.262574,0.741848,0.568979,0.238703
5445,-217.1,170.423,185.045,-0.262638,0.741896,0.56909,0.238216
5446,-216.158,170.55,185.355,-0.262638,0.741896,0.56909,0.238216
5447,-215.395,170.639,185.995,-0.258621,0.740986,0.570234,0.242669
5448,-214.574,171.208,185.949,-0.257513,0.74135,0.569878,0.243571
5449,-213.582,171.24,185.822,-0.255659,0.742375,0.568883,0.244725
5450,-212.754,171.204,186.382,-0.259234,0.742418,0.567843,0.243243
5451,-213.46,171.171,185.673,-0.258075,0.740869,0.56853,0.247555
5452,-214.249,170.817,185.172,-0.254562,0.737064,0.570346,0.258147
5453,-213.385,170.964,185.653,-0.261202,0.735084,0.569739,0.2585
5454,-213.171,171.412,186.522,-0.261202,0.735084,0.569739,0.2585
5455,-213.779,171.895,187.152,-0.261203,0.735084,0.56974,0.258499
5456,-214.087,171.01,186.802,-0.254362,0.740482,0.5676,0.254593
5457,-214.89,171.359,186.318,-0.248873,0.74372,0.568498,0.2485
5458,-215.681,171.636,185.773,-0.246683,0.742881,0.572298,0.24444
5459,-215.061,171.499,185.001,-0.247864,0.742828,0.571477,0.245327
5460,-214.361,172.036,185.471,-0.253293,0.743265,0.566912,0.249018
5461,-214.937,172.667,184.951,-0.257833,0.741172,0.564975,0.25493
5462,-215.55,172.587,184.165,-0.258083,0.737999,0.565321,0.262988
5463,-214.995,172.845,184.956,-0.261198,0.739336,0.561395,0.264562
5464,-215.78,173.309,184.546,-0.261786,0.738938,0.55972,0.268612
5465,-215.804,172.31,184.5,-0.263484,0.735092,0.563179,0.27027
5466,-216.349,172.983,184.001,-0.262623,0.733627,0.564053,0.273247
5467,-216.985,173.585,183.517,-0.261383,0.733477,0.563338,0.276301
5468,-216.985,173.585,183.517,-0.261383,0.733477,0.563338,0.276301
5469,-217.465,174.273,182.973,-0.254906,0.734537,0.56601,0.274064
5470,-218.056,174.695,183.661,-0.254454,0.73506,0.565524,0.274084
5471,-217.734,175.623,183.85,-0.254434,0.734949,0.565801,0.27383
5472,-217.05,175.392,183.158,-0.254434,0.734949,0.565801,0.27383
5473,-217.517,174.627,182.716,-0.254948,0.734369,0.565958,0.274582
5474,-217.999,173.991,182.113,-0.253418,0.734029,0.567493,0.273737
5475,-217.999,173.991,182.113,-0.253418,0.734029,0.567493,0.273737
5476,-217.489,174.172,181.272,-0.253423,0.734029,0.56749,0.273741
5477,-217.852,174.924,180.721,-0.252094,0.734121,0.568324,0.272988
5478,-217.172,174.697,180.024,-0.252094,0.734121,0.568324,0.272988
5479,-216.314,175.104,180.339,-0.254276,0.73387,0.56589,0.276672
5480,-215.513,175.244,180.92,-0.258434,0.731401,0.564775,0.281592
5481,-214.721,175.582,181.429,-0.260296,0.730855,0.562357,0.286097
5482,-213.886,175.525,181.976,-0.266289,0.728688,0.560538,0.289657
5483,-214.72,175.174,181.551,-0.265282,0.727857,0.560837,0.292082
5484,-213.961,175.132,182.201,-0.268406,0.72705,0.560354,0.292164
5485,-213.481,174.882,183.042,-0.268796,0.726829,0.560316,0.292429
5486,-212.918,175.26,183.777,-0.268848,0.725726,0.561015,0.293776
5487,-212.314,175.513,184.533,-0.269324,0.726003,0.560576,0.293494
5488,-211.873,174.753,185.01,-0.265358,0.722879,0.567721,0.291075
5489,-211.328,175.533,185.318,-0.264017,0.72079,0.572915,0.287273
5490,-210.457,175.547,185.81,-0.259922,0.722899,0.572327,0.28688
5491,-211.228,175.846,186.373,-0.258532,0.723946,0.571595,0.286954
5492,-211.876,176.312,186.975,-0.258494,0.723887,0.57172,0.286888
5493,-212.762,176.615,186.623,-0.24693,0.730597,0.566796,0.28982
5494,-212.073,176.379,185.938,-0.24693,0.730597,0.566796,0.289821
5495,-212.294,177.214,185.434,-0.240926,0.732002,0.570667,0.283667
5496,-213.12,177.668,185.1,-0.237089,0.733779,0.570812,0.282013
5497,-213.883,177.094,184.806,-0.235591,0.734195,0.571542,0.280704
5498,-214.037,176.374,184.129,-0.239838,0.72739,0.57749,0.282643
5499,-214.081,176.73,185.063,-0.243048,0.718181,0.588087,0.281597
5500,-214.447,176.96,185.965,-0.245263,0.718468,0.585241,0.284855
5501,-214.108,177.81,186.367,-0.247899,0.712623,0.589664,0.288118
5502,-213.475,178.582,186.422,-0.250569,0.707876,0.59262,0.291423
5503,-213.207,179.545,186.394,-0.251906,0.705542,0.594165,0.292784
5504,-212.767,179.954,187.193,-0.251829,0.705723,0.594109,0.292527
5505,-212.181,179.669,187.952,-0.253801,0.702556,0.597024,0.292511
5506,-211.687,180.401,188.422,-0.253809,0.701962,0.597391,0.293179
5507,-211.119,181.184,188.674,-0.25264,0.701709,0.59744,0.294691
5508,-211.007,182.177,188.698,-0.247336,0.70031,0.60253,0.292145
5509,-210.696,183.112,188.524,-0.243312,0.698212,0.608457,0.288235
5510,-210.592,184.03,188.142,-0.239535,0.696557,0.613157,0.285431
5511,-210.486,185.005,188.335,-0.236329,0.695197,0.616916,0.283308
5512,-210.535,186.002,188.403,-0.234884,0.694951,0.617911,0.282947
5513,-209.961,186.407,189.114,-0.236514,0.697253,0.614913,0.282456
5514,-209.235,187.094,189.127,-0.235759,0.697207,0.614912,0.283201
5515,-208.835,188.003,189.009,-0.235783,0.697914,0.613965,0.283495
5516,-209.076,188.691,189.694,-0.233103,0.699854,0.612995,0.283027
5517,-209.583,188.832,190.544,-0.233061,0.700669,0.612052,0.283087
5518,-209.282,189.781,190.452,-0.235725,0.696072,0.615684,0.284342
5519,-209.587,189.897,191.397,-0.23651,0.696973,0.613927,0.28528
5520,-209.143,190.793,191.419,-0.235761,0.695854,0.615835,0.284517
5521,-209.864,191.295,191.897,-0.234358,0.699207,0.611117,0.287615
5522,-209.326,191.126,191.071,-0.235337,0.697798,0.611499,0.289418
5523,-208.827,190.94,190.225,-0.235923,0.701493,0.605521,0.292563
5524,-208.344,190.764,189.367,-0.237896,0.701856,0.603294,0.294687
5525,-207.855,191.105,190.169,-0.240046,0.710578,0.592832,0.29327
5526,-207.965,191.823,189.482,-0.242157,0.711201,0.589678,0.296366
5527,-208.391,191.076,189.992,-0.244737,0.707081,0.59336,0.296757
5528,-208.032,191.964,190.281,-0.243291,0.705949,0.595927,0.295493
5529,-208.696,192.295,190.951,-0.243106,0.707023,0.59401,0.296935
5530,-209.403,192.855,191.384,-0.242431,0.710071,0.589196,0.299791
5531,-208.946,193.727,191.56,-0.242742,0.709649,0.589175,0.300579
5532,-208.967,194.074,192.497,-0.245896,0.709292,0.588105,0.300953
5533,-208.42,194.865,192.221,-0.248967,0.705586,0.589693,0.304017
5534,-207.623,195.301,191.804,-0.256111,0.699507,0.590744,0.310032
5535,-206.989,195.619,191.099,-0.255271,0.699703,0.591067,0.309664
5536,-206.579,196.463,191.447,-0.255455,0.699502,0.591127,0.309852
5537,-206.309,197.309,190.986,-0.255122,0.697304,0.593653,0.310252
5538,-205.416,197.472,190.568,-0.257132,0.69503,0.594808,0.311479
5539,-205.332,198.375,190.147,-0.252474,0.695206,0.598295,0.308202
5540,-206.052,198.532,190.823,-0.252474,0.695206,0.598295,0.308202
5541,-205.556,199.226,190.302,-0.251835,0.694899,0.599264,0.307535
5542,-205.074,199.254,189.426,-0.248765,0.695484,0.600626,0.306049
5543,-205.063,199.736,190.302,-0.243234,0.705414,0.593345,0.301943
5544,-205.003,200.241,191.163,-0.239056,0.713997,0.586675,0.298116
5545,-205.9,200.492,190.799,-0.232149,0.720417,0.578607,0.303841
5546,-206.84,200.691,190.52,-0.22526,0.725525,0.571306,0.310615
5547,-206.754,201.311,191.3,-0.223739,0.730575,0.565376,0.310726
5548,-206.351,201.545,192.184,-0.22578,0.736221,0.556857,0.311308
5549,-205.822,202.237,192.676,-0.227279,0.738553,0.553204,0.311206
5550,-206.223,202.448,193.568,-0.228927,0.738796,0.551875,0.31178
5551,-206.611,202.701,194.454,-0.229806,0.739861,0.549718,0.312416
5552,-206.903,202.894,195.391,-0.231933,0.737884,0.550923,0.313399
5553,-206.513,203.574,194.77,-0.231933,0.737884,0.550923,0.313399
5554,-207.352,203.95,194.376,-0.228482,0.737652,0.547281,0.322722
5555,-206.621,204.483,193.949,-0.230249,0.735822,0.54781,0.324741
5556,-206.621,204.483,193.949,-0.230249,0.735822,0.54781,0.324741
5557,-206.336,205.332,193.505,-0.231627,0.731625,0.551633,0.326765
5558,-206.336,205.332,193.505,-0.231627,0.731625,0.551633,0.326765
5559,-207.026,205.999,193.786,-0.230062,0.734084,0.546883,0.330321
5560,-207.071,206.992,193.678,-0.229855,0.73504,0.54538,0.330823
5561,-206.486,207.22,192.9,-0.229855,0.73504,0.54538,0.330823
5562,-206.104,207.771,193.642,-0.228618,0.739354,0.54024,0.3305
5563,-206.608,208.556,193.28,-0.22982,0.739665,0.538051,0.332536
5564,-207.45,208.78,193.772,-0.230085,0.740018,0.536691,0.333762
5565,-207.097,209.65,193.428,-0.23137,0.737681,0.539781,0.333064
5566,-207.097,209.65,193.428,-0.23137,0.737681,0.539781,0.333064
5567,-207.798,210.113,193.969,-0.227694,0.741116,0.535618,0.334688
5568,-207.355,210.969,193.704,-0.229057,0.740549,0.535591,0.335057
5569,-206.964,211.267,192.834,-0.229057,0.740549,0.53559,0.335057
5570,-207.843,211.595,192.488,-0.223266,0.744109,0.526465,0.345382
5571,-207.326,212.451,192.481,-0.225678,0.741897,0.527371,0.347186
5572,-208.155,212.865,192.856,-0.224926,0.743617,0.523365,0.350044
5573,-208.619,213.576,192.328,-0.218564,0.749187,0.514252,0.355658
5574,-209.059,214.234,192.939,-0.219005,0.748044,0.515889,0.355424
5575,-208.509,214.95,192.508,-0.221905,0.74467,0.519994,0.354727
5576,-208.554,215.71,191.86,-0.217403,0.745709,0.521155,0.353627
5577,-207.999,215.522,191.049,-0.217713,0.745907,0.520632,0.353789
5578,-207.297,216.126,191.426,-0.217421,0.747669,0.519907,0.351307
5579,-207.417,216.976,190.912,-0.215227,0.747872,0.521624,0.349676
5580,-208.039,217.749,190.794,-0.216443,0.748281,0.519501,0.351207
5581,-207.51,218.588,190.928,-0.222326,0.743793,0.523127,0.351683
5582,-208.041,218.986,191.677,-0.221816,0.748255,0.514811,0.354798
5583,-208.607,219.444,192.362,-0.225847,0.747154,0.512029,0.358581
5584,-207.961,220.168,192.12,-0.23269,0.742554,0.511895,0.363912
5585,-207.43,220.787,191.541,-0.236385,0.741773,0.507529,0.3692
5586,-206.733,220.387,190.944,-0.237015,0.741505,0.507815,0.368943
5587,-206.168,220.033,190.2,-0.235972,0.741825,0.508545,0.36796
5588,-206.237,219.359,189.464,-0.233601,0.750553,0.497304,0.367136
5589,-206.927,219.448,188.746,-0.230079,0.752542,0.497861,0.364525
5590,-207.653,220.099,188.967,-0.23025,0.752945,0.496538,0.365389
5591,-207.854,219.121,188.915,-0.23294,0.751142,0.498268,0.365039
5592,-208.268,219.833,189.482,-0.23294,0.751142,0.498268,0.365039
5593,-208.912,219.802,188.717,-0.232993,0.751196,0.498244,0.364926
5594,-209.574,220.271,189.302,-0.226472,0.755104,0.495954,0.364086
5595,-210.21,220.586,190.006,-0.225933,0.756782,0.493243,0.364617
5596,-209.938,221.512,189.746,-0.231521,0.752137,0.494971,0.368364
5597,-209.931,222.41,189.304,-0.23678,0.744508,0.499581,0.374249
5598,-210.7,221.777,189.217,-0.236869,0.744143,0.499655,0.374819
5599,-210.298,222.692,189.21,-0.238715,0.741489,0.50126,0.376759
5600,-209.893,223.546,188.882,-0.239752,0.740879,0.500791,0.377922
5601,-210.474,224.342,189.052,-0.233067,0.748676,0.4854,0.386719
5602,-210.179,223.84,188.239,-0.230927,0.754911,0.474402,0.389519
5603,-210.729,224.439,187.656,-0.222977,0.758832,0.466986,0.395449
5604,-210.489,223.587,187.191,-0.219765,0.764147,0.460963,0.394075
5605,-211.242,224.169,187.498,-0.215427,0.767178,0.458594,0.393346
5606,-211.846,224.848,187.915,-0.214473,0.768841,0.455302,0.394442
5607,-211.523,225.7,187.501,-0.214016,0.769015,0.456609,0.392837
5608,-211.523,225.7,187.501,-0.214016,0.769015,0.456609,0.392837
5609,-212.153,226.442,187.729,-0.213234,0.771353,0.449722,0.396606
5610,-211.986,227.083,186.979,-0.211919,0.771667,0.446261,0.400589
5611,-211.194,226.667,186.532,-0.212975,0.771751,0.445001,0.401269
5612,-211.343,227.531,186.053,-0.211302,0.773935,0.439716,0.403765
5613,-210.841,228.13,185.428,-0.211002,0.772078,0.444189,0.402579
5614,-210.82,228.981,184.904,-0.212724,0.771079,0.446411,0.401127
5615,-211.363,229.595,184.331,-0.212509,0.771035,0.445828,0.401973
5616,-210.96,230.487,184.127,-0.217463,0.77204,0.447959,0.394965
5617,-211.843,230.955,184.082,-0.211285,0.776723,0.439047,0.399122
5618,-212.295,231.494,183.371,-0.212119,0.778342,0.440692,0.393675
5619,-212.694,232.124,182.705,-0.212067,0.781146,0.443083,0.385377
5620,-213.393,232.657,182.228,-0.20501,0.784682,0.44139,0.383952
5621,-213.746,233.361,181.611,-0.205347,0.787355,0.439951,0.379932
5622,-213.286,233.151,180.749,-0.204118,0.787775,0.440336,0.379275
5623,-212.714,233.505,180.01,-0.205143,0.788427,0.438322,0.379701
5624,-212.175,234.281,179.681,-0.207755,0.786594,0.438739,0.381596
5625,-211.442,234.622,179.092,-0.207755,0.786594,0.438739,0.381596
5626,-210.991,235.291,178.502,-0.208947,0.785097,0.43823,0.384602
5627,-210.347,236.02,178.269,-0.209342,0.784982,0.438281,0.384563
5628,-209.683,236.762,178.183,-0.209762,0.785052,0.437763,0.384781
5629,-208.8,236.456,177.827,-0.210243,0.785007,0.437554,0.384849
5630,-209.257,237.072,177.185,-0.206101,0.786939,0.430509,0.39104
5631,-209.828,237.769,177.619,-0.203973,0.790747,0.422116,0.393615
5632,-210.454,238.548,177.652,-0.203724,0.791792,0.417846,0.39619
5633,-210.784,239.016,176.832,-0.205442,0.791736,0.418227,0.39501
5634,-210.975,239.799,176.24,-0.208376,0.79228,0.417621,0.393021
5635,-210.981,240.507,175.534,-0.210739,0.794029,0.417818,0.387989
5636,-211.059,241.037,174.689,-0.21054,0.795537,0.419693,0.382951
5637,-211.37,241.544,173.886,-0.209385,0.796332,0.421831,0.379567
5638,-211.678,242.167,173.167,-0.209403,0.79793,0.421414,0.376654
5639,-211.917,242.653,172.326,-0.20887,0.799004,0.422642,0.373283
5640,-211.843,243.373,171.636,-0.209803,0.800219,0.427611,0.364392
5641,-211.499,244.013,170.949,-0.208244,0.801204,0.429535,0.360841
5642,-211.087,244.509,170.185,-0.208296,0.801193,0.429476,0.360905
5643,-210.649,245.191,169.599,-0.20894,0.800467,0.428942,0.362775
5644,-210.18,245.923,170.093,-0.209024,0.800883,0.428364,0.362489
5645,-209.622,246.706,169.819,-0.209208,0.800913,0.428353,0.36233
5646,-209.268,247.417,169.212,-0.209933,0.800347,0.426564,0.36526
5647,-208.977,248.07,168.512,-0.211911,0.800086,0.423548,0.368189
5648,-208.678,248.744,167.836,-0.213749,0.798797,0.423133,0.370395
5649,-208.678,248.744,167.836,-0.213749,0.798797,0.423133,0.370395
5650,-208.774,249.42,168.566,-0.208231,0.80154,0.422848,0.367932
5651,-209.296,250.061,169.129,-0.198294,0.805165,0.422282,0.36615
5652,-208.768,250.207,168.292,-0.19598,0.806957,0.418336,0.367978
5653,-209.272,251.07,168.323,-0.197688,0.809144,0.409638,0.372025
5654,-208.622,250.755,167.632,-0.199312,0.808909,0.408565,0.372849
5655,-208.416,251.348,166.854,-0.198296,0.810284,0.407506,0.371561
5656,-208.424,251.638,165.897,-0.198296,0.810284,0.407506,0.371561
5657,-208.696,252.06,165.032,-0.199616,0.809577,0.406504,0.373489
5658,-209.035,252.299,164.123,-0.200868,0.80787,0.40676,0.376224
5659,-209.765,252.962,163.956,-0.197472,0.810396,0.398182,0.381725
5660,-209.294,253.639,163.39,-0.19814,0.812611,0.398192,0.376626
5661,-209.131,253.576,162.405,-0.19814,0.812611,0.398192,0.376626
5662,-208.956,253.669,161.425,-0.198138,0.812657,0.398155,0.376567
5663,-208.915,254.237,160.603,-0.197423,0.815248,0.393822,0.375898
5664,-208.878,254.684,159.709,-0.196331,0.815462,0.394254,0.375553
5665,-208.541,255.325,159.019,-0.195556,0.817884,0.392617,0.372392
5666,-208.221,255.552,158.099,-0.195456,0.818222,0.392283,0.372055
5667,-208.106,256.027,157.227,-0.194691,0.818434,0.392647,0.371603
5668,-207.914,256.633,156.455,-0.194743,0.818601,0.392746,0.371104
5669,-207.643,256.535,155.497,-0.194097,0.818253,0.393629,0.371275
5670,-207.306,256.095,154.665,-0.193717,0.818294,0.393936,0.371056
5671,-207.926,256.255,153.896,-0.188549,0.817019,0.39119,0.37934
5672,-207.577,256.031,152.987,-0.186791,0.818837,0.389991,0.37752
5673,-208.045,256.444,152.206,-0.181209,0.819082,0.386418,0.383339
5674,-207.92,257.033,151.407,-0.178232,0.820249,0.38745,0.381192
5675,-208.508,257.669,151.907,-0.178232,0.820249,0.38745,0.381192
5676,-208.107,258.437,151.407,-0.183288,0.818196,0.389859,0.38075
5677,-207.659,259.071,150.777,-0.187083,0.818444,0.384751,0.383556
5678,-207.75,259.462,149.861,-0.187571,0.816794,0.384052,0.387516
5679,-207.381,259.906,149.045,-0.187944,0.816574,0.384644,0.387213
5680,-207.24,260.41,148.193,-0.189099,0.816067,0.385084,0.387281
5681,-207.07,260.794,147.285,-0.189099,0.816067,0.385084,0.38728
5682,-206.741,261.412,146.571,-0.18835,0.816616,0.385913,0.385661
5683,-206.947,261.934,145.743,-0.188164,0.81602,0.386366,0.386557
5684,-206.728,262.537,144.976,-0.190759,0.815179,0.388585,0.384832
5685,-206.273,262.961,144.193,-0.190564,0.815838,0.388587,0.383528
5686,-206.144,263.43,143.319,-0.190564,0.815838,0.388587,0.383529
5687,-205.846,263.963,142.528,-0.19069,0.816052,0.388595,0.383003
5688,-205.61,264.506,141.722,-0.189873,0.817021,0.388258,0.381682
5689,-205.063,265.058,142.351,-0.188392,0.820405,0.385926,0.377498
5690,-205.016,265.53,141.471,-0.188392,0.820405,0.385926,0.377498
5691,-204.484,266.093,140.839,-0.188037,0.821855,0.386489,0.373929
5692,-204.368,266.702,140.054,-0.187483,0.821986,0.388111,0.372236
5693,-203.714,266.262,139.439,-0.188383,0.821882,0.387703,0.372434
5694,-204.395,266.664,138.826,-0.180573,0.822792,0.370067,0.391735
5695,-204.924,267.238,138.202,-0.177602,0.823682,0.363961,0.39691
5696,-205.326,267.929,137.601,-0.177602,0.823682,0.363961,0.39691
5697,-204.96,268.111,136.688,-0.178726,0.822459,0.367121,0.39603
5698,-204.208,267.71,136.164,-0.180689,0.821884,0.36696,0.396483
5699,-203.768,266.989,135.629,-0.182935,0.819331,0.372403,0.39566
5700,-204.23,267.741,136.099,-0.181924,0.819884,0.371712,0.395632
5701,-203.555,267.494,135.404,-0.182707,0.820489,0.370064,0.39556
5702,-203.686,266.97,136.246,-0.182927,0.820536,0.367833,0.397438
5703,-203.861,267.947,136.371,-0.182927,0.820536,0.367833,0.397438
5704,-203.358,267.369,135.728,-0.182266,0.820344,0.368703,0.397333
5705,-202.805,266.92,135.027,-0.178015,0.823278,0.364028,0.397502
5706,-202.072,266.306,134.731,-0.169674,0.826702,0.365282,0.392866
5707,-203,266.558,135.008,-0.150467,0.83608,0.357165,0.388283
5708,-202.643,265.728,134.58,-0.150467,0.83608,0.357165,0.388283
5709,-202.643,265.728,134.58,-0.150467,0.83608,0.357165,0.388283
5710,-203.408,266.2,135.018,-0.149334,0.836304,0.357452,0.387973
5711,-203.933,266.935,135.448,-0.148429,0.83886,0.348804,0.390664
5712,-204.406,267.667,135.938,-0.147111,0.83964,0.347074,0.391027
5713,-203.825,268.268,135.389,-0.155969,0.835229,0.351144,0.3934
5714,-204.055,267.819,136.252,-0.159001,0.833732,0.351812,0.394764
5715,-203.367,267.249,135.802,-0.159383,0.833723,0.351622,0.394798
5716,-203.912,267.685,136.518,-0.15976,0.834633,0.346995,0.39681
5717,-203.405,266.917,136.127,-0.15976,0.834633,0.346995,0.39681
5718,-202.59,266.578,135.657,-0.159893,0.83461,0.346524,0.397217
5719,-203.102,267.416,135.845,-0.158182,0.835818,0.341813,0.399437
5720,-203.639,268.133,136.29,-0.158182,0.835818,0.341813,0.399437
5721,-202.707,268.212,135.936,-0.158182,0.835818,0.341813,0.399437
5722,-203.148,268.864,136.553,-0.159503,0.836348,0.338195,0.40088
5723,-203.197,269.194,135.61,-0.159771,0.836095,0.338075,0.401402
5724,-202.286,269.545,135.392,-0.159771,0.836095,0.338075,0.401402
5725,-201.477,269.314,134.852,-0.163159,0.83417,0.336775,0.40512
5726,-201.762,269.719,133.984,-0.163216,0.834061,0.336294,0.405721
5727,-201.447,268.783,134.142,-0.15936,0.831253,0.345973,0.404878
5728,-201.029,269.628,134.476,-0.15936,0.831253,0.345973,0.404878
5729,-201.572,270.336,134.925,-0.158427,0.831728,0.345203,0.404924
5730,-200.992,269.691,134.429,-0.158557,0.831171,0.345588,0.40569
5731,-200.448,268.98,133.983,-0.158557,0.831171,0.345588,0.40569
5732,-199.904,268.269,133.537,-0.158557,0.831171,0.345588,0.40569
5733,-199.36,267.558,133.091,-0.158557,0.831171,0.345588,0.40569
5734,-199.871,268.209,133.653,-0.155609,0.832973,0.342702,0.405583
5735,-199.334,267.492,133.208,-0.155609,0.832973,0.342702,0.405583
5736,-198.797,266.776,132.764,-0.155609,0.832973,0.342702,0.405583
5737,-198.275,266.097,132.246,-0.157736,0.832016,0.344538,0.405168
5738,-197.682,265.474,131.737,-0.15764,0.832455,0.343213,0.405429
5739,-196.828,265.992,131.773,-0.154539,0.834142,0.339465,0.406311
5740,-197.083,266.586,131.01,-0.148491,0.83514,0.336429,0.409031
5741,-196.424,266.035,131.523,-0.147754,0.835109,0.335694,0.409965
5742,-195.881,266.436,132.261,-0.147005,0.835354,0.33551,0.409887
5743,-195.307,267.255,132.273,-0.151142,0.834182,0.335746,0.410574
5744,-194.95,268.042,131.77,-0.160595,0.830622,0.340678,0.41014
5745,-194.12,267.919,132.314,-0.175746,0.828678,0.347512,0.402047
5746,-194.511,268.593,132.941,-0.176682,0.828937,0.346503,0.401973
5747,-194.761,269.151,132.151,-0.175086,0.829365,0.346192,0.402057
5748,-194.562,268.422,131.495,-0.174225,0.829817,0.345502,0.402093
5749,-194.02,267.822,130.908,-0.174461,0.829425,0.346175,0.402221
5750,-193.727,268.004,131.847,-0.171573,0.832191,0.343221,0.400276
5751,-193.727,268.004,131.847,-0.171573,0.832191,0.343221,0.400276
5752,-193.852,267.429,132.655,-0.169511,0.832585,0.344767,0.399005
5753,-193.623,268.248,132.129,-0.170641,0.831028,0.349296,0.397827
5754,-193.397,268.808,131.332,-0.17145,0.828861,0.346678,0.404238
5755,-193.479,269.062,130.369,-0.171308,0.826198,0.347519,0.408999
5756,-193.662,268.496,131.172,-0.172127,0.823208,0.348666,0.413683
5757,-193.989,269.035,130.396,-0.170406,0.820787,0.344533,0.422572
5758,-194.059,269.62,129.588,-0.169389,0.818375,0.341397,0.430138
5759,-194.853,269.323,130.119,-0.176003,0.808291,0.333081,0.452489
5760,-195.253,269.799,129.335,-0.173499,0.805382,0.328332,0.462012
5761,-194.636,270.529,129.043,-0.17482,0.800699,0.326354,0.470969
5762,-195.017,269.874,129.696,-0.181971,0.796168,0.329173,0.473971
5763,-195.437,270.542,130.31,-0.184283,0.797597,0.322606,0.475189
5764,-194.822,271.212,129.893,-0.186407,0.795531,0.326356,0.475263
5765,-194.385,271.84,129.249,-0.179275,0.795985,0.326416,0.477202
5766,-194.023,272.641,128.773,-0.171911,0.796565,0.328942,0.477208
5767,-193.251,273.263,128.64,-0.170184,0.796584,0.330053,0.477028
5768,-193.667,273.809,129.367,-0.170312,0.79663,0.329916,0.477001
5769,-193.273,274.424,128.685,-0.170696,0.794433,0.33477,0.477146
5770,-193.543,274.503,129.645,-0.170813,0.792759,0.336282,0.478823
5771,-193.924,274.507,128.72,-0.171067,0.790743,0.336279,0.482056
5772,-193.637,275.229,129.351,-0.166489,0.791428,0.333729,0.484301
5773,-193.94,276.157,129.133,-0.165127,0.793512,0.321752,0.489436
5774,-194.414,276.649,128.403,-0.158687,0.793588,0.31775,0.494037
5775,-193.995,277.182,127.668,-0.160562,0.792463,0.321371,0.492892
5776,-194.567,277.924,128.019,-0.160562,0.792463,0.321371,0.492892
5777,-194.772,278.147,127.066,-0.162921,0.780306,0.334326,0.502798
5778,-194.18,278.118,126.261,-0.168444,0.775448,0.339363,0.505113
5779,-194.18,278.118,126.261,-0.168444,0.775448,0.339363,0.505113
5780,-193.765,278.717,125.576,-0.164646,0.7754,0.340605,0.505603
5781,-192.885,278.331,125.853,-0.164646,0.7754,0.340605,0.505603
5782,-192.313,278.44,126.666,-0.160152,0.779137,0.335103,0.504979
5783,-192.829,278.875,125.929,-0.154125,0.775952,0.331502,0.514052
5784,-192.082,278.961,126.587,-0.157153,0.775249,0.32732,0.516868
5785,-191.43,278.872,127.341,-0.158063,0.773666,0.323797,0.521164
5786,-190.837,278.709,128.129,-0.169721,0.773183,0.315685,0.523188
5787,-191.219,278.716,127.205,-0.170948,0.76492,0.315377,0.534987
5788,-190.857,279.447,127.784,-0.170485,0.763757,0.314472,0.537324
5789,-191.254,279.708,128.664,-0.170485,0.763757,0.314472,0.537324
5790,-190.656,278.964,128.367,-0.170485,0.763757,0.314472,0.537324
5791,-189.977,279.69,128.478,-0.164066,0.764719,0.315831,0.537158
5792,-189.307,279.123,127.998,-0.164071,0.764587,0.316552,0.536919
5793,-189.095,279.527,127.109,-0.164071,0.764587,0.316552,0.536919
5794,-189.443,280.298,127.642,-0.165117,0.765379,0.314383,0.536744
5795,-189.042,279.43,127.933,-0.165117,0.765379,0.314383,0.536744
5796,-188.669,280.335,128.137,-0.148921,0.762653,0.309636,0.548004
5797,-188.657,280.49,127.149,-0.149036,0.76043,0.309668,0.551036
5798,-188.454,280.14,128.063,-0.149036,0.76043,0.309668,0.551036
5799,-187.679,279.587,128.367,-0.149978,0.757877,0.312124,0.552909
5800,-188.049,279.459,127.447,-0.151042,0.75368,0.31285,0.557923
5801,-188.598,279.267,126.633,-0.151169,0.746863,0.31432,0.566168
5802,-187.646,279.482,126.419,-0.158766,0.739963,0.315664,0.572367
5803,-188.242,280.232,126.704,-0.158766,0.739963,0.315664,0.572367
5804,-188.242,280.232,126.704,-0.158766,0.739963,0.315664,0.572367
5805,-187.265,280.424,126.61,-0.157895,0.738173,0.319554,0.572761
5806,-186.922,279.562,126.236,-0.159189,0.737659,0.320046,0.57279
5807,-186.405,280.364,126.537,-0.156782,0.738837,0.319629,0.572169
5808,-185.807,279.617,126.244,-0.156782,0.738837,0.319629,0.572169
5809,-185.807,279.617,126.244,-0.156782,0.738837,0.319629,0.572169
5810,-186.018,280.463,125.754,-0.153794,0.737748,0.316214,0.576267
5811,-185.313,280.012,126.301,-0.154589,0.738082,0.315261,0.576148
5812,-184.77,279.838,127.123,-0.156113,0.737229,0.309964,0.579693
5813,-184.091,280.572,127.151,-0.153645,0.728578,0.302145,0.595211
5814,-183.488,279.952,127.653,-0.151557,0.727814,0.302855,0.596319
5815,-183.245,279.812,128.613,-0.151557,0.727814,0.302855,0.596319
5816,-182.962,279.292,129.42,-0.154067,0.724383,0.298093,0.602223
5817,-183.715,279.054,130.034,-0.154066,0.724376,0.298099,0.602229
5818,-184.308,279.713,130.495,-0.156346,0.724042,0.296879,0.602645
5819,-183.901,279.815,131.402,-0.152832,0.73138,0.295556,0.595292
5820,-184.082,280.582,130.786,-0.152832,0.73138,0.295556,0.595292
5821,-183.841,281.511,131.065,-0.148136,0.732086,0.295567,0.595605
5822,-183.265,280.866,131.567,-0.148136,0.732086,0.295567,0.595605
5823,-184.129,280.607,132.001,-0.148136,0.732086,0.295567,0.595605
5824,-183.395,281.083,132.486,-0.148546,0.729449,0.291116,0.600908
5825,-183.89,281.684,131.858,-0.147704,0.729071,0.290906,0.601675
5826,-183.578,282.169,131.041,-0.145951,0.725016,0.290075,0.607377
5827,-184.378,281.605,130.834,-0.149952,0.713738,0.291771,0.61884
5828,-185.036,281.835,130.117,-0.146097,0.704662,0.286941,0.632275
5829,-185.725,281.168,130.398,-0.152481,0.697149,0.281879,0.641309
5830,-186.249,280.751,129.655,-0.155533,0.691042,0.283543,0.646432
5831,-186.691,281.63,129.831,-0.15411,0.691558,0.282159,0.646826
5832,-186.551,282.617,129.916,-0.150825,0.693636,0.28349,0.644791
5833,-185.849,281.959,129.64,-0.150825,0.693636,0.28349,0.644791
5834,-185.316,281.995,130.486,-0.148539,0.699822,0.285199,0.637845
5835,-186.133,281.526,130.15,-0.139619,0.705103,0.289373,0.632139
5836,-186.565,281.96,129.36,-0.108127,0.705196,0.295835,0.635208
5837,-187.384,281.483,129.043,-0.103785,0.709015,0.300824,0.62931
5838,-187.648,281.993,128.224,-0.0965942,0.708392,0.305087,0.629104
5839,-187.929,281.439,127.441,-0.0939608,0.710222,0.305107,0.627428
5840,-188.3,280.997,126.624,-0.0926904,0.711267,0.30798,0.625025
5841,-188.582,281.492,125.802,-0.0926904,0.711267,0.30798,0.625025
5842,-188.784,281.745,124.856,-0.0926904,0.711267,0.30798,0.625025
5843,-189.499,281.399,124.248,-0.0926904,0.711267,0.30798,0.625025
5844,-189.966,282.238,124.529,-0.0950287,0.710343,0.309393,0.625027
5845,-189.87,282.856,123.749,-0.104122,0.707757,0.303997,0.629146
5846,-189.052,283.195,124.213,-0.107215,0.708942,0.292864,0.632564
5847,-188.296,283.467,124.809,-0.1167,0.708742,0.281757,0.636144
5848,-188.705,284.379,124.763,-0.115612,0.708988,0.279315,0.637144
5849,-189.488,283.94,124.321,-0.120649,0.707417,0.278893,0.638141
5850,-188.928,283.647,125.096,-0.136447,0.708668,0.290096,0.628503
5851,-188.284,283.47,125.841,-0.156383,0.709406,0.298739,0.618905
5852,-187.327,283.186,125.793,-0.165937,0.703555,0.302233,0.621394
5853,-187.725,282.575,125.108,-0.166528,0.703042,0.302662,0.621607
5854,-187.147,282.804,125.892,-0.168956,0.70502,0.301514,0.619266
5855,-187.147,282.804,125.892,-0.168956,0.70502,0.301514,0.619266
5856,-187.081,281.946,125.382,-0.170578,0.704406,0.301573,0.619491
5857,-186.879,281.992,126.36,-0.180446,0.703267,0.294531,0.621374
5858,-186.061,282.565,126.403,-0.185315,0.701579,0.294094,0.622056
5859,-185.313,282.767,127.035,-0.190067,0.701165,0.29316,0.62153
5860,-185.292,283.21,126.139,-0.187027,0.699576,0.29287,0.624373
5861,-185.292,283.21,126.139,-0.187027,0.699576,0.29287,0.624373
5862,-184.665,282.451,125.963,-0.187027,0.699576,0.29287,0.624373
5863,-184.206,283.093,125.349,-0.184478,0.699266,0.298704,0.622712
5864,-184.791,283.858,125.617,-0.182807,0.69905,0.300709,0.622483
5865,-185.414,284.584,125.907,-0.181373,0.699748,0.300286,0.622322
5866,-184.636,284.871,126.466,-0.185128,0.698952,0.306103,0.619269
5867,-183.927,285.575,126.424,-0.193461,0.696173,0.306614,0.6196
5868,-183.308,285.782,125.666,-0.201118,0.692382,0.307165,0.621135
5869,-182.788,286.13,124.887,-0.205335,0.69014,0.306516,0.62257
5870,-183.191,287.045,124.912,-0.206243,0.690127,0.30501,0.623023
5871,-183.096,287.695,124.158,-0.20149,0.690057,0.299808,0.627167
5872,-183.586,286.839,123.992,-0.196677,0.693549,0.296623,0.626357
5873,-182.76,287.278,124.346,-0.192189,0.696958,0.295659,0.624419
5874,-182.112,287.957,124.001,-0.188562,0.699994,0.292912,0.623422
5875,-181.275,288.374,124.355,-0.182019,0.704621,0.291575,0.620776
5876,-180.415,288.849,124.543,-0.174092,0.710186,0.291613,0.616676
5877,-181.086,288.269,125.005,-0.17372,0.711989,0.292356,0.614346
5878,-181.086,288.269,125.005,-0.17372,0.711989,0.292356,0.614346
5879,-181.497,288.562,124.142,-0.174998,0.71094,0.291323,0.615687
5880,-181.497,288.562,124.142,-0.174998,0.71094,0.291323,0.615687
5881,-182.104,289.331,124.341,-0.174998,0.71094,0.291323,0.615687
5882,-182.63,288.616,124.802,-0.176591,0.710454,0.290595,0.616138
5883,-182.021,287.848,124.606,-0.176591,0.710454,0.290595,0.616138
5884,-181.412,287.079,124.411,-0.176591,0.710454,0.290595,0.616138
5885,-181.2,286.933,125.377,-0.179406,0.713253,0.289316,0.612683
5886,-181.397,286.31,124.621,-0.181671,0.711632,0.289626,0.613753
5887,-181.628,287.132,125.141,-0.184306,0.710772,0.288887,0.614312
5888,-181.02,287.816,124.739,-0.186917,0.708147,0.29302,0.614597
5889,-181.613,288.582,124.989,-0.185267,0.708064,0.288517,0.617317
5890,-180.77,288.991,125.338,-0.189159,0.705535,0.28953,0.618556
5891,-180.162,289.612,124.842,-0.192669,0.704802,0.285356,0.620246
5892,-179.347,290.008,125.264,-0.195161,0.704084,0.28338,0.621188
5893,-178.59,290.445,125.75,-0.195124,0.704711,0.279927,0.622053
5894,-178.467,291.429,125.62,-0.195824,0.705371,0.275741,0.622954
5895,-177.631,291.91,125.883,-0.194256,0.706473,0.273848,0.623031
5896,-177.438,292.791,125.451,-0.194465,0.7068,0.270689,0.623974
5897,-177.714,293.752,125.482,-0.192931,0.708076,0.265587,0.625195
5898,-176.856,294.049,125.903,-0.189938,0.710654,0.25888,0.625999
5899,-177.382,294.899,125.945,-0.187778,0.711309,0.256512,0.626881
5900,-176.524,295.389,126.097,-0.182417,0.714037,0.256838,0.625228
5901,-175.654,295.8,126.371,-0.177954,0.715903,0.258417,0.623727
5902,-176.179,296.58,126.712,-0.175985,0.716876,0.256369,0.624014
5903,-175.358,296.962,127.136,-0.176658,0.716569,0.260491,0.622467
5904,-175.888,297.664,127.612,-0.176493,0.717326,0.258415,0.622507
5905,-176.464,298.441,127.869,-0.172846,0.71918,0.252336,0.623884
5906,-175.643,298.896,128.214,-0.174186,0.717007,0.256444,0.624337
5907,-176.134,299.693,128.566,-0.177211,0.716257,0.252845,0.625813
5908,-176.568,300.521,128.92,-0.179508,0.715587,0.250415,0.626901
5909,-175.657,300.912,128.791,-0.185254,0.711196,0.254005,0.628778
5910,-174.848,301.282,129.248,-0.190798,0.709014,0.25316,0.629924
5911,-173.975,301.672,129.542,-0.193467,0.707617,0.249866,0.631993
5912,-174.202,302.64,129.431,-0.189812,0.708591,0.244355,0.634161
5913,-173.623,301.832,129.326,-0.189812,0.708591,0.244355,0.634161
5914,-172.716,302.253,129.341,-0.185644,0.7102,0.244706,0.633459
5915,-171.865,302.67,129.658,-0.182055,0.711476,0.245764,0.632659
5916,-171.664,303.244,128.865,-0.175373,0.712192,0.247767,0.63296
5917,-170.858,303.669,128.452,-0.172548,0.713621,0.250235,0.631154
5918,-171.29,304.562,128.572,-0.169101,0.715309,0.245643,0.631979
5919,-170.34,304.576,128.261,-0.172581,0.714175,0.248916,0.631039
5920,-169.667,304.613,128.999,-0.178762,0.715542,0.24927,0.627621
5921,-168.68,304.54,128.852,-0.180647,0.714979,0.248591,0.627992
5922,-168.11,303.729,128.724,-0.180647,0.714979,0.248591,0.627992
5923,-167.256,304.126,129.06,-0.177183,0.71708,0.244434,0.628215
5924,-166.374,304.095,128.59,-0.175919,0.717425,0.244914,0.62799
5925,-165.471,304.505,128.72,-0.174623,0.718781,0.243541,0.627334
5926,-165.471,304.505,128.72,-0.174623,0.718781,0.243541,0.627334
5927,-164.53,304.834,128.645,-0.174623,0.718781,0.243541,0.627334
5928,-163.869,305.189,129.306,-0.175376,0.719823,0.241282,0.626802
5929,-163.043,305.59,129.703,-0.177465,0.719489,0.240455,0.626915
5930,-162.213,305.989,129.314,-0.180072,0.716771,0.237741,0.630312
5931,-162.213,305.989,129.314,-0.180072,0.716771,0.237741,0.630312
5932,-161.275,306.333,129.353,-0.180221,0.716763,0.237316,0.630438
5933,-160.382,306.693,129.624,-0.178115,0.717582,0.239427,0.629306
5934,-160.382,306.693,129.624,-0.178115,0.717582,0.239427,0.629306
5935,-160.413,307.465,130.259,-0.176688,0.719091,0.237768,0.628614
5936,-159.478,307.719,130.013,-0.178336,0.717957,0.237559,0.629524
5937,-159.478,307.719,130.013,-0.178336,0.717957,0.237559,0.629524
5938,-158.527,308.013,129.917,-0.179748,0.716911,0.237146,0.630468
5939,-157.656,308.478,130.077,-0.176592,0.718027,0.237671,0.629893
5940,-157.656,308.478,130.077,-0.176592,0.718027,0.237671,0.629893
5941,-156.783,308.929,129.891,-0.177533,0.716988,0.239168,0.630245
5942,-156.783,308.929,129.891,-0.177533,0.716988,0.239168,0.630245
5943,-155.871,309.336,129.835,-0.177533,0.716988,0.239168,0.630245
5944,-155.067,309.841,129.523,-0.177654,0.717075,0.238427,0.630394
5945,-154.084,309.841,129.336,-0.180327,0.715933,0.236753,0.631562
5946,-153.329,310.473,129.51,-0.181047,0.715264,0.236369,0.632257
5947,-152.52,310.889,129.095,-0.18187,0.714019,0.235666,0.633689
5948,-151.616,311.299,129.216,-0.18187,0.714019,0.235666,0.633689
5949,-150.659,311.587,129.191,-0.182056,0.713818,0.2354,0.633961
5950,-149.824,311.907,128.744,-0.182957,0.712086,0.235158,0.635736
5951,-150.057,312.88,128.735,-0.179913,0.71306,0.231244,0.636948
5952,-150.439,313.803,128.761,-0.17141,0.716565,0.225909,0.637274
5953,-150.681,314.74,129.013,-0.168715,0.71838,0.221637,0.63745
5954,-151.019,315.671,129.149,-0.160277,0.721417,0.215969,0.638143
5955,-150.448,314.951,128.756,-0.159869,0.720587,0.220397,0.637669
5956,-149.844,314.459,128.128,-0.155352,0.721778,0.21887,0.637964
5957,-148.952,314.799,127.833,-0.155074,0.721991,0.219458,0.637589
5958,-149.182,315.674,128.26,-0.15134,0.725498,0.211626,0.637152
5959,-148.189,315.798,128.265,-0.151713,0.724632,0.211154,0.638205
5960,-147.345,316.236,127.955,-0.150344,0.723304,0.209706,0.640509
5961,-146.406,316.574,127.898,-0.151151,0.723724,0.208914,0.640103
5962,-145.546,316.941,128.252,-0.153584,0.723031,0.205569,0.641389
5963,-144.633,317.196,127.933,-0.155662,0.719815,0.199242,0.646482
5964,-143.992,317.773,128.439,-0.155662,0.719815,0.199242,0.646482
5965,-143.037,318.066,128.472,-0.157677,0.717706,0.197978,0.648723
5966,-142.064,318.291,128.535,-0.157677,0.717706,0.197978,0.648723
5967,-141.079,318.405,128.41,-0.163511,0.712864,0.20215,0.651325
5968,-140.121,318.686,128.349,-0.165693,0.70982,0.203872,0.653558
5969,-139.276,318.382,128.788,-0.167519,0.709147,0.202225,0.654334
5970,-138.378,318.758,128.558,-0.16472,0.707558,0.205008,0.655897
5971,-138.561,319.712,128.796,-0.159678,0.709181,0.202799,0.656077
5972,-138.504,320.597,129.258,-0.157539,0.709749,0.20255,0.656058
5973,-137.576,320.481,128.904,-0.156147,0.708568,0.209217,0.655575
5974,-136.614,320.253,129.053,-0.156146,0.708568,0.209217,0.655574
5975,-135.727,319.807,128.942,-0.154467,0.708467,0.211679,0.655291
5976,-134.992,319.246,128.561,-0.150049,0.708515,0.213642,0.655628
5977,-134.246,318.684,128.202,-0.139427,0.712039,0.21212,0.654649
5978,-134.557,319.138,127.366,-0.117332,0.709694,0.204625,0.66385
5979,-133.657,319.233,126.94,-0.107422,0.713241,0.203033,0.662212
5980,-133.981,319.677,127.776,-0.0957305,0.719793,0.195899,0.659058
5981,-134.151,320.239,126.967,-0.060593,0.714969,0.173393,0.674599
5982,-133.181,320.34,127.191,0.00232063,0.736776,0.157975,0.657419
5983,-133.096,319.511,126.638,0.0254501,0.73793,0.170656,0.652448
5984,-133.192,319.975,125.758,0.0277741,0.726081,0.148025,0.670913
5985,-132.307,320.032,126.22,-0.00250822,0.72599,0.126932,0.675885
5986,-132.444,319.917,125.236,-0.036893,0.713821,0.10555,0.691345
5987,-133.443,319.928,125.275,-0.0647232,0.704716,0.0887502,0.700935
5988,-133.525,320.659,125.953,-0.0862097,0.703258,0.067191,0.702482
5989,-133.853,321.306,126.641,-0.104291,0.697207,0.0696697,0.705813
5990,-134.061,322.205,127.025,-0.108951,0.69507,0.060934,0.708021
5991,-133.973,322.811,127.816,-0.102435,0.694634,0.0701818,0.708566
5992,-132.995,322.885,128.008,-0.089713,0.691073,0.08308,0.712368
5993,-132.615,323.322,128.823,-0.0632775,0.695655,0.0991052,0.708688
5994,-132.382,322.437,128.419,-0.0273775,0.698373,0.135565,0.702244
5995,-131.396,322.499,128.578,-0.0126183,0.704122,0.143336,0.695348
5996,-131.043,322.737,127.673,-0.00691038,0.700823,0.154576,0.696352
5997,-130.434,322.545,126.903,-0.0176571,0.69672,0.16289,0.698381
5998,-129.44,322.657,126.929,-0.034728,0.694173,0.160495,0.700827
5999,-128.494,322.396,127.122,-0.0478782,0.691391,0.15508,0.704014
6000,-127.554,322.602,127.392,-0.0567726,0.688952,0.149982,0.706844
6001,-126.663,322.229,127.649,-0.0643204,0.687195,0.145577,0.708825
6002,-126.524,322.77,126.82,-0.0677103,0.682229,0.136397,0.715105
6003,-125.57,323.068,126.86,-0.075169,0.68015,0.121905,0.718947
6004,-125.23,323.414,127.734,-0.0795084,0.682087,0.115151,0.717758
6005,-125.518,324.183,128.305,-0.080475,0.681952,0.115171,0.717775
6006,-125.422,325.05,128.794,-0.0836892,0.679906,0.125039,0.717697
6007,-125.427,325.983,129.154,-0.0836981,0.679903,0.125035,0.717699
6008,-124.574,326.462,129.358,-0.0833612,0.680445,0.124546,0.71731
6009,-123.818,325.94,128.963,-0.0833612,0.680445,0.124546,0.71731
6010,-123.839,326.938,129.027,-0.0808653,0.681628,0.119059,0.717404
6011,-123.549,326.011,128.79,-0.0829989,0.681298,0.123552,0.716714
6012,-123.6,326.982,128.556,-0.0818814,0.681159,0.121331,0.717354
6013,-123.697,327.975,128.615,-0.0815438,0.681599,0.118708,0.717413
6014,-123.724,328.975,128.599,-0.0733023,0.682936,0.112052,0.718101
6015,-123.472,328.058,128.291,-0.0748957,0.682049,0.11494,0.718324
6016,-122.891,327.352,127.883,-0.0740406,0.682123,0.114665,0.718386
6017,-123.702,327.261,127.305,-0.0779432,0.68182,0.115422,0.718139
6018,-123.43,326.299,127.259,-0.0779432,0.68182,0.115422,0.718139
6019,-122.431,326.303,127.209,-0.0782252,0.682902,0.108923,0.718096
6020,-122.008,325.428,126.973,-0.0792606,0.682882,0.108485,0.718067
6021,-122.272,326.392,127.008,-0.0792606,0.682882,0.108485,0.718067
6022,-121.967,325.485,126.716,-0.0825697,0.681771,0.113645,0.717952
6023,-121.008,325.59,126.982,-0.08154,0.682587,0.116087,0.716903
6024,-121.143,326.581,126.974,-0.0827552,0.682432,0.115485,0.717009
6025,-121.355,327.548,127.114,-0.0807791,0.683975,0.102239,0.717775
6026,-121.643,328.505,127.069,-0.0803805,0.684164,0.0937694,0.718795
6027,-121.927,329.453,127.212,-0.0790556,0.684766,0.0858017,0.719364
6028,-121.695,328.48,127.209,-0.0790556,0.684766,0.0858017,0.719364
6029,-120.854,328.044,127.528,-0.0807715,0.684361,0.0830452,0.719882
6030,-120.487,328.975,127.523,-0.0763672,0.684453,0.0770941,0.720936
6031,-119.68,328.397,127.642,-0.0737863,0.684441,0.0711785,0.721824
6032,-119.671,328.347,128.641,-0.0732947,0.685371,0.0708565,0.721023
6033,-119.649,329.347,128.631,-0.0716014,0.686031,0.0664525,0.720985
6034,-119.108,330.165,128.826,-0.0772052,0.685851,0.0671092,0.720517
6035,-119.23,331.142,128.999,-0.0712491,0.687373,0.0607506,0.720244
6036,-119.261,332.142,129.002,-0.0661037,0.687184,0.0531966,0.721511
6037,-120.14,332.159,129.479,-0.0701054,0.685042,0.0546552,0.723059
6038,-119.703,331.684,130.242,-0.071355,0.685116,0.0540603,0.722912
6039,-118.862,331.307,130.63,-0.0680264,0.685057,0.0514761,0.723478
6040,-118.862,331.307,130.63,-0.0680264,0.685057,0.0514761,0.723478
6041,-118.825,332.306,130.67,-0.0644378,0.684979,0.050672,0.723936
6042,-118.614,331.33,130.614,-0.063556,0.68495,0.0510543,0.724015
6043,-117.639,331.318,130.838,-0.0614176,0.685662,0.0511205,0.72352
6044,-116.662,331.391,131.038,-0.0604592,0.686712,0.051202,0.7226
6045,-115.69,331.281,131.248,-0.0597909,0.687308,0.0509502,0.722105
6046,-115.045,330.527,131.126,-0.0589455,0.68729,0.0464358,0.722496
6047,-114.611,329.751,130.669,-0.0605575,0.686413,0.0455937,0.72325
6048,-114.76,330.74,130.644,-0.0605575,0.686413,0.0455937,0.72325
6049,-114.76,330.74,130.644,-0.0605575,0.686413,0.0455937,0.72325
6050,-113.949,330.429,131.141,-0.0602545,0.686443,0.0451472,0.723275
6051,-113.012,330.187,131.391,-0.0595171,0.686034,0.0425326,0.723882
6052,-112.453,330.559,132.132,-0.0613684,0.685643,0.0406854,0.724205
6053,-111.46,330.616,132.234,-0.0650112,0.684269,0.0392216,0.725266
6054,-110.735,330.656,132.921,-0.0652868,0.684171,0.0387148,0.725361
6055,-110.366,329.818,133.324,-0.0653757,0.684192,0.0385824,0.72534
6056,-109.409,329.636,133.548,-0.0642098,0.683728,0.0402461,0.725792
6057,-109.412,330.636,133.535,-0.0573135,0.68369,0.0378346,0.726534
6058,-109.438,331.634,133.605,-0.0473703,0.684479,0.0341463,0.72669
6059,-109.484,332.632,133.645,-0.0384916,0.684371,0.0299846,0.727499
6060,-108.521,332.664,133.375,-0.0392499,0.683042,0.0326577,0.728593
6061,-107.56,332.628,133.647,-0.0392935,0.683428,0.0303736,0.728327
6062,-107.278,331.69,133.85,-0.0392935,0.683428,0.0303736,0.728327
6063,-106.749,330.87,134.071,-0.0406154,0.683282,0.029462,0.728428
6064,-105.786,330.714,134.29,-0.041478,0.682734,0.0273753,0.728974
6065,-104.79,330.648,134.343,-0.041478,0.682734,0.0273753,0.728974
6066,-103.794,330.573,134.282,-0.0413822,0.682735,0.026985,0.728994
6067,-102.814,330.603,134.475,-0.0411143,0.682549,0.0253131,0.729243
6068,-101.935,330.129,134.415,-0.0417029,0.682199,0.0251095,0.729544
6069,-100.94,330.17,134.505,-0.0429666,0.681513,0.024361,0.730137
6070,-100.94,330.17,134.505,-0.0429666,0.681513,0.024361,0.730137
6071,-99.9746,329.912,134.531,-0.0439863,0.680965,0.0232378,0.730624
6072,-99.0775,329.804,134.96,-0.0444106,0.681156,0.022895,0.730431
6073,-98.127,329.563,135.156,-0.0453215,0.680199,0.0216335,0.731305
6074,-97.3269,329.038,135.445,-0.0453215,0.680199,0.0216335,0.731305
6075,-96.3281,329.083,135.466,-0.0428383,0.680783,0.0222139,0.730894
6076,-95.6476,328.371,135.638,-0.0428383,0.680783,0.0222139,0.730894
6077,-94.9014,327.715,135.523,-0.0404637,0.68059,0.0239248,0.731155
6078,-93.9415,327.554,135.753,-0.0347527,0.682375,0.0268535,0.729681
6079,-93.0047,327.717,135.444,-0.0343306,0.682293,0.0274064,0.729758
6080,-92.0167,327.565,135.416,-0.0366879,0.682972,0.0276865,0.728997
6081,-92.0167,327.565,135.416,-0.0366879,0.682972,0.0276865,0.728997
6082,-91.2525,326.925,135.341,-0.0366806,0.682971,0.0277002,0.728997
6083,-91.2177,327.873,135.655,-0.0368229,0.682932,0.0262213,0.729082
6084,-90.2418,327.657,135.628,-0.0375927,0.682582,0.0249784,0.729414
6085,-89.8291,326.806,135.953,-0.0375911,0.682582,0.0249775,0.729414
6086,-88.8818,326.491,136.012,-0.0399234,0.680871,0.0246898,0.730897
6087,-88.0057,326.018,136.106,-0.0425564,0.678766,0.0217688,0.732797
6088,-87.3302,326.339,136.77,-0.0425564,0.678766,0.0217688,0.732797
6089,-86.3814,326.023,136.758,-0.0434975,0.677837,0.020907,0.733627
6090,-85.4027,325.954,136.951,-0.0434975,0.677837,0.020907,0.733627
6091,-85.4027,325.954,136.951,-0.0434975,0.677837,0.020907,0.733627
6092,-84.4139,325.808,136.918,-0.0467132,0.676751,0.0205674,0.73444
6093,-83.8238,325.001,136.929,-0.0471346,0.676816,0.0203637,0.734359
6094,-82.8581,324.764,136.823,-0.0453257,0.676244,0.0210999,0.734979
6095,-82.7254,323.782,136.961,-0.0452634,0.676392,0.0202266,0.734871
6096,-82.4346,322.834,137.084,-0.0454397,0.676427,0.0200538,0.734833
6097,-81.4529,322.799,137.272,-0.0429386,0.67724,0.0169921,0.734312
6098,-80.4601,322.824,137.389,-0.042856,0.678328,0.0169835,0.733312
6099,-79.5657,322.378,137.423,-0.045791,0.678659,0.0192353,0.732772
6100,-79.5492,323.366,137.577,-0.0446918,0.679138,0.0153543,0.732488
6101,-78.6884,322.857,137.584,-0.0500457,0.677401,0.0149079,0.733758
6102,-77.8012,322.406,137.68,-0.0522796,0.67682,0.0148387,0.734139
6103,-77.5439,321.544,138.117,-0.0534842,0.676814,0.0143811,0.734067
6104,-76.6922,321.047,138.282,-0.0544622,0.676762,0.0139795,0.734051
6105,-76.5869,322.037,138.372,-0.0469162,0.677006,0.00486119,0.734464
6106,-76.5869,322.037,138.372,-0.0469162,0.677006,0.00486119,0.734464
6107,-75.997,321.337,138.774,-0.0469205,0.677004,0.00484537,0.734466
6108,-75.0535,321.012,138.836,-0.0461867,0.677017,0.00466917,0.734502
6109,-74.2585,320.406,138.796,-0.0462751,0.676869,0.0035512,0.734639
6110,-74.1907,319.411,138.859,-0.0462751,0.676869,0.0035512,0.734639
6111,-74.0062,320.361,139.108,-0.0420174,0.67801,-0.00102002,0.73385
6112,-73.2771,319.689,138.979,-0.0418412,0.678256,-0.00131481,0.733632
6113,-72.9417,318.797,138.677,-0.042149,0.678019,-0.000800226,0.733835
6114,-72.0062,318.511,138.886,-0.0396623,0.67944,-0.0010174,0.732658
6115,-71.1025,318.675,138.49,-0.0397844,0.679791,-0.00053923,0.732326
6116,-70.1199,318.574,138.334,-0.040867,0.680332,0.00248131,0.731759
6117,-69.7085,317.672,138.206,-0.040867,0.680332,0.00248131,0.731759
6118,-68.9942,316.975,138.145,-0.0408836,0.680317,0.00250576,0.731772
6119,-68.5084,316.198,138.545,-0.0397626,0.68068,0.00219799,0.731498
6120,-67.6234,315.745,138.654,-0.0400902,0.680023,0.000784991,0.732094
6121,-66.6771,315.436,138.75,-0.040557,0.67951,0.00111148,0.732543
6122,-66.6771,315.436,138.75,-0.040557,0.67951,0.00111148,0.732543
6123,-66.6771,315.436,138.75,-0.040557,0.67951,0.00111148,0.732543
6124,-65.7429,315.174,138.991,-0.0407264,0.679132,0.000867353,0.732885
6125,-64.7797,315.093,139.248,-0.0415683,0.678477,0.000477943,0.733444
6126,-63.7929,314.948,139.32,-0.0415892,0.678159,-0.000213724,0.733737
6127,-63.7929,314.948,139.32,-0.0415892,0.678159,-0.000213724,0.733737
6128,-62.7948,315.007,139.337,-0.0356377,0.679214,0.00199928,0.733072
6129,-62.0969,315.597,138.932,-0.0357983,0.679252,0.00201142,0.733029
6130,-61.1062,315.505,139.033,-0.041523,0.679355,0.00536701,0.732615
6131,-61.0779,316.499,139.133,-0.0417977,0.67956,0.00303891,0.732422
6132,-60.8806,317.468,138.981,-0.0379534,0.67852,-0.00397654,0.73359
6133,-60.8316,318.463,138.898,-0.0264756,0.678076,-0.0173741,0.73431
6134,-60.8212,317.465,138.96,-0.0264756,0.678076,-0.0173741,0.73431
6135,-60.5665,316.498,138.958,-0.0265935,0.677774,-0.0198728,0.73452
6136,-59.6272,316.309,139.245,-0.0243533,0.677796,-0.0220558,0.734516
6137,-59.4657,317.243,139.564,-0.0153607,0.678333,-0.0300976,0.733977
6138,-58.4671,317.201,139.596,-0.0135624,0.678225,-0.0301498,0.73411
6139,-58.4671,317.201,139.596,-0.0135624,0.678225,-0.0301498,0.73411
6140,-58.4671,317.201,139.596,-0.0135624,0.678225,-0.0301498,0.73411
6141,-57.4695,317.14,139.562,-0.0119985,0.677869,-0.0298016,0.73448
6142,-57.4695,317.14,139.562,-0.0119985,0.677869,-0.0298016,0.73448
6143,-57.1856,316.297,140.019,-0.0119985,0.677869,-0.0298016,0.73448
6144,-56.2131,316.281,140.252,-0.0109477,0.676953,-0.0334514,0.735184
6145,-55.5765,316.651,140.928,-0.0117804,0.677324,-0.0356951,0.734724
6146,-55.3954,317.396,141.57,-0.0117804,0.677324,-0.0356951,0.734724
6147,-54.4175,317.269,141.736,-0.0208897,0.675051,-0.0325161,0.736758
6148,-54.311,318.222,142.021,-0.0158124,0.675613,-0.0398001,0.736011
6149,-53.6805,318.288,142.794,-0.0150656,0.675065,-0.0413614,0.736444
6150,-53.2876,317.457,143.188,-0.0143247,0.674704,-0.0414466,0.736785
6151,-53.163,316.481,143.367,-0.0132497,0.674369,-0.0415931,0.737103
6152,-52.5674,315.806,143.803,-0.00892773,0.674967,-0.0417197,0.736613
6153,-52.3207,314.837,143.832,-0.00956063,0.675094,-0.0413159,0.736512
6154,-51.88,315.547,144.382,-0.00708167,0.675821,-0.0418399,0.735843
6155,-50.9067,315.693,144.56,-0.00460493,0.676998,-0.0411737,0.734817
6156,-50.9067,315.693,144.56,-0.00460493,0.676998,-0.0411737,0.734817
6157,-50.1007,315.105,144.494,-0.00460493,0.676998,-0.0411737,0.734817
6158,-49.233,314.929,144.028,-0.00297701,0.676142,-0.0436939,0.735468
6159,-48.5314,314.229,144.161,-0.00361103,0.675839,-0.0445843,0.73569
6160,-47.6337,313.804,144.047,-0.00380704,0.675171,-0.0461486,0.736206
6161,-47.1154,313.108,144.544,-0.00380704,0.675171,-0.0461486,0.736206
6162,-46.2082,312.857,144.882,-0.00369852,0.675015,-0.0467531,0.736312
6163,-46.2082,312.857,144.882,-0.00369852,0.675015,-0.0467531,0.736312
6164,-46.2082,312.857,144.882,-0.00369852,0.675015,-0.0467531,0.736312
6165,-46.2082,312.857,144.882,-0.00369852,0.675015,-0.0467531,0.736312
6166,-45.3637,312.334,144.998,-0.00204404,0.675522,-0.0469177,0.735842
6167,-44.4646,312.029,145.311,-0.00257344,0.675533,-0.0472587,0.73581
6168,-43.893,312.791,145.615,-0.00324781,0.67553,-0.0471282,0.735818
6169,-43.5809,312.506,146.522,-0.00773002,0.677562,-0.046843,0.733932
6170,-43.7045,312.969,145.644,-0.00767509,0.677005,-0.04733,0.734415
6171,-42.7432,312.787,145.437,-0.00913885,0.675952,-0.0495046,0.735224
6172,-41.9754,312.26,145.801,-0.00913885,0.675952,-0.0495046,0.735224
6173,-41.1222,311.924,146.2,-0.0129284,0.674878,-0.0508867,0.736059
6174,-40.1622,311.773,146.436,-0.0135774,0.6742,-0.0526924,0.736541
6175,-40.1622,311.773,146.436,-0.0135774,0.6742,-0.0526924,0.736541
6176,-39.4704,311.632,147.144,-0.014357,0.674131,-0.0534421,0.736536
6177,-39.2943,311.341,148.085,-0.022496,0.68046,-0.0487042,0.730819
6178,-38.5467,310.716,148.31,-0.0260166,0.679747,-0.0473456,0.731455
6179,-37.8066,310.181,148.716,-0.0259941,0.679171,-0.0471491,0.732002
6180,-37.8403,309.186,148.818,-0.0259941,0.679171,-0.0471491,0.732002
6181,-36.9821,308.719,149.03,-0.0248541,0.678908,-0.0482519,0.732214
6182,-36.9821,308.719,149.03,-0.0248541,0.678908,-0.0482519,0.732214
6183,-36.2751,308.019,149.135,-0.0248482,0.678914,-0.0482433,0.73221
6184,-35.2978,308.164,149.289,-0.0238567,0.679425,-0.0486695,0.731741
6185,-35.2978,308.164,149.289,-0.0238567,0.679425,-0.0486695,0.731741
6186,-35.2978,308.164,149.289,-0.0238567,0.679425,-0.0486695,0.731741
6187,-34.3824,307.877,149.571,-0.0244031,0.678903,-0.0474366,0.732288
6188,-34.2788,307.454,150.471,-0.0241882,0.677616,-0.0484507,0.733419
6189,-33.4136,307.37,150.965,-0.0249305,0.669991,-0.0526555,0.74008
6190,-33.3301,307.217,151.95,-0.0264733,0.662234,-0.0606839,0.746367
6191,-33.4099,307.236,152.947,-0.030529,0.663361,-0.0711881,0.74428
6192,-33.393,307.204,153.946,-0.0375765,0.659976,-0.0845296,0.74557
6193,-34.2975,307.614,153.826,-0.0556172,0.63832,-0.108397,0.760069
6194,-33.5861,306.964,154.093,-0.0554485,0.638302,-0.108149,0.760131
6195,-33.4622,307.955,154.053,-0.0499234,0.636391,-0.120604,0.760243
6196,-32.8432,308.728,153.913,-0.0457265,0.63414,-0.111557,0.763761
6197,-32.1326,308.145,154.307,-0.0405328,0.634378,-0.100147,0.765436
6198,-31.9941,307.175,154.51,-0.0405328,0.634378,-0.100147,0.765436
6199,-32.0601,306.178,154.551,-0.0421009,0.634683,-0.0986947,0.765287
6200,-31.2138,305.659,154.668,-0.0285819,0.63949,-0.0851079,0.763539
6201,-30.3467,305.233,154.927,-0.0210358,0.641577,-0.0820263,0.76237
6202,-30.3008,306.205,154.698,-0.0125671,0.642991,-0.0783631,0.761751
6203,-31.191,306.493,155.051,-0.0125986,0.642854,-0.0783715,0.761865
6204,-31.3153,307.473,155.209,-0.0110462,0.64172,-0.09777,0.760602
6205,-30.7051,306.714,155.438,-0.0110462,0.64172,-0.09777,0.760602
6206,-30.113,306.914,156.218,-0.0110462,0.64172,-0.09777,0.760602
6207,-30.9195,306.338,156.352,-0.0118099,0.638237,-0.102718,0.762865
6208,-30.1706,306.015,156.931,-0.0118099,0.638237,-0.102718,0.762865
6209,-30.5632,306.689,156.305,-0.0114058,0.637924,-0.102757,0.763128
6210,-30.392,307.674,156.283,-0.00057221,0.637529,-0.102234,0.763613
6211,-31.049,308.273,156.742,-0.00057221,0.637529,-0.102234,0.763613
6212,-31.0353,308.407,157.733,-0.00057221,0.637529,-0.102234,0.763613
6213,-30.4083,309.173,157.589,0.000479075,0.635439,-0.102702,0.76529
6214,-30.5598,308.437,158.249,0.000479075,0.635439,-0.102702,0.76529
6215,-30.5598,308.437,158.249,0.000479075,0.635439,-0.102702,0.76529
6216,-29.9102,309.197,158.256,0.00354994,0.632421,-0.100616,0.768054
6217,-28.9633,308.952,158.464,0.00354994,0.632421,-0.100616,0.768054
6218,-28.1624,308.92,159.062,0.00107728,0.631807,-0.100729,0.768552
6219,-27.6776,309.692,159.472,0.00276351,0.63184,-0.100181,0.768592
6220,-27.2091,309.022,160.048,0.00296658,0.631685,-0.0994841,0.76881
6221,-26.6593,309.857,160.069,0.00695813,0.630807,-0.100572,0.769363
6222,-26.3844,308.939,160.355,0.0067251,0.629557,-0.104074,0.769923
6223,-26.201,309.919,160.435,0.00986954,0.628717,-0.113038,0.769311
6224,-26.0146,310.893,160.308,0.00986954,0.628717,-0.113038,0.769311
6225,-25.668,311.827,160.396,0.00986954,0.628717,-0.113038,0.769311
6226,-25.162,310.97,160.5,0.00694807,0.627012,-0.116312,0.770247
6227,-25.162,310.97,160.5,0.00694807,0.627012,-0.116312,0.770247
6228,-24.479,311.163,161.204,0.00694807,0.627012,-0.116312,0.770247
6229,-24.7676,310.759,162.072,-0.00628062,0.636009,-0.103961,0.764621
6230,-24.5962,311.744,162.09,0.000355916,0.636316,-0.10823,0.763799
6231,-23.794,312.334,162.182,0.00233383,0.636301,-0.10794,0.763848
6232,-22.8179,312.31,161.966,0.00339171,0.636811,-0.105232,0.763797
6233,-22.8179,312.31,161.966,0.00339171,0.636811,-0.105232,0.763797
6234,-22.6487,312.078,161.008,0.00267867,0.631079,-0.104755,0.768608
6235,-22.2843,311.147,160.988,0.00246586,0.631244,-0.10563,0.768353
6236,-22.2843,311.147,160.988,0.00246586,0.631244,-0.10563,0.768353
6237,-21.9075,312.035,160.724,0.0056833,0.630786,-0.108242,0.768349
6238,-21.9075,312.035,160.724,0.0056833,0.630786,-0.108242,0.768349
6239,-21.632,312.979,160.544,0.0056833,0.630786,-0.108242,0.768349
6240,-20.9359,312.804,159.848,0.0065553,0.630651,-0.110056,0.768195
6241,-21.161,311.861,160.093,0.0065907,0.630639,-0.110043,0.768206
6242,-20.9226,310.934,160.382,0.00779659,0.630439,-0.11055,0.768287
6243,-21.4903,310.164,160.672,0.0117622,0.629116,-0.111759,0.769146
6244,-20.7919,310.43,161.336,0.0117622,0.629116,-0.111759,0.769146
6245,-21.71,310.759,161.558,0.00985376,0.626275,-0.114726,0.771052
6246,-21.4559,311.261,162.385,0.0105742,0.6271,-0.115022,0.770327
6247,-21.2045,312.228,162.414,0.0132105,0.624944,-0.115535,0.77196
6248,-20.284,311.882,162.596,0.0132105,0.624944,-0.115535,0.77196
6249,-20.7483,311.131,163.065,0.0132105,0.624944,-0.115535,0.77196
6250,-20.6577,311.953,163.628,0.0132105,0.624944,-0.115535,0.77196
6251,-20.6003,311.152,164.224,0.00284398,0.622774,-0.114055,0.774038
6252,-20.9785,310.588,164.958,0.00288214,0.623062,-0.113428,0.773898
6253,-21.2356,310.506,165.921,0.00276193,0.621541,-0.114616,0.774947
6254,-21.2634,311.5,166.026,0.00271314,0.619872,-0.125285,0.774633
6255,-21.0536,312.17,166.738,0.00271314,0.619872,-0.125285,0.774633
6256,-20.684,313.098,166.681,0.00663785,0.617817,-0.124632,0.776353
6257,-20.6697,314.097,166.65,0.00663785,0.617817,-0.124632,0.776353
6258,-20.3484,315.044,166.681,0.00663785,0.617817,-0.124632,0.776353
6259,-20.4237,314.058,166.831,0.00458094,0.618206,-0.122255,0.776437
6260,-20.4237,314.058,166.831,0.00458094,0.618206,-0.122255,0.776437
6261,-20.3875,313.064,166.936,0.00458094,0.618206,-0.122255,0.776437
6262,-20.8363,313.47,167.732,0.00576888,0.620975,-0.122282,0.774211
6263,-20.8363,313.47,167.732,0.00576888,0.620975,-0.122282,0.774211
6264,-20.5507,314.41,167.548,0.0269431,0.618,-0.128049,0.775212
6265,-20.5507,314.41,167.548,0.0269431,0.618,-0.128049,0.775212
6266,-20.131,314.717,168.402,0.0269431,0.618,-0.128049,0.775212
6267,-20.3387,314.837,169.373,0.0289725,0.622695,-0.129019,0.771211
6268,-20.4717,314.924,170.36,0.0289725,0.622695,-0.129019,0.771211
6269,-20.965,314.891,171.23,0.0289725,0.622695,-0.129019,0.771211
6270,-20.1584,314.374,171.517,0.0268124,0.61655,-0.135425,0.775118
6271,-20.7359,314.078,172.277,0.0268124,0.61655,-0.135425,0.775118
6272,-20.1051,313.848,171.536,0.0264703,0.614875,-0.136401,0.776288
6273,-21.0346,314.217,171.519,0.0247435,0.603914,-0.144622,0.783428
6274,-20.0941,313.927,171.697,0.0247435,0.603914,-0.144622,0.783428
6275,-20.53,313.083,172.009,0.0188392,0.603689,-0.133007,0.78582
6276,-20.0345,313.159,172.875,0.0188392,0.603689,-0.133007,0.78582
6277,-20.4548,312.259,172.991,0.0188392,0.603689,-0.133007,0.78582
6278,-19.554,312.12,172.579,0.0188803,0.603004,-0.130453,0.786773
6279,-19.0543,312.94,172.86,0.0188803,0.603004,-0.130453,0.786773
6280,-19.3453,312.035,172.547,0.0188803,0.603004,-0.130453,0.786773
6281,-18.6553,311.602,173.127,0.0210059,0.6031,-0.126973,0.787214
6282,-18.8253,310.622,173.229,0.0204864,0.603173,-0.126393,0.787266
6283,-18.5116,311.571,173.235,0.0214584,0.603056,-0.126372,0.787333
6284,-17.8341,311.646,173.966,0.0249615,0.603473,-0.12452,0.787205
6285,-17.3673,312.503,174.187,0.0249615,0.603473,-0.12452,0.787205
6286,-16.555,312.303,174.735,0.023559,0.603501,-0.123072,0.787454
6287,-16.366,311.713,175.52,0.023559,0.603501,-0.123072,0.787454
6288,-16.9957,311.143,176.047,0.023559,0.603501,-0.123072,0.787454
6289,-17.941,311.268,176.349,0.0245533,0.603056,-0.123456,0.787705
6290,-17.6637,310.925,177.246,0.0245533,0.603056,-0.123456,0.787705
6291,-17.0687,311.699,177.463,0.0289483,0.602168,-0.123344,0.788253
6292,-16.1135,311.603,177.743,0.0273346,0.601832,-0.120926,0.788941
6293,-16.1135,311.603,177.743,0.0273346,0.601832,-0.120926,0.788941
6294,-15.722,312.522,177.789,0.0272533,0.601808,-0.120716,0.788994
6295,-14.8827,312.379,178.314,0.0280749,0.601783,-0.113358,0.790075
6296,-14.6804,313.348,178.166,0.0371935,0.600403,-0.114678,0.790558
6297,-14.4747,314.326,178.137,0.0406438,0.600285,-0.113968,0.79058
6298,-13.6468,314.051,178.625,0.0382361,0.599434,-0.114493,0.79127
6299,-13.3881,313.904,179.58,0.037484,0.599691,-0.117955,0.790602
6300,-14.2686,313.727,180.02,0.0339872,0.598908,-0.121712,0.790784
6301,-13.7197,313.725,180.856,0.0333937,0.599147,-0.122245,0.790546
6302,-13.5847,312.879,181.372,0.0333937,0.599147,-0.122245,0.790546
6303,-13.7925,313.141,180.429,0.041677,0.592872,-0.128736,0.793847
6304,-13.7738,312.228,180.837,0.0480597,0.591925,-0.12769,0.794361
6305,-14.5505,311.946,181.4,0.043217,0.594921,-0.110816,0.794935
6306,-14.293,312.911,181.45,0.0562522,0.594438,-0.108934,0.79474
6307,-13.7944,312.426,180.732,0.0413811,0.584619,-0.0892232,0.805324
6308,-13.2779,312.292,181.577,0.0385076,0.584212,-0.0850174,0.806217
6309,-12.7434,313.12,181.749,0.0468821,0.582332,-0.0854382,0.807088
6310,-12.6493,313.549,180.851,0.0605725,0.574364,-0.0919932,0.811156
6311,-12.128,314.27,181.308,0.0762616,0.572422,-0.100476,0.810198
6312,-12.1847,314.776,182.168,0.0853214,0.575955,-0.107653,0.805858
6313,-11.7077,314.127,182.761,0.0862412,0.575392,-0.109301,0.805941
6314,-12.2691,314.014,183.58,0.0708777,0.593303,-0.091023,0.79667
6315,-12.1038,313.538,184.444,0.0515163,0.604589,-0.0807955,0.790753
6316,-11.4929,313.217,185.168,0.0530902,0.604358,-0.0832041,0.790575
6317,-10.8078,313.091,185.885,0.0545899,0.60382,-0.0859786,0.790587
6318,-11.0501,312.45,186.613,0.0527464,0.605456,-0.0861172,0.789446
6319,-10.4909,312.247,187.417,0.0514303,0.605558,-0.0872794,0.789327
6320,-10.1311,311.954,186.531,0.0475499,0.600351,-0.0826723,0.79403
6321,-9.37128,312.06,187.173,0.047485,0.600003,-0.0810492,0.794464
6322,-8.53499,311.784,187.646,0.0505927,0.59872,-0.0802063,0.795325
6323,-7.9751,311.603,188.455,0.0563309,0.598561,-0.0784085,0.795238
6324,-7.63572,310.797,188.941,0.0563309,0.598561,-0.0784085,0.795238
6325,-6.73689,310.72,189.372,0.0551737,0.598434,-0.0819612,0.795056
6326,-6.1229,310.633,190.156,0.0507635,0.598244,-0.0863012,0.795034
6327,-5.24567,310.632,190.637,0.0489421,0.597226,-0.0869622,0.795842
6328,-5.57612,309.692,190.721,0.0494609,0.597045,-0.0868569,0.795956
6329,-5.65728,308.696,190.682,0.0494609,0.597045,-0.0868569,0.795956
6330,-5.91404,307.733,190.603,0.0499725,0.597523,-0.0929475,0.794877
6331,-5.99769,306.738,190.666,0.049115,0.598103,-0.0888175,0.794966
6332,-5.1781,307.245,190.934,0.0554928,0.596034,-0.0818676,0.796845
6333,-4.19406,307.218,190.758,0.0540079,0.594987,-0.0796304,0.797955
6334,-4.3817,308.131,191.121,0.0540079,0.594987,-0.0796304,0.797955
6335,-4.51638,309.081,191.402,0.0540079,0.594987,-0.0796304,0.797955
6336,-4.00808,308.745,190.609,0.0443246,0.585191,-0.0721491,0.806462
6337,-4.20818,308.645,191.584,0.0427634,0.588348,-0.0728333,0.804185
6338,-3.38673,308.661,191.014,0.0417061,0.58635,-0.0770781,0.805303
6339,-2.75023,308.511,191.77,0.0393631,0.586051,-0.0806633,0.805287
6340,-2.18644,308.281,192.563,0.03479,0.585351,-0.0861886,0.805435
6341,-1.39649,308.097,191.978,0.0318293,0.582821,-0.0844544,0.807573
6342,-1.70771,308.379,192.886,0.0357303,0.588678,-0.0821395,0.80339
6343,-0.87612,308.7,193.339,0.0357293,0.588677,-0.0821382,0.80339
6344,-0.46473,308.94,194.218,0.042342,0.590068,-0.0851825,0.80173
6345,-0.419137,309.928,194.067,0.0485197,0.589886,-0.0868967,0.801329
6346,0.415259,309.79,194.601,0.0511286,0.590042,-0.0887389,0.800851
6347,1.20411,309.713,195.211,0.0530348,0.589677,-0.0874128,0.801141
6348,1.62915,310.614,195.306,0.0553693,0.589171,-0.0872224,0.801377
6349,2.32478,310.518,196.018,0.0530254,0.589351,-0.0879479,0.801323
6350,2.95861,310.609,196.786,0.0515817,0.58992,-0.0891122,0.80087
6351,2.54852,310.266,197.631,0.0515817,0.58992,-0.0891122,0.80087
6352,2.99125,310.151,198.52,0.0509878,0.589895,-0.0913125,0.800678
6353,2.39837,309.424,198.868,0.0509878,0.589895,-0.0913125,0.800678
6354,3.06794,309.996,198.393,0.0528246,0.588199,-0.0948657,0.801394
6355,3.92814,309.997,197.883,0.0553012,0.584914,-0.0975896,0.803302
6356,4.21481,309.944,198.84,0.0553016,0.584913,-0.0975893,0.803302
6357,5.0659,309.718,199.314,0.0570004,0.58417,-0.0993518,0.803509
6358,5.41097,310.655,199.371,0.0612993,0.582741,-0.0960409,0.804631
6359,5.63697,311.629,199.357,0.0612993,0.582741,-0.0960409,0.804631
6360,6.20537,311.633,200.18,0.061878,0.582257,-0.0919284,0.805417
6361,7.06706,311.569,200.684,0.0622652,0.580653,-0.0849072,0.807314
6362,7.33299,312.468,201.033,0.0632124,0.580666,-0.0848836,0.807233
6363,8.14085,312.229,201.571,0.0635619,0.580231,-0.0864035,0.807357
6364,7.92758,311.252,201.569,0.0635619,0.580231,-0.0864035,0.807357
6365,8.72109,311.307,202.175,0.0635033,0.579311,-0.0825437,0.808426
6366,9.54837,311.171,201.63,0.0605345,0.570358,-0.0716455,0.816024
6367,10.137,311.198,202.438,0.0625214,0.569453,-0.0665787,0.816934
6368,11.0848,311.173,202.756,0.0655447,0.566663,-0.0533519,0.819604
6369,11.55,312.055,202.832,0.0689918,0.566916,-0.0581193,0.818821
6370,11.5772,311.06,202.74,0.0688686,0.566974,-0.0581816,0.818787
6371,11.4039,310.076,202.693,0.0688686,0.566974,-0.0581816,0.818787
6372,12.2497,309.88,203.19,0.0720574,0.564598,-0.0508034,0.820644
6373,12.2638,308.895,203.019,0.0728633,0.564569,-0.0535321,0.820419
6374,12.149,307.909,202.897,0.0783657,0.565708,-0.0678294,0.818067
6375,11.7254,308.228,203.745,0.0933013,0.586348,-0.0889221,0.79974
6376,11.4877,307.743,204.587,0.0822705,0.5953,-0.0652717,0.796611
6377,11.5849,307.059,205.31,0.0573294,0.602572,-0.0374538,0.795121
6378,12.0584,306.891,204.445,0.0562453,0.595752,-0.0299976,0.800635
6379,12.7268,306.796,205.183,0.0580104,0.593698,-0.0225242,0.802278
6380,12.9009,306.421,206.093,0.048642,0.601125,-0.00968235,0.797615
6381,13.7552,306.309,206.601,0.0472389,0.599835,-0.00466888,0.798714
6382,13.8344,305.315,206.673,0.040658,0.602158,-0.0142084,0.797215
6383,13.5291,305.698,207.544,0.0555314,0.616322,-0.0456375,0.784207
6384,13.8335,305.454,208.465,0.0405297,0.620513,-0.0487048,0.781632
6385,14.1038,306.367,208.773,0.0408802,0.620796,-0.0507551,0.781259
6386,14.5338,306.069,209.625,0.0357998,0.622154,-0.05239,0.780319
6387,15.4719,306.038,209.97,0.0398915,0.619639,-0.0513177,0.782191
6388,15.2596,306.984,210.217,0.0398915,0.619639,-0.0513177,0.782191
6389,15.7802,307.175,209.385,0.0413471,0.615242,-0.0651709,0.784551
6390,15.206,306.369,209.528,0.0435711,0.616422,-0.0828385,0.781833
6391,15.0266,305.385,209.546,0.0371352,0.617919,-0.0859535,0.780646
6392,14.5203,305.781,210.312,0.0482788,0.629722,-0.105315,0.768133
6393,15.3359,305.204,210.358,0.0491024,0.630672,-0.108005,0.766927
6394,14.4651,305.307,209.877,0.0481864,0.630828,-0.108213,0.766827
6395,15.3773,305.586,210.176,0.0449403,0.631083,-0.104711,0.767301
6396,15.92,306.399,210.387,0.04612,0.630856,-0.104557,0.767438
6397,16.7704,306.262,209.879,0.0461747,0.627148,-0.0987312,0.771236
6398,16.8898,305.902,210.804,0.0399506,0.635687,-0.0902784,0.765608
6399,17.2304,306.791,211.111,0.0406712,0.635903,-0.0904522,0.76537
6400,17.5001,307.749,211.204,0.05022,0.635214,-0.091526,0.765247
6401,18.4769,307.942,211.297,0.0485874,0.633002,-0.0818699,0.768274
6402,19.1288,308.695,211.386,0.0502061,0.630952,-0.0762457,0.770432
6403,18.7788,307.76,211.439,0.0500452,0.630199,-0.0749803,0.771182
6404,18.7788,307.76,211.439,0.0500452,0.630199,-0.0749803,0.771182
6405,17.9885,307.844,210.832,0.0493482,0.63014,-0.0753381,0.771241
6406,18.5388,308.089,211.63,0.055775,0.630828,-0.07738,0.770038
6407,19.2454,308.795,211.673,0.0587027,0.62983,-0.0767162,0.770703
6408,19.079,308.575,212.635,0.053825,0.639412,-0.0740757,0.763392
6409,19.5633,309.178,213.269,0.053825,0.639412,-0.0740757,0.763392
6410,19.9579,309.985,213.708,0.0540561,0.638908,-0.0731991,0.763883
6411,19.2728,309.272,213.853,0.0587956,0.636556,-0.0671173,0.766051
6412,19.0708,308.302,213.989,0.0587956,0.636556,-0.0671173,0.766051
6413,18.8931,307.318,213.985,0.0587957,0.636556,-0.0671173,0.766051
6414,18.7416,308.189,213.518,0.0727311,0.63537,-0.0626165,0.766221
6415,19.5295,307.577,213.593,0.0879675,0.637648,-0.0530444,0.763448
6416,19.8835,308.513,213.603,0.0879675,0.637648,-0.0530444,0.763448
6417,20.0663,307.53,213.608,0.0906914,0.637504,-0.0600817,0.762728
6418,20.6626,307.978,214.273,0.0906914,0.637504,-0.0600817,0.762728
6419,19.9061,307.431,214.631,0.0897156,0.637987,-0.0596469,0.762473
6420,19.9589,308.199,215.27,0.0869847,0.638971,-0.0612279,0.761841
6421,20.1257,309.159,215.494,0.0883512,0.639619,-0.0669801,0.760655
6422,20.4636,309.994,215.927,0.0851525,0.640148,-0.0659196,0.760667
6423,20.7596,309.109,216.285,0.094056,0.637765,-0.0718953,0.761079
6424,20.6454,308.971,217.269,0.0941299,0.638045,-0.0717424,0.760849
6425,21.0989,309.803,217.588,0.10116,0.634525,-0.0687753,0.763161
6426,20.5702,309.457,218.362,0.101126,0.63497,-0.068186,0.762848
6427,20.0919,309.172,219.193,0.101126,0.63497,-0.068186,0.762848
6428,19.9909,309.418,220.157,0.104831,0.638362,-0.0696443,0.759377
6429,20.3985,310.319,220.309,0.104482,0.638408,-0.0696424,0.759387
6430,19.6007,310.25,219.71,0.0980461,0.64196,-0.0693921,0.757271
6431,19.6045,310.66,218.798,0.0980461,0.64196,-0.0693921,0.757271
6432,20.4634,310.503,218.31,0.0980402,0.641956,-0.0694119,0.757273
6433,21.2312,309.873,218.195,0.107508,0.649111,-0.058042,0.750818
6434,20.697,310.037,217.365,0.107508,0.649111,-0.058042,0.750818
6435,20.6504,310.664,216.588,0.125218,0.648795,-0.0487534,0.749005
6436,19.8686,311.076,216.119,0.130524,0.661977,-0.0352191,0.737231
6437,19.7604,310.742,215.183,0.131819,0.664259,-0.0351959,0.734946
6438,19.4046,311.102,214.321,0.131643,0.668691,-0.033952,0.731006
6439,19.4623,310.742,213.39,0.123546,0.663568,-0.0257571,0.737394
6440,20.1057,310.826,212.629,0.123431,0.666194,-0.0243516,0.73509
6441,20.2599,310.739,213.613,0.128031,0.677466,-0.021043,0.72402
6442,20.4802,310.372,212.709,0.131136,0.6756,-0.00877896,0.725459
6443,19.6653,310.339,213.288,0.131196,0.67642,-0.00756484,0.724698
6444,20.5333,310.819,213.414,0.130498,0.676935,-0.00878715,0.724329
6445,21.1967,310.538,214.108,0.122673,0.678328,-0.0196458,0.72418
6446,21.3431,311.088,214.93,0.120389,0.683956,-0.0409707,0.718353
6447,21.7239,310.854,215.824,0.115744,0.683728,-0.0451466,0.719084
6448,22.1638,311.017,214.941,0.113929,0.680021,-0.0506474,0.722514
6449,22.462,311,213.987,0.111873,0.675393,-0.0539361,0.726925
6450,23.2511,310.8,214.567,0.109338,0.67424,-0.054747,0.728319
6451,23.3002,310.676,213.576,0.106877,0.670521,-0.0561262,0.732003
6452,23.8588,311.505,213.622,0.107937,0.669455,-0.0535989,0.733012
6453,23.8588,311.505,213.622,0.107937,0.669455,-0.0535989,0.733012
6454,24.677,311.616,213.058,0.105866,0.671182,-0.0541152,0.731695
6455,25.2405,311.85,212.265,0.107017,0.673745,-0.0489105,0.729536
6456,25.6824,312.295,211.486,0.110338,0.675599,-0.0464785,0.727483
6457,26.1551,312.39,210.61,0.112316,0.679346,-0.0409871,0.724013
6458,26.5108,312.576,209.695,0.119697,0.68107,-0.0329961,0.721614
6459,26.8921,312.673,208.775,0.124731,0.684488,-0.0247501,0.717848
6460,27.4718,312.76,207.965,0.127625,0.688465,-0.0171304,0.713747
6461,27.7348,312.836,207.003,0.134722,0.692887,-0.00630848,0.70832
6462,28.261,312.756,206.157,0.138114,0.696238,-0.000942555,0.704398
6463,28.822,312.746,205.329,0.138534,0.697656,0.000356372,0.702912
6464,29.2158,312.852,204.416,0.138912,0.696896,0.000972794,0.70359
6465,29.8259,313.094,203.661,0.138045,0.700851,0.000353647,0.699822
6466,29.9552,313.35,202.703,0.137375,0.697638,-0.0016639,0.703155
6467,30.419,313.784,201.931,0.135438,0.699349,-0.00589252,0.701807
6468,30.9294,313.902,201.079,0.134504,0.696348,-0.00977909,0.704921
6469,31.131,313.293,200.312,0.13426,0.696363,-0.00992796,0.70495
6470,31.3039,313.861,199.508,0.146069,0.689661,-0.0197738,0.708971
6471,31.445,314.472,198.728,0.16514,0.681652,-0.0301336,0.712159
6472,31.5646,315.079,197.943,0.176653,0.676301,-0.0348557,0.71428
6473,32.0321,314.945,198.817,0.184005,0.676436,-0.0339484,0.712337
6474,32.6142,314.444,199.457,0.188696,0.67536,-0.0316889,0.712235
6475,33.0557,313.736,200.009,0.191974,0.674709,-0.0287657,0.7121
6476,33.0557,313.736,200.009,0.191974,0.674709,-0.0287657,0.7121
6477,33.6024,313.015,200.435,0.193099,0.675138,-0.0267349,0.711468
6478,34.1364,312.421,201.036,0.192245,0.676332,-0.0257164,0.710602
6479,34.1364,312.421,201.036,0.192245,0.676332,-0.0257164,0.710602
6480,34.7899,312.715,200.339,0.192245,0.676332,-0.0257164,0.710602
6481,35.0741,312.781,199.382,0.191247,0.67397,-0.0256543,0.713113
6482,35.4256,312.822,198.447,0.190994,0.673563,-0.0260677,0.713551
6483,36.0376,312.763,197.658,0.191456,0.67348,-0.0248275,0.71355
6484,36.5091,312.753,196.776,0.191456,0.67348,-0.0248275,0.71355
6485,36.6007,312.975,195.806,0.191456,0.67348,-0.0248275,0.71355
6486,37.5157,313.065,195.412,0.18927,0.678684,-0.0243843,0.709204
6487,37.7369,313.226,194.45,0.18911,0.677805,-0.0247883,0.710073
6488,37.8344,313.403,193.471,0.189389,0.678208,-0.0243614,0.709629
6489,38.1232,313.734,192.573,0.19132,0.680671,-0.0209226,0.706856
6490,38.3361,314.013,191.636,0.192253,0.687524,-0.0161572,0.700063
6491,38.3362,314.528,190.779,0.19623,0.687677,-0.0150199,0.698833
6492,38.584,314.764,189.84,0.196831,0.691633,-0.0115084,0.694815
6493,38.7348,314.978,188.874,0.198094,0.695562,-0.00873545,0.690562
6494,38.8537,315.329,187.946,0.202103,0.692141,-0.00799471,0.692843
6495,38.8928,315.642,186.997,0.205003,0.69938,-0.0021522,0.684716
6496,38.9055,316.024,186.073,0.211116,0.699775,0.00754234,0.682413
6497,38.953,316.294,185.111,0.214335,0.700203,0.0145492,0.680856
6498,39.0032,316.549,184.145,0.216489,0.700589,0.0201224,0.679635
6499,39.0005,316.993,183.25,0.219054,0.702536,0.0230405,0.676704
6500,39.0484,317.453,182.363,0.221204,0.703592,0.023756,0.67488
6501,39.0417,317.841,181.441,0.221613,0.702566,0.0266091,0.675708
6502,39.0571,318.196,180.506,0.223912,0.700676,0.0304383,0.676749
6503,39.0581,318.634,179.607,0.228334,0.701031,0.0359625,0.67463
6504,39.1598,318.987,178.677,0.22574,0.706375,0.0422414,0.669545
6505,39.0531,319.336,177.746,0.223972,0.707953,0.0415539,0.668515
6506,39.1148,319.44,176.754,0.223972,0.707953,0.0415539,0.668515
6507,39.105,319.545,175.759,0.22334,0.710039,0.0402702,0.66659
6508,39.1507,319.832,174.802,0.222714,0.711662,0.0373927,0.665235
6509,39.8112,319.679,174.067,0.221607,0.713512,0.0366313,0.663663
6510,40.7671,319.437,173.9,0.217534,0.716311,0.0311751,0.662273
6511,41.1349,320.333,174.151,0.218403,0.717254,0.0249767,0.661228
6512,41.5523,321.127,174.593,0.218156,0.718326,0.0210932,0.660281
6513,42.4067,320.658,174.818,0.215107,0.719341,0.0198637,0.660214
6514,42.4067,320.658,174.818,0.215107,0.719341,0.0198637,0.660214
6515,43.2554,320.198,174.556,0.218076,0.71892,0.0273949,0.659429
6516,43.9943,319.647,174.169,0.228,0.719349,0.0424682,0.65479
6517,44.4906,319.06,173.529,0.249535,0.714719,0.0696844,0.649656
6518,44.9731,319.288,172.684,0.261681,0.711944,0.0769646,0.647098
6519,45.5171,319.25,171.845,0.266131,0.713079,0.0823506,0.643359
6520,45.8687,320.057,171.371,0.273082,0.712304,0.0760835,0.642075
6521,46.5176,319.938,170.62,0.271951,0.715489,0.0798767,0.638543
6522,47.2018,319.686,169.935,0.270309,0.720136,0.0817617,0.63376
6523,47.8277,319.371,169.222,0.26963,0.722729,0.0867108,0.630431
6524,48.3878,319.005,168.479,0.266256,0.726616,0.092577,0.626551
6525,48.4356,318.458,167.643,0.270306,0.729173,0.0850523,0.622902
6526,48.8596,318.511,168.547,0.272759,0.740822,0.0621817,0.610671
6527,48.1024,318.09,168.048,0.262522,0.745498,0.0575788,0.609917
6528,48.8022,317.488,167.664,0.254119,0.748169,0.0631466,0.609655
6529,49.1105,318.371,168.016,0.256548,0.748095,0.0614098,0.608905
6530,49.5257,319.267,168.174,0.269549,0.745715,0.0647765,0.605851
6531,49.9028,318.937,167.309,0.278072,0.743907,0.0759538,0.602917
6532,50.154,318.632,166.39,0.286836,0.74414,0.0792428,0.598082
6533,50.4992,318.155,165.582,0.298273,0.74322,0.0882379,0.592344
6534,50.9646,317.816,164.764,0.3093,0.743174,0.0928574,0.586006
6535,50.978,317.506,163.814,0.31847,0.740363,0.10146,0.58322
6536,51.4466,317.959,163.056,0.323335,0.740032,0.099177,0.581353
6537,51.8977,317.698,162.202,0.328451,0.740496,0.105101,0.576836
6538,52.3077,318.551,162.526,0.329127,0.742764,0.0978114,0.574813
6539,52.8998,317.953,161.986,0.315145,0.746171,0.101881,0.577523
6540,53.4394,317.27,161.494,0.302765,0.747988,0.102363,0.581695
6541,54.1741,316.883,160.937,0.294379,0.746951,0.105904,0.586677
6542,54.6083,316.208,160.34,0.288127,0.74861,0.103087,0.588165
6543,55.3823,316.841,160.356,0.289822,0.75081,0.0951018,0.58587
6544,55.2292,316.176,159.625,0.294257,0.750671,0.0988852,0.583205
6545,55.0987,315.535,158.868,0.302835,0.750056,0.101291,0.579178
6546,55.7567,315.166,158.212,0.30568,0.748498,0.111119,0.577895
6547,56.2099,314.81,157.395,0.299425,0.748024,0.125337,0.578874
6548,56.749,315.643,157.519,0.302704,0.748758,0.119591,0.577434
6549,57.2335,315.262,156.732,0.30252,0.746759,0.130062,0.577855
6550,57.8877,314.829,156.111,0.301219,0.74838,0.134611,0.57539
6551,58.3783,314.435,155.334,0.30523,0.746449,0.145328,0.573173
6552,58.8419,314.083,154.521,0.307639,0.74732,0.15017,0.569491
6553,59.306,313.498,153.856,0.310999,0.74612,0.153874,0.568249
6554,60.1142,312.923,153.728,0.314159,0.743325,0.160992,0.568202
6555,60.6185,312.314,153.116,0.321832,0.739397,0.167011,0.567295
6556,61.4317,312.774,153.472,0.331458,0.738141,0.165593,0.563793
6557,61.7085,312.081,152.806,0.34427,0.734257,0.170126,0.559823
6558,62.4972,311.719,152.31,0.349159,0.730867,0.176682,0.5592
6559,62.8718,312.31,153.024,0.35511,0.731018,0.174351,0.555978
6560,63.1934,311.899,152.171,0.36418,0.730134,0.17073,0.552385
6561,62.93,311.249,151.459,0.373946,0.72969,0.165162,0.548123
6562,63.499,310.754,150.802,0.380154,0.72937,0.161105,0.545479
6563,64.0759,310.405,150.064,0.386484,0.728181,0.158234,0.543456
6564,64.0884,309.769,149.292,0.38805,0.728617,0.156011,0.542398
6565,64.8219,309.411,148.714,0.385762,0.727587,0.154742,0.545765
6566,65.4587,309.099,148.009,0.381734,0.72755,0.156004,0.548281
6567,65.4438,308.519,147.194,0.377704,0.729207,0.152927,0.549737
6568,65.9222,308.26,148.033,0.383715,0.736272,0.143106,0.538691
6569,66.406,308.912,148.618,0.386819,0.73735,0.134462,0.537221
6570,66.8691,308.484,147.841,0.383828,0.739107,0.126597,0.538861
6571,67.3651,309.042,148.507,0.38659,0.74109,0.116833,0.536362
6572,67.8417,309.476,149.271,0.383214,0.742627,0.116547,0.536721
6573,68.3793,309.031,148.555,0.376705,0.741374,0.118324,0.54264
6574,68.832,308.568,147.793,0.370978,0.741599,0.115767,0.546813
6575,69.2173,307.997,147.068,0.368685,0.742366,0.111774,0.548152
6576,68.9398,307.398,146.317,0.366925,0.742087,0.108543,0.550356
6577,69.7357,306.979,145.88,0.367464,0.742622,0.104219,0.55011
6578,70.2183,306.699,145.05,0.359828,0.73849,0.11382,0.55875
6579,70.5837,306.121,144.32,0.3593,0.738542,0.113191,0.559149
6580,71.1221,306.838,144.764,0.356434,0.741538,0.101714,0.559223
6581,71.4406,306.437,143.904,0.351591,0.742612,0.0957414,0.561911
6582,71.8503,306.321,143,0.352101,0.744241,0.0851597,0.561139
6583,72.3206,306.32,143.882,0.362837,0.751567,0.0651595,0.547037
6584,71.7916,305.663,143.345,0.363027,0.753915,0.0508689,0.545193
6585,72.5713,305.36,142.797,0.363573,0.754183,0.0507982,0.544465
6586,72.0059,306.185,142.784,0.393681,0.754053,0.0233113,0.525238
6587,72.3686,306.883,143.402,0.402363,0.753075,0.0128052,0.520401
6588,73.0541,307.423,143.89,0.404323,0.753299,0.0129883,0.518551
6589,73.7171,307.982,144.388,0.406464,0.752588,0.0138284,0.517887
6590,74.0294,307.649,143.498,0.406205,0.751449,0.0152858,0.519699
6591,74.4968,307.418,142.645,0.406278,0.748538,0.0149666,0.523836
6592,75.0424,307.361,143.481,0.413828,0.752827,0.00178476,0.511855
6593,74.904,306.724,142.723,0.413054,0.754577,-0.0115549,0.509771
6594,74.3694,306.059,142.202,0.407123,0.758014,-0.0249731,0.508961
6595,74.7242,306.031,143.136,0.406893,0.76571,-0.0421373,0.496337
6596,75.3684,305.423,142.673,0.406466,0.766991,-0.0497465,0.493999
6597,75.9153,304.669,142.308,0.405833,0.767094,-0.0507728,0.494255
6598,76.8895,304.446,142.274,0.405833,0.767094,-0.0507728,0.494255
6599,77.7077,304.707,142.786,0.406411,0.767627,-0.0518608,0.492838
6600,78.4899,305.269,143.055,0.409955,0.766163,-0.0592393,0.491347
6601,78.638,304.292,142.903,0.409955,0.766163,-0.0592393,0.491347
6602,79.5827,304.614,142.968,0.414944,0.762815,-0.0670114,0.49137
6603,79.4343,303.781,143.502,0.414944,0.762815,-0.0670114,0.49137
6604,79.7657,302.978,143.996,0.414922,0.762833,-0.067062,0.491352
6605,79.4201,303.601,144.698,0.410469,0.760066,-0.0736737,0.498385
6606,79.4704,303.096,145.56,0.410469,0.760066,-0.0736737,0.498385
6607,79.7426,302.317,146.126,0.410469,0.760066,-0.0736737,0.498385
6608,79.5535,302.879,146.931,0.401176,0.759516,-0.0822466,0.5054
6609,80.0623,302.657,147.763,0.399523,0.759904,-0.0848713,0.505691
6610,80.5694,301.948,148.253,0.400832,0.758043,-0.081814,0.507948
6611,80.0797,302.457,148.961,0.396066,0.746103,-0.0910066,0.527427
6612,80.2965,302.288,149.923,0.396066,0.746103,-0.0910066,0.527427
6613,79.8528,302.997,150.471,0.381656,0.734448,-0.104149,0.551433
6614,79.9976,302.653,151.399,0.380192,0.733377,-0.105802,0.553551
6615,80.3263,302.548,152.337,0.377965,0.729688,-0.105113,0.560044
6616,80.8358,302.861,153.139,0.380487,0.729015,-0.111957,0.557883
6617,81.1934,302.877,154.072,0.377317,0.728628,-0.110024,0.560917
6618,81.5132,302.59,154.976,0.370212,0.726628,-0.117178,0.566767
6619,81.712,301.983,155.745,0.35977,0.728445,-0.124659,0.569555
6620,81.98,301.975,156.708,0.344915,0.736465,-0.150961,0.562017
6621,81.5204,301.111,156.912,0.319478,0.743819,-0.185405,0.557039
6622,81.3941,300.396,157.6,0.314479,0.745137,-0.196476,0.55432
6623,81.4268,300.024,158.527,0.312977,0.744586,-0.200712,0.554393
6624,81.6522,299.274,159.149,0.312392,0.742679,-0.20257,0.556601
6625,81.3252,298.348,159.335,0.300855,0.741521,-0.211099,0.561311
6626,81.2266,297.41,159.669,0.304525,0.737304,-0.220397,0.561313
6627,81.0038,297.054,160.577,0.313261,0.729894,-0.22335,0.56501
6628,80.8156,297.459,161.472,0.31627,0.724989,-0.212499,0.573767
6629,81.1427,298.031,162.223,0.31676,0.719961,-0.199968,0.584237
6630,80.4965,298.267,161.498,0.316429,0.712833,-0.18939,0.596551
6631,80.7676,298.574,162.41,0.32865,0.717439,-0.184991,0.585703
6632,81.1271,298.428,163.332,0.33102,0.718777,-0.183132,0.583309
6633,81.3355,298.057,164.236,0.327009,0.717751,-0.187439,0.585462
6634,81.6641,297.41,164.925,0.318566,0.714723,-0.206346,0.587459
6635,81.9624,296.461,165.024,0.299846,0.713534,-0.228861,0.59041
6636,81.9044,296.108,164.09,0.295998,0.711016,-0.231444,0.59437
6637,82.0583,296.041,165.076,0.281492,0.717616,-0.23309,0.592839
6638,82.1532,296.35,166.022,0.270165,0.71632,-0.237162,0.598039
6639,81.6642,297.201,166.213,0.245841,0.708909,-0.245696,0.613713
6640,82.3143,297.96,166.166,0.245841,0.708909,-0.245696,0.613713
6641,82.3139,298.294,167.109,0.254236,0.708863,-0.256314,0.605954
6642,81.7238,298.673,167.821,0.254236,0.708863,-0.256314,0.605954
6643,81.8043,297.704,168.055,0.233998,0.70646,-0.266362,0.612545
6644,81.4411,296.78,168.172,0.207526,0.708608,-0.272022,0.617099
6645,81.9256,295.929,168.374,0.207526,0.708608,-0.272022,0.617099
6646,81.129,295.921,168.979,0.207526,0.708608,-0.272022,0.617099
6647,81.3693,296.89,168.923,0.195275,0.704295,-0.296406,0.614801
6648,81.0697,295.966,169.158,0.195275,0.704295,-0.296406,0.614801
6649,81.7017,295.665,168.444,0.194565,0.7021,-0.304387,0.613636
6650,81.4641,294.758,168.791,0.18282,0.701039,-0.314445,0.613388
6651,80.6864,294.495,169.362,0.182901,0.700941,-0.314547,0.613424
6652,80.2542,293.906,170.045,0.180401,0.702641,-0.314557,0.612213
6653,79.8356,294.813,170.093,0.180401,0.702641,-0.314557,0.612213
6654,79.8412,295.812,170.123,0.166091,0.697565,-0.334657,0.611409
6655,80.7926,295.962,170.392,0.167431,0.697215,-0.334894,0.611313
6656,81.548,296.579,170.613,0.168059,0.69667,-0.334313,0.61208
6657,82.1924,297.343,170.652,0.171089,0.695173,-0.338153,0.610832
6658,81.8885,296.4,170.785,0.148471,0.697309,-0.335178,0.615933
6659,82.0652,297.379,170.888,0.143694,0.691382,-0.342396,0.619764
6660,82.1129,298.366,170.738,0.141733,0.687091,-0.333201,0.629916
6661,81.6757,297.575,171.165,0.14365,0.685883,-0.329136,0.632928
6662,80.9992,296.893,171.443,0.146254,0.686912,-0.318087,0.636853
6663,80.1991,296.305,171.562,0.149611,0.686887,-0.31826,0.636013
6664,79.2655,295.947,171.557,0.146155,0.688608,-0.336196,0.625643
6665,78.6533,295.17,171.708,0.113238,0.700708,-0.337114,0.618498
6666,78.8071,295.027,172.685,0.0942155,0.710374,-0.348054,0.604442
6667,78.3726,295.266,173.554,0.0862221,0.708848,-0.358555,0.601281
6668,77.4394,295.446,173.242,0.0807088,0.706671,-0.358209,0.604805
6669,77.8377,296.342,173.435,0.0720033,0.709789,-0.352825,0.605416
6670,78.2381,295.518,173.835,0.0445093,0.712034,-0.34612,0.609284
6671,78.5165,294.709,174.353,0.0317121,0.710339,-0.348829,0.610517
6672,78.5314,294.214,175.222,0.0314074,0.711637,-0.347684,0.609674
6673,77.5709,294.306,174.959,0.0387956,0.711454,-0.341527,0.612934
6674,78.3484,294.697,174.467,0.0380422,0.711598,-0.344461,0.611169
6675,77.8382,293.977,174.938,0.0347888,0.713684,-0.343142,0.609671
6676,78.3588,294.588,174.341,0.0324026,0.714384,-0.345861,0.607442
6677,77.4167,294.344,174.111,0.0324026,0.714384,-0.345861,0.607442
6678,76.6701,294.123,173.484,0.0305661,0.713636,-0.343349,0.609837
6679,77.4058,294.714,173.153,0.0266353,0.715491,-0.339493,0.610006
6680,76.8031,294.225,172.522,0.011986,0.7143,-0.329986,0.617042
6681,76.8563,295.086,172.016,-0.0110921,0.713771,-0.338374,0.613117
6682,76.7496,294.36,172.696,-0.0363515,0.716961,-0.33908,0.608006
6683,76.9646,295.044,171.998,-0.0348515,0.707985,-0.355421,0.609277
6684,77.3479,294.386,172.647,-0.0485045,0.706064,-0.36373,0.605658
6685,77.468,293.611,173.266,-0.0484855,0.706059,-0.363719,0.605671
6686,77.8062,293.278,172.386,-0.0530495,0.703557,-0.369409,0.604756
6687,77.215,293.659,173.097,-0.0598934,0.704272,-0.371109,0.602239
6688,77.9909,293.289,172.586,-0.0605036,0.704281,-0.373034,0.600977
6689,77.726,292.672,173.327,-0.0605036,0.704281,-0.373034,0.600977
6690,78.132,292.858,174.222,-0.0646807,0.70593,-0.374073,0.597953
6691,78.9161,293.427,174.47,-0.0646807,0.70593,-0.374073,0.597953
6692,78.7739,294.271,174.987,-0.0646807,0.70593,-0.374073,0.597953
6693,78.799,294.138,175.978,-0.0690367,0.711294,-0.368101,0.594809
6694,78.7072,293.6,176.816,-0.0675864,0.710212,-0.369086,0.595657
6695,78.6658,294.071,177.697,-0.0644103,0.715894,-0.365588,0.591348
6696,78.5328,293.348,177.019,-0.06732,0.713209,-0.365736,0.59417
6697,78.552,293.565,177.995,-0.0688586,0.713436,-0.369976,0.591088
6698,78.7056,293.369,178.964,-0.0688586,0.713436,-0.369976,0.591088
6699,78.0462,294.089,179.18,-0.0725494,0.710283,-0.369425,0.594777
6700,77.6712,295.006,179.317,-0.0804729,0.706639,-0.369408,0.598099
6701,77.8438,295.662,180.052,-0.0695186,0.71459,-0.377094,0.585088
6702,77.7941,295.499,181.038,-0.0695186,0.71459,-0.377094,0.585088
6703,77.3391,296.175,181.616,-0.0700671,0.714055,-0.378018,0.58508
6704,76.4713,296.634,181.426,-0.0780059,0.709815,-0.378245,0.589075
6705,76.5847,297.628,181.428,-0.0780059,0.709815,-0.378245,0.589075
6706,75.8099,298.253,181.335,-0.0810364,0.707045,-0.381814,0.589694
6707,75.8099,298.253,181.335,-0.0810364,0.707045,-0.381814,0.589694
6708,76.045,297.383,180.903,-0.0812412,0.706896,-0.381857,0.589816
6709,75.4192,297.782,181.573,-0.0800164,0.708622,-0.373791,0.59307
6710,75.7506,298.635,181.169,-0.0787852,0.70842,-0.374242,0.593193
6711,75.0441,299.271,181.48,-0.0787614,0.708502,-0.373605,0.593499
6712,74.5469,299.993,180.998,-0.0783111,0.708367,-0.374181,0.593357
6713,74.7245,300.705,180.319,-0.0783111,0.708367,-0.374181,0.593357
6714,74.2031,301.523,180.075,-0.0783111,0.708367,-0.374181,0.593357
6715,73.9878,300.892,180.821,-0.105837,0.720243,-0.34688,0.591373
6716,73.5249,301.477,181.487,-0.105837,0.720243,-0.34688,0.591373
6717,72.7139,301.991,181.209,-0.108703,0.715085,-0.347979,0.596446
6718,72.3588,301.845,182.133,-0.107966,0.71616,-0.345857,0.596524
6719,72.6946,302.65,181.643,-0.107597,0.715723,-0.347441,0.596194
6720,72.1046,303.299,182.123,-0.112076,0.713527,-0.346383,0.598613
6721,72.4544,302.991,183.008,-0.112076,0.713527,-0.346383,0.598613
6722,72.6576,303.478,183.858,-0.0968768,0.728274,-0.339801,0.587169
6723,72.2141,304.28,184.257,-0.102845,0.727466,-0.335488,0.589631
6724,72.1778,304.141,185.246,-0.100961,0.725756,-0.335481,0.592063
6725,72.3813,304.858,184.579,-0.129072,0.722535,-0.351294,0.581271
6726,72.317,304.619,185.548,-0.129072,0.722535,-0.351294,0.581271
6727,72.1586,303.966,186.289,-0.113924,0.726647,-0.327933,0.592845
6728,71.6877,303.406,186.971,-0.101309,0.72609,-0.320985,0.599582
6729,71.9701,302.664,186.364,-0.0996892,0.726739,-0.28635,0.616374
6730,72.1173,303.435,185.744,-0.100253,0.730673,-0.275585,0.616539
6731,72.4015,303.928,186.567,-0.101295,0.738624,-0.290277,0.599928
6732,72.2749,303.282,187.319,-0.121488,0.733124,-0.310323,0.592849
6733,72.1335,304.049,186.694,-0.121488,0.733124,-0.310323,0.592849
6734,71.6929,303.202,186.99,-0.132177,0.728588,-0.332356,0.584147
6735,71.324,303.421,186.087,-0.131693,0.738185,-0.314031,0.582344
6736,71.7043,304.073,186.743,-0.0749038,0.755457,-0.351042,0.548127
6737,71.4462,304.648,187.52,-0.0746215,0.755392,-0.362511,0.54074
6738,71.9086,305.279,188.143,-0.0764642,0.755516,-0.357448,0.543672
6739,72.3291,306.043,188.632,-0.0665015,0.756209,-0.352963,0.546939
6740,72.4422,306.97,188.99,-0.0654362,0.756693,-0.353472,0.546069
6741,73.3369,306.674,189.325,-0.0654054,0.757009,-0.352818,0.546058
6742,72.8058,307.227,189.967,-0.0513276,0.757486,-0.34437,0.552259
6743,72.4327,306.395,190.377,-0.0536542,0.757945,-0.343394,0.552015
6744,73.2806,306.474,190.902,-0.0254096,0.771698,-0.321062,0.548413
6745,72.8356,305.751,190.374,-0.00895585,0.77172,-0.314182,0.552863
6746,73.5391,305.206,189.917,-0.00178542,0.777231,-0.304058,0.55087
6747,73.1378,304.524,189.306,-0.0311377,0.771651,-0.287016,0.566751
6748,73.3443,305.385,188.841,-0.0312178,0.771138,-0.288716,0.566581
6749,73.9421,306.106,188.49,-0.0341784,0.76881,-0.295985,0.565823
6750,74.8758,305.749,188.466,-0.0463051,0.76691,-0.304865,0.562816
6751,74.9476,304.895,188.981,-0.0463051,0.76691,-0.304865,0.562816
6752,74.6758,304.241,189.687,-0.0463051,0.76691,-0.304865,0.562816
6753,74.1261,304.818,190.291,-0.0481715,0.767808,-0.302364,0.562784
6754,74.3924,305.63,189.772,-0.0481715,0.767808,-0.302364,0.562784
6755,74.204,304.732,190.169,-0.0483651,0.770175,-0.293668,0.564137
6756,73.9471,303.909,190.676,-0.0483651,0.770175,-0.293668,0.564137
6757,73.631,303.191,191.296,-0.0479035,0.770005,-0.293644,0.56442
6758,74.1518,303.912,191.752,-0.0449391,0.769586,-0.299352,0.562233
6759,74.6118,304.798,191.806,-0.0387455,0.770089,-0.301586,0.56081
6760,74.9407,304.106,191.163,-0.0423443,0.77009,-0.295904,0.563569
6761,75.3432,305.019,191.095,-0.0423443,0.77009,-0.295904,0.563569
6762,75.6578,305.958,190.955,-0.0455955,0.769358,-0.297233,0.563615
6763,75.9457,306.9,190.782,-0.0477618,0.766003,-0.308419,0.561993
6764,75.0078,306.919,191.129,-0.0531285,0.762518,-0.305622,0.567748
6765,74.2865,306.768,190.453,-0.0631684,0.758075,-0.304934,0.573015
6766,74.7219,307.638,190.683,-0.0665224,0.757326,-0.30381,0.574222
6767,74.6855,308.583,191.009,-0.0697454,0.757828,-0.298557,0.575931
6768,75.0291,307.799,190.491,-0.0699893,0.757746,-0.290221,0.580253
6769,74.2443,307.639,191.09,-0.0661229,0.755883,-0.286125,0.585151
6770,75.1622,307.262,191.214,-0.0702046,0.749783,-0.291474,0.589865
6771,75.5983,307.06,190.337,-0.0709514,0.748585,-0.293191,0.590445
6772,75.439,306.813,191.292,-0.0707674,0.747346,-0.294915,0.591177
6773,75.2605,307.648,191.813,-0.0739461,0.744909,-0.306343,0.588045
6774,75.1451,306.904,192.471,-0.0858233,0.746109,-0.302813,0.586737
6775,75.3696,307.661,191.857,-0.0641856,0.742925,-0.305654,0.592046
6776,74.6555,308.326,191.639,-0.0635561,0.743021,-0.305206,0.592224
6777,74.0427,309.115,191.683,-0.0635561,0.743021,-0.305206,0.592224
6778,73.1335,309.009,191.28,-0.051393,0.746571,-0.305495,0.588782
6779,72.695,308.518,190.528,-0.049039,0.748096,-0.303908,0.587867
6780,72.0007,308.18,189.892,-0.0407088,0.752858,-0.302223,0.583274
6781,71.9911,308.853,190.631,-0.0357248,0.757633,-0.300997,0.578029
6782,72.2586,308.267,189.867,-0.0298668,0.762081,-0.294596,0.575807
6783,72.2787,307.756,189.007,-0.0262657,0.765066,-0.288672,0.575025
6784,71.9842,307.678,188.055,-0.0170016,0.768633,-0.28049,0.574664
6785,71.8508,307.559,187.071,-0.0172554,0.76867,-0.281154,0.574283
6786,71.6902,307.245,186.136,-0.0242148,0.761943,-0.289971,0.578596
6787,72.4787,307.298,186.748,-0.0254285,0.768615,-0.294511,0.567316
6788,72.0393,306.839,185.976,-0.0308048,0.764378,-0.295047,0.572472
6789,71.2981,306.836,185.305,-0.0340886,0.763109,-0.301723,0.570496
6790,71.8986,306.493,184.582,-0.0353577,0.760963,-0.30594,0.571039
6791,72.6412,306.617,185.24,-0.0395873,0.763217,-0.313218,0.563762
6792,72.7188,305.765,185.76,-0.0395873,0.763217,-0.313218,0.563762
6793,72.5135,305.557,186.716,-0.0417652,0.764171,-0.314514,0.561587
6794,72.0582,306.175,187.357,-0.0427558,0.762279,-0.317419,0.562448
6795,72.6645,306.928,187.613,-0.0427558,0.762279,-0.317419,0.562448
6796,73.3669,307.513,187.207,-0.0455129,0.7632,-0.309889,0.565176
6797,74.3263,307.614,186.944,-0.0447781,0.762941,-0.295049,0.573465
6798,73.3744,307.59,187.249,-0.0382373,0.759987,-0.289498,0.580645
6799,72.4746,307.733,186.837,-0.0336709,0.757824,-0.289148,0.58392
6800,72.9147,307.059,187.431,-0.0290443,0.755323,-0.295563,0.584197
6801,72.7387,306.272,188.022,-0.0306889,0.75429,-0.298584,0.583911
6802,73.2287,305.708,187.357,-0.0360245,0.751825,-0.305689,0.583109
6803,73.0141,305.358,188.268,-0.0360245,0.751825,-0.305689,0.583109
6804,72.4843,305.929,188.896,-0.0391513,0.750385,-0.310361,0.582294
6805,73.4173,306.145,188.608,-0.0392234,0.74493,-0.312859,0.587928
6806,74.1549,306.499,189.183,-0.0392234,0.74493,-0.312859,0.587928
6807,74.8178,306.932,189.793,-0.0396973,0.744988,-0.313488,0.587487
6808,75.5146,306.328,189.406,-0.045282,0.737447,-0.317748,0.594271
6809,75.304,306.323,190.384,-0.0454661,0.737449,-0.318076,0.594079
6810,74.928,306.747,191.208,-0.0507935,0.733511,-0.325785,0.594345
6811,75.7405,307.155,190.792,-0.0423668,0.72565,-0.318396,0.608491
6812,76.4753,306.7,191.295,-0.0423668,0.72565,-0.318396,0.608491
6813,77.1097,306.34,190.611,-0.0423668,0.72565,-0.318396,0.608491
6814,76.6142,305.506,190.368,-0.0380802,0.726462,-0.314054,0.610059
6815,75.9102,304.924,189.962,-0.0206276,0.727987,-0.310517,0.610892
6816,75.7671,304.203,189.283,-0.00168586,0.728203,-0.296953,0.617687
6817,75.1568,304.044,188.507,0.0206776,0.730411,-0.280461,0.622426
6818,74.7937,303.475,187.769,0.0168993,0.721257,-0.242198,0.648724
6819,74.5047,302.766,187.126,-0.00273601,0.718588,-0.194919,0.667555
6820,74.3485,302.323,186.243,-0.0112367,0.715976,-0.193424,0.670701
6821,74.3347,302.072,185.275,-0.0222122,0.707062,-0.207064,0.675792
6822,75.1816,302.02,185.804,-0.0387712,0.704331,-0.223837,0.672541
6823,75.9972,302.204,186.353,-0.0476007,0.703297,-0.232546,0.670097
6824,75.517,302.588,187.142,-0.059777,0.700783,-0.242289,0.668301
6825,76.1408,302.914,187.852,-0.0714511,0.699327,-0.248692,0.666325
6826,76.9859,303.01,188.378,-0.0827612,0.696186,-0.256349,0.665403
6827,77.7508,302.749,188.967,-0.0866903,0.692811,-0.265011,0.665031
6828,77.8564,301.86,189.413,-0.0787071,0.690787,-0.268134,0.666875
6829,78.2633,301.195,190.039,-0.0692094,0.689512,-0.270847,0.66815
6830,79.1789,301.588,190.123,-0.0624874,0.687571,-0.272893,0.669978
6831,80.0334,301.21,190.48,-0.0605247,0.686637,-0.271014,0.671877
6832,80.1643,302.2,190.426,-0.0539055,0.687452,-0.27264,0.670948
6833,80.5743,302.346,191.326,-0.0531812,0.706639,-0.253515,0.658455
6834,81.3046,302,191.915,-0.0531812,0.706639,-0.253515,0.658455
6835,81.6854,302.436,191.1,-0.0507869,0.704169,-0.256157,0.660265
6836,81.0225,302.556,190.361,-0.0490782,0.700368,-0.265497,0.660748
6837,80.6754,302.014,191.126,-0.0501244,0.699853,-0.268033,0.66019
6838,80.9768,302.789,191.682,-0.0645549,0.698662,-0.28189,0.654402
6839,80.2646,303.331,192.128,-0.0742788,0.694041,-0.286511,0.656279
6840,80.4252,303.809,192.992,-0.0723978,0.69606,-0.279772,0.657256
6841,81.0925,304.096,193.679,-0.055614,0.701406,-0.278241,0.653849
6842,80.63,304.794,194.226,-0.0417172,0.701711,-0.273699,0.656468
6843,79.7298,304.844,193.793,-0.0391249,0.701859,-0.271291,0.657468
6844,79.7298,304.844,193.793,-0.0391249,0.701859,-0.271291,0.657468
6845,79.841,303.921,193.424,-0.0391249,0.701859,-0.271291,0.657468
6846,80.0832,304.215,192.5,-0.035918,0.698895,-0.271334,0.660782
6847,80.1467,303.505,191.798,-0.0528826,0.691374,-0.243535,0.678156
6848,79.8476,302.833,191.12,-0.0849077,0.68338,-0.206522,0.695077
6849,79.9755,302.117,190.435,-0.0985796,0.677405,-0.184504,0.705239
6850,79.8351,301.622,191.292,-0.101955,0.679718,-0.180433,0.703585
6851,78.9721,301.487,190.806,-0.10596,0.681203,-0.183998,0.700628
6852,79.8708,301.331,191.216,-0.1049,0.684362,-0.18852,0.696495
6853,80.8222,301.107,191.427,-0.103363,0.690513,-0.19575,0.688614
6854,81.2034,300.456,190.771,-0.104536,0.689002,-0.195935,0.689897
6855,80.2487,300.382,190.483,-0.0997311,0.693129,-0.199041,0.685572
6856,80.2162,299.382,190.503,-0.0950622,0.69345,-0.195183,0.687018
6857,80.4188,299.407,189.524,-0.0827468,0.683373,-0.202874,0.696417
6858,80.514,298.885,188.676,-0.081644,0.678963,-0.19909,0.701931
6859,80.581,297.887,188.683,-0.081644,0.678963,-0.19909,0.701931
6860,81.1556,297.401,189.341,-0.0778815,0.677572,-0.2106,0.700341
6861,80.8036,296.758,190.021,-0.0778815,0.677572,-0.2106,0.700341
6862,80.3817,296.704,189.116,-0.080972,0.672148,-0.220379,0.702206
6863,81.3523,296.837,189.317,-0.0829673,0.668109,-0.223511,0.704833
6864,81.3717,297.819,189.505,-0.0864483,0.66763,-0.220921,0.705685
6865,81.6123,298.789,189.54,-0.0781128,0.668584,-0.22416,0.704731
6866,82.4181,298.265,189.816,-0.0781469,0.666515,-0.223655,0.706845
6867,82.674,297.837,188.949,-0.0780838,0.664483,-0.22168,0.709382
6868,82.8767,298.569,188.299,-0.0754971,0.663935,-0.219015,0.711002
6869,83.6195,298.738,188.947,-0.0703494,0.664823,-0.220716,0.710173
6870,83.7531,299.5,189.58,-0.0597433,0.666519,-0.22913,0.706882
6871,84.3402,298.956,188.981,-0.0595721,0.666839,-0.230532,0.706139
6872,85.2303,298.597,188.7,-0.0594507,0.667326,-0.233465,0.704724
6873,85.2303,298.597,188.7,-0.0594507,0.667326,-0.233465,0.704724
6874,85.2303,298.597,188.7,-0.0594507,0.667326,-0.233465,0.704724
6875,84.5613,298.465,187.969,-0.0654018,0.667507,-0.243764,0.700525
6876,84.4658,297.519,188.281,-0.0654018,0.667507,-0.243764,0.700525
6877,84.2211,297.985,189.132,-0.0732838,0.665783,-0.247181,0.700189
6878,84.2552,297.996,190.131,-0.0732838,0.665783,-0.247181,0.700189
6879,85.2377,297.915,190.299,-0.0682571,0.66371,-0.247301,0.702618
6880,85.2377,297.915,190.299,-0.0682571,0.66371,-0.247301,0.702618
6881,84.6207,297.872,189.513,-0.0685642,0.663532,-0.248007,0.702507
6882,83.9524,298,188.78,-0.0630581,0.663956,-0.252143,0.701149
6883,83.8424,297.217,188.168,-0.0658801,0.662063,-0.249974,0.703453
6884,84.2519,296.49,187.618,-0.0635617,0.661829,-0.246561,0.705089
6885,83.6463,295.948,187.035,-0.0641988,0.661642,-0.246726,0.705149
6886,83.0013,296.059,186.279,-0.0641454,0.661767,-0.246684,0.705051
6887,82.8922,295.551,185.425,-0.0740523,0.652149,-0.244059,0.713899
6888,82.8922,295.551,185.425,-0.0740523,0.652149,-0.244059,0.713899
6889,83.4766,295.02,184.811,-0.0740393,0.652168,-0.244047,0.713888
6890,84.2449,294.952,184.175,-0.0740393,0.652168,-0.244047,0.713888
6891,84.4708,295.718,183.572,-0.0459912,0.647223,-0.248158,0.719309
6892,85.0525,295.828,182.766,-0.0461853,0.65034,-0.242195,0.718517
6893,84.3564,296.079,182.094,-0.0354064,0.653288,-0.238478,0.717697
6894,84.5032,295.627,181.214,-0.0332279,0.651184,-0.235956,0.720541
6895,84.1607,295.609,180.275,-0.0327635,0.653339,-0.235469,0.718769
6896,83.4025,295.78,179.645,-0.0302958,0.657104,-0.23637,0.71514
6897,83.1824,294.923,179.178,-0.0315771,0.656558,-0.236117,0.71567
6898,84.1329,294.699,179.393,-0.0315771,0.656558,-0.236117,0.71567
6899,84.9132,294.499,179.986,-0.032137,0.656647,-0.235831,0.715658
6900,84.8868,294.879,180.911,-0.032137,0.656647,-0.235831,0.715658
6901,85.6697,294.398,180.516,-0.0335258,0.654255,-0.237797,0.717132
6902,85.0009,293.996,179.891,-0.0344056,0.653944,-0.237649,0.717424
6903,84.482,294.447,180.618,-0.0344056,0.653944,-0.237649,0.717424
6904,85.4207,294.288,180.923,-0.0354464,0.651905,-0.236849,0.71949
6905,85.5215,294.092,179.948,-0.0355403,0.651486,-0.236977,0.719823
6906,86.0228,294.525,180.697,-0.0330985,0.651398,-0.238831,0.719406
6907,86.5734,294.141,181.438,-0.0330985,0.651398,-0.238831,0.719406
6908,86.5362,294.528,182.359,-0.0330985,0.651398,-0.238831,0.719406
6909,86.6358,295.266,183.027,-0.0330985,0.651398,-0.238831,0.719406
6910,86.9694,295.672,183.877,-0.0257627,0.653063,-0.241851,0.717185
6911,86.3857,296.039,184.602,-0.0196599,0.657018,-0.238552,0.714866
6912,86.9074,296.276,185.421,-0.0114174,0.663803,-0.238494,0.708771
6913,86.3494,296.781,186.08,-0.0065919,0.663016,-0.237566,0.709879
6914,87.2266,296.695,186.552,-0.00348122,0.661191,-0.236364,0.712001
6915,88.213,296.618,186.697,-0.00310973,0.661022,-0.232469,0.713441
6916,88.213,296.618,186.697,-0.00310973,0.661022,-0.232469,0.713441
6917,87.7608,295.772,186.98,-0.00310973,0.661022,-0.232469,0.713441
6918,88.7051,295.443,186.963,-0.0057942,0.661108,-0.230823,0.713879
6919,88.8013,295.681,187.93,-0.0057942,0.661108,-0.230823,0.713879
6920,89.399,296.39,187.555,-0.00236913,0.659591,-0.232068,0.714897
6921,89.7145,296.554,188.49,-0.00447275,0.674526,-0.227673,0.702254
6922,89.359,296.857,187.605,-0.00447275,0.674526,-0.227673,0.702254
6923,90.1789,296.834,188.178,-0.00457168,0.674828,-0.229535,0.701355
6924,90.4948,297.729,187.861,-0.00457189,0.674829,-0.229535,0.701355
6925,91.0835,297.382,188.592,-0.0154109,0.674591,-0.236633,0.699067
6926,91.8206,296.71,188.659,-0.0154109,0.674591,-0.236633,0.699067
6927,91.1429,296.577,189.382,-0.0154109,0.674591,-0.236633,0.699067
6928,91.634,296.095,190.108,-0.0154109,0.674591,-0.236633,0.699067
6929,92.2636,295.682,189.45,-0.00887557,0.672344,-0.235455,0.701737
6930,92.8768,296.409,189.142,-0.00887557,0.672344,-0.235455,0.701737
6931,92.9705,295.791,188.361,-0.0241467,0.663518,-0.215624,0.716007
6932,93.3319,295.003,188.86,-0.0341291,0.665156,-0.20859,0.716166
6933,93.641,295.936,188.671,-0.0312262,0.663271,-0.214697,0.716241
6934,94.5495,295.665,188.353,-0.0338144,0.660271,-0.223249,0.716281
6935,94.3287,295.006,189.072,-0.0360421,0.661403,-0.224068,0.714871
6936,94.9202,295.784,189.283,-0.0360421,0.661403,-0.224068,0.714871
6937,95.7898,295.597,189.74,-0.0400957,0.658842,-0.225729,0.716496
6938,95.1929,295.667,190.539,-0.0400957,0.658842,-0.225729,0.716496
6939,95.1929,295.667,190.539,-0.0400957,0.658842,-0.225729,0.716496
6940,95.9624,295.679,191.178,-0.0413294,0.657837,-0.223508,0.718044
6941,96.2385,295.026,191.883,-0.0413294,0.657837,-0.223508,0.718044
6942,96.8405,295.791,191.654,-0.0281672,0.654623,-0.221217,0.722315
6943,96.5512,295.067,192.281,-0.0274713,0.65552,-0.217677,0.722603
6944,95.5947,295.344,192.19,-0.0313058,0.65238,-0.217968,0.725196
6945,95.9493,296.219,191.86,-0.0306474,0.652062,-0.218786,0.725264
6946,95.3633,296.372,191.064,-0.0375934,0.654824,-0.216633,0.723092
6947,94.6599,296.445,190.357,-0.041703,0.65695,-0.216934,0.720845
6948,94.6523,296.797,189.421,-0.0402252,0.655944,-0.216862,0.721866
6949,94.7919,296.331,188.547,-0.0451887,0.654371,-0.210958,0.724744
6950,95.0337,296.143,187.595,-0.0406264,0.662872,-0.203684,0.719349
6951,94.1766,296.351,187.123,-0.0317,0.679555,-0.19348,0.706941
6952,94.4777,295.495,186.703,-0.0270649,0.682461,-0.194091,0.704162
6953,94.3488,294.588,186.302,-0.0180811,0.680821,-0.200666,0.704193
6954,94.1915,294.955,185.386,-2.07817e-05,0.673448,-0.209309,0.708984
6955,93.9353,294.402,184.593,-0.00321995,0.673349,-0.209754,0.708939
6956,93.8905,294.779,185.519,-0.00404426,0.675425,-0.210005,0.706882
6957,93.4971,295.063,186.393,-0.00322042,0.683584,-0.204375,0.700666
6958,94.0715,295.852,186.608,-0.00272615,0.683592,-0.204576,0.700602
6959,94.1138,296.521,187.35,-0.00301785,0.683853,-0.211909,0.698162
6960,94.0714,297.194,188.089,-0.00279539,0.684262,-0.212034,0.697724
6961,94.632,298.016,187.992,0.00300642,0.682783,-0.213399,0.698756
6962,94.7895,298.736,188.668,0.0160252,0.685154,-0.21538,0.695642
6963,95.6075,299.116,189.099,0.0221586,0.685076,-0.211674,0.696688
6964,95.1627,299.939,189.452,0.0219613,0.684988,-0.210886,0.69702
6965,95.0467,300.283,190.384,0.0350327,0.695536,-0.210587,0.686044
6966,95.8838,300.771,190.631,0.0401659,0.69495,-0.210642,0.686338
6967,96.5462,301.437,190.973,0.0469856,0.694659,-0.210841,0.686139
6968,95.7878,301.802,190.433,0.0505348,0.694734,-0.210293,0.685979
6969,95.1178,301.526,189.744,0.0505348,0.694734,-0.210293,0.685979
6970,94.4557,301.685,189.012,0.0495686,0.69746,-0.205126,0.684848
6971,94.1056,300.774,189.23,0.0495686,0.69746,-0.205126,0.684848
6972,94.8997,300.658,189.827,0.055699,0.695846,-0.198052,0.688092
6973,95.8453,300.404,190.03,0.0513365,0.695208,-0.19396,0.690239
6974,96.6509,300.098,190.537,0.0365143,0.694853,-0.199364,0.69
6975,97.3848,299.772,191.133,0.0253381,0.694391,-0.208438,0.688283
6976,98.0892,299.315,191.676,0.0120975,0.691889,-0.222036,0.686908
6977,97.518,299.483,192.479,0.00512247,0.688583,-0.233083,0.686658
6978,98.4438,299.261,192.786,-0.000773569,0.685424,-0.233456,0.689704
6979,98.8671,300.157,192.919,-0.000515572,0.685439,-0.233499,0.689675
6980,99.2703,301.065,192.806,0.0101193,0.68264,-0.240952,0.689813
6981,99.8482,301.051,193.622,0.00887616,0.69512,-0.238043,0.678281
6982,100.31,301.854,193.247,0.00986864,0.694246,-0.238853,0.678877
6983,100.172,300.866,193.306,0.00993925,0.694189,-0.238321,0.679121
6984,100.272,300.66,192.333,0.0186378,0.687073,-0.236806,0.686663
6985,100.585,301.2,191.552,0.0200559,0.686856,-0.235512,0.687286
6986,99.7518,301.601,191.932,0.0245004,0.690869,-0.234794,0.683353
6987,99.9552,301.175,191.05,0.0235655,0.688217,-0.235894,0.685679
6988,100.59,300.625,190.507,0.0239427,0.688895,-0.23531,0.685186
6989,100.835,300.183,189.645,0.0235464,0.685883,-0.236013,0.687974
6990,101.359,299.605,189.019,0.0234109,0.685655,-0.236128,0.688167
6991,101.767,298.93,188.404,0.0234109,0.685655,-0.236128,0.688167
6992,101.609,298.044,188.84,0.0230718,0.68575,-0.236293,0.688026
6993,102.406,298.525,189.205,0.042439,0.680785,-0.239481,0.690926
6994,102.715,298.501,190.156,0.0439684,0.683718,-0.240309,0.687639
6995,103.554,298.055,190.465,0.0432387,0.680706,-0.242922,0.689753
6996,104.114,298.605,189.845,0.0444177,0.679579,-0.244373,0.690277
6997,104.293,298.54,188.863,0.0455192,0.669002,-0.25293,0.697418
6998,103.951,299.123,189.601,0.0463717,0.671803,-0.258542,0.692595
6999,103.872,298.594,190.446,0.0463717,0.671803,-0.258542,0.692595
7000,103.872,298.594,190.446,0.0463717,0.671803,-0.258542,0.692595
7001,104.258,298.113,189.658,0.0450584,0.667265,-0.249798,0.700234
7002,104.751,298.455,188.858,0.0468013,0.664728,-0.250686,0.702213
7003,104.848,298.004,187.971,0.0429037,0.659807,-0.243564,0.70957
7004,104.937,297.595,187.063,0.0429037,0.659807,-0.243564,0.70957
7005,105.022,296.79,186.475,0.0423796,0.659463,-0.243491,0.709947
7006,105.401,296.418,185.628,0.0459293,0.660482,-0.246564,0.707715
7007,105.414,296.128,184.671,0.0454874,0.66069,-0.246138,0.707697
7008,105.57,296.455,185.603,0.0485493,0.664372,-0.245296,0.704331
7009,105.835,295.876,184.831,0.0490399,0.663896,-0.238939,0.706927
7010,106.369,296.612,184.414,0.0523744,0.662344,-0.239602,0.707918
7011,106.857,296.903,183.592,0.0529318,0.661681,-0.239526,0.708522
7012,107.624,296.426,183.162,0.0540433,0.662367,-0.242593,0.706752
7013,107.84,295.783,183.896,0.0453937,0.667833,-0.23556,0.704592
7014,108.189,296.45,183.238,0.0453937,0.667833,-0.23556,0.704592
7015,109.096,296.169,183.553,0.0412281,0.669902,-0.238697,0.701823
7016,109.017,295.178,183.445,0.0410847,0.67032,-0.240999,0.700644
7017,109.55,295.394,184.263,0.046562,0.677017,-0.251732,0.690008
7018,109.912,295.921,185.032,0.0538504,0.679589,-0.268919,0.680398
7019,110.372,295.279,184.419,0.0495491,0.679591,-0.273766,0.678788
7020,111.068,294.821,183.867,0.0473617,0.680419,-0.279007,0.675974
7021,111.195,293.835,183.98,0.0473617,0.680419,-0.279007,0.675974
7022,111.631,293.849,184.88,0.0515882,0.685531,-0.27703,0.671297
7023,112.38,293.438,184.36,0.0540635,0.68716,-0.275473,0.670077
7024,112.69,292.897,183.578,0.0540635,0.68716,-0.275473,0.670077
7025,112.956,292.379,182.765,0.0504105,0.685425,-0.278951,0.6707
7026,112.361,291.588,182.905,0.0504105,0.685425,-0.278951,0.6707
7027,112.361,291.588,182.905,0.0504105,0.685425,-0.278951,0.6707
7028,112.664,291.022,182.138,0.0464635,0.679577,-0.259668,0.684536
7029,113.366,290.65,181.532,0.0490059,0.680134,-0.257653,0.684566
7030,113.982,290.106,180.962,0.0556495,0.680609,-0.250722,0.686158
7031,114.825,289.817,181.416,0.0582399,0.682582,-0.257568,0.681431
7032,115.401,290.633,181.394,0.0592041,0.682659,-0.255513,0.682044
7033,116.082,289.938,181.626,0.0469635,0.679458,-0.25967,0.684619
7034,115.171,290.342,181.716,0.0473758,0.676363,-0.265825,0.685292
7035,114.83,289.41,181.835,0.0473758,0.676363,-0.265825,0.685292
7036,114.401,288.555,182.13,0.0473758,0.676363,-0.265825,0.685292
7037,114.323,287.929,181.355,0.0360351,0.671324,-0.254962,0.694996
7038,115.097,287.528,181.847,0.0282856,0.668665,-0.250245,0.699618
7039,114.64,287.878,181.028,0.0305415,0.66554,-0.255418,0.700632
7040,114.185,287.252,181.662,0.0318465,0.663386,-0.263204,0.699734
7041,113.628,286.534,182.08,0.0326883,0.662055,-0.268534,0.69893
7042,113.263,285.693,182.479,0.0311212,0.661983,-0.267695,0.699392
7043,113.287,286.327,183.252,0.0370753,0.663706,-0.275279,0.694508
7044,112.489,286.158,183.831,0.0357271,0.661534,-0.281532,0.694144
7045,113.253,285.512,183.803,0.0301058,0.65644,-0.288314,0.696459
7046,112.962,285.185,184.703,0.0301058,0.65644,-0.288314,0.696459
7047,112.514,284.809,185.513,0.0264701,0.658798,-0.283633,0.696302
7048,111.769,284.794,186.18,0.0264701,0.658798,-0.283633,0.696302
7049,112.243,284.608,187.04,0.0264701,0.658798,-0.283633,0.696302
7050,112.282,285.406,186.439,0.0334057,0.657819,-0.278365,0.69905
7051,111.826,284.521,186.532,0.037964,0.658045,-0.271316,0.701372
7052,111.469,283.605,186.717,0.0381821,0.657955,-0.269814,0.702024
7053,111.276,282.838,187.329,0.030804,0.661758,-0.263837,0.701083
7054,111.549,283.785,187.161,0.0313423,0.661334,-0.26607,0.700615
7055,111.137,283.121,187.785,0.0307592,0.662391,-0.263928,0.700452
7056,112.114,283.211,187.975,0.0335227,0.660882,-0.258949,0.703602
7057,111.573,282.468,188.368,0.0350667,0.660733,-0.253203,0.705755
7058,110.795,282.014,188.803,0.0369206,0.658473,-0.250055,0.708888
7059,111.098,282.406,189.672,0.0367919,0.658379,-0.250094,0.708968
7060,110.937,282.382,188.685,0.0313915,0.648297,-0.254803,0.716799
7061,111.383,283.249,188.903,0.035387,0.648263,-0.257032,0.715848
7062,111.217,283.178,189.887,0.0209365,0.659801,-0.253633,0.707033
7063,111.178,283.422,190.856,0.0209365,0.659801,-0.253633,0.707033
7064,110.848,283.131,191.754,-0.00139221,0.678004,-0.222495,0.700574
7065,111.213,284.038,191.964,-0.00405483,0.678987,-0.213699,0.702348
7066,110.635,283.897,191.16,-0.00886671,0.672601,-0.20554,0.710833
7067,110.691,284.363,192.043,0.0254307,0.682455,-0.20409,0.701395
7068,111.092,283.492,192.325,0.0486875,0.684762,-0.198783,0.69944
7069,111.651,282.873,191.772,0.0496503,0.685001,-0.198936,0.699094
7070,112.439,282.517,191.27,0.0555508,0.686359,-0.201714,0.696518
7071,112.069,282.069,190.456,0.0580324,0.687022,-0.201534,0.695713
7072,111.823,281.842,189.514,0.0635386,0.683197,-0.186513,0.703148
7073,111.776,281.405,188.616,0.0700518,0.676981,-0.160928,0.714767
7074,111.264,281.249,187.771,0.0871425,0.680933,-0.147911,0.71194
7075,111.911,280.776,187.173,0.0959921,0.684252,-0.141731,0.70887
7076,111.736,280.341,186.29,0.0955685,0.683058,-0.13818,0.710778
7077,112.213,279.604,185.811,0.0881912,0.689613,-0.144226,0.704169
7078,111.456,279.8,185.188,0.0806932,0.692059,-0.15702,0.69992
7079,111.476,280.137,186.129,0.0656431,0.695607,-0.171658,0.694518
7080,111.537,279.746,187.047,0.0513508,0.699812,-0.175671,0.690483
7081,112.229,279.341,186.45,0.0444198,0.698693,-0.180417,0.690873
7082,112.585,279.341,187.384,0.0351508,0.701131,-0.187785,0.686961
7083,112.737,279.507,186.41,0.033316,0.697359,-0.192416,0.689606
7084,113.052,279.707,187.337,0.0332206,0.700193,-0.197749,0.685216
7085,113.591,280.46,187.716,0.0299795,0.70006,-0.198165,0.685382
7086,113.719,280.053,188.621,0.0132721,0.708676,-0.185511,0.680579
7087,114.554,279.96,189.162,0.0123096,0.70779,-0.18221,0.682409
7088,115.487,279.736,189.443,0.0137969,0.70797,-0.178273,0.683232
7089,115.516,280.062,190.388,0.0214351,0.718452,-0.174758,0.672924
7090,116.015,280.85,190.028,0.0233902,0.717694,-0.175418,0.673496
7091,116.442,281.103,190.896,0.0310696,0.721185,-0.180233,0.668164
7092,116.126,280.155,190.945,0.0312356,0.721106,-0.179808,0.668356
7093,116.8,280.045,190.215,0.0330617,0.721021,-0.179082,0.668555
7094,116.705,280.137,189.224,0.0406023,0.711099,-0.183998,0.677373
7095,116.898,280.573,190.103,0.0522026,0.716982,-0.194191,0.667459
7096,116.816,280.764,189.125,0.0545955,0.707388,-0.205742,0.674012
7097,115.822,280.83,189.208,0.0603445,0.705299,-0.205795,0.675692
7098,115.699,280.826,188.215,0.0701518,0.700878,-0.197822,0.6817
7099,116.625,280.577,188.5,0.0836666,0.699983,-0.185565,0.684536
7100,117.227,279.959,187.994,0.0836666,0.699983,-0.185565,0.684536
7101,116.702,279.12,188.142,0.0840295,0.699801,-0.183378,0.685266
7102,117.553,279.013,188.655,0.0794347,0.6983,-0.181462,0.687851
7103,117.559,278.016,188.732,0.0794347,0.6983,-0.181462,0.687851
7104,116.99,278.301,189.504,0.0711612,0.698134,-0.18893,0.686914
7105,117.936,277.981,189.454,0.0567039,0.696225,-0.205391,0.68547
7106,117.438,277.117,189.523,0.0556165,0.695816,-0.197624,0.688253
7107,117.523,277.111,190.519,0.0583768,0.697961,-0.191716,0.687523
7108,117.178,276.191,190.706,0.0583769,0.697961,-0.191716,0.687523
7109,116.823,275.266,190.571,0.0583358,0.697859,-0.191031,0.68782
7110,116.035,275.406,189.972,0.0618266,0.697779,-0.191623,0.687432
7111,115.944,276.395,190.09,0.0637712,0.697985,-0.191091,0.687193
7112,116.258,277.323,189.89,0.0668906,0.697385,-0.1918,0.687308
7113,117.059,277.232,189.3,0.067234,0.697757,-0.190547,0.687245
7114,116.688,277.737,188.521,0.067234,0.697757,-0.190547,0.687245
7115,115.859,278.015,188.035,0.0666618,0.698212,-0.19149,0.686577
7116,115.859,278.015,188.035,0.0666618,0.698212,-0.19149,0.686577
7117,116.295,278.04,187.135,0.0666618,0.698212,-0.19149,0.686577
7118,116.154,277.591,186.253,0.0657903,0.697404,-0.189529,0.688025
7119,115.995,277.866,185.304,0.0657903,0.697404,-0.189529,0.688025
7120,115.973,277.597,184.341,0.0632049,0.696119,-0.189579,0.689553
7121,115.699,276.827,183.766,0.0632049,0.696119,-0.189579,0.689553
7122,114.836,277.043,183.308,0.0632049,0.696119,-0.189579,0.689553
7123,115.736,276.893,183.716,0.06209,0.697584,-0.188086,0.688582
7124,116.336,276.098,183.627,0.0622731,0.69754,-0.18797,0.688642
7125,116.367,276.061,184.626,0.0635024,0.699285,-0.186533,0.687149
7126,116.533,276.273,185.589,0.0702785,0.700367,-0.17896,0.687402
7127,116.348,276.445,186.557,0.0726308,0.703884,-0.175809,0.684371
7128,115.4,276.57,186.847,0.0711971,0.704642,-0.176824,0.68348
7129,115.742,277.497,186.696,0.0711971,0.704642,-0.176824,0.68348
7130,114.79,277.509,187.001,0.0660868,0.703648,-0.178625,0.684548
7131,115.082,278.465,186.984,0.0649501,0.703518,-0.179051,0.684678
7132,114.553,278.723,186.176,0.0574534,0.703578,-0.180632,0.684872
7133,113.848,279.432,186.148,0.0549217,0.702769,-0.185495,0.68461
7134,114.246,280.337,185.997,0.0549217,0.702769,-0.185495,0.68461
7135,114.604,281.263,185.877,0.0524998,0.703908,-0.182119,0.684536
7136,113.938,280.624,186.262,0.0473735,0.704964,-0.173633,0.686027
7137,113.387,279.86,186.597,0.0494944,0.704282,-0.166504,0.688341
7138,112.462,280.231,186.678,0.0572038,0.69778,-0.163751,0.694994
7139,112.142,280.667,187.52,0.0650871,0.70094,-0.161144,0.691722
7140,111.304,280.885,188.021,0.0734832,0.698996,-0.157966,0.693579
7141,110.333,280.734,188.206,0.0768813,0.698676,-0.156777,0.693803
7142,111.162,280.395,187.76,0.077998,0.6991,-0.154101,0.69385
7143,111.058,281.158,187.122,0.0796455,0.697845,-0.153283,0.695107
7144,110.289,281.431,186.544,0.0767453,0.699909,-0.149316,0.69422
7145,109.445,281.486,186.01,0.0732205,0.702153,-0.148738,0.692457
7146,109.968,280.929,185.364,0.0735441,0.702579,-0.14816,0.692115
7147,109.421,281.4,184.672,0.0735912,0.702502,-0.148676,0.692077
7148,110.22,280.803,184.743,0.0754385,0.70506,-0.147723,0.689477
7149,109.939,281.584,184.186,0.0754385,0.70506,-0.147723,0.689477
7150,110.083,281.499,185.172,0.0714903,0.712479,-0.141571,0.683535
7151,110.258,282.469,185.003,0.0729204,0.712768,-0.133724,0.684662
7152,110.725,282.109,184.195,0.0701479,0.71115,-0.130509,0.68725
7153,111.495,281.676,184.664,0.0706539,0.712498,-0.128877,0.686109
7154,110.549,281.99,184.581,0.0705493,0.712452,-0.129559,0.686039
7155,111.149,281.475,183.968,0.0717902,0.713371,-0.127742,0.685296
7156,110.636,281.493,184.827,0.071828,0.716011,-0.128495,0.682392
7157,110.636,281.493,184.827,0.071828,0.716011,-0.128495,0.682392
7158,110.282,281.983,184.031,0.0656416,0.7184,-0.127019,0.680778
7159,111.067,281.823,184.63,0.0609765,0.721055,-0.126346,0.678527
7160,111.904,281.691,185.16,0.0607583,0.721394,-0.126145,0.678224
7161,112.723,281.709,185.734,0.0630022,0.722571,-0.126465,0.676705
7162,113.593,281.319,186.036,0.0631271,0.723376,-0.131742,0.674823
7163,113.864,281.535,186.974,0.0683924,0.724927,-0.136987,0.671594
7164,113.784,281.592,185.979,0.0694835,0.720492,-0.138631,0.675903
7165,114.574,282.058,186.377,0.0756213,0.720967,-0.140775,0.674293
7166,114.294,282.554,185.555,0.0809064,0.718067,-0.143905,0.676111
7167,113.479,282.798,185.03,0.0819375,0.717792,-0.143608,0.676341
7168,114.439,282.532,184.938,0.0834811,0.716823,-0.138174,0.678309
7169,114.696,282.306,185.877,0.0842507,0.719433,-0.13622,0.675842
7170,114.696,282.306,185.877,0.0842507,0.719433,-0.13622,0.675842
7171,115.236,283.12,186.092,0.0942146,0.719015,-0.140063,0.674183
7172,115.779,283.732,186.667,0.101979,0.720007,-0.146886,0.670533
7173,115.435,282.796,186.742,0.101979,0.720007,-0.146886,0.670533
7174,115.112,281.852,186.809,0.104349,0.719557,-0.145433,0.670969
7175,114.689,280.958,186.961,0.107144,0.719096,-0.143066,0.67153
7176,115.173,281.024,187.834,0.106704,0.720914,-0.142268,0.669818
7177,115.41,280.209,188.362,0.107831,0.720319,-0.141508,0.670439
7178,116.272,279.826,188.694,0.11089,0.718603,-0.142983,0.671468
7179,116.138,278.891,189.023,0.114019,0.717321,-0.141794,0.672566
7180,116.987,278.439,189.294,0.116614,0.716191,-0.144674,0.672712
7181,116.447,278.384,190.134,0.116179,0.716243,-0.147172,0.672189
7182,117.182,278.252,190.799,0.116179,0.716243,-0.147172,0.672189
7183,117.822,278.275,191.567,0.116179,0.716243,-0.147172,0.672189
7184,118.625,278.187,192.156,0.115628,0.716026,-0.146886,0.672578
7185,119.332,278.158,192.863,0.115628,0.716026,-0.146886,0.672578
7186,119.427,278.18,193.858,0.115185,0.716022,-0.146432,0.672757
7187,119.636,278.141,194.835,0.11855,0.722204,-0.143769,0.666106
7188,119.809,278.441,195.773,0.124213,0.726072,-0.140803,0.661488
7189,120.039,278.223,194.825,0.126069,0.723546,-0.139772,0.664117
7190,120.886,277.951,195.282,0.126736,0.722941,-0.139599,0.664685
7191,121.228,278.308,196.151,0.12987,0.724743,-0.141808,0.661643
7192,121.228,278.308,196.151,0.12987,0.724743,-0.141808,0.661643
7193,120.866,279.081,195.63,0.130375,0.724597,-0.142392,0.661578
7194,120.725,278.924,194.653,0.130086,0.723215,-0.144877,0.662607
7195,120.725,278.924,194.653,0.130086,0.723215,-0.144877,0.662607
7196,120.687,279.343,193.746,0.130086,0.723215,-0.144877,0.662607
7197,120.703,279.304,192.747,0.127496,0.723546,-0.142102,0.66335
7198,120.694,279.735,191.844,0.127169,0.722839,-0.142197,0.664162
7199,120.056,279.996,191.119,0.128907,0.724393,-0.143193,0.661916
7200,119.944,280.155,190.138,0.131321,0.719971,-0.145246,0.665808
7201,119.402,279.528,189.578,0.133123,0.720632,-0.146945,0.664361
7202,118.932,279.502,190.46,0.133367,0.723189,-0.143785,0.662221
7203,119.263,280.149,191.147,0.133367,0.723189,-0.143785,0.662221
7204,119.263,280.149,191.147,0.133367,0.723189,-0.143785,0.662221
7205,120.094,279.801,191.582,0.128225,0.724332,-0.146022,0.661498
7206,120.452,280.735,191.557,0.128733,0.724271,-0.14637,0.661388
7207,120.832,281.659,191.515,0.128733,0.724271,-0.14637,0.661388
7208,121.738,281.46,191.89,0.126961,0.723958,-0.146119,0.662129
7209,121.935,281.468,192.87,0.128897,0.726227,-0.144943,0.659523
7210,122.029,281.45,191.874,0.130628,0.727219,-0.142004,0.658729
7211,122.375,281.138,190.99,0.132611,0.725936,-0.136833,0.660839
7212,122.983,280.927,190.224,0.133026,0.726881,-0.135636,0.659963
7213,122.142,281.214,189.767,0.132287,0.728607,-0.134546,0.65843
7214,122.049,281.214,188.771,0.131572,0.727468,-0.135235,0.65969
7215,121.509,281.733,188.108,0.131572,0.727468,-0.135235,0.65969
7216,122.407,281.468,188.46,0.132395,0.729058,-0.135313,0.657751
7217,122.396,280.714,189.116,0.130527,0.73121,-0.133107,0.656184
7218,123.138,281.379,189.032,0.139666,0.726946,-0.130571,0.659541
7219,122.43,281.689,189.666,0.143979,0.724194,-0.130638,0.661624
7220,123.343,281.596,190.064,0.145685,0.723235,-0.127713,0.662869
7221,124.262,281.259,190.268,0.145829,0.722861,-0.127241,0.663337
7222,125.229,281.427,190.459,0.151876,0.720397,-0.125911,0.664912
7223,125.126,281.02,191.367,0.151854,0.719592,-0.126805,0.665619
7224,125.876,280.806,191.991,0.152383,0.719147,-0.128109,0.665729
7225,126.69,280.593,192.533,0.151083,0.719058,-0.12858,0.66603
7226,127.242,281.092,193.201,0.152906,0.719585,-0.1295,0.664867
7227,128.043,280.912,193.772,0.150501,0.719157,-0.13356,0.665074
7228,128.479,281.065,192.885,0.146728,0.718257,-0.138885,0.665799
7229,129.41,280.7,192.912,0.141729,0.717584,-0.142636,0.666814
7230,129.41,280.7,192.912,0.141729,0.717584,-0.142636,0.666814
7231,128.987,280.113,193.603,0.140552,0.718436,-0.144642,0.665713
7232,129.518,279.862,192.794,0.141919,0.715208,-0.14161,0.66954
7233,129.126,278.942,192.807,0.141919,0.715208,-0.14161,0.66954
7234,129.126,278.942,192.807,0.141919,0.715208,-0.14161,0.66954
7235,129.168,279.544,192.009,0.14297,0.713862,-0.1419,0.67069
7236,129.762,278.975,192.578,0.143324,0.713934,-0.141143,0.670697
7237,130.298,279.017,191.735,0.141067,0.7112,-0.144526,0.673356
7238,130.996,279.615,192.129,0.145294,0.711078,-0.146706,0.672113
7239,131.786,279.306,192.659,0.14539,0.710844,-0.14796,0.672064
7240,132.313,278.509,192.953,0.146073,0.710294,-0.147812,0.67253
7241,132.955,277.924,193.448,0.146205,0.710411,-0.147573,0.67243
7242,132.955,277.924,193.448,0.146205,0.710411,-0.147573,0.67243
7243,133.66,277.977,192.741,0.146746,0.711842,-0.143915,0.671591
7244,134.271,277.821,191.965,0.147018,0.712054,-0.142909,0.671522
7245,134.969,277.119,191.821,0.151313,0.716977,-0.136125,0.666722
7246,135.856,276.729,191.574,0.150606,0.721678,-0.13261,0.662506
7247,136.596,276.818,190.908,0.150214,0.723184,-0.131259,0.66122
7248,137.349,276.303,191.317,0.15184,0.725056,-0.124022,0.660195
7249,137.239,275.309,191.302,0.151174,0.725148,-0.123824,0.660284
7250,138.176,275.593,191.507,0.153728,0.724767,-0.123855,0.660107
7251,137.323,276.029,191.22,0.156506,0.723799,-0.124157,0.660458
7252,137.323,276.029,191.22,0.156506,0.723799,-0.124157,0.660458
7253,138.151,276.334,191.689,0.161065,0.723732,-0.125651,0.659153
7254,139.107,276.469,191.951,0.165197,0.722563,-0.127395,0.659078
7255,138.444,275.842,192.359,0.166685,0.722086,-0.126597,0.659379
7256,139.261,276.073,192.887,0.170404,0.72154,-0.128677,0.658623
7257,140.258,276.03,192.819,0.171608,0.720198,-0.128892,0.659736
7258,141.032,276.661,192.864,0.176559,0.718187,-0.129869,0.66043
7259,140.507,275.818,192.979,0.187439,0.714552,-0.130995,0.661153
7260,139.926,275.089,193.341,0.19918,0.711682,-0.132529,0.660509
7261,139.437,274.22,193.415,0.204187,0.709796,-0.125411,0.662396
7262,138.772,274.561,194.079,0.208533,0.706067,-0.128373,0.664457
7263,138.896,274.114,194.965,0.186161,0.724675,-0.11327,0.653728
7264,139.73,273.945,195.49,0.171436,0.725111,-0.11555,0.656865
7265,138.799,274.218,195.247,0.166422,0.724102,-0.121267,0.658235
7266,138.265,274.268,196.091,0.158057,0.723662,-0.127738,0.659557
7267,138.194,274.013,197.055,0.153478,0.722894,-0.130917,0.660855
7268,138.084,274.097,198.046,0.158619,0.723297,-0.129949,0.65939
7269,138.956,274.003,197.566,0.163494,0.721428,-0.121761,0.661805
7270,139.621,273.962,198.311,0.168142,0.721489,-0.117948,0.661264
7271,140.409,273.875,198.921,0.176387,0.721217,-0.116895,0.659598
7272,140.134,273.833,197.96,0.182629,0.720318,-0.116305,0.658985
7273,140.775,274.31,197.359,0.183612,0.720988,-0.109655,0.659119
7274,140.28,273.983,198.165,0.184309,0.722099,-0.106149,0.658282
7275,140.47,274.235,197.216,0.188465,0.718347,-0.106808,0.661098
7276,141.069,275.005,197.438,0.189602,0.718227,-0.107514,0.660788
7277,141.68,275.721,197.776,0.186258,0.71894,-0.113683,0.659931
7278,142.454,275.096,197.878,0.17883,0.718386,-0.119151,0.661623
7279,142.983,275.143,197.031,0.177844,0.716607,-0.124084,0.66291
7280,143.582,275.586,196.363,0.177648,0.716444,-0.125259,0.662918
7281,144.532,275.296,196.478,0.174017,0.715632,-0.128354,0.664165
7282,145.39,275.175,196.978,0.174017,0.715632,-0.128354,0.664165
7283,146.165,274.996,197.584,0.174017,0.715632,-0.128354,0.664165
7284,146.95,274.75,198.152,0.176834,0.71471,-0.129195,0.66425
7285,147.049,273.879,198.633,0.176834,0.71471,-0.129195,0.66425
7286,147.647,274.56,198.211,0.178716,0.71358,-0.128579,0.665081
7287,148.345,273.859,198.357,0.181737,0.712379,-0.125777,0.666084
7288,148.321,272.88,198.152,0.182874,0.711532,-0.123881,0.667033
7289,149.217,273.096,197.763,0.187587,0.710703,-0.123671,0.666647
7290,149.852,272.35,197.965,0.187587,0.710703,-0.123671,0.666647
7291,150.731,271.876,197.931,0.19325,0.709623,-0.119062,0.667019
7292,150.731,271.876,197.931,0.19325,0.709623,-0.119062,0.667019
7293,151.417,272.584,197.763,0.194112,0.70974,-0.12375,0.665789
7294,151.417,272.584,197.763,0.194112,0.70974,-0.12375,0.665789
7295,151.813,271.707,198.033,0.187028,0.712591,-0.122406,0.66502
7296,152.23,272.614,197.969,0.186818,0.712677,-0.122853,0.664905
7297,152.941,273.316,198.012,0.188373,0.711932,-0.124647,0.66493
7298,153.683,273.959,198.199,0.188905,0.711648,-0.130935,0.663874
7299,153.512,272.989,198.375,0.188307,0.711824,-0.131933,0.663658
7300,153.733,272.056,198.09,0.188581,0.711352,-0.132416,0.663989
7301,154.249,272.884,197.868,0.191429,0.710074,-0.134261,0.664172
7302,153.712,272.042,197.916,0.192505,0.709496,-0.133614,0.664608
7303,154.468,271.544,198.342,0.192976,0.709303,-0.134846,0.66443
7304,155.04,272.27,197.96,0.194891,0.708076,-0.138258,0.664478
7305,155.349,271.94,198.852,0.196849,0.710672,-0.136226,0.661542
7306,156.142,271.597,199.356,0.208182,0.707235,-0.128253,0.663348
7307,156.947,271.966,198.891,0.211332,0.705652,-0.128033,0.66408
7308,157.226,271.073,199.243,0.203441,0.708221,-0.133184,0.662795
7309,157.491,271.562,198.412,0.203522,0.707842,-0.13363,0.663084
7310,157.684,270.671,198.824,0.20477,0.70728,-0.133392,0.663348
7311,158.126,271.565,198.901,0.204899,0.707248,-0.133648,0.663291
7312,158.549,272.469,198.971,0.20339,0.707988,-0.13552,0.662585
7313,159.542,272.394,199.053,0.196327,0.710236,-0.140145,0.661348
7314,160.033,273.261,199.139,0.196017,0.710367,-0.139873,0.661356
7315,160.048,272.318,199.472,0.188501,0.712336,-0.14104,0.661175
7316,160.416,271.439,199.776,0.187311,0.712219,-0.142759,0.66127
7317,159.96,270.55,199.731,0.187311,0.712219,-0.142759,0.66127
7318,160.326,271.48,199.721,0.187311,0.712219,-0.142759,0.66127
7319,160.947,272.259,199.811,0.19104,0.711553,-0.139765,0.66156
7320,160.654,271.316,199.655,0.191311,0.711481,-0.140102,0.661487
7321,160.654,271.316,199.655,0.191311,0.711481,-0.140102,0.661487
7322,161.288,272.086,199.58,0.19811,0.709088,-0.139753,0.66213
7323,160.562,271.556,200.019,0.200269,0.707119,-0.144874,0.662485
7324,159.77,271.705,200.611,0.19984,0.705268,-0.151376,0.663133
7325,159.022,272.079,201.159,0.196516,0.703594,-0.156579,0.664695
7326,159.401,272.094,202.084,0.191341,0.703684,-0.163325,0.664487
7327,159.336,272.178,203.079,0.186762,0.705457,-0.167966,0.662751
7328,159.715,272.763,203.796,0.186762,0.705457,-0.167966,0.662751
7329,160.506,272.646,204.396,0.185481,0.703948,-0.160216,0.666622
7330,161.491,272.814,204.455,0.184898,0.701065,-0.152258,0.671668
7331,162.09,272.041,204.662,0.18495,0.700374,-0.152966,0.672214
7332,161.625,271.156,204.628,0.18495,0.700374,-0.152966,0.672214
7333,161.321,270.309,204.193,0.18495,0.700374,-0.152966,0.672214
7334,161.714,271.22,204.07,0.189402,0.70037,-0.160803,0.669142
7335,161.955,271.787,203.283,0.191725,0.699289,-0.159771,0.669858
7336,162.351,272.614,202.884,0.215041,0.692944,-0.166596,0.667707
7337,163.034,271.884,202.858,0.223899,0.700794,-0.152846,0.659845
7338,162.092,271.772,202.544,0.21699,0.709971,-0.148815,0.653231
7339,161.33,272.42,202.548,0.226332,0.718446,-0.140886,0.642464
7340,160.815,272.262,201.705,0.22515,0.718416,-0.141837,0.642703
7341,161.453,271.57,201.367,0.228114,0.72343,-0.139826,0.636445
7342,161.816,272.499,201.298,0.237495,0.722527,-0.145271,0.632808
7343,161.213,271.86,201.775,0.236685,0.724055,-0.139189,0.632733
7344,161.321,270.924,201.44,0.237553,0.723587,-0.138463,0.633103
7345,161.303,271.923,201.494,0.247176,0.722422,-0.132976,0.631924
7346,160.585,271.634,202.127,0.248092,0.722046,-0.130525,0.632505
7347,160.97,272.548,202,0.261911,0.718554,-0.132583,0.63048
7348,160.609,273.016,202.807,0.262979,0.719658,-0.13158,0.628984
7349,161.158,273.543,202.158,0.262979,0.719658,-0.13158,0.628984
7350,160.479,273.734,202.866,0.260159,0.720005,-0.133221,0.629414
7351,160.021,272.854,202.742,0.260134,0.720029,-0.133316,0.629377
7352,160.686,273.6,202.764,0.263935,0.718084,-0.133674,0.62994
7353,161.273,274.397,202.906,0.267553,0.715967,-0.137127,0.630081
7354,160.927,273.672,203.502,0.267553,0.715967,-0.137127,0.630081
7355,161.747,274.24,203.569,0.271441,0.713172,-0.135394,0.63196
7356,161.615,273.955,204.519,0.273456,0.717454,-0.126137,0.628149
7357,161.518,274.129,205.499,0.276971,0.720986,-0.12308,0.623151
7358,162.24,274.82,205.529,0.282027,0.718764,-0.124695,0.62313
7359,163.089,275.334,205.649,0.282583,0.718466,-0.128003,0.622551
7360,163.654,276.142,205.817,0.282583,0.718466,-0.128003,0.622551
7361,164.555,276.547,205.975,0.282583,0.718466,-0.128003,0.622551
7362,165.165,277.33,206.096,0.295734,0.714715,-0.131447,0.620036
7363,165.763,277.966,205.608,0.295882,0.714486,-0.131996,0.620113
7364,165.587,277.527,206.49,0.296723,0.717453,-0.127385,0.617244
7365,165.47,276.627,206.071,0.302182,0.717535,-0.112657,0.617364
7366,165.166,276.349,206.982,0.30583,0.721579,-0.103149,0.612496
7367,165.2,277.025,206.246,0.30583,0.721579,-0.103149,0.612496
7368,164.446,277.529,205.824,0.305016,0.723958,-0.103656,0.610005
7369,165.123,278.175,205.471,0.305022,0.724006,-0.102515,0.610137
7370,164.518,278.742,204.912,0.310088,0.72152,-0.100662,0.610836
7371,164.785,278.583,205.863,0.314676,0.724738,-0.0980035,0.605086
7372,164.135,278.523,206.621,0.315066,0.725876,-0.0934239,0.604242
7373,164.067,277.806,207.315,0.315598,0.727278,-0.0884784,0.603023
7374,163.427,277.546,208.038,0.315466,0.729601,-0.0816778,0.601242
7375,164.303,277.073,208.139,0.310792,0.734109,-0.0763846,0.59888
7376,163.973,277.141,207.197,0.298759,0.727402,-0.065089,0.614323
7377,164.688,276.468,207.007,0.300579,0.729987,-0.060245,0.610853
7378,163.918,277.106,206.977,0.299273,0.73437,-0.0589362,0.606352
7379,164.197,276.317,206.43,0.302616,0.736968,-0.0595556,0.601461
7380,164.011,277.294,206.327,0.313671,0.736055,-0.0644326,0.59639
7381,164.135,277.143,207.308,0.322354,0.740297,-0.0702484,0.585759
7382,164.559,277.011,208.204,0.332428,0.743443,-0.0746706,0.575508
7383,164.233,277.72,207.578,0.340498,0.738141,-0.0789077,0.577046
7384,165.173,277.395,207.477,0.345773,0.736535,-0.0776681,0.576129
7385,165.816,277.99,207.959,0.35556,0.734515,-0.0790334,0.572554
7386,166.479,278.655,208.305,0.368401,0.731022,-0.0838304,0.568208
7387,167.352,279.095,208.513,0.373891,0.729506,-0.0865237,0.566163
7388,167.051,278.174,208.267,0.384967,0.727744,-0.0938839,0.559799
7389,167.513,279.043,208.442,0.400854,0.723161,-0.103542,0.552841
7390,167.699,279.283,207.489,0.401936,0.721159,-0.107484,0.553917
7391,168.443,278.987,208.087,0.402495,0.720455,-0.106462,0.554624
7392,169.259,278.444,207.89,0.400252,0.719858,-0.108459,0.556631
7393,168.812,277.658,208.319,0.400252,0.719858,-0.108459,0.556631
7394,168.137,277.174,208.875,0.400252,0.719858,-0.108459,0.556631
7395,169.014,277.523,209.205,0.405092,0.718265,-0.114165,0.554042
7396,170.008,277.578,209.306,0.410169,0.715651,-0.116653,0.55317
7397,170.965,277.296,209.236,0.413834,0.712049,-0.117578,0.55489
7398,171.217,277.233,208.271,0.409441,0.707909,-0.113175,0.564282
7399,171.543,278.012,207.735,0.409441,0.707909,-0.113175,0.564282
7400,171.367,278.808,207.156,0.409437,0.707908,-0.113177,0.564286
7401,171.458,279.116,206.209,0.410711,0.70737,-0.106072,0.565414
7402,171.276,278.808,207.143,0.413122,0.711801,-0.0995827,0.559243
7403,171.791,278.816,206.286,0.414173,0.712735,-0.094986,0.558074
7404,171.042,279.478,206.261,0.41528,0.715721,-0.087838,0.554591
7405,171.334,279.012,207.097,0.4224,0.720846,-0.081857,0.543378
7406,171.921,278.323,207.521,0.429799,0.720004,-0.0791099,0.539081
7407,172.17,278.142,206.57,0.434831,0.719144,-0.0805456,0.535972
7408,172.858,277.827,207.224,0.441314,0.71958,-0.0859377,0.529208
7409,173.578,277.272,207.64,0.434952,0.721239,-0.08005,0.533125
7410,173.53,276.447,208.203,0.423275,0.730822,-0.068195,0.531119
7411,174.45,276.837,208.166,0.425404,0.729842,-0.0706653,0.530441
7412,175.308,276.344,208.029,0.425715,0.728437,-0.0733425,0.531759
7413,175.481,275.712,208.785,0.425968,0.729068,-0.0726703,0.530783
7414,175.726,276.432,208.136,0.426453,0.72755,-0.0758106,0.532035
7415,176.313,277.229,208.282,0.43057,0.725133,-0.0760012,0.531992
7416,176.889,278.031,208.123,0.433853,0.722537,-0.079159,0.532396
7417,177.796,278.413,208.301,0.442445,0.71872,-0.0849271,0.529596
7418,178.67,277.944,208.175,0.444098,0.715782,-0.0821458,0.532621
7419,178.67,277.944,208.175,0.444098,0.715782,-0.0821458,0.532621
7420,179.487,277.369,208.146,0.442083,0.716161,-0.086426,0.533111
7421,178.91,276.574,207.961,0.442083,0.716161,-0.086426,0.533111
7422,178.906,275.908,208.707,0.44354,0.719246,-0.0820639,0.528415
7423,179.222,275.747,209.642,0.447785,0.720887,-0.0860372,0.521928
7424,179.777,275.762,210.474,0.447785,0.720887,-0.0860372,0.521928
7425,180.212,274.969,210.901,0.445086,0.723185,-0.0802515,0.521979
7426,180.964,275.627,210.928,0.445086,0.723185,-0.0802515,0.521979
7427,181.605,275.912,210.215,0.445433,0.723232,-0.0771563,0.522084
7428,181.52,276.693,209.595,0.452624,0.716905,-0.0874844,0.522996
7429,181.447,276.196,210.46,0.454196,0.718609,-0.0837119,0.519903
7430,181.468,276.831,209.688,0.45486,0.719779,-0.0814409,0.518061
7431,181.383,277.571,209.02,0.454638,0.722427,-0.0759294,0.5154
7432,181.614,277.742,208.063,0.454638,0.722427,-0.0759294,0.5154
7433,181.346,278.487,207.451,0.456851,0.72072,-0.0820824,0.514891
7434,182.271,278.577,207.821,0.45991,0.720478,-0.0848661,0.512047
7435,182.271,278.577,207.821,0.45991,0.720478,-0.0848661,0.512047
7436,183.175,278.151,207.812,0.459748,0.719337,-0.0816881,0.514308
7437,184.004,278.584,208.167,0.459748,0.719337,-0.0816881,0.514308
7438,184.77,279.025,208.635,0.463714,0.719558,-0.0867943,0.509581
7439,185.627,278.537,208.472,0.458708,0.720909,-0.081295,0.513097
7440,186.588,278.263,208.421,0.457681,0.721229,-0.0800156,0.513765
7441,187.479,278.621,208.701,0.462932,0.718592,-0.0810548,0.512592
7442,187.383,278.455,209.683,0.462384,0.721997,-0.0853972,0.507571
7443,188.281,278.857,209.866,0.464095,0.722883,-0.0913694,0.503694
7444,189.158,278.751,210.333,0.46678,0.722737,-0.094608,0.500817
7445,190.043,278.413,210.013,0.469929,0.720739,-0.0944621,0.500778
7446,190.943,278.731,210.312,0.474892,0.717778,-0.0954591,0.500159
7447,191.933,278.86,210.246,0.475946,0.716257,-0.0939889,0.501615
7448,191.516,279.247,209.423,0.467753,0.716823,-0.0924542,0.508748
7449,192.422,278.898,209.186,0.463666,0.720578,-0.0919042,0.507281
7450,193.388,278.671,209.058,0.459734,0.723988,-0.0890429,0.506514
7451,194.018,279.446,209.033,0.471112,0.718344,-0.093796,0.503227
7452,193.808,279.035,209.92,0.472637,0.721425,-0.0881638,0.498386
7453,193.436,279.749,209.326,0.472377,0.719812,-0.0892542,0.500764
7454,192.542,279.501,209.7,0.472483,0.719591,-0.087658,0.501264
7455,192.431,279.096,210.608,0.473116,0.720586,-0.0857437,0.499565
7456,193.42,279.046,210.747,0.475036,0.721187,-0.0887922,0.496332
7457,194.366,279.199,211.035,0.480359,0.719133,-0.0926982,0.493467
7458,195.147,279.822,211.074,0.490308,0.71292,-0.0952048,0.492218
7459,195.113,279.993,210.09,0.491064,0.709952,-0.0956457,0.495658
7460,195.974,279.577,210.384,0.491064,0.709952,-0.0956457,0.495658
7461,196.858,279.971,210.633,0.494731,0.70653,-0.0942679,0.497162
7462,197.657,279.381,210.514,0.495579,0.703552,-0.0894776,0.501408
7463,198.604,279.089,210.38,0.489311,0.708315,-0.097541,0.49935
7464,199.101,278.709,209.601,0.482926,0.712077,-0.106211,0.498446
7465,199.757,278.199,209.044,0.480537,0.711711,-0.112712,0.499848
7466,200.731,278.385,209.172,0.486687,0.708829,-0.117775,0.496816
7467,201.463,277.794,209.511,0.487301,0.707929,-0.114322,0.498301
7468,202.131,277.274,208.978,0.488808,0.705862,-0.109237,0.500892
7469,201.659,276.5,208.555,0.488809,0.705862,-0.109236,0.500892
7470,202.38,276.02,208.055,0.491115,0.706003,-0.113966,0.49737
7471,203.196,275.534,207.744,0.491115,0.706003,-0.113966,0.49737
7472,203.662,274.844,207.19,0.487431,0.707207,-0.111822,0.499764
7473,204.208,274.006,207.208,0.486235,0.707768,-0.112405,0.500006
7474,205.065,274.487,207.022,0.486455,0.707866,-0.119264,0.49806
7475,205.016,274.446,208.02,0.485387,0.711285,-0.126203,0.492489
7476,205.576,273.881,207.414,0.484121,0.712082,-0.132947,0.490806
7477,206.079,273.397,206.698,0.482139,0.713777,-0.137813,0.48895
7478,206.596,272.857,206.034,0.475193,0.716781,-0.146428,0.488851
7479,207.466,273.139,206.437,0.477222,0.717072,-0.149967,0.485364
7480,208.421,273.415,206.55,0.482485,0.713255,-0.151815,0.485209
7481,209.285,273.918,206.522,0.485497,0.71104,-0.154436,0.484628
7482,210.194,274.305,206.371,0.498868,0.7035,-0.162499,0.479389
7483,209.981,273.616,205.678,0.500979,0.702034,-0.162363,0.479381
7484,210.266,272.757,205.252,0.504034,0.701041,-0.164976,0.476734
7485,211.171,272.689,205.673,0.506898,0.700591,-0.167832,0.473349
7486,212.102,272.683,206.038,0.511336,0.698706,-0.170627,0.470354
7487,213.039,272.786,206.37,0.515785,0.696802,-0.174969,0.46671
7488,212.646,271.875,206.242,0.516105,0.696485,-0.175224,0.466734
7489,213.638,271.955,206.331,0.51824,0.695557,-0.177767,0.464787
7490,212.921,271.278,206.169,0.52067,0.694801,-0.182146,0.461495
7491,213.545,271.947,206.571,0.523527,0.693599,-0.18609,0.458488
7492,214.449,272.118,206.962,0.530454,0.690172,-0.188358,0.454755
7493,215.351,272.404,207.287,0.536695,0.686364,-0.188576,0.453103
7494,215.521,271.585,206.738,0.5363,0.685425,-0.18645,0.455863
7495,214.914,270.833,206.483,0.536467,0.685188,-0.185593,0.456373
7496,213.93,270.818,206.307,0.540062,0.683113,-0.187809,0.454331
7497,213.029,271.185,206.539,0.543322,0.681596,-0.189679,0.451941
7498,212.053,271.19,206.758,0.543429,0.682387,-0.193325,0.449064
7499,211.147,270.785,206.631,0.543396,0.683123,-0.19658,0.446565
7500,210.227,270.419,206.49,0.544902,0.682697,-0.198872,0.44436
7501,209.395,270.078,206.053,0.544079,0.682515,-0.198759,0.445696
7502,208.549,269.545,206.057,0.544558,0.682429,-0.202881,0.44338
7503,208.701,268.716,205.52,0.544003,0.68192,-0.202631,0.444958
7504,209.7,268.721,205.579,0.543702,0.681379,-0.200749,0.447002
7505,209.292,267.858,205.28,0.543702,0.681379,-0.200749,0.447002
7506,209.742,268.258,204.482,0.547634,0.677608,-0.204942,0.44603
7507,210.69,268.545,204.625,0.548874,0.676648,-0.20666,0.44517
7508,209.84,268.534,205.153,0.551534,0.674958,-0.207695,0.443965
7509,209.84,268.534,205.153,0.551534,0.674958,-0.207695,0.443965
7510,208.851,268.642,205.061,0.551534,0.674958,-0.207695,0.443965
7511,208.64,267.8,205.558,0.551969,0.674377,-0.206376,0.44492
7512,207.733,267.493,205.845,0.551969,0.674377,-0.206376,0.44492
7513,208.204,268.268,205.424,0.551809,0.67407,-0.207671,0.444983
7514,208.669,267.633,204.806,0.551256,0.672244,-0.209656,0.447492
7515,209.205,267.936,205.594,0.551256,0.672244,-0.209656,0.447492
7516,209.692,267.064,205.65,0.549057,0.673248,-0.206393,0.450195
7517,210.518,267.162,206.205,0.549459,0.673384,-0.206879,0.449277
7518,210.518,267.162,206.205,0.549459,0.673384,-0.206879,0.449277
7519,210.612,267.642,205.333,0.550865,0.671299,-0.207583,0.450349
7520,209.7,267.234,205.325,0.550007,0.672186,-0.207352,0.450181
7521,209.815,267.958,204.645,0.546394,0.668943,-0.215543,0.455533
7522,210.036,267.415,205.455,0.543099,0.673484,-0.218896,0.451161
7523,209.985,268.036,204.673,0.537156,0.669302,-0.227753,0.46003
7524,209.985,268.036,204.673,0.537156,0.669302,-0.227753,0.46003
7525,209.524,268.923,204.696,0.536354,0.668259,-0.229747,0.461487
7526,209.524,268.923,204.696,0.536354,0.668259,-0.229747,0.461487
7527,209.845,269.214,205.597,0.536354,0.668259,-0.229747,0.461487
7528,209.425,269.465,206.47,0.54069,0.665909,-0.228445,0.46047
7529,210.07,270.003,207.011,0.541264,0.665299,-0.228143,0.460827
7530,210.188,269.823,207.988,0.549949,0.66261,-0.225683,0.455601
7531,211.159,270.057,208.027,0.55128,0.661195,-0.22582,0.45598
7532,211.159,270.057,208.027,0.55128,0.661195,-0.22582,0.45598
7533,211.223,269.406,208.783,0.550542,0.663979,-0.223392,0.454017
7534,211.223,269.406,208.783,0.550542,0.663979,-0.223392,0.454017
7535,211.223,269.406,208.783,0.550542,0.663979,-0.223392,0.454017
7536,211.641,269.5,209.687,0.548072,0.667404,-0.22456,0.4514
7537,211.431,270.405,209.316,0.547284,0.667585,-0.225439,0.45165
7538,211.095,270.239,208.389,0.544016,0.667351,-0.216677,0.460152
7539,210.859,269.997,209.33,0.545318,0.668986,-0.212532,0.458166
7540,210.82,270.115,210.322,0.546172,0.669554,-0.211291,0.456892
7541,210.381,271.001,210.178,0.545975,0.669849,-0.208703,0.457884
7542,210.381,271.001,210.178,0.545975,0.669849,-0.208703,0.457884
7543,210.484,271.759,210.823,0.549031,0.670049,-0.20365,0.456208
7544,210.554,272.586,210.265,0.547325,0.672112,-0.20424,0.454958
7545,210.489,273.434,209.739,0.545386,0.671302,-0.206767,0.457335
7546,210.058,273.906,208.97,0.545386,0.671302,-0.206767,0.457335
7547,209.891,273.159,208.326,0.545995,0.673006,-0.202662,0.455939
7548,209.171,272.808,208.926,0.54585,0.673626,-0.201086,0.455894
7549,209.43,272.612,209.871,0.549255,0.675211,-0.198579,0.450529
7550,208.93,273.312,209.362,0.550022,0.675749,-0.197833,0.449111
7551,208.846,273.835,208.513,0.547328,0.674299,-0.201268,0.453038
7552,208.459,274.456,209.195,0.546623,0.67887,-0.201586,0.446879
7553,208.917,273.877,209.869,0.547368,0.678925,-0.201229,0.446045
7554,208.506,274.24,209.034,0.547368,0.678925,-0.201229,0.446045
7555,207.952,275.069,208.954,0.548247,0.678755,-0.200581,0.445516
7556,208.146,275.768,208.265,0.548247,0.678755,-0.200581,0.445516
7557,207.869,276.71,208.076,0.548247,0.678755,-0.200581,0.445516
7558,208.13,277.46,207.468,0.548005,0.67846,-0.200981,0.446082
7559,208.2,278.106,206.708,0.54163,0.673077,-0.213687,0.456006
7560,208.7,277.532,206.059,0.538473,0.684003,-0.2101,0.445022
7561,208.596,278.136,205.269,0.534005,0.681102,-0.216264,0.451851
7562,208.566,278.681,204.431,0.534687,0.681568,-0.215155,0.45087
7563,208.476,279.283,203.637,0.533617,0.683228,-0.210301,0.451913
7564,208.75,279.917,202.913,0.533614,0.683269,-0.210273,0.451868
7565,208.714,280.477,202.086,0.532502,0.682029,-0.212398,0.454054
7566,208.478,281.1,201.34,0.529304,0.683615,-0.212852,0.455193
7567,208.465,281.62,200.486,0.52688,0.682211,-0.216537,0.458364
7568,208.539,282.251,199.714,0.524331,0.682721,-0.218234,0.459721
7569,208.618,282.896,198.954,0.523475,0.681663,-0.220346,0.461256
7570,208.125,283.212,198.143,0.522038,0.681357,-0.220585,0.463218
7571,207.926,284.151,197.862,0.520505,0.682651,-0.218554,0.463999
7572,207.601,284.647,197.057,0.518809,0.682891,-0.219834,0.464942
7573,207.213,285.314,196.421,0.515876,0.68295,-0.221475,0.467333
7574,207.143,285.9,195.614,0.514995,0.684925,-0.221075,0.4656
7575,207.015,286.596,194.907,0.516145,0.685012,-0.219718,0.464841
7576,206.776,287.266,194.204,0.516136,0.684371,-0.218458,0.466387
7577,206.546,286.71,195.003,0.517373,0.685799,-0.21494,0.464549
7578,206.65,287.427,194.313,0.51708,0.685304,-0.21593,0.465147
7579,205.985,287.412,193.566,0.50981,0.687333,-0.209809,0.472914
7580,205.971,287.922,192.706,0.506277,0.683837,-0.215565,0.479148
7581,205.999,288.572,191.946,0.501666,0.685921,-0.21702,0.480359
7582,205.791,289.451,191.518,0.501666,0.685921,-0.21702,0.480359
7583,205.392,290.021,190.8,0.498511,0.685725,-0.218306,0.483333
7584,204.86,290.75,191.231,0.497866,0.690229,-0.215697,0.478736
7585,204.725,291.722,191.042,0.497484,0.690557,-0.216136,0.478462
7586,205.052,292.662,190.941,0.497287,0.690924,-0.215925,0.478232
7587,204.2,293.164,190.792,0.499889,0.687269,-0.203144,0.486318
7588,203.872,293.825,191.467,0.503336,0.683762,-0.191754,0.492293
7589,203.689,294.525,192.157,0.508219,0.682271,-0.184804,0.492002
7590,203.09,295.274,191.872,0.509183,0.683121,-0.183858,0.490179
7591,202.474,295.35,191.088,0.509183,0.683121,-0.183858,0.490179
7592,201.802,295.763,190.474,0.505446,0.684616,-0.185171,0.491464
7593,201.551,296.635,190.053,0.503097,0.68507,-0.185794,0.493004
7594,200.868,296.755,189.332,0.492955,0.687358,-0.187788,0.49927
7595,200.763,297.595,189.865,0.498564,0.687447,-0.188648,0.493216
7596,200.181,298.285,189.435,0.498564,0.687447,-0.188648,0.493216
7597,199.462,298.248,188.741,0.495071,0.686448,-0.180774,0.501014
7598,198.862,298.877,188.248,0.494297,0.686641,-0.181031,0.501421
7599,198.492,299.714,187.843,0.494297,0.686641,-0.181031,0.501421
7600,198.361,300.604,188.279,0.495972,0.688517,-0.17897,0.497922
7601,198.142,301.549,188.036,0.496099,0.688263,-0.178752,0.498224
7602,198.079,302.198,187.278,0.493103,0.685932,-0.183396,0.502705
7603,197.931,303.019,186.727,0.492226,0.686426,-0.183479,0.50286
7604,197.723,303.919,186.345,0.492226,0.686426,-0.183479,0.50286
7605,198.008,304.382,185.505,0.490537,0.684198,-0.188848,0.505552
7606,197.793,304.707,184.584,0.489443,0.686627,-0.188281,0.503526
7607,197.68,305.519,184.012,0.489157,0.686279,-0.18884,0.504069
7608,197.805,306.09,183.201,0.487481,0.684209,-0.192952,0.506942
7609,197.405,306.377,182.33,0.486262,0.685559,-0.193282,0.506162
7610,197.294,306.691,181.388,0.485642,0.685388,-0.194137,0.506662
7611,197.311,307.254,180.562,0.482889,0.682822,-0.199014,0.510849
7612,197.644,307.894,179.869,0.478631,0.687183,-0.200336,0.508484
7613,197.948,308.544,179.172,0.478185,0.684733,-0.205346,0.510209
7614,198.174,309.087,178.363,0.4753,0.688637,-0.204044,0.508168
7615,198.219,309.47,177.441,0.475236,0.69042,-0.21055,0.503129
7616,198.447,309.922,176.578,0.471321,0.692217,-0.216497,0.501818
7617,197.978,310.044,177.453,0.470792,0.700302,-0.213016,0.492499
7618,197.365,310.06,176.663,0.470916,0.700292,-0.212987,0.492409
7619,197.303,310.364,175.712,0.478459,0.710861,-0.218544,0.466897
7620,197.471,311.181,175.16,0.478023,0.712389,-0.216852,0.465801
7621,198.013,311.815,174.609,0.476305,0.713153,-0.214703,0.467385
7622,198.628,312.548,174.318,0.500739,0.695107,-0.189343,0.479828
7623,199.173,312.816,173.523,0.514703,0.686711,-0.171848,0.483711
7624,199.696,312.454,172.752,0.528943,0.686224,-0.152772,0.475371
7625,199.674,312.833,171.827,0.531555,0.685076,-0.151552,0.474502
7626,199.577,313.196,170.9,0.529602,0.69275,-0.157729,0.4634
7627,200.041,312.981,170.041,0.523183,0.705937,-0.161689,0.449209
7628,200.14,313.632,169.288,0.519814,0.704118,-0.169831,0.452955
7629,200.497,314.271,168.607,0.520259,0.702861,-0.16939,0.454559
7630,199.854,313.822,169.227,0.52181,0.703835,-0.158881,0.455069
7631,200.252,313.794,168.311,0.52527,0.702169,-0.152968,0.455687
7632,200.66,313.824,167.398,0.527913,0.703124,-0.152765,0.451206
7633,200.714,314.009,166.417,0.525982,0.708915,-0.154999,0.443574
7634,200.834,314.666,165.673,0.52181,0.712083,-0.156904,0.442756
7635,201.407,315.086,164.969,0.518994,0.715051,-0.155355,0.441829
7636,200.765,314.913,165.716,0.520954,0.714312,-0.147206,0.443503
7637,200.533,314.18,166.356,0.523728,0.713451,-0.137096,0.444861
7638,199.603,313.812,166.353,0.52378,0.713143,-0.135785,0.445694
7639,198.748,313.316,166.203,0.526469,0.710154,-0.128171,0.449537
7640,198.374,313.981,166.849,0.535321,0.703395,-0.124347,0.450782
7641,198.25,314.575,167.644,0.541242,0.699095,-0.122622,0.450874
7642,197.612,315.083,168.224,0.547085,0.693508,-0.118759,0.453477
7643,197.07,315.606,168.881,0.553002,0.687171,-0.115959,0.456661
7644,197.095,316.415,169.469,0.559416,0.680891,-0.110056,0.459706
7645,197.68,317.202,169.667,0.560223,0.679657,-0.107846,0.46107
7646,197.777,318.01,170.248,0.55613,0.68229,-0.105122,0.462762
7647,197.275,318.858,170.417,0.54715,0.687944,-0.106529,0.464771
7648,197.166,319.477,171.195,0.539761,0.693346,-0.11004,0.464566
7649,196.851,320.328,171.614,0.530725,0.699467,-0.117096,0.464075
7650,196.816,321.165,172.161,0.521984,0.705605,-0.122906,0.463194
7651,196.35,321.87,172.696,0.51246,0.711538,-0.129059,0.463079
7652,196.134,322.64,173.296,0.50905,0.713182,-0.132041,0.463471
7653,195.519,323.296,173.732,0.509748,0.712059,-0.132066,0.464422
7654,195.118,324.137,174.095,0.52013,0.704428,-0.127628,0.465787
7655,194.278,323.654,173.848,0.520372,0.702654,-0.11861,0.470555
7656,193.431,323.204,173.566,0.519071,0.701899,-0.111406,0.47486
7657,193.338,324.094,174.013,0.520176,0.700839,-0.111541,0.475185
7658,193.338,324.094,174.013,0.520176,0.700839,-0.111541,0.475185
7659,193.341,324.95,174.528,0.513949,0.704268,-0.115542,0.475934
7660,193.341,324.95,174.528,0.513949,0.704268,-0.115542,0.475934
7661,193.592,325.709,175.13,0.513389,0.704706,-0.116391,0.475683
7662,192.93,325.193,175.672,0.513389,0.704706,-0.116391,0.475683
7663,192.872,326.11,176.068,0.525528,0.696826,-0.114049,0.474601
7664,192.046,326.045,175.507,0.524092,0.696406,-0.112439,0.477183
7665,192.094,327.044,175.496,0.524404,0.696495,-0.111754,0.476871
7666,191.612,327.028,176.372,0.516008,0.702723,-0.11207,0.47682
7667,191.322,327.832,176.89,0.508854,0.709498,-0.121249,0.472207
7668,191.807,328.587,177.332,0.506688,0.711231,-0.123365,0.471381
7669,191.678,329.525,177.652,0.500059,0.715377,-0.124533,0.471878
7670,190.766,329.826,177.373,0.485014,0.722943,-0.122197,0.476636
7671,190.116,330.524,177.672,0.478543,0.726763,-0.120384,0.477828
7672,190.817,331.188,177.933,0.476517,0.728188,-0.120541,0.477644
7673,189.916,330.826,177.694,0.472473,0.72996,-0.117729,0.479654
7674,189.215,331.408,178.107,0.476197,0.727356,-0.121561,0.47897
7675,188.384,330.862,177.997,0.47672,0.726358,-0.11824,0.480793
7676,187.7,331.545,178.253,0.481474,0.722808,-0.117988,0.481467
7677,186.818,331.201,177.931,0.480883,0.720529,-0.110587,0.487196
7678,186.233,331.511,178.68,0.485746,0.718017,-0.106792,0.486927
7679,185.258,331.488,178.457,0.487843,0.716746,-0.10652,0.486762
7680,185.922,330.884,178.897,0.494888,0.714871,-0.106615,0.482368
7681,185.877,331.564,178.166,0.499012,0.711961,-0.105475,0.482673
7682,186.219,331.715,177.238,0.500194,0.713392,-0.101221,0.480243
7683,186.046,332.289,176.437,0.49839,0.711134,-0.1041,0.484829
7684,185.655,332.506,175.542,0.495564,0.710749,-0.105592,0.487957
7685,186.001,332.598,174.609,0.492038,0.716431,-0.109087,0.482416
7686,185.286,332.52,173.914,0.483285,0.719388,-0.110971,0.486418
7687,184.469,332.1,173.519,0.472077,0.725363,-0.111862,0.488343
7688,185.164,331.52,173.942,0.469566,0.729176,-0.119972,0.483131
7689,185.927,331.488,173.296,0.457188,0.73907,-0.133312,0.476427
7690,186.5,330.791,173.726,0.454076,0.743905,-0.140378,0.469803
7691,187.041,329.968,173.897,0.455589,0.744213,-0.135839,0.469184
7692,187.04,329.538,174.8,0.461772,0.750912,-0.122484,0.455955
7693,187.584,330.301,174.452,0.470031,0.745428,-0.114736,0.458524
7694,188.098,331.002,173.957,0.485136,0.736129,-0.112786,0.458297
7695,188.273,331.357,173.039,0.503966,0.726606,-0.102891,0.455494
7696,188.532,331.705,172.138,0.512101,0.724186,-0.0967949,0.451594
7697,189.047,330.933,172.511,0.515847,0.724932,-0.0947703,0.446536
7698,189.653,331.075,171.728,0.516348,0.726189,-0.0957673,0.443693
7699,189.375,331.239,170.782,0.516456,0.72623,-0.0956919,0.443517
7700,189.294,331.653,169.875,0.515736,0.724935,-0.0971169,0.446155
7701,189.749,331.577,168.988,0.514472,0.726909,-0.0978498,0.444238
7702,189.321,332.012,168.196,0.508832,0.725445,-0.101217,0.452299
7703,190.214,331.695,167.877,0.504872,0.729722,-0.105256,0.448922
7704,190.713,331.771,167.013,0.503411,0.731274,-0.107836,0.447423
7705,191.708,331.83,166.93,0.501773,0.733094,-0.109778,0.445809
7706,191.708,331.83,166.93,0.501773,0.733094,-0.109778,0.445809
7707,191.658,330.831,166.943,0.498287,0.734329,-0.107988,0.448118
7708,190.833,330.312,166.721,0.499874,0.73284,-0.106278,0.449195
7709,190.833,330.312,166.721,0.499874,0.73284,-0.106278,0.449195
7710,191.288,331.037,166.205,0.499275,0.732539,-0.110859,0.449245
7711,192.102,330.47,166.33,0.499486,0.733033,-0.111719,0.447991
7712,191.881,330.287,165.372,0.499486,0.733033,-0.111719,0.447991
7713,191.12,330.896,165.598,0.502657,0.731737,-0.112215,0.446435
7714,190.121,330.918,165.551,0.502521,0.731896,-0.112281,0.446311
7715,190.713,330.563,164.827,0.50704,0.729169,-0.111043,0.445974
7716,190.095,331.194,164.359,0.517074,0.72354,-0.106671,0.444686
7717,190.428,331.287,163.42,0.527597,0.717044,-0.100629,0.444256
7718,189.787,331.96,163.789,0.533456,0.713871,-0.100149,0.442472
7719,190.536,332.609,163.924,0.534839,0.713208,-0.102629,0.441304
7720,191.327,333.212,164.023,0.533141,0.713945,-0.102647,0.442162
7721,192.111,333.831,164.073,0.530528,0.715949,-0.104938,0.441526
7722,192.689,333.923,163.262,0.529008,0.717385,-0.104576,0.441104
7723,193.355,333.195,163.098,0.527876,0.718653,-0.10477,0.44035
7724,193.965,332.403,163.076,0.528045,0.719337,-0.109398,0.437899
7725,193.045,332.48,162.692,0.524658,0.720781,-0.108767,0.439748
7726,193.045,332.48,162.692,0.524658,0.720781,-0.108767,0.439748
7727,192.177,332.737,162.268,0.516156,0.724484,-0.103666,0.444926
7728,192.975,333.285,162.519,0.511054,0.728819,-0.107086,0.442921
7729,193.265,332.337,162.652,0.505293,0.732688,-0.104405,0.443787
7730,192.584,332.878,163.146,0.512657,0.729561,-0.10551,0.440217
7731,191.743,332.426,162.849,0.512657,0.729561,-0.10551,0.440217
7732,191.631,333.254,162.298,0.51759,0.723927,-0.109874,0.442671
7733,190.784,332.814,161.999,0.51759,0.723927,-0.109874,0.442671
7734,190.037,333.383,162.343,0.517298,0.724372,-0.112794,0.441548
7735,189.404,334.014,162.79,0.515712,0.726315,-0.115333,0.439553
7736,188.513,333.724,162.441,0.512968,0.727372,-0.113764,0.44142
7737,187.746,333.818,161.807,0.507793,0.7291,-0.11452,0.444347
7738,187.164,334.555,162.149,0.50096,0.736951,-0.123722,0.436618
7739,186.526,335.325,162.167,0.493212,0.742281,-0.127834,0.435223
7740,186.112,334.875,162.958,0.482291,0.750226,-0.121663,0.435608
7741,186.857,335.538,163.032,0.475345,0.754936,-0.12973,0.43277
7742,187.393,335.583,162.189,0.469256,0.75886,-0.129646,0.432576
7743,187.393,335.583,162.189,0.469256,0.75886,-0.129646,0.432576
7744,187.367,336.401,162.764,0.469617,0.758643,-0.129383,0.432645
7745,186.961,337.187,163.23,0.485702,0.749634,-0.115367,0.434548
7746,186.182,337.612,162.77,0.495193,0.743912,-0.112349,0.434462
7747,185.933,338.516,162.422,0.495193,0.743912,-0.112349,0.434462
7748,185.205,339.2,162.47,0.49655,0.744217,-0.113657,0.432042
7749,184.286,338.945,162.167,0.497941,0.742222,-0.110871,0.43459
7750,183.852,338.417,162.897,0.505536,0.738949,-0.102027,0.433565
7751,183.531,339.02,163.627,0.515763,0.735088,-0.0961366,0.429409
7752,183.021,338.203,163.361,0.515547,0.735239,-0.0958508,0.429474
7753,183.819,338.805,163.36,0.511498,0.738642,-0.0946285,0.428746
7754,184.168,338.155,162.685,0.504884,0.74653,-0.0922221,0.423416
7755,183.517,338.493,162.006,0.494337,0.747577,-0.0949273,0.433299
7756,182.714,338.973,162.359,0.492406,0.750097,-0.0961814,0.43086
7757,181.835,338.996,161.882,0.492406,0.750097,-0.0961814,0.43086
7758,180.939,338.551,161.876,0.491582,0.75022,-0.0934147,0.432194
7759,180.089,339.057,162.018,0.48987,0.751228,-0.084087,0.434295
7760,180.225,340.046,161.945,0.48987,0.751228,-0.084087,0.434295
7761,179.529,340.716,162.202,0.488675,0.753492,-0.0803168,0.432429
7762,179.989,341.549,161.894,0.488675,0.753492,-0.0803168,0.432429
7763,179.412,340.733,161.922,0.487952,0.75406,-0.078897,0.432518
7764,180.205,341.266,162.217,0.487075,0.755328,-0.0800017,0.431089
7765,181.027,341.802,162.406,0.48627,0.756109,-0.0811096,0.430421
7766,180.09,341.454,162.426,0.484939,0.756738,-0.0794307,0.43113
7767,180.696,342.146,162.819,0.483391,0.758405,-0.0805517,0.429729
7768,179.92,341.56,162.584,0.482555,0.75884,-0.0799548,0.430011
7769,179.649,342.372,163.101,0.482842,0.75843,-0.0796331,0.430471
7770,179.596,343.266,163.546,0.481085,0.758828,-0.0850148,0.430707
7771,180.399,343.789,163.831,0.481085,0.758828,-0.0850148,0.430707
7772,180.082,344.727,163.972,0.484888,0.757739,-0.0922629,0.426853
7773,179.282,344.566,163.395,0.484888,0.757739,-0.0922629,0.426853
7774,178.877,345.462,163.576,0.491395,0.755573,-0.0911103,0.423485
7775,178.301,346.162,163.999,0.496693,0.75601,-0.0880422,0.417127
7776,178.229,347.144,163.828,0.496332,0.756773,-0.0870388,0.416381
7777,178.031,347.984,163.322,0.491277,0.754241,-0.0952843,0.425076
7778,177.7,348.917,163.463,0.48395,0.759012,-0.0980495,0.424358
7779,177.418,349.74,162.971,0.478931,0.756628,-0.104681,0.432645
7780,176.49,349.382,163.073,0.478904,0.75597,-0.102132,0.434431
7781,176.076,348.944,163.871,0.47382,0.758829,-0.0955021,0.436522
7782,175.519,349.65,164.31,0.470984,0.760458,-0.0951218,0.436841
7783,175.472,350.464,163.731,0.472387,0.756669,-0.101573,0.440438
7784,176.361,350.799,163.417,0.471957,0.75726,-0.103898,0.43934
7785,175.564,350.262,163.139,0.47084,0.757873,-0.103119,0.439665
7786,174.768,349.732,162.846,0.462571,0.761911,-0.104416,0.441154
7787,173.982,349.161,162.611,0.448821,0.769913,-0.111584,0.439708
7788,173.231,348.525,162.431,0.430425,0.77989,-0.120295,0.438217
7789,173.326,347.74,163.043,0.426954,0.785821,-0.102899,0.43544
7790,173.998,347.319,162.433,0.446076,0.763006,-0.0310886,0.466768
7791,173.807,347.454,161.461,0.45573,0.744302,-0.000606305,0.488184
7792,173.916,346.73,162.142,0.460188,0.744995,0.00990788,0.482816
7793,173.663,345.999,161.508,0.460695,0.744645,0.0107109,0.482854
7794,174.322,346.514,160.96,0.461527,0.743983,0.0132981,0.483017
7795,174.796,345.65,160.793,0.458476,0.743676,0.018627,0.486209
7796,175.46,346.229,161.266,0.458476,0.743676,0.018627,0.486209
7797,175.368,346.296,160.273,0.445736,0.73752,0.0369778,0.505981
7798,175.649,346.83,159.475,0.440939,0.740745,0.0270106,0.506104
7799,176.431,346.547,158.92,0.43851,0.744322,0.0164166,0.503413
7800,177.245,346.055,159.23,0.433376,0.749352,0.00367454,0.500643
7801,177.57,346.595,158.454,0.430517,0.750775,-0.00582064,0.500958
7802,178.394,346.364,157.936,0.430023,0.751695,-0.0118578,0.499894
7803,178.768,347.026,157.286,0.430779,0.750506,-0.0161536,0.500909
7804,179.587,347.583,157.143,0.430545,0.750913,-0.017634,0.50045
7805,179.682,348.328,156.483,0.437741,0.744964,-0.0232552,0.502863
7806,179.013,347.822,155.939,0.439537,0.743154,-0.0213809,0.504055
7807,178.202,347.496,155.453,0.441356,0.741377,-0.0200796,0.505135
7808,178.994,346.941,155.201,0.443414,0.740508,-0.0201224,0.504607
7809,178.155,346.475,154.921,0.443163,0.740427,-0.0195176,0.504969
7810,177.285,345.983,154.929,0.443067,0.740646,-0.0202225,0.504704
7811,176.35,346.272,155.138,0.444893,0.739687,-0.0207449,0.504484
7812,177.03,346.875,155.556,0.444893,0.739687,-0.0207449,0.504484
7813,177.767,347.427,155.946,0.445501,0.739192,-0.0203089,0.504689
7814,177.707,346.504,156.325,0.439836,0.741292,-0.0153146,0.50675
7815,178.356,347.108,156.788,0.439732,0.740957,-0.0146415,0.507349
7816,177.76,347.116,157.591,0.444145,0.737251,-0.00519537,0.509086
7817,178.514,346.491,157.389,0.450606,0.732096,0.00595779,0.510837
7818,177.536,346.436,157.189,0.461925,0.72377,0.02016,0.512227
7819,177.906,347.268,157.601,0.4683,0.719206,0.0264767,0.512578
7820,178.279,348.01,158.158,0.471643,0.716426,0.0300101,0.513212
7821,178.924,348.564,158.685,0.471643,0.716426,0.0300101,0.513212
7822,178.808,349.434,159.163,0.4673,0.718007,0.0300602,0.514968
7823,179.447,349.96,159.724,0.458801,0.725329,0.0149271,0.513007
7824,179.13,350.821,160.121,0.458801,0.725329,0.0149271,0.513007
7825,179.462,351.496,160.78,0.463599,0.72377,0.0110076,0.51099
7826,178.778,350.904,160.355,0.466861,0.721429,0.0146578,0.51124
7827,178.084,350.445,159.8,0.475355,0.715794,0.0189288,0.511193
7828,177.608,351.315,159.928,0.481713,0.713351,0.0186484,0.50866
7829,177.263,352.18,160.291,0.486252,0.711343,0.0197046,0.50711
7830,177.188,353.17,160.415,0.485952,0.711673,0.0194184,0.506946
7831,176.465,353.804,160.14,0.471145,0.719604,0.0159061,0.509843
7832,175.857,354.476,159.717,0.457243,0.726122,0.0104159,0.513388
7833,175.432,354.088,160.535,0.434506,0.739584,0.00986544,0.513928
7834,174.89,354.528,159.819,0.41982,0.743441,0.00582519,0.520588
7835,174.59,354.169,160.703,0.418789,0.745413,0.00582769,0.518595
7836,174.59,354.169,160.703,0.418789,0.745413,0.00582769,0.518595
7837,173.856,354.78,160.406,0.419263,0.745348,0.00580797,0.518305
7838,173.436,355.606,160.03,0.421004,0.743461,0.00659978,0.519594
7839,173.436,355.606,160.03,0.421004,0.743461,0.00659978,0.519594
7840,173.046,356.388,159.544,0.424655,0.740643,0.00618747,0.520651
7841,173.046,356.388,159.544,0.424655,0.740643,0.00618747,0.520651
7842,172.085,356.535,159.777,0.424319,0.740465,0.00711189,0.521166
7843,172.623,356.546,158.935,0.423866,0.740483,0.0074501,0.521505
7844,172.623,356.546,158.935,0.423866,0.740483,0.0074501,0.521505
7845,172.358,356.644,157.976,0.423134,0.739996,0.00520913,0.522816
7846,172.762,357.218,157.264,0.422551,0.739647,0.00178525,0.523803
7847,173.251,356.795,158.026,0.423915,0.739103,0.00209619,0.523467
7848,173.251,356.795,158.026,0.423915,0.739103,0.00209619,0.523467
7849,173.295,356.923,159.017,0.424914,0.738362,0.00293074,0.523699
7850,173.295,356.923,159.017,0.424914,0.738362,0.00293074,0.523699
7851,174.218,356.86,159.398,0.42982,0.735698,0.00356749,0.523442
7852,173.589,356.229,158.943,0.42982,0.735698,0.00356749,0.523442
7853,173.262,355.837,158.083,0.430587,0.734284,0.00510684,0.524781
7854,173.976,355.709,158.771,0.434934,0.733826,0.00340328,0.521844
7855,173.976,355.709,158.771,0.434934,0.733826,0.00340328,0.521844
7856,173.76,356.154,159.64,0.429086,0.735141,0.00324189,0.524827
7857,173.76,356.154,159.64,0.429086,0.735141,0.00324189,0.524827
7858,174.673,356.554,159.719,0.430556,0.735108,0.000499037,0.523677
7859,175.23,356.943,158.985,0.438343,0.730584,-0.00299678,0.523539
7860,175.774,356.809,158.157,0.442633,0.728645,0.00545938,0.522612
7861,175.654,356.03,157.542,0.442633,0.728645,0.00545938,0.522612
7862,175.274,355.853,156.634,0.44794,0.726094,0.00695935,0.521621
7863,174.629,355.257,156.156,0.447949,0.726094,0.00694842,0.521613
7864,173.986,354.658,155.679,0.447949,0.726094,0.00694841,0.521613
7865,173.278,354.168,155.17,0.445951,0.727277,0.00512227,0.521698
7866,173.634,354.956,154.668,0.459065,0.720954,-0.0378955,0.517735
7867,174.067,355.5,153.949,0.460784,0.720002,-0.0450774,0.516956
7868,174.067,355.5,153.949,0.460784,0.720002,-0.0450774,0.516956
7869,174.568,356.049,154.618,0.460784,0.720002,-0.0450774,0.516956
7870,174.783,355.523,153.796,0.461518,0.719393,-0.0434937,0.517285
7871,174.783,355.523,153.796,0.461518,0.719393,-0.0434937,0.517285
7872,175.23,355.407,152.909,0.463666,0.718397,-0.0403922,0.516999
7873,175.51,355.327,151.952,0.467711,0.715204,-0.0370391,0.518033
7874,174.771,354.789,151.546,0.467283,0.715507,-0.0370788,0.517998
7875,175.173,355.461,150.924,0.470745,0.712565,-0.054787,0.517348
7876,175.577,356.145,150.317,0.472094,0.711407,-0.0949764,0.511866
7877,174.839,355.51,150.089,0.458642,0.720815,-0.107431,0.50846
7878,174.055,354.937,150.326,0.455753,0.723401,-0.114729,0.505784
7879,173.436,355.02,151.108,0.45116,0.725018,-0.117473,0.506956
7880,174.177,355.511,151.566,0.455174,0.723734,-0.118278,0.505011
7881,174.933,356.091,151.869,0.46616,0.717048,-0.114467,0.505406
7882,174.707,355.24,152.343,0.472042,0.716144,-0.0739671,0.508766
7883,175.225,354.698,151.682,0.476837,0.712396,-0.0603358,0.511349
7884,175.401,353.731,151.863,0.479315,0.711511,-0.0542716,0.510944
7885,174.664,353.196,151.451,0.479315,0.711511,-0.0542716,0.510944
7886,175.407,353.863,151.497,0.481831,0.709538,-0.0533322,0.51142
7887,175.195,353.492,150.593,0.479688,0.707477,-0.0421307,0.517302
7888,174.598,352.748,150.292,0.479688,0.707477,-0.0421307,0.517302
7889,175.448,352.497,150.756,0.481229,0.706929,-0.0443526,0.516433
7890,176.233,352.882,151.24,0.479882,0.708562,-0.0462131,0.515283
7891,176.1,352.81,150.252,0.471839,0.708519,-0.0407153,0.523174
7892,176.503,352.634,149.354,0.468142,0.70987,-0.0396023,0.524747
7893,176.638,353.158,150.195,0.461302,0.712876,-0.0386852,0.526793
7894,176.646,353.251,149.199,0.460312,0.712554,-0.038969,0.528073
7895,177.09,353.067,148.322,0.460312,0.712554,-0.038969,0.528073
7896,177.822,353.647,148.679,0.457213,0.71469,-0.0418372,0.52766
7897,177.125,353.069,148.256,0.457213,0.71469,-0.0418372,0.52766
7898,176.911,353.148,147.283,0.458498,0.714162,-0.0438085,0.527099
7899,177.65,353.602,147.782,0.455565,0.716625,-0.0458507,0.526125
7900,178.431,352.996,147.931,0.454973,0.716843,-0.0459482,0.526331
7901,178.054,352.939,148.855,0.454594,0.716337,-0.0460047,0.527342
7902,178.568,352.92,149.713,0.454594,0.716337,-0.0460047,0.527342
7903,178.683,352.855,148.722,0.452371,0.71534,-0.0466597,0.530539
7904,178.731,353.304,147.829,0.454233,0.712655,-0.0512706,0.532134
7905,178.731,353.304,147.829,0.454233,0.712655,-0.0512706,0.532134
7906,179.441,353.131,147.146,0.451761,0.711682,-0.0478811,0.535843
7907,178.88,352.729,146.423,0.451105,0.711684,-0.0476362,0.536415
7908,178.88,352.729,146.423,0.451105,0.711684,-0.0476362,0.536415
7909,178.859,353.048,145.475,0.450605,0.710902,-0.0477282,0.537863
7910,177.965,353.165,145.043,0.447151,0.7121,-0.0470475,0.539218
7911,178.447,353.322,144.181,0.443041,0.712505,-0.0447058,0.542267
7912,179.13,353.439,143.46,0.443022,0.712141,-0.0442252,0.5428
7913,180.044,353.291,143.082,0.442918,0.712771,-0.0462428,0.541889
7914,180.738,352.662,142.731,0.442382,0.71289,-0.0460586,0.542185
7915,179.842,352.411,142.363,0.438031,0.714655,-0.045042,0.543478
7916,180.694,352.731,142.778,0.438444,0.715121,-0.046181,0.542435
7917,181.473,353.341,142.925,0.43971,0.715081,-0.0477418,0.541327
7918,182.214,353.354,142.254,0.4404,0.714513,-0.0465858,0.541616
7919,182.867,353.325,141.497,0.441089,0.713911,-0.0445916,0.542018
7920,183.183,353.708,140.629,0.441895,0.712886,-0.0441925,0.542742
7921,183.952,353.737,139.991,0.4401,0.712782,-0.0384136,0.544774
7922,184.585,353.922,139.239,0.440727,0.71295,-0.0367271,0.544162
7923,184.544,354.594,138.499,0.44488,0.709845,-0.0401141,0.544603
7924,183.738,354.916,138.003,0.443257,0.710936,-0.0404629,0.544477
7925,183.403,355.62,137.377,0.443738,0.710264,-0.042393,0.544816
7926,184.31,355.365,137.041,0.443122,0.711798,-0.0454589,0.543066
7927,184.824,356.103,136.604,0.449831,0.707527,-0.0673548,0.540851
7928,184.629,355.245,137.078,0.448607,0.708954,-0.0733963,0.539212
7929,184.472,354.594,137.821,0.443686,0.712592,-0.0795298,0.537615
7930,184.267,354.955,136.911,0.437321,0.710997,-0.0858574,0.543933
7931,184.766,354.121,137.146,0.437122,0.711425,-0.0884183,0.543122
7932,184.766,354.121,137.146,0.437122,0.711425,-0.0884183,0.543122
7933,184.845,354.847,136.463,0.436979,0.710073,-0.0887754,0.544945
7934,185.733,355.217,136.736,0.435833,0.710596,-0.0883049,0.545257
7935,185.039,355.851,136.392,0.433901,0.710464,-0.0863298,0.547282
7936,185.94,356.144,136.713,0.433834,0.710696,-0.0868987,0.546944
7937,185.595,356.745,135.992,0.429726,0.708809,-0.0891982,0.55224
7938,185.311,357.461,135.354,0.426273,0.707109,-0.092479,0.55654
7939,184.777,357.903,134.634,0.421078,0.707649,-0.0946526,0.559435
7940,184.951,356.936,134.82,0.413961,0.710368,-0.0978863,0.560743
7941,185.447,356.903,133.953,0.413607,0.709442,-0.100314,0.561745
7942,185.277,356.432,134.818,0.414757,0.711117,-0.0970922,0.559341
7943,185.741,356.808,134.016,0.417383,0.708357,-0.0974271,0.560829
7944,185.03,356.235,133.607,0.420244,0.707404,-0.0990324,0.559613
7945,185.543,356.262,132.749,0.427006,0.703823,-0.0960343,0.559532
7946,185.557,356.868,131.954,0.430153,0.698847,-0.0999558,0.562663
7947,185.679,357.1,130.989,0.428906,0.698786,-0.101564,0.563402
7948,186.224,357.322,130.181,0.427486,0.698751,-0.104535,0.563981
7949,185.638,357.346,130.99,0.419438,0.700849,-0.108343,0.566695
7950,185.262,357.517,131.901,0.413317,0.703126,-0.113294,0.567404
7951,184.718,357.74,132.71,0.41206,0.702392,-0.111395,0.5696
7952,183.854,358.24,132.768,0.411462,0.70242,-0.110645,0.570143
7953,184.31,358.256,131.878,0.414063,0.699535,-0.109494,0.572026
7954,184.571,357.805,132.732,0.416177,0.700491,-0.107837,0.569631
7955,185.214,358.037,132.002,0.416404,0.699418,-0.111063,0.570164
7956,185.214,358.037,132.002,0.416404,0.699418,-0.111063,0.570164
7957,185.355,358.263,131.038,0.420253,0.695523,-0.108898,0.572518
7958,184.553,358.692,130.623,0.423938,0.693079,-0.107332,0.57306
7959,183.812,358.779,131.288,0.424694,0.692749,-0.105259,0.573284
7960,184.482,358.698,130.55,0.425833,0.691304,-0.10485,0.574258
7961,185.024,358.545,129.724,0.426254,0.690954,-0.104689,0.574395
7962,185.693,358.465,128.985,0.428662,0.68885,-0.103321,0.575378
7963,186.403,359.076,129.336,0.428662,0.68885,-0.103321,0.575378
7964,185.855,358.875,128.524,0.428662,0.68885,-0.103321,0.575378
7965,186.505,358.597,127.816,0.42882,0.688085,-0.102398,0.576339
7966,187.311,358.285,127.313,0.42882,0.688085,-0.102398,0.576339
7967,186.73,357.63,126.829,0.42882,0.688085,-0.102398,0.576339
7968,187.206,357.515,125.957,0.430499,0.686508,-0.103148,0.576834
7969,187.999,357.444,125.351,0.429871,0.686894,-0.104277,0.57664
7970,187.067,357.74,125.142,0.428108,0.688018,-0.104652,0.576543
7971,187.582,357.477,124.327,0.424312,0.689749,-0.109086,0.576459
7972,188.185,357.762,125.072,0.424716,0.690624,-0.110438,0.574856
7973,188.676,357.76,124.201,0.423581,0.689622,-0.114014,0.576196
7974,189.462,357.266,124.571,0.426209,0.689844,-0.121422,0.572467
7975,188.912,357.547,125.358,0.426273,0.688966,-0.120213,0.57373
7976,188.912,357.547,125.358,0.426273,0.688966,-0.120213,0.57373
7977,189.252,357.15,124.505,0.427615,0.687655,-0.119951,0.574358
7978,189.291,356.583,123.683,0.427615,0.687655,-0.119951,0.574358
7979,189.653,356.508,124.612,0.430903,0.687038,-0.117738,0.573096
7980,189.681,356.103,125.526,0.432699,0.688797,-0.115277,0.570124
7981,190.082,355.766,124.674,0.43964,0.685491,-0.108121,0.5702
7982,190.608,355.65,123.831,0.444321,0.682325,-0.103207,0.571279
7983,190.023,354.989,123.362,0.443989,0.682118,-0.101296,0.572126
7984,190.51,354.861,122.497,0.440819,0.683038,-0.105943,0.572637
7985,191.02,354.482,121.725,0.436412,0.684666,-0.110964,0.573118
7986,191.59,354.041,121.032,0.43656,0.68375,-0.111906,0.573915
7987,192.047,353.732,120.198,0.433861,0.684448,-0.114042,0.574709
7988,192.792,353.604,119.543,0.431581,0.685724,-0.121926,0.573284
7989,193.769,353.592,119.329,0.430863,0.686875,-0.127174,0.571302
7990,194.049,353.077,118.519,0.430845,0.686335,-0.127852,0.571814
7991,193.311,352.481,118.201,0.430845,0.686335,-0.127852,0.571814
7992,192.674,351.831,117.786,0.430789,0.686041,-0.127963,0.572184
7993,193.073,351.439,116.958,0.430879,0.685136,-0.128207,0.573145
7994,193.473,351.103,116.105,0.429896,0.684975,-0.129733,0.573732
7995,193.6,350.76,115.174,0.428284,0.68498,-0.128899,0.575118
7996,194.564,350.728,115.436,0.428284,0.68498,-0.128899,0.575118
7997,195.456,350.791,115.885,0.427254,0.6854,-0.12874,0.575418
7998,195.238,351.16,116.789,0.427004,0.685676,-0.128844,0.575253
7999,194.504,350.558,116.474,0.427004,0.685676,-0.128844,0.575252
8000,193.9,349.79,116.26,0.42662,0.685937,-0.129346,0.575114
8001,194.08,349.578,115.299,0.429316,0.683763,-0.129648,0.575628
8002,195.035,349.646,115.586,0.430527,0.683842,-0.131258,0.574263
8003,195.943,349.405,115.241,0.429272,0.685987,-0.136976,0.571301
8004,196.095,348.877,114.406,0.426688,0.687097,-0.140601,0.571022
8005,196.457,348.388,113.612,0.425875,0.686818,-0.141634,0.571709
8006,196.046,347.482,113.514,0.424854,0.687524,-0.143153,0.571242
8007,195.914,347.443,112.523,0.425073,0.685153,-0.142915,0.573981
8008,196.809,347.771,112.826,0.425762,0.684849,-0.143129,0.573779
8009,197.112,348.054,113.736,0.429738,0.682458,-0.143216,0.573642
8010,196.572,347.744,112.954,0.429738,0.682458,-0.143216,0.573642
8011,195.821,347.155,112.656,0.429738,0.682458,-0.143216,0.573642
8012,196.245,346.684,111.882,0.427772,0.68325,-0.141463,0.574602
8013,195.823,346.485,110.998,0.42355,0.68317,-0.142873,0.577469
8014,195.212,346.831,110.286,0.420379,0.684511,-0.146779,0.577219
8015,194.675,346.118,110.736,0.420379,0.684511,-0.146779,0.577219
8016,194.158,345.262,110.75,0.420379,0.684511,-0.146779,0.577219
8017,194.604,344.918,109.924,0.425957,0.681351,-0.144994,0.577319
8018,194.859,344.295,109.184,0.425957,0.681351,-0.144994,0.577319
8019,195.248,343.694,109.881,0.426804,0.681749,-0.145732,0.576037
8020,195.878,343.846,109.12,0.426015,0.681414,-0.149154,0.576141
8021,195.878,343.846,109.12,0.426015,0.681414,-0.149154,0.576141
8022,196.251,343.631,108.217,0.425476,0.680473,-0.150277,0.577358
8023,196.793,343.527,107.383,0.424189,0.680603,-0.1533,0.577358
8024,197.148,343.126,106.539,0.423391,0.680483,-0.154827,0.577678
8025,197.453,342.861,105.624,0.422816,0.679754,-0.155764,0.578705
8026,197.74,342.868,104.666,0.423027,0.679357,-0.156523,0.578811
8027,197.96,342.619,103.723,0.423113,0.678583,-0.157162,0.579484
8028,198.645,341.915,103.534,0.423377,0.678131,-0.157885,0.579623
8029,199.291,341.379,104.076,0.42448,0.677769,-0.158293,0.579128
8030,198.79,340.514,104.093,0.42448,0.677769,-0.158293,0.579128
8031,198.79,340.514,104.093,0.42448,0.677769,-0.158293,0.579128
8032,199.263,340.296,103.239,0.425169,0.675791,-0.158527,0.580868
8033,200.216,340.023,103.369,0.425169,0.675791,-0.158527,0.580868
8034,200.216,340.023,103.369,0.425169,0.675791,-0.158527,0.580868
8035,200.619,339.993,102.454,0.424674,0.675204,-0.158521,0.581914
8036,200.963,339.449,101.689,0.424613,0.674769,-0.159165,0.582286
8037,201.568,338.813,102.168,0.429191,0.67261,-0.160051,0.581184
8038,200.805,338.233,101.884,0.429191,0.67261,-0.160051,0.581184
8039,200.38,338.784,101.166,0.428255,0.672846,-0.160061,0.581598
8040,200.38,338.784,101.166,0.428255,0.672846,-0.160061,0.581598
8041,200.495,338.66,100.18,0.427528,0.672048,-0.160792,0.582852
8042,200.867,337.94,100.766,0.427808,0.672532,-0.160977,0.582037
8043,200.867,337.94,100.766,0.427808,0.672532,-0.160977,0.582037
8044,200.241,337.177,100.602,0.426627,0.673466,-0.161454,0.581693
8045,199.917,336.794,101.467,0.427194,0.67405,-0.15786,0.581586
8046,199.917,336.794,101.467,0.427194,0.67405,-0.15786,0.581586
8047,200.155,336.717,100.499,0.425337,0.672715,-0.16072,0.583706
8048,200.05,335.98,101.166,0.425077,0.673815,-0.159789,0.582881
8049,199.676,336.069,102.09,0.424316,0.672466,-0.16053,0.584787
8050,199.387,336.577,101.278,0.420588,0.671441,-0.162829,0.588013
8051,199.342,336.085,102.148,0.420152,0.672531,-0.162434,0.587188
8052,199.648,336.116,101.196,0.416755,0.670879,-0.167123,0.590175
8053,199.637,336.582,100.311,0.414709,0.667041,-0.170837,0.594884
8054,200.225,335.85,100.658,0.413758,0.666927,-0.173922,0.59478
8055,200.621,336.115,99.7784,0.413148,0.665104,-0.176919,0.59636
8056,200.429,335.628,100.631,0.413125,0.664972,-0.176497,0.596648
8057,200.706,335.823,99.6897,0.412399,0.663716,-0.178497,0.597953
8058,200.859,336.038,98.7252,0.411675,0.662286,-0.181654,0.599085
8059,200.439,335.774,99.5935,0.410866,0.662622,-0.182807,0.598918
8060,200.283,336.106,98.6633,0.406267,0.658694,-0.187248,0.604985
8061,199.693,336.049,99.4687,0.403788,0.658931,-0.188199,0.60609
8062,199.391,336.648,98.7269,0.402215,0.657907,-0.189495,0.607843
8063,198.971,336.473,99.6172,0.402167,0.657759,-0.189741,0.607958
8064,199.817,335.941,99.5708,0.402355,0.654401,-0.19017,0.611315
8065,199.816,336.66,98.8759,0.402197,0.653997,-0.190642,0.611704
8066,199.291,336.589,99.7242,0.402197,0.653997,-0.190642,0.611704
8067,199.696,335.883,100.307,0.40287,0.651623,-0.193141,0.613008
8068,199.452,336.31,99.4358,0.399405,0.6491,-0.195676,0.617135
8069,198.638,336.553,99.9628,0.396971,0.64794,-0.198531,0.61901
8070,198.255,335.675,100.25,0.401559,0.643968,-0.2004,0.619592
8071,198.03,335.838,101.21,0.404795,0.642719,-0.199249,0.619156
8072,197.469,336.365,101.849,0.405794,0.640246,-0.194248,0.622642
8073,196.696,336.316,101.217,0.399154,0.641514,-0.192737,0.62609
8074,196.654,335.573,101.886,0.393813,0.644193,-0.194297,0.626239
8075,195.962,336.276,101.718,0.397957,0.640893,-0.196606,0.626285
8076,196.059,336.884,100.93,0.407677,0.633999,-0.193254,0.628091
8077,195.667,337.369,100.148,0.412551,0.629238,-0.189045,0.63097
8078,195.122,338.018,99.6176,0.412551,0.629238,-0.189045,0.63097
8079,194.134,338.042,99.4642,0.410063,0.630892,-0.189428,0.630825
8080,193.658,338.761,98.9583,0.413251,0.628663,-0.189869,0.630837
8081,193.295,337.838,99.0836,0.414478,0.627519,-0.189561,0.631264
8082,192.388,337.429,98.9746,0.413425,0.628331,-0.190017,0.631011
8083,192.906,337.879,98.2462,0.417942,0.623461,-0.198513,0.630249
8084,191.95,337.678,98.0282,0.41526,0.625384,-0.198019,0.630272
8085,191.402,338.078,97.2934,0.411952,0.623976,-0.19829,0.633744
8086,190.698,337.374,97.2046,0.412907,0.623079,-0.201562,0.632972
8087,189.992,338.051,97.4099,0.413496,0.621884,-0.20101,0.633937
8088,190.613,338.469,98.0726,0.409785,0.623693,-0.206856,0.632688
8089,190.86,338.07,98.9557,0.409138,0.62376,-0.207463,0.632842
8090,191.04,337.972,97.977,0.407702,0.622143,-0.209036,0.634839
8091,190.74,338.532,97.2051,0.399467,0.61792,-0.213842,0.642552
8092,190.815,337.904,97.9791,0.395323,0.617201,-0.223091,0.642661
8093,190.481,337.525,98.8425,0.394051,0.61629,-0.227513,0.642766
8094,190.288,337.472,99.8223,0.392722,0.615316,-0.230586,0.643417
8095,190.422,336.95,100.665,0.393642,0.610777,-0.231391,0.646882
8096,190.327,336.801,101.649,0.403175,0.602442,-0.218375,0.653319
8097,190.797,336.902,100.772,0.41706,0.587202,-0.216412,0.659106
8098,191.036,337.328,99.8996,0.426489,0.579251,-0.212751,0.661296
8099,191.97,337.353,99.5436,0.427133,0.578455,-0.212477,0.661665
8100,192.72,336.786,99.2028,0.425034,0.577739,-0.212475,0.663641
8101,192.47,337.235,98.3452,0.420945,0.577739,-0.21624,0.665028
8102,192.649,337.171,97.3635,0.415854,0.573342,-0.222335,0.670009
8103,192.493,336.96,98.3284,0.408938,0.576413,-0.230696,0.668803
8104,192.43,336.914,99.3254,0.402368,0.576466,-0.239776,0.669548
8105,192.363,337.011,100.318,0.401373,0.578988,-0.242533,0.666971
8106,192.967,336.721,99.576,0.399808,0.575107,-0.250155,0.668452
8107,192.944,336.695,98.5766,0.395095,0.573354,-0.255747,0.67064
8108,192.947,337.008,99.5266,0.394384,0.572654,-0.2565,0.671369
8109,192.913,336.888,100.519,0.395485,0.573051,-0.255161,0.670893
8110,192.752,337.004,101.499,0.40119,0.579453,-0.250394,0.663765
8111,193.138,336.932,102.419,0.401275,0.579342,-0.248758,0.664425
8112,192.773,336.482,101.604,0.400074,0.578927,-0.248523,0.665598
8113,193.075,336.398,102.553,0.400294,0.581062,-0.248439,0.663634
8114,192.499,336.541,101.748,0.397113,0.581637,-0.248416,0.665048
8115,192.499,336.541,101.748,0.397113,0.581637,-0.248416,0.665048
8116,192.744,336.752,102.695,0.398312,0.581067,-0.249466,0.664436
8117,192.851,336.017,103.364,0.398312,0.581067,-0.249466,0.664436
8118,193.233,335.81,104.265,0.39633,0.58124,-0.249565,0.665432
8119,193.46,335.158,103.541,0.395195,0.580892,-0.249666,0.666372
8120,193.26,335.032,104.513,0.395195,0.580892,-0.249666,0.666372
8121,193.2,334.788,105.481,0.395416,0.588366,-0.245196,0.661324
8122,193.2,334.788,105.481,0.395416,0.588366,-0.245196,0.661324
8123,193.133,334.434,104.548,0.394612,0.587038,-0.244739,0.663153
8124,193.133,334.434,104.548,0.394612,0.587038,-0.244739,0.663153
8125,192.739,333.772,105.185,0.394612,0.587038,-0.244739,0.663153
8126,193.605,334.218,104.959,0.394543,0.587005,-0.245691,0.66287
8127,194.316,334.088,104.268,0.397627,0.58124,-0.25345,0.663186
8128,195.211,333.949,103.844,0.399582,0.578344,-0.263691,0.660545
8129,195.57,333.592,104.706,0.402088,0.576921,-0.267164,0.658871
8130,194.766,333.157,105.112,0.40143,0.577822,-0.267059,0.658525
8131,195.544,332.546,105.258,0.403325,0.57533,-0.270341,0.65821
8132,195.906,332.356,106.17,0.409271,0.574984,-0.270709,0.654681
8133,195.906,332.356,106.17,0.409271,0.574984,-0.270709,0.654681
8134,195.887,331.655,106.884,0.409271,0.574984,-0.270709,0.654681
8135,196.478,331.251,107.581,0.412232,0.572779,-0.272968,0.653817
8136,197.339,331.294,107.075,0.412869,0.571404,-0.27616,0.653278
8137,197.671,330.998,107.97,0.412855,0.570376,-0.276235,0.654154
8138,197.671,330.998,107.97,0.412855,0.570376,-0.276235,0.654154
8139,197.597,330.987,108.967,0.414663,0.572055,-0.275468,0.651863
8140,198.203,330.612,109.668,0.415676,0.571615,-0.276164,0.651309
8141,198.203,330.612,109.668,0.415676,0.571615,-0.276164,0.651309
8142,198.004,330.216,108.772,0.412977,0.570136,-0.2745,0.655015
8143,198.743,330.782,109.137,0.412848,0.570377,-0.274835,0.654746
8144,198.608,330.045,108.474,0.405826,0.572696,-0.269729,0.65922
8145,199.046,330.855,108.863,0.401559,0.573208,-0.265067,0.663266
8146,199.733,331.573,108.975,0.399077,0.573827,-0.263257,0.664948
8147,200.541,332.116,109.203,0.399077,0.573827,-0.263257,0.664948
8148,201.032,331.933,110.055,0.401766,0.573384,-0.263721,0.663526
8149,200.147,331.555,109.782,0.401086,0.573763,-0.263596,0.663659
8150,199.238,331.146,109.862,0.398476,0.57606,-0.262638,0.663621
8151,198.355,331.394,109.465,0.401634,0.573973,-0.265866,0.662238
8152,197.506,330.871,109.385,0.398793,0.576036,-0.265526,0.662301
8153,198.095,330.58,108.632,0.402459,0.571781,-0.266052,0.663558
8154,198.825,331.192,108.934,0.402459,0.571781,-0.266052,0.663558
8155,199.552,331.822,109.208,0.399222,0.573452,-0.265875,0.664142
8156,198.844,332.003,108.526,0.39535,0.575315,-0.26319,0.665914
8157,199.756,332.322,108.786,0.394477,0.575668,-0.262447,0.66642
8158,199.734,331.679,108.021,0.387082,0.577148,-0.258086,0.671162
8159,200.356,331.024,107.591,0.386986,0.577415,-0.261344,0.669727
8160,200.356,331.024,107.591,0.386986,0.577415,-0.261344,0.669727
8161,199.854,331.487,106.861,0.388189,0.575549,-0.263718,0.669706
8162,199.854,331.487,106.861,0.388189,0.575549,-0.263718,0.669706
8163,200.367,332.331,107.021,0.387183,0.576224,-0.264535,0.669385
8164,200.578,331.638,107.711,0.38464,0.577426,-0.263726,0.670134
8165,201.477,331.935,108.032,0.382145,0.578917,-0.263497,0.670365
8166,201.148,331.879,107.089,0.376778,0.579227,-0.259143,0.674817
8167,201.893,331.236,106.91,0.375837,0.579634,-0.258747,0.675145
8168,201.893,331.236,106.91,0.375837,0.579634,-0.258747,0.675145
8169,201.893,331.236,106.91,0.375837,0.579634,-0.258747,0.675145
8170,202.671,331.068,106.305,0.377096,0.576953,-0.258102,0.676984
8171,202.671,331.068,106.305,0.377096,0.576953,-0.258102,0.676984
8172,202.671,331.068,106.305,0.377096,0.576953,-0.258102,0.676984
8173,202.342,331.775,105.678,0.377877,0.576261,-0.261908,0.675675
8174,202.342,331.775,105.678,0.377877,0.576261,-0.261908,0.675675
8175,202.382,332.03,104.712,0.375603,0.573078,-0.264329,0.6787
8176,202.166,332.776,104.082,0.376005,0.572139,-0.268214,0.677745
8177,201.245,332.388,104.125,0.374393,0.573662,-0.267917,0.677468
8178,200.395,332.834,104.403,0.371848,0.573769,-0.271455,0.67737
8179,200.447,333.176,103.465,0.36273,0.565384,-0.281378,0.685269
8180,200.615,332.297,103.911,0.355844,0.5654,-0.289017,0.685687
8181,199.821,331.942,103.419,0.355103,0.564915,-0.288325,0.686762
8182,200.618,332.523,103.581,0.355103,0.564915,-0.288325,0.686762
8183,200.481,332.01,104.428,0.353354,0.570319,-0.280244,0.686543
8184,201.268,332.254,104.994,0.355942,0.568807,-0.279988,0.686564
8185,200.529,331.612,104.792,0.357194,0.568623,-0.283869,0.68447
8186,199.7,331.129,104.51,0.353052,0.571486,-0.278855,0.686293
8187,200.519,331.7,104.454,0.346034,0.576241,-0.284136,0.683721
8188,199.708,331.195,104.751,0.358922,0.567304,-0.276459,0.687686
8189,198.89,330.629,104.651,0.375715,0.557026,-0.259778,0.693596
8190,199.685,331.212,104.482,0.368921,0.561102,-0.266708,0.691324
8191,200.488,331.801,104.392,0.354034,0.57031,-0.280644,0.686036
8192,199.727,331.324,103.953,0.352382,0.570103,-0.284406,0.685509
8193,199.515,332.176,103.475,0.371544,0.563865,-0.275906,0.684023
8194,199.637,332.591,102.573,0.374986,0.563384,-0.267445,0.685899
8195,198.969,333.18,102.117,0.376307,0.566581,-0.260907,0.68506
8196,198.789,333.75,101.316,0.38058,0.565293,-0.254307,0.686244
8197,198.933,333.255,100.459,0.38058,0.565293,-0.254307,0.686244
8198,198.133,332.862,100.006,0.374508,0.568017,-0.259785,0.685282
8199,198.928,333.457,100.123,0.374508,0.568017,-0.259785,0.685282
8200,199.923,333.37,100.088,0.372436,0.571663,-0.260756,0.683007
8201,199.91,334.036,99.3414,0.372361,0.571511,-0.260906,0.683118
8202,199.375,334.282,98.5332,0.357307,0.577466,-0.257178,0.68755
8203,198.911,334.821,99.2362,0.362319,0.58031,-0.26074,0.681161
8204,198.106,334.309,98.935,0.360407,0.582415,-0.26357,0.679287
8205,197.337,333.699,98.7451,0.358212,0.584098,-0.266809,0.677736
8206,196.612,333.02,98.8623,0.360424,0.587923,-0.180045,0.701445
8207,196.961,333.564,99.6256,0.356187,0.587746,-0.181012,0.703506
8208,197.044,334.031,100.506,0.315346,0.5967,-0.193308,0.712136
8209,196.927,334.187,101.487,0.326563,0.627432,-0.225815,0.669845
8210,196.384,333.971,102.299,0.315443,0.632808,-0.208687,0.675647
8211,197.265,333.801,102.74,0.243654,0.67677,-0.203486,0.664236
8212,196.945,333.117,102.084,0.221129,0.683041,-0.205897,0.664953
8213,196.305,332.374,101.889,0.180226,0.693962,-0.234443,0.656484
8214,195.901,333.219,101.538,0.185034,0.691411,-0.247649,0.65298
8215,196.414,332.376,101.702,0.187226,0.690207,-0.253904,0.651225
8216,196.092,332.452,102.646,0.201028,0.689353,-0.238721,0.653753
8217,195.689,333.032,103.353,0.225027,0.675994,-0.204518,0.671243
8218,195.626,333.549,102.499,0.245301,0.666601,-0.196598,0.675884
8219,194.994,334.044,101.902,0.265581,0.659808,-0.192139,0.676168
8220,194.737,333.983,100.938,0.269846,0.653709,-0.176154,0.684702
8221,194.365,334.124,101.855,0.275711,0.662131,-0.165243,0.67695
8222,193.459,334.541,101.93,0.279008,0.668147,-0.16334,0.670115
8223,193.099,334.575,102.863,0.28002,0.670368,-0.160391,0.668184
8224,193.783,335.112,102.37,0.28002,0.670368,-0.160391,0.668184
8225,194.329,334.592,103.026,0.278395,0.673895,-0.154076,0.6668
8226,194.842,335.234,102.456,0.278395,0.673895,-0.154076,0.6668
8227,195.654,335.719,102.133,0.268439,0.6781,-0.15991,0.665245
8228,196.349,335.333,102.741,0.259911,0.679688,-0.165472,0.665649
8229,196.325,334.876,103.63,0.248684,0.681593,-0.180638,0.664046
8230,196.406,334.682,104.608,0.235118,0.681441,-0.20163,0.663101
8231,196.574,334.748,105.592,0.224707,0.690234,-0.218823,0.652074
8232,196.898,334.634,106.531,0.21321,0.692199,-0.227117,0.651015
8233,197.408,334.242,107.297,0.212846,0.691526,-0.226997,0.651891
8234,198.405,334.289,107.235,0.21452,0.689827,-0.224313,0.654067
8235,199.025,335.043,107.019,0.216851,0.688602,-0.222187,0.655313
8236,199.725,334.807,106.344,0.222909,0.687846,-0.21448,0.656641
8237,199.862,334.617,107.316,0.226858,0.692034,-0.210645,0.652114
8238,200.454,334.587,108.122,0.231522,0.693488,-0.209502,0.649292
8239,200.612,334.006,107.324,0.233662,0.693074,-0.208021,0.649444
8240,200.612,334.006,107.324,0.233662,0.693074,-0.208021,0.649444
8241,200.085,333.37,106.761,0.227369,0.693721,-0.200118,0.653458
8242,199.234,332.845,106.77,0.219236,0.698055,-0.198905,0.65199
8243,200.143,332.455,106.62,0.21772,0.699349,-0.199268,0.651
8244,199.319,332.908,106.278,0.21748,0.699898,-0.199576,0.650396
8245,199.68,333.822,106.461,0.218072,0.700032,-0.200303,0.64983
8246,198.903,334.275,106.023,0.218751,0.69973,-0.201393,0.64959
8247,198.04,333.8,105.852,0.218257,0.700023,-0.2017,0.649345
8248,198.689,334.276,105.258,0.218052,0.699956,-0.20328,0.648993
8249,199.194,335.126,105.111,0.217961,0.700247,-0.205908,0.64788
8250,198.59,334.838,105.855,0.21801,0.700609,-0.204203,0.648012
8251,197.87,334.807,105.162,0.21801,0.700609,-0.204203,0.648012
8252,197.371,335.629,104.884,0.216688,0.701639,-0.201907,0.64806
8253,196.587,336.172,104.584,0.212229,0.704152,-0.202572,0.646601
8254,197.201,336.929,104.36,0.211659,0.703544,-0.21356,0.643909
8255,196.481,337.54,104.03,0.206767,0.7044,-0.21675,0.643496
8256,197.313,338.077,104.165,0.206479,0.704564,-0.21765,0.643105
8257,197.707,338.592,104.927,0.206479,0.704564,-0.21765,0.643105
8258,198.541,338.891,105.39,0.219639,0.699656,-0.224355,0.641799
8259,198.335,338.53,106.3,0.219639,0.699656,-0.224355,0.641799
8260,198.253,339.058,107.146,0.219698,0.694942,-0.217452,0.649233
8261,198.247,339.152,106.15,0.215947,0.689818,-0.222406,0.654258
8262,197.866,338.787,107,0.199526,0.696534,-0.227163,0.650713
8263,198.352,339.435,107.587,0.213372,0.69751,-0.261361,0.632173
8264,197.601,339.135,108.175,0.207675,0.697635,-0.272219,0.629344
8265,196.814,339.466,108.697,0.207828,0.694369,-0.266252,0.635429
8266,196.212,340.002,109.288,0.215215,0.692238,-0.25541,0.63973
8267,195.433,340.617,109.412,0.216604,0.693275,-0.24702,0.641431
8268,194.673,341.129,109.01,0.217831,0.694571,-0.243248,0.641054
8269,194.821,342.028,108.599,0.228316,0.692458,-0.234698,0.642876
8270,194.791,342.786,107.948,0.22936,0.692907,-0.231668,0.643121
8271,194.493,343.305,108.749,0.228736,0.695871,-0.247183,0.634306
8272,194.102,343.697,107.916,0.221144,0.690345,-0.252123,0.641056
8273,193.746,344.035,108.787,0.213399,0.688555,-0.26058,0.642223
8274,194.148,343.12,108.746,0.201052,0.677431,-0.284121,0.648028
8275,193.466,343.325,109.448,0.199019,0.674325,-0.286554,0.650818
8276,193.011,343.269,110.337,0.188237,0.678132,-0.28924,0.648879
8277,193.553,344.033,110.686,0.188003,0.677521,-0.29987,0.644747
8278,194.154,344.746,111.046,0.192667,0.676524,-0.308322,0.640416
8279,193.52,345.517,110.977,0.181842,0.669313,-0.314488,0.648113
8280,194.144,344.736,110.945,0.181298,0.660801,-0.31848,0.655014
8281,193.361,345.354,110.872,0.188017,0.655155,-0.309586,0.663007
8282,193.978,344.598,111.09,0.199606,0.651495,-0.29788,0.668565
8283,194.38,343.692,111.22,0.216267,0.64987,-0.283487,0.671217
8284,193.887,342.93,110.799,0.226712,0.64672,-0.274166,0.674676
8285,194.539,342.185,110.935,0.23312,0.645915,-0.275098,0.672882
8286,195.202,342.922,110.8,0.235936,0.644099,-0.277137,0.672804
8287,194.423,342.54,110.303,0.233603,0.644117,-0.276235,0.673971
8288,195.057,341.897,110.733,0.228148,0.644142,-0.27536,0.67617
8289,195.159,341.241,111.481,0.222434,0.645224,-0.278454,0.675775
8290,195.618,340.538,112.023,0.200399,0.64914,-0.298074,0.67053
8291,196.28,339.829,112.267,0.176004,0.650182,-0.310495,0.67073
8292,196.93,340.348,112.822,0.171044,0.651722,-0.323736,0.664227
8293,197.079,339.915,113.711,0.158647,0.657981,-0.324596,0.660704
8294,197.103,339.844,114.708,0.15479,0.670862,-0.317946,0.651839
8295,197.843,340.223,115.264,0.158943,0.669883,-0.317515,0.652057
8296,198.577,340.42,115.914,0.167352,0.667861,-0.319664,0.650976
8297,199.103,339.925,116.606,0.167846,0.665068,-0.319288,0.653886
8298,199.068,339.155,117.242,0.165729,0.664739,-0.315158,0.656758
8299,198.922,338.397,117.879,0.164259,0.666339,-0.315301,0.655436
8300,199.653,338.617,117.233,0.172133,0.659556,-0.32721,0.654438
8301,200.496,338.485,116.712,0.17726,0.658173,-0.333231,0.651417
8302,201.002,338.532,115.85,0.185814,0.648942,-0.346481,0.651382
8303,201.78,338.346,115.25,0.19983,0.642337,-0.353784,0.649853
8304,201.693,337.362,115.093,0.207749,0.641293,-0.345752,0.652716
8305,202.364,336.625,115.008,0.21095,0.64208,-0.339388,0.654254
8306,202.736,335.723,115.226,0.216419,0.642909,-0.329525,0.656692
8307,203.234,335.204,114.531,0.224883,0.638045,-0.327287,0.659704
8308,203.942,335.414,115.206,0.238112,0.635601,-0.326901,0.65761
8309,203.625,334.477,115.061,0.244717,0.633608,-0.327025,0.657046
8310,203.037,335.188,114.677,0.245156,0.636562,-0.327196,0.653934
8311,203.775,335.775,114.344,0.240022,0.638251,-0.330959,0.652296
8312,204.536,336.412,114.224,0.237974,0.639072,-0.341351,0.646865
8313,204.878,335.843,114.971,0.225221,0.648182,-0.339915,0.643112
8314,204.149,335.175,115.122,0.225221,0.648182,-0.339915,0.643112
8315,203.387,334.631,115.471,0.232019,0.645917,-0.338235,0.64386
8316,204.131,334.249,114.924,0.244343,0.640375,-0.337325,0.645313
8317,203.659,333.37,114.995,0.257849,0.635829,-0.326865,0.649919
8318,203.82,332.388,114.898,0.267588,0.632934,-0.321809,0.65133
8319,204.486,332.101,114.21,0.273008,0.632628,-0.319403,0.650561
8320,204.13,331.168,114.163,0.27685,0.631858,-0.318581,0.650089
8321,203.532,330.371,114.077,0.283492,0.62942,-0.316693,0.650514
8322,203.4,329.384,113.984,0.289303,0.627314,-0.318817,0.648951
8323,204.174,330.017,113.963,0.289271,0.627332,-0.318764,0.648974
8324,205.069,330.22,114.36,0.287086,0.628359,-0.318937,0.648865
8325,205.905,330.757,114.251,0.28662,0.627671,-0.334396,0.641918
8326,206.679,331.351,114.032,0.282185,0.629482,-0.337166,0.640658
8327,207.257,330.632,114.416,0.28127,0.629978,-0.337219,0.640546
8328,206.835,329.8,114.777,0.28127,0.629978,-0.337219,0.640546
8329,206.324,328.941,114.785,0.282369,0.629153,-0.33646,0.641272
8330,205.773,329.771,114.702,0.281976,0.629018,-0.334471,0.642616
8331,206.676,330.2,114.718,0.285491,0.628095,-0.3327,0.642886
8332,207.555,330.615,114.481,0.285682,0.628281,-0.333527,0.64219
8333,208.13,329.817,114.659,0.286419,0.628391,-0.33318,0.641935
8334,209.074,330.04,114.904,0.292949,0.625404,-0.334269,0.641339
8335,209.667,329.297,115.216,0.299897,0.621298,-0.336306,0.641053
8336,209.954,328.347,115.101,0.306826,0.615902,-0.338022,0.642078
8337,209.037,328.329,115.499,0.316127,0.607563,-0.333153,0.648028
8338,209.332,327.44,115.849,0.312935,0.605856,-0.335666,0.649876
8339,209.498,326.454,115.883,0.303245,0.605679,-0.340249,0.652248
8340,210.11,325.841,116.382,0.299367,0.60661,-0.341007,0.652777
8341,210.439,324.922,116.598,0.290637,0.608609,-0.342377,0.654144
8342,211.233,325.405,116.966,0.29965,0.605997,-0.352028,0.647344
8343,210.495,324.936,117.45,0.29965,0.605997,-0.352028,0.647344
8344,210.885,324.016,117.46,0.300186,0.599617,-0.355291,0.651242
8345,209.887,324.054,117.511,0.302179,0.594422,-0.350355,0.657724
8346,210.638,324.336,118.109,0.305459,0.594004,-0.35131,0.656076
8347,211.522,323.886,118.239,0.302942,0.593263,-0.350019,0.658599
8348,212.456,324.234,118.31,0.305391,0.591415,-0.351571,0.658302
8349,211.777,323.505,118.233,0.305027,0.591545,-0.350805,0.658763
8350,211.518,322.6,118.571,0.306842,0.590591,-0.351373,0.658474
8351,210.693,322.035,118.582,0.306842,0.590591,-0.351373,0.658474
8352,211.54,322.566,118.592,0.307985,0.589967,-0.351519,0.658422
8353,212.463,322.946,118.66,0.315914,0.58633,-0.353992,0.656586
8354,211.684,322.319,118.688,0.314878,0.586888,-0.352532,0.65737
8355,212.624,322.537,118.952,0.319557,0.584664,-0.352873,0.656911
8356,213.061,321.65,119.103,0.317816,0.584067,-0.352148,0.658673
8357,213.699,321.468,119.852,0.31616,0.585039,-0.353029,0.658136
8358,214.164,321.108,120.66,0.31616,0.585039,-0.353029,0.658136
8359,215.069,321.52,120.772,0.321613,0.581439,-0.356931,0.656578
8360,215.963,321.899,121.007,0.323573,0.58036,-0.359662,0.655077
8361,215.919,321.077,121.575,0.322246,0.579431,-0.360698,0.655983
8362,215.216,320.42,121.844,0.322167,0.579588,-0.361004,0.655715
8363,214.614,319.697,122.183,0.328034,0.576384,-0.358642,0.656925
8364,214.191,318.809,121.999,0.330927,0.574253,-0.358465,0.657438
8365,215.075,319.27,122.067,0.334439,0.572302,-0.359388,0.656857
8366,216.004,319.375,122.423,0.339664,0.569382,-0.359966,0.656397
8367,215.273,318.693,122.389,0.335716,0.570847,-0.358068,0.658191
8368,214.379,318.246,122.394,0.335716,0.570847,-0.358068,0.658191
8369,215.248,318.539,122.793,0.346469,0.565628,-0.364287,0.653696
8370,215.456,317.998,123.608,0.346469,0.565628,-0.364287,0.653696
8371,216.406,318.295,123.701,0.350607,0.561854,-0.363738,0.65505
8372,217.35,318.574,123.877,0.352919,0.559792,-0.36358,0.65566
8373,218.023,318.221,124.528,0.353256,0.559599,-0.363974,0.655425
8374,218.701,317.845,125.159,0.353256,0.559599,-0.363974,0.655425
8375,219.688,317.918,125.301,0.358958,0.554975,-0.365494,0.655413
8376,220.648,317.772,125.543,0.365458,0.548593,-0.367126,0.656281
8377,221.074,316.977,125.976,0.368249,0.544519,-0.369167,0.656969
8378,221.601,316.132,125.887,0.366127,0.543102,-0.36847,0.659713
8379,221.808,315.586,125.076,0.365359,0.5419,-0.369155,0.660743
8380,221.751,315.713,126.066,0.365501,0.541469,-0.371184,0.659881
8381,221.171,315.427,126.829,0.365191,0.542626,-0.370313,0.659591
8382,220.856,314.639,127.357,0.365147,0.54268,-0.370418,0.659513
8383,221.33,313.766,127.47,0.366618,0.538643,-0.373202,0.660436
8384,221.315,313.925,128.457,0.366602,0.538627,-0.373211,0.660452
8385,221.862,313.843,129.29,0.366602,0.538627,-0.373211,0.660452
8386,222.228,312.912,129.288,0.364956,0.536628,-0.374208,0.662424
8387,222.662,312.281,129.931,0.364914,0.536185,-0.374277,0.662767
8388,222.997,311.379,130.201,0.364244,0.533414,-0.377839,0.66335
8389,222.578,311.107,131.068,0.364244,0.533414,-0.377839,0.66335
8390,223.143,311.38,131.846,0.376322,0.530465,-0.381799,0.656672
8391,223.006,310.666,132.533,0.376273,0.530407,-0.382135,0.656551
8392,223.439,309.825,132.858,0.375646,0.530393,-0.381904,0.657056
8393,223.439,309.825,132.858,0.375646,0.530393,-0.381904,0.657056
8394,223.856,309.008,133.255,0.372828,0.52959,-0.38259,0.658908
8395,224.286,308.248,133.744,0.366744,0.531249,-0.383288,0.660578
8396,224.516,307.541,134.412,0.366808,0.531324,-0.383257,0.6605
8397,224.778,306.583,134.526,0.364725,0.530045,-0.384168,0.662151
8398,225.182,305.795,134.991,0.364532,0.529588,-0.383519,0.662998
8399,225.578,304.877,135.017,0.364606,0.528404,-0.384002,0.663623
8400,225.742,304.047,135.55,0.364761,0.527595,-0.384006,0.664178
8401,225.689,303.939,136.543,0.367642,0.529999,-0.381913,0.661878
8402,226.124,303.067,136.768,0.36682,0.529156,-0.381868,0.663034
8403,226.124,303.067,136.768,0.36682,0.529156,-0.381868,0.663034
8404,225.988,303.907,136.243,0.366495,0.528802,-0.382217,0.663295
8405,225.065,303.544,136.113,0.366453,0.528485,-0.384993,0.661964
8406,226.047,303.596,136.293,0.375416,0.521697,-0.388358,0.660358
8407,227.022,303.696,136.492,0.383186,0.515682,-0.391541,0.658738
8408,227.81,303.302,136.966,0.387129,0.512814,-0.392185,0.658288
8409,228.775,303.515,137.116,0.392891,0.508257,-0.393336,0.657722
8410,228.775,303.515,137.116,0.392891,0.508257,-0.393336,0.657722
8411,228.31,302.668,137.371,0.392891,0.508257,-0.393336,0.657722
8412,229.289,302.853,137.289,0.397509,0.504212,-0.3984,0.655007
8413,228.47,302.28,137.32,0.397509,0.504212,-0.3984,0.655007
8414,227.689,301.655,137.289,0.399462,0.502235,-0.39826,0.655423
8415,226.916,301.08,137.022,0.401366,0.499955,-0.399581,0.655199
8416,227.783,301.249,137.49,0.401366,0.499955,-0.399581,0.655199
8417,228.768,301.186,137.656,0.401563,0.498721,-0.398047,0.65695
8418,227.775,301.286,137.724,0.398605,0.499849,-0.395251,0.659577
8419,228.71,301.588,137.908,0.398169,0.500149,-0.39525,0.659614
8420,229.655,301.899,138.01,0.397853,0.50027,-0.394547,0.660133
8421,230.636,302.063,137.906,0.401215,0.494854,-0.39948,0.659213
8422,230.878,301.378,138.593,0.401215,0.494854,-0.39948,0.659213
8423,231.726,301.66,138.145,0.401685,0.493692,-0.40044,0.659216
8424,231.98,301.311,137.243,0.400481,0.492309,-0.402057,0.659998
8425,231.373,301.913,137.762,0.400481,0.492309,-0.402057,0.659998
8426,232.327,302.186,137.889,0.406159,0.486481,-0.409906,0.656009
8427,232.535,301.571,138.65,0.406159,0.486481,-0.409906,0.656009
8428,232.043,301.98,139.418,0.406159,0.486481,-0.409906,0.656009
8429,232.976,301.695,139.633,0.408903,0.483782,-0.411215,0.655481
8430,232.571,301.742,138.72,0.407366,0.48341,-0.411553,0.656499
8431,232.366,300.773,138.58,0.414015,0.484091,-0.402489,0.657457
8432,232.859,300.281,137.862,0.414015,0.484091,-0.402489,0.657457
8433,232.782,299.975,138.812,0.416931,0.486139,-0.399954,0.655648
8434,232.176,300.604,138.325,0.42242,0.491848,-0.39721,0.649516
8435,232.376,300.503,137.35,0.42242,0.491848,-0.39721,0.649516
8436,231.997,299.944,138.088,0.425424,0.497727,-0.390463,0.647164
8437,231.163,299.424,137.903,0.427336,0.497236,-0.379952,0.652516
8438,232.109,299.588,138.182,0.429171,0.496207,-0.380885,0.65155
8439,232.841,299.286,138.792,0.429171,0.496207,-0.380885,0.65155
8440,233.751,299.622,139.037,0.438178,0.490729,-0.394975,0.641233
8441,233.043,299.627,139.743,0.438178,0.490729,-0.394975,0.641233
8442,233.442,299.076,140.477,0.438178,0.490729,-0.394975,0.641233
8443,234.261,298.792,140.975,0.435849,0.491134,-0.397725,0.640811
8444,234.261,298.792,140.975,0.435849,0.491134,-0.397725,0.640811
8445,234.342,299.422,140.202,0.438204,0.490345,-0.396185,0.640763
8446,234.074,299.927,139.382,0.438204,0.490345,-0.396185,0.640763
8447,233.694,300.721,139.856,0.438561,0.490374,-0.39565,0.640826
8448,234.592,300.313,140.021,0.439585,0.494683,-0.396648,0.63618
8449,234.767,299.402,139.648,0.439585,0.494683,-0.396648,0.63618
8450,234.162,298.606,139.66,0.439969,0.497267,-0.393209,0.636034
8451,234.284,297.731,139.191,0.439782,0.497787,-0.393519,0.635565
8452,234.778,297.257,138.462,0.439782,0.497787,-0.393519,0.635565
8453,234.017,296.712,138.112,0.435479,0.500332,-0.386207,0.640992
8454,234.017,296.712,138.112,0.435479,0.500332,-0.386207,0.640992
8455,234.016,296.308,137.198,0.435479,0.500332,-0.386207,0.640992
8456,233.567,295.456,136.928,0.437424,0.501839,-0.380605,0.641839
8457,233.465,295.528,137.92,0.441196,0.504783,-0.376818,0.639177
8458,233.236,296.04,137.092,0.441196,0.504783,-0.376818,0.639177
8459,233.561,295.099,137.18,0.442209,0.507921,-0.374111,0.63758
8460,233.087,294.734,136.379,0.442209,0.507921,-0.374111,0.63758
8461,233.675,293.926,136.424,0.443282,0.509316,-0.373187,0.636263
8462,234.613,293.699,136.16,0.443282,0.509316,-0.373187,0.636263
8463,234.378,292.951,135.54,0.443282,0.509316,-0.373187,0.636263
8464,234.914,292.111,135.617,0.444323,0.510953,-0.373214,0.634205
8465,234.914,292.111,135.617,0.444323,0.510953,-0.373214,0.634205
8466,234.824,291.227,135.157,0.444323,0.510953,-0.373214,0.634205
8467,235.141,290.286,135.035,0.444078,0.51117,-0.372404,0.634677
8468,235.141,290.286,135.035,0.444078,0.51117,-0.372404,0.634677
8469,235.55,289.854,134.232,0.441823,0.513766,-0.373279,0.63364
8470,235.55,289.854,134.232,0.441823,0.513766,-0.373279,0.63364
8471,235.339,290.606,133.607,0.445565,0.513311,-0.370963,0.632748
8472,235.339,290.606,133.607,0.445565,0.513311,-0.370963,0.632748
8473,235.016,291.117,132.811,0.445565,0.513312,-0.370963,0.632748
8474,235.398,290.247,132.501,0.445972,0.514022,-0.370481,0.632167
8475,235.398,290.247,132.501,0.445972,0.514022,-0.370481,0.632167
8476,234.5,290.008,132.131,0.445819,0.514111,-0.370478,0.632204
8477,233.589,290.077,131.727,0.444041,0.516175,-0.370137,0.631973
8478,234.449,290.053,132.236,0.444041,0.516175,-0.370137,0.631973
8479,233.515,289.835,132.518,0.444041,0.516175,-0.370137,0.631973
8480,233.811,290.308,133.348,0.444053,0.518577,-0.381651,0.623087
8481,234.364,289.879,134.062,0.444053,0.518577,-0.381651,0.623087
8482,234.497,290.171,133.115,0.434621,0.511995,-0.391623,0.628965
8483,234.949,289.284,133.216,0.42882,0.509539,-0.395288,0.632638
8484,233.975,289.099,133.085,0.429765,0.506976,-0.391485,0.636409
8485,233.869,289.52,133.986,0.440572,0.515083,-0.379653,0.629642
8486,233.322,290.357,134.002,0.452463,0.517496,-0.369208,0.625428
8487,233.219,290.081,134.957,0.462967,0.526486,-0.357959,0.616716
8488,233.568,289.149,134.859,0.472638,0.526589,-0.352384,0.61249
8489,233.214,289.502,133.993,0.472638,0.526589,-0.352384,0.61249
8490,233.306,289.341,133.01,0.479054,0.524557,-0.346486,0.612613
8491,233.631,288.396,132.977,0.479059,0.528332,-0.339178,0.613454
8492,233.832,288.737,132.059,0.473002,0.524034,-0.346823,0.617553
8493,234.201,287.819,132.2,0.465375,0.531672,-0.347675,0.616338
8494,234.557,286.885,132.187,0.456059,0.540011,-0.34992,0.61478
8495,234.801,285.915,132.175,0.449206,0.544328,-0.35304,0.614234
8496,234.187,285.337,132.713,0.443796,0.549175,-0.354616,0.612943
8497,234.627,284.439,132.716,0.434858,0.55329,-0.356125,0.614771
8498,235.529,284.823,132.915,0.432373,0.554752,-0.362252,0.611618
8499,236.454,285.132,133.136,0.434811,0.554952,-0.376807,0.600819
8500,237.408,285.388,133.293,0.43456,0.555297,-0.384193,0.595985
8501,238.225,285.089,133.786,0.431837,0.556855,-0.38366,0.596854
8502,239.18,285.122,134.079,0.431754,0.556902,-0.386395,0.595103
8503,238.383,284.523,134.004,0.431754,0.556902,-0.386395,0.595103
8504,237.47,284.131,134.116,0.431754,0.556902,-0.386395,0.595103
8505,236.568,283.711,134.216,0.433637,0.556138,-0.388435,0.593117
8506,235.793,283.095,134.079,0.432725,0.556472,-0.388586,0.593371
8507,236.772,283.293,134.124,0.436399,0.553907,-0.396281,0.587966
8508,235.784,283.213,133.99,0.435873,0.55382,-0.394743,0.589472
8509,234.836,282.905,133.914,0.435873,0.55382,-0.394743,0.589472
8510,234.019,282.33,133.868,0.440665,0.550077,-0.393986,0.589919
8511,234.902,281.863,133.847,0.440836,0.549266,-0.393149,0.591104
8512,234.644,282.311,134.702,0.438575,0.548984,-0.391328,0.594248
8513,233.808,282.047,135.184,0.438575,0.548984,-0.391328,0.594248
8514,234.619,281.779,135.703,0.438575,0.548984,-0.391328,0.594248
8515,234.99,280.986,136.187,0.433988,0.551031,-0.392628,0.594863
8516,234.626,280.816,137.103,0.424513,0.565141,-0.387976,0.591506
8517,234.358,281.044,138.039,0.419965,0.562041,-0.395314,0.592846
8518,234.545,281.232,139.003,0.410484,0.566813,-0.407303,0.586797
8519,234.368,281.522,139.943,0.4084,0.566189,-0.409792,0.58712
8520,234.281,281.476,140.938,0.416902,0.572258,-0.39999,0.581998
8521,234.769,280.604,140.891,0.428488,0.565339,-0.392169,0.585656
8522,235.37,280.34,140.137,0.432375,0.565003,-0.383474,0.588873
8523,235.179,280.259,141.115,0.437615,0.568927,-0.376227,0.585891
8524,235.528,279.324,141.182,0.448055,0.568771,-0.366531,0.584295
8525,235.68,279.437,142.164,0.452765,0.570465,-0.363533,0.580876
8526,235.56,278.659,141.546,0.452765,0.570465,-0.363533,0.580876
8527,235.836,277.706,141.424,0.451951,0.571275,-0.365952,0.579193
8528,236.731,277.595,141.856,0.452539,0.571383,-0.366425,0.578328
8529,237.702,277.815,141.95,0.452859,0.570455,-0.375028,0.573458
8530,238.662,278.019,142.141,0.454024,0.569787,-0.380628,0.569498
8531,238.617,277.03,142.002,0.451197,0.570211,-0.383408,0.569454
8532,238.943,276.085,142.024,0.451863,0.568427,-0.386208,0.568818
8533,238.943,276.085,142.024,0.451863,0.568427,-0.386208,0.568818
8534,239.163,275.11,142.033,0.451668,0.567522,-0.386764,0.569499
8535,239.163,275.11,142.033,0.451668,0.567522,-0.386764,0.569499
8536,238.782,274.187,142.089,0.451746,0.567288,-0.386342,0.569956
8537,239.77,274.337,142.113,0.460377,0.560966,-0.392749,0.564905
8538,239.77,274.337,142.113,0.460377,0.560966,-0.392749,0.564905
8539,239.332,273.439,142.078,0.460301,0.561138,-0.392472,0.564989
8540,240.321,273.58,142.116,0.464847,0.557917,-0.393245,0.563918
8541,239.825,272.712,142.095,0.465623,0.557199,-0.392637,0.564412
8542,239.202,271.937,142.198,0.465623,0.557199,-0.392637,0.564412
8543,239.202,271.937,142.198,0.465623,0.557199,-0.392637,0.564412
8544,238.843,271.004,142.159,0.467011,0.555819,-0.389732,0.566635
8545,239.818,270.789,142.221,0.467906,0.555098,-0.389864,0.566512
8546,240.801,270.649,142.335,0.47309,0.549949,-0.391275,0.566255
8547,241.652,270.225,142.645,0.477451,0.546204,-0.393166,0.564909
8548,242.533,270.367,143.097,0.483076,0.543138,-0.398694,0.55918
8549,243.088,269.562,143.303,0.48259,0.542548,-0.400913,0.558586
8550,242.939,270.388,142.76,0.481443,0.543161,-0.401182,0.558785
8551,242.897,270.041,143.697,0.482055,0.543483,-0.401037,0.558049
8552,242.659,270.415,144.593,0.480871,0.543757,-0.401069,0.55878
8553,242.535,269.894,145.438,0.480871,0.543757,-0.401069,0.55878
8554,243.02,269.022,145.371,0.481913,0.540707,-0.400464,0.561271
8555,243.904,268.709,145.719,0.481913,0.540707,-0.400464,0.561271
8556,244.78,268.913,146.155,0.483676,0.540624,-0.401625,0.559
8557,245.014,267.954,145.993,0.480932,0.541121,-0.400681,0.561558
8558,245.014,267.954,145.993,0.480932,0.541121,-0.400681,0.561558
8559,245.37,267.026,145.888,0.47805,0.53957,-0.402244,0.564387
8560,245.613,266.062,145.997,0.477546,0.537686,-0.40764,0.562737
8561,245.757,265.224,146.524,0.477332,0.537933,-0.407788,0.562575
8562,246.397,264.749,147.128,0.476004,0.538605,-0.407888,0.562985
8563,246.495,263.754,147.158,0.472725,0.540437,-0.40829,0.563701
8564,247.476,263.641,147.003,0.472572,0.540492,-0.407438,0.564392
8565,247.341,262.652,147.064,0.47308,0.543365,-0.400372,0.566261
8566,247.51,261.815,146.543,0.474091,0.5432,-0.398376,0.566982
8567,247.422,260.855,146.278,0.48635,0.542283,-0.383194,0.56794
8568,247.57,259.908,145.992,0.498494,0.541248,-0.37192,0.565888
8569,247.859,259.471,145.14,0.505661,0.535115,-0.368805,0.567399
8570,247.792,259.048,146.044,0.512637,0.537428,-0.361672,0.563531
8571,248.654,259.075,145.537,0.517186,0.531883,-0.365201,0.562359
8572,248.523,258.088,145.63,0.51294,0.535157,-0.364123,0.56384
8573,248.348,257.11,145.747,0.506693,0.539238,-0.367304,0.563536
8574,249.342,257.026,145.826,0.509663,0.534551,-0.372907,0.56164
8575,248.788,256.257,146.145,0.507598,0.536027,-0.375746,0.560209
8576,249.772,256.212,146.314,0.513151,0.530228,-0.383869,0.555138
8577,250.723,255.967,146.503,0.517496,0.525284,-0.38413,0.555625
8578,251.715,255.845,146.473,0.522976,0.51938,-0.390108,0.551866
8579,250.933,255.223,146.487,0.52408,0.518259,-0.389076,0.552601
8580,251.883,254.91,146.474,0.53101,0.511144,-0.396438,0.547355
8581,252.847,254.647,146.493,0.539053,0.501755,-0.401111,0.544769
8582,253.069,253.672,146.456,0.538944,0.498969,-0.404186,0.545163
8583,253.905,253.624,147.003,0.550412,0.493055,-0.417114,0.529112
8584,254.098,252.918,146.322,0.549573,0.492147,-0.42008,0.528482
8585,254.146,251.949,146.565,0.549714,0.491748,-0.420158,0.528645
8586,254.287,250.995,146.3,0.547965,0.489585,-0.421387,0.531483
8587,254.817,250.535,147.013,0.547461,0.490123,-0.421777,0.531197
8588,255.797,250.468,147.201,0.55439,0.483612,-0.430794,0.522673
8589,256.788,250.342,147.189,0.564167,0.473302,-0.43769,0.515876
8590,256.692,251.034,146.473,0.564167,0.473302,-0.43769,0.515876
8591,256.571,250.598,147.365,0.578096,0.477257,-0.42447,0.507796
8592,256.411,249.618,147.245,0.591323,0.475464,-0.412152,0.504383
8593,256.614,250.578,147.054,0.605005,0.472554,-0.399664,0.500929
8594,256.907,250.729,146.109,0.60672,0.462252,-0.404378,0.504669
8595,256.323,250.373,146.839,0.607099,0.463068,-0.403501,0.504169
8596,256.275,249.51,147.34,0.607099,0.463068,-0.403501,0.504169
8597,256.331,248.587,146.959,0.600504,0.465235,-0.406518,0.507637
8598,256.691,247.905,147.596,0.599023,0.466139,-0.406778,0.508348
8599,257.621,247.819,147.954,0.603388,0.463703,-0.416407,0.497501
8600,257.827,246.861,147.757,0.598866,0.465709,-0.417706,0.499996
8601,258.713,246.62,148.154,0.603671,0.461655,-0.427082,0.489955
8602,257.964,246.233,148.692,0.603671,0.461655,-0.427082,0.489955
8603,258.853,245.991,149.081,0.615541,0.449725,-0.435269,0.478955
8604,258.678,245.026,148.889,0.614758,0.450048,-0.439532,0.475754
8605,258.552,244.062,148.653,0.614408,0.448788,-0.442126,0.474991
8606,258.473,243.199,148.154,0.612608,0.449142,-0.442595,0.476542
8607,258.384,242.21,148.035,0.612396,0.450068,-0.442805,0.475745
8608,257.501,241.741,148.055,0.612325,0.450287,-0.442971,0.475474
8609,257.507,240.842,147.616,0.61354,0.448658,-0.444821,0.473718
8610,257.55,239.964,147.14,0.61354,0.448658,-0.444821,0.473718
8611,257.474,239.011,146.846,0.613688,0.449157,-0.444689,0.473178
8612,257.526,238.087,146.467,0.615293,0.449459,-0.444956,0.470548
8613,258.083,237.326,146.136,0.6235,0.454534,-0.450945,0.44866
8614,258.334,236.364,146.029,0.63776,0.460932,-0.440059,0.432611
8615,258.379,236.07,145.075,0.647309,0.454195,-0.429019,0.436624
8616,258.221,235.125,144.788,0.660148,0.456035,-0.414354,0.42959
8617,258.501,235.069,143.829,0.664497,0.450528,-0.41371,0.429316
8618,258.627,235.214,142.848,0.66405,0.450404,-0.414298,0.429571
8619,258.127,234.939,142.027,0.66405,0.450404,-0.414298,0.429571
8620,258.076,234.02,141.637,0.663002,0.450746,-0.418956,0.426302
8621,257.979,233.902,140.649,0.657801,0.449591,-0.425202,0.429382
8622,257.842,233.104,140.061,0.648935,0.455221,-0.435988,0.426113
8623,257.938,232.774,139.122,0.64168,0.458032,-0.448733,0.420823
8624,257.718,232.097,138.42,0.63071,0.467475,-0.467011,0.406906
8625,258.621,231.962,138.829,0.627622,0.473912,-0.494925,0.369524
8626,258.479,231.221,139.485,0.623695,0.478066,-0.498602,0.365859
8627,258.385,232.105,139.028,0.621724,0.479106,-0.499228,0.366998
8628,258.435,231.425,139.759,0.622659,0.478893,-0.4987,0.366409
8629,259.374,231.147,139.959,0.625311,0.476013,-0.50834,0.35212
8630,260.204,230.635,140.185,0.625311,0.476013,-0.50834,0.35212
8631,259.243,230.726,140.446,0.625154,0.476464,-0.508207,0.35198
8632,260.191,230.413,140.5,0.630944,0.468004,-0.521847,0.332502
8633,261.098,230.025,140.335,0.632147,0.463788,-0.532097,0.319631
8634,262.019,229.637,140.359,0.634554,0.457493,-0.549076,0.294206
8635,261.806,228.774,140.817,0.634554,0.457493,-0.549076,0.294206
8636,261.98,229.16,139.911,0.62905,0.456257,-0.555203,0.296438
8637,262.461,229.677,140.619,0.624063,0.458264,-0.559637,0.295544
8638,262.492,229.851,139.635,0.618579,0.45718,-0.565825,0.296966
8639,262.404,230.149,138.684,0.612073,0.455332,-0.5723,0.300853
8640,262.333,230.967,138.114,0.609097,0.458206,-0.573105,0.300996
8641,262.507,231.901,137.8,0.606061,0.461592,-0.573405,0.301379
8642,262.397,231.547,138.729,0.603912,0.465976,-0.572863,0.299976
8643,262.457,230.637,138.319,0.602198,0.46532,-0.571433,0.307081
8644,262.332,229.743,137.888,0.600444,0.465142,-0.56959,0.31413
8645,262.119,228.82,137.566,0.598264,0.465177,-0.568244,0.320607
8646,261.527,228.938,138.364,0.598264,0.465177,-0.568244,0.320607
8647,262.272,228.32,138.11,0.599864,0.461605,-0.571094,0.317704
8648,262.317,227.829,138.98,0.602802,0.461231,-0.56825,0.317785
8649,262.288,226.829,138.98,0.602802,0.461231,-0.56825,0.317785
8650,262.352,226.253,139.795,0.602802,0.461231,-0.56825,0.317785
8651,262.235,225.325,139.441,0.600519,0.460531,-0.569263,0.32129
8652,263.012,225.435,140.061,0.600519,0.460531,-0.569263,0.32129
8653,263.19,225.095,140.984,0.606689,0.459993,-0.564797,0.318339
8654,262.952,224.18,140.659,0.607931,0.455656,-0.563211,0.324948
8655,263.048,224.015,141.641,0.619345,0.456803,-0.552022,0.320959
8656,262.611,223.16,141.362,0.620052,0.452963,-0.550681,0.327278
8657,262,222.382,141.211,0.620242,0.452517,-0.550756,0.327408
8658,261.205,221.82,140.984,0.620294,0.452632,-0.550617,0.327384
8659,262.092,221.37,140.873,0.626468,0.440675,-0.560427,0.315062
8660,261.813,220.428,140.691,0.626018,0.440844,-0.560255,0.316025
8661,262.681,219.94,140.601,0.629502,0.434216,-0.564287,0.31107
8662,263.522,219.402,140.664,0.632883,0.429101,-0.565461,0.309169
8663,264.369,218.872,140.624,0.640527,0.415197,-0.574095,0.296229
8664,263.587,218.288,140.403,0.639232,0.414693,-0.574955,0.298058
8665,262.809,217.666,140.318,0.632213,0.419024,-0.578376,0.300344
8666,261.955,217.148,140.277,0.626263,0.423599,-0.584484,0.29451
8667,260.988,217.305,140.479,0.626263,0.423599,-0.584484,0.29451
8668,260.413,216.515,140.268,0.624367,0.425812,-0.585097,0.294129
8669,261.101,215.8,140.145,0.626539,0.423595,-0.588933,0.284909
8670,260.205,215.701,139.71,0.626511,0.423749,-0.589029,0.284544
8671,259.709,214.836,139.637,0.634111,0.423678,-0.586435,0.272934
8672,260.437,214.446,139.073,0.640884,0.407607,-0.597786,0.256469
8673,260.245,214.377,138.094,0.643657,0.406167,-0.595759,0.256526
8674,259.502,213.715,138.192,0.653071,0.403979,-0.585513,0.259758
8675,259.409,213.216,137.33,0.656309,0.402435,-0.580739,0.264665
8676,258.945,212.332,137.375,0.656311,0.402547,-0.579499,0.267194
8677,258.617,211.405,137.191,0.651969,0.404564,-0.583741,0.265538
8678,258.419,210.556,137.681,0.650928,0.406712,-0.583785,0.264712
8679,258.138,209.644,137.384,0.64742,0.406444,-0.588256,0.263828
8680,257.586,209.794,138.204,0.64742,0.406444,-0.588256,0.263828
8681,257.566,208.831,137.937,0.649035,0.400333,-0.589893,0.265544
8682,257.454,207.928,137.522,0.650266,0.39529,-0.59102,0.267574
8683,257.326,206.955,137.33,0.651106,0.390203,-0.591628,0.271624
8684,257.18,205.978,137.173,0.651458,0.387967,-0.590743,0.275874
8685,256.916,205.014,137.203,0.651611,0.390813,-0.587843,0.277685
8686,256.921,205.537,138.055,0.653013,0.390786,-0.585096,0.280221
8687,256.927,205.129,137.142,0.654162,0.391741,-0.583115,0.280335
8688,256.571,204.725,137.984,0.65919,0.391369,-0.578606,0.278413
8689,256.389,204.216,137.143,0.65919,0.391369,-0.578606,0.278413
8690,255.973,203.312,137.045,0.666253,0.387375,-0.57247,0.279867
8691,255.506,202.428,137.086,0.670388,0.386134,-0.568998,0.278786
8692,255.573,202.249,138.068,0.679679,0.386189,-0.559236,0.275951
8693,255.102,201.376,137.943,0.678792,0.38559,-0.558861,0.279708
8694,254.557,200.537,137.916,0.678792,0.38559,-0.558861,0.279708
8695,254.29,200.959,138.783,0.678792,0.38559,-0.558861,0.279708
8696,254.284,200.537,137.876,0.677506,0.385133,-0.56122,0.27873
8697,253.721,199.725,137.723,0.671149,0.388288,-0.568101,0.275777
8698,253.173,198.894,137.632,0.663783,0.393577,-0.576346,0.268916
8699,252.601,198.074,137.61,0.657811,0.400756,-0.577305,0.27092
8700,251.973,197.309,137.465,0.650009,0.40961,-0.57621,0.278729
8701,251.352,196.53,137.544,0.649023,0.411808,-0.576631,0.276912
8702,250.765,195.783,137.232,0.648683,0.408712,-0.579916,0.275432
8703,250.239,194.943,137.1,0.649497,0.405722,-0.580374,0.276964
8704,249.282,194.999,136.814,0.649497,0.405722,-0.580374,0.276964
8705,248.656,194.221,136.862,0.658555,0.394821,-0.576801,0.278787
8706,248.044,193.43,136.848,0.66922,0.385266,-0.571355,0.277973
8707,247.439,192.634,136.828,0.673762,0.383176,-0.569587,0.273481
8708,246.836,191.846,136.7,0.676239,0.382982,-0.569921,0.266862
8709,246.143,191.138,136.562,0.676614,0.383161,-0.569666,0.266197
8710,245.5,190.377,136.479,0.673195,0.385687,-0.572526,0.265081
8711,244.825,189.648,136.363,0.668927,0.389463,-0.57508,0.264837
8712,245.563,188.974,136.322,0.679427,0.367308,-0.588658,0.238632
8713,246.24,188.265,136.127,0.685866,0.345298,-0.602133,0.218618
8714,245.365,187.783,136.159,0.686121,0.345204,-0.601613,0.219396
8715,244.565,187.202,136.004,0.688512,0.339832,-0.604154,0.21322
8716,243.791,186.571,135.948,0.690791,0.337708,-0.602957,0.212612
8717,243.03,185.928,135.868,0.695986,0.333614,-0.598696,0.214168
8718,242.215,185.352,135.804,0.702515,0.326462,-0.594537,0.215454
8719,241.362,184.83,135.784,0.707619,0.321217,-0.591573,0.214794
8720,240.604,184.188,135.671,0.710541,0.318181,-0.590985,0.211256
8721,239.698,183.767,135.64,0.713823,0.313896,-0.589147,0.211737
8722,238.92,183.141,135.574,0.716218,0.310098,-0.58886,0.210034
8723,238.119,182.543,135.578,0.717453,0.308212,-0.590266,0.204578
8724,238.62,181.699,135.388,0.719042,0.301207,-0.594407,0.197313
8725,237.764,181.182,135.411,0.719365,0.299422,-0.597481,0.189414
8726,237.1,180.51,135.085,0.716622,0.30294,-0.598981,0.189477
8727,236.172,180.138,135.123,0.716622,0.30294,-0.598981,0.189477
8728,235.401,179.519,134.974,0.717014,0.299721,-0.598821,0.193575
8729,235.941,178.742,134.65,0.717711,0.295381,-0.600206,0.193374
8730,234.975,178.483,134.646,0.717594,0.29567,-0.600426,0.192681
8731,234.209,177.842,134.596,0.717579,0.299245,-0.599716,0.189402
8732,233.45,177.254,134.318,0.718049,0.300698,-0.599079,0.187323
8733,232.72,176.585,134.172,0.717968,0.299845,-0.599279,0.188357
8734,231.946,175.971,134.02,0.718168,0.300238,-0.59906,0.187668
8735,232.34,175.081,133.792,0.719937,0.291975,-0.604066,0.17761
8736,232.227,174.162,134.169,0.719937,0.291975,-0.604066,0.17761
8737,231.473,173.582,133.861,0.714163,0.299053,-0.608467,0.174086
8738,230.945,174.304,134.307,0.714163,0.299053,-0.608467,0.174086
8739,230.325,173.58,134.003,0.709151,0.302925,-0.61321,0.171216
8740,229.73,172.787,133.876,0.70634,0.309976,-0.612594,0.172413
8741,229.105,172.051,133.616,0.704533,0.310639,-0.613498,0.175377
8742,228.403,171.411,133.304,0.701684,0.31364,-0.615992,0.172696
8743,228.573,170.717,132.604,0.700899,0.313053,-0.617949,0.169933
8744,228.745,170.591,131.627,0.696443,0.313374,-0.623522,0.167285
8745,228.749,170.923,130.684,0.689346,0.314901,-0.6302,0.168781
8746,228.233,170.067,130.67,0.683754,0.318945,-0.63464,0.167293
8747,228.124,170.036,131.663,0.683754,0.318945,-0.63464,0.167293
8748,228.668,169.197,131.656,0.702495,0.27373,-0.637895,0.157042
8749,229.206,168.414,131.345,0.713881,0.233487,-0.642649,0.151196
8750,228.512,167.695,131.386,0.722165,0.223128,-0.63535,0.158181
8751,227.783,167.014,131.448,0.738181,0.212324,-0.619077,0.163556
8752,226.99,166.405,131.433,0.747507,0.207365,-0.608106,0.168639
8753,227.118,166.453,130.443,0.752828,0.198815,-0.603052,0.17335
8754,226.442,165.966,130.995,0.762449,0.191446,-0.594183,0.170196
8755,227.067,165.293,130.6,0.769487,0.139411,-0.607376,0.139817
8756,226.194,164.847,130.404,0.770013,0.140545,-0.606626,0.13904
8757,225.281,164.458,130.283,0.768899,0.152357,-0.60712,0.130337
8758,225.415,163.491,130.067,0.769104,0.142175,-0.611601,0.1192
8759,224.528,163.061,129.898,0.7669,0.147262,-0.61426,0.113415
8760,223.689,163.54,130.155,0.7669,0.147262,-0.61426,0.113415
8761,222.715,163.44,129.95,0.763592,0.149629,-0.618486,0.109606
8762,221.764,163.369,129.648,0.763153,0.14938,-0.619098,0.109548
8763,221.764,163.369,129.648,0.763153,0.14938,-0.619098,0.109548
8764,221.844,162.374,129.702,0.763209,0.149589,-0.619035,0.109229
8765,220.913,162.219,129.372,0.762265,0.154181,-0.618414,0.112895
8766,220.075,162.412,128.861,0.762265,0.154181,-0.618414,0.112895
8767,220.101,161.417,128.761,0.763437,0.146969,-0.620266,0.104082
8768,219.129,161.438,128.529,0.762431,0.15168,-0.620788,0.101555
8769,218.324,162.022,128.423,0.762118,0.152649,-0.621077,0.10069
8770,217.415,161.9,128.024,0.759586,0.157351,-0.624353,0.0919439
8771,217.717,160.949,128.091,0.760458,0.15367,-0.626144,0.0776722
8772,218.146,160.095,128.384,0.760458,0.15367,-0.626144,0.0776722
8773,217.182,159.983,128.145,0.758465,0.159232,-0.627097,0.078264
8774,216.241,159.717,127.937,0.756724,0.164973,-0.628099,0.0751228
8775,216.449,159.833,126.966,0.746466,0.167299,-0.639848,0.0734407
8776,215.49,159.722,126.704,0.744447,0.170341,-0.642336,0.0647102
8777,214.619,159.291,126.468,0.744093,0.169848,-0.642646,0.0669631
8778,214.786,158.305,126.497,0.744476,0.170349,-0.642498,0.0627141
8779,213.996,157.71,126.347,0.745369,0.165513,-0.642619,0.0638139
8780,214.039,156.713,126.287,0.747167,0.15389,-0.644533,0.051351
8781,213.236,156.118,126.251,0.747077,0.154947,-0.644338,0.051929
8782,212.491,155.458,126.148,0.745697,0.15376,-0.646043,0.054066
8783,212.245,154.894,126.936,0.745895,0.153546,-0.645875,0.0539451
8784,212.37,154.115,127.551,0.745895,0.153546,-0.645875,0.0539451
8785,211.561,153.565,127.346,0.744885,0.156322,-0.645929,0.0590474
8786,210.805,152.92,127.228,0.744124,0.154093,-0.647059,0.062045
8787,210.557,152.564,128.129,0.748501,0.15076,-0.642757,0.0623
8788,209.845,151.868,128.037,0.750139,0.143086,-0.642438,0.0639599
8789,209.134,151.42,128.58,0.752796,0.140267,-0.640114,0.0622628
8790,209.326,150.439,128.551,0.753687,0.128659,-0.643417,0.0376451
8791,208.424,150.015,128.472,0.75061,0.140465,-0.645048,0.0276862
8792,207.782,149.491,129.032,0.750265,0.144443,-0.644705,0.0243707
8793,208.522,150.138,128.847,0.749769,0.146464,-0.644832,0.0242107
8794,207.573,149.828,128.789,0.748628,0.150737,-0.645204,0.0233747
8795,207.573,148.828,128.789,0.750881,0.132079,-0.646819,0.0189087
8796,206.618,148.554,128.9,0.752196,0.135586,-0.644518,0.0203843
8797,205.634,148.383,128.943,0.751939,0.134646,-0.644849,0.0250549
8798,205.557,147.39,129.036,0.754618,0.115428,-0.645603,0.020597
8799,204.67,147.373,129.496,0.755592,0.116002,-0.644252,0.0237573
8800,204.538,146.401,129.302,0.754735,0.103711,-0.647489,0.0194503
8801,203.552,146.442,129.468,0.750976,0.110132,-0.650544,0.0264127
8802,202.584,146.497,129.712,0.74855,0.116457,-0.652115,0.0292724
8803,201.716,146.809,130.098,0.747641,0.118829,-0.652794,0.0277822
8804,200.786,147.033,130.389,0.746222,0.119163,-0.654479,0.0246932
8805,199.979,146.575,130.763,0.746222,0.119163,-0.654479,0.0246932
8806,199.033,146.485,131.073,0.745199,0.120587,-0.655383,0.0247104
8807,198.068,146.718,131.197,0.744779,0.11815,-0.656242,0.026291
8808,197.112,146.755,131.486,0.744619,0.117473,-0.656537,0.0264875
8809,196.97,145.765,131.469,0.745537,0.106761,-0.657537,0.0205075
8810,196.009,145.843,131.735,0.745944,0.103786,-0.657581,0.0195637
8811,195.792,144.874,131.621,0.745559,0.089258,-0.660322,0.0122719
8812,194.828,144.836,131.885,0.745408,0.0870588,-0.660825,0.00989399
8813,193.901,144.818,132.26,0.745969,0.0798397,-0.661142,0.00684963
8814,192.915,144.656,132.29,0.744785,0.0766851,-0.662835,0.00802061
8815,191.931,144.555,132.434,0.743739,0.0767768,-0.663989,0.00871045
8816,191.009,144.331,132.752,0.744023,0.077434,-0.663598,0.00842723
8817,190.112,144.586,133.113,0.744023,0.077434,-0.663598,0.00842723
8818,189.148,144.352,133.238,0.743372,0.0770872,-0.664308,0.0122702
8819,188.661,144.194,134.097,0.749859,0.0726616,-0.657461,0.013275
8820,188.131,144.219,134.944,0.755277,0.07065,-0.651422,0.014654
8821,187.414,144.147,135.638,0.759534,0.0688201,-0.646527,0.0193429
8822,186.454,143.908,135.785,0.764543,0.0651842,-0.640557,0.0301959
8823,185.477,143.918,135.996,0.768565,0.0620827,-0.635946,0.0320271
8824,185.495,143.835,136.992,0.774728,0.0596675,-0.628551,0.0340487
8825,184.505,143.797,137.121,0.779196,0.0640852,-0.62244,0.0362733
8826,183.696,144.008,136.571,0.779196,0.0640852,-0.62244,0.0362733
8827,182.842,144.15,136.072,0.779196,0.0640852,-0.62244,0.0362733
8828,182.664,144.441,137.012,0.781958,0.0637858,-0.618823,0.0391401
8829,181.668,144.361,136.981,0.782701,0.0652619,-0.617559,0.0417212
8830,180.699,144.6,137.05,0.782892,0.0671577,-0.617355,0.0379813
8831,179.705,144.625,137.153,0.783028,0.0678739,-0.617137,0.0374297
8832,178.706,144.611,137.116,0.781716,0.0721652,-0.618421,0.0356182
8833,177.732,144.614,137.344,0.781309,0.0720005,-0.618937,0.0359047
8834,176.738,144.661,137.239,0.78106,0.0765846,-0.618615,0.0373555
8835,176.759,143.687,137.016,0.780111,0.06605,-0.621475,0.0288563
8836,175.772,143.816,136.92,0.782539,0.0631369,-0.618725,0.0287379
8837,174.815,144.097,136.855,0.785893,0.0597871,-0.614861,0.0272667
8838,173.819,144.139,136.77,0.785893,0.0597871,-0.614861,0.0272667
8839,173.65,143.175,136.565,0.785714,0.053652,-0.616014,0.0173412
8840,172.661,143.237,136.431,0.786447,0.0544825,-0.614944,0.0194111
8841,171.718,143.399,136.14,0.786447,0.0544825,-0.614944,0.0194111
8842,170.782,143.276,135.807,0.786087,0.055639,-0.615367,0.0171904
8843,169.827,143.091,135.577,0.786123,0.0574626,-0.61537,0.00525468
8844,168.841,143.011,135.435,0.785166,0.0521938,-0.617082,0.000537485
8845,167.859,142.847,135.332,0.784824,0.0534646,-0.617407,-0.00138925
8846,166.903,142.682,135.09,0.784753,0.0541588,-0.617437,-0.00136952
8847,165.914,142.539,135.119,0.788479,0.0571831,-0.612386,-0.00378054
8848,165.958,142.515,134.12,0.788479,0.0571831,-0.612386,-0.00378054
8849,166.161,142.751,135.07,0.789478,0.0566168,-0.611158,-0.00206797
8850,165.172,142.607,135.035,0.794259,0.0562217,-0.604972,0.000239409
8851,165.705,142.826,134.218,0.794259,0.0562217,-0.604972,0.000239409
8852,164.706,142.819,134.2,0.797985,0.0529563,-0.600344,-0.00165016
8853,163.715,142.764,134.071,0.803064,0.0494996,-0.593806,-0.00566633
8854,162.721,142.671,134.014,0.809857,0.048672,-0.584573,-0.00610909
8855,162.994,142.032,133.294,0.809857,0.048672,-0.584573,-0.00610909
8856,161.996,142.064,133.236,0.811256,0.0543417,-0.582147,-0.0038001
8857,161.005,142.07,133.104,0.815063,0.0547937,-0.576775,-2.94185e-05
8858,160.211,142.189,133.7,0.818092,0.0532404,-0.572616,0.000921717
8859,159.213,142.204,133.637,0.821691,0.0531391,-0.567445,0.00259161
8860,158.28,142.294,133.288,0.821691,0.0531391,-0.567445,0.00259161
8861,157.294,142.301,133.119,0.822664,0.0541958,-0.565939,-0.000617216
8862,156.32,142.39,132.91,0.822658,0.0540569,-0.565961,-0.000209847
8863,155.342,142.479,132.723,0.822658,0.0540569,-0.565961,-0.000209847
8864,154.371,142.519,132.486,0.822151,0.0529789,-0.566799,-0.000191758
8865,153.497,143.004,132.495,0.82215,0.0529797,-0.566801,-0.000189527
8866,153.748,142.18,131.987,0.821757,0.0518868,-0.567471,-0.000612502
8867,152.764,142.352,131.936,0.82095,0.0522513,-0.56856,-0.0071066
8868,152.173,143.066,132.311,0.820634,0.0516449,-0.569063,-0.00777338
8869,151.178,143.14,132.242,0.82169,0.0427422,-0.568238,-0.0102345
8870,150.842,144.007,131.873,0.82169,0.0427422,-0.568238,-0.0102345
8871,150.283,143.707,131.1,0.821799,0.0427899,-0.56808,-0.010065
8872,149.292,143.754,130.971,0.823363,0.0334226,-0.566353,-0.0141698
8873,148.963,144.698,131,0.823363,0.0334226,-0.566353,-0.0141698
8874,148.053,144.893,130.636,0.823363,0.0334226,-0.566353,-0.0141698
8875,147.079,144.865,130.865,0.823707,0.0341004,-0.565825,-0.0136655
8876,146.661,145.758,131.032,0.823707,0.0341004,-0.565825,-0.0136655
8877,146.531,146.733,131.21,0.823775,0.0341867,-0.565709,-0.0141168
8878,145.606,146.655,130.838,0.822709,0.0385941,-0.567002,-0.0130312
8879,146.34,147.295,130.61,0.822236,0.0435244,-0.567344,-0.0124294
8880,146.77,147.133,129.723,0.818061,0.0464816,-0.573039,-0.0155585
8881,145.859,147.059,129.319,0.814936,0.0479796,-0.577282,-0.0179611
8882,145.075,147.184,129.927,0.816581,0.0473584,-0.57502,-0.0174731
8883,144.151,147.136,129.547,0.815244,0.0395868,-0.577606,-0.0134942
8884,144.361,147.89,128.925,0.815244,0.0395868,-0.577606,-0.0134942
8885,144.283,147.368,128.075,0.815244,0.0395868,-0.577606,-0.0134942
8886,143.325,147.295,127.798,0.818875,0.0372601,-0.572673,-0.0100292
8887,143.107,147.118,126.838,0.820447,0.0360721,-0.57054,-0.00706856
8888,142.783,146.987,125.901,0.821042,0.0348489,-0.569778,-0.00538506
8889,143.783,146.963,125.923,0.826484,0.0382781,-0.561655,-0.00195364
8890,144.159,146.985,124.997,0.816528,0.0434906,-0.575639,-0.00551464
8891,144.274,146.839,124.015,0.819,0.0425423,-0.572212,-0.00150945
8892,144.172,146.618,124.984,0.827702,0.0367735,-0.559962,0.000519951
8893,143.938,146.474,125.946,0.836098,0.0312257,-0.547681,0.00318888
8894,143.04,146.457,125.506,0.843697,0.0254803,-0.536099,0.0111125
8895,143.139,146.664,126.48,0.84456,0.0250749,-0.534726,0.0125277
8896,142.865,146.752,125.522,0.845717,0.0217976,-0.53288,0.0180726
8897,141.913,146.861,125.237,0.851258,0.0167719,-0.524247,0.0155903
8898,141.623,146.997,124.289,0.850435,0.0176635,-0.525578,0.0147094
8899,142.01,147.221,123.395,0.847455,0.0202578,-0.530273,0.0148291
8900,141.084,147.214,123.017,0.854272,0.0263736,-0.519023,0.0117831
8901,140.223,147.365,122.532,0.861232,0.0302853,-0.507191,0.010886
8902,140.383,146.639,121.862,0.85999,0.0287346,-0.509456,0.00680185
8903,139.577,146.912,121.337,0.863366,0.0328433,-0.503251,0.0160584
8904,138.741,147.099,120.82,0.865,0.0342097,-0.500333,0.0164582
8905,137.889,147.266,120.325,0.865548,0.0373607,-0.499305,0.0111376
8906,138.226,146.342,120.143,0.865661,0.03887,-0.499002,0.0108278
8907,137.947,147.001,119.445,0.865661,0.03887,-0.499002,0.0108278
8908,137.113,146.938,118.896,0.867851,0.0341878,-0.49556,0.00929373
8909,137.451,147.739,118.401,0.867851,0.0341878,-0.49556,0.00929373
8910,136.584,147.782,117.905,0.873065,0.0270373,-0.48673,0.0110175
8911,135.709,147.826,117.423,0.880397,0.0206006,-0.473653,0.0113851
8912,135.435,148.173,116.526,0.880397,0.0206006,-0.473653,0.0113851
8913,134.594,148.149,115.985,0.881482,0.0358706,-0.470736,0.0105577
8914,133.808,148.131,115.367,0.879842,0.048959,-0.47269,0.006769
8915,133.003,148.031,114.782,0.876797,0.0591764,-0.477199,-0.00242316
8916,132.282,147.902,114.102,0.874593,0.0651156,-0.480436,-0.00524666
8917,131.36,147.818,113.722,0.874064,0.0687769,-0.480892,-0.00498139
8918,130.371,147.951,113.672,0.874064,0.0687769,-0.480892,-0.00498139
8919,129.467,147.733,113.303,0.8737,0.0654737,-0.48202,-0.00417198
8920,128.58,147.523,112.892,0.875337,0.0521914,-0.480661,0.00502643
8921,127.738,147.507,112.352,0.877255,0.0461536,-0.477687,0.0103889
8922,126.812,147.369,112.001,0.882528,0.0374801,-0.468437,0.0174999
8923,126.612,147.03,111.082,0.882501,0.0366095,-0.468491,0.0191623
8924,127.05,146.992,110.184,0.881076,0.0375751,-0.471128,0.018246
8925,126.14,146.866,109.791,0.883311,0.0394037,-0.466866,0.0156632
8926,126.413,146.88,108.829,0.879318,0.0415377,-0.474233,0.0133177
8927,126.11,145.927,108.827,0.879735,0.0409363,-0.473578,0.0107021
8928,125.175,145.804,108.496,0.879403,0.0371115,-0.474434,0.0136146
8929,124.254,145.743,108.111,0.881083,0.0290511,-0.471409,0.0249416
8930,123.315,145.705,107.767,0.883281,0.0191905,-0.46784,0.0239054
8931,122.389,145.543,107.428,0.884492,0.0189706,-0.465671,0.0215468
8932,122.367,144.567,107.644,0.884309,0.0170657,-0.466018,0.0231125
8933,121.475,144.507,107.195,0.883375,0.0142826,-0.467637,0.0275784
8934,120.535,144.393,106.876,0.881643,0.0100496,-0.47079,0.0310151
8935,119.582,144.338,106.578,0.881069,0.008589,-0.471759,0.032961
8936,118.658,144.357,106.196,0.87992,0.00834215,-0.473947,0.0323249
8937,117.674,144.536,106.164,0.87992,0.00834215,-0.473947,0.0323249
8938,116.839,144.798,105.681,0.87992,0.00834215,-0.473947,0.0323249
8939,116.009,145.09,105.206,0.880579,0.0051714,-0.473133,0.0264358
8940,115.79,146.033,104.956,0.880571,0.00515875,-0.473146,0.0264675
8941,115.032,146.279,104.352,0.88142,0.00561567,-0.471604,0.0256505
8942,114.205,146.381,103.799,0.882462,0.00506907,-0.469963,0.0192249
8943,114.106,147.353,103.585,0.882462,0.00506907,-0.469963,0.0192249
8944,113.246,147.01,103.206,0.883863,0.00208318,-0.467656,0.0088628
8945,112.517,146.844,102.542,0.885682,-0.000787759,-0.464245,0.00658101
8946,113.09,147.543,102.115,0.885682,-0.000787759,-0.464245,0.00658101
8947,113.211,148.127,102.918,0.885979,-0.00526972,-0.463565,0.0110076
8948,113.227,147.129,102.867,0.885411,-0.0138713,-0.464524,-0.0085774
8949,113.25,148.112,102.686,0.885411,-0.0138713,-0.464524,-0.0085774
8950,112.837,147.482,102.028,0.885646,-0.0106247,-0.463815,-0.0198656
8951,112.261,147.049,101.334,0.885856,-0.00716275,-0.463465,-0.0201858
8952,111.651,146.569,100.705,0.885564,-0.011288,-0.464313,-0.00793839
8953,111.087,146.884,101.468,0.896879,-0.00853018,-0.441483,0.0250492
8954,110.678,146.236,100.826,0.896171,-0.0122225,-0.442291,0.0332745
8955,111.078,145.48,100.307,0.891789,-0.0123063,-0.452189,-0.00931908
8956,111.297,145.53,101.282,0.935312,0.0639799,-0.312148,-0.153826
8957,110.99,145.389,102.223,0.954171,0.110805,-0.158078,-0.228674
8958,111.767,144.93,102.654,0.952026,0.104722,-0.15348,-0.243155
8959,112.238,144.158,102.226,0.950523,0.100157,-0.152569,-0.25139
8960,112.492,143.257,101.876,0.949752,0.0982673,-0.15273,-0.254927
8961,112.818,142.42,101.436,0.948861,0.0951898,-0.153724,-0.258788
8962,113.057,141.866,100.639,0.94989,0.0950737,-0.155348,-0.254042
8963,113.003,140.934,100.281,0.949717,0.0965042,-0.157199,-0.253007
8964,113.88,140.941,100.762,0.964531,0.0765303,-0.171475,-0.185527
8965,114.802,141.253,100.989,0.968848,0.0690676,-0.19632,-0.134248
8966,115.088,140.784,101.825,0.965014,0.0713033,-0.220415,-0.122802
8967,115.136,140.092,102.545,0.963781,0.0683744,-0.230982,-0.114452
8968,114.969,139.108,102.477,0.964656,0.0355333,-0.232179,-0.119454
8969,114.757,138.141,102.615,0.965157,0.0240773,-0.229486,-0.123402
8970,115.573,137.955,103.162,0.963904,0.00677083,-0.236908,-0.12132
8971,115.317,137.012,102.948,0.963904,0.00677083,-0.236908,-0.12132
8972,114.606,136.444,102.534,0.963904,0.00677083,-0.236908,-0.12132
8973,114.133,136.561,103.408,0.966244,0.015566,-0.230864,-0.113276
8974,113.282,136.459,102.893,0.966244,0.015566,-0.230864,-0.113276
8975,113.048,136.075,103.786,0.966244,0.015566,-0.230864,-0.113276
8976,113.399,136.57,102.991,0.965849,0.0222998,-0.231052,-0.115124
8977,113.867,136.96,102.198,0.965849,0.0222998,-0.231052,-0.115124
8978,114.866,136.98,102.178,0.965849,0.0222998,-0.231052,-0.115124
8979,115.109,137.546,101.389,0.966245,0.0234734,-0.22994,-0.113788
8980,115.31,138.344,100.822,0.966245,0.0234734,-0.22994,-0.113788
8981,115.619,139.278,101.002,0.966673,0.0335657,-0.230371,-0.106514
8982,115.61,140.271,101.121,0.966765,0.0368179,-0.229929,-0.105562
8983,115.851,139.999,102.052,0.96749,0.0214114,-0.236883,-0.0859766
8984,115.663,139.161,102.566,0.96749,0.0214114,-0.236883,-0.0859766
8985,115.455,138.472,101.871,0.965883,-0.0192983,-0.238618,-0.0987849
8986,116.02,139.297,101.861,0.965097,-0.0612663,-0.239944,-0.0852093
8987,115.216,139.196,102.447,0.980873,-0.124283,-0.13092,-0.0728115
8988,115.346,139.519,101.51,0.977657,-0.16196,-0.118604,-0.0623668
8989,114.49,139.187,101.904,0.966102,-0.236956,-0.0806356,-0.063227
8990,114.49,139.187,101.904,0.966102,-0.236956,-0.0806356,-0.063227
8991,114.49,139.187,101.904,0.966102,-0.236956,-0.0806356,-0.063227
8992,114.49,139.187,101.904,0.966102,-0.236956,-0.0806356,-0.063227
8993,114.49,139.187,101.904,0.966102,-0.236956,-0.0806356,-0.063227
8994,114.49,139.187,101.904,0.966102,-0.236956,-0.0806356,-0.063227
8995,115.364,138.739,101.718,0.966102,-0.236956,-0.0806356,-0.063227
8996,115.364,138.739,101.718,0.966102,-0.236956,-0.0806356,-0.063227
8997,115.364,138.739,101.718,0.966102,-0.236956,-0.0806356,-0.063227
8998,115.364,138.739,101.718,0.966102,-0.236956,-0.0806356,-0.063227
8999,115.364,138.739,101.718,0.966102,-0.236956,-0.0806356,-0.063227
9000,115.293,138.301,102.615,0.966102,-0.236956,-0.0806356,-0.063227
9001,114.948,137.389,102.836,0.966125,-0.236903,-0.0806854,-0.0629973
9002,115.614,136.666,102.65,0.965848,-0.23676,-0.0832362,-0.0644592
9003,115.458,137.424,102.017,0.966219,-0.235458,-0.0833329,-0.0635313
9004,116.206,137.838,102.537,0.966219,-0.235458,-0.0833329,-0.0635313
9005,115.457,137.209,102.326,0.96626,-0.235285,-0.0831944,-0.0637298
9006,114.831,136.664,102.883,0.966296,-0.235096,-0.0831265,-0.0639646
9007,114.17,136.626,102.133,0.966183,-0.235681,-0.0825378,-0.0642826
9008,114.318,136.899,103.084,0.966183,-0.235681,-0.0825378,-0.0642826
9009,114.613,135.964,102.889,0.966183,-0.235681,-0.0825378,-0.0642826
9010,114.452,135.084,103.336,0.966184,-0.235672,-0.0825413,-0.064295
9011,114.452,135.084,103.336,0.966184,-0.235672,-0.0825413,-0.064295
9012,114.041,134.183,103.476,0.966134,-0.235841,-0.082499,-0.0644763
9013,114.041,134.183,103.476,0.966134,-0.235841,-0.082499,-0.0644763
9014,113.49,133.368,103.658,0.966143,-0.235624,-0.082211,-0.0654992
9015,113.49,133.368,103.658,0.966143,-0.235624,-0.082211,-0.0654992
9016,113.49,133.368,103.658,0.966143,-0.235624,-0.082211,-0.0654992
9017,113.49,133.368,103.658,0.966143,-0.235624,-0.082211,-0.0654992
9018,113.49,133.368,103.658,0.966143,-0.235624,-0.082211,-0.0654992
9019,113.49,133.368,103.658,0.966143,-0.235624,-0.082211,-0.0654992
9020,114.022,133.902,103,0.966233,-0.2353,-0.0820931,-0.0654815
9021,114.022,133.902,103,0.966233,-0.2353,-0.0820931,-0.0654815
9022,114.022,133.902,103,0.966233,-0.2353,-0.0820931,-0.0654815
9023,114.022,133.902,103,0.966233,-0.2353,-0.0820931,-0.0654815
9024,114.022,133.902,103,0.966233,-0.2353,-0.0820931,-0.0654815
9025,114.022,133.902,103,0.966233,-0.2353,-0.0820931,-0.0654815
9026,114.022,133.902,103,0.966233,-0.2353,-0.0820931,-0.0654815
9027,113.597,133.608,103.856,0.966233,-0.2353,-0.0820931,-0.0654815
9028,113.597,133.608,103.856,0.966233,-0.2353,-0.0820931,-0.0654815
9029,113.597,133.608,103.856,0.966233,-0.2353,-0.0820931,-0.0654815
9030,113.597,133.608,103.856,0.966233,-0.2353,-0.0820931,-0.0654815
9031,113.597,133.608,103.856,0.966233,-0.2353,-0.0820931,-0.0654815
9032,113.597,133.608,103.856,0.966233,-0.2353,-0.0820931,-0.0654815
9033,113.597,133.608,103.856,0.966233,-0.2353,-0.0820931,-0.0654815
9034,114.473,133.164,103.667,0.966233,-0.2353,-0.0820931,-0.0654815
9035,114.473,133.164,103.667,0.966233,-0.2353,-0.0820931,-0.0654815
9036,113.62,133.504,104.063,0.966195,-0.23578,-0.0812751,-0.0653419
9037,113.62,133.504,104.063,0.966195,-0.23578,-0.0812751,-0.0653419
9038,113.62,133.504,104.063,0.966195,-0.23578,-0.0812751,-0.0653419
9039,113.62,133.504,104.063,0.966195,-0.23578,-0.0812751,-0.0653419
9040,113.62,133.504,104.063,0.966195,-0.23578,-0.0812751,-0.0653419
9041,113.62,133.504,104.063,0.966195,-0.23578,-0.0812751,-0.0653419
9042,113.62,133.504,104.063,0.966195,-0.23578,-0.0812751,-0.0653419
9043,113.62,133.504,104.063,0.966195,-0.23578,-0.0812751,-0.0653419
9044,113.62,133.504,104.063,0.966195,-0.23578,-0.0812751,-0.0653419
9045,113.62,133.504,104.063,0.966195,-0.23578,-0.0812751,-0.0653419
9046,113.62,133.504,104.063,0.966195,-0.23578,-0.0812751,-0.0653419
9047,113.62,133.504,104.063,0.966195,-0.23578,-0.0812751,-0.0653419
9048,113.27,133.368,104.99,0.966195,-0.23578,-0.0812751,-0.0653419
9049,113.27,133.368,104.99,0.966195,-0.23578,-0.0812751,-0.0653419
9050,113.27,133.368,104.99,0.966195,-0.23578,-0.0812751,-0.0653419
9051,113.27,133.368,104.99,0.966195,-0.23578,-0.0812751,-0.0653419
9052,113.27,133.368,104.99,0.966195,-0.23578,-0.0812751,-0.0653419
9053,113.27,133.368,104.99,0.966195,-0.23578,-0.0812751,-0.0653419
9054,113.27,133.368,104.99,0.966195,-0.23578,-0.0812751,-0.0653419
9055,113.27,133.368,104.99,0.966195,-0.23578,-0.0812751,-0.0653419
9056,112.7,133.26,105.805,0.966186,-0.235813,-0.0812946,-0.0653348
9057,112.7,133.26,105.805,0.966186,-0.235813,-0.0812946,-0.0653348
9058,112.7,133.26,105.805,0.966186,-0.235813,-0.0812946,-0.0653348
9059,112.7,133.26,105.805,0.966186,-0.235813,-0.0812946,-0.0653348
9060,113.167,134.141,105.893,0.966186,-0.235813,-0.0812946,-0.0653348
9061,113.167,134.141,105.893,0.966186,-0.235813,-0.0812946,-0.0653348
9062,113.167,134.141,105.893,0.966186,-0.235813,-0.0812946,-0.0653348
9063,113.167,134.141,105.893,0.966186,-0.235813,-0.0812946,-0.0653348
9064,113.167,134.141,105.893,0.966186,-0.235813,-0.0812946,-0.0653348
9065,113.167,134.141,105.893,0.966186,-0.235813,-0.0812946,-0.0653348
9066,113.167,134.141,105.893,0.966186,-0.235813,-0.0812946,-0.0653348
9067,113.167,134.141,105.893,0.966186,-0.235813,-0.0812946,-0.0653348
9068,113.167,134.141,105.893,0.966186,-0.235813,-0.0812946,-0.0653348
9069,113.167,134.141,105.893,0.966186,-0.235813,-0.0812946,-0.0653348
9070,113.167,134.141,105.893,0.966186,-0.235813,-0.0812946,-0.0653348
9071,113.167,134.141,105.893,0.966186,-0.235813,-0.0812946,-0.0653348
9072,112.323,134.196,106.427,0.966235,-0.235654,-0.0811514,-0.065361
9073,112.323,134.196,106.427,0.966235,-0.235654,-0.0811514,-0.065361
9074,112.323,134.196,106.427,0.966235,-0.235654,-0.0811514,-0.065361
9075,112.323,134.196,106.427,0.966235,-0.235654,-0.0811514,-0.065361
9076,112.323,134.196,106.427,0.966235,-0.235654,-0.0811514,-0.065361
9077,112.323,134.196,106.427,0.966235,-0.235654,-0.0811514,-0.065361
9078,112.323,134.196,106.427,0.966235,-0.235654,-0.0811514,-0.065361
9079,112.323,134.196,106.427,0.966235,-0.235654,-0.0811514,-0.065361
9080,112.323,134.196,106.427,0.966235,-0.235654,-0.0811514,-0.065361
9081,112.323,134.196,106.427,0.966235,-0.235654,-0.0811514,-0.065361
9082,112.323,134.196,106.427,0.966235,-0.235654,-0.0811514,-0.065361
9083,113.2,133.752,106.241,0.966235,-0.235653,-0.0811548,-0.0653611
9084,113.2,133.752,106.241,0.966235,-0.235653,-0.0811548,-0.0653611
9085,113.2,133.752,106.241,0.966235,-0.235653,-0.0811548,-0.0653611
9086,113.2,133.752,106.241,0.966235,-0.235653,-0.0811548,-0.0653611
9087,113.2,133.752,106.241,0.966235,-0.235653,-0.0811548,-0.0653611
9088,113.2,133.752,106.241,0.966235,-0.235653,-0.0811548,-0.0653611
9089,113.2,133.752,106.241,0.966235,-0.235653,-0.0811548,-0.0653611
9090,113.2,133.752,106.241,0.966235,-0.235653,-0.0811548,-0.0653611
9091,113.2,133.752,106.241,0.966235,-0.235653,-0.0811548,-0.0653611
9092,113.2,133.752,106.241,0.966235,-0.235653,-0.0811548,-0.0653611
9093,113.2,133.752,106.241,0.966235,-0.235653,-0.0811548,-0.0653611
9094,113.778,133.896,105.438,0.966235,-0.235653,-0.0811548,-0.0653611
9095,113.778,133.896,105.438,0.966235,-0.235653,-0.0811548,-0.0653611
9096,113.778,133.896,105.438,0.966235,-0.235653,-0.0811548,-0.0653611
9097,113.778,133.896,105.438,0.966235,-0.235653,-0.0811548,-0.0653611
9098,113.778,133.896,105.438,0.966235,-0.235653,-0.0811548,-0.0653611
9099,113.778,133.896,105.438,0.966235,-0.235653,-0.0811548,-0.0653611
9100,113.778,133.896,105.438,0.966235,-0.235653,-0.0811548,-0.0653611
9101,113.778,133.896,105.438,0.966235,-0.235653,-0.0811548,-0.0653611
9102,113.778,133.896,105.438,0.966235,-0.235653,-0.0811548,-0.0653611
9103,113.778,133.896,105.438,0.966235,-0.235653,-0.0811548,-0.0653611
9104,113.778,133.896,105.438,0.966235,-0.235653,-0.0811548,-0.0653611
9105,113.778,133.896,105.438,0.966235,-0.235653,-0.0811548,-0.0653611
9106,113.778,133.896,105.438,0.966235,-0.235653,-0.0811548,-0.0653611
9107,113.778,133.896,105.438,0.966235,-0.235653,-0.0811548,-0.0653611
9108,113.778,133.896,105.438,0.966235,-0.235653,-0.0811548,-0.0653611
9109,113.778,133.896,105.438,0.966235,-0.235653,-0.0811548,-0.0653611
9110,113.778,133.896,105.438,0.966235,-0.235653,-0.0811548,-0.0653611
9111,113.778,133.896,105.438,0.966235,-0.235653,-0.0811548,-0.0653611
9112,113.778,133.896,105.438,0.966235,-0.235653,-0.0811548,-0.0653611
9113,113.778,133.896,105.438,0.966235,-0.235653,-0.0811548,-0.0653611
9114,113.778,133.896,105.438,0.966235,-0.235653,-0.0811548,-0.0653611
9115,113.312,133.016,105.35,0.966235,-0.235653,-0.0811548,-0.0653611
9116,113.312,133.016,105.35,0.966235,-0.235653,-0.0811548,-0.0653611
9117,113.312,133.016,105.35,0.966235,-0.235653,-0.0811548,-0.0653611
9118,113.312,133.016,105.35,0.966235,-0.235653,-0.0811548,-0.0653611
9119,113.312,133.016,105.35,0.966235,-0.235653,-0.0811548,-0.0653611
9120,113.312,133.016,105.35,0.966235,-0.235653,-0.0811548,-0.0653611
9121,113.312,133.016,105.35,0.966235,-0.235653,-0.0811548,-0.0653611
9122,113.312,133.016,105.35,0.966235,-0.235653,-0.0811548,-0.0653611
9123,113.312,133.016,105.35,0.966235,-0.235653,-0.0811548,-0.0653611
9124,113.312,133.016,105.35,0.966235,-0.235653,-0.0811548,-0.0653611
9125,113.312,133.016,105.35,0.966235,-0.235653,-0.0811548,-0.0653611
9126,113.312,133.016,105.35,0.966235,-0.235653,-0.0811548,-0.0653611
9127,113.312,133.016,105.35,0.966235,-0.235653,-0.0811548,-0.0653611
9128,113.312,133.016,105.35,0.966235,-0.235653,-0.0811548,-0.0653611
9129,113.312,133.016,105.35,0.966235,-0.235653,-0.0811548,-0.0653611
9130,113.312,133.016,105.35,0.966235,-0.235653,-0.0811548,-0.0653611
9131,113.312,133.016,105.35,0.966235,-0.235653,-0.0811548,-0.0653611
9132,113.312,133.016,105.35,0.966235,-0.235653,-0.0811548,-0.0653611
9133,113.312,133.016,105.35,0.966235,-0.235653,-0.0811548,-0.0653611
9134,113.312,133.016,105.35,0.966235,-0.235653,-0.0811548,-0.0653611
9135,113.312,133.016,105.35,0.966235,-0.235653,-0.0811548,-0.0653611
9136,113.312,133.016,105.35,0.966235,-0.235653,-0.0811548,-0.0653611
9137,113.312,133.016,105.35,0.966235,-0.235653,-0.0811548,-0.0653611
9138,112.835,133.327,106.172,0.966235,-0.235653,-0.0811548,-0.0653611
9139,112.835,133.327,106.172,0.966235,-0.235653,-0.0811548,-0.0653611
9140,112.835,133.327,106.172,0.966235,-0.235653,-0.0811548,-0.0653611
9141,112.835,133.327,106.172,0.966235,-0.235653,-0.0811548,-0.0653611
9142,113.159,133.353,105.226,0.966195,-0.235848,-0.0810787,-0.0653457
9143,113.159,133.353,105.226,0.966195,-0.235848,-0.0810787,-0.0653457
9144,113.159,133.353,105.226,0.966195,-0.235848,-0.0810787,-0.0653457
9145,113.159,133.353,105.226,0.966195,-0.235848,-0.0810787,-0.0653457
9146,113.159,133.353,105.226,0.966195,-0.235848,-0.0810787,-0.0653457
9147,113.159,133.353,105.226,0.966195,-0.235848,-0.0810787,-0.0653457
9148,112.693,132.473,105.138,0.966195,-0.235848,-0.0810787,-0.0653457
9149,112.693,132.473,105.138,0.966195,-0.235848,-0.0810787,-0.0653457
9150,112.693,132.473,105.138,0.966195,-0.235848,-0.0810787,-0.0653457
9151,112.693,132.473,105.138,0.966195,-0.235848,-0.0810787,-0.0653457
9152,112.693,132.473,105.138,0.966195,-0.235848,-0.0810787,-0.0653457
