Timestamp,Pred_X,Pred_Y,Pred_Z,Q_X,Q_Y,Q_Z,Q_W
1653512819.974014044,0.006629281,0.010674589,0.054202758,0.999824822,-0.002612133,0.018180007,-0.003606242
1653512820.041181087,0.006629281,0.010674589,0.054202758,0.999824822,-0.002612133,0.018180007,-0.003606242
1653512820.108040333,0.008812851,0.016417939,0.059788451,0.999807715,-0.001865791,0.019169684,-0.003682710
1653512820.174011230,0.008812851,0.016417939,0.059788451,0.999807715,-0.001865791,0.019169684,-0.003682710
1653512820.253572702,0.010522426,0.017612323,0.066397093,0.999782324,-0.001743796,0.020304751,-0.004470055
1653512820.307587862,0.010522426,0.017612323,0.066397093,0.999782324,-0.001743796,0.020304751,-0.004470055
1653512820.374381781,0.010523975,0.015055503,0.074572876,0.999775469,-0.002507852,0.020646472,-0.004050679
1653512820.440673590,0.010523975,0.015055503,0.074572876,0.999775469,-0.002507852,0.020646472,-0.004050679
1653512820.507613420,0.011725665,0.006545381,0.081463717,0.999771953,-0.004486864,0.020403251,-0.004431124
1653512820.573939562,0.011725665,0.006545381,0.081463717,0.999771953,-0.004486864,0.020403251,-0.004431124
1653512820.640833378,0.017669065,-0.005646629,0.092677765,0.999758899,-0.006669302,0.020426923,-0.004517038
1653512820.707390785,0.017669065,-0.005646629,0.092677765,0.999758899,-0.006669302,0.020426923,-0.004517038
1653512820.774464369,0.028847573,-0.027403247,0.109672979,0.999729037,-0.009093172,0.021294603,-0.002388199
1653512820.840949297,0.028847573,-0.027403247,0.109672979,0.999729037,-0.009093172,0.021294603,-0.002388199
1653512820.907406807,0.045426134,-0.057913877,0.131205678,0.999665141,-0.012110352,0.022764087,0.002171841
1653512820.975776911,0.045426134,-0.057913877,0.131205678,0.999665141,-0.012110352,0.022764087,0.002171841
1653512821.044144869,0.069258891,-0.097221933,0.166945234,0.999527991,-0.015570429,0.024960438,0.008848405
1653512821.107654095,0.069258891,-0.097221933,0.166945234,0.999527991,-0.015570429,0.024960438,0.008848405
1653512821.175495625,0.097215861,-0.139996469,0.211460546,0.999313653,-0.019408567,0.027574949,0.015334894
1653512821.240549326,0.097215861,-0.139996469,0.211460546,0.999313653,-0.019408567,0.027574949,0.015334894
1653512821.308590174,0.129927114,-0.183503404,0.264161736,0.998990357,-0.025358137,0.030654944,0.020869542
1653512821.374742746,0.129927114,-0.183503404,0.264161736,0.998990357,-0.025358137,0.030654944,0.020869542
1653512821.445966959,0.167533830,-0.219324395,0.326672405,0.998670101,-0.031617247,0.033594068,0.023017390
1653512821.508145571,0.167533830,-0.219324395,0.326672405,0.998670101,-0.031617247,0.033594068,0.023017390
1653512821.575905085,0.206141800,-0.240428314,0.390190393,0.998460412,-0.035984792,0.035582878,0.022710711
1653512821.640893459,0.206141800,-0.240428314,0.390190393,0.998460412,-0.035984792,0.035582878,0.022710711
1653512821.708614826,0.244678408,-0.253705502,0.455778271,0.998219013,-0.040670346,0.037983458,0.021492386
1653512821.774208784,0.244678408,-0.253705502,0.455778271,0.998219013,-0.040670346,0.037983458,0.021492386
1653512821.840968847,0.279308707,-0.251118898,0.521855474,0.998087347,-0.043555014,0.039425332,0.019242762
1653512821.908558369,0.279308707,-0.251118898,0.521855474,0.998087347,-0.043555014,0.039425332,0.019242762
1653512821.975950718,0.314693004,-0.234686047,0.593023300,0.998050690,-0.044471517,0.040693134,0.016159305
1653512822.042683601,0.314693004,-0.234686047,0.593023300,0.998050690,-0.044471517,0.040693134,0.016159305
1653512822.108957052,0.353301018,-0.216249064,0.673743725,0.998019874,-0.045473170,0.041607402,0.012541595
1653512822.176400661,0.353301018,-0.216249064,0.673743725,0.998019874,-0.045473170,0.041607402,0.012541595
1653512822.241061449,0.389736295,-0.194782585,0.764690101,0.997943282,-0.045986209,0.043668654,0.009355055
1653512822.307558060,0.389736295,-0.194782585,0.764690101,0.997943282,-0.045986209,0.043668654,0.009355055
1653512822.374436378,0.426221639,-0.175670087,0.867914557,0.997808814,-0.046865724,0.046137355,0.007251019
1653512822.440723658,0.426221639,-0.175670087,0.867914557,0.997808814,-0.046865724,0.046137355,0.007251019
1653512822.508008718,0.461111575,-0.152931258,0.977419436,0.997682869,-0.046339337,0.049341731,0.006854597
1653512822.574147224,0.461111575,-0.152931258,0.977419436,0.997682869,-0.046339337,0.049341731,0.006854597
1653512822.644398451,0.493772507,-0.125182703,1.089898109,0.997603893,-0.044188984,0.052634470,0.007960774
1653512822.707651138,0.493772507,-0.125182703,1.089898109,0.997603893,-0.044188984,0.052634470,0.007960774
1653512822.774382114,0.522404969,-0.097604215,1.194414496,0.997585297,-0.042050507,0.054508358,0.009171612
1653512822.840927124,0.522404969,-0.097604215,1.194414496,0.997585297,-0.042050507,0.054508358,0.009171612
1653512822.907576799,0.541708231,-0.076749675,1.293336153,0.997557700,-0.040628254,0.055805244,0.010667045
1653512822.976459026,0.541708231,-0.076749675,1.293336153,0.997557700,-0.040628254,0.055805244,0.010667045
1653512823.040729761,0.561236799,-0.060350377,1.396636844,0.997552395,-0.040546998,0.055408869,0.013228889
1653512823.107409239,0.561236799,-0.060350377,1.396636844,0.997552395,-0.040546998,0.055408869,0.013228889
1653512823.174751043,0.575593412,-0.052351650,1.500941277,0.997502565,-0.042646743,0.054242991,0.015087600
1653512823.250014544,0.575593412,-0.052351650,1.500941277,0.997502565,-0.042646743,0.054242991,0.015087600
1653512823.309221268,0.586490810,-0.046956528,1.615283132,0.997398138,-0.045723669,0.053306140,0.016271168
1653512823.374339342,0.586490810,-0.046956528,1.615283132,0.997398138,-0.045723669,0.053306140,0.016271168
1653512823.448395729,0.595721781,-0.032450020,1.740590811,0.997274101,-0.049047757,0.052649099,0.016332857
1653512823.508929491,0.595721781,-0.032450020,1.740590811,0.997274101,-0.049047757,0.052649099,0.016332857
1653512823.574589729,0.601206481,-0.004282773,1.858938575,0.997303009,-0.049765278,0.051526207,0.015973931
1653512823.640715837,0.601206481,-0.004282773,1.858938575,0.997303009,-0.049765278,0.051526207,0.015973931
1653512823.707232952,0.602108657,0.034984361,1.986041903,0.997355342,-0.050124936,0.050687317,0.014162455
1653512823.774485350,0.602108657,0.034984361,1.986041903,0.997355342,-0.050124936,0.050687317,0.014162455
1653512823.840898991,0.601835668,0.082712062,2.115284204,0.997539520,-0.049578559,0.048429001,0.010559893
1653512823.909199715,0.601835668,0.082712062,2.115284204,0.997539520,-0.049578559,0.048429001,0.010559893
1653512823.974785089,0.599319696,0.142460406,2.258831739,0.997748733,-0.047612902,0.046809345,0.006273619
1653512824.040499210,0.599319696,0.142460406,2.258831739,0.997748733,-0.047612902,0.046809345,0.006273619
1653512824.107287645,0.594712496,0.204204559,2.414670229,0.997903585,-0.045613628,0.045889560,0.001417232
1653512824.175073385,0.594712496,0.204204559,2.414670229,0.997903585,-0.045613628,0.045889560,0.001417232
1653512824.241208553,0.588514984,0.263303936,2.568148851,0.998054385,-0.043117091,0.044987101,-0.002125551
1653512824.307614326,0.588514984,0.263303936,2.568148851,0.998054385,-0.043117091,0.044987101,-0.002125551
1653512824.374411106,0.580960453,0.307427555,2.725471735,0.998170435,-0.041253593,0.044106409,-0.002927383
1653512824.441324949,0.580960453,0.307427555,2.725471735,0.998170435,-0.041253593,0.044106409,-0.002927383
1653512824.508316278,0.571034729,0.325637609,2.874261141,0.998130679,-0.042179208,0.044070743,-0.003718843
1653512824.575622082,0.571034729,0.325637609,2.874261141,0.998130679,-0.042179208,0.044070743,-0.003718843
1653512824.641423941,0.562775016,0.341244787,3.039776564,0.998116314,-0.042603232,0.044138826,-0.000717505
1653512824.707599640,0.562775016,0.341244787,3.039776564,0.998116314,-0.042603232,0.044138826,-0.000717505
1653512824.776731730,0.552332401,0.353209049,3.209186316,0.998025060,-0.044128619,0.044577610,0.003390622
1653512824.840787888,0.552332401,0.353209049,3.209186316,0.998025060,-0.044128619,0.044577610,0.003390622
1653512824.908487797,0.546961427,0.367242396,3.385956764,0.997945607,-0.045831870,0.044200081,0.007099533
1653512824.974443913,0.546961427,0.367242396,3.385956764,0.997945607,-0.045831870,0.044200081,0.007099533
1653512825.040815830,0.546216369,0.389992833,3.569487095,0.997824490,-0.047891494,0.044408455,0.008975558
1653512825.107818604,0.546216369,0.389992833,3.569487095,0.997824490,-0.047891494,0.044408455,0.008975558
1653512825.175170422,0.545434177,0.413317263,3.747353792,0.997628331,-0.051271893,0.045022625,0.009046787
1653512825.240586758,0.545434177,0.413317263,3.747353792,0.997628331,-0.051271893,0.045022625,0.009046787
1653512825.307919025,0.535364091,0.434968472,3.921586514,0.997408688,-0.054017413,0.046751704,0.008505712
1653512825.374938488,0.535364091,0.434968472,3.921586514,0.997408688,-0.054017413,0.046751704,0.008505712
1653512825.441978216,0.522422731,0.453907430,4.089748859,0.997296989,-0.055800676,0.047179289,0.007689200
1653512825.507482290,0.522422731,0.453907430,4.089748859,0.997296989,-0.055800676,0.047179289,0.007689200
1653512825.573904276,0.507974446,0.481251985,4.248181820,0.997306943,-0.055747375,0.046937034,0.008245575
1653512825.640503645,0.507974446,0.481251985,4.248181820,0.997306943,-0.055747375,0.046937034,0.008245575
1653512825.707729578,0.504907191,0.509958982,4.403624058,0.997394979,-0.056392670,0.044394277,0.007228068
1653512825.777918339,0.504907191,0.509958982,4.403624058,0.997394979,-0.056392670,0.044394277,0.007228068
1653512825.840807438,0.494697899,0.538640380,4.557475567,0.997456729,-0.057147950,0.042249113,0.005408838
1653512825.907316208,0.494697899,0.538640380,4.557475567,0.997456729,-0.057147950,0.042249113,0.005408838
1653512825.974025488,0.480345637,0.564975202,4.705112934,0.997585297,-0.056495946,0.040195350,0.004008532
1653512826.041831493,0.480345637,0.564975202,4.705112934,0.997585297,-0.056495946,0.040195350,0.004008532
1653512826.107412338,0.460555494,0.590847492,4.868566513,0.997630179,-0.056457099,0.039193951,0.003240400
1653512826.173888683,0.460555494,0.590847492,4.868566513,0.997630179,-0.056457099,0.039193951,0.003240400
1653512826.241801977,0.434105784,0.612135351,5.033183575,0.997694194,-0.055498153,0.038898826,0.003620886
1653512826.307502747,0.434105784,0.612135351,5.033183575,0.997694194,-0.055498153,0.038898826,0.003620886
1653512826.374250174,0.407751054,0.624906361,5.192717075,0.997717619,-0.055042192,0.038803678,0.004915003
1653512826.441152334,0.407751054,0.624906361,5.192717075,0.997717619,-0.055042192,0.038803678,0.004915003
1653512826.507391930,0.385056585,0.623203099,5.375744820,0.997679651,-0.055700380,0.038430307,0.007478412
1653512826.574182510,0.385056585,0.623203099,5.375744820,0.997679651,-0.055700380,0.038430307,0.007478412
1653512826.640950441,0.369713843,0.617794693,5.568143845,0.997619987,-0.056647178,0.037820276,0.010730218
1653512826.707667112,0.369713843,0.617794693,5.568143845,0.997619987,-0.056647178,0.037820276,0.010730218
1653512826.779470682,0.361501008,0.609738886,5.740402699,0.997569025,-0.057806026,0.036041085,0.014679951
1653512826.840456247,0.361501008,0.609738886,5.740402699,0.997569025,-0.057806026,0.036041085,0.014679951
1653512826.907319307,0.353758484,0.593483090,5.923182964,0.997455716,-0.059193291,0.035523709,0.017785862
1653512826.974922657,0.353758484,0.593483090,5.923182964,0.997455716,-0.059193291,0.035523709,0.017785862
1653512827.040502787,0.343286037,0.585828364,6.109404087,0.997272789,-0.060986277,0.036210481,0.020406364
1653512827.107527733,0.343286037,0.585828364,6.109404087,0.997272789,-0.060986277,0.036210481,0.020406364
1653512827.173978329,0.328125238,0.590770006,6.327022076,0.997104466,-0.062614061,0.037292406,0.021712517
1653512827.240526915,0.328125238,0.590770006,6.327022076,0.997104466,-0.062614061,0.037292406,0.021712517
1653512827.307351351,0.317618608,0.597002745,6.528666973,0.996989250,-0.063900173,0.037948914,0.022114215
1653512827.375031233,0.317618608,0.597002745,6.528666973,0.996989250,-0.063900173,0.037948914,0.022114215
1653512827.443110466,0.313756496,0.606930733,6.750253201,0.996844232,-0.065930642,0.038675424,0.021421682
1653512827.507909298,0.313756496,0.606930733,6.750253201,0.996844232,-0.065930642,0.038675424,0.021421682
1653512827.574129581,0.308213681,0.619227588,6.966187000,0.996703923,-0.067635722,0.039714944,0.020721996
1653512827.641662359,0.308213681,0.619227588,6.966187000,0.996703923,-0.067635722,0.039714944,0.020721996
1653512827.707229853,0.307939321,0.637236595,7.184280396,0.996626318,-0.069097444,0.039758377,0.019515323
1653512827.773844481,0.307939321,0.637236595,7.184280396,0.996626318,-0.069097444,0.039758377,0.019515323
1653512827.840505838,0.312073827,0.653041899,7.400221348,0.996542573,-0.070935085,0.039195083,0.018300164
1653512827.909805536,0.312073827,0.653041899,7.400221348,0.996542573,-0.070935085,0.039195083,0.018300164
1653512827.974168301,0.311182439,0.660461962,7.618131638,0.996498346,-0.072655752,0.037925538,0.016549582
1653512828.040520906,0.311182439,0.660461962,7.618131638,0.996498346,-0.072655752,0.037925538,0.016549582
1653512828.107309103,0.311423093,0.667379558,7.829648972,0.996487379,-0.074133739,0.035680950,0.015618896
1653512828.174336910,0.311423093,0.667379558,7.829648972,0.996487379,-0.074133739,0.035680950,0.015618896
1653512828.240716457,0.319673091,0.682642460,8.037567139,0.996497333,-0.075526021,0.032402176,0.015457809
1653512828.308930159,0.319673091,0.682642460,8.037567139,0.996497333,-0.075526021,0.032402176,0.015457809
1653512828.374763012,0.333848178,0.698611677,8.250491142,0.996541977,-0.076520205,0.028879935,0.014651906
1653512828.446631670,0.333848178,0.698611677,8.250491142,0.996541977,-0.076520205,0.028879935,0.014651906
1653512828.507409334,0.363179892,0.720797300,8.460013390,0.996551335,-0.077656791,0.025651459,0.014031804
1653512828.574638605,0.363179892,0.720797300,8.460013390,0.996551335,-0.077656791,0.025651459,0.014031804
1653512828.641729355,0.413606346,0.714586914,8.675978661,0.996609807,-0.078710288,0.020664258,0.012104996
1653512828.708127260,0.413606346,0.714586914,8.675978661,0.996609807,-0.078710288,0.020664258,0.012104996
1653512828.773903131,0.477410972,0.701761484,8.887373924,0.996653736,-0.079501614,0.015371394,0.011158437
1653512828.840569973,0.477410972,0.701761484,8.887373924,0.996653736,-0.079501614,0.015371394,0.011158437
1653512828.907662868,0.550869465,0.689258218,9.050474167,0.996698320,-0.080047585,0.008987286,0.010203822
1653512828.974140644,0.550869465,0.689258218,9.050474167,0.996698320,-0.080047585,0.008987286,0.010203822
1653512829.045400858,0.650134146,0.659740627,9.205136299,0.996666193,-0.081105225,0.001403684,0.008744965
1653512829.107213497,0.650134146,0.659740627,9.205136299,0.996666193,-0.081105225,0.001403684,0.008744965
1653512829.173899174,0.758515418,0.613986313,9.331811905,0.996614039,-0.081668787,-0.006179081,0.007248251
1653512829.240454197,0.758515418,0.613986313,9.331811905,0.996614039,-0.081668787,-0.006179081,0.007248251
1653512829.309288979,0.871422529,0.581828415,9.529417992,0.996547878,-0.081985861,-0.011464900,0.006265488
1653512829.374239683,0.871422529,0.581828415,9.529417992,0.996547878,-0.081985861,-0.011464900,0.006265488
1653512829.441844702,0.990070820,0.544819593,9.733496666,0.996455133,-0.082288690,-0.016644204,0.005361677
1653512829.508753777,0.990070820,0.544819593,9.733496666,0.996455133,-0.082288690,-0.016644204,0.005361677
1653512829.573857546,1.125333786,0.503934443,9.949785233,0.996397972,-0.082169987,-0.020100342,0.005926354
1653512829.640582085,1.125333786,0.503934443,9.949785233,0.996397972,-0.082169987,-0.020100342,0.005926354
1653512829.708574533,1.290054917,0.437756866,10.137059212,0.996303797,-0.082047619,-0.024686422,0.006128634
1653512829.774174690,1.290054917,0.437756866,10.137059212,0.996303797,-0.082047619,-0.024686422,0.006128634
1653512829.840387106,1.485371113,0.369040430,10.319231033,0.996202826,-0.081722774,-0.028993599,0.007792462
1653512829.907176256,1.485371113,0.369040430,10.319231033,0.996202826,-0.081722774,-0.028993599,0.007792462
1653512829.973890305,1.719194412,0.320228398,10.528203964,0.996123075,-0.081092760,-0.032446384,0.010488799
1653512830.040842295,1.719194412,0.320228398,10.528203964,0.996123075,-0.081092760,-0.032446384,0.010488799
1653512830.108997345,1.975750804,0.279264361,10.775514603,0.996066391,-0.080481835,-0.034839090,0.012676559
1653512830.174177647,1.975750804,0.279264361,10.775514603,0.996066391,-0.080481835,-0.034839090,0.012676559
1653512830.241082430,2.258630276,0.220235914,11.030319214,0.995984197,-0.080526292,-0.036677804,0.013628158
1653512830.307656527,2.258630276,0.220235914,11.030319214,0.995984197,-0.080526292,-0.036677804,0.013628158
1653512830.376114607,2.574401379,0.160153687,11.265929222,0.995981634,-0.079838455,-0.037498295,0.015500910
1653512830.440618515,2.574401379,0.160153687,11.265929222,0.995981634,-0.079838455,-0.037498295,0.015500910
1653512830.507997274,2.919873476,0.118858837,11.540443420,0.996043384,-0.078984238,-0.036677681,0.017715486
1653512830.575540066,2.919873476,0.118858837,11.540443420,0.996043384,-0.078984238,-0.036677681,0.017715486
1653512830.640739679,3.296314955,0.078664012,11.807986259,0.996125638,-0.078469299,-0.034622725,0.019430190
1653512830.707300186,3.296314955,0.078664012,11.807986259,0.996125638,-0.078469299,-0.034622725,0.019430190
1653512830.774061918,3.706201077,0.034928244,12.065922737,0.996245384,-0.077260792,-0.033175841,0.020621181
1653512830.844147444,3.706201077,0.034928244,12.065922737,0.996245384,-0.077260792,-0.033175841,0.020621181
1653512830.907950401,-2.863468647,2.957119942,12.288135529,0.456423372,0.888935268,0.007956652,0.037529271
1653512830.973817825,-2.863468647,2.957119942,12.288135529,0.456423372,0.888935268,0.007956652,0.037529271
1653512831.041761875,-3.165032625,3.338051558,12.533943176,0.455314100,0.889460146,0.008970718,0.038331013
1653512831.109073639,-3.165032625,3.338051558,12.533943176,0.455314100,0.889460146,0.008970718,0.038331013
1653512831.173763514,-3.446998358,3.692495584,12.704367638,0.453945756,0.890130639,0.009467903,0.038872886
1653512831.240648508,-3.446998358,3.692495584,12.704367638,0.453945756,0.890130639,0.009467903,0.038872886
1653512831.307424784,-3.819385052,4.134403706,12.900721550,0.452676743,0.890738189,0.010067615,0.039597079
1653512831.374067068,-3.819385052,4.134403706,12.900721550,0.452676743,0.890738189,0.010067615,0.039597079
1653512831.440702915,-4.110363007,4.502779961,13.055920601,0.451698333,0.891293943,0.010786487,0.038044490
1653512831.508789062,-4.110363007,4.502779961,13.055920601,0.451698333,0.891293943,0.010786487,0.038044490
1653512831.574509621,-4.542610645,5.008788586,13.269007683,0.450959682,0.891658068,0.010104356,0.038459219
1653512831.640490294,-4.542610645,5.008788586,13.269007683,0.450959682,0.891658068,0.010104356,0.038459219
1653512831.707315445,-4.872317791,5.421872139,13.428847313,0.450631708,0.891883969,0.009784613,0.037126109
1653512831.773789644,-4.872317791,5.421872139,13.428847313,0.450631708,0.891883969,0.009784613,0.037126109
1653512831.840819359,-5.290400982,5.914246082,13.608151436,0.450361222,0.892056882,0.009529143,0.036311291
1653512831.910394430,-5.290400982,5.914246082,13.608151436,0.450361222,0.892056882,0.009529143,0.036311291
1653512831.974556684,-5.702939034,6.398366928,13.780556679,0.449796438,0.892398596,0.009447276,0.034909952
1653512832.043035984,-5.702939034,6.398366928,13.780556679,0.449796438,0.892398596,0.009447276,0.034909952
1653512832.107913971,-6.174984932,6.936313152,13.957031250,0.449686289,0.892474711,0.009136952,0.034462072
1653512832.173868895,-6.174984932,6.936313152,13.957031250,0.449686289,0.892474711,0.009136952,0.034462072
1653512832.243492126,-6.690501213,7.518275261,14.134666443,0.450261384,0.892206490,0.008032834,0.034172535
1653512832.307462215,-6.690501213,7.518275261,14.134666443,0.450261384,0.892206490,0.008032834,0.034172535
1653512832.374958754,-7.143180847,8.048426628,14.283442497,0.450797945,0.891997039,0.007797062,0.032584067
1653512832.440762520,-7.143180847,8.048426628,14.283442497,0.450797945,0.891997039,0.007797062,0.032584067
1653512832.507258654,-7.620105743,8.611444473,14.425866127,0.452103227,0.891395271,0.006779243,0.031163145
1653512832.574021339,-7.620105743,8.611444473,14.425866127,0.452103227,0.891395271,0.006779243,0.031163145
1653512832.642671347,-8.132814407,9.209544182,14.568340302,0.452971518,0.890981376,0.005367270,0.030661991
1653512832.707653761,-8.132814407,9.209544182,14.568340302,0.452971518,0.890981376,0.005367270,0.030661991
1653512832.774160385,-8.667649269,9.828056335,14.706590652,0.453906626,0.890550315,0.003955826,0.029550644
1653512832.840868950,-8.667649269,9.828056335,14.706590652,0.453906626,0.890550315,0.003955826,0.029550644
1653512832.907457829,-9.195131302,10.447246552,14.835828781,0.455353916,0.889842749,0.003328219,0.028663635
1653512832.974725246,-9.195131302,10.447246552,14.835828781,0.455353916,0.889842749,0.003328219,0.028663635
1653512833.041891813,-9.754060745,11.102580070,14.965641975,0.455771625,0.889634490,0.002493573,0.028574020
1653512833.108919859,-9.754060745,11.102580070,14.965641975,0.455771625,0.889634490,0.002493573,0.028574020
1653512833.175065041,-10.309914589,11.742115974,15.091131210,0.456343114,0.889322937,0.003085037,0.029089276
1653512833.240771294,-10.309914589,11.742115974,15.091131210,0.456343114,0.889322937,0.003085037,0.029089276
1653512833.307398081,-10.900885582,12.426439285,15.222352028,0.457151890,0.888883412,0.004007497,0.029703837
1653512833.374276161,-10.900885582,12.426439285,15.222352028,0.457151890,0.888883412,0.004007497,0.029703837
1653512833.440831900,-11.511381149,13.134444237,15.357913017,0.456969857,0.888940215,0.004959980,0.030647505
1653512833.508332491,-11.511381149,13.134444237,15.357913017,0.456969857,0.888940215,0.004959980,0.030647505
1653512833.574023247,-12.160414696,13.885789871,15.506358147,0.457033217,0.888880968,0.005532093,0.031315934
1653512833.640842915,-12.160414696,13.885789871,15.506358147,0.457033217,0.888880968,0.005532093,0.031315934
1653512833.707420111,-12.801732063,14.636183739,15.657917976,0.457201391,0.888807416,0.006687819,0.030717526
1653512833.773865700,-12.801732063,14.636183739,15.657917976,0.457201391,0.888807416,0.006687819,0.030717526
1653512833.840772629,-13.467305183,15.409411430,15.799704552,0.456807375,0.888993084,0.007715961,0.030963982
1653512833.908297777,-13.467305183,15.409411430,15.799704552,0.456807375,0.888993084,0.007715961,0.030963982
1653512833.974362612,-14.123489380,16.181663513,15.934553146,0.457300752,0.888703465,0.008972961,0.031648569
1653512834.040502787,-14.123489380,16.181663513,15.934553146,0.457300752,0.888703465,0.008972961,0.031648569
1653512834.107506275,-14.857892990,17.022914886,16.076509476,0.457713127,0.888414681,0.010492235,0.033285812
1653512834.173967838,-14.857892990,17.022914886,16.076509476,0.457713127,0.888414681,0.010492235,0.033285812
1653512834.240401983,-15.555430412,17.830266953,16.221059799,0.457870364,0.888274729,0.012101600,0.034296479
1653512834.307100058,-15.555430412,17.830266953,16.221059799,0.457870364,0.888274729,0.012101600,0.034296479
1653512834.378053188,-16.303190231,18.678730011,16.363080978,0.458861381,0.887712717,0.014108748,0.034831945
1653512834.443595648,-16.303190231,18.678730011,16.363080978,0.458861381,0.887712717,0.014108748,0.034831945
1653512834.507271528,-17.002893448,19.472717285,16.486772537,0.459259748,0.887470841,0.015562692,0.035126068
1653512834.574262857,-17.002893448,19.472717285,16.486772537,0.459259748,0.887470841,0.015562692,0.035126068
1653512834.640794992,-17.775074005,20.337491989,16.611768723,0.459578812,0.887279809,0.016405914,0.035393618
1653512834.707291842,-17.775074005,20.337491989,16.611768723,0.459578812,0.887279809,0.016405914,0.035393618
1653512834.773860931,-18.534729004,21.186567307,16.732143402,0.460470855,0.886810720,0.016685842,0.035424884
1653512834.843935490,-18.534729004,21.186567307,16.732143402,0.460470855,0.886810720,0.016685842,0.035424884
1653512834.907546282,-19.336130142,22.065486908,16.848756790,0.460361123,0.886846721,0.017194241,0.035705455
1653512834.973849297,-19.336130142,22.065486908,16.848756790,0.460361123,0.886846721,0.017194241,0.035705455
1653512835.045139313,-20.183944702,22.991386414,16.974981308,0.460459590,0.886777639,0.017687989,0.035910357
1653512835.107106924,-20.183944702,22.991386414,16.974981308,0.460459590,0.886777639,0.017687989,0.035910357
1653512835.173822403,-20.992965698,23.860868454,17.081333160,0.460006148,0.886983931,0.017544903,0.036688618
1653512835.241779804,-20.992965698,23.860868454,17.081333160,0.460006148,0.886983931,0.017544903,0.036688618
1653512835.307476282,-21.851024628,24.778465271,17.198301315,0.459596157,0.887214959,0.017443024,0.036287166
1653512835.373833656,-21.851024628,24.778465271,17.198301315,0.459596157,0.887214959,0.017443024,0.036287166
1653512835.440548658,-22.622043610,25.615758896,17.319702148,0.459077686,0.887530029,0.017326772,0.035184376
1653512835.507376432,-22.622043610,25.615758896,17.319702148,0.459077686,0.887530029,0.017326772,0.035184376
1653512835.573771954,-23.592618942,26.629428864,17.430744171,0.457420051,0.888366997,0.015299513,0.036564276
1653512835.640853405,-23.592618942,26.629428864,17.430744171,0.457420051,0.888366997,0.015299513,0.036564276
1653512835.707485437,-24.383037567,27.488582611,17.562356949,0.456698656,0.888813913,0.014468326,0.035026513
1653512835.775864363,-24.383037567,27.488582611,17.562356949,0.456698656,0.888813913,0.014468326,0.035026513
1653512835.840435982,-25.286249161,28.459907532,17.681476593,0.456230342,0.889077723,0.012498071,0.035191204
1653512835.907118559,-25.286249161,28.459907532,17.681476593,0.456230342,0.889077723,0.012498071,0.035191204
1653512835.973936558,-26.194427490,29.445558548,17.805891037,0.455765426,0.889322281,0.012421230,0.035064034
1653512836.040410042,-26.194427490,29.445558548,17.805891037,0.455765426,0.889322281,0.012421230,0.035064034
1653512836.108150482,-27.104114532,30.438482285,17.932950974,0.455918431,0.889235854,0.011069313,0.035713762
1653512836.174307108,-27.104114532,30.438482285,17.932950974,0.455918431,0.889235854,0.011069313,0.035713762
1653512836.240762472,-27.963134766,31.384407043,18.061912537,0.456207097,0.889070809,0.010040705,0.036433078
1653512836.307159901,-27.963134766,31.384407043,18.061912537,0.456207097,0.889070809,0.010040705,0.036433078
1653512836.374496460,-28.954769135,32.458202362,18.187477112,0.457619309,0.888303041,0.008840623,0.037737641
1653512836.440512419,-28.954769135,32.458202362,18.187477112,0.457619309,0.888303041,0.008840623,0.037737641
1653512836.507168293,-29.881994247,33.472393036,18.313333511,0.459343791,0.887413800,0.008088409,0.037875883
1653512836.574898720,-29.881994247,33.472393036,18.313333511,0.459343791,0.887413800,0.008088409,0.037875883
1653512836.640424728,-30.849058151,34.525768280,18.441427231,0.461131364,0.886493981,0.005743670,0.038121618
1653512836.707242966,-30.849058151,34.525768280,18.441427231,0.461131364,0.886493981,0.005743670,0.038121618
1653512836.773682833,-31.855192184,35.616703033,18.573699951,0.462544262,0.885758698,0.003342827,0.038381118
1653512836.844734669,-31.855192184,35.616703033,18.573699951,0.462544262,0.885758698,0.003342827,0.038381118
1653512836.907237291,-32.789768219,36.653411865,18.716686249,0.463651985,0.885218263,0.000817100,0.037613165
1653512836.975813866,-32.789768219,36.653411865,18.716686249,0.463651985,0.885218263,0.000817100,0.037613165
1653512837.041021109,-33.802227020,37.771495819,18.860700607,0.465083003,0.884505391,-0.000380434,0.036712732
1653512837.107034922,-33.802227020,37.771495819,18.860700607,0.465083003,0.884505391,-0.000380434,0.036712732
1653512837.174013615,-34.799571991,38.882114410,19.009788513,0.465567529,0.884240568,-0.001543451,0.036920935
1653512837.240339518,-34.799571991,38.882114410,19.009788513,0.465567529,0.884240568,-0.001543451,0.036920935
1653512837.307429552,-35.794746399,39.986152649,19.170412064,0.466251612,0.883915126,0.000186210,0.036103394
1653512837.374975920,-35.794746399,39.986152649,19.170412064,0.466251612,0.883915126,0.000186210,0.036103394
1653512837.440667152,-36.830101013,41.133197784,19.335906982,0.466708779,0.883674681,0.000405074,0.036080170
1653512837.507637501,-36.830101013,41.133197784,19.335906982,0.466708779,0.883674681,0.000405074,0.036080170
1653512837.576929808,-37.855285645,42.279125214,19.520488739,0.465941608,0.884186685,0.001966182,0.033293448
1653512837.640337944,-37.855285645,42.279125214,19.520488739,0.465941608,0.884186685,0.001966182,0.033293448
1653512837.707041264,-38.966724396,43.504562378,19.688924789,0.465888947,0.884238243,0.002890758,0.032586463
1653512837.773886204,-38.966724396,43.504562378,19.688924789,0.465888947,0.884238243,0.002890758,0.032586463
1653512837.840894699,-39.951721191,44.638111115,19.881284714,0.466808259,0.883840740,0.004026005,0.029989595
1653512837.907663107,-39.951721191,44.638111115,19.881284714,0.466808259,0.883840740,0.004026005,0.029989595
1653512837.974627256,-41.035533905,45.870761871,20.069253922,0.467131048,0.883732796,0.005651526,0.027802577
1653512838.041607857,-41.035533905,45.870761871,20.069253922,0.467131048,0.883732796,0.005651526,0.027802577
1653512838.107526541,-42.046993256,47.051357269,20.268964767,0.467164725,0.883804858,0.007224671,0.024370464
1653512838.174220085,-42.046993256,47.051357269,20.268964767,0.467164725,0.883804858,0.007224671,0.024370464
1653512838.240753889,-43.155323029,48.335853577,20.471866608,0.466859221,0.884037137,0.007916386,0.021404244
1653512838.307162046,-43.155323029,48.335853577,20.471866608,0.466859221,0.884037137,0.007916386,0.021404244
1653512838.374204636,-44.268886566,49.624011993,20.677806854,0.466005147,0.884511113,0.009376949,0.019783497
1653512838.440301418,-44.268886566,49.624011993,20.677806854,0.466005147,0.884511113,0.009376949,0.019783497
1653512838.507134914,-45.333641052,50.869789124,20.886571884,0.465206593,0.884981990,0.011633025,0.015948955
1653512838.573659182,-45.333641052,50.869789124,20.886571884,0.465206593,0.884981990,0.011633025,0.015948955
1653512838.640378952,-46.292617798,52.015056610,21.105316162,0.464233667,0.885506630,0.012409026,0.014530295
1653512838.707312584,-46.292617798,52.015056610,21.105316162,0.464233667,0.885506630,0.012409026,0.014530295
1653512838.774771452,-47.399917603,53.313308716,21.316507339,0.462946177,0.886178970,0.013667257,0.013447396
1653512838.840499163,-47.399917603,53.313308716,21.316507339,0.462946177,0.886178970,0.013667257,0.013447396
1653512838.907967567,-48.450008392,54.564765930,21.537960052,0.461449087,0.886970401,0.014158436,0.012157096
1653512838.974539518,-48.450008392,54.564765930,21.537960052,0.461449087,0.886970401,0.014158436,0.012157096
1653512839.041153908,-49.457538605,55.789520264,21.757966995,0.459649593,0.887897789,0.014551169,0.012166925
1653512839.107644796,-49.457538605,55.789520264,21.757966995,0.459649593,0.887897789,0.014551169,0.012166925
1653512839.174096346,-50.607757568,57.163455963,21.971830368,0.457765907,0.888867259,0.014781020,0.012120474
1653512839.240467072,-50.607757568,57.163455963,21.971830368,0.457765907,0.888867259,0.014781020,0.012120474
1653512839.310388088,-51.597274780,58.385646820,22.214075089,0.455716193,0.889909506,0.015458117,0.012036351
1653512839.373733521,-51.597274780,58.385646820,22.214075089,0.455716193,0.889909506,0.015458117,0.012036351
1653512839.440487862,-52.740009308,59.750270844,22.432714462,0.453125656,0.891219795,0.016125878,0.012016997
1653512839.512637138,-52.740009308,59.750270844,22.432714462,0.453125656,0.891219795,0.016125878,0.012016997
1653512839.573588848,-53.885967255,61.124004364,22.664115906,0.450583994,0.892468154,0.017016731,0.013605198
1653512839.640308857,-53.885967255,61.124004364,22.664115906,0.450583994,0.892468154,0.017016731,0.013605198
1653512839.707004309,-54.924446106,62.390930176,22.912469864,0.448830992,0.893313050,0.019573336,0.012626798
1653512839.774083853,-54.924446106,62.390930176,22.912469864,0.448830992,0.893313050,0.019573336,0.012626798
1653512839.840900183,-56.072620392,63.765945435,23.161231995,0.446810097,0.894275606,0.021172214,0.013552037
1653512839.910227060,-56.072620392,63.765945435,23.161231995,0.446810097,0.894275606,0.021172214,0.013552037
1653512839.973868608,-57.231475830,65.153572083,23.415952682,0.445063919,0.895100534,0.023046592,0.013488950
1653512840.040332794,-57.231475830,65.153572083,23.415952682,0.445063919,0.895100534,0.023046592,0.013488950
1653512840.107358456,-58.386940002,66.528450012,23.684219360,0.443658590,0.895724654,0.025958711,0.013058034
1653512840.173675776,-58.386940002,66.528450012,23.684219360,0.443658590,0.895724654,0.025958711,0.013058034
1653512840.240712881,-59.616710663,67.986740112,23.956020355,0.441844493,0.896562457,0.027668888,0.013550585
1653512840.307366371,-59.616710663,67.986740112,23.956020355,0.441844493,0.896562457,0.027668888,0.013550585
1653512840.373807669,-60.803485870,69.411804199,24.235488892,0.439759612,0.897582531,0.028298894,0.012501206
1653512840.440238714,-60.803485870,69.411804199,24.235488892,0.439759612,0.897582531,0.028298894,0.012501206
1653512840.507864475,-62.016906738,70.861244202,24.514862061,0.438875288,0.897963405,0.029456472,0.013508720
1653512840.573940039,-62.016906738,70.861244202,24.514862061,0.438875288,0.897963405,0.029456472,0.013508720
1653512840.640575647,-63.158729553,72.244392395,24.801610947,0.438610494,0.898063421,0.030632455,0.012830175
1653512840.707348108,-63.158729553,72.244392395,24.801610947,0.438610494,0.898063421,0.030632455,0.012830175
1653512840.775858879,-64.276794434,73.597114563,25.095489502,0.437647283,0.898526907,0.030473739,0.013625062
1653512840.840457201,-64.276794434,73.597114563,25.095489502,0.437647283,0.898526907,0.030473739,0.013625062
1653512840.907148361,-65.491950989,75.038887024,25.373289108,0.437578171,0.898551345,0.030216165,0.014758708
1653512840.975308895,-65.491950989,75.038887024,25.373289108,0.437578171,0.898551345,0.030216165,0.014758708
1653512841.043230295,-66.737747192,76.503952026,25.678457260,0.436999440,0.898891389,0.028547348,0.014520639
1653512841.107460976,-66.737747192,76.503952026,25.678457260,0.436999440,0.898891389,0.028547348,0.014520639
1653512841.173933268,-67.862304688,77.825042725,25.976123810,0.435591906,0.899616897,0.027100913,0.014653044
1653512841.240349770,-67.862304688,77.825042725,25.976123810,0.435591906,0.899616897,0.027100913,0.014653044
1653512841.308150530,-69.110870361,79.277816772,26.287261963,0.434172690,0.900317669,0.026464229,0.014893886
1653512841.374107361,-69.110870361,79.277816772,26.287261963,0.434172690,0.900317669,0.026464229,0.014893886
1653512841.440967560,-70.233543396,80.598419189,26.608068466,0.432630867,0.901054263,0.027039096,0.014163739
1653512841.507289171,-70.233543396,80.598419189,26.608068466,0.432630867,0.901054263,0.027039096,0.014163739
1653512841.573891401,-71.521965027,82.085968018,26.933504105,0.430013418,0.902248681,0.028698834,0.014563981
1653512841.640605211,-71.521965027,82.085968018,26.933504105,0.430013418,0.902248681,0.028698834,0.014563981
1653512841.707196474,-72.945693970,83.700386047,27.266302109,0.427332908,0.903443456,0.030221920,0.016222084
1653512841.776911497,-72.945693970,83.700386047,27.266302109,0.427332908,0.903443456,0.030221920,0.016222084
1653512841.840792656,-74.071006775,85.011474609,27.612579346,0.424051493,0.904874086,0.033750001,0.015624989
1653512841.908158064,-74.071006775,85.011474609,27.612579346,0.424051493,0.904874086,0.033750001,0.015624989
1653512841.974421263,-75.489189148,86.615280151,27.961612701,0.420943379,0.906173944,0.036794133,0.017366130
1653512842.040669680,-75.489189148,86.615280151,27.961612701,0.420943379,0.906173944,0.036794133,0.017366130
1653512842.107203007,-76.646583557,87.948272705,28.323728561,0.417796046,0.907433391,0.041211706,0.017683158
1653512842.174421549,-76.646583557,87.948272705,28.323728561,0.417796046,0.907433391,0.041211706,0.017683158
1653512842.241288185,-77.981742859,89.441680908,28.685491562,0.414670229,0.908559442,0.046841372,0.019345686
1653512842.308107138,-77.981742859,89.441680908,28.685491562,0.414670229,0.908559442,0.046841372,0.019345686
1653512842.374579906,-79.280181885,90.895286560,29.051549911,0.411656976,0.909677148,0.050935727,0.020773705
1653512842.440378666,-79.280181885,90.895286560,29.051549911,0.411656976,0.909677148,0.050935727,0.020773705
1653512842.507033110,-80.498832703,92.261451721,29.403251648,0.409148335,0.910645783,0.053442076,0.021584170
1653512842.574024677,-80.498832703,92.261451721,29.403251648,0.409148335,0.910645783,0.053442076,0.021584170
1653512842.642196894,-81.907402039,93.791397095,29.770559311,0.406686336,0.911638439,0.054843754,0.022666918
1653512842.707261086,-81.907402039,93.791397095,29.770559311,0.406686336,0.911638439,0.054843754,0.022666918
1653512842.774022102,-83.357757568,95.323120117,30.131551743,0.404388011,0.912627280,0.055261385,0.022978008
1653512842.841087818,-83.357757568,95.323120117,30.131551743,0.404388011,0.912627280,0.055261385,0.022978008
1653512842.906976223,-84.776596069,96.785995483,30.497171402,0.402229846,0.913628817,0.054221369,0.023529416
1653512842.973526716,-84.776596069,96.785995483,30.497171402,0.402229846,0.913628817,0.054221369,0.023529416
1653512843.040812016,-86.176338196,98.211402893,30.862773895,0.399069995,0.915135920,0.052267332,0.023184018
1653512843.107876062,-86.176338196,98.211402893,30.862773895,0.399069995,0.915135920,0.052267332,0.023184018
1653512843.173666239,-87.728416443,99.744285583,31.221845627,0.395398796,0.916858971,0.049675502,0.023702076
1653512843.240511179,-87.728416443,99.744285583,31.221845627,0.395398796,0.916858971,0.049675502,0.023702076
1653512843.307062149,-89.328407288,101.289871216,31.580640793,0.391586304,0.918611348,0.047063883,0.024461608
1653512843.374114990,-89.328407288,101.289871216,31.580640793,0.391586304,0.918611348,0.047063883,0.024461608
1653512843.440768480,-90.859710693,102.762779236,31.942495346,0.387997240,0.920255244,0.044757668,0.024191068
1653512843.507530451,-90.859710693,102.762779236,31.942495346,0.387997240,0.920255244,0.044757668,0.024191068
1653512843.574000597,-92.126258850,103.989318848,32.305130005,0.383857876,0.922127724,0.042664889,0.022655385
1653512843.640501261,-92.126258850,103.989318848,32.305130005,0.383857876,0.922127724,0.042664889,0.022655385
1653512843.707052469,-93.836395264,105.612007141,32.669494629,0.380346000,0.923615694,0.041368965,0.023655010
1653512843.773710728,-93.836395264,105.612007141,32.669494629,0.380346000,0.923615694,0.041368965,0.023655010
1653512843.842285633,-95.420654297,107.108993530,33.038837433,0.377453446,0.924738586,0.042252723,0.024538238
1653512843.908481836,-95.420654297,107.108993530,33.038837433,0.377453446,0.924738586,0.042252723,0.024538238
1653512843.973640203,-96.956008911,108.547950745,33.403347015,0.374468714,0.925905704,0.043050140,0.024869628
1653512844.041793108,-96.956008911,108.547950745,33.403347015,0.374468714,0.925905704,0.043050140,0.024869628
1653512844.107013464,-98.446670532,109.945510864,33.774711609,0.372785121,0.926471710,0.045405146,0.024895350
1653512844.177673817,-98.446670532,109.945510864,33.774711609,0.372785121,0.926471710,0.045405146,0.024895350
1653512844.246352911,-99.920494080,111.318473816,34.170806885,0.371261805,0.926983893,0.048057098,0.023580214
1653512844.307249069,-99.920494080,111.318473816,34.170806885,0.371261805,0.926983893,0.048057098,0.023580214
1653512844.376832724,-101.610572815,112.853248596,34.541267395,0.370038807,0.927360475,0.049845491,0.024273707
1653512844.440930367,-101.610572815,112.853248596,34.541267395,0.370038807,0.927360475,0.049845491,0.024273707
1653512844.507576704,-103.052856445,114.157211304,34.910320282,0.369040877,0.927661657,0.052007519,0.023407426
1653512844.573823452,-103.052856445,114.157211304,34.910320282,0.369040877,0.927661657,0.052007519,0.023407426
1653512844.640365124,-104.621200562,115.550216675,35.284381866,0.368217677,0.927922726,0.053660654,0.022262797
1653512844.706954002,-104.621200562,115.550216675,35.284381866,0.368217677,0.927922726,0.053660654,0.022262797
1653512844.774019241,-106.445861816,117.128227234,35.662921906,0.366585106,0.928528547,0.054026581,0.023048962
1653512844.841531515,-106.445861816,117.128227234,35.662921906,0.366585106,0.928528547,0.054026581,0.023048962
1653512844.907964706,-108.151725769,118.572906494,36.044357300,0.364429921,0.929367483,0.054552808,0.022157755
1653512844.973958254,-108.151725769,118.572906494,36.044357300,0.364429921,0.929367483,0.054552808,0.022157755
1653512845.040398836,-109.914100647,120.041923523,36.423507690,0.362140685,0.930330336,0.053731527,0.021272196
1653512845.107657433,-109.914100647,120.041923523,36.423507690,0.362140685,0.930330336,0.053731527,0.021272196
1653512845.174439430,-111.447502136,121.314865112,36.809795380,0.359859645,0.931281090,0.053285770,0.019420821
1653512845.245048046,-111.447502136,121.314865112,36.809795380,0.359859645,0.931281090,0.053285770,0.019420821
1653512845.308131218,-113.169364929,122.725433350,37.192401886,0.358277589,0.932013750,0.051380482,0.018644830
1653512845.373880386,-113.169364929,122.725433350,37.192401886,0.358277589,0.932013750,0.051380482,0.018644830
1653512845.440932989,-115.004577637,124.215225220,37.570270538,0.357003033,0.932621062,0.049026392,0.019058593
1653512845.507134914,-115.004577637,124.215225220,37.570270538,0.357003033,0.932621062,0.049026392,0.019058593
1653512845.573969603,-116.638633728,125.532714844,37.954521179,0.355308771,0.933379948,0.047014255,0.018633015
1653512845.640743494,-116.638633728,125.532714844,37.954521179,0.355308771,0.933379948,0.047014255,0.018633015
1653512845.707072258,-118.368515015,126.916023254,38.331119537,0.354809612,0.933690310,0.044786241,0.018076271
1653512845.774637222,-118.368515015,126.916023254,38.331119537,0.354809612,0.933690310,0.044786241,0.018076271
1653512845.841050148,-120.079666138,128.280929565,38.708374023,0.353364199,0.934380531,0.042099211,0.017159862
1653512845.906899929,-120.079666138,128.280929565,38.708374023,0.353364199,0.934380531,0.042099211,0.017159862
1653512845.973736763,-121.835861206,129.650405884,39.084789276,0.351664364,0.935127795,0.039953511,0.016488181
1653512846.041572571,-121.835861206,129.650405884,39.084789276,0.351664364,0.935127795,0.039953511,0.016488181
1653512846.107064724,-123.615264893,131.034286499,39.465614319,0.349863142,0.935962379,0.036642540,0.015086155
1653512846.179860830,-123.615264893,131.034286499,39.465614319,0.349863142,0.935962379,0.036642540,0.015086155
1653512846.242972612,-125.235427856,132.305572510,39.858654022,0.347202361,0.937132180,0.032817990,0.012520992
1653512846.307207584,-125.235427856,132.305572510,39.858654022,0.347202361,0.937132180,0.032817990,0.012520992
1653512846.373717070,-127.105895996,133.730575562,40.234043121,0.344328016,0.938341439,0.028620632,0.011595146
1653512846.441307545,-127.105895996,133.730575562,40.234043121,0.344328016,0.938341439,0.028620632,0.011595146
1653512846.507693768,-128.794799805,135.043533325,40.621021271,0.341787934,0.939402580,0.024821043,0.009367879
1653512846.576142788,-128.794799805,135.043533325,40.621021271,0.341787934,0.939402580,0.024821043,0.009367879
1653512846.641020536,-130.631439209,136.443176270,41.008285522,0.338743985,0.940591276,0.021942601,0.007684961
1653512846.706955194,-130.631439209,136.443176270,41.008285522,0.338743985,0.940591276,0.021942601,0.007684961
1653512846.773615360,-132.611434937,137.931381226,41.395267487,0.337000519,0.941264093,0.019849883,0.007649160
1653512846.840895176,-132.611434937,137.931381226,41.395267487,0.337000519,0.941264093,0.019849883,0.007649160
1653512846.907005548,-134.237762451,139.197525024,41.780967712,0.335640073,0.941786408,0.018627474,0.006097763
1653512846.973797083,-134.237762451,139.197525024,41.780967712,0.335640073,0.941786408,0.018627474,0.006097763
1653512847.040257454,-136.183776855,140.667221069,42.167007446,0.334183604,0.942325890,0.017556483,0.005919903
1653512847.107508183,-136.183776855,140.667221069,42.167007446,0.334183604,0.942325890,0.017556483,0.005919903
1653512847.175088882,-138.222045898,142.196792603,42.564598083,0.332809210,0.942827463,0.016685892,0.006003237
1653512847.240442276,-138.222045898,142.196792603,42.564598083,0.332809210,0.942827463,0.016685892,0.006003237
1653512847.307178736,-139.798339844,143.439804077,42.952655792,0.332012296,0.943132401,0.015957475,0.003811470
1653512847.373535156,-139.798339844,143.439804077,42.952655792,0.332012296,0.943132401,0.015957475,0.003811470
1653512847.443248272,-141.941589355,145.036544800,43.358310699,0.330810755,0.943562746,0.015261814,0.004547949
1653512847.507501125,-141.941589355,145.036544800,43.358310699,0.330810755,0.943562746,0.015261814,0.004547949
1653512847.573671579,-143.864044189,146.473464966,43.749088287,0.328640550,0.944331944,0.014627662,0.004316285
1653512847.640265226,-143.864044189,146.473464966,43.749088287,0.328640550,0.944331944,0.014627662,0.004316285
1653512847.707034111,-145.744018555,147.884017944,44.144287109,0.326987118,0.944918990,0.013963554,0.003549848
1653512847.774138212,-145.744018555,147.884017944,44.144287109,0.326987118,0.944918990,0.013963554,0.003549848
1653512847.840818882,-147.896820068,149.458374023,44.548240662,0.324661702,0.945733547,0.013042340,0.003571213
1653512847.907275915,-147.896820068,149.458374023,44.548240662,0.324661702,0.945733547,0.013042340,0.003571213
1653512847.974157572,-149.617645264,150.774932861,44.946784973,0.322730124,0.946406126,0.012503786,0.002078451
1653512848.040925980,-149.617645264,150.774932861,44.946784973,0.322730124,0.946406126,0.012503786,0.002078451
1653512848.108500242,-151.489395142,152.193008423,45.349617004,0.321131021,0.946951091,0.012550223,0.001026410
1653512848.174121618,-151.489395142,152.193008423,45.349617004,0.321131021,0.946951091,0.012550223,0.001026410
1653512848.240215540,-153.469985962,153.677551270,45.746101379,0.319989294,0.947335362,0.012709959,0.001023442
1653512848.307149649,-153.469985962,153.677551270,45.746101379,0.319989294,0.947335362,0.012709959,0.001023442
1653512848.374223948,-155.309753418,155.091751099,46.144519806,0.319169551,0.947607279,0.013013973,0.001383461
1653512848.440460682,-155.309753418,155.091751099,46.144519806,0.319169551,0.947607279,0.013013973,0.001383461
1653512848.507315636,-157.304351807,156.597503662,46.540218353,0.319487393,0.947489262,0.013707755,0.002008877
1653512848.578948975,-157.304351807,156.597503662,46.540218353,0.319487393,0.947489262,0.013707755,0.002008877
1653512848.647890568,-159.446823120,158.210372925,46.962532043,0.319404602,0.947506785,0.014164772,0.003304939
1653512848.708330631,-159.446823120,158.210372925,46.962532043,0.319404602,0.947506785,0.014164772,0.003304939
1653512848.774948835,-161.190643311,159.557693481,47.336833954,0.319208443,0.947577238,0.013803763,0.003574886
1653512848.842151880,-161.190643311,159.557693481,47.336833954,0.319208443,0.947577238,0.013803763,0.003574886
1653512848.907010794,-163.054626465,160.986434937,47.722034454,0.319273859,0.947555423,0.013729783,0.003799477
1653512848.973612309,-163.054626465,160.986434937,47.722034454,0.319273859,0.947555423,0.013729783,0.003799477
1653512849.040734768,-164.986663818,162.452484131,48.116237640,0.318608582,0.947783828,0.013345377,0.004033388
1653512849.108444452,-164.986663818,162.452484131,48.116237640,0.318608582,0.947783828,0.013345377,0.004033388
1653512849.173638582,-167.110549927,164.013717651,48.516677856,0.317408562,0.948190033,0.012860538,0.004697043
1653512849.240166664,-167.110549927,164.013717651,48.516677856,0.317408562,0.948190033,0.012860538,0.004697043
1653512849.307057142,-167.110549927,164.013717651,48.516677856,0.317408562,0.948190033,0.012860538,0.004697043
1653512849.380886555,-167.110549927,164.013717651,48.516677856,0.317408562,0.948190033,0.012860538,0.004697043
1653512849.440676212,-169.028274536,165.465347290,48.922985077,0.316085249,0.948647857,0.011781854,0.004301355
1653512849.507248163,-169.028274536,165.465347290,48.922985077,0.316085249,0.948647857,0.011781854,0.004301355
1653512849.574264765,-171.114273071,167.003433228,49.339401245,0.314198136,0.949278116,0.011321702,0.004729188
1653512849.641241312,-171.114273071,167.003433228,49.339401245,0.314198136,0.949278116,0.011321702,0.004729188
1653512849.707147360,-173.153015137,168.521820068,49.758022308,0.312863022,0.949718416,0.011128170,0.005270761
1653512849.774319410,-173.153015137,168.521820068,49.758022308,0.312863022,0.949718416,0.011128170,0.005270761
1653512849.843614340,-175.044082642,169.959152222,50.173763275,0.312489271,0.949839771,0.011304419,0.005205565
1653512849.906922340,-175.044082642,169.959152222,50.173763275,0.312489271,0.949839771,0.011304419,0.005205565
1653512849.973924398,-177.130386353,171.520935059,50.609554291,0.311841786,0.950048566,0.011510157,0.005470798
1653512850.040259600,-177.130386353,171.520935059,50.609554291,0.311841786,0.950048566,0.011510157,0.005470798
1653512850.107175112,-179.062362671,172.981231689,51.030975342,0.311634779,0.950105727,0.011981254,0.006265910
1653512850.173993111,-179.062362671,172.981231689,51.030975342,0.311634779,0.950105727,0.011981254,0.006265910
1653512850.240304708,-181.184020996,174.561004639,51.448295593,0.312425464,0.949829519,0.012943956,0.006830218
1653512850.307272434,-181.184020996,174.561004639,51.448295593,0.312425464,0.949829519,0.012943956,0.006830218
1653512850.374688387,-183.280181885,176.126937866,51.869335175,0.313002706,0.949612796,0.014510193,0.007368545
1653512850.440198183,-183.280181885,176.126937866,51.869335175,0.313002706,0.949612796,0.014510193,0.007368545
1653512850.510299921,-185.226669312,177.613357544,52.290580750,0.313578963,0.949399054,0.015924858,0.007487814
1653512850.573478699,-185.226669312,177.613357544,52.290580750,0.313578963,0.949399054,0.015924858,0.007487814
1653512850.640206814,-187.066909790,179.046737671,52.705425262,0.314840823,0.948954880,0.017194128,0.008014631
1653512850.707139015,-187.066909790,179.046737671,52.705425262,0.314840823,0.948954880,0.017194128,0.008014631
1653512850.773489475,-189.392242432,180.751800537,53.100769043,0.315303236,0.948764980,0.018130332,0.010008520
1653512850.840548515,-189.392242432,180.751800537,53.100769043,0.315303236,0.948764980,0.018130332,0.010008520
1653512850.906795979,-191.152252197,182.131805420,53.497604370,0.316308439,0.948393226,0.019710563,0.010521673
1653512850.973838568,-191.152252197,182.131805420,53.497604370,0.316308439,0.948393226,0.019710563,0.010521673
1653512851.040447712,-193.349914551,183.755432129,53.895210266,0.317393333,0.947975636,0.021185437,0.012445391
1653512851.108554363,-193.349914551,183.755432129,53.895210266,0.317393333,0.947975636,0.021185437,0.012445391
1653512851.173966646,-195.435501099,185.317062378,54.292953491,0.318587840,0.947556555,0.021277724,0.013626055
1653512851.240304947,-195.435501099,185.317062378,54.292953491,0.318587840,0.947556555,0.021277724,0.013626055
1653512851.307848215,-197.436737061,186.820037842,54.694545746,0.319416106,0.947273195,0.020752398,0.014703187
1653512851.374533653,-197.436737061,186.820037842,54.694545746,0.319416106,0.947273195,0.020752398,0.014703187
1653512851.440221071,-199.675704956,188.459304810,55.092178345,0.320540547,0.946911693,0.018822325,0.016052131
1653512851.507994652,-199.675704956,188.459304810,55.092178345,0.320540547,0.946911693,0.018822325,0.016052131
1653512851.573522806,-201.515640259,189.866149902,55.484085083,0.321488976,0.946647346,0.016297387,0.015430206
1653512851.640272617,-201.515640259,189.866149902,55.484085083,0.321488976,0.946647346,0.016297387,0.015430206
1653512851.707235336,-203.779998779,191.505020142,55.886947632,0.322136641,0.946461082,0.013594877,0.015957564
1653512851.773508072,-203.779998779,191.505020142,55.886947632,0.322136641,0.946461082,0.013594877,0.015957564
1653512851.841531992,-205.798202515,193.018325806,56.293991089,0.323088795,0.946196735,0.009812626,0.015135246
1653512851.907963514,-205.798202515,193.018325806,56.293991089,0.323088795,0.946196735,0.009812626,0.015135246
1653512851.974639177,-207.950424194,194.608398438,56.700962067,0.323517114,0.946084619,0.006522357,0.014764249
1653512852.040490150,-207.950424194,194.608398438,56.700962067,0.323517114,0.946084619,0.006522357,0.014764249
1653512852.106917858,-210.436157227,196.376968384,57.097511292,0.323512077,0.946078539,0.003375862,0.016247392
1653512852.173496723,-210.436157227,196.376968384,57.097511292,0.323512077,0.946078539,0.003375862,0.016247392
1653512852.241298199,-212.216552734,197.757522583,57.477241516,0.323559403,0.946082592,0.000701673,0.015381179
1653512852.307703972,-212.216552734,197.757522583,57.477241516,0.323559403,0.946082592,0.000701673,0.015381179
1653512852.374005556,-214.361434937,199.344512939,57.854957581,0.323499858,0.946077764,-0.001088467,0.016838819
1653512852.440462112,-214.361434937,199.344512939,57.854957581,0.323499858,0.946077764,-0.001088467,0.016838819
1653512852.512834787,-216.784118652,201.090774536,58.224613190,0.322780997,0.946269751,-0.002670968,0.019462779
1653512852.573736429,-216.784118652,201.090774536,58.224613190,0.322780997,0.946269751,-0.002670968,0.019462779
1653512852.640156031,-218.890930176,202.671508789,58.605484009,0.322802693,0.946214557,-0.002736658,0.021654980
1653512852.710113049,-218.890930176,202.671508789,58.605484009,0.322802693,0.946214557,-0.002736658,0.021654980
1653512852.774370432,-221.155441284,204.316528320,58.952610016,0.322357565,0.946299493,-0.003059350,0.024362529
1653512852.840499401,-221.155441284,204.316528320,58.952610016,0.322357565,0.946299493,-0.003059350,0.024362529
1653512852.908144474,-223.458496094,206.019744873,59.319236755,0.322249442,0.946288228,-0.003602871,0.026093299
1653512852.975759983,-223.458496094,206.019744873,59.319236755,0.322249442,0.946288228,-0.003602871,0.026093299
1653512853.040182590,-225.303741455,207.478729248,59.684551239,0.323346376,0.945912957,-0.002849716,0.026222901
1653512853.107246161,-225.303741455,207.478729248,59.684551239,0.323346376,0.945912957,-0.002849716,0.026222901
1653512853.173993111,-227.988555908,209.411300659,60.046501160,0.324814796,0.945339620,-0.002462136,0.028675353
1653512853.240641356,-227.988555908,209.411300659,60.046501160,0.324814796,0.945339620,-0.002462136,0.028675353
1653512853.306932688,-230.053604126,211.002822876,60.413604736,0.326751471,0.944668889,-0.001189871,0.028857412
1653512853.373432875,-230.053604126,211.002822876,60.413604736,0.326751471,0.944668889,-0.001189871,0.028857412
1653512853.440228939,-232.180496216,212.631439209,60.776222229,0.329484969,0.943735600,0.000251844,0.028331473
1653512853.506988525,-232.180496216,212.631439209,60.776222229,0.329484969,0.943735600,0.000251844,0.028331473
1653512853.573493958,-234.856872559,214.564895630,61.134796143,0.331653923,0.942932367,0.001049265,0.029717255
1653512853.640175343,-234.856872559,214.564895630,61.134796143,0.331653923,0.942932367,0.001049265,0.029717255
1653512853.707529068,-236.816848755,216.097793579,61.490642548,0.332839400,0.942548633,0.001734173,0.028582411
1653512853.773413897,-236.816848755,216.097793579,61.490642548,0.332839400,0.942548633,0.001734173,0.028582411
1653512853.840670824,-239.414825439,217.986877441,61.839584351,0.333480328,0.942300379,0.001696932,0.029290792
1653512853.906705379,-239.414825439,217.986877441,61.839584351,0.333480328,0.942300379,0.001696932,0.029290792
1653512853.973911524,-241.380416870,219.512786865,62.191616058,0.332551032,0.942670226,0.001429005,0.027939824
1653512854.042279243,-241.380416870,219.512786865,62.191616058,0.332551032,0.942670226,0.001429005,0.027939824
1653512854.108766556,-243.887115479,221.345443726,62.527088165,0.331091285,0.943174362,0.000615173,0.028290523
1653512854.174381495,-243.887115479,221.345443726,62.527088165,0.331091285,0.943174362,0.000615173,0.028290523
1653512854.240505219,-246.462905884,223.226318359,62.867958069,0.330115229,0.943501472,0.000088743,0.028790563
1653512854.306952000,-246.462905884,223.226318359,62.867958069,0.330115229,0.943501472,0.000088743,0.028790563
1653512854.373457909,-248.708358765,224.912689209,63.201648712,0.329802006,0.943606734,0.000573777,0.028924474
1653512854.440415621,-248.708358765,224.912689209,63.201648712,0.329802006,0.943606734,0.000573777,0.028924474
1653512854.506725788,-251.325942993,226.806289673,63.532569885,0.330527097,0.943301916,0.001167799,0.030528298
1653512854.573538303,-251.325942993,226.806289673,63.532569885,0.330527097,0.943301916,0.001167799,0.030528298
1653512854.642292976,-253.543090820,228.489639282,63.870830536,0.332100928,0.942750990,0.001943512,0.030426832
1653512854.707331419,-253.543090820,228.489639282,63.870830536,0.332100928,0.942750990,0.001943512,0.030426832
1653512854.774331331,-256.154022217,230.394546509,64.212638855,0.333348989,0.942270815,0.002408480,0.031596504
1653512854.841635466,-256.154022217,230.394546509,64.212638855,0.333348989,0.942270815,0.002408480,0.031596504
1653512854.909169197,-258.636535645,232.215591431,64.548065186,0.333828539,0.942060590,0.002786509,0.032749906
1653512854.973768711,-258.636535645,232.215591431,64.548065186,0.333828539,0.942060590,0.002786509,0.032749906
1653512855.040339708,-261.136505127,234.052108765,64.888916016,0.333691567,0.942089796,0.002710769,0.033308316
1653512855.106919765,-261.136505127,234.052108765,64.888916016,0.333691567,0.942089796,0.002710769,0.033308316
1653512855.173506498,-263.780609131,235.940002441,65.213455200,0.332139850,0.942588687,0.002284304,0.034705322
1653512855.240131855,-263.780609131,235.940002441,65.213455200,0.332139850,0.942588687,0.002284304,0.034705322
1653512855.307173014,-266.219696045,237.728485107,65.547615051,0.329800010,0.943400919,0.001922521,0.034971267
1653512855.373604774,-266.219696045,237.728485107,65.547615051,0.329800010,0.943400919,0.001922521,0.034971267
1653512855.440690041,-268.901947021,239.648437500,65.875358582,0.328128248,0.943941176,0.001958525,0.036098305
1653512855.506908655,-268.901947021,239.648437500,65.875358582,0.328128248,0.943941176,0.001958525,0.036098305
1653512855.573400974,-271.734130859,241.654067993,66.199607849,0.326627851,0.944382966,0.002684171,0.038050015
1653512855.640138149,-271.734130859,241.654067993,66.199607849,0.326627851,0.944382966,0.002684171,0.038050015
1653512855.707227945,-273.936096191,243.344100952,66.534523010,0.326136261,0.944557309,0.003681308,0.037855577
1653512855.773882627,-273.936096191,243.344100952,66.534523010,0.326136261,0.944557309,0.003681308,0.037855577
1653512855.840077162,-276.199615479,245.086898804,66.865196228,0.327079237,0.944219768,0.005810398,0.037873834
1653512855.910607100,-276.199615479,245.086898804,66.865196228,0.327079237,0.944219768,0.005810398,0.037873834
1653512855.973409176,-279.016143799,247.132781982,67.176628113,0.328478754,0.943645835,0.007733987,0.039679110
1653512856.040306091,-279.016143799,247.132781982,67.176628113,0.328478754,0.943645835,0.007733987,0.039679110
1653512856.107012749,-281.200012207,248.847595215,67.510406494,0.329571038,0.943279684,0.009620277,0.038908169
1653512856.174962997,-281.200012207,248.847595215,67.510406494,0.329571038,0.943279684,0.009620277,0.038908169
1653512856.239984035,-283.800140381,250.775817871,67.829711914,0.330534130,0.942883968,0.011501626,0.039808981
1653512856.307122231,-283.800140381,250.775817871,67.829711914,0.330534130,0.942883968,0.011501626,0.039808981
1653512856.373892784,-286.321716309,252.646530151,68.152076721,0.329286873,0.943301082,0.012254863,0.040037438
1653512856.440026045,-286.321716309,252.646530151,68.152076721,0.329286873,0.943301082,0.012254863,0.040037438
1653512856.506756783,-288.716491699,254.422683716,68.472595215,0.326349914,0.944303155,0.013232600,0.040151671
1653512856.573977709,-288.716491699,254.422683716,68.472595215,0.326349914,0.944303155,0.013232600,0.040151671
1653512856.640237331,-291.643066406,256.471130371,68.769409180,0.323146731,0.945341766,0.013439433,0.041527972
1653512856.707677841,-291.643066406,256.471130371,68.769409180,0.323146731,0.945341766,0.013439433,0.041527972
1653512856.774567842,-293.963073730,258.197540283,69.090530396,0.319413364,0.946623147,0.014051987,0.041015338
1653512856.840320110,-293.963073730,258.197540283,69.090530396,0.319413364,0.946623147,0.014051987,0.041015338
1653512856.906720638,-296.613983154,260.094909668,69.400405884,0.316226691,0.947639644,0.015549093,0.041689746
1653512856.973795891,-296.613983154,260.094909668,69.400405884,0.316226691,0.947639644,0.015549093,0.041689746
1653512857.040126085,-299.649475098,262.199096680,69.694221497,0.313791364,0.948367238,0.016803393,0.043037243
1653512857.107126951,-299.649475098,262.199096680,69.694221497,0.313791364,0.948367238,0.016803393,0.043037243
1653512857.175077200,-302.251281738,264.063262939,70.015411377,0.311394125,0.949128628,0.018577002,0.042934760
1653512857.240763664,-302.251281738,264.063262939,70.015411377,0.311394125,0.949128628,0.018577002,0.042934760
1653512857.307958126,-305.190979004,266.097778320,70.327850342,0.309082121,0.949774206,0.021109598,0.044177413
1653512857.373913765,-305.190979004,266.097778320,70.327850342,0.309082121,0.949774206,0.021109598,0.044177413
1653512857.440680265,-308.272064209,268.188507080,70.631553650,0.306602150,0.950481176,0.023236655,0.045173723
1653512857.507310629,-308.272064209,268.188507080,70.631553650,0.306602150,0.950481176,0.023236655,0.045173723
1653512857.574405193,-310.825256348,269.983886719,70.957740784,0.303100199,0.951550305,0.025801761,0.044906020
1653512857.646928310,-310.825256348,269.983886719,70.957740784,0.303100199,0.951550305,0.025801761,0.044906020
1653512857.707074642,-314.106414795,272.140380859,71.255149841,0.298510522,0.952851534,0.028801069,0.046216346
1653512857.773392200,-314.106414795,272.140380859,71.255149841,0.298510522,0.952851534,0.028801069,0.046216346
1653512857.841518402,-316.596191406,273.863739014,71.581901550,0.294356167,0.954091609,0.031583693,0.045454960
1653512857.906689405,-316.596191406,273.863739014,71.581901550,0.294356167,0.954091609,0.031583693,0.045454960
1653512857.973566532,-319.736389160,275.916229248,71.883316040,0.289625198,0.955359280,0.035080735,0.046639837
1653512858.044623613,-319.736389160,275.916229248,71.883316040,0.289625198,0.955359280,0.035080735,0.046639837
1653512858.108480692,-322.986572266,278.013549805,72.174201965,0.285122335,0.956534743,0.038496129,0.047587954
1653512858.173823118,-322.986572266,278.013549805,72.174201965,0.285122335,0.956534743,0.038496129,0.047587954
1653512858.240159273,-325.381561279,279.662658691,72.518989563,0.281454712,0.957502604,0.042990509,0.046084452
1653512858.306724310,-325.381561279,279.662658691,72.518989563,0.281454712,0.957502604,0.042990509,0.046084452
1653512858.373444319,-328.794616699,281.808959961,72.800735474,0.277771264,0.958338261,0.046727180,0.047408074
1653512858.440096617,-328.794616699,281.808959961,72.800735474,0.277771264,0.958338261,0.046727180,0.047408074
1653512858.506766796,-331.671081543,283.673736572,73.121971130,0.274459898,0.959100306,0.050755382,0.047141224
1653512858.573440075,-331.671081543,283.673736572,73.121971130,0.274459898,0.959100306,0.050755382,0.047141224
1653512858.640243292,-334.223022461,285.363098145,73.459014893,0.272365361,0.959560335,0.054690596,0.045496918
1653512858.706696272,-334.223022461,285.363098145,73.459014893,0.272365361,0.959560335,0.054690596,0.045496918
1653512858.774981737,-337.446411133,287.372741699,73.765777588,0.269492924,0.960187554,0.057656184,0.045707993
1653512858.844526768,-337.446411133,287.372741699,73.765777588,0.269492924,0.960187554,0.057656184,0.045707993
1653512858.906967163,-340.499114990,289.273101807,74.093620300,0.266378254,0.960901916,0.060748082,0.044942003
1653512858.973641872,-340.499114990,289.273101807,74.093620300,0.266378254,0.960901916,0.060748082,0.044942003
1653512859.040619373,-343.115875244,290.913574219,74.440956116,0.263754219,0.961515665,0.063524984,0.043427236
1653512859.106847763,-343.115875244,290.913574219,74.440956116,0.263754219,0.961515665,0.063524984,0.043427236
1653512859.176100969,-346.328948975,292.828887939,74.765884399,0.260130495,0.962443531,0.064900748,0.042690180
1653512859.242381334,-346.328948975,292.828887939,74.765884399,0.260130495,0.962443531,0.064900748,0.042690180
1653512859.306977034,-349.170776367,294.535858154,75.122802734,0.256663442,0.963386953,0.066085123,0.040524222
1653512859.373625517,-349.170776367,294.535858154,75.122802734,0.256663442,0.963386953,0.066085123,0.040524222
1653512859.441655397,-352.471160889,296.437835693,75.437942505,0.253974825,0.964062691,0.067197032,0.039553352
1653512859.506680250,-352.471160889,296.437835693,75.437942505,0.253974825,0.964062691,0.067197032,0.039553352
1653512859.573689461,-355.381774902,298.141052246,75.789199829,0.251158565,0.964782536,0.068463847,0.037772510
1653512859.641187429,-355.381774902,298.141052246,75.789199829,0.251158565,0.964782536,0.068463847,0.037772510
1653512859.707684755,-358.471527100,299.885345459,76.113128662,0.248197660,0.965517819,0.069594048,0.036468510
1653512859.773678303,-358.471527100,299.885345459,76.113128662,0.248197660,0.965517819,0.069594048,0.036468510
1653512859.841224909,-361.774444580,301.697174072,76.431167603,0.245923653,0.966057301,0.070487104,0.035866890
1653512859.906991959,-361.774444580,301.697174072,76.431167603,0.245923653,0.966057301,0.070487104,0.035866890
1653512859.973889589,-365.097869873,303.471374512,76.745780945,0.242564306,0.966874897,0.071250029,0.035198230
1653512860.040323257,-365.097869873,303.471374512,76.745780945,0.242564306,0.966874897,0.071250029,0.035198230
1653512860.108338594,-368.551940918,305.271667480,77.046684265,0.239315674,0.967665672,0.071605578,0.034983128
1653512860.173502207,-368.551940918,305.271667480,77.046684265,0.239315674,0.967665672,0.071605578,0.034983128
1653512860.244174719,-371.804687500,306.961242676,77.369720459,0.236800104,0.968296289,0.072126634,0.033551767
1653512860.306789875,-371.804687500,306.961242676,77.369720459,0.236800104,0.968296289,0.072126634,0.033551767
1653512860.373662949,-374.862548828,308.542205811,77.706001282,0.233524069,0.969082177,0.072949313,0.032009196
1653512860.440873146,-374.862548828,308.542205811,77.706001282,0.233524069,0.969082177,0.072949313,0.032009196
1653512860.506752968,-378.458862305,310.318572998,77.984748840,0.230771244,0.969667077,0.073896773,0.032088131
1653512860.573335886,-378.458862305,310.318572998,77.984748840,0.230771244,0.969667077,0.073896773,0.032088131
1653512860.640436888,-381.443115234,311.818572998,78.312049866,0.228306592,0.970230937,0.074702896,0.030782554
1653512860.707747698,-381.443115234,311.818572998,78.312049866,0.228306592,0.970230937,0.074702896,0.030782554
1653512860.773683548,-385.132232666,313.591613770,78.594085693,0.225064367,0.970920920,0.075447112,0.031085765
1653512860.840067387,-385.132232666,313.591613770,78.594085693,0.225064367,0.970920920,0.075447112,0.031085765
1653512860.907969475,-388.307678223,315.134735107,78.899604797,0.221710369,0.971658468,0.076032832,0.030713862
1653512860.974308252,-388.307678223,315.134735107,78.899604797,0.221710369,0.971658468,0.076032832,0.030713862
1653512861.041777849,-391.433502197,316.629302979,79.209762573,0.218500122,0.972299278,0.077728815,0.029154524
1653512861.107114315,-391.433502197,316.629302979,79.209762573,0.218500122,0.972299278,0.077728815,0.029154524
1653512861.173368692,-394.895996094,318.226989746,79.496437073,0.214503750,0.973146081,0.078305483,0.029037023
1653512861.240031004,-394.895996094,318.226989746,79.496437073,0.214503750,0.973146081,0.078305483,0.029037023
1653512861.307602406,-397.903259277,319.619934082,79.797912598,0.210351884,0.974008441,0.079032630,0.028521968
1653512861.376172781,-397.903259277,319.619934082,79.797912598,0.210351884,0.974008441,0.079032630,0.028521968
1653512861.440446854,-401.463500977,321.195281982,80.067703247,0.206437379,0.974790335,0.079782963,0.028320588
1653512861.507236242,-401.463500977,321.195281982,80.067703247,0.206437379,0.974790335,0.079782963,0.028320588
1653512861.574363947,-404.843841553,322.695220947,80.342536926,0.201798961,0.975752890,0.080059774,0.027819309
1653512861.640126228,-404.843841553,322.695220947,80.342536926,0.201798961,0.975752890,0.080059774,0.027819309
1653512861.706907988,-407.996520996,324.081390381,80.634727478,0.196697071,0.976760983,0.080810681,0.026792757
1653512861.777445316,-407.996520996,324.081390381,80.634727478,0.196697071,0.976760983,0.080810681,0.026792757
1653512861.840940475,-411.749176025,325.636962891,80.875007629,0.191885799,0.977672637,0.081157207,0.027377294
1653512861.908067942,-411.749176025,325.636962891,80.875007629,0.191885799,0.977672637,0.081157207,0.027377294
1653512861.974964619,-415.020019531,327.000823975,81.152503967,0.185940877,0.978785634,0.081901193,0.026398361
1653512862.040082455,-415.020019531,327.000823975,81.152503967,0.185940877,0.978785634,0.081901193,0.026398361
1653512862.106858730,-419.036407471,328.543609619,81.380950928,0.179496855,0.979896307,0.082611255,0.027558606
1653512862.173344851,-419.036407471,328.543609619,81.380950928,0.179496855,0.979896307,0.082611255,0.027558606
1653512862.240098953,-422.644256592,329.928863525,81.631286621,0.173793316,0.980896711,0.083061002,0.027172536
1653512862.308087349,-422.644256592,329.928863525,81.631286621,0.173793316,0.980896711,0.083061002,0.027172536
1653512862.373352766,-425.916351318,331.183288574,81.921195984,0.168211758,0.981875181,0.083557509,0.025379105
1653512862.442991734,-425.916351318,331.183288574,81.921195984,0.168211758,0.981875181,0.083557509,0.025379105
1653512862.510988474,-429.899047852,332.618865967,82.167877197,0.162564158,0.982740879,0.084495336,0.025569974
1653512862.573432684,-429.899047852,332.618865967,82.167877197,0.162564158,0.982740879,0.084495336,0.025569974
1653512862.640456676,-433.314239502,333.877227783,82.480087280,0.157940164,0.983424544,0.085824803,0.023772109
1653512862.707584620,-433.314239502,333.877227783,82.480087280,0.157940164,0.983424544,0.085824803,0.023772109
1653512862.773266554,-436.868164062,335.117980957,82.752700806,0.153238386,0.984055221,0.087288655,0.023109877
1653512862.841132641,-436.868164062,335.117980957,82.752700806,0.153238386,0.984055221,0.087288655,0.023109877
1653512862.906924009,-441.280151367,336.570922852,82.987686157,0.147876769,0.984744072,0.088613942,0.023646163
1653512862.974177837,-441.280151367,336.570922852,82.987686157,0.147876769,0.984744072,0.088613942,0.023646163
1653512863.040174961,-444.197052002,337.617065430,83.343200684,0.142665684,0.985598087,0.088452473,0.020472297
1653512863.106941700,-444.197052002,337.617065430,83.343200684,0.142665684,0.985598087,0.088452473,0.020472297
1653512863.173648119,-447.954132080,338.841217041,83.636276245,0.136529207,0.986319363,0.090228483,0.019816956
1653512863.240165949,-447.954132080,338.841217041,83.636276245,0.136529207,0.986319363,0.090228483,0.019816956
1653512863.306677818,-451.649047852,340.017730713,83.949050903,0.130464792,0.987015247,0.091679484,0.019356363
1653512863.373268843,-451.649047852,340.017730713,83.949050903,0.130464792,0.987015247,0.091679484,0.019356363
1653512863.439958811,-454.548706055,340.969238281,84.319168091,0.125119850,0.987618566,0.093098253,0.016951667
1653512863.506558418,-454.548706055,340.969238281,84.319168091,0.125119850,0.987618566,0.093098253,0.016951667
1653512863.574600220,-458.822906494,342.214904785,84.598190308,0.119822435,0.988101780,0.094932608,0.016890343
1653512863.640001774,-458.822906494,342.214904785,84.598190308,0.119822435,0.988101780,0.094932608,0.016890343
1653512863.707355499,-462.302673340,343.257843018,84.956893921,0.114590995,0.988607168,0.096422322,0.015083527
1653512863.773550510,-462.302673340,343.257843018,84.956893921,0.114590995,0.988607168,0.096422322,0.015083527
1653512863.841645479,-465.734313965,344.243438721,85.308738708,0.109642290,0.988912404,0.099176690,0.013956178
1653512863.906699896,-465.734313965,344.243438721,85.308738708,0.109642290,0.988912404,0.099176690,0.013956178
1653512863.973413706,-469.891662598,345.345825195,85.613296509,0.104628392,0.989174724,0.101818211,0.014808782
1653512864.040096045,-469.891662598,345.345825195,85.613296509,0.104628392,0.989174724,0.101818211,0.014808782
1653512864.112591028,-473.000152588,346.195098877,85.979812622,0.099449188,0.989407003,0.104874603,0.013598642
1653512864.173373461,-473.000152588,346.195098877,85.979812622,0.099449188,0.989407003,0.104874603,0.013598642
1653512864.243988752,-477.326110840,347.241577148,86.289833069,0.094309106,0.989605904,0.107560784,0.014719064
1653512864.307255745,-477.326110840,347.241577148,86.289833069,0.094309106,0.989605904,0.107560784,0.014719064
1653512864.373469353,-481.984680176,348.271850586,86.551246643,0.088472530,0.989802897,0.110347383,0.016919551
1653512864.440333366,-481.984680176,348.271850586,86.551246643,0.088472530,0.989802897,0.110347383,0.016919551
1653512864.508420706,-485.129608154,349.001037598,86.912811279,0.082753368,0.990249932,0.110834204,0.016516266
1653512864.574949741,-485.129608154,349.001037598,86.912811279,0.082753368,0.990249932,0.110834204,0.016516266
1653512864.640060425,-489.368865967,349.888122559,87.214584351,0.077381536,0.990716636,0.110342138,0.017810123
1653512864.706957340,-489.368865967,349.888122559,87.214584351,0.077381536,0.990716636,0.110342138,0.017810123
1653512864.773512363,-492.879455566,350.626464844,87.550262451,0.071765222,0.991294086,0.108922377,0.017935142
1653512864.840103149,-492.879455566,350.626464844,87.550262451,0.071765222,0.991294086,0.108922377,0.017935142
1653512864.906654596,-497.014709473,351.416717529,87.845405579,0.065611660,0.991986036,0.106228948,0.019345738
1653512864.973979235,-497.014709473,351.416717529,87.845405579,0.065611660,0.991986036,0.106228948,0.019345738
1653512865.040711880,-501.433593750,352.206237793,88.128311157,0.059845090,0.992515087,0.104452915,0.020542923
1653512865.106712103,-501.433593750,352.206237793,88.128311157,0.059845090,0.992515087,0.104452915,0.020542923
1653512865.174374342,-504.856597900,352.836181641,88.494491577,0.053597223,0.993006289,0.103340738,0.019661188
1653512865.240088224,-504.856597900,352.836181641,88.494491577,0.053597223,0.993006289,0.103340738,0.019661188
1653512865.307990789,-509.145507812,353.519683838,88.790634155,0.046663929,0.993283570,0.103937954,0.020176399
1653512865.373539209,-509.145507812,353.519683838,88.790634155,0.046663929,0.993283570,0.103937954,0.020176399
1653512865.440047979,-513.046142578,354.117218018,89.121154785,0.040296059,0.993503392,0.104658581,0.019333180
1653512865.508740187,-513.046142578,354.117218018,89.121154785,0.040296059,0.993503392,0.104658581,0.019333180
1653512865.574113607,-517.062316895,354.665191650,89.440711975,0.033010993,0.993605256,0.106339112,0.018730342
1653512865.641381502,-517.062316895,354.665191650,89.440711975,0.033010993,0.993605256,0.106339112,0.018730342
1653512865.707381248,-521.227478027,355.189453125,89.761085510,0.025613343,0.993707657,0.107634492,0.017432705
1653512865.773191929,-521.227478027,355.189453125,89.761085510,0.025613343,0.993707657,0.107634492,0.017432705
1653512865.842298985,-524.985046387,355.654785156,90.105560303,0.018684329,0.993707240,0.109520942,0.014214067
1653512865.906948090,-524.985046387,355.654785156,90.105560303,0.018684329,0.993707240,0.109520942,0.014214067
1653512865.973409653,-529.707031250,356.120361328,90.384460449,0.011361803,0.993438661,0.113056682,0.012989398
1653512866.040848732,-529.707031250,356.120361328,90.384460449,0.011361803,0.993438661,0.113056682,0.012989398
1653512866.106967926,-533.560180664,356.518066406,90.719123840,0.004614159,0.993245363,0.115551762,0.009493306
1653512866.174741030,-533.560180664,356.518066406,90.719123840,0.004614159,0.993245363,0.115551762,0.009493306
1653512866.240095615,-537.569641113,356.871490479,91.067581177,-0.000841722,0.993032992,0.117717691,0.005223907
1653512866.306711197,-537.569641113,356.871490479,91.067581177,-0.000841722,0.993032992,0.117717691,0.005223907
1653512866.373198748,-542.267272949,357.174652100,91.379737854,-0.005156989,0.993011713,0.117879987,0.002337516
1653512866.439948559,-542.267272949,357.174652100,91.379737854,-0.005156989,0.993011713,0.117879987,0.002337516
1653512866.507191658,-545.856750488,357.429687500,91.786552429,-0.010342264,0.993327677,0.114836067,-0.002424195
1653512866.573571444,-545.856750488,357.429687500,91.786552429,-0.010342264,0.993327677,0.114836067,-0.002424195
1653512866.640377522,-550.270019531,357.622619629,92.127212524,-0.016446359,0.993615329,0.111535475,-0.004231988
1653512866.707402945,-550.270019531,357.622619629,92.127212524,-0.016446359,0.993615329,0.111535475,-0.004231988
1653512866.773492098,-554.198852539,357.778350830,92.505966187,-0.024841631,0.994004190,0.106308907,-0.006083535
1653512866.839846849,-554.198852539,357.778350830,92.505966187,-0.024841631,0.994004190,0.106308907,-0.006083535
1653512866.906544685,-557.972534180,357.884124756,92.894050598,-0.035035543,0.994282961,0.100600421,-0.007311729
1653512866.973275900,-557.972534180,357.884124756,92.894050598,-0.035035543,0.994282961,0.100600421,-0.007311729
1653512867.040102005,-562.366760254,357.932373047,93.241004944,-0.046470627,0.994274497,0.095927402,-0.007522469
1653512867.106894970,-562.366760254,357.932373047,93.241004944,-0.046470627,0.994274497,0.095927402,-0.007522469
1653512867.173267841,-566.521179199,357.952758789,93.629478455,-0.057659701,0.993953168,0.093108460,-0.007954197
1653512867.240780830,-566.521179199,357.952758789,93.629478455,-0.057659701,0.993953168,0.093108460,-0.007954197
1653512867.307920694,-570.222290039,357.959808350,94.055412292,-0.068080537,0.993329763,0.092648298,-0.008790920
1653512867.374948502,-570.222290039,357.959808350,94.055412292,-0.068080537,0.993329763,0.092648298,-0.008790920
1653512867.439944744,-575.192260742,357.849578857,94.398109436,-0.077746309,0.992402911,0.095026739,-0.007864146
1653512867.506983280,-575.192260742,357.849578857,94.398109436,-0.077746309,0.992402911,0.095026739,-0.007864146
1653512867.574032545,-578.611206055,357.833831787,94.865325928,-0.086079448,0.991450310,0.097407073,-0.011333267
1653512867.640083790,-578.611206055,357.833831787,94.865325928,-0.086079448,0.991450310,0.097407073,-0.011333267
1653512867.706727743,-582.536865234,357.753295898,95.297637939,-0.092825308,0.990644574,0.099091485,-0.013699265
1653512867.773584366,-582.536865234,357.753295898,95.297637939,-0.092825308,0.990644574,0.099091485,-0.013699265
1653512867.840347767,-587.285583496,357.534515381,95.657600403,-0.098506987,0.989968419,0.100275882,-0.014271340
1653512867.907156229,-587.285583496,357.534515381,95.657600403,-0.098506987,0.989968419,0.100275882,-0.014271340
1653512867.973200798,-590.783203125,357.411834717,96.117729187,-0.104183197,0.989388347,0.099759899,-0.017449830
1653512868.040233612,-590.783203125,357.411834717,96.117729187,-0.104183197,0.989388347,0.099759899,-0.017449830
1653512868.107014656,-595.484191895,357.114685059,96.455238342,-0.110911675,0.988629282,0.100176662,-0.016593330
1653512868.173816204,-595.484191895,357.114685059,96.455238342,-0.110911675,0.988629282,0.100176662,-0.016593330
1653512868.240252018,-599.120117188,356.920715332,96.862411499,-0.118184313,0.987856269,0.099225439,-0.018077303
1653512868.307751179,-599.120117188,356.920715332,96.862411499,-0.118184313,0.987856269,0.099225439,-0.018077303
1653512868.374102354,-603.467529297,356.577667236,97.189163208,-0.126740664,0.986906171,0.098360598,-0.016680816
1653512868.440230370,-603.467529297,356.577667236,97.189163208,-0.126740664,0.986906171,0.098360598,-0.016680816
1653512868.506868601,-607.682983398,356.218231201,97.522651672,-0.135887802,0.985838056,0.096957207,-0.016035216
1653512868.573565722,-607.682983398,356.218231201,97.522651672,-0.135887802,0.985838056,0.096957207,-0.016035216
1653512868.640960693,-611.385314941,355.903625488,97.880416870,-0.143817633,0.984878302,0.095194966,-0.016405229
1653512868.706914902,-611.385314941,355.903625488,97.880416870,-0.143817633,0.984878302,0.095194966,-0.016405229
1653512868.773658752,-615.733825684,355.445465088,98.189956665,-0.151149020,0.983932376,0.093793780,-0.015289168
1653512868.842586756,-615.733825684,355.445465088,98.189956665,-0.151149020,0.983932376,0.093793780,-0.015289168
1653512868.907688379,-619.973449707,354.965850830,98.505096436,-0.157436654,0.983086348,0.092465751,-0.014316986
1653512868.977604389,-619.973449707,354.965850830,98.505096436,-0.157436654,0.983086348,0.092465751,-0.014316986
1653512869.040369987,-624.021301270,354.469024658,98.847244263,-0.163241878,0.982287347,0.090829901,-0.014615781
1653512869.107024670,-624.021301270,354.469024658,98.847244263,-0.163241878,0.982287347,0.090829901,-0.014615781
1653512869.173470974,-628.024963379,353.938232422,99.189315796,-0.169107586,0.981465042,0.088881694,-0.015133409
1653512869.239970684,-628.024963379,353.938232422,99.189315796,-0.169107586,0.981465042,0.088881694,-0.015133409
1653512869.306935549,-631.748413086,353.441894531,99.553359985,-0.175373659,0.980569303,0.086395636,-0.016238471
1653512869.373974085,-631.748413086,353.441894531,99.553359985,-0.175373659,0.980569303,0.086395636,-0.016238471
1653512869.440958261,-636.354187012,352.681701660,99.850273132,-0.182106286,0.979308188,0.086897261,-0.015544059
1653512869.509685993,-636.354187012,352.681701660,99.850273132,-0.182106286,0.979308188,0.086897261,-0.015544059
1653512869.574013472,-640.404418945,351.995086670,100.196067810,-0.190155521,0.977682412,0.087953441,-0.015560484
1653512869.641179323,-640.404418945,351.995086670,100.196067810,-0.190155521,0.977682412,0.087953441,-0.015560484
1653512869.707312346,-644.317871094,351.278991699,100.536827087,-0.198042586,0.975905061,0.090126649,-0.016297519
1653512869.773610830,-644.317871094,351.278991699,100.536827087,-0.198042586,0.975905061,0.090126649,-0.016297519
1653512869.840641260,-648.671447754,350.407165527,100.847030640,-0.205706596,0.973990738,0.093621157,-0.016185246
1653512869.906605959,-648.671447754,350.407165527,100.847030640,-0.205706596,0.973990738,0.093621157,-0.016185246
1653512869.976892710,-652.476379395,349.649566650,101.204467773,-0.212834999,0.972060740,0.097419880,-0.017565805
1653512870.039963007,-652.476379395,349.649566650,101.204467773,-0.212834999,0.972060740,0.097419880,-0.017565805
1653512870.107197046,-656.666076660,348.736633301,101.548049927,-0.219345629,0.969983518,0.103218943,-0.019112574
1653512870.173145294,-656.666076660,348.736633301,101.548049927,-0.219345629,0.969983518,0.103218943,-0.019112574
1653512870.240261316,-660.661560059,347.846893311,101.877212524,-0.224272296,0.968326807,0.107809283,-0.020549983
1653512870.307783604,-660.661560059,347.846893311,101.877212524,-0.224272296,0.968326807,0.107809283,-0.020549983
1653512870.373294592,-664.163757324,347.071868896,102.253295898,-0.229145423,0.966703475,0.111540765,-0.023138573
1653512870.440109015,-664.163757324,347.071868896,102.253295898,-0.229145423,0.966703475,0.111540765,-0.023138573
1653512870.506791830,-668.185546875,346.107238770,102.579826355,-0.233740926,0.965174675,0.114956714,-0.024248267
1653512870.573102951,-668.185546875,346.107238770,102.579826355,-0.233740926,0.965174675,0.114956714,-0.024248267
1653512870.639795542,-672.432739258,345.005798340,102.898330688,-0.237772986,0.963789225,0.118017294,-0.025421152
1653512870.706570148,-672.432739258,345.005798340,102.898330688,-0.237772986,0.963789225,0.118017294,-0.025421152
1653512870.773661375,-675.775024414,344.138458252,103.281112671,-0.241829962,0.962530255,0.119597808,-0.027389022
1653512870.839972973,-675.775024414,344.138458252,103.281112671,-0.241829962,0.962530255,0.119597808,-0.027389022
1653512870.907380104,-679.731811523,343.015472412,103.604133606,-0.246883988,0.961120665,0.120629296,-0.027275242
1653512870.973233700,-679.731811523,343.015472412,103.604133606,-0.246883988,0.961120665,0.120629296,-0.027275242
1653512871.040435076,-682.971130371,342.105621338,103.974365234,-0.252196312,0.959819674,0.119664297,-0.028699175
1653512871.111340046,-682.971130371,342.105621338,103.974365234,-0.252196312,0.959819674,0.119664297,-0.028699175
1653512871.173451424,-686.960632324,340.861145020,104.266311646,-0.258035153,0.958278239,0.119851559,-0.027500428
1653512871.240026712,-686.960632324,340.861145020,104.266311646,-0.258035153,0.958278239,0.119851559,-0.027500428
1653512871.306786776,-690.795654297,339.628997803,104.572257996,-0.264543980,0.956718087,0.118371263,-0.026366899
1653512871.374590158,-690.795654297,339.628997803,104.572257996,-0.264543980,0.956718087,0.118371263,-0.026366899
1653512871.440555096,-693.711120605,338.710479736,104.951858521,-0.270532370,0.955315828,0.115801595,-0.027818030
1653512871.508135557,-693.711120605,338.710479736,104.951858521,-0.270532370,0.955315828,0.115801595,-0.027818030
1653512871.573366165,-698.470947266,336.950103760,105.171417236,-0.276397437,0.953645289,0.116498344,-0.024355847
1653512871.640852928,-698.470947266,336.950103760,105.171417236,-0.276397437,0.953645289,0.116498344,-0.024355847
1653512871.706549644,-701.776916504,335.745178223,105.520156860,-0.282433510,0.952069700,0.114571624,-0.025844982
1653512871.775721550,-701.776916504,335.745178223,105.520156860,-0.282433510,0.952069700,0.114571624,-0.025844982
1653512871.842490196,-705.811157227,334.154083252,105.807159424,-0.288190156,0.950335562,0.114606328,-0.025965299
1653512871.907917261,-705.811157227,334.154083252,105.807159424,-0.288190156,0.950335562,0.114606328,-0.025965299
1653512871.976842642,-709.356811523,332.735778809,106.151908875,-0.294356227,0.948387980,0.114724368,-0.027439475
1653512872.039925814,-709.356811523,332.735778809,106.151908875,-0.294356227,0.948387980,0.114724368,-0.027439475
1653512872.107370853,-712.692504883,331.378967285,106.490913391,-0.300797820,0.946246743,0.115232125,-0.029315369
1653512872.175839424,-712.692504883,331.378967285,106.490913391,-0.300797820,0.946246743,0.115232125,-0.029315369
1653512872.240648746,-716.378417969,329.785278320,106.771636963,-0.306905031,0.943985343,0.117311485,-0.030643595
1653512872.307613611,-716.378417969,329.785278320,106.771636963,-0.306905031,0.943985343,0.117311485,-0.030643595
1653512872.373191357,-720.014953613,328.187866211,107.073455811,-0.313621312,0.941509902,0.118851416,-0.032788321
1653512872.443640471,-720.014953613,328.187866211,107.073455811,-0.313621312,0.941509902,0.118851416,-0.032788321
1653512872.507264376,-723.213684082,326.745666504,107.403213501,-0.320136756,0.939050496,0.120118767,-0.035611231
1653512872.578096390,-723.213684082,326.745666504,107.403213501,-0.320136756,0.939050496,0.120118767,-0.035611231
1653512872.640027285,-727.194702148,324.841796875,107.668052673,-0.326688260,0.936463535,0.122228205,-0.037028261
1653512872.707000494,-727.194702148,324.841796875,107.668052673,-0.326688260,0.936463535,0.122228205,-0.037028261
1653512872.773984432,-730.343627930,323.322875977,108.004806519,-0.333394557,0.933863223,0.122988455,-0.040267143
1653512872.843656778,-730.343627930,323.322875977,108.004806519,-0.333394557,0.933863223,0.122988455,-0.040267143
1653512872.907640457,-733.248901367,321.900970459,108.353012085,-0.340330303,0.931153417,0.123457387,-0.043437887
1653512872.973355293,-733.248901367,321.900970459,108.353012085,-0.340330303,0.931153417,0.123457387,-0.043437887
1653512873.039839268,-737.202392578,319.804992676,108.597595215,-0.346975565,0.928247333,0.126537651,-0.044194024
1653512873.107937574,-737.202392578,319.804992676,108.597595215,-0.346975565,0.928247333,0.126537651,-0.044194024
1653512873.174323797,-740.058532715,318.279510498,108.946189880,-0.353675067,0.925384045,0.127829716,-0.047305737
1653512873.243771315,-740.058532715,318.279510498,108.946189880,-0.353675067,0.925384045,0.127829716,-0.047305737
1653512873.306689501,-743.626403809,316.263214111,109.228309631,-0.360957384,0.922159672,0.130164579,-0.048871588
1653512873.373358488,-743.626403809,316.263214111,109.228309631,-0.360957384,0.922159672,0.130164579,-0.048871588
1653512873.444758892,-746.876708984,314.388824463,109.538780212,-0.368318141,0.918947756,0.131162345,-0.051702920
1653512873.507133245,-746.876708984,314.388824463,109.538780212,-0.368318141,0.918947756,0.131162345,-0.051702920
1653512873.573613882,-749.921630859,312.576080322,109.893951416,-0.375275046,0.915767312,0.132234752,-0.055252973
1653512873.642275333,-749.921630859,312.576080322,109.893951416,-0.375275046,0.915767312,0.132234752,-0.055252973
1653512873.707255125,-753.666381836,310.188232422,110.142028809,-0.382118791,0.912465751,0.134696081,-0.056995165
1653512873.775221109,-753.666381836,310.188232422,110.142028809,-0.382118791,0.912465751,0.134696081,-0.056995165
1653512873.841824293,-756.226318359,308.564178467,110.550346375,-0.388430655,0.909590364,0.134039849,-0.061646767
1653512873.906467676,-756.226318359,308.564178467,110.550346375,-0.388430655,0.909590364,0.134039849,-0.061646767
1653512873.974205256,-759.635253906,306.246673584,110.861473083,-0.395273179,0.906296909,0.135225579,-0.064024359
1653512874.039900541,-759.635253906,306.246673584,110.861473083,-0.395273179,0.906296909,0.135225579,-0.064024359
1653512874.106947422,-762.743041992,304.075836182,111.202117920,-0.402089983,0.902939856,0.136523023,-0.066216975
1653512874.173676014,-762.743041992,304.075836182,111.202117920,-0.402089983,0.902939856,0.136523023,-0.066216975
1653512874.240071058,-765.621704102,302.007202148,111.566558838,-0.408361912,0.899745524,0.137393638,-0.069437020
1653512874.307014227,-765.621704102,302.007202148,111.566558838,-0.408361912,0.899745524,0.137393638,-0.069437020
1653512874.373239040,-768.631896973,299.769256592,111.919433594,-0.415109664,0.896273375,0.138154402,-0.072742194
1653512874.439950228,-768.631896973,299.769256592,111.919433594,-0.415109664,0.896273375,0.138154402,-0.072742194
1653512874.506542683,-771.423461914,297.633087158,112.293190002,-0.421752423,0.892948747,0.138404354,-0.074911192
1653512874.573384285,-771.423461914,297.633087158,112.293190002,-0.421752423,0.892948747,0.138404354,-0.074911192
1653512874.642932653,-774.378417969,295.286590576,112.648674011,-0.427929521,0.889923513,0.138228893,-0.076192230
1653512874.706570148,-774.378417969,295.286590576,112.648674011,-0.427929521,0.889923513,0.138228893,-0.076192230
1653512874.774255276,-777.667541504,292.569305420,112.992485046,-0.434627563,0.886638105,0.138423041,-0.076228872
1653512874.840053558,-777.667541504,292.569305420,112.992485046,-0.434627563,0.886638105,0.138423041,-0.076228872
1653512874.906624317,-779.920654297,290.671752930,113.435928345,-0.441330224,0.883525848,0.135837704,-0.078471705
1653512874.973780394,-779.920654297,290.671752930,113.435928345,-0.441330224,0.883525848,0.135837704,-0.078471705
1653512875.045550823,-782.788330078,288.129516602,113.794136047,-0.448932320,0.879876435,0.134774551,-0.078186288
1653512875.106954575,-782.788330078,288.129516602,113.794136047,-0.448932320,0.879876435,0.134774551,-0.078186288
1653512875.176427603,-785.773986816,285.376281738,114.177528381,-0.457396716,0.875787258,0.133463860,-0.077280492
1653512875.239997864,-785.773986816,285.376281738,114.177528381,-0.457396716,0.875787258,0.133463860,-0.077280492
1653512875.308443308,-788.058105469,283.216369629,114.593276978,-0.465619892,0.871579349,0.132402375,-0.077570267
1653512875.373127222,-788.058105469,283.216369629,114.593276978,-0.465619892,0.871579349,0.132402375,-0.077570267
1653512875.440358162,-790.927856445,280.423522949,114.928382874,-0.474411100,0.866982639,0.132261723,-0.076039575
1653512875.506986618,-790.927856445,280.423522949,114.928382874,-0.474411100,0.866982639,0.132261723,-0.076039575
1653512875.573491812,-793.299255371,278.068267822,115.328598022,-0.483148366,0.862557769,0.130175442,-0.074940450
1653512875.640551329,-793.299255371,278.068267822,115.328598022,-0.483148366,0.862557769,0.130175442,-0.074940450
1653512875.707381725,-795.967773438,275.306457520,115.689086914,-0.492065519,0.857677758,0.129616916,-0.073890880
1653512875.776346445,-795.967773438,275.306457520,115.689086914,-0.492065519,0.857677758,0.129616916,-0.073890880
1653512875.840146065,-798.496154785,272.614227295,116.069877625,-0.500256300,0.853093028,0.128685191,-0.073593423
1653512875.906533957,-798.496154785,272.614227295,116.069877625,-0.500256300,0.853093028,0.128685191,-0.073593423
1653512875.973467350,-801.044189453,269.824554443,116.436645508,-0.508413911,0.848278940,0.128139526,-0.074285805
1653512876.039819479,-801.044189453,269.824554443,116.436645508,-0.508413911,0.848278940,0.128139526,-0.074285805
1653512876.106518030,-803.781188965,266.677764893,116.778968811,-0.516545355,0.843137503,0.129349858,-0.074623480
1653512876.174315214,-803.781188965,266.677764893,116.778968811,-0.516545355,0.843137503,0.129349858,-0.074623480
1653512876.240056515,-805.918701172,264.171264648,117.202468872,-0.523531139,0.838625848,0.128815711,-0.077642418
1653512876.308624268,-805.918701172,264.171264648,117.202468872,-0.523531139,0.838625848,0.128815711,-0.077642418
1653512876.373125076,-808.337768555,261.226379395,117.568679810,-0.530221224,0.834213138,0.129044771,-0.079381078
1653512876.441427231,-808.337768555,261.226379395,117.568679810,-0.530221224,0.834213138,0.129044771,-0.079381078
1653512876.507260323,-810.752868652,258.169372559,117.925994873,-0.536799312,0.829666853,0.130191609,-0.080929622
1653512876.573557377,-810.752868652,258.169372559,117.925994873,-0.536799312,0.829666853,0.130191609,-0.080929622
1653512876.640880585,-812.873352051,255.442276001,118.319732666,-0.543070197,0.825219929,0.130498528,-0.084005557
1653512876.706779003,-812.873352051,255.442276001,118.319732666,-0.543070197,0.825219929,0.130498528,-0.084005557
1653512876.775049925,-815.504211426,251.863784790,118.619514465,-0.549599707,0.820422232,0.132905081,-0.084757246
1653512876.845124006,-815.504211426,251.863784790,118.619514465,-0.549599707,0.820422232,0.132905081,-0.084757246
1653512876.907261610,-817.494262695,249.157836914,119.021018982,-0.556142449,0.815738976,0.132751137,-0.087479457
1653512876.973346472,-817.494262695,249.157836914,119.021018982,-0.556142449,0.815738976,0.132751137,-0.087479457
1653512877.040088892,-819.483215332,246.362747192,119.385910034,-0.562843084,0.810873628,0.132086277,-0.090801239
1653512877.108302355,-819.483215332,246.362747192,119.385910034,-0.562843084,0.810873628,0.132086277,-0.090801239
1653512877.173493862,-821.592712402,243.284866333,119.721382141,-0.569893122,0.805768907,0.132635623,-0.091466494
1653512877.239798307,-821.592712402,243.284866333,119.721382141,-0.569893122,0.805768907,0.132635623,-0.091466494
1653512877.310629606,-823.726196289,240.007568359,120.042350769,-0.576953709,0.800525367,0.133588448,-0.091857061
1653512877.377589703,-823.726196289,240.007568359,120.042350769,-0.576953709,0.800525367,0.133588448,-0.091857061
1653512877.441233397,-825.609680176,236.980712891,120.407913208,-0.584048450,0.795200050,0.133371234,-0.093575507
1653512877.507687330,-825.609680176,236.980712891,120.407913208,-0.584048450,0.795200050,0.133371234,-0.093575507
1653512877.574064493,-827.442687988,233.920120239,120.728462219,-0.590920508,0.790190995,0.133204043,-0.093100905
1653512877.640163183,-827.442687988,233.920120239,120.728462219,-0.590920508,0.790190995,0.133204043,-0.093100905
1653512877.706672430,-829.301513672,230.692337036,121.035652161,-0.597960472,0.784867644,0.133362100,-0.092954919
1653512877.773249388,-829.301513672,230.692337036,121.035652161,-0.597960472,0.784867644,0.133362100,-0.092954919
1653512877.840425730,-831.050048828,227.519561768,121.340118408,-0.604164004,0.779983819,0.133457527,-0.093809187
1653512877.906515598,-831.050048828,227.519561768,121.340118408,-0.604164004,0.779983819,0.133457527,-0.093809187
1653512877.973245144,-832.832885742,224.145614624,121.629066467,-0.610921025,0.774758279,0.133231848,-0.093671516
1653512878.039705992,-832.832885742,224.145614624,121.629066467,-0.610921025,0.774758279,0.133231848,-0.093671516
1653512878.106561899,-834.393188477,221.084274292,121.943031311,-0.617424607,0.769659817,0.132094383,-0.094666325
1653512878.173329592,-834.393188477,221.084274292,121.943031311,-0.617424607,0.769659817,0.132094383,-0.094666325
1653512878.239793777,-836.290588379,217.144424438,122.173820496,-0.623278081,0.764741898,0.133374199,-0.094369471
1653512878.308558702,-836.290588379,217.144424438,122.173820496,-0.623278081,0.764741898,0.133374199,-0.094369471
1653512878.373348475,-837.626464844,214.245223999,122.510490417,-0.629136324,0.760005236,0.131651402,-0.096163400
1653512878.439963102,-837.626464844,214.245223999,122.510490417,-0.629136324,0.760005236,0.131651402,-0.096163400
1653512878.507603168,-839.286621094,210.366180420,122.739685059,-0.635595858,0.754552066,0.132085696,-0.096033521
1653512878.573255301,-839.286621094,210.366180420,122.739685059,-0.635595858,0.754552066,0.132085696,-0.096033521
1653512878.640227795,-840.622192383,207.086227417,123.036651611,-0.641216874,0.749878526,0.130328909,-0.097660206
1653512878.706390381,-840.622192383,207.086227417,123.036651611,-0.641216874,0.749878526,0.130328909,-0.097660206
1653512878.773425102,-841.726135254,204.329589844,123.364387512,-0.647521257,0.744888186,0.126691028,-0.099031098
1653512878.840055466,-841.726135254,204.329589844,123.364387512,-0.647521257,0.744888186,0.126691028,-0.099031098
1653512878.907286167,-843.148559570,200.540527344,123.572166443,-0.654078484,0.739273071,0.126509771,-0.098244093
1653512878.973066092,-843.148559570,200.540527344,123.572166443,-0.654078484,0.739273071,0.126509771,-0.098244093
1653512879.040608406,-844.383178711,197.011398315,123.816276550,-0.660362959,0.733702302,0.125551417,-0.099189505
1653512879.108667612,-844.383178711,197.011398315,123.816276550,-0.660362959,0.733702302,0.125551417,-0.099189505
1653512879.173258066,-845.433471680,193.747482300,124.076438904,-0.666345417,0.728269398,0.124348365,-0.100722007
1653512879.239745617,-845.433471680,193.747482300,124.076438904,-0.666345417,0.728269398,0.124348365,-0.100722007
1653512879.306729078,-846.530883789,190.214279175,124.302238464,-0.672229826,0.722927213,0.123063155,-0.101679586
1653512879.373306513,-846.530883789,190.214279175,124.302238464,-0.672229826,0.722927213,0.123063155,-0.101679586
1653512879.440283298,-847.530334473,186.895950317,124.550125122,-0.677875340,0.717798412,0.121134348,-0.102844067
1653512879.506860495,-847.530334473,186.895950317,124.550125122,-0.677875340,0.717798412,0.121134348,-0.102844067
1653512879.574419737,-848.511718750,183.440979004,124.774398804,-0.683482230,0.712309599,0.120618328,-0.104490481
1653512879.641397476,-848.511718750,183.440979004,124.774398804,-0.683482230,0.712309599,0.120618328,-0.104490481
1653512879.706654549,-849.407775879,180.134307861,125.004882812,-0.688825667,0.707211554,0.119375065,-0.105454132
1653512879.773302078,-849.407775879,180.134307861,125.004882812,-0.688825667,0.707211554,0.119375065,-0.105454132
1653512879.840375662,-850.244140625,176.838821411,125.205444336,-0.693730295,0.702828526,0.117645770,-0.104545727
1653512879.906545639,-850.244140625,176.838821411,125.205444336,-0.693730295,0.702828526,0.117645770,-0.104545727
1653512879.973346949,-851.064147949,173.298049927,125.375534058,0.698725283,-0.698456168,-0.115675151,0.102767684
1653512880.040669680,-851.064147949,173.298049927,125.375534058,0.698725283,-0.698456168,-0.115675151,0.102767684
1653512880.106472969,-851.900695801,169.373626709,125.495170593,0.703673720,-0.694395065,-0.113712937,0.098631322
1653512880.173037529,-851.900695801,169.373626709,125.495170593,0.703673720,-0.694395065,-0.113712937,0.098631322
1653512880.240692854,-852.582580566,165.924163818,125.658088684,0.707928956,-0.690946221,-0.110542975,0.095969379
1653512880.308911562,-852.582580566,165.924163818,125.658088684,0.707928956,-0.690946221,-0.110542975,0.095969379
1653512880.373355150,-853.211425781,162.549057007,125.818122864,0.712755263,-0.687082946,-0.106560223,0.092422105
1653512880.440043211,-853.211425781,162.549057007,125.818122864,0.712755263,-0.687082946,-0.106560223,0.092422105
1653512880.506740808,-853.700744629,159.777633667,126.014160156,0.717666030,-0.682884872,-0.102363214,0.090252422
1653512880.573348045,-853.700744629,159.777633667,126.014160156,0.717666030,-0.682884872,-0.102363214,0.090252422
1653512880.639873505,-854.362915039,155.373062134,126.022232056,0.722474992,-0.678290427,-0.102832600,0.085891791
1653512880.706757545,-854.362915039,155.373062134,126.022232056,0.722474992,-0.678290427,-0.102832600,0.085891791
1653512880.774456501,-854.861816406,151.511581421,126.098731995,0.727427065,-0.673394203,-0.101825826,0.083794974
1653512880.841771603,-854.861816406,151.511581421,126.098731995,0.727427065,-0.673394203,-0.101825826,0.083794974
1653512880.908111334,-855.270324707,148.326965332,126.243888855,0.732696772,-0.668369055,-0.098429441,0.082157426
1653512880.973469734,-855.270324707,148.326965332,126.243888855,0.732696772,-0.668369055,-0.098429441,0.082157426
1653512881.040576220,-855.700378418,144.492950439,126.294601440,0.737374783,-0.663725793,-0.096929416,0.079693973
1653512881.107134104,-855.700378418,144.492950439,126.294601440,0.737374783,-0.663725793,-0.096929416,0.079693973
1653512881.173123121,-856.036437988,140.823577881,126.351318359,0.741913676,-0.658891618,-0.096030749,0.078765646
1653512881.244898796,-856.036437988,140.823577881,126.351318359,0.741913676,-0.658891618,-0.096030749,0.078765646
1653512881.306532383,-856.299133301,137.601333618,126.451896667,0.746404290,-0.654340565,-0.093167983,0.077709891
1653512881.374571800,-856.299133301,137.601333618,126.451896667,0.746404290,-0.654340565,-0.093167983,0.077709891
1653512881.440124512,-856.572265625,133.552032471,126.451126099,0.750457227,-0.650037885,-0.092194431,0.075926825
1653512881.506663322,-856.572265625,133.552032471,126.451126099,0.750457227,-0.650037885,-0.092194431,0.075926825
1653512881.573902607,-856.790832520,130.284164429,126.544586182,0.754187882,-0.646181047,-0.089421175,0.075196691
1653512881.640220881,-856.790832520,130.284164429,126.544586182,0.754187882,-0.646181047,-0.089421175,0.075196691
1653512881.706693888,-856.981628418,126.384765625,126.550498962,0.757901967,-0.642147005,-0.088043027,0.074028708
1653512881.773117304,-856.981628418,126.384765625,126.550498962,0.757901967,-0.642147005,-0.088043027,0.074028708
1653512881.839927912,-857.129150391,123.200622559,126.633964539,0.760874391,-0.639121294,-0.084942944,0.073340453
1653512881.906690359,-857.129150391,123.200622559,126.633964539,0.760874391,-0.639121294,-0.084942944,0.073340453
1653512881.973837376,-857.207641602,119.107124329,126.594360352,0.764160275,-0.635503352,-0.084225170,0.071419105
1653512882.039797783,-857.207641602,119.107124329,126.594360352,0.764160275,-0.635503352,-0.084225170,0.071419105
1653512882.108576775,-857.277343750,115.837081909,126.660408020,0.767359316,-0.632178664,-0.081304356,0.069996223
1653512882.173222542,-857.277343750,115.837081909,126.660408020,0.767359316,-0.632178664,-0.081304356,0.069996223
1653512882.241312981,-857.242431641,111.649337769,126.601287842,0.770778775,-0.628334105,-0.080482937,0.067961812
1653512882.306300163,-857.242431641,111.649337769,126.601287842,0.770778775,-0.628334105,-0.080482937,0.067961812
1653512882.373183250,-857.166564941,107.828186035,126.586029053,0.774514914,-0.624122441,-0.078501806,0.066598214
1653512882.440010071,-857.166564941,107.828186035,126.586029053,0.774514914,-0.624122441,-0.078501806,0.066598214
1653512882.506343126,-857.145751953,104.928649902,126.674049377,0.778258741,-0.620107830,-0.074157491,0.065423876
1653512882.580049992,-857.145751953,104.928649902,126.674049377,0.778258741,-0.620107830,-0.074157491,0.065423876
1653512882.640448332,-857.036010742,101.239089966,126.646118164,0.782014489,-0.615806699,-0.071698748,0.063990429
1653512882.706309080,-857.036010742,101.239089966,126.646118164,0.782014489,-0.615806699,-0.071698748,0.063990429
1653512882.773041487,-856.802917480,96.932106018,126.553321838,0.785568774,-0.611423850,-0.071712054,0.062449686
1653512882.839809895,-856.802917480,96.932106018,126.553321838,0.785568774,-0.611423850,-0.071712054,0.062449686
1653512882.906400204,-856.623474121,93.494514465,126.572616577,0.789042175,-0.607284069,-0.069115281,0.061980031
1653512882.974159479,-856.623474121,93.494514465,126.572616577,0.789042175,-0.607284069,-0.069115281,0.061980031
1653512883.040641308,-856.365966797,89.681877136,126.534347534,0.791884959,-0.603867233,-0.067388318,0.061003059
1653512883.106250763,-856.365966797,89.681877136,126.534347534,0.791884959,-0.603867233,-0.067388318,0.061003059
1653512883.174281836,-856.124450684,86.177589417,126.540618896,0.794821143,-0.600345254,-0.064546846,0.060651653
1653512883.240564585,-856.124450684,86.177589417,126.540618896,0.794821143,-0.600345254,-0.064546846,0.060651653
1653512883.307074785,-855.820739746,82.501632690,126.514694214,0.797788799,-0.596699238,-0.062104568,0.060216557
1653512883.373396397,-855.820739746,82.501632690,126.514694214,0.797788799,-0.596699238,-0.062104568,0.060216557
1653512883.440044880,-855.416015625,78.519371033,126.444900513,0.800191104,-0.593695045,-0.059870604,0.060298629
1653512883.506285906,-855.416015625,78.519371033,126.444900513,0.800191104,-0.593695045,-0.059870604,0.060298629
1653512883.573008299,-855.098999023,75.198997498,126.466384888,0.802896261,-0.590337336,-0.055775560,0.061225522
1653512883.644516230,-855.098999023,75.198997498,126.466384888,0.802896261,-0.590337336,-0.055775560,0.061225522
1653512883.707282543,-854.702392578,71.543357849,126.431091309,0.805568814,-0.587041855,-0.052007515,0.061122749
1653512883.773544312,-854.702392578,71.543357849,126.431091309,0.805568814,-0.587041855,-0.052007515,0.061122749
1653512883.840317488,-854.242736816,67.745277405,126.381217957,0.807722449,-0.584363997,-0.048244994,0.061446048
1653512883.907147646,-854.242736816,67.745277405,126.381217957,0.807722449,-0.584363997,-0.048244994,0.061446048
1653512883.973632574,-853.742431641,63.969448090,126.327804565,0.809889317,-0.581651926,-0.044768538,0.061287235
1653512884.040434837,-853.742431641,63.969448090,126.327804565,0.809889317,-0.581651926,-0.044768538,0.061287235
1653512884.107090950,-853.245300293,60.370048523,126.290954590,0.811883152,-0.579255044,-0.041059446,0.060195487
1653512884.173257113,-853.245300293,60.370048523,126.290954590,0.811883152,-0.579255044,-0.041059446,0.060195487
1653512884.240085840,-852.747924805,56.862720490,126.260574341,0.813515007,-0.577323020,-0.037402991,0.059096944
1653512884.306687117,-852.747924805,56.862720490,126.260574341,0.813515007,-0.577323020,-0.037402991,0.059096944
1653512884.374323368,-852.166931152,53.126056671,126.191131592,0.815343499,-0.575164914,-0.034425840,0.056702975
1653512884.439754725,-852.166931152,53.126056671,126.191131592,0.815343499,-0.575164914,-0.034425840,0.056702975
1653512884.506747961,-851.511779785,49.280719757,126.110404968,0.817191243,-0.572901905,-0.032116890,0.054317590
1653512884.573202133,-851.511779785,49.280719757,126.110404968,0.817191243,-0.572901905,-0.032116890,0.054317590
1653512884.640099049,-850.912475586,45.776081085,126.069114685,0.818881273,-0.570920825,-0.028982367,0.051408574
1653512884.707544088,-850.912475586,45.776081085,126.069114685,0.818881273,-0.570920825,-0.028982367,0.051408574
1653512884.773941755,-850.308349609,42.271034241,126.029495239,0.820658803,-0.568832755,-0.025549732,0.047912452
1653512884.841835260,-850.308349609,42.271034241,126.029495239,0.820658803,-0.568832755,-0.025549732,0.047912452
1653512884.908013582,-849.699829102,38.750831604,125.993850708,0.822338343,-0.566837072,-0.022088408,0.044356450
1653512884.974237680,-849.699829102,38.750831604,125.993850708,0.822338343,-0.566837072,-0.022088408,0.044356450
1653512885.039997339,-849.033691406,35.073757172,125.945388794,0.823365808,-0.565713286,-0.018864088,0.041003749
1653512885.106660843,-849.033691406,35.073757172,125.945388794,0.823365808,-0.565713286,-0.018864088,0.041003749
1653512885.173114777,-848.346679688,31.521657944,125.909957886,0.824334323,-0.564605415,-0.015793672,0.038002666
1653512885.240692616,-848.346679688,31.521657944,125.909957886,0.824334323,-0.564605415,-0.015793672,0.038002666
1653512885.308707714,-847.592712402,27.872467041,125.864578247,0.825338900,-0.563386440,-0.012533061,0.035417438
1653512885.373093367,-847.592712402,27.872467041,125.864578247,0.825338900,-0.563386440,-0.012533061,0.035417438
1653512885.439871550,-846.876464844,24.338174820,125.847900391,0.826088548,-0.562403500,-0.009111837,0.034598179
1653512885.506706953,-846.876464844,24.338174820,125.847900391,0.826088548,-0.562403500,-0.009111837,0.034598179
1653512885.573730230,-846.078918457,20.656600952,125.795608521,0.826827824,-0.561291575,-0.007392613,0.035396479
1653512885.640040874,-846.078918457,20.656600952,125.795608521,0.826827824,-0.561291575,-0.007392613,0.035396479
1653512885.709414721,-845.198730469,16.805278778,125.735061646,0.827598810,-0.559999883,-0.006200655,0.037972677
1653512885.773339033,-845.198730469,16.805278778,125.735061646,0.827598810,-0.559999883,-0.006200655,0.037972677
1653512885.840298653,-844.503173828,13.503816605,125.758857727,0.827771842,-0.559594572,-0.002747488,0.040498264
1653512885.906369209,-844.503173828,13.503816605,125.758857727,0.827771842,-0.559594572,-0.002747488,0.040498264
1653512885.973086834,-843.678100586,9.927539825,125.720046997,0.827938378,-0.559272230,0.000332893,0.041623656
1653512886.039966106,-843.678100586,9.927539825,125.720046997,0.827938378,-0.559272230,0.000332893,0.041623656
1653512886.106321812,-842.794250488,6.185298443,125.680824280,0.827671766,-0.559655905,0.003779139,0.041598741
1653512886.173016787,-842.794250488,6.185298443,125.680824280,0.827671766,-0.559655905,0.003779139,0.041598741
1653512886.240726709,-841.881042480,2.414910555,125.643951416,0.827126741,-0.560482085,0.006957995,0.040899202
1653512886.306504965,-841.881042480,2.414910555,125.643951416,0.827126741,-0.560482085,0.006957995,0.040899202
1653512886.373756170,-840.952087402,-1.341611385,125.612663269,0.826544821,-0.561392009,0.009489192,0.039656132
1653512886.439655542,-840.952087402,-1.341611385,125.612663269,0.826544821,-0.561392009,0.009489192,0.039656132
1653512886.506991863,-840.405395508,-4.140384197,125.694343567,0.826211691,-0.561878264,0.013205208,0.038635153
1653512886.573174238,-840.405395508,-4.140384197,125.694343567,0.826211691,-0.561878264,0.013205208,0.038635153
1653512886.640841484,-839.534179688,-7.709148407,125.648933411,0.825589657,-0.562894166,0.013652996,0.036952127
1653512886.706629992,-839.534179688,-7.709148407,125.648933411,0.825589657,-0.562894166,0.013652996,0.036952127
1653512886.772922516,-838.498107910,-11.638136864,125.569595337,0.825414062,-0.563277304,0.013399329,0.035081867
1653512886.839991093,-838.498107910,-11.638136864,125.569595337,0.825414062,-0.563277304,0.013399329,0.035081867
1653512886.906347752,-837.633056641,-15.082213402,125.558692932,0.825331748,-0.563487530,0.014362306,0.033211604
1653512886.973078966,-837.633056641,-15.082213402,125.558692932,0.825331748,-0.563487530,0.014362306,0.033211604
1653512887.040136099,-836.922912598,-18.201921463,125.593307495,0.825045228,-0.563953340,0.016899068,0.031167623
1653512887.109222651,-836.922912598,-18.201921463,125.593307495,0.825045228,-0.563953340,0.016899068,0.031167623
1653512887.173294306,-836.117614746,-21.565242767,125.590270996,0.825219214,-0.563767433,0.018738443,0.028781444
1653512887.239916801,-836.117614746,-21.565242767,125.590270996,0.825219214,-0.563767433,0.018738443,0.028781444
1653512887.308935881,-835.305908203,-24.924896240,125.587020874,0.825406611,-0.563544750,0.020526547,0.026454771
1653512887.373458147,-835.305908203,-24.924896240,125.587020874,0.825406611,-0.563544750,0.020526547,0.026454771
1653512887.440004826,-834.328247070,-28.681632996,125.545562744,0.825611174,-0.563284099,0.021496804,0.024800170
1653512887.506543398,-834.328247070,-28.681632996,125.545562744,0.825611174,-0.563284099,0.021496804,0.024800170
1653512887.573743105,-833.586425781,-31.835609436,125.570022583,0.826078773,-0.562584341,0.023312859,0.023435416
1653512887.639956951,-833.586425781,-31.835609436,125.570022583,0.826078773,-0.562584341,0.023312859,0.023435416
1653512887.706678629,-832.769287109,-35.158905029,125.572700500,0.826533318,-0.561906755,0.024484012,0.022451801
1653512887.773088932,-832.769287109,-35.158905029,125.572700500,0.826533318,-0.561906755,0.024484012,0.022451801
1653512887.839931965,-831.851196289,-38.667190552,125.543006897,0.826667428,-0.561710060,0.025343606,0.021459976
1653512887.907653809,-831.851196289,-38.667190552,125.543006897,0.826667428,-0.561710060,0.025343606,0.021459976
1653512887.977065086,-830.975524902,-42.054767609,125.525177002,0.827064991,-0.561122715,0.025888728,0.020847071
1653512888.039676905,-830.975524902,-42.054767609,125.525177002,0.827064991,-0.561122715,0.025888728,0.020847071
1653512888.107297421,-829.878845215,-45.919815063,125.455795288,0.827304363,-0.560797632,0.025688006,0.020337092
1653512888.173295498,-829.878845215,-45.919815063,125.455795288,0.827304363,-0.560797632,0.025688006,0.020337092
1653512888.239687920,-829.192321777,-48.869052887,125.473541260,0.827229679,-0.560842156,0.027073214,0.020351831
1653512888.309564590,-829.192321777,-48.869052887,125.473541260,0.827229679,-0.560842156,0.027073214,0.020351831
1653512888.373536110,-828.169738770,-52.588790894,125.393379211,0.827484190,-0.560485542,0.026800791,0.020188421
1653512888.439815760,-828.169738770,-52.588790894,125.393379211,0.827484190,-0.560485542,0.026800791,0.020188421
1653512888.506204844,-827.228820801,-56.135772705,125.347358704,0.827648222,-0.560233533,0.027062546,0.020110603
1653512888.574615240,-827.228820801,-56.135772705,125.347358704,0.827648222,-0.560233533,0.027062546,0.020110603
1653512888.640065908,-826.456848145,-59.327552795,125.336166382,0.827420950,-0.560526371,0.027641296,0.020513350
1653512888.706323147,-826.456848145,-59.327552795,125.336166382,0.827420950,-0.560526371,0.027641296,0.020513350
1653512888.773492575,-825.429565430,-63.055240631,125.260147095,0.827746987,-0.560118258,0.026458096,0.020062093
1653512888.840099573,-825.429565430,-63.055240631,125.260147095,0.827746987,-0.560118258,0.026458096,0.020062093
1653512888.906356335,-824.550231934,-66.417495728,125.229072571,0.828083277,-0.559626043,0.026392881,0.020006405
1653512888.973457575,-824.550231934,-66.417495728,125.229072571,0.828083277,-0.559626043,0.026392881,0.020006405
1653512889.040653706,-823.659912109,-69.794067383,125.190200806,0.828004658,-0.559780777,0.026041595,0.019381307
1653512889.109344006,-823.659912109,-69.794067383,125.190200806,0.828004658,-0.559780777,0.026041595,0.019381307
1653512889.174730539,-822.645446777,-73.415611267,125.126091003,0.828454375,-0.559168339,0.025661079,0.018318806
1653512889.239877701,-822.645446777,-73.415611267,125.126091003,0.828454375,-0.559168339,0.025661079,0.018318806
1653512889.306556463,-821.864257812,-76.591461182,125.108085632,0.829048932,-0.558317423,0.025738165,0.017235963
1653512889.373603821,-821.864257812,-76.591461182,125.108085632,0.829048932,-0.558317423,0.025738165,0.017235963
1653512889.440481424,-821.193664551,-79.563201904,125.097526550,0.829581916,-0.557556212,0.026132429,0.015558398
1653512889.507755280,-821.193664551,-79.563201904,125.097526550,0.829581916,-0.557556212,0.026132429,0.015558398
1653512889.573055983,-820.146240234,-83.279548645,124.996284485,0.830328524,-0.556575298,0.024248447,0.013802848
1653512889.639686823,-820.146240234,-83.279548645,124.996284485,0.830328524,-0.556575298,0.024248447,0.013802848
1653512889.706963301,-819.029418945,-87.092956543,124.886199951,0.831035972,-0.555637419,0.022308728,0.012190505
1653512889.772994995,-819.029418945,-87.092956543,124.886199951,0.831035972,-0.555637419,0.022308728,0.012190505
1653512889.840451241,-818.316650391,-90.115074158,124.863128662,0.831615984,-0.554805398,0.022141689,0.010751452
1653512889.907860279,-818.316650391,-90.115074158,124.863128662,0.831615984,-0.554805398,0.022141689,0.010751452
1653512889.978733301,-817.361145020,-93.627517700,124.767021179,0.832422495,-0.553691030,0.020540358,0.008781499
1653512890.040423870,-817.361145020,-93.627517700,124.767021179,0.832422495,-0.553691030,0.020540358,0.008781499
1653512890.108516455,-816.294555664,-97.421325684,124.653732300,0.833182514,-0.552620769,0.019020747,0.007445715
1653512890.173145056,-816.294555664,-97.421325684,124.653732300,0.833182514,-0.552620769,0.019020747,0.007445715
1653512890.239512444,-815.726562500,-100.095092773,124.635383606,0.833512425,-0.552109897,0.019305648,0.007680444
1653512890.306272745,-815.726562500,-100.095092773,124.635383606,0.833512425,-0.552109897,0.019305648,0.007680444
1653512890.372860670,-814.630249023,-103.804512024,124.497283936,0.834215403,-0.551125824,0.017414026,0.006462860
1653512890.439715624,-814.630249023,-103.804512024,124.497283936,0.834215403,-0.551125824,0.017414026,0.006462860
1653512890.508437872,-813.874511719,-106.900947571,124.442092896,0.834696531,-0.550387144,0.017689792,0.006538426
1653512890.579605103,-813.874511719,-106.900947571,124.442092896,0.834696531,-0.550387144,0.017689792,0.006538426
1653512890.640834093,-812.809631348,-110.616950989,124.320259094,0.834956169,-0.550005972,0.017375963,0.006307328
1653512890.706453800,-812.809631348,-110.616950989,124.320259094,0.834956169,-0.550005972,0.017375963,0.006307328
1653512890.774117231,-811.623840332,-114.502517700,124.176216125,0.835530758,-0.549153447,0.016712626,0.006289889
1653512890.841426611,-811.623840332,-114.502517700,124.176216125,0.835530758,-0.549153447,0.016712626,0.006289889
1653512890.908212900,-811.028259277,-117.277168274,124.147422791,0.835938811,-0.548450291,0.018516222,0.008105155
1653512890.973234892,-811.028259277,-117.277168274,124.147422791,0.835938811,-0.548450291,0.018516222,0.008105155
1653512891.040030241,-810.017089844,-120.848937988,124.010520935,0.836102307,-0.548188269,0.018109988,0.009724283
1653512891.107073307,-810.017089844,-120.848937988,124.010520935,0.836102307,-0.548188269,0.018109988,0.009724283
1653512891.173048019,-809.144409180,-124.139022827,123.895957947,0.836381793,-0.547721028,0.017951947,0.012036534
1653512891.240793705,-809.144409180,-124.139022827,123.895957947,0.836381793,-0.547721028,0.017951947,0.012036534
1653512891.306348324,-808.127258301,-127.728759766,123.736885071,0.836469114,-0.547591627,0.016514612,0.013787434
1653512891.373228312,-808.127258301,-127.728759766,123.736885071,0.836469114,-0.547591627,0.016514612,0.013787434
1653512891.439678669,-807.286010742,-131.032150269,123.600364685,0.836391151,-0.547707677,0.015024528,0.015504603
1653512891.506158590,-807.286010742,-131.032150269,123.600364685,0.836391151,-0.547707677,0.015024528,0.015504603
1653512891.573468924,-806.651733398,-133.936462402,123.488128662,0.836856186,-0.546970785,0.013892327,0.017368022
1653512891.641502857,-806.651733398,-133.936462402,123.488128662,0.836856186,-0.546970785,0.013892327,0.017368022
1653512891.706547260,-805.766479492,-137.298675537,123.313308716,0.837162316,-0.546506643,0.011589962,0.018852133
1653512891.773877144,-805.766479492,-137.298675537,123.313308716,0.837162316,-0.546506643,0.011589962,0.018852133
1653512891.839588404,-804.524353027,-141.283172607,123.079483032,0.837378085,-0.546197712,0.008147724,0.019990366
1653512891.907247782,-804.524353027,-141.283172607,123.079483032,0.837378085,-0.546197712,0.008147724,0.019990366
1653512891.972831964,-803.750305176,-144.344421387,122.949028015,0.837596595,-0.545847356,0.006356061,0.021028932
1653512892.039609432,-803.750305176,-144.344421387,122.949028015,0.837596595,-0.545847356,0.006356061,0.021028932
1653512892.107004404,-802.895324707,-147.541351318,122.789443970,0.837923467,-0.545322895,0.004888641,0.021984583
1653512892.173166275,-802.895324707,-147.541351318,122.789443970,0.837923467,-0.545322895,0.004888641,0.021984583
1653512892.240040064,-801.634399414,-151.504943848,122.555892944,0.838086843,-0.545065701,0.002439461,0.022536382
1653512892.306945086,-801.634399414,-151.504943848,122.555892944,0.838086843,-0.545065701,0.002439461,0.022536382
1653512892.373026609,-800.847045898,-154.510040283,122.425170898,0.838484347,-0.544442713,0.002115162,0.022840260
1653512892.439833403,-800.847045898,-154.510040283,122.425170898,0.838484347,-0.544442713,0.002115162,0.022840260
1653512892.506297112,-799.841552734,-157.979461670,122.236152649,0.838755012,-0.544056892,0.001310237,0.022145759
1653512892.573039055,-799.841552734,-157.979461670,122.236152649,0.838755012,-0.544056892,0.001310237,0.022145759
1653512892.640028238,-799.006225586,-161.110870361,122.080490112,0.838895142,-0.543850780,0.001316310,0.021897921
1653512892.706538200,-799.006225586,-161.110870361,122.080490112,0.838895142,-0.543850780,0.001316310,0.021897921
1653512892.772993565,-797.682861328,-165.180053711,121.822692871,0.839059353,-0.543639779,-0.000593349,0.020852560
1653512892.839539289,-797.682861328,-165.180053711,121.822692871,0.839059353,-0.543639779,-0.000593349,0.020852560
1653512892.906290770,-796.697021484,-168.528091431,121.642913818,0.839277983,-0.543301463,-0.000638222,0.020870531
1653512892.972955942,-796.697021484,-168.528091431,121.642913818,0.839277983,-0.543301463,-0.000638222,0.020870531
1653512893.042364597,-795.847839355,-171.609359741,121.484375000,0.839320600,-0.543243945,0.000519539,0.020655844
1653512893.106508255,-795.847839355,-171.609359741,121.484375000,0.839320600,-0.543243945,0.000519539,0.020655844
1653512893.172822952,-794.976501465,-174.732879639,121.315040588,0.839653254,-0.542737126,0.001819871,0.020383222
1653512893.242372751,-794.976501465,-174.732879639,121.315040588,0.839653254,-0.542737126,0.001819871,0.020383222
1653512893.308541059,-793.690856934,-178.557403564,121.061782837,0.839761615,-0.542569160,0.001952506,0.020379690
1653512893.372889280,-793.690856934,-178.557403564,121.061782837,0.839761615,-0.542569160,0.001952506,0.020379690
1653512893.440227509,-792.582641602,-182.047454834,120.853622437,0.839655876,-0.542714596,0.003372935,0.020676073
1653512893.508074999,-792.582641602,-182.047454834,120.853622437,0.839655876,-0.542714596,0.003372935,0.020676073
1653512893.573474407,-791.721313477,-185.018173218,120.691184998,0.839774191,-0.542473078,0.006341014,0.021495610
1653512893.640502930,-791.721313477,-185.018173218,120.691184998,0.839774191,-0.542473078,0.006341014,0.021495610
1653512893.707462311,-790.500854492,-188.648635864,120.456428528,0.840169132,-0.541834772,0.008460367,0.021431556
1653512893.775568962,-790.500854492,-188.648635864,120.456428528,0.840169132,-0.541834772,0.008460367,0.021431556
1653512893.843784571,-789.125854492,-192.580322266,120.204048157,0.840205431,-0.541742206,0.010747728,0.021324059
1653512893.906590462,-789.125854492,-192.580322266,120.204048157,0.840205431,-0.541742206,0.010747728,0.021324059
1653512893.973955631,-788.143188477,-195.795837402,120.034782410,0.840634227,-0.540976465,0.014552620,0.021606466
1653512894.040601969,-788.143188477,-195.795837402,120.034782410,0.840634227,-0.540976465,0.014552620,0.021606466
1653512894.107101917,-787.144714355,-198.952072144,119.853805542,0.841155827,-0.540121973,0.016546125,0.021245385
1653512894.172922373,-787.144714355,-198.952072144,119.853805542,0.841155827,-0.540121973,0.016546125,0.021245385
1653512894.240687609,-786.123596191,-202.151519775,119.668273926,0.841426015,-0.539685369,0.018423904,0.020062322
1653512894.307144165,-786.123596191,-202.151519775,119.668273926,0.841426015,-0.539685369,0.018423904,0.020062322
1653512894.374088049,-784.824035645,-205.873397827,119.435272217,0.842013121,-0.538741410,0.020430673,0.018819286
1653512894.440068483,-784.824035645,-205.873397827,119.435272217,0.842013121,-0.538741410,0.020430673,0.018819286
1653512894.506605387,-783.756958008,-209.131896973,119.256813049,0.842546344,-0.537881792,0.021905974,0.017860409
1653512894.573358059,-783.756958008,-209.131896973,119.256813049,0.842546344,-0.537881792,0.021905974,0.017860409
1653512894.639908314,-782.778747559,-212.202011108,119.088691711,0.843110800,-0.536989212,0.023134300,0.016478240
1653512894.706698418,-782.778747559,-212.202011108,119.088691711,0.843110800,-0.536989212,0.023134300,0.016478240
1653512894.778779984,-781.725341797,-215.424163818,118.903625488,0.843952477,-0.535643518,0.024263110,0.015541148
1653512894.840237379,-781.725341797,-215.424163818,118.903625488,0.843952477,-0.535643518,0.024263110,0.015541148
1653512894.906392574,-780.449157715,-219.119049072,118.694473267,0.844875336,-0.534155548,0.025661394,0.014319086
1653512894.974612713,-780.449157715,-219.119049072,118.694473267,0.844875336,-0.534155548,0.025661394,0.014319086
1653512895.039730072,-779.715454102,-221.712875366,118.594993591,0.845848083,-0.532485843,0.028483028,0.013732283
1653512895.106176376,-779.715454102,-221.712875366,118.594993591,0.845848083,-0.532485843,0.028483028,0.013732283
1653512895.172784567,-778.447082520,-225.324050903,118.401512146,0.846816421,-0.530894458,0.029212615,0.014129791
1653512895.239576101,-778.447082520,-225.324050903,118.401512146,0.846816421,-0.530894458,0.029212615,0.014129791
1653512895.307473421,-777.179687500,-228.892364502,118.230606079,0.848004878,-0.528898180,0.030333405,0.015306015
1653512895.374248266,-777.179687500,-228.892364502,118.230606079,0.848004878,-0.528898180,0.030333405,0.015306015
1653512895.440640688,-776.171264648,-231.993789673,118.112709045,0.848964095,-0.527169168,0.032283545,0.017616635
1653512895.506961346,-776.171264648,-231.993789673,118.112709045,0.848964095,-0.527169168,0.032283545,0.017616635
1653512895.573197126,-775.039916992,-235.294921875,117.969573975,0.850011230,-0.525372505,0.032815568,0.019692644
1653512895.639565468,-775.039916992,-235.294921875,117.969573975,0.850011230,-0.525372505,0.032815568,0.019692644
1653512895.707537413,-773.792053223,-238.803405762,117.807113647,0.851093352,-0.523595333,0.031770132,0.021880131
1653512895.773396492,-773.792053223,-238.803405762,117.807113647,0.851093352,-0.523595333,0.031770132,0.021880131
1653512895.842411518,-772.825744629,-241.832229614,117.698081970,0.851558506,-0.522793770,0.030770013,0.024248954
1653512895.906319618,-772.825744629,-241.832229614,117.698081970,0.851558506,-0.522793770,0.030770013,0.024248954
1653512895.972844839,-771.809875488,-244.985153198,117.578590393,0.852333128,-0.521531105,0.028859194,0.026469650
1653512896.039707899,-771.809875488,-244.985153198,117.578590393,0.852333128,-0.521531105,0.028859194,0.026469650
1653512896.106584311,-770.568420410,-248.459152222,117.420379639,0.852589667,-0.521210730,0.025567362,0.027865743
1653512896.172726870,-770.568420410,-248.459152222,117.420379639,0.852589667,-0.521210730,0.025567362,0.027865743
1653512896.239628077,-769.320495605,-251.944900513,117.288764954,0.852467954,-0.521450281,0.023530416,0.028883938
1653512896.306124449,-769.320495605,-251.944900513,117.288764954,0.852467954,-0.521450281,0.023530416,0.028883938
1653512896.372852087,-768.112182617,-255.323165894,117.178947449,0.852356195,-0.521647632,0.022469290,0.029458908
1653512896.440117121,-768.112182617,-255.323165894,117.178947449,0.852356195,-0.521647632,0.022469290,0.029458908
1653512896.510214567,-766.978881836,-258.533386230,117.099830627,0.851792395,-0.522547364,0.022187350,0.030027723
1653512896.574506044,-766.978881836,-258.533386230,117.099830627,0.851792395,-0.522547364,0.022187350,0.030027723
1653512896.640123367,-765.864379883,-261.755889893,117.032180786,0.850971103,-0.523898780,0.022318043,0.029666394
1653512896.708611727,-765.864379883,-261.755889893,117.032180786,0.850971103,-0.523898780,0.022318043,0.029666394
1653512896.773552656,-764.732177734,-264.914886475,116.960556030,0.850675285,-0.524358809,0.022292677,0.030040363
1653512896.840133429,-764.732177734,-264.914886475,116.960556030,0.850675285,-0.524358809,0.022292677,0.030040363
1653512896.906774759,-763.561279297,-268.159637451,116.889213562,0.850343466,-0.524863720,0.022229221,0.030657601
1653512896.972937346,-763.561279297,-268.159637451,116.889213562,0.850343466,-0.524863720,0.022229221,0.030657601
1653512897.041209936,-762.426025391,-271.350433350,116.820404053,0.849751055,-0.525767863,0.022168882,0.031620972
1653512897.107223749,-762.426025391,-271.350433350,116.820404053,0.849751055,-0.525767863,0.022168882,0.031620972
1653512897.173012018,-761.174926758,-274.685424805,116.737678528,0.849574506,-0.526018441,0.021377992,0.032722723
1653512897.240578413,-761.174926758,-274.685424805,116.737678528,0.849574506,-0.526018441,0.021377992,0.032722723
1653512897.306508303,-759.691711426,-278.394897461,116.620788574,0.849041760,-0.526867330,0.020471528,0.033463228
1653512897.373143435,-759.691711426,-278.394897461,116.620788574,0.849041760,-0.526867330,0.020471528,0.033463228
1653512897.439541578,-758.947143555,-280.845367432,116.618217468,0.848304152,-0.527942598,0.021129791,0.034787137
1653512897.506334782,-758.947143555,-280.845367432,116.618217468,0.848304152,-0.527942598,0.021129791,0.034787137
1653512897.572846174,-757.728820801,-284.070037842,116.523063660,0.847770810,-0.528773725,0.020775070,0.035374623
1653512897.640284061,-757.728820801,-284.070037842,116.523063660,0.847770810,-0.528773725,0.020775070,0.035374623
1653512897.709722042,-756.548034668,-287.207214355,116.438217163,0.847296834,-0.529503942,0.020402880,0.036018256
1653512897.773420572,-756.548034668,-287.207214355,116.438217163,0.847296834,-0.529503942,0.020402880,0.036018256
1653512897.843810081,-755.540588379,-290.044769287,116.381210327,0.846543133,-0.530614614,0.021392094,0.036812969
1653512897.907631636,-755.540588379,-290.044769287,116.381210327,0.846543133,-0.530614614,0.021392094,0.036812969
1653512897.973240137,-754.130859375,-293.537353516,116.254570007,0.846131384,-0.531277359,0.021606758,0.036595188
1653512898.039583683,-754.130859375,-293.537353516,116.254570007,0.846131384,-0.531277359,0.021606758,0.036595188
1653512898.106421947,-753.111816406,-296.300018311,116.187858582,0.845692396,-0.531938434,0.023227563,0.036143590
1653512898.175235748,-753.111816406,-296.300018311,116.187858582,0.845692396,-0.531938434,0.023227563,0.036143590
1653512898.240536213,-751.966003418,-299.295898438,116.099029541,0.845263124,-0.532575607,0.025372403,0.035351522
1653512898.306650162,-751.966003418,-299.295898438,116.099029541,0.845263124,-0.532575607,0.025372403,0.035351522
1653512898.374673367,-750.524169922,-302.776855469,115.968696594,0.845140219,-0.532765508,0.027368601,0.033910099
1653512898.440202951,-750.524169922,-302.776855469,115.968696594,0.845140219,-0.532765508,0.027368601,0.033910099
1653512898.507028103,-749.897094727,-304.876770020,115.959877014,0.844965160,-0.532932162,0.030973904,0.032524616
1653512898.572864771,-749.897094727,-304.876770020,115.959877014,0.844965160,-0.532932162,0.030973904,0.032524616
1653512898.639571905,-748.377502441,-308.422760010,115.807769775,0.844846547,-0.533102989,0.032749914,0.031032313
1653512898.706278086,-748.377502441,-308.422760010,115.807769775,0.844846547,-0.533102989,0.032749914,0.031032313
1653512898.772792339,-747.005737305,-311.660369873,115.700050354,0.845139086,-0.532471955,0.034558948,0.031925403
1653512898.840162992,-747.005737305,-311.660369873,115.700050354,0.845139086,-0.532471955,0.034558948,0.031925403
1653512898.906986713,-745.857360840,-314.530334473,115.620223999,0.845675707,-0.531483591,0.035606176,0.033015374
1653512898.974074602,-745.857360840,-314.530334473,115.620223999,0.845675707,-0.531483591,0.035606176,0.033015374
1653512899.039737225,-744.611206055,-317.562622070,115.522109985,0.846336901,-0.530291617,0.036063470,0.034699570
1653512899.106146097,-744.611206055,-317.562622070,115.522109985,0.846336901,-0.530291617,0.036063470,0.034699570
1653512899.172845125,-743.546264648,-320.294219971,115.449821472,0.847313702,-0.528554261,0.036661241,0.036685877
1653512899.240392208,-743.546264648,-320.294219971,115.449821472,0.847313702,-0.528554261,0.036661241,0.036685877
1653512899.306344032,-742.239013672,-323.425842285,115.342788696,0.848372757,-0.526813209,0.035909310,0.037974063
1653512899.373126507,-742.239013672,-323.425842285,115.342788696,0.848372757,-0.526813209,0.035909310,0.037974063
1653512899.439665079,-741.214599609,-326.088348389,115.278259277,0.848897278,-0.525894701,0.035003852,0.039785895
1653512899.507762671,-741.214599609,-326.088348389,115.278259277,0.848897278,-0.525894701,0.035003852,0.039785895
1653512899.577184439,-739.959960938,-329.116180420,115.175468445,0.849636018,-0.524725854,0.033802480,0.040482279
1653512899.640469790,-739.959960938,-329.116180420,115.175468445,0.849636018,-0.524725854,0.033802480,0.040482279
1653512899.706173897,-738.727416992,-332.117553711,115.075263977,0.850118279,-0.524008512,0.031891204,0.041194372
1653512899.773267031,-738.727416992,-332.117553711,115.075263977,0.850118279,-0.524008512,0.031891204,0.041194372
1653512899.840321064,-737.459777832,-335.057830811,114.964797974,0.850115776,-0.524055243,0.029979115,0.042077966
1653512899.906937361,-737.459777832,-335.057830811,114.964797974,0.850115776,-0.524055243,0.029979115,0.042077966
1653512899.973325491,-736.176757812,-338.051544189,114.855392456,0.850340664,-0.523733377,0.028769366,0.042384505
1653512900.041031361,-736.176757812,-338.051544189,114.855392456,0.850340664,-0.523733377,0.028769366,0.042384505
1653512900.108273983,-735.401367188,-340.236206055,114.817565918,0.850139558,-0.524061620,0.028550124,0.042509355
1653512900.173417807,-735.401367188,-340.236206055,114.817565918,0.850139558,-0.524061620,0.028550124,0.042509355
1653512900.240643263,-733.994018555,-343.424804688,114.693359375,0.849705219,-0.524899483,0.026914507,0.041919269
1653512900.306321859,-733.994018555,-343.424804688,114.693359375,0.849705219,-0.524899483,0.026914507,0.041919269
1653512900.373233080,-732.776245117,-346.282928467,114.600975037,0.849315286,-0.525604904,0.026219288,0.041419700
1653512900.439500809,-732.776245117,-346.282928467,114.600975037,0.849315286,-0.525604904,0.026219288,0.041419700
1653512900.508196115,-731.549682617,-349.145874023,114.506332397,0.848914027,-0.526365936,0.025098599,0.040668376
1653512900.573543310,-731.549682617,-349.145874023,114.506332397,0.848914027,-0.526365936,0.025098599,0.040668376
1653512900.639484644,-730.262878418,-352.096710205,114.401473999,0.848334968,-0.527393222,0.024240565,0.039956585
1653512900.706456661,-730.262878418,-352.096710205,114.401473999,0.848334968,-0.527393222,0.024240565,0.039956585
1653512900.772740841,-729.179504395,-354.682891846,114.314498901,0.848182082,-0.527676284,0.024033468,0.039589595
1653512900.840209723,-729.179504395,-354.682891846,114.314498901,0.848182082,-0.527676284,0.024033468,0.039589595
1653512900.906502485,-727.684509277,-357.867248535,114.171508789,0.847983122,-0.528071940,0.022926753,0.039230000
1653512900.974004745,-727.684509277,-357.867248535,114.171508789,0.847983122,-0.528071940,0.022926753,0.039230000
1653512901.039527893,-726.400268555,-360.694488525,114.050979614,0.847737193,-0.528472185,0.023119839,0.039042108
1653512901.106127501,-726.400268555,-360.694488525,114.050979614,0.847737193,-0.528472185,0.023119839,0.039042108
1653512901.173472166,-725.513916016,-362.890167236,113.967407227,0.848040760,-0.528008044,0.024122180,0.038111620
1653512901.239626646,-725.513916016,-362.890167236,113.967407227,0.848040760,-0.528008044,0.024122180,0.038111620
1653512901.308218718,-724.049743652,-365.947479248,113.804725647,0.848332882,-0.527615070,0.024330771,0.036901660
1653512901.373203516,-724.049743652,-365.947479248,113.804725647,0.848332882,-0.527615070,0.024330771,0.036901660
1653512901.439951420,-722.617309570,-368.936431885,113.655502319,0.848858476,-0.526828945,0.025145654,0.035471935
1653512901.506369352,-722.617309570,-368.936431885,113.655502319,0.848858476,-0.526828945,0.025145654,0.035471935
1653512901.573533058,-721.453613281,-371.510742188,113.542610168,0.849593341,-0.525640190,0.027207127,0.033961289
1653512901.644564152,-721.453613281,-371.510742188,113.542610168,0.849593341,-0.525640190,0.027207127,0.033961289
1653512901.706513643,-720.251220703,-374.149291992,113.416313171,0.850328088,-0.524494827,0.028855374,0.031853903
1653512901.773259640,-720.251220703,-374.149291992,113.416313171,0.850328088,-0.524494827,0.028855374,0.031853903
1653512901.839900732,-718.954467773,-376.913696289,113.276710510,0.850792646,-0.523809612,0.030129140,0.029454621
1653512901.906353235,-718.954467773,-376.913696289,113.276710510,0.850792646,-0.523809612,0.030129140,0.029454621
1653512901.974219799,-717.752258301,-379.536529541,113.145095825,0.851538837,-0.522625506,0.031557154,0.027356304
1653512902.039474010,-717.752258301,-379.536529541,113.145095825,0.851538837,-0.522625506,0.031557154,0.027356304
1653512902.107125282,-716.498535156,-382.235870361,113.004562378,0.852283180,-0.521407962,0.033172462,0.025429953
1653512902.172961473,-716.498535156,-382.235870361,113.004562378,0.852283180,-0.521407962,0.033172462,0.025429953
1653512902.239654303,-715.403381348,-384.670288086,112.883178711,0.852588177,-0.520882547,0.034121782,0.024708038
1653512902.306545734,-715.403381348,-384.670288086,112.883178711,0.852588177,-0.520882547,0.034121782,0.024708038
1653512902.372852564,-714.304138184,-387.113250732,112.756553650,0.853382528,-0.519613504,0.034116656,0.024002064
1653512902.440060854,-714.304138184,-387.113250732,112.756553650,0.853382528,-0.519613504,0.034116656,0.024002064
1653512902.506299734,-712.909973145,-389.985656738,112.594902039,0.853971243,-0.518723845,0.032933723,0.023960123
1653512902.573381662,-712.909973145,-389.985656738,112.594902039,0.853971243,-0.518723845,0.032933723,0.023960123
1653512902.639909267,-711.717895508,-392.582885742,112.460823059,0.854384661,-0.518062651,0.032091837,0.024659669
1653512902.706548214,-711.717895508,-392.582885742,112.460823059,0.854384661,-0.518062651,0.032091837,0.024659669
1653512902.773133039,-710.588073730,-395.071716309,112.334594727,0.854979694,-0.517176092,0.030061439,0.025198571
1653512902.840031147,-710.588073730,-395.071716309,112.334594727,0.854979694,-0.517176092,0.030061439,0.025198571
1653512902.907064199,-709.043762207,-398.122467041,112.164871216,0.855478168,-0.516447604,0.027505077,0.026124254
1653512902.974637747,-709.043762207,-398.122467041,112.164871216,0.855478168,-0.516447604,0.027505077,0.026124254
1653512903.041766167,-707.827270508,-400.717895508,112.040855408,0.855696201,-0.516090035,0.026104771,0.027451362
1653512903.106225729,-707.827270508,-400.717895508,112.040855408,0.855696201,-0.516090035,0.026104771,0.027451362
1653512903.172952652,-706.455566406,-403.516204834,111.898475647,0.856159031,-0.515358865,0.023843966,0.028782181
1653512903.244158030,-706.455566406,-403.516204834,111.898475647,0.856159031,-0.515358865,0.023843966,0.028782181
1653512903.306153536,-705.225158691,-406.109619141,111.773757935,0.856494963,-0.514781356,0.022338102,0.030291725
1653512903.375301123,-705.225158691,-406.109619141,111.773757935,0.856494963,-0.514781356,0.022338102,0.030291725
1653512903.440308809,-703.926025391,-408.813385010,111.642677307,0.856654882,-0.514487267,0.020621508,0.031937107
1653512903.506619930,-703.926025391,-408.813385010,111.642677307,0.856654882,-0.514487267,0.020621508,0.031937107
1653512903.572774887,-702.929443359,-411.098510742,111.548995972,0.856984735,-0.513907671,0.019013967,0.033384509
1653512903.640069485,-702.929443359,-411.098510742,111.548995972,0.856984735,-0.513907671,0.019013967,0.033384509
1653512903.706090927,-701.515686035,-413.938598633,111.400207520,0.857126176,-0.513731122,0.016499968,0.033805087
1653512903.772874355,-701.515686035,-413.938598633,111.400207520,0.857126176,-0.513731122,0.016499968,0.033805087
1653512903.839690208,-700.257324219,-416.545379639,111.275329590,0.857052028,-0.513871431,0.014822754,0.034324963
1653512903.906087399,-700.257324219,-416.545379639,111.275329590,0.857052028,-0.513871431,0.014822754,0.034324963
1653512903.972834349,-698.677490234,-419.569793701,111.122550964,0.857235193,-0.513636112,0.013007421,0.034007896
1653512904.039438486,-698.677490234,-419.569793701,111.122550964,0.857235193,-0.513636112,0.013007421,0.034007896
1653512904.107198715,-697.644592285,-421.821685791,111.033020020,0.857276142,-0.513569474,0.012411435,0.034204632
1653512904.172852993,-697.644592285,-421.821685791,111.033020020,0.857276142,-0.513569474,0.012411435,0.034204632
1653512904.240577936,-696.334167480,-424.417907715,110.908042908,0.857204080,-0.513761878,0.011832651,0.033314113
1653512904.306544781,-696.334167480,-424.417907715,110.908042908,0.857204080,-0.513761878,0.011832651,0.033314113
1653512904.374307632,-694.719360352,-427.400817871,110.758155823,0.857421637,-0.513537586,0.010775460,0.031482823
1653512904.441233397,-694.719360352,-427.400817871,110.758155823,0.857421637,-0.513537586,0.010775460,0.031482823
1653512904.506463289,-693.781311035,-429.489166260,110.688354492,0.857797742,-0.513007820,0.011580759,0.029528279
1653512904.572736502,-693.781311035,-429.489166260,110.688354492,0.857797742,-0.513007820,0.011580759,0.029528279
1653512904.642598629,-692.141174316,-432.489349365,110.541809082,0.857859850,-0.513006806,0.011149242,0.027860915
1653512904.706084013,-692.141174316,-432.489349365,110.541809082,0.857859850,-0.513006806,0.011149242,0.027860915
1653512904.773181915,-690.700317383,-435.220550537,110.434051514,0.858462632,-0.512080252,0.011987938,0.025923559
1653512904.839930534,-690.700317383,-435.220550537,110.434051514,0.858462632,-0.512080252,0.011987938,0.025923559
1653512904.906084061,-689.380432129,-437.733886719,110.341461182,0.858920276,-0.511400700,0.012881820,0.023650942
1653512904.973244905,-689.380432129,-437.733886719,110.341461182,0.858920276,-0.511400700,0.012881820,0.023650942
1653512905.048066378,-687.968566895,-440.367523193,110.234977722,0.859245658,-0.510925889,0.013478110,0.021678509
1653512905.112336874,-687.968566895,-440.367523193,110.234977722,0.859245658,-0.510925889,0.013478110,0.021678509
1653512905.173950672,-686.578552246,-443.029083252,110.150230408,0.860043705,-0.509590507,0.015590144,0.019983357
1653512905.239861250,-686.578552246,-443.029083252,110.150230408,0.860043705,-0.509590507,0.015590144,0.019983357
1653512905.307983160,-685.287536621,-445.436889648,110.070350647,0.860643208,-0.508655012,0.015203497,0.018225620
1653512905.374003172,-685.287536621,-445.436889648,110.070350647,0.860643208,-0.508655012,0.015203497,0.018225620
1653512905.439565659,-683.700500488,-448.251831055,109.961929321,0.861142039,-0.507868528,0.014957095,0.016738955
1653512905.506168842,-683.700500488,-448.251831055,109.961929321,0.861142039,-0.507868528,0.014957095,0.016738955
1653512905.576164722,-682.573181152,-450.453887939,109.900024414,0.862040401,-0.506364167,0.016085427,0.014929927
1653512905.639851093,-682.573181152,-450.453887939,109.900024414,0.862040401,-0.506364167,0.016085427,0.014929927
1653512905.707422733,-681.192871094,-453.033050537,109.809837341,0.863059163,-0.504664421,0.016610522,0.012915432
1653512905.773281574,-681.192871094,-453.033050537,109.809837341,0.863059163,-0.504664421,0.016610522,0.012915432
1653512905.840586424,-679.411193848,-456.107727051,109.678039551,0.863988459,-0.503117740,0.016614703,0.010972982
1653512905.908202171,-679.411193848,-456.107727051,109.678039551,0.863988459,-0.503117740,0.016614703,0.010972982
1653512905.972700596,-678.420043945,-458.184082031,109.631187439,0.865210652,-0.501027644,0.017317563,0.009051321
1653512906.040423870,-678.420043945,-458.184082031,109.631187439,0.865210652,-0.501027644,0.017317563,0.009051321
1653512906.106458902,-677.065856934,-460.715576172,109.536582947,0.866343141,-0.499126822,0.016479595,0.007102361
1653512906.172761917,-677.065856934,-460.715576172,109.536582947,0.866343141,-0.499126822,0.016479595,0.007102361
1653512906.242607117,-675.707214355,-463.252655029,109.440361023,0.867195547,-0.497690886,0.015485540,0.005989916
1653512906.306228876,-675.707214355,-463.252655029,109.440361023,0.867195547,-0.497690886,0.015485540,0.005989916
1653512906.373282433,-674.276367188,-465.890838623,109.341545105,0.868101001,-0.496127307,0.014970776,0.005846683
1653512906.439496994,-674.276367188,-465.890838623,109.341545105,0.868101001,-0.496127307,0.014970776,0.005846683
1653512906.506470680,-672.934387207,-468.389770508,109.255531311,0.869027555,-0.494519472,0.014391127,0.005877996
1653512906.572789431,-672.934387207,-468.389770508,109.255531311,0.869027555,-0.494519472,0.014391127,0.005877996
1653512906.639482260,-671.434448242,-471.141418457,109.168632507,0.869664192,-0.493413627,0.013911286,0.005798099
1653512906.707440853,-671.434448242,-471.141418457,109.168632507,0.869664192,-0.493413627,0.013911286,0.005798099
1653512906.772889614,-670.540466309,-473.131713867,109.129409790,0.870115221,-0.492626488,0.013407807,0.006235518
1653512906.840641022,-670.540466309,-473.131713867,109.129409790,0.870115221,-0.492626488,0.013407807,0.006235518
1653512906.906176090,-669.252075195,-475.610870361,109.039794922,0.870715678,-0.491597056,0.012009148,0.006505588
1653512906.973564863,-669.252075195,-475.610870361,109.039794922,0.870715678,-0.491597056,0.012009148,0.006505588
1653512907.040056705,-667.844177246,-478.236083984,108.936164856,0.870890796,-0.491320997,0.010282470,0.006867661
1653512907.106795549,-667.844177246,-478.236083984,108.936164856,0.870890796,-0.491320997,0.010282470,0.006867661
1653512907.172965765,-666.314819336,-481.018554688,108.822631836,0.871398151,-0.490443140,0.008629807,0.007501687
1653512907.239933968,-666.314819336,-481.018554688,108.822631836,0.871398151,-0.490443140,0.008629807,0.007501687
1653512907.307882547,-664.922668457,-483.628906250,108.720664978,0.871839166,-0.489662915,0.007464337,0.008426942
1653512907.374316931,-664.922668457,-483.628906250,108.720664978,0.871839166,-0.489662915,0.007464337,0.008426942
1653512907.439993382,-663.615783691,-486.120788574,108.629318237,0.871782899,-0.489753336,0.006456764,0.009724302
1653512907.506979942,-663.615783691,-486.120788574,108.629318237,0.871782899,-0.489753336,0.006456764,0.009724302
1653512907.573344946,-662.227722168,-488.702758789,108.525253296,0.872114897,-0.489156097,0.006141590,0.010206659
1653512907.639450073,-662.227722168,-488.702758789,108.525253296,0.872114897,-0.489156097,0.006141590,0.010206659
1653512907.706394196,-661.145019531,-490.925872803,108.462707520,0.872443438,-0.488551944,0.006386255,0.010892116
1653512907.773133993,-661.145019531,-490.925872803,108.462707520,0.872443438,-0.488551944,0.006386255,0.010892116
1653512907.841750145,-659.774291992,-493.490753174,108.371093750,0.872381449,-0.488637239,0.006091095,0.012132390
1653512907.906123877,-659.774291992,-493.490753174,108.371093750,0.872381449,-0.488637239,0.006091095,0.012132390
1653512907.972597122,-657.916625977,-496.657379150,108.242492676,0.872461557,-0.488481522,0.004989770,0.013103792
1653512908.039330482,-657.916625977,-496.657379150,108.242492676,0.872461557,-0.488481522,0.004989770,0.013103792
1653512908.105836868,-656.822326660,-498.854034424,108.198280334,0.872446954,-0.488480806,0.005130609,0.014015733
1653512908.172896624,-656.822326660,-498.854034424,108.198280334,0.872446954,-0.488480806,0.005130609,0.014015733
1653512908.239529848,-655.479492188,-501.367065430,108.127998352,0.872269452,-0.488778234,0.005348143,0.014601066
1653512908.306117058,-655.479492188,-501.367065430,108.127998352,0.872269452,-0.488778234,0.005348143,0.014601066
1653512908.373267174,-654.074035645,-503.939605713,108.057662964,0.872231841,-0.488810301,0.005365940,0.015727343
1653512908.439706802,-654.074035645,-503.939605713,108.057662964,0.872231841,-0.488810301,0.005365940,0.015727343
1653512908.506121397,-652.508605957,-506.676574707,107.983383179,0.872312605,-0.488642991,0.005346265,0.016437169
1653512908.572911024,-652.508605957,-506.676574707,107.983383179,0.872312605,-0.488642991,0.005346265,0.016437169
1653512908.639347076,-650.970397949,-509.360137939,107.921028137,0.872430027,-0.488408238,0.006026427,0.016939517
1653512908.706495285,-650.970397949,-509.360137939,107.921028137,0.872430027,-0.488408238,0.006026427,0.016939517
1653512908.773624182,-649.935180664,-511.441955566,107.920867920,0.872862160,-0.487605184,0.007189938,0.017354483
1653512908.839426041,-649.935180664,-511.441955566,107.920867920,0.872862160,-0.487605184,0.007189938,0.017354483
1653512908.906979561,-648.216735840,-514.329406738,107.855392456,0.873287439,-0.486808658,0.007230057,0.018277712
1653512908.975592613,-648.216735840,-514.329406738,107.855392456,0.873287439,-0.486808658,0.007230057,0.018277712
1653512909.043893814,-646.666442871,-517.019165039,107.821250916,0.873824000,-0.485819876,0.007547301,0.018805670
1653512909.106344461,-646.666442871,-517.019165039,107.821250916,0.873824000,-0.485819876,0.007547301,0.018805670
1653512909.172961235,-645.390625000,-519.377807617,107.823066711,0.874710083,-0.484185070,0.007406476,0.019803984
1653512909.239454031,-645.390625000,-519.377807617,107.823066711,0.874710083,-0.484185070,0.007406476,0.019803984
1653512909.306258678,-643.979553223,-521.841552734,107.806205750,0.875433683,-0.482841253,0.006922234,0.020792082
1653512909.374457598,-643.979553223,-521.841552734,107.806205750,0.875433683,-0.482841253,0.006922234,0.020792082
1653512909.439943552,-642.452514648,-524.438049316,107.792686462,0.875911534,-0.481927276,0.007084751,0.021792252
1653512909.506306171,-642.452514648,-524.438049316,107.792686462,0.875911534,-0.481927276,0.007084751,0.021792252
1653512909.572782516,-640.800476074,-527.183654785,107.777931213,0.876760423,-0.480374068,0.007365404,0.021854570
1653512909.639871120,-640.800476074,-527.183654785,107.777931213,0.876760423,-0.480374068,0.007365404,0.021854570
1653512909.706027508,-639.529479980,-529.469116211,107.809196472,0.877493918,-0.479039520,0.008540231,0.021276347
1653512909.773156404,-639.529479980,-529.469116211,107.809196472,0.877493918,-0.479039520,0.008540231,0.021276347
1653512909.839455128,-638.332580566,-531.666442871,107.848754883,0.877919197,-0.478254110,0.009885609,0.020812036
1653512909.906032562,-638.332580566,-531.666442871,107.848754883,0.877919197,-0.478254110,0.009885609,0.020812036
1653512909.973375320,-636.797424316,-534.275146484,107.852951050,0.878683507,-0.476898462,0.010293422,0.019421035
1653512910.039677143,-636.797424316,-534.275146484,107.852951050,0.878683507,-0.476898462,0.010293422,0.019421035
1653512910.108219385,-635.283325195,-536.860168457,107.863739014,0.879105151,-0.476145387,0.011004992,0.018401220
1653512910.174879789,-635.283325195,-536.860168457,107.863739014,0.879105151,-0.476145387,0.011004992,0.018401220
1653512910.244743109,-634.396606445,-538.737548828,107.940895081,0.879245043,-0.475885034,0.012651544,0.017365202
1653512910.306171894,-634.396606445,-538.737548828,107.940895081,0.879245043,-0.475885034,0.012651544,0.017365202
1653512910.372764111,-632.542724609,-541.741882324,107.917938232,0.879666805,-0.475143105,0.012055526,0.016733816
1653512910.439341784,-632.542724609,-541.741882324,107.917938232,0.879666805,-0.475143105,0.012055526,0.016733816
1653512910.506181717,-631.514282227,-543.713073730,107.963691711,0.879858971,-0.474755764,0.012324780,0.017414900
1653512910.572911024,-631.514282227,-543.713073730,107.963691711,0.879858971,-0.474755764,0.012324780,0.017414900
1653512910.641343117,-629.894042969,-546.373352051,107.944236755,0.879738808,-0.474953771,0.011444668,0.018642558
1653512910.706329346,-629.894042969,-546.373352051,107.944236755,0.879738808,-0.474953771,0.011444668,0.018642558
1653512910.772689819,-628.733154297,-548.483337402,107.962913513,0.879595876,-0.475163728,0.010754365,0.020368351
1653512910.841441870,-628.733154297,-548.483337402,107.962913513,0.879595876,-0.475163728,0.010754365,0.020368351
1653512910.910069466,-626.963012695,-551.282043457,107.904258728,0.879129529,-0.475993663,0.009757575,0.021588411
1653512910.972791195,-626.963012695,-551.282043457,107.904258728,0.879129529,-0.475993663,0.009757575,0.021588411
1653512911.039506435,-625.562622070,-553.704101562,107.875442505,0.878357768,-0.477358341,0.009965422,0.022743929
1653512911.107188940,-625.562622070,-553.704101562,107.875442505,0.878357768,-0.477358341,0.009965422,0.022743929
1653512911.173186541,-624.253967285,-555.976806641,107.830085754,0.877808630,-0.478323609,0.010603189,0.023369655
1653512911.240326881,-624.253967285,-555.976806641,107.830085754,0.877808630,-0.478323609,0.010603189,0.023369655
1653512911.306689262,-622.532958984,-558.724609375,107.737121582,0.877417207,-0.479051203,0.011050714,0.022954104
1653512911.373726130,-622.532958984,-558.724609375,107.737121582,0.877417207,-0.479051203,0.011050714,0.022954104
1653512911.440350056,-621.122253418,-561.097839355,107.661369324,0.877170622,-0.479555964,0.012294760,0.021133032
1653512911.507137775,-621.122253418,-561.097839355,107.661369324,0.877170622,-0.479555964,0.012294760,0.021133032
1653512911.573760033,-619.268798828,-563.963989258,107.534027100,0.877407253,-0.479211867,0.012878079,0.018617725
1653512911.639563322,-619.268798828,-563.963989258,107.534027100,0.877407253,-0.479211867,0.012878079,0.018617725
1653512911.706436872,-617.836303711,-566.320617676,107.443344116,0.877774239,-0.478590429,0.014093081,0.016279202
1653512911.772929192,-617.836303711,-566.320617676,107.443344116,0.877774239,-0.478590429,0.014093081,0.016279202
1653512911.844499350,-616.183532715,-568.908813477,107.330970764,0.878049850,-0.478119373,0.016026936,0.013172016
1653512911.906616926,-616.183532715,-568.908813477,107.330970764,0.878049850,-0.478119373,0.016026936,0.013172016
1653512911.973061085,-614.691955566,-571.318969727,107.240478516,0.878732264,-0.476872712,0.018293492,0.009345298
1653512912.039544821,-614.691955566,-571.318969727,107.240478516,0.878732264,-0.476872712,0.018293492,0.009345298
1653512912.106898785,-613.403747559,-573.460693359,107.164558411,0.879437506,-0.475548714,0.020185644,0.005967579
1653512912.173158407,-613.403747559,-573.460693359,107.164558411,0.879437506,-0.475548714,0.020185644,0.005967579
1653512912.239499569,-611.663024902,-576.133666992,107.050003052,0.880088806,-0.474353760,0.020374887,0.004125074
1653512912.308140516,-611.663024902,-576.133666992,107.050003052,0.880088806,-0.474353760,0.020374887,0.004125074
1653512912.373183966,-609.897583008,-578.837341309,106.943328857,0.881174147,-0.472347915,0.020296568,0.002766665
1653512912.440394402,-609.897583008,-578.837341309,106.943328857,0.881174147,-0.472347915,0.020296568,0.002766665
1653512912.505802393,-608.397033691,-581.268554688,106.862670898,0.882379770,-0.470102698,0.020101337,0.002312278
1653512912.572605371,-608.397033691,-581.268554688,106.862670898,0.882379770,-0.470102698,0.020101337,0.002312278
1653512912.639494419,-607.049621582,-583.552368164,106.798522949,0.883289397,-0.468372107,0.020542484,0.002332233
1653512912.706792831,-607.049621582,-583.552368164,106.798522949,0.883289397,-0.468372107,0.020542484,0.002332233
1653512912.772672653,-605.726501465,-585.798889160,106.739341736,0.884403110,-0.466328263,0.019097110,0.002103460
1653512912.839321852,-605.726501465,-585.798889160,106.739341736,0.884403110,-0.466328263,0.019097110,0.002103460
1653512912.906238079,-604.204162598,-588.201293945,106.662902832,0.885301530,-0.464677036,0.017606933,0.002530281
1653512912.974078178,-604.204162598,-588.201293945,106.662902832,0.885301530,-0.464677036,0.017606933,0.002530281
1653512913.039982557,-602.627319336,-590.737182617,106.589996338,0.885847867,-0.463677049,0.016248925,0.003616936
1653512913.106087923,-602.627319336,-590.737182617,106.589996338,0.885847867,-0.463677049,0.016248925,0.003616936
1653512913.172527313,-601.220458984,-593.106140137,106.530883789,0.886254728,-0.462950438,0.014270316,0.005080502
1653512913.239908218,-601.220458984,-593.106140137,106.530883789,0.886254728,-0.462950438,0.014270316,0.005080502
1653512913.305881500,-599.587219238,-595.726806641,106.437820435,0.886488974,-0.462538421,0.011535459,0.007904600
1653512913.372740746,-599.587219238,-595.726806641,106.437820435,0.886488974,-0.462538421,0.011535459,0.007904600
1653512913.439573288,-598.385314941,-597.849975586,106.380126953,0.886252820,-0.462974936,0.009586056,0.010873510
1653512913.506171465,-598.385314941,-597.849975586,106.380126953,0.886252820,-0.462974936,0.009586056,0.010873510
1653512913.574150562,-596.723388672,-600.475891113,106.278526306,0.886068285,-0.463310272,0.007335236,0.013146139
1653512913.639557362,-596.723388672,-600.475891113,106.278526306,0.886068285,-0.463310272,0.007335236,0.013146139
1653512913.707387209,-595.441833496,-602.683288574,106.204040527,0.885473430,-0.464439988,0.005591446,0.014179718
1653512913.772632837,-595.441833496,-602.683288574,106.204040527,0.885473430,-0.464439988,0.005591446,0.014179718
1653512913.839420080,-593.570312500,-605.517944336,106.060882568,0.884573340,-0.466176510,0.004099628,0.013878847
1653512913.908086777,-593.570312500,-605.517944336,106.060882568,0.884573340,-0.466176510,0.004099628,0.013878847
1653512913.972871542,-592.366760254,-607.630065918,105.970779419,0.883887470,-0.467501730,0.004839190,0.012715799
1653512914.039205074,-592.366760254,-607.630065918,105.970779419,0.883887470,-0.467501730,0.004839190,0.012715799
1653512914.106119156,-590.526367188,-610.404785156,105.816772461,0.882900655,-0.469385117,0.005053530,0.011769619
1653512914.172949076,-590.526367188,-610.404785156,105.816772461,0.882900655,-0.469385117,0.005053530,0.011769619
1653512914.239736080,-589.057434082,-612.786010742,105.692726135,0.882085562,-0.470937312,0.006477267,0.010056091
1653512914.306177139,-589.057434082,-612.786010742,105.692726135,0.882085562,-0.470937312,0.006477267,0.010056091
1653512914.372565031,-587.614257812,-615.162353516,105.561958313,0.881437778,-0.472154945,0.007912002,0.008636640
1653512914.439256191,-587.614257812,-615.162353516,105.561958313,0.881437778,-0.472154945,0.007912002,0.008636640
1653512914.506479025,-585.933654785,-617.783081055,105.400428772,0.881143034,-0.472708076,0.008310798,0.008057947
1653512914.572632313,-585.933654785,-617.783081055,105.400428772,0.881143034,-0.472708076,0.008310798,0.008057947
1653512914.639455557,-584.399902344,-620.228149414,105.249633789,0.880720437,-0.473493725,0.008743998,0.007665758
1653512914.707041025,-584.399902344,-620.228149414,105.249633789,0.880720437,-0.473493725,0.008743998,0.007665758
1653512914.774123430,-582.956848145,-622.562866211,105.098640442,0.880722284,-0.473482817,0.009382458,0.007364835
1653512914.839275360,-582.956848145,-622.562866211,105.098640442,0.880722284,-0.473482817,0.009382458,0.007364835
1653512914.907511950,-581.178405762,-625.247009277,104.913223267,0.880813420,-0.473306745,0.009763850,0.007289810
1653512914.974782944,-581.178405762,-625.247009277,104.913223267,0.880813420,-0.473306745,0.009763850,0.007289810
1653512915.040304899,-579.435058594,-627.869750977,104.728752136,0.880714357,-0.473486125,0.009808077,0.007541751
1653512915.108234644,-579.435058594,-627.869750977,104.728752136,0.880714357,-0.473486125,0.009808077,0.007541751
1653512915.174732447,-577.962097168,-630.191284180,104.562194824,0.881110668,-0.472732842,0.010772849,0.007183955
1653512915.241042137,-577.962097168,-630.191284180,104.562194824,0.881110668,-0.472732842,0.010772849,0.007183955
1653512915.306010246,-575.744262695,-633.312683105,104.326156616,0.881379485,-0.472221881,0.011144776,0.007247151
1653512915.372567177,-575.744262695,-633.312683105,104.326156616,0.881379485,-0.472221881,0.011144776,0.007247151
1653512915.439926147,-574.980895996,-634.896362305,104.227409363,0.881475151,-0.471983314,0.013198921,0.007689979
1653512915.506031036,-574.980895996,-634.896362305,104.227409363,0.881475151,-0.471983314,0.013198921,0.007689979
1653512915.572537422,-573.011352539,-637.755432129,104.004745483,0.881788909,-0.471395165,0.013414459,0.007416124
1653512915.639326811,-573.011352539,-637.755432129,104.004745483,0.881788909,-0.471395165,0.013414459,0.007416124
1653512915.705958128,-571.099609375,-640.557312012,103.788749695,0.882240713,-0.470560938,0.013242749,0.006950644
1653512915.772783279,-571.099609375,-640.557312012,103.788749695,0.882240713,-0.470560938,0.013242749,0.006950644
1653512915.839733362,-569.681396484,-642.863647461,103.615463257,0.882425785,-0.470184028,0.014283336,0.006906770
1653512915.905893564,-569.681396484,-642.863647461,103.615463257,0.882425785,-0.470184028,0.014283336,0.006906770
1653512915.973493338,-568.401245117,-645.035339355,103.440689087,0.882793248,-0.469502002,0.014300259,0.006279800
1653512916.039428234,-568.401245117,-645.035339355,103.440689087,0.882793248,-0.469502002,0.014300259,0.006279800
1653512916.106724739,-566.502990723,-647.819824219,103.201919556,0.883365631,-0.468438953,0.013572999,0.006772428
1653512916.173190594,-566.502990723,-647.819824219,103.201919556,0.883365631,-0.468438953,0.013572999,0.006772428
1653512916.241775751,-564.904418945,-650.264465332,102.996330261,0.883653939,-0.467894763,0.013087404,0.007679384
1653512916.306301594,-564.904418945,-650.264465332,102.996330261,0.883653939,-0.467894763,0.013087404,0.007679384
1653512916.373219490,-563.470275879,-652.577209473,102.797904968,0.884251654,-0.466762155,0.013304914,0.007425419
1653512916.439396143,-563.470275879,-652.577209473,102.797904968,0.884251654,-0.466762155,0.013304914,0.007425419
1653512916.506415129,-562.117065430,-654.812316895,102.600791931,0.884633780,-0.466046154,0.012993242,0.007433719
1653512916.573314667,-562.117065430,-654.812316895,102.600791931,0.884633780,-0.466046154,0.012993242,0.007433719
1653512916.640112638,-560.465515137,-657.362060547,102.375846863,0.884715497,-0.465899467,0.012177642,0.008235772
1653512916.705946207,-560.465515137,-657.362060547,102.375846863,0.884715497,-0.465899467,0.012177642,0.008235772
1653512916.773091316,-558.965148926,-659.748962402,102.167350769,0.884865761,-0.465623140,0.011220344,0.009042840
1653512916.841082096,-558.965148926,-659.748962402,102.167350769,0.884865761,-0.465623140,0.011220344,0.009042840
1653512916.905794144,-557.326416016,-662.265502930,101.943931580,0.884836912,-0.465693772,0.009709757,0.009931803
1653512916.973143578,-557.326416016,-662.265502930,101.943931580,0.884836912,-0.465693772,0.009709757,0.009931803
1653512917.041004419,-555.742675781,-664.725646973,101.720260620,0.884343147,-0.466628939,0.008289105,0.011220606
1653512917.106071949,-555.742675781,-664.725646973,101.720260620,0.884343147,-0.466628939,0.008289105,0.011220606
1653512917.172998667,-554.106079102,-667.264892578,101.490158081,0.884227514,-0.466841638,0.007460930,0.012040930
1653512917.239789963,-554.106079102,-667.264892578,101.490158081,0.884227514,-0.466841638,0.007460930,0.012040930
1653512917.306140423,-552.284545898,-669.945861816,101.240608215,0.884078264,-0.467103451,0.006836314,0.013162659
1653512917.372506142,-552.284545898,-669.945861816,101.240608215,0.884078264,-0.467103451,0.006836314,0.013162659
1653512917.439262629,-551.099182129,-671.979064941,101.065422058,0.883534253,-0.468101948,0.006725326,0.014231073
1653512917.506694078,-551.099182129,-671.979064941,101.065422058,0.883534253,-0.468101948,0.006725326,0.014231073
1653512917.572580576,-549.810791016,-674.118896484,100.878173828,0.883266926,-0.468582153,0.006915107,0.014917120
1653512917.640163183,-549.810791016,-674.118896484,100.878173828,0.883266926,-0.468582153,0.006915107,0.014917120
1653512917.707667112,-547.618957520,-677.176208496,100.602088928,0.883010387,-0.469070405,0.005847347,0.015211263
1653512917.772503853,-547.618957520,-677.176208496,100.602088928,0.883010387,-0.469070405,0.005847347,0.015211263
1653512917.839243889,-545.646118164,-680.014526367,100.362960815,0.882701576,-0.469645798,0.006140360,0.015267450
1653512917.905831337,-545.646118164,-680.014526367,100.362960815,0.882701576,-0.469645798,0.006140360,0.015267450
1653512917.974476814,-544.312500000,-682.171569824,100.200157166,0.882674754,-0.469719142,0.006165393,0.014533418
1653512918.040600777,-544.312500000,-682.171569824,100.200157166,0.882674754,-0.469719142,0.006165393,0.014533418
1653512918.106445789,-542.682250977,-684.628662109,100.010299683,0.883040667,-0.469050407,0.006587672,0.013692043
1653512918.172746420,-542.682250977,-684.628662109,100.010299683,0.883040667,-0.469050407,0.006587672,0.013692043
1653512918.242866516,-540.965820312,-687.131225586,99.820693970,0.883217692,-0.468738884,0.006775982,0.012825801
1653512918.306033850,-540.965820312,-687.131225586,99.820693970,0.883217692,-0.468738884,0.006775982,0.012825801
1653512918.373003960,-539.098693848,-689.793090820,99.628509521,0.883628905,-0.467978716,0.006755033,0.012255861
1653512918.439371586,-539.098693848,-689.793090820,99.628509521,0.883628905,-0.467978716,0.006755033,0.012255861
1653512918.505864382,-537.056884766,-692.591979980,99.425270081,0.884059131,-0.467194855,0.006569930,0.011190038
1653512918.572522879,-537.056884766,-692.591979980,99.425270081,0.884059131,-0.467194855,0.006569930,0.011190038
1653512918.639315367,-535.905334473,-694.526916504,99.330955505,0.884616911,-0.466152698,0.006981825,0.010289804
1653512918.706596851,-535.905334473,-694.526916504,99.330955505,0.884616911,-0.466152698,0.006981825,0.010289804
1653512918.773922920,-534.051574707,-697.171997070,99.157821655,0.885296524,-0.464883924,0.006444276,0.009562194
1653512918.839183331,-534.051574707,-697.171997070,99.157821655,0.885296524,-0.464883924,0.006444276,0.009562194
1653512918.906341791,-532.288513184,-699.736877441,99.003852844,0.886229932,-0.463127077,0.005479031,0.008933995
1653512918.972676277,-532.288513184,-699.736877441,99.003852844,0.886229932,-0.463127077,0.005479031,0.008933995
1653512919.039188862,-530.764526367,-702.050842285,98.876182556,0.886946261,-0.461768538,0.004200307,0.008860343
1653512919.109936237,-530.764526367,-702.050842285,98.876182556,0.886946261,-0.461768538,0.004200307,0.008860343
1653512919.172969341,-529.005920410,-704.587463379,98.723548889,0.887689829,-0.460344344,0.002699363,0.009085088
1653512919.239584684,-529.005920410,-704.587463379,98.723548889,0.887689829,-0.460344344,0.002699363,0.009085088
1653512919.306104183,-527.203002930,-707.137207031,98.572921753,0.888253748,-0.459248811,0.000925638,0.009744245
1653512919.372863054,-527.203002930,-707.137207031,98.572921753,0.888253748,-0.459248811,0.000925638,0.009744245
1653512919.439282179,-525.438598633,-709.657409668,98.421875000,0.888705194,-0.458359599,0.000209729,0.010462716
1653512919.506232977,-525.438598633,-709.657409668,98.421875000,0.888705194,-0.458359599,0.000209729,0.010462716
1653512919.573919773,-523.738708496,-712.100341797,98.283508301,0.889163911,-0.457444787,0.000046205,0.011481971
1653512919.639784336,-523.738708496,-712.100341797,98.283508301,0.889163911,-0.457444787,0.000046205,0.011481971
1653512919.706546545,-522.117431641,-714.476501465,98.160034180,0.889373243,-0.457029432,0.000583269,0.011788902
1653512919.772476435,-522.117431641,-714.476501465,98.160034180,0.889373243,-0.457029432,0.000583269,0.011788902
1653512919.839409351,-520.686950684,-716.652954102,98.066741943,0.889335215,-0.457094014,0.002286801,0.011947460
1653512919.905869246,-520.686950684,-716.652954102,98.066741943,0.889335215,-0.457094014,0.002286801,0.011947460
1653512919.973426342,-518.711853027,-719.335754395,97.915924072,0.889515340,-0.456728131,0.004073297,0.012054068
1653512920.039250612,-518.711853027,-719.335754395,97.915924072,0.889515340,-0.456728131,0.004073297,0.012054068
1653512920.105711937,-516.601745605,-722.135314941,97.762741089,0.889528155,-0.456686467,0.006220366,0.011764508
1653512920.172508240,-516.601745605,-722.135314941,97.762741089,0.889528155,-0.456686467,0.006220366,0.011764508
1653512920.239482164,-514.892395020,-724.540039062,97.660057068,0.889275908,-0.457131714,0.009451129,0.011383439
1653512920.305770159,-514.892395020,-724.540039062,97.660057068,0.889275908,-0.457131714,0.009451129,0.011383439
1653512920.373007059,-512.884826660,-727.227355957,97.516937256,0.889035463,-0.457555294,0.011367412,0.011398415
1653512920.439539433,-512.884826660,-727.227355957,97.516937256,0.889035463,-0.457555294,0.011367412,0.011398415
1653512920.505796909,-511.002685547,-729.774597168,97.377944946,0.888719678,-0.458159596,0.012152518,0.010926344
1653512920.572622776,-511.002685547,-729.774597168,97.377944946,0.888719678,-0.458159596,0.012152518,0.010926344
1653512920.639565468,-509.511199951,-731.959533691,97.276618958,0.888332903,-0.458901733,0.013146610,0.010048389
1653512920.707080364,-509.511199951,-731.959533691,97.276618958,0.888332903,-0.458901733,0.013146610,0.010048389
1653512920.772423267,-507.568084717,-734.573120117,97.118209839,0.888241112,-0.459100693,0.013106826,0.009082731
1653512920.841373920,-507.568084717,-734.573120117,97.118209839,0.888241112,-0.459100693,0.013106826,0.009082731
1653512920.906025410,-506.023193359,-736.826049805,97.008468628,0.887947619,-0.459679931,0.013708424,0.007447629
1653512920.972832441,-506.023193359,-736.826049805,97.008468628,0.887947619,-0.459679931,0.013708424,0.007447629
1653512921.039474010,-504.244506836,-739.315979004,96.876091003,0.887321651,-0.460901469,0.014147458,0.005478383
1653512921.105691195,-504.244506836,-739.315979004,96.876091003,0.887321651,-0.460901469,0.014147458,0.005478383
1653512921.172873259,-502.490600586,-741.732849121,96.747375488,0.887045979,-0.461432666,0.014725459,0.003537212
1653512921.239418745,-502.490600586,-741.732849121,96.747375488,0.887045979,-0.461432666,0.014725459,0.003537212
1653512921.306933880,-500.652191162,-744.275817871,96.618041992,0.886653125,-0.462171525,0.015595464,0.000712714
1653512921.372714996,-500.652191162,-744.275817871,96.618041992,0.886653125,-0.462171525,0.015595464,0.000712714
1653512921.442794561,-499.409454346,-746.251220703,96.554374695,0.886151969,-0.463089973,0.016800139,-0.000250777
1653512921.506202698,-499.409454346,-746.251220703,96.554374695,0.886151969,-0.463089973,0.016800139,-0.000250777
1653512921.572450161,-497.674957275,-748.699096680,96.428207397,0.885969043,-0.463457286,0.016247571,0.001496333
1653512921.639368534,-497.674957275,-748.699096680,96.428207397,0.885969043,-0.463457286,0.016247571,0.001496333
1653512921.705907583,-495.648834229,-751.379211426,96.259277344,0.885913491,-0.463599920,0.014428155,0.004921937
1653512921.773189783,-495.648834229,-751.379211426,96.259277344,0.885913491,-0.463599920,0.014428155,0.004921937
1653512921.844346523,-494.230560303,-753.514221191,96.158721924,0.885670006,-0.464041561,0.013906512,0.007789592
1653512921.905968666,-494.230560303,-753.514221191,96.158721924,0.885670006,-0.464041561,0.013906512,0.007789592
1653512921.974344015,-492.787811279,-755.717041016,96.053657532,0.885510325,-0.464354873,0.013309203,0.008301104
1653512922.040787458,-492.787811279,-755.717041016,96.053657532,0.885510325,-0.464354873,0.013309203,0.008301104
1653512922.105770826,-490.858734131,-758.345153809,95.890640259,0.885170102,-0.465026230,0.013312363,0.006879165
1653512922.172457218,-490.858734131,-758.345153809,95.890640259,0.885170102,-0.465026230,0.013312363,0.006879165
1653512922.239957333,-489.719696045,-760.248413086,95.817932129,0.884706140,-0.465925634,0.013524511,0.005043410
1653512922.305803537,-489.719696045,-760.248413086,95.817932129,0.884706140,-0.465925634,0.013524511,0.005043410
1653512922.373822212,-487.642883301,-763.038330078,95.641853333,0.884662330,-0.466055065,0.012148683,0.004194205
1653512922.439493179,-487.642883301,-763.038330078,95.641853333,0.884662330,-0.466055065,0.012148683,0.004194205
1653512922.506784439,-486.427124023,-765.007812500,95.563247681,0.884684801,-0.466030210,0.011282770,0.004623866
1653512922.573450089,-486.427124023,-765.007812500,95.563247681,0.884684801,-0.466030210,0.011282770,0.004623866
1653512922.639379025,-484.497009277,-767.627502441,95.397552490,0.884534001,-0.466348588,0.009326398,0.005624380
1653512922.706277132,-484.497009277,-767.627502441,95.397552490,0.884534001,-0.466348588,0.009326398,0.005624380
1653512922.774163961,-482.741943359,-770.064331055,95.255310059,0.884681821,-0.466091931,0.006878983,0.007003339
1653512922.839086771,-482.741943359,-770.064331055,95.255310059,0.884681821,-0.466091931,0.006878983,0.007003339
1653512922.907784224,-481.075683594,-772.427124023,95.123466492,0.884653568,-0.466147840,0.004602215,0.008545541
1653512922.972805500,-481.075683594,-772.427124023,95.123466492,0.884653568,-0.466147840,0.004602215,0.008545541
1653512923.039676189,-479.477844238,-774.761779785,94.995544434,0.884519279,-0.466385126,0.002306958,0.010257345
1653512923.111053228,-479.477844238,-774.761779785,94.995544434,0.884519279,-0.466385126,0.002306958,0.010257345
1653512923.173169374,-478.005096436,-776.946777344,94.875762939,0.884666741,-0.466078371,-0.000661716,0.011631682
1653512923.239092350,-478.005096436,-776.946777344,94.875762939,0.884666741,-0.466078371,-0.000661716,0.011631682
1653512923.306591034,-476.449829102,-779.223083496,94.738319397,0.884488821,-0.466360331,-0.003138449,0.013329380
1653512923.372632742,-476.449829102,-779.223083496,94.738319397,0.884488821,-0.466360331,-0.003138449,0.013329380
1653512923.441957712,-474.781829834,-781.627685547,94.592651367,0.884135246,-0.466960311,-0.005164038,0.015044079
1653512923.506458998,-474.781829834,-781.627685547,94.592651367,0.884135246,-0.466960311,-0.005164038,0.015044079
1653512923.573024511,-473.172668457,-783.923889160,94.464187622,0.883973956,-0.467164487,-0.006091738,0.017614139
1653512923.639057398,-473.172668457,-783.923889160,94.464187622,0.883973956,-0.467164487,-0.006091738,0.017614139
1653512923.707801580,-471.298645020,-786.476135254,94.305786133,0.883743227,-0.467501760,-0.007539371,0.019573715
1653512923.772765875,-471.298645020,-786.476135254,94.305786133,0.883743227,-0.467501760,-0.007539371,0.019573715
1653512923.841588736,-469.342742920,-789.088623047,94.145004272,0.883339643,-0.468172967,-0.007441970,0.021673078
1653512923.906193972,-469.342742920,-789.088623047,94.145004272,0.883339643,-0.468172967,-0.007441970,0.021673078
1653512923.972409248,-467.219055176,-791.839416504,93.960433960,0.883078218,-0.468588889,-0.006948848,0.023431577
1653512924.039275408,-467.219055176,-791.839416504,93.960433960,0.883078218,-0.468588889,-0.006948848,0.023431577
1653512924.105877876,-465.811950684,-793.889892578,93.856803894,0.882824004,-0.469038069,-0.005810028,0.024317166
1653512924.172615051,-465.811950684,-793.889892578,93.856803894,0.882824004,-0.469038069,-0.005810028,0.024317166
1653512924.239169598,-463.957550049,-796.384155273,93.694328308,0.882272899,-0.470052481,-0.005636120,0.024768550
1653512924.306250572,-463.957550049,-796.384155273,93.694328308,0.882272899,-0.470052481,-0.005636120,0.024768550
1653512924.372355223,-462.445434570,-798.559082031,93.570175171,0.882000983,-0.470551580,-0.005060853,0.025096271
1653512924.440770388,-462.445434570,-798.559082031,93.570175171,0.882000983,-0.470551580,-0.005060853,0.025096271
1653512924.506376505,-460.891876221,-800.754089355,93.433494568,0.881724238,-0.471034795,-0.005099912,0.025739849
1653512924.572611332,-460.891876221,-800.754089355,93.433494568,0.881724238,-0.471034795,-0.005099912,0.025739849
1653512924.641292810,-458.814575195,-803.418762207,93.226417542,0.881407619,-0.471592158,-0.006678189,0.026015619
1653512924.709180593,-458.814575195,-803.418762207,93.226417542,0.881407619,-0.471592158,-0.006678189,0.026015619
1653512924.772542953,-456.891601562,-805.945129395,93.029708862,0.881402969,-0.471585393,-0.007772550,0.025992947
1653512924.842007875,-456.891601562,-805.945129395,93.029708862,0.881402969,-0.471585393,-0.007772550,0.025992947
1653512924.906510115,-455.100555420,-808.288024902,92.844970703,0.881595194,-0.471166402,-0.008599933,0.026799660
1653512924.972670794,-455.100555420,-808.288024902,92.844970703,0.881595194,-0.471166402,-0.008599933,0.026799660
1653512925.039157391,-453.552703857,-810.403747559,92.679504395,0.881554782,-0.471211344,-0.009427994,0.027057854
1653512925.105864525,-453.552703857,-810.403747559,92.679504395,0.881554782,-0.471211344,-0.009427994,0.027057854
1653512925.173124075,-451.894348145,-812.605651855,92.503150940,0.881989717,-0.470379442,-0.009709288,0.027258581
1653512925.239217520,-451.894348145,-812.605651855,92.503150940,0.881989717,-0.470379442,-0.009709288,0.027258581
1653512925.305675507,-450.219482422,-814.835998535,92.323326111,0.882425070,-0.469565868,-0.010036306,0.027077915
1653512925.373811722,-450.219482422,-814.835998535,92.323326111,0.882425070,-0.469565868,-0.010036306,0.027077915
1653512925.439395666,-448.246856689,-817.320678711,92.111297607,0.882732034,-0.468967199,-0.010213468,0.027379300
1653512925.506114244,-448.246856689,-817.320678711,92.111297607,0.882732034,-0.468967199,-0.010213468,0.027379300
1653512925.572581530,-446.295837402,-819.767578125,91.902107239,0.883462727,-0.467579812,-0.010325879,0.027496584
1653512925.640736341,-446.295837402,-819.767578125,91.902107239,0.883462727,-0.467579812,-0.010325879,0.027496584
1653512925.705787420,-444.238189697,-822.284179688,91.681449890,0.884383500,-0.465819508,-0.010648366,0.027650844
1653512925.772432327,-444.238189697,-822.284179688,91.681449890,0.884383500,-0.465819508,-0.010648366,0.027650844
1653512925.839762926,-442.457977295,-824.527221680,91.488197327,0.885048509,-0.464519531,-0.009657083,0.028592169
1653512925.906600475,-442.457977295,-824.527221680,91.488197327,0.885048509,-0.464519531,-0.009657083,0.028592169
1653512925.972927809,-440.718017578,-826.717529297,91.297851562,0.886001825,-0.462673098,-0.008528328,0.029353751
1653512926.039314985,-440.718017578,-826.717529297,91.297851562,0.886001825,-0.462673098,-0.008528328,0.029353751
1653512926.105939150,-438.301300049,-829.506896973,91.033294678,0.886787474,-0.461157262,-0.007209953,0.029832069
1653512926.172435760,-438.301300049,-829.506896973,91.033294678,0.886787474,-0.461157262,-0.007209953,0.029832069
1653512926.240677118,-437.190490723,-831.156799316,90.925010681,0.887218177,-0.460361928,-0.005125954,0.029741161
1653512926.305638790,-437.190490723,-831.156799316,90.925010681,0.887218177,-0.460361928,-0.005125954,0.029741161
1653512926.373110056,-435.275054932,-833.513549805,90.714225769,0.887691617,-0.459436208,-0.005095360,0.029932881
1653512926.439147234,-435.275054932,-833.513549805,90.714225769,0.887691617,-0.459436208,-0.005095360,0.029932881
1653512926.505773306,-433.276672363,-835.910339355,90.486923218,0.887992382,-0.458848149,-0.005679594,0.029927589
1653512926.572821379,-433.276672363,-835.910339355,90.486923218,0.887992382,-0.458848149,-0.005679594,0.029927589
1653512926.641239643,-431.098480225,-838.449279785,90.238586426,0.888152361,-0.458556294,-0.005683220,0.029650889
1653512926.706659079,-431.098480225,-838.449279785,90.238586426,0.888152361,-0.458556294,-0.005683220,0.029650889
1653512926.772786617,-429.280853271,-840.680664062,90.035827637,0.888576210,-0.457780570,-0.005510560,0.028964475
1653512926.840284586,-429.280853271,-840.680664062,90.035827637,0.888576210,-0.457780570,-0.005510560,0.028964475
1653512926.906200171,-427.569854736,-842.780334473,89.844482422,0.888923407,-0.457185537,-0.005605864,0.027661851
1653512926.972521305,-427.569854736,-842.780334473,89.844482422,0.888923407,-0.457185537,-0.005605864,0.027661851
1653512927.040838003,-425.551971436,-845.142089844,89.616355896,0.889307201,-0.456519246,-0.005624227,0.026292266
1653512927.105794430,-425.551971436,-845.142089844,89.616355896,0.889307201,-0.456519246,-0.005624227,0.026292266
1653512927.173547745,-423.691589355,-847.351501465,89.413063049,0.890012205,-0.455242693,-0.005399495,0.024560710
1653512927.239129066,-423.691589355,-847.351501465,89.413063049,0.890012205,-0.455242693,-0.005399495,0.024560710
1653512927.305943489,-421.910156250,-849.490966797,89.223220825,0.890677631,-0.454066902,-0.004880550,0.022199400
1653512927.373144865,-421.910156250,-849.490966797,89.223220825,0.890677631,-0.454066902,-0.004880550,0.022199400
1653512927.444530249,-420.080596924,-851.679443359,89.030693054,0.891269803,-0.452996492,-0.004819912,0.020226179
1653512927.506713867,-420.080596924,-851.679443359,89.030693054,0.891269803,-0.452996492,-0.004819912,0.020226179
1653512927.574090958,-417.583404541,-854.457214355,88.768630981,0.892243803,-0.451155812,-0.004489112,0.018418627
1653512927.639252663,-417.583404541,-854.457214355,88.768630981,0.892243803,-0.451155812,-0.004489112,0.018418627
1653512927.706695080,-416.096343994,-856.330200195,88.629608154,0.893169940,-0.449414045,-0.003746746,0.016138868
1653512927.772329807,-416.096343994,-856.330200195,88.629608154,0.893169940,-0.449414045,-0.003746746,0.016138868
1653512927.839855194,-414.260650635,-858.494262695,88.448616028,0.894096553,-0.447636664,-0.002674281,0.014339149
1653512927.906061649,-414.260650635,-858.494262695,88.448616028,0.894096553,-0.447636664,-0.002674281,0.014339149
1653512927.972581148,-412.169158936,-860.847045898,88.230682373,0.895384312,-0.445119947,-0.003747561,0.011878544
1653512928.039350986,-412.169158936,-860.847045898,88.230682373,0.895384312,-0.445119947,-0.003747561,0.011878544
1653512928.105602980,-409.985473633,-863.264770508,88.003669739,0.896440208,-0.443036705,-0.003819280,0.009941374
1653512928.173058033,-409.985473633,-863.264770508,88.003669739,0.896440208,-0.443036705,-0.003819280,0.009941374
1653512928.242154837,-408.223724365,-865.344482422,87.824089050,0.897383511,-0.441173971,-0.003448543,0.007515082
1653512928.305571795,-408.223724365,-865.344482422,87.824089050,0.897383511,-0.441173971,-0.003448543,0.007515082
1653512928.372351170,-406.107086182,-867.730712891,87.607612610,0.898692250,-0.438534886,-0.002736355,0.005646016
1653512928.441496372,-406.107086182,-867.730712891,87.607612610,0.898692250,-0.438534886,-0.002736355,0.005646016
1653512928.506081820,-404.481445312,-869.698181152,87.454063416,0.899928749,-0.436017632,-0.001627633,0.003767469
1653512928.572496176,-404.481445312,-869.698181152,87.454063416,0.899928749,-0.436017632,-0.001627633,0.003767469
1653512928.640275002,-402.379577637,-872.090637207,87.253143311,0.901069164,-0.433672309,-0.000567485,0.001558925
1653512928.708433628,-402.379577637,-872.090637207,87.253143311,0.901069164,-0.433672309,-0.000567485,0.001558925
1653512928.772433043,-400.195281982,-874.546325684,87.040863037,0.902338088,-0.431028843,-0.000282213,0.000233580
1653512928.839380026,-400.195281982,-874.546325684,87.040863037,0.902338088,-0.431028843,-0.000282213,0.000233580
1653512928.905907631,-398.356079102,-876.707153320,86.879035950,0.903609335,-0.428356916,-0.000027130,-0.000710229
1653512928.974132776,-398.356079102,-876.707153320,86.879035950,0.903609335,-0.428356916,-0.000027130,-0.000710229
1653512929.039644718,-396.473937988,-878.915344238,86.716056824,0.904520988,-0.426426709,0.000538406,-0.001305863
1653512929.105972767,-396.473937988,-878.915344238,86.716056824,0.904520988,-0.426426709,0.000538406,-0.001305863
1653512929.173579693,-394.405670166,-881.270874023,86.543479919,0.905602098,-0.424124986,0.001150015,-0.001227339
1653512929.239336491,-394.405670166,-881.270874023,86.543479919,0.905602098,-0.424124986,0.001150015,-0.001227339
1653512929.305671692,-392.678680420,-883.357543945,86.414657593,0.906387448,-0.422441423,0.002072776,-0.000870788
1653512929.372503281,-392.678680420,-883.357543945,86.414657593,0.906387448,-0.422441423,0.002072776,-0.000870788
1653512929.440111399,-390.685485840,-885.643066406,86.257530212,0.907010913,-0.421095997,0.002841320,-0.001131341
1653512929.505503893,-390.685485840,-885.643066406,86.257530212,0.907010913,-0.421095997,0.002841320,-0.001131341
1653512929.572893620,-388.514007568,-888.093627930,86.084297180,0.907801330,-0.419386744,0.003186808,-0.001152494
1653512929.639415741,-388.514007568,-888.093627930,86.084297180,0.907801330,-0.419386744,0.003186808,-0.001152494
1653512929.707620621,-386.720458984,-890.248107910,85.963989258,0.908396244,-0.418097317,0.003253946,-0.000541955
1653512929.772404671,-386.720458984,-890.248107910,85.963989258,0.908396244,-0.418097317,0.003253946,-0.000541955
1653512929.840112686,-384.574310303,-892.681030273,85.799491882,0.908673286,-0.417500198,0.002511578,0.000287758
1653512929.905775309,-384.574310303,-892.681030273,85.799491882,0.908673286,-0.417500198,0.002511578,0.000287758
1653512929.974684000,-382.188812256,-895.292846680,85.601409912,0.909258008,-0.416230440,0.000597330,0.001299458
1653512930.039931059,-382.188812256,-895.292846680,85.601409912,0.909258008,-0.416230440,0.000597330,0.001299458
1653512930.105600119,-380.577484131,-897.321716309,85.494499207,0.909525096,-0.415640771,-0.000302587,0.002602822
1653512930.173787832,-380.577484131,-897.321716309,85.494499207,0.909525096,-0.415640771,-0.000302587,0.002602822
1653512930.239509106,-378.515533447,-899.666320801,85.321044922,0.909637630,-0.415377736,-0.002117530,0.004036980
1653512930.305922985,-378.515533447,-899.666320801,85.321044922,0.909637630,-0.415377736,-0.002117530,0.004036980
1653512930.372457027,-376.417816162,-902.064697266,85.149314880,0.909860075,-0.414871067,-0.003523804,0.004918654
1653512930.440064907,-376.417816162,-902.064697266,85.149314880,0.909860075,-0.414871067,-0.003523804,0.004918654
1653512930.506669760,-374.384155273,-904.409729004,84.979507446,0.909991741,-0.414549828,-0.005285255,0.005957791
1653512930.576173782,-374.384155273,-904.409729004,84.979507446,0.909991741,-0.414549828,-0.005285255,0.005957791
1653512930.639259100,-372.527191162,-906.626342773,84.837165833,0.909806013,-0.414921463,-0.006568256,0.007078311
1653512930.708253860,-372.527191162,-906.626342773,84.837165833,0.909806013,-0.414921463,-0.006568256,0.007078311
1653512930.772372484,-370.576721191,-908.910949707,84.685638428,0.909612775,-0.415314376,-0.007169864,0.008196329
1653512930.839055300,-370.576721191,-908.910949707,84.685638428,0.909612775,-0.415314376,-0.007169864,0.008196329
1653512930.905791998,-368.374755859,-911.385681152,84.508850098,0.909525692,-0.415463328,-0.008701368,0.008806321
1653512930.972577333,-368.374755859,-911.385681152,84.508850098,0.909525692,-0.415463328,-0.008701368,0.008806321
1653512931.040364027,-366.302093506,-913.762329102,84.350593567,0.909318328,-0.415892810,-0.008893462,0.009707176
1653512931.107045412,-366.302093506,-913.762329102,84.350593567,0.909318328,-0.415892810,-0.008893462,0.009707176
1653512931.173436880,-364.567138672,-915.873657227,84.238853455,0.909190238,-0.416144460,-0.009038821,0.010731137
1653512931.239196301,-364.567138672,-915.873657227,84.238853455,0.909190238,-0.416144460,-0.009038821,0.010731137
1653512931.305557013,-362.227600098,-918.420410156,84.048522949,0.909009933,-0.416491479,-0.009718131,0.011888327
1653512931.372458696,-362.227600098,-918.420410156,84.048522949,0.909009933,-0.416491479,-0.009718131,0.011888327
1653512931.439106703,-360.088134766,-920.801513672,83.881103516,0.908655941,-0.417224556,-0.009694705,0.013191239
1653512931.505669594,-360.088134766,-920.801513672,83.881103516,0.908655941,-0.417224556,-0.009694705,0.013191239
1653512931.572637081,-358.247802734,-922.952880859,83.746757507,0.908608794,-0.417300940,-0.008781778,0.014590399
1653512931.639204979,-358.247802734,-922.952880859,83.746757507,0.908608794,-0.417300940,-0.008781778,0.014590399
1653512931.705500841,-355.877960205,-925.506469727,83.556015015,0.908479095,-0.417585492,-0.008184115,0.014871768
1653512931.772379398,-355.877960205,-925.506469727,83.556015015,0.908479095,-0.417585492,-0.008184115,0.014871768
1653512931.839519501,-353.898590088,-927.757934570,83.414894104,0.908426583,-0.417745322,-0.007097064,0.014130260
1653512931.905961514,-353.898590088,-927.757934570,83.414894104,0.908426583,-0.417745322,-0.007097064,0.014130260
1653512931.972706795,-351.800079346,-930.093688965,83.271682739,0.908825576,-0.416930050,-0.005397188,0.013278871
1653512932.039953232,-351.800079346,-930.093688965,83.271682739,0.908825576,-0.416930050,-0.005397188,0.013278871
1653512932.106145144,-349.643127441,-932.474853516,83.128578186,0.909262300,-0.416033387,-0.003946896,0.011946940
1653512932.172815561,-349.643127441,-932.474853516,83.128578186,0.909262300,-0.416033387,-0.003946896,0.011946940
1653512932.239120007,-347.563079834,-934.777709961,83.000663757,0.909810901,-0.414873838,-0.002861466,0.010752907
1653512932.307193518,-347.563079834,-934.777709961,83.000663757,0.909810901,-0.414873838,-0.002861466,0.010752907
1653512932.373113871,-345.182983398,-937.281555176,82.841079712,0.910639703,-0.413088858,-0.002434804,0.009328298
1653512932.439192295,-345.182983398,-937.281555176,82.841079712,0.910639703,-0.413088858,-0.002434804,0.009328298
1653512932.506284237,-343.116302490,-939.555847168,82.729827881,0.911455750,-0.411308676,-0.001210695,0.008495657
1653512932.575577259,-343.116302490,-939.555847168,82.729827881,0.911455750,-0.411308676,-0.001210695,0.008495657
1653512932.640465498,-341.224060059,-941.691345215,82.647766113,0.911947131,-0.410234421,-0.000247655,0.007752592
1653512932.705582857,-341.224060059,-941.691345215,82.647766113,0.911947131,-0.410234421,-0.000247655,0.007752592
1653512932.772522926,-338.886169434,-944.156738281,82.516090393,0.912781298,-0.408382773,-0.000293812,0.007333633
1653512932.839208603,-338.886169434,-944.156738281,82.516090393,0.912781298,-0.408382773,-0.000293812,0.007333633
1653512932.905947685,-336.935546875,-946.339416504,82.419456482,0.913483143,-0.406811804,-0.000162888,0.007258480
1653512932.972223759,-336.935546875,-946.339416504,82.419456482,0.913483143,-0.406811804,-0.000162888,0.007258480
1653512933.040643692,-335.020233154,-948.549011230,82.319839478,0.914101064,-0.405403256,0.000365699,0.008206476
1653512933.107693911,-335.020233154,-948.549011230,82.319839478,0.914101064,-0.405403256,0.000365699,0.008206476
1653512933.173909903,-332.903106689,-950.898559570,82.176940918,0.914728582,-0.403910249,-0.002070146,0.011128331
1653512933.239153385,-332.903106689,-950.898559570,82.176940918,0.914728582,-0.403910249,-0.002070146,0.011128331
1653512933.319144726,-330.991973877,-953.070007324,82.043731689,0.915182650,-0.402733296,-0.003580101,0.015291744
1653512933.374365807,-330.991973877,-953.070007324,82.043731689,0.915182650,-0.402733296,-0.003580101,0.015291744
1653512933.439165354,-328.231079102,-955.914794922,81.802108765,0.915387034,-0.402139932,-0.004982575,0.018033536
1653512933.505861044,-328.231079102,-955.914794922,81.802108765,0.915387034,-0.402139932,-0.004982575,0.018033536
1653512933.574169636,-326.579376221,-957.776123047,81.658813477,0.915529788,-0.401791394,-0.005649432,0.018356200
1653512933.639078379,-326.579376221,-957.776123047,81.658813477,0.915529788,-0.401791394,-0.005649432,0.018356200
1653512933.706134319,-324.669036865,-959.910461426,81.487297058,0.915451467,-0.402039438,-0.002368483,0.017528821
1653512933.773470402,-324.669036865,-959.910461426,81.487297058,0.915451467,-0.402039438,-0.002368483,0.017528821
1653512933.840558290,-322.128723145,-962.473693848,81.227478027,0.915019691,-0.403096497,-0.000783209,0.015862001
1653512933.908273935,-322.128723145,-962.473693848,81.227478027,0.915019691,-0.403096497,-0.000783209,0.015862001
1653512933.972315550,-320.079803467,-964.702697754,81.020835876,0.914507449,-0.404309869,0.001620807,0.014388906
1653512934.041601419,-320.079803467,-964.702697754,81.020835876,0.914507449,-0.404309869,0.001620807,0.014388906
1653512934.105666637,-318.421661377,-966.643005371,80.849838257,0.913911700,-0.405669302,0.003894158,0.013516447
1653512934.172793150,-318.421661377,-966.643005371,80.849838257,0.913911700,-0.405669302,0.003894158,0.013516447
1653512934.239002228,-316.014465332,-969.148376465,80.581314087,0.913143992,-0.407388777,0.005403469,0.013161996
1653512934.306082726,-316.014465332,-969.148376465,80.581314087,0.913143992,-0.407388777,0.005403469,0.013161996
1653512934.372776747,-312.986816406,-972.100219727,80.243087769,0.912370086,-0.409123123,0.005898140,0.012818285
1653512934.439256430,-312.986816406,-972.100219727,80.243087769,0.912370086,-0.409123123,0.005898140,0.012818285
1653512934.506122351,-311.438720703,-973.969299316,80.072563171,0.911294818,-0.411535114,0.007417682,0.011208093
1653512934.572541475,-311.438720703,-973.969299316,80.072563171,0.911294818,-0.411535114,0.007417682,0.011208093
1653512934.639714718,-309.194122314,-976.315429688,79.814208984,0.910163343,-0.414081365,0.007625320,0.009008102
1653512934.705626249,-309.194122314,-976.315429688,79.814208984,0.910163343,-0.414081365,0.007625320,0.009008102
1653512934.772669554,-307.009857178,-978.596191406,79.580451965,0.909481764,-0.415611506,0.008602740,0.005995288
1653512934.839069366,-307.009857178,-978.596191406,79.580451965,0.909481764,-0.415611506,0.008602740,0.005995288
1653512934.906248331,-304.811553955,-980.886718750,79.347579956,0.909012079,-0.416642368,0.010154986,0.001736109
1653512934.972480774,-304.811553955,-980.886718750,79.347579956,0.909012079,-0.416642368,0.010154986,0.001736109
1653512935.040945292,-302.167694092,-983.490234375,79.087348938,0.908548534,-0.417643100,0.010173446,-0.003210972
1653512935.105808020,-302.167694092,-983.490234375,79.087348938,0.908548534,-0.417643100,0.010173446,-0.003210972
1653512935.172356606,-300.494995117,-985.403381348,78.957008362,0.908802986,-0.417036384,0.010025232,-0.007571064
1653512935.239166021,-300.494995117,-985.403381348,78.957008362,0.908802986,-0.417036384,0.010025232,-0.007571064
1653512935.305889130,-297.889953613,-987.980529785,78.715553284,0.909305096,-0.415906936,0.008323775,-0.010788179
1653512935.372561932,-297.889953613,-987.980529785,78.715553284,0.909305096,-0.415906936,0.008323775,-0.010788179
1653512935.440461636,-295.417938232,-990.492736816,78.495414734,0.910079420,-0.414199799,0.006208259,-0.012468990
1653512935.505866051,-295.417938232,-990.492736816,78.495414734,0.910079420,-0.414199799,0.006208259,-0.012468990
1653512935.572466135,-293.192565918,-992.840576172,78.318397522,0.911062002,-0.412068427,0.003546739,-0.012373982
1653512935.639048815,-293.192565918,-992.840576172,78.318397522,0.911062002,-0.412068427,0.003546739,-0.012373982
1653512935.706188202,-290.905853271,-995.190979004,78.136421204,0.911972940,-0.410109073,0.001015067,-0.010715843
1653512935.772179127,-290.905853271,-995.190979004,78.136421204,0.911972940,-0.410109073,0.001015067,-0.010715843
1653512935.838921547,-288.699066162,-997.527587891,77.982109070,0.912902713,-0.408096999,-0.000688850,-0.008064333
1653512935.905562401,-288.699066162,-997.527587891,77.982109070,0.912902713,-0.408096999,-0.000688850,-0.008064333
1653512935.972590685,-286.284515381,-1000.017333984,77.809669495,0.913716793,-0.406328738,-0.002016118,-0.003809224
1653512936.039142370,-286.284515381,-1000.017333984,77.809669495,0.913716793,-0.406328738,-0.002016118,-0.003809224
1653512936.105679750,-284.348388672,-1002.180480957,77.705810547,0.914139628,-0.405391932,-0.002018788,0.001443073
1653512936.172418833,-284.348388672,-1002.180480957,77.705810547,0.914139628,-0.405391932,-0.002018788,0.001443073
1653512936.239297152,-282.092437744,-1004.570556641,77.571319580,0.913917065,-0.405860394,-0.000597936,0.005704055
1653512936.305535555,-282.092437744,-1004.570556641,77.571319580,0.913917065,-0.405860394,-0.000597936,0.005704055
1653512936.372306108,-279.583068848,-1007.129455566,77.419006348,0.913187385,-0.407441914,0.000833391,0.008898648
1653512936.439627647,-279.583068848,-1007.129455566,77.419006348,0.913187385,-0.407441914,0.000833391,0.008898648
1653512936.505566359,-277.523040771,-1009.375000000,77.324172974,0.912113428,-0.409799248,0.002488758,0.010366296
1653512936.572577715,-277.523040771,-1009.375000000,77.324172974,0.912113428,-0.409799248,0.002488758,0.010366296
1653512936.640460730,-275.295837402,-1011.728759766,77.203041077,0.910524011,-0.413275391,0.003285547,0.011775567
1653512936.705783129,-275.295837402,-1011.728759766,77.203041077,0.910524011,-0.413275391,0.003285547,0.011775567
1653512936.772526979,-272.663543701,-1014.375549316,77.030075073,0.909331441,-0.415835083,0.003898000,0.013501601
1653512936.839615583,-272.663543701,-1014.375549316,77.030075073,0.909331441,-0.415835083,0.003898000,0.013501601
1653512936.906434059,-270.259674072,-1016.825378418,76.880638123,0.908485413,-0.417614371,0.004059774,0.015363793
1653512936.972921133,-270.259674072,-1016.825378418,76.880638123,0.908485413,-0.417614371,0.004059774,0.015363793
1653512937.038964987,-268.216918945,-1019.030273438,76.778724670,0.907947779,-0.418733120,0.005141676,0.016338905
1653512937.106098175,-268.216918945,-1019.030273438,76.778724670,0.907947779,-0.418733120,0.005141676,0.016338905
1653512937.172260523,-265.825408936,-1021.464843750,76.633842468,0.907933414,-0.418772966,0.005873095,0.015861701
1653512937.239146471,-265.825408936,-1021.464843750,76.633842468,0.907933414,-0.418772966,0.005873095,0.015861701
1653512937.306322098,-263.441619873,-1023.892761230,76.497276306,0.908148646,-0.418346375,0.006985917,0.014264691
1653512937.372202873,-263.441619873,-1023.892761230,76.497276306,0.908148646,-0.418346375,0.006985917,0.014264691
1653512937.439831257,-261.322479248,-1026.136962891,76.404510498,0.908600926,-0.417412013,0.008711600,0.011647219
1653512937.507078171,-261.322479248,-1026.136962891,76.404510498,0.908600926,-0.417412013,0.008711600,0.011647219
1653512937.573050499,-258.793395996,-1028.653686523,76.272300720,0.909391880,-0.415740907,0.009569255,0.008619467
1653512937.642552376,-258.793395996,-1028.653686523,76.272300720,0.909391880,-0.415740907,0.009569255,0.008619467
1653512937.705846310,-256.844390869,-1030.754272461,76.215789795,0.910213411,-0.413966388,0.010133156,0.006382395
1653512937.772341013,-256.844390869,-1030.754272461,76.215789795,0.910213411,-0.413966388,0.010133156,0.006382395
1653512937.839201689,-254.367782593,-1033.215332031,76.091331482,0.910868824,-0.412551671,0.010301542,0.003595938
1653512937.906503916,-254.367782593,-1033.215332031,76.091331482,0.910868824,-0.412551671,0.010301542,0.003595938
1653512937.972159624,-252.212722778,-1035.447753906,76.007553101,0.912014604,-0.410031348,0.010035454,0.001724833
1653512938.039915800,-252.212722778,-1035.447753906,76.007553101,0.912014604,-0.410031348,0.010035454,0.001724833
1653512938.108172178,-249.751266479,-1037.893310547,75.889846802,0.912894726,-0.408089042,0.009275589,0.000711685
1653512938.172341347,-249.751266479,-1037.893310547,75.889846802,0.912894726,-0.408089042,0.009275589,0.000711685
1653512938.239795446,-247.829895020,-1039.988769531,75.839149475,0.913650095,-0.406420738,0.008067884,0.000758489
1653512938.305807114,-247.829895020,-1039.988769531,75.839149475,0.913650095,-0.406420738,0.008067884,0.000758489
1653512938.372114897,-245.379714966,-1042.419677734,75.718338013,0.914620459,-0.404264480,0.006157448,0.001317898
1653512938.439017296,-245.379714966,-1042.419677734,75.718338013,0.914620459,-0.404264480,0.006157448,0.001317898
1653512938.505662203,-242.953704834,-1044.841918945,75.601608276,0.915289164,-0.402760327,0.004458203,0.003167975
1653512938.573637247,-242.953704834,-1044.841918945,75.601608276,0.915289164,-0.402760327,0.004458203,0.003167975
1653512938.638949633,-240.679809570,-1047.170898438,75.509651184,0.915777922,-0.401634037,0.003397885,0.005421428
1653512938.706473589,-240.679809570,-1047.170898438,75.509651184,0.915777922,-0.401634037,0.003397885,0.005421428
1653512938.772507668,-238.513076782,-1049.447265625,75.431671143,0.916351020,-0.400276959,0.002955675,0.008391022
1653512938.838877439,-238.513076782,-1049.447265625,75.431671143,0.916351020,-0.400276959,0.002955675,0.008391022
1653512938.906012774,-236.255722046,-1051.785888672,75.339721680,0.916627169,-0.399563700,0.002675122,0.011676936
1653512938.972275019,-236.255722046,-1051.785888672,75.339721680,0.916627169,-0.399563700,0.002675122,0.011676936
1653512939.040955067,-234.202529907,-1053.964355469,75.262138367,0.916747808,-0.399193376,0.002898204,0.014480084
1653512939.107268810,-234.202529907,-1053.964355469,75.262138367,0.916747808,-0.399193376,0.002898204,0.014480084
1653512939.172276258,-231.449813843,-1056.608642578,75.101196289,0.916752875,-0.399037659,0.003691102,0.017875468
1653512939.239827156,-231.449813843,-1056.608642578,75.101196289,0.916752875,-0.399037659,0.003691102,0.017875468
1653512939.306775808,-229.339126587,-1058.779541016,75.005867004,0.916337192,-0.399794579,0.005087861,0.021553425
1653512939.372159719,-229.339126587,-1058.779541016,75.005867004,0.916337192,-0.399794579,0.005087861,0.021553425
1653512939.440534353,-226.942337036,-1061.186767578,74.874473572,0.915714145,-0.401005149,0.006930140,0.024788152
1653512939.506469727,-226.942337036,-1061.186767578,74.874473572,0.915714145,-0.401005149,0.006930140,0.024788152
1653512939.573281050,-224.630645752,-1063.521972656,74.741653442,0.914898694,-0.402652860,0.007840719,0.027741045
1653512939.641962767,-224.630645752,-1063.521972656,74.741653442,0.914898694,-0.402652860,0.007840719,0.027741045
1653512939.708607912,-222.445861816,-1065.757446289,74.610809326,0.913959026,-0.404604465,0.008549850,0.030017374
1653512939.772164822,-222.445861816,-1065.757446289,74.610809326,0.913959026,-0.404604465,0.008549850,0.030017374
1653512939.839864016,-220.258514404,-1067.988037109,74.477569580,0.912859082,-0.406954199,0.008664566,0.031646632
1653512939.905759573,-220.258514404,-1067.988037109,74.477569580,0.912859082,-0.406954199,0.008664566,0.031646632
1653512939.972521305,-217.819335938,-1070.335571289,74.299392700,0.912345886,-0.408055514,0.008455993,0.032314237
1653512940.039271355,-217.819335938,-1070.335571289,74.299392700,0.912345886,-0.408055514,0.008455993,0.032314237
1653512940.105779886,-215.003570557,-1072.924682617,74.071739197,0.912100792,-0.408672988,0.007657790,0.031621337
1653512940.172433615,-215.003570557,-1072.924682617,74.071739197,0.912100792,-0.408672988,0.007657790,0.031621337
1653512940.241317034,-212.647476196,-1075.184570312,73.897209167,0.912137270,-0.408708066,0.007665747,0.030075215
1653512940.307395220,-212.647476196,-1075.184570312,73.897209167,0.912137270,-0.408708066,0.007665747,0.030075215
1653512940.372834921,-210.449127197,-1077.343139648,73.747467041,0.912673950,-0.407692522,0.009607858,0.026846198
1653512940.440925121,-210.449127197,-1077.343139648,73.747467041,0.912673950,-0.407692522,0.009607858,0.026846198
1653512940.505516529,-208.553894043,-1079.274047852,73.637855530,0.913682759,-0.405652851,0.011333405,0.022385327
1653512940.572339058,-208.553894043,-1079.274047852,73.637855530,0.913682759,-0.405652851,0.011333405,0.022385327
1653512940.638778925,-206.474288940,-1081.316894531,73.505157471,0.914862156,-0.403138340,0.012838928,0.018491015
1653512940.706552744,-206.474288940,-1081.316894531,73.505157471,0.914862156,-0.403138340,0.012838928,0.018491015
1653512940.772696733,-203.269332886,-1084.099975586,73.250015259,0.916501284,-0.399539351,0.012253315,0.015607411
1653512940.839621782,-203.269332886,-1084.099975586,73.250015259,0.916501284,-0.399539351,0.012253315,0.015607411
1653512940.905500889,-201.253219604,-1086.086791992,73.132156372,0.918237865,-0.395522684,0.012448081,0.015686926
1653512940.972679615,-201.253219604,-1086.086791992,73.132156372,0.918237865,-0.395522684,0.012448081,0.015686926
1653512941.040346146,-198.787689209,-1088.352539062,72.964729309,0.919762254,-0.391932040,0.011958296,0.016843842
1653512941.105923414,-198.787689209,-1088.352539062,72.964729309,0.919762254,-0.391932040,0.011958296,0.016843842
1653512941.172254801,-196.321777344,-1090.616210938,72.803527832,0.921147645,-0.388638645,0.011013212,0.018048678
1653512941.239115238,-196.321777344,-1090.616210938,72.803527832,0.921147645,-0.388638645,0.011013212,0.018048678
1653512941.305517197,-194.194290161,-1092.639160156,72.677528381,0.922198176,-0.386107385,0.010707307,0.018893488
1653512941.373679876,-194.194290161,-1092.639160156,72.677528381,0.922198176,-0.386107385,0.010707307,0.018893488
1653512941.439087152,-191.643966675,-1094.932373047,72.499809265,0.922958732,-0.384294868,0.009758350,0.019218814
1653512941.505604029,-191.643966675,-1094.932373047,72.499809265,0.922958732,-0.384294868,0.009758350,0.019218814
1653512941.572142124,-189.642349243,-1096.893554688,72.380096436,0.923809767,-0.382236123,0.010265154,0.019122237
1653512941.638990164,-189.642349243,-1096.893554688,72.380096436,0.923809767,-0.382236123,0.010265154,0.019122237
1653512941.710382938,-187.068084717,-1099.221801758,72.194358826,0.924466670,-0.380662739,0.009110338,0.019344656
1653512941.772772551,-187.068084717,-1099.221801758,72.194358826,0.924466670,-0.380662739,0.009110338,0.019344656
1653512941.839200497,-184.095031738,-1101.803588867,71.966575623,0.924886346,-0.379621655,0.007195405,0.020514475
1653512941.906411886,-184.095031738,-1101.803588867,71.966575623,0.924886346,-0.379621655,0.007195405,0.020514475
1653512941.973418236,-181.993286133,-1103.778320312,71.822265625,0.925306559,-0.378588647,0.006860668,0.020769721
1653512942.038770914,-181.993286133,-1103.778320312,71.822265625,0.925306559,-0.378588647,0.006860668,0.020769721
1653512942.106172800,-179.468307495,-1106.041992188,71.624740601,0.925634682,-0.377804756,0.005609930,0.020798583
1653512942.174011469,-179.468307495,-1106.041992188,71.624740601,0.925634682,-0.377804756,0.005609930,0.020798583
1653512942.239271402,-177.095214844,-1108.187133789,71.439445496,0.925577343,-0.377954513,0.004135352,0.020973777
1653512942.306101322,-177.095214844,-1108.187133789,71.439445496,0.925577343,-0.377954513,0.004135352,0.020973777
1653512942.373180151,-174.647918701,-1110.374145508,71.244804382,0.925868392,-0.377238184,0.003637492,0.021115726
1653512942.438869238,-174.647918701,-1110.374145508,71.244804382,0.925868392,-0.377238184,0.003637492,0.021115726
1653512942.506347418,-172.272888184,-1112.502685547,71.056777954,0.926288664,-0.376226574,0.002465333,0.020899875
1653512942.576726913,-172.272888184,-1112.502685547,71.056777954,0.926288664,-0.376226574,0.002465333,0.020899875
1653512942.639224529,-169.949478149,-1114.601196289,70.871337891,0.926511943,-0.375691146,0.002034112,0.020678891
1653512942.707224131,-169.949478149,-1114.601196289,70.871337891,0.926511943,-0.375691146,0.002034112,0.020678891
1653512942.772523642,-167.915054321,-1116.516113281,70.717788696,0.927051604,-0.374355495,0.002134828,0.020704793
1653512942.839087486,-167.915054321,-1116.516113281,70.717788696,0.927051604,-0.374355495,0.002134828,0.020704793
1653512942.905658484,-164.892288208,-1119.032470703,70.457603455,0.927692831,-0.372790277,0.001275876,0.020292198
1653512942.975009918,-164.892288208,-1119.032470703,70.457603455,0.927692831,-0.372790277,0.001275876,0.020292198
1653512943.039239168,-162.598571777,-1121.111572266,70.275032043,0.928121924,-0.371761978,0.001293942,0.019521153
1653512943.105740786,-162.598571777,-1121.111572266,70.275032043,0.928121924,-0.371761978,0.001293942,0.019521153
1653512943.172180891,-160.977722168,-1122.769775391,70.165023804,0.928747535,-0.370241880,0.001365551,0.018630881
1653512943.238902330,-160.977722168,-1122.769775391,70.165023804,0.928747535,-0.370241880,0.001365551,0.018630881
1653512943.305926085,-158.310119629,-1125.041015625,69.933013916,0.929450393,-0.368504137,0.000601158,0.018062988
1653512943.373713970,-158.310119629,-1125.041015625,69.933013916,0.929450393,-0.368504137,0.000601158,0.018062988
1653512943.439956665,-155.919097900,-1127.151123047,69.734954834,0.930045187,-0.367034197,0.000816772,0.017353337
1653512943.506055117,-155.919097900,-1127.151123047,69.734954834,0.930045187,-0.367034197,0.000816772,0.017353337
1653512943.572995186,-153.753417969,-1129.101684570,69.560142517,0.930717349,-0.365333945,0.000862103,0.017191561
1653512943.639068127,-153.753417969,-1129.101684570,69.560142517,0.930717349,-0.365333945,0.000862103,0.017191561
1653512943.705833673,-151.368865967,-1131.182617188,69.365798950,0.931280911,-0.363906503,0.001373341,0.016913719
1653512943.772137642,-151.368865967,-1131.182617188,69.365798950,0.931280911,-0.363906503,0.001373341,0.016913719
1653512943.839257002,-149.481201172,-1132.959472656,69.224136353,0.931730151,-0.362753868,0.002555435,0.016794363
1653512943.906232119,-149.481201172,-1132.959472656,69.224136353,0.931730151,-0.362753868,0.002555435,0.016794363
1653512943.973878860,-146.816360474,-1135.204101562,69.003089905,0.932328463,-0.361237615,0.002814946,0.016218835
1653512944.039274454,-146.816360474,-1135.204101562,69.003089905,0.932328463,-0.361237615,0.002814946,0.016218835
1653512944.106670618,-144.533935547,-1137.213012695,68.829650879,0.932878733,-0.359835029,0.003524100,0.015607306
1653512944.172158718,-144.533935547,-1137.213012695,68.829650879,0.932878733,-0.359835029,0.003524100,0.015607306
1653512944.239894152,-142.395904541,-1139.117431641,68.664733887,0.933319867,-0.358686328,0.003896080,0.015586184
1653512944.305751085,-142.395904541,-1139.117431641,68.664733887,0.933319867,-0.358686328,0.003896080,0.015586184
1653512944.372131348,-139.725540161,-1141.333618164,68.438735962,0.933920562,-0.357128829,0.003729227,0.015411012
1653512944.438749552,-139.725540161,-1141.333618164,68.438735962,0.933920562,-0.357128829,0.003729227,0.015411012
1653512944.508995056,-137.340576172,-1143.364746094,68.242027283,0.934610069,-0.355292290,0.003913976,0.016003963
1653512944.576169014,-137.340576172,-1143.364746094,68.242027283,0.934610069,-0.355292290,0.003913976,0.016003963
1653512944.639642239,-135.351745605,-1145.190063477,68.091934204,0.935185730,-0.353782535,0.004550410,0.015648181
1653512944.705826283,-135.351745605,-1145.190063477,68.091934204,0.935185730,-0.353782535,0.004550410,0.015648181
1653512944.772325277,-132.552078247,-1147.459838867,67.852920532,0.935893357,-0.351886839,0.004947627,0.015961651
1653512944.838681221,-132.552078247,-1147.459838867,67.852920532,0.935893357,-0.351886839,0.004947627,0.015961651
1653512944.905601263,-131.008239746,-1149.010742188,67.755867004,0.936400473,-0.350519508,0.006079576,0.015915839
1653512944.972112894,-131.008239746,-1149.010742188,67.755867004,0.936400473,-0.350519508,0.006079576,0.015915839
1653512945.039255381,-128.350585938,-1151.201660156,67.536575317,0.936705112,-0.349695325,0.006219212,0.016064595
1653512945.108562469,-128.350585938,-1151.201660156,67.536575317,0.936705112,-0.349695325,0.006219212,0.016064595
1653512945.172346354,-126.022727966,-1153.187011719,67.353752136,0.937271833,-0.348157525,0.005808899,0.016557572
1653512945.239848375,-126.022727966,-1153.187011719,67.353752136,0.937271833,-0.348157525,0.005808899,0.016557572
1653512945.305820704,-123.520317078,-1155.257080078,67.146179199,0.937657535,-0.347098082,0.005481255,0.017065657
1653512945.372587204,-123.520317078,-1155.257080078,67.146179199,0.937657535,-0.347098082,0.005481255,0.017065657
1653512945.439058065,-121.405456543,-1157.110717773,66.977584839,0.937862217,-0.346488744,0.005451209,0.018172784
1653512945.505804062,-121.405456543,-1157.110717773,66.977584839,0.937862217,-0.346488744,0.005451209,0.018172784
1653512945.572285891,-119.206474304,-1159.009399414,66.793754578,0.938264012,-0.345358819,0.005071372,0.019030318
1653512945.638855457,-119.206474304,-1159.009399414,66.793754578,0.938264012,-0.345358819,0.005071372,0.019030318
1653512945.705799341,-116.678077698,-1161.079467773,66.569038391,0.938617170,-0.344340116,0.003890764,0.020312730
1653512945.772214890,-116.678077698,-1161.079467773,66.569038391,0.938617170,-0.344340116,0.003890764,0.020312730
1653512945.841076136,-114.782691956,-1162.798950195,66.408714294,0.938799262,-0.343814850,0.004282456,0.020712113
1653512945.905803919,-114.782691956,-1162.798950195,66.408714294,0.938799262,-0.343814850,0.004282456,0.020712113
1653512945.972134590,-112.227561951,-1164.901245117,66.169189453,0.939124286,-0.342911780,0.003598957,0.021073597
1653512946.038840771,-112.227561951,-1164.901245117,66.169189453,0.939124286,-0.342911780,0.003598957,0.021073597
1653512946.106919765,-110.015769958,-1166.794189453,65.960235596,0.939496100,-0.341881692,0.003073614,0.021320092
1653512946.174456120,-110.015769958,-1166.794189453,65.960235596,0.939496100,-0.341881692,0.003073614,0.021320092
1653512946.238749504,-107.625732422,-1168.785644531,65.728385925,0.939633191,-0.341464132,0.002539522,0.022029633
1653512946.308119297,-107.625732422,-1168.785644531,65.728385925,0.939633191,-0.341464132,0.002539522,0.022029633
1653512946.372978687,-105.472763062,-1170.628784180,65.518394470,0.939970970,-0.340540886,0.002341444,0.021931903
1653512946.438907862,-105.472763062,-1170.628784180,65.518394470,0.939970970,-0.340540886,0.002341444,0.021931903
1653512946.505423546,-103.330543518,-1172.458984375,65.306762695,0.940363050,-0.339489430,0.001456698,0.021497518
1653512946.572332859,-103.330543518,-1172.458984375,65.306762695,0.940363050,-0.339489430,0.001456698,0.021497518
1653512946.639314890,-101.092163086,-1174.307128906,65.079719543,0.940514147,-0.339080364,0.000160917,0.021390669
1653512946.710056305,-101.092163086,-1174.307128906,65.079719543,0.940514147,-0.339080364,0.000160917,0.021390669
1653512946.772004843,-98.406204224,-1176.395751953,64.805343628,0.940772772,-0.338363737,-0.000650447,0.021357371
1653512946.842635870,-98.406204224,-1176.395751953,64.805343628,0.940772772,-0.338363737,-0.000650447,0.021357371
1653512946.907450199,-96.019927979,-1178.309448242,64.567489624,0.941208482,-0.337173462,-0.001079703,0.020962525
1653512946.972641706,-96.019927979,-1178.309448242,64.567489624,0.941208482,-0.337173462,-0.001079703,0.020962525
1653512947.039281845,-94.235527039,-1179.910400391,64.396629333,0.941389263,-0.336691737,-0.001333567,0.020571653
1653512947.106762171,-94.235527039,-1179.910400391,64.396629333,0.941389263,-0.336691737,-0.001333567,0.020571653
1653512947.172504902,-91.483078003,-1182.026977539,64.112617493,0.941746891,-0.335705936,-0.001990197,0.020258095
1653512947.238898754,-91.483078003,-1182.026977539,64.112617493,0.941746891,-0.335705936,-0.001990197,0.020258095
1653512947.306369066,-89.183204651,-1183.888671875,63.878040314,0.942044497,-0.334851056,-0.002861098,0.020462144
1653512947.372112513,-89.183204651,-1183.888671875,63.878040314,0.942044497,-0.334851056,-0.002861098,0.020462144
1653512947.441575289,-86.546127319,-1185.925292969,63.601440430,0.942245662,-0.334253699,-0.004325209,0.020709576
1653512947.505305290,-86.546127319,-1185.925292969,63.601440430,0.942245662,-0.334253699,-0.004325209,0.020709576
1653512947.572127581,-84.555137634,-1187.608520508,63.405521393,0.942700803,-0.332929105,-0.004954502,0.021186290
1653512947.639849663,-84.555137634,-1187.608520508,63.405521393,0.942700803,-0.332929105,-0.004954502,0.021186290
1653512947.706120729,-81.646888733,-1189.741943359,63.109504700,0.942967176,-0.332098722,-0.006728085,0.021865875
1653512947.772338867,-81.646888733,-1189.741943359,63.109504700,0.942967176,-0.332098722,-0.006728085,0.021865875
1653512947.840967894,-79.150772095,-1191.646362305,62.869747162,0.943050325,-0.331821501,-0.007870907,0.022104805
1653512947.905771971,-79.150772095,-1191.646362305,62.869747162,0.943050325,-0.331821501,-0.007870907,0.022104805
1653512947.971958160,-77.111511230,-1193.318481445,62.686988831,0.943200648,-0.331472516,-0.007433885,0.021052808
1653512948.041350603,-77.111511230,-1193.318481445,62.686988831,0.943200648,-0.331472516,-0.007433885,0.021052808
1653512948.108435154,-74.863777161,-1195.092895508,62.493572235,0.943263710,-0.331346869,-0.006884371,0.020381384
1653512948.172233105,-74.863777161,-1195.092895508,62.493572235,0.943263710,-0.331346869,-0.006884371,0.020381384
1653512948.238740921,-72.339439392,-1197.032226562,62.280014038,0.943166375,-0.331626564,-0.006791901,0.020368889
1653512948.305250168,-72.339439392,-1197.032226562,62.280014038,0.943166375,-0.331626564,-0.006791901,0.020368889
1653512948.372152805,-69.674697876,-1199.003540039,62.049297333,0.943265378,-0.331292570,-0.007398966,0.020998936
1653512948.439276695,-69.674697876,-1199.003540039,62.049297333,0.943265378,-0.331292570,-0.007398966,0.020998936
1653512948.505378723,-67.153228760,-1200.898681641,61.845634460,0.943525553,-0.330451399,-0.007815609,0.022367068
1653512948.572111368,-67.153228760,-1200.898681641,61.845634460,0.943525553,-0.330451399,-0.007815609,0.022367068
1653512948.641099691,-64.962524414,-1202.614013672,61.681274414,0.943729937,-0.329697281,-0.008623476,0.024476500
1653512948.706501484,-64.962524414,-1202.614013672,61.681274414,0.943729937,-0.329697281,-0.008623476,0.024476500
1653512948.772305012,-62.497085571,-1204.471069336,61.490421295,0.944050431,-0.328503937,-0.010349097,0.027329285
1653512948.839702129,-62.497085571,-1204.471069336,61.490421295,0.944050431,-0.328503937,-0.010349097,0.027329285
1653512948.905394077,-59.837997437,-1206.394653320,61.279083252,0.944523990,-0.326839328,-0.012009366,0.030103743
1653512948.972111702,-59.837997437,-1206.394653320,61.279083252,0.944523990,-0.326839328,-0.012009366,0.030103743
1653512949.039857388,-57.878120422,-1207.960815430,61.146015167,0.945001125,-0.325109214,-0.013138393,0.033230569
1653512949.105808258,-57.878120422,-1207.960815430,61.146015167,0.945001125,-0.325109214,-0.013138393,0.033230569
1653512949.172181129,-55.657817841,-1209.651977539,60.984874725,0.945712209,-0.322741419,-0.013280812,0.035917491
1653512949.238659620,-55.657817841,-1209.651977539,60.984874725,0.945712209,-0.322741419,-0.013280812,0.035917491
1653512949.306149006,-52.956806183,-1211.577758789,60.766056061,0.946472585,-0.320221514,-0.014863871,0.037774783
1653512949.372203827,-52.956806183,-1211.577758789,60.766056061,0.946472585,-0.320221514,-0.014863871,0.037774783
1653512949.438696146,-50.283802032,-1213.485839844,60.554191589,0.947188675,-0.317846209,-0.015417626,0.039619841
1653512949.505748272,-50.283802032,-1213.485839844,60.554191589,0.947188675,-0.317846209,-0.015417626,0.039619841
1653512949.573240757,-47.947414398,-1215.182861328,60.375274658,0.947869182,-0.315604329,-0.016179265,0.040941205
1653512949.639579296,-47.947414398,-1215.182861328,60.375274658,0.947869182,-0.315604329,-0.016179265,0.040941205
1653512949.705716133,-45.587306976,-1216.888916016,60.188720703,0.948841631,-0.312637568,-0.016413316,0.041083746
1653512949.772083998,-45.587306976,-1216.888916016,60.188720703,0.948841631,-0.312637568,-0.016413316,0.041083746
1653512949.839516163,-43.098785400,-1218.619262695,59.983905792,0.949619591,-0.310233980,-0.016718233,0.041206453
1653512949.905570030,-43.098785400,-1218.619262695,59.983905792,0.949619591,-0.310233980,-0.016718233,0.041206453
1653512949.971997261,-40.380741119,-1220.447387695,59.754196167,0.950540066,-0.307462275,-0.016662519,0.040778305
1653512950.038649321,-40.380741119,-1220.447387695,59.754196167,0.950540066,-0.307462275,-0.016662519,0.040778305
1653512950.106895447,-37.777626038,-1222.182983398,59.537242889,0.951501727,-0.304573268,-0.015886633,0.040339187
1653512950.172301054,-37.777626038,-1222.182983398,59.537242889,0.951501727,-0.304573268,-0.015886633,0.040339187
1653512950.238733053,-35.338405609,-1223.858276367,59.347232819,0.952414513,-0.301993757,-0.014065679,0.038839791
1653512950.305701256,-35.338405609,-1223.858276367,59.347232819,0.952414513,-0.301993757,-0.014065679,0.038839791
1653512950.372252464,-32.932052612,-1225.514648438,59.159637451,0.953463137,-0.298825651,-0.012868384,0.038022440
1653512950.439545155,-32.932052612,-1225.514648438,59.159637451,0.953463137,-0.298825651,-0.012868384,0.038022440
1653512950.505589485,-30.501930237,-1227.162353516,58.985141754,0.954614758,-0.295214385,-0.011006006,0.037920628
1653512950.572116137,-30.501930237,-1227.162353516,58.985141754,0.954614758,-0.295214385,-0.011006006,0.037920628
1653512950.641334057,-27.537195206,-1229.042846680,58.751052856,0.955479205,-0.292457223,-0.009933819,0.037810065
1653512950.707270145,-27.537195206,-1229.042846680,58.751052856,0.955479205,-0.292457223,-0.009933819,0.037810065
1653512950.772381306,-24.818586349,-1230.787231445,58.556228638,0.956473827,-0.289201587,-0.010112390,0.037656795
1653512950.841667414,-24.818586349,-1230.787231445,58.556228638,0.956473827,-0.289201587,-0.010112390,0.037656795
1653512950.906358480,-22.903528214,-1232.145874023,58.446590424,0.957664847,-0.285346031,-0.010093425,0.036793791
1653512950.973188400,-22.903528214,-1232.145874023,58.446590424,0.957664847,-0.285346031,-0.010093425,0.036793791
1653512951.039374352,-19.659917831,-1234.084350586,58.192859650,0.958593786,-0.282155037,-0.010711400,0.037037969
1653512951.106009722,-19.659917831,-1234.084350586,58.192859650,0.958593786,-0.282155037,-0.010711400,0.037037969
1653512951.172183752,-17.266304016,-1235.619750977,58.038471222,0.959729493,-0.278220385,-0.011452163,0.037169933
1653512951.239702463,-17.266304016,-1235.619750977,58.038471222,0.959729493,-0.278220385,-0.011452163,0.037169933
1653512951.305901289,-14.566874504,-1237.276733398,57.857471466,0.961029649,-0.273664474,-0.011799471,0.037290383
1653512951.373790979,-14.566874504,-1237.276733398,57.857471466,0.961029649,-0.273664474,-0.011799471,0.037290383
1653512951.438868999,-12.420537949,-1238.690673828,57.748611450,0.962190092,-0.269537657,-0.012243670,0.037278939
1653512951.506714582,-12.420537949,-1238.690673828,57.748611450,0.962190092,-0.269537657,-0.012243670,0.037278939
1653512951.573206663,-9.146502495,-1240.571655273,57.516277313,0.963287830,-0.265362144,-0.014139767,0.038203888
1653512951.639303207,-9.146502495,-1240.571655273,57.516277313,0.963287830,-0.265362144,-0.014139767,0.038203888
1653512951.705791712,-6.014653206,-1242.377685547,57.307826996,0.964360476,-0.261165261,-0.016278464,0.039200004
1653512951.772519350,-6.014653206,-1242.377685547,57.307826996,0.964360476,-0.261165261,-0.016278464,0.039200004
1653512951.838784933,-3.792826653,-1243.791870117,57.215259552,0.965314448,-0.257438511,-0.016960904,0.040071908
1653512951.905629158,-3.792826653,-1243.791870117,57.215259552,0.965314448,-0.257438511,-0.016960904,0.040071908
1653512951.972113848,-0.879164696,-1245.457885742,57.054424286,0.966132998,-0.253867596,-0.017938206,0.042620189
1653512952.038999796,-0.879164696,-1245.457885742,57.054424286,0.966132998,-0.253867596,-0.017938206,0.042620189
1653512952.106034279,1.700750828,-1246.964843750,56.947845459,0.966900647,-0.250380695,-0.018360376,0.045558475
1653512952.174278259,1.700750828,-1246.964843750,56.947845459,0.966900647,-0.250380695,-0.018360376,0.045558475
1653512952.239121437,5.065953255,-1248.764160156,56.758022308,0.967395663,-0.247807443,-0.018363347,0.048989061
1653512952.306555986,5.065953255,-1248.764160156,56.758022308,0.967395663,-0.247807443,-0.018363347,0.048989061
1653512952.372044563,7.663700104,-1250.243530273,56.666381836,0.968008637,-0.244848862,-0.017270550,0.052058630
1653512952.439828634,7.663700104,-1250.243530273,56.666381836,0.968008637,-0.244848862,-0.017270550,0.052058630
1653512952.505728960,10.168721199,-1251.672729492,56.589817047,0.968618333,-0.241901308,-0.015780572,0.054892633
1653512952.572412014,10.168721199,-1251.672729492,56.589817047,0.968618333,-0.241901308,-0.015780572,0.054892633
1653512952.638752699,13.227259636,-1253.296264648,56.453804016,0.968906820,-0.240026668,-0.014803614,0.058202893
1653512952.706718683,13.227259636,-1253.296264648,56.453804016,0.968906820,-0.240026668,-0.014803614,0.058202893
1653512952.772372961,16.175828934,-1254.861328125,56.322746277,0.969393373,-0.237250298,-0.014034237,0.061577648
1653512952.838895321,16.175828934,-1254.861328125,56.322746277,0.969393373,-0.237250298,-0.014034237,0.061577648
1653512952.907169342,18.949640274,-1256.346435547,56.207519531,0.969818890,-0.234681204,-0.013516134,0.064756244
1653512952.972512245,18.949640274,-1256.346435547,56.207519531,0.969818890,-0.234681204,-0.013516134,0.064756244
1653512953.038920164,21.690927505,-1257.793823242,56.097759247,0.970205665,-0.232393667,-0.012993489,0.067270584
1653512953.105389833,21.690927505,-1257.793823242,56.097759247,0.970205665,-0.232393667,-0.012993489,0.067270584
1653512953.172461033,25.066106796,-1259.418823242,55.913967133,0.970634222,-0.230038971,-0.014286507,0.068899766
1653512953.238539219,25.066106796,-1259.418823242,55.913967133,0.970634222,-0.230038971,-0.014286507,0.068899766
1653512953.305603981,27.621284485,-1260.730712891,55.829261780,0.971189857,-0.227828428,-0.013710810,0.068531215
1653512953.371941328,27.621284485,-1260.730712891,55.829261780,0.971189857,-0.227828428,-0.013710810,0.068531215
1653512953.438550711,30.508831024,-1262.120239258,55.711826324,0.971804857,-0.225812167,-0.013027008,0.066591874
1653512953.506660938,30.508831024,-1262.120239258,55.711826324,0.971804857,-0.225812167,-0.013027008,0.066591874
1653512953.572003126,33.412300110,-1263.502563477,55.594936371,0.972591102,-0.223485753,-0.012728726,0.062917657
1653512953.639987230,33.412300110,-1263.502563477,55.594936371,0.972591102,-0.223485753,-0.012728726,0.062917657
1653512953.705469608,36.338325500,-1264.873657227,55.476188660,0.973401666,-0.221004471,-0.012918049,0.058985818
1653512953.772404909,36.338325500,-1264.873657227,55.476188660,0.973401666,-0.221004471,-0.012918049,0.058985818
1653512953.839502573,39.213249207,-1266.214233398,55.367916107,0.974245846,-0.218500406,-0.012579193,0.054261997
1653512953.905591965,39.213249207,-1266.214233398,55.367916107,0.974245846,-0.218500406,-0.012579193,0.054261997
1653512953.972594500,41.999858856,-1267.513427734,55.270942688,0.975279331,-0.214506134,-0.012984189,0.051466599
1653512954.038667917,41.999858856,-1267.513427734,55.270942688,0.975279331,-0.214506134,-0.012984189,0.051466599
1653512954.106036186,45.054351807,-1268.855224609,55.140300751,0.976344228,-0.209306061,-0.014530086,0.052267134
1653512954.172235489,45.054351807,-1268.855224609,55.140300751,0.976344228,-0.209306061,-0.014530086,0.052267134
1653512954.238680840,48.251548767,-1270.207641602,54.990295410,0.977383494,-0.203985661,-0.015731191,0.053515486
1653512954.305398941,48.251548767,-1270.207641602,54.990295410,0.977383494,-0.203985661,-0.015731191,0.053515486
1653512954.372252226,51.122455597,-1271.436279297,54.881610870,0.978626013,-0.197803959,-0.015324243,0.054128256
1653512954.438990593,51.122455597,-1271.436279297,54.881610870,0.978626013,-0.197803959,-0.015324243,0.054128256
1653512954.505403519,54.282413483,-1272.723999023,54.745559692,0.979801059,-0.191689357,-0.015320650,0.054866325
1653512954.571968794,54.282413483,-1272.723999023,54.745559692,0.979801059,-0.191689357,-0.015320650,0.054866325
1653512954.639720917,57.204322815,-1273.936401367,54.640029907,0.980832338,-0.186556950,-0.014102572,0.054456301
1653512954.706075907,57.204322815,-1273.936401367,54.640029907,0.980832338,-0.186556950,-0.014102572,0.054456301
1653512954.772414446,60.033638000,-1275.119506836,54.550327301,0.981849372,-0.181328669,-0.012384535,0.054206103
1653512954.842853546,60.033638000,-1275.119506836,54.550327301,0.981849372,-0.181328669,-0.012384535,0.054206103
1653512954.907303333,63.592350006,-1276.466674805,54.372230530,0.982591391,-0.177111611,-0.012396921,0.054698545
1653512954.976553679,63.592350006,-1276.466674805,54.372230530,0.982591391,-0.177111611,-0.012396921,0.054698545
1653512955.048486233,66.573356628,-1277.666015625,54.268146515,0.983207107,-0.173683152,-0.010020211,0.055114083
1653512955.107452631,66.573356628,-1277.666015625,54.268146515,0.983207107,-0.173683152,-0.010020211,0.055114083
1653512955.172401428,70.133697510,-1279.001342773,54.122100830,0.983758092,-0.170169935,-0.008866134,0.056423388
1653512955.238689184,70.133697510,-1279.001342773,54.122100830,0.983758092,-0.170169935,-0.008866134,0.056423388
1653512955.306649685,73.318489075,-1280.172973633,53.984352112,0.984098673,-0.167687878,-0.007705750,0.058061998
1653512955.372012377,73.318489075,-1280.172973633,53.984352112,0.984098673,-0.167687878,-0.007705750,0.058061998
1653512955.439156055,76.133918762,-1281.269531250,53.904876709,0.984477043,-0.165190920,-0.005765172,0.059023075
1653512955.508534908,76.133918762,-1281.269531250,53.904876709,0.984477043,-0.165190920,-0.005765172,0.059023075
1653512955.572334528,79.330307007,-1282.419677734,53.782577515,0.984893978,-0.162493140,-0.004748473,0.059642699
1653512955.642072201,79.330307007,-1282.419677734,53.782577515,0.984893978,-0.162493140,-0.004748473,0.059642699
1653512955.705445290,82.874794006,-1283.589843750,53.637027740,0.985332310,-0.159356415,-0.003643923,0.060930509
1653512955.772117138,82.874794006,-1283.589843750,53.637027740,0.985332310,-0.159356415,-0.003643923,0.060930509
1653512955.838603020,85.881973267,-1284.640991211,53.563220978,0.985855222,-0.156151012,-0.002016338,0.060846776
1653512955.905221462,85.881973267,-1284.640991211,53.563220978,0.985855222,-0.156151012,-0.002016338,0.060846776
1653512955.972575426,89.377075195,-1285.777099609,53.454692841,0.986355007,-0.152922690,-0.001241900,0.060966015
1653512956.042177439,89.377075195,-1285.777099609,53.454692841,0.986355007,-0.152922690,-0.001241900,0.060966015
1653512956.105420589,92.805953979,-1286.870117188,53.368415833,0.986782849,-0.149821922,-0.001193948,0.061737552
1653512956.176570654,92.805953979,-1286.870117188,53.368415833,0.986782849,-0.149821922,-0.001193948,0.061737552
1653512956.238542318,95.834220886,-1287.872070312,53.324764252,0.987154126,-0.147375211,-0.000793439,0.061697826
1653512956.305636168,95.834220886,-1287.872070312,53.324764252,0.987154126,-0.147375211,-0.000793439,0.061697826
1653512956.372024775,99.313995361,-1288.932128906,53.238494873,0.987602413,-0.144011378,-0.001486434,0.062449630
1653512956.439631462,99.313995361,-1288.932128906,53.238494873,0.987602413,-0.144011378,-0.001486434,0.062449630
1653512956.506538391,102.422325134,-1289.902709961,53.193202972,0.988032699,-0.140504152,-0.002933552,0.063571960
1653512956.571928978,102.422325134,-1289.902709961,53.193202972,0.988032699,-0.140504152,-0.002933552,0.063571960
1653512956.639463663,105.974197388,-1290.921875000,53.093647003,0.988513172,-0.136576295,-0.004694075,0.064549372
1653512956.705377340,105.974197388,-1290.921875000,53.093647003,0.988513172,-0.136576295,-0.004694075,0.064549372
1653512956.773554325,109.050552368,-1291.833374023,53.054195404,0.989202023,-0.131605521,-0.004059463,0.064364672
1653512956.840004206,109.050552368,-1291.833374023,53.054195404,0.989202023,-0.131605521,-0.004059463,0.064364672
1653512956.911803722,112.716003418,-1292.804687500,52.971027374,0.989915848,-0.125942096,-0.003988429,0.064724728
1653512956.972113609,112.716003418,-1292.804687500,52.971027374,0.989915848,-0.125942096,-0.003988429,0.064724728
1653512957.039558887,115.119560242,-1293.598510742,53.059326172,0.990824461,-0.119109303,-0.000037466,0.063873447
1653512957.105948925,115.119560242,-1293.598510742,53.059326172,0.990824461,-0.119109303,-0.000037466,0.063873447
1653512957.172056913,118.926208496,-1294.516723633,52.978210449,0.991490424,-0.112392724,0.002159032,0.065650664
1653512957.238553286,118.926208496,-1294.516723633,52.978210449,0.991490424,-0.112392724,0.002159032,0.065650664
1653512957.306165457,122.457656860,-1295.394042969,52.950618744,0.992005765,-0.105970114,0.005805050,0.068273135
1653512957.373032808,122.457656860,-1295.394042969,52.950618744,0.992005765,-0.105970114,0.005805050,0.068273135
1653512957.439032555,125.122993469,-1296.152221680,53.019573212,0.992316067,-0.100656085,0.010668595,0.071156867
1653512957.505434513,125.122993469,-1296.152221680,53.019573212,0.992316067,-0.100656085,0.010668595,0.071156867
1653512957.572915792,128.785888672,-1296.981689453,52.971321106,0.992352724,-0.095881976,0.013697599,0.076518819
1653512957.638607025,128.785888672,-1296.981689453,52.971321106,0.992352724,-0.095881976,0.013697599,0.076518819
1653512957.707321405,132.241226196,-1297.768188477,52.947204590,0.992289364,-0.091901846,0.016560668,0.081495762
1653512957.772122860,132.241226196,-1297.768188477,52.947204590,0.992289364,-0.091901846,0.016560668,0.081495762
1653512957.838665009,135.444076538,-1298.489135742,52.948390961,0.992241919,-0.089034662,0.018837953,0.084698752
1653512957.906899929,135.444076538,-1298.489135742,52.948390961,0.992241919,-0.089034662,0.018837953,0.084698752
1653512957.972618580,138.833343506,-1299.183349609,52.918273926,0.992387295,-0.085985631,0.020769428,0.085688539
1653512958.038630009,138.833343506,-1299.183349609,52.918273926,0.992387295,-0.085985631,0.020769428,0.085688539
1653512958.105282545,142.315643311,-1299.860229492,52.889957428,0.992649376,-0.083186336,0.022143157,0.085070007
1653512958.172021866,142.315643311,-1299.860229492,52.889957428,0.992649376,-0.083186336,0.022143157,0.085070007
1653512958.239003181,145.655242920,-1300.490844727,52.876293182,0.992995381,-0.080496900,0.022744115,0.083445504
1653512958.305298567,145.655242920,-1300.490844727,52.876293182,0.992995381,-0.080496900,0.022744115,0.083445504
1653512958.372356415,149.435867310,-1301.120727539,52.828754425,0.993325293,-0.077163577,0.022324506,0.082778156
1653512958.438787222,149.435867310,-1301.120727539,52.828754425,0.993325293,-0.077163577,0.022324506,0.082778156
1653512958.505815506,152.616882324,-1301.680908203,52.841773987,0.993654013,-0.072842360,0.021804290,0.082887433
1653512958.571969509,152.616882324,-1301.680908203,52.841773987,0.993654013,-0.072842360,0.021804290,0.082887433
1653512958.639353037,156.111541748,-1302.236938477,52.817295074,0.993820608,-0.068480842,0.020433817,0.084931910
1653512958.705347776,156.111541748,-1302.236938477,52.817295074,0.993820608,-0.068480842,0.020433817,0.084931910
1653512958.771977663,159.496948242,-1302.743164062,52.797603607,0.993893087,-0.063351743,0.018854827,0.088360690
1653512958.838646173,159.496948242,-1302.743164062,52.797603607,0.993893087,-0.063351743,0.018854827,0.088360690
1653512958.906430721,162.510681152,-1303.203369141,52.807727814,0.993929088,-0.057517357,0.018130200,0.092021815
1653512958.972024202,162.510681152,-1303.203369141,52.807727814,0.993929088,-0.057517357,0.018130200,0.092021815
1653512959.040052176,166.232482910,-1303.646850586,52.745735168,0.993919075,-0.051830031,0.016752381,0.095696777
1653512959.105923176,166.232482910,-1303.646850586,52.745735168,0.993919075,-0.051830031,0.016752381,0.095696777
1653512959.172644377,169.117263794,-1304.039428711,52.759025574,0.994072258,-0.045835100,0.017655866,0.096993454
1653512959.240818501,169.117263794,-1304.039428711,52.759025574,0.994072258,-0.045835100,0.017655866,0.096993454
1653512959.307173729,172.516510010,-1304.412109375,52.705215454,0.994175017,-0.040918581,0.018631324,0.097951785
1653512959.372574091,172.516510010,-1304.412109375,52.705215454,0.994175017,-0.040918581,0.018631324,0.097951785
1653512959.438515663,175.944839478,-1304.750122070,52.646263123,0.994217336,-0.036432125,0.021120595,0.098785199
1653512959.505841970,175.944839478,-1304.750122070,52.646263123,0.994217336,-0.036432125,0.021120595,0.098785199
1653512959.572227478,179.081405640,-1305.054443359,52.598701477,0.994355321,-0.031955868,0.024457112,0.098173901
1653512959.639412165,179.081405640,-1305.054443359,52.598701477,0.994355321,-0.031955868,0.024457112,0.098173901
1653512959.706299782,182.640182495,-1305.306274414,52.507305145,0.994480431,-0.028075486,0.028364317,0.097035840
1653512959.772007942,182.640182495,-1305.306274414,52.507305145,0.994480431,-0.028075486,0.028364317,0.097035840
1653512959.838937998,185.742950439,-1305.530517578,52.453105927,0.994666457,-0.024900703,0.032110956,0.094802536
1653512959.905253649,185.742950439,-1305.530517578,52.453105927,0.994666457,-0.024900703,0.032110956,0.094802536
1653512959.973448038,189.569702148,-1305.672851562,52.313766479,0.994847178,-0.021255940,0.034263454,0.093023293
1653512960.038719416,189.569702148,-1305.672851562,52.313766479,0.994847178,-0.021255940,0.034263454,0.093023293
1653512960.105815172,192.398849487,-1305.845458984,52.274963379,0.995094836,-0.017835934,0.038428001,0.089395002
1653512960.172377110,192.398849487,-1305.845458984,52.274963379,0.995094836,-0.017835934,0.038428001,0.089395002
1653512960.238603354,195.614273071,-1305.952758789,52.187744141,0.995226681,-0.014860568,0.040218432,0.087666824
1653512960.305379868,195.614273071,-1305.952758789,52.187744141,0.995226681,-0.014860568,0.040218432,0.087666824
1653512960.372190714,199.136428833,-1305.996337891,52.059532166,0.995335579,-0.010583536,0.040125653,0.087091975
1653512960.438966513,199.136428833,-1305.996337891,52.059532166,0.995335579,-0.010583536,0.040125653,0.087091975
1653512960.505315542,202.015136719,-1306.068725586,51.990474701,0.995494783,-0.006173152,0.040355295,0.085577607
1653512960.572458744,202.015136719,-1306.068725586,51.990474701,0.995494783,-0.006173152,0.040355295,0.085577607
1653512960.639086246,205.668182373,-1306.033935547,51.835987091,0.995559275,-0.001721565,0.039167807,0.085584156
1653512960.707194805,205.668182373,-1306.033935547,51.835987091,0.995559275,-0.001721565,0.039167807,0.085584156
1653512960.772087336,208.711563110,-1306.019287109,51.743953705,0.995676637,0.003961521,0.037938267,0.084693938
1653512960.838959694,208.711563110,-1306.019287109,51.743953705,0.995676637,0.003961521,0.037938267,0.084693938
1653512960.905121088,212.094131470,-1305.929077148,51.617725372,0.995750666,0.009991528,0.036572535,0.083923608
1653512960.978944302,212.094131470,-1305.929077148,51.617725372,0.995750666,0.009991528,0.036572535,0.083923608
1653512961.038900614,215.025512695,-1305.856201172,51.542671204,0.995748043,0.015685592,0.036469575,0.083125003
1653512961.106779814,215.025512695,-1305.856201172,51.542671204,0.995748043,0.015685592,0.036469575,0.083125003
1653512961.171935320,218.085632324,-1305.732299805,51.453979492,0.995675147,0.021827064,0.036035784,0.082801208
1653512961.241158962,218.085632324,-1305.732299805,51.453979492,0.995675147,0.021827064,0.036035784,0.082801208
1653512961.306840181,221.245544434,-1305.563720703,51.351005554,0.995521545,0.028136998,0.035617780,0.082924828
1653512961.372328758,221.245544434,-1305.563720703,51.351005554,0.995521545,0.028136998,0.035617780,0.082924828
1653512961.438749313,224.525878906,-1305.350830078,51.247455597,0.995300233,0.034097627,0.036057688,0.083154097
1653512961.505386353,224.525878906,-1305.350830078,51.247455597,0.995300233,0.034097627,0.036057688,0.083154097
1653512961.571862698,227.503067017,-1305.147827148,51.171268463,0.994995832,0.040136188,0.036674254,0.083829269
1653512961.638911009,227.503067017,-1305.147827148,51.171268463,0.994995832,0.040136188,0.036674254,0.083829269
1653512961.705178976,230.472183228,-1304.909057617,51.092105865,0.994614899,0.045962986,0.037259579,0.085089847
1653512961.773215294,230.472183228,-1304.909057617,51.092105865,0.994614899,0.045962986,0.037259579,0.085089847
1653512961.838739157,233.757675171,-1304.579223633,50.981925964,0.994165957,0.051004272,0.038062088,0.087085545
1653512961.906201363,233.757675171,-1304.579223633,50.981925964,0.994165957,0.051004272,0.038062088,0.087085545
1653512961.971981525,236.955307007,-1304.233032227,50.881134033,0.993675351,0.055944502,0.039210539,0.089117974
1653512962.039092779,236.955307007,-1304.233032227,50.881134033,0.993675351,0.055944502,0.039210539,0.089117974
1653512962.105813503,239.764678955,-1303.921386719,50.819736481,0.993216693,0.060561094,0.040838473,0.090471901
1653512962.176065207,239.764678955,-1303.921386719,50.819736481,0.993216693,0.060561094,0.040838473,0.090471901
1653512962.238702774,243.067367554,-1303.465576172,50.700061798,0.992799044,0.064599521,0.041756310,0.091833375
1653512962.305228949,243.067367554,-1303.465576172,50.700061798,0.992799044,0.064599521,0.041756310,0.091833375
1653512962.374119759,246.086425781,-1303.040893555,50.607517242,0.992366910,0.068923928,0.043799486,0.092406571
1653512962.438625097,246.086425781,-1303.040893555,50.607517242,0.992366910,0.068923928,0.043799486,0.092406571
1653512962.505554914,248.914871216,-1302.641113281,50.539451599,0.992021441,0.072888210,0.045497444,0.092253432
1653512962.571910858,248.914871216,-1302.641113281,50.539451599,0.992021441,0.072888210,0.045497444,0.092253432
1653512962.640056849,252.071182251,-1302.106811523,50.426078796,0.991688907,0.076025732,0.046692315,0.092698649
1653512962.705719233,252.071182251,-1302.106811523,50.426078796,0.991688907,0.076025732,0.046692315,0.092698649
1653512962.772812366,255.213226318,-1301.541748047,50.321956635,0.991394579,0.079984225,0.047544654,0.092080563
1653512962.839924335,255.213226318,-1301.541748047,50.321956635,0.991394579,0.079984225,0.047544654,0.092080563
1653512962.905331612,258.097686768,-1301.006713867,50.238563538,0.991205633,0.083549358,0.047970917,0.090717591
1653512962.972506285,258.097686768,-1301.006713867,50.238563538,0.991205633,0.083549358,0.047970917,0.090717591
1653512963.042455196,260.859985352,-1300.469360352,50.161510468,0.991147339,0.086626567,0.048473563,0.088165432
1653512963.105417252,260.859985352,-1300.469360352,50.161510468,0.991147339,0.086626567,0.048473563,0.088165432
1653512963.171936750,264.010803223,-1299.784301758,50.047180176,0.991017580,0.090971112,0.047571033,0.085705280
1653512963.239744425,264.010803223,-1299.784301758,50.047180176,0.991017580,0.090971112,0.047571033,0.085705280
1653512963.305435181,267.063323975,-1299.046020508,49.918609619,0.990860999,0.094910741,0.046132449,0.084013179
1653512963.372199297,267.063323975,-1299.046020508,49.918609619,0.990860999,0.094910741,0.046132449,0.084013179
1653512963.438608646,269.763244629,-1298.401733398,49.832221985,0.990745902,0.099363640,0.045718167,0.080369614
1653512963.505722523,269.763244629,-1298.401733398,49.832221985,0.990745902,0.099363640,0.045718167,0.080369614
1653512963.572054386,272.720245361,-1297.633789062,49.711948395,0.990509689,0.104603268,0.043738909,0.077689432
1653512963.639145136,272.720245361,-1297.633789062,49.711948395,0.990509689,0.104603268,0.043738909,0.077689432
1653512963.705969095,275.669891357,-1296.834716797,49.597198486,0.990211785,0.109976090,0.042283751,0.074819542
1653512963.772110224,275.669891357,-1296.834716797,49.597198486,0.990211785,0.109976090,0.042283751,0.074819542
1653512963.839684248,278.655883789,-1295.985595703,49.482212067,0.989923120,0.114974454,0.040977132,0.071790732
1653512963.905133486,278.655883789,-1295.985595703,49.482212067,0.989923120,0.114974454,0.040977132,0.071790732
1653512963.972781658,281.275451660,-1295.245361328,49.412372589,0.989543676,0.120805003,0.040822092,0.067402303
1653512964.038599730,281.275451660,-1295.245361328,49.412372589,0.989543676,0.120805003,0.040822092,0.067402303
1653512964.105397940,284.277862549,-1294.314453125,49.294788361,0.989105225,0.125997975,0.040573612,0.064413942
1653512964.172074556,284.277862549,-1294.314453125,49.294788361,0.989105225,0.125997975,0.040573612,0.064413942
1653512964.238612413,287.211120605,-1293.367187500,49.179721832,0.988677740,0.130625874,0.040967297,0.061440330
1653512964.309671164,287.211120605,-1293.367187500,49.179721832,0.988677740,0.130625874,0.040967297,0.061440330
1653512964.372541904,290.025573730,-1292.451782227,49.079242706,0.988142133,0.135500669,0.042195350,0.058602586
1653512964.439566851,290.025573730,-1292.451782227,49.079242706,0.988142133,0.135500669,0.042195350,0.058602586
1653512964.506928444,293.116943359,-1291.384887695,48.945217133,0.987651110,0.139179423,0.043525554,0.057270397
1653512964.572777987,293.116943359,-1291.384887695,48.945217133,0.987651110,0.139179423,0.043525554,0.057270397
1653512964.639859438,295.277130127,-1290.737182617,48.917243958,0.987307668,0.142146081,0.045945674,0.053917404
1653512964.705096960,295.277130127,-1290.737182617,48.917243958,0.987307668,0.142146081,0.045945674,0.053917404
1653512964.772776842,298.325469971,-1289.655883789,48.761676788,0.986940265,0.144370615,0.046381768,0.054357942
1653512964.839304447,298.325469971,-1289.655883789,48.761676788,0.986940265,0.144370615,0.046381768,0.054357942
1653512964.905985594,301.066040039,-1288.697875977,48.636379242,0.986657619,0.145921767,0.047392640,0.054474909
1653512964.972127676,301.066040039,-1288.697875977,48.636379242,0.986657619,0.145921767,0.047392640,0.054474909
1653512965.038521051,303.772674561,-1287.734375000,48.505043030,0.986614406,0.146663681,0.047648508,0.053023040
1653512965.105852842,303.772674561,-1287.734375000,48.505043030,0.986614406,0.146663681,0.047648508,0.053023040
1653512965.171841621,306.430725098,-1286.761230469,48.360324860,0.986865819,0.146840096,0.046529066,0.048670709
1653512965.239132643,306.430725098,-1286.761230469,48.360324860,0.986865819,0.146840096,0.046529066,0.048670709
1653512965.306450605,309.267669678,-1285.643676758,48.181812286,0.987258315,0.146199763,0.045512371,0.043303747
1653512965.371954441,309.267669678,-1285.643676758,48.181812286,0.987258315,0.146199763,0.045512371,0.043303747
1653512965.438901424,312.000823975,-1284.558593750,48.014999390,0.987668872,0.144984901,0.045184538,0.038051497
1653512965.505761385,312.000823975,-1284.558593750,48.014999390,0.987668872,0.144984901,0.045184538,0.038051497
1653512965.574717522,314.463500977,-1283.592285156,47.872589111,0.987904131,0.144483671,0.044851091,0.034033280
1653512965.638534069,314.463500977,-1283.592285156,47.872589111,0.987904131,0.144483671,0.044851091,0.034033280
1653512965.706056595,317.541290283,-1282.274536133,47.648414612,0.988016725,0.144216776,0.044463646,0.032365099
1653512965.771875381,317.541290283,-1282.274536133,47.648414612,0.988016725,0.144216776,0.044463646,0.032365099
1653512965.838573217,320.005157471,-1281.276489258,47.491249084,0.988099754,0.144148782,0.044748940,0.029622432
1653512965.906949520,320.005157471,-1281.276489258,47.491249084,0.988099754,0.144148782,0.044748940,0.029622432
1653512965.972320080,322.786224365,-1280.081909180,47.284923553,0.987996459,0.145482376,0.043878488,0.027795013
1653512966.040009022,322.786224365,-1280.081909180,47.284923553,0.987996459,0.145482376,0.043878488,0.027795013
1653512966.105864048,325.499206543,-1278.907348633,47.075767517,0.987758279,0.147716075,0.042982999,0.025808120
1653512966.172031403,325.499206543,-1278.907348633,47.075767517,0.987758279,0.147716075,0.042982999,0.025808120
1653512966.238556385,328.022583008,-1277.838989258,46.885574341,0.987389088,0.150680751,0.042448349,0.023585569
1653512966.305941820,328.022583008,-1277.838989258,46.885574341,0.987389088,0.150680751,0.042448349,0.023585569
1653512966.372683048,330.715118408,-1276.639526367,46.662265778,0.986839831,0.154671863,0.041797675,0.021835199
1653512966.438589096,330.715118408,-1276.639526367,46.662265778,0.986839831,0.154671863,0.041797675,0.021835199
1653512966.505369902,333.429718018,-1275.405151367,46.426475525,0.986174226,0.159173995,0.041063428,0.020923192
1653512966.571834087,333.429718018,-1275.405151367,46.426475525,0.986174226,0.159173995,0.041063428,0.020923192
1653512966.639793158,335.594146729,-1274.508666992,46.260295868,0.985467017,0.163834006,0.041085392,0.018031541
1653512966.705560923,335.594146729,-1274.508666992,46.260295868,0.985467017,0.163834006,0.041085392,0.018031541
1653512966.773266315,338.262939453,-1273.271484375,46.021034241,0.984522939,0.169706643,0.040355269,0.016901286
1653512966.839886665,338.262939453,-1273.271484375,46.021034241,0.984522939,0.169706643,0.040355269,0.016901286
1653512966.905617952,340.756439209,-1272.136962891,45.803947449,0.983598292,0.175209418,0.039957687,0.015475628
1653512966.972531080,340.756439209,-1272.136962891,45.803947449,0.983598292,0.175209418,0.039957687,0.015475628
1653512967.038534880,343.189239502,-1271.032592773,45.594081879,0.982678652,0.180497900,0.039770287,0.013472780
1653512967.105097055,343.189239502,-1271.032592773,45.594081879,0.982678652,0.180497900,0.039770287,0.013472780
1653512967.172780275,345.757080078,-1269.834960938,45.362350464,0.981626928,0.186240807,0.039695900,0.012130748
1653512967.238317966,345.757080078,-1269.834960938,45.362350464,0.981626928,0.186240807,0.039695900,0.012130748
1653512967.305174828,348.267852783,-1268.680053711,45.139202118,0.980560184,0.191766694,0.040103391,0.010909148
1653512967.372591257,348.267852783,-1268.680053711,45.139202118,0.980560184,0.191766694,0.040103391,0.010909148
1653512967.438420534,350.499969482,-1267.709350586,44.957740784,0.979549468,0.196794003,0.040875189,0.009175143
1653512967.505051851,350.499969482,-1267.709350586,44.957740784,0.979549468,0.196794003,0.040875189,0.009175143
1653512967.573020935,353.294403076,-1266.324462891,44.694644928,0.978430390,0.202182859,0.041272879,0.009620680
1653512967.639042377,353.294403076,-1266.324462891,44.694644928,0.978430390,0.202182859,0.041272879,0.009620680
1653512967.705877781,355.622528076,-1265.282470703,44.504528046,0.977296412,0.207379118,0.042579796,0.008520822
1653512967.774103642,355.622528076,-1265.282470703,44.504528046,0.977296412,0.207379118,0.042579796,0.008520822
1653512967.838548183,357.849182129,-1264.296997070,44.323043823,0.976357341,0.211538926,0.043662235,0.008439820
1653512967.907038927,357.849182129,-1264.296997070,44.323043823,0.976357341,0.211538926,0.043662235,0.008439820
1653512967.973424196,360.530059814,-1262.973632812,44.064136505,0.975319982,0.216247037,0.043420549,0.010141259
1653512968.038418531,360.530059814,-1262.973632812,44.064136505,0.975319982,0.216247037,0.043420549,0.010141259
1653512968.108704567,362.833923340,-1261.926635742,43.861217499,0.974402189,0.220141739,0.043967977,0.012035233
1653512968.171831131,362.833923340,-1261.926635742,43.861217499,0.974402189,0.220141739,0.043967977,0.012035233
1653512968.238510132,365.368591309,-1260.698364258,43.617813110,0.973552346,0.223809510,0.043513786,0.014550676
1653512968.305526257,365.368591309,-1260.698364258,43.617813110,0.973552346,0.223809510,0.043513786,0.014550676
1653512968.373297453,367.721710205,-1259.590576172,43.396633148,0.972692370,0.227476507,0.043103315,0.016313231
1653512968.438789129,367.721710205,-1259.590576172,43.396633148,0.972692370,0.227476507,0.043103315,0.016313231
1653512968.505155802,370.103851318,-1258.475708008,43.173633575,0.971935749,0.230579317,0.042203717,0.019821692
1653512968.573001146,370.103851318,-1258.475708008,43.173633575,0.971935749,0.230579317,0.042203717,0.019821692
1653512968.638712883,372.611511230,-1257.215332031,42.919631958,0.971287131,0.233032495,0.041121114,0.024622258
1653512968.705925941,372.611511230,-1257.215332031,42.919631958,0.971287131,0.233032495,0.041121114,0.024622258
1653512968.772119045,375.152801514,-1255.909423828,42.661487579,0.970510244,0.235882118,0.040382273,0.028962050
1653512968.838437080,375.152801514,-1255.909423828,42.661487579,0.970510244,0.235882118,0.040382273,0.028962050
1653512968.905156612,377.247344971,-1254.927734375,42.475208282,0.969803095,0.238486752,0.040146034,0.031533144
1653512968.974408150,377.247344971,-1254.927734375,42.475208282,0.969803095,0.238486752,0.040146034,0.031533144
1653512969.038419247,380.012542725,-1253.412963867,42.179027557,0.969129264,0.240731567,0.039848827,0.035338338
1653512969.105440617,380.012542725,-1253.412963867,42.179027557,0.969129264,0.240731567,0.039848827,0.035338338
1653512969.173227310,382.309814453,-1252.234985352,41.958919525,0.968261600,0.243709356,0.040602539,0.037771411
1653512969.239502668,382.309814453,-1252.234985352,41.958919525,0.968261600,0.243709356,0.040602539,0.037771411
1653512969.305319786,384.652282715,-1251.008911133,41.726589203,0.967499316,0.246335134,0.041291784,0.039484523
1653512969.373808146,384.652282715,-1251.008911133,41.726589203,0.967499316,0.246335134,0.041291784,0.039484523
1653512969.438648701,387.047271729,-1249.703979492,41.477279663,0.966734469,0.248796538,0.042641632,0.041308396
1653512969.505226851,387.047271729,-1249.703979492,41.477279663,0.966734469,0.248796538,0.042641632,0.041308396
1653512969.571817875,389.340637207,-1248.455688477,41.241146088,0.965843201,0.251758814,0.044280555,0.042469066
1653512969.639270306,389.340637207,-1248.455688477,41.241146088,0.965843201,0.251758814,0.044280555,0.042469066
1653512969.708478928,392.186065674,-1246.726684570,40.908992767,0.964892268,0.254823059,0.046111353,0.043838739
1653512969.771958590,392.186065674,-1246.726684570,40.908992767,0.964892268,0.254823059,0.046111353,0.043838739
1653512969.838284016,394.664489746,-1245.265258789,40.640411377,0.963979125,0.257759660,0.048645586,0.044021036
1653512969.906304598,394.664489746,-1245.265258789,40.640411377,0.963979125,0.257759660,0.048645586,0.044021036
1653512969.972177744,396.628845215,-1244.166748047,40.435310364,0.963016510,0.261101365,0.050597697,0.043186758
1653512970.038704157,396.628845215,-1244.166748047,40.435310364,0.963016510,0.261101365,0.050597697,0.043186758
1653512970.105712891,399.036956787,-1242.684082031,40.149902344,0.961875021,0.265128970,0.051752519,0.042717561
1653512970.172095299,399.036956787,-1242.684082031,40.149902344,0.961875021,0.265128970,0.051752519,0.042717561
1653512970.242136002,401.541076660,-1241.087890625,39.840553284,0.960904121,0.268598378,0.052003901,0.042588353
1653512970.305367231,401.541076660,-1241.087890625,39.840553284,0.960904121,0.268598378,0.052003901,0.042588353
1653512970.372176170,403.973876953,-1239.534667969,39.537796021,0.959690273,0.273090512,0.051584303,0.041895714
1653512970.439018250,403.973876953,-1239.534667969,39.537796021,0.959690273,0.273090512,0.051584303,0.041895714
1653512970.504971027,406.176025391,-1238.124511719,39.258392334,0.958552718,0.277378738,0.050316028,0.041303433
1653512970.572894573,406.176025391,-1238.124511719,39.258392334,0.958552718,0.277378738,0.050316028,0.041303433
1653512970.640090942,408.561431885,-1236.538696289,38.943630219,0.957372427,0.281645328,0.049358316,0.040960025
1653512970.705724955,408.561431885,-1236.538696289,38.943630219,0.957372427,0.281645328,0.049358316,0.040960025
1653512970.772322893,410.941345215,-1234.935180664,38.624839783,0.956119001,0.286154538,0.047766272,0.040870443
1653512970.838439226,410.941345215,-1234.935180664,38.624839783,0.956119001,0.286154538,0.047766272,0.040870443
1653512970.906437159,413.219879150,-1233.372070312,38.317703247,0.954849303,0.290588319,0.046671957,0.040533852
1653512970.972100258,413.219879150,-1233.372070312,38.317703247,0.954849303,0.290588319,0.046671957,0.040533852
1653512971.039512157,415.419525146,-1231.871948242,38.027873993,0.953787684,0.294371128,0.045959778,0.039018348
1653512971.105374575,415.419525146,-1231.871948242,38.027873993,0.953787684,0.294371128,0.045959778,0.039018348
1653512971.171958447,417.483856201,-1230.472534180,37.767669678,0.952544153,0.298720539,0.045416243,0.036919463
1653512971.238650799,417.483856201,-1230.472534180,37.767669678,0.952544153,0.298720539,0.045416243,0.036919463
1653512971.305609465,419.783782959,-1228.833740234,37.459102631,0.951370299,0.302735418,0.044676479,0.035353396
1653512971.372278929,419.783782959,-1228.833740234,37.459102631,0.951370299,0.302735418,0.044676479,0.035353396
1653512971.438410044,421.912872314,-1227.333496094,37.187320709,0.950314581,0.306252241,0.044942312,0.033044185
1653512971.505598783,421.912872314,-1227.333496094,37.187320709,0.950314581,0.306252241,0.044942312,0.033044185
1653512971.571920395,423.951446533,-1225.903930664,36.934299469,0.949087083,0.310380787,0.044573642,0.030177096
1653512971.638365030,423.951446533,-1225.903930664,36.934299469,0.949087083,0.310380787,0.044573642,0.030177096
1653512971.706236362,426.145965576,-1224.300415039,36.652927399,0.947916746,0.314150184,0.044211943,0.028440075
1653512971.773511410,426.145965576,-1224.300415039,36.652927399,0.947916746,0.314150184,0.044211943,0.028440075
1653512971.838931322,428.200561523,-1222.812744141,36.394325256,0.946932733,0.317304701,0.044343732,0.025879627
1653512971.905517578,428.200561523,-1222.812744141,36.394325256,0.946932733,0.317304701,0.044343732,0.025879627
1653512971.972457170,430.362487793,-1221.182128906,36.113307953,0.945707142,0.321014613,0.045077201,0.023572069
1653512972.039921999,430.362487793,-1221.182128906,36.113307953,0.945707142,0.321014613,0.045077201,0.023572069
1653512972.105165482,432.377777100,-1219.671752930,35.862537384,0.944611967,0.324286371,0.045841776,0.021097323
1653512972.171954870,432.377777100,-1219.671752930,35.862537384,0.944611967,0.324286371,0.045841776,0.021097323
1653512972.238601446,434.298675537,-1218.234252930,35.633728027,0.943619251,0.327177703,0.046943042,0.018271914
1653512972.305332184,434.298675537,-1218.234252930,35.633728027,0.943619251,0.327177703,0.046943042,0.018271914
1653512972.372501850,436.501129150,-1216.494873047,35.350147247,0.942426026,0.330564827,0.047996979,0.016011605
1653512972.438351393,436.501129150,-1216.494873047,35.350147247,0.942426026,0.330564827,0.047996979,0.016011605
1653512972.511132717,438.592926025,-1214.848388672,35.090896606,0.941481888,0.333215773,0.048869897,0.013813370
1653512972.572363377,438.592926025,-1214.848388672,35.090896606,0.941481888,0.333215773,0.048869897,0.013813370
1653512972.639080286,440.642211914,-1213.248168945,34.849960327,0.940523326,0.335886508,0.049751859,0.010994066
1653512972.705188036,440.642211914,-1213.248168945,34.849960327,0.940523326,0.335886508,0.049751859,0.010994066
1653512972.772030830,442.617431641,-1211.660644531,34.605163574,0.939637244,0.338415653,0.049735982,0.009111971
1653512972.838727236,442.617431641,-1211.660644531,34.605163574,0.939637244,0.338415653,0.049735982,0.009111971
1653512972.905128956,444.840515137,-1209.807250977,34.312492371,0.938854456,0.340569735,0.050009459,0.007978857
1653512972.972567558,444.840515137,-1209.807250977,34.312492371,0.938854456,0.340569735,0.050009459,0.007978857
1653512973.038493395,446.850585938,-1208.156005859,34.060733795,0.938077807,0.342629731,0.050690245,0.006735761
1653512973.105128765,446.850585938,-1208.156005859,34.060733795,0.938077807,0.342629731,0.050690245,0.006735761
1653512973.171892405,448.912841797,-1206.435546875,33.796699524,0.937160254,0.345215112,0.050316110,0.005048538
1653512973.241794825,448.912841797,-1206.435546875,33.796699524,0.937160254,0.345215112,0.050316110,0.005048538
1653512973.305729866,450.893676758,-1204.801025391,33.550941467,0.936275423,0.347636938,0.050257225,0.003336919
1653512973.372564077,450.893676758,-1204.801025391,33.550941467,0.936275423,0.347636938,0.050257225,0.003336919
1653512973.438379049,452.825714111,-1203.215087891,33.311740875,0.935644150,0.349350899,0.050207522,0.001784585
1653512973.506119490,452.825714111,-1203.215087891,33.311740875,0.935644150,0.349350899,0.050207522,0.001784585
1653512973.573707104,454.827453613,-1201.531494141,33.053131104,0.934738636,0.351895392,0.049326196,0.000483637
1653512973.638645887,454.827453613,-1201.531494141,33.053131104,0.934738636,0.351895392,0.049326196,0.000483637
1653512973.705117941,456.861022949,-1199.813354492,32.786579132,0.933853328,0.354410410,0.048067138,-0.000861620
1653512973.772370815,456.861022949,-1199.813354492,32.786579132,0.933853328,0.354410410,0.048067138,-0.000861620
1653512973.838585377,458.720550537,-1198.267944336,32.547367096,0.933115721,0.356443495,0.047320165,-0.001961873
1653512973.905225754,458.720550537,-1198.267944336,32.547367096,0.933115721,0.356443495,0.047320165,-0.001961873
1653512973.972672462,460.748199463,-1196.511352539,32.279315948,0.931957841,0.359440416,0.047466990,-0.002011827
1653512974.040969610,460.748199463,-1196.511352539,32.279315948,0.931957841,0.359440416,0.047466990,-0.002011827
1653512974.105368137,462.707489014,-1194.811401367,32.020000458,0.930789292,0.362510532,0.047086082,-0.000520980
1653512974.172095299,462.707489014,-1194.811401367,32.020000458,0.930789292,0.362510532,0.047086082,-0.000520980
1653512974.239480734,464.685852051,-1193.057373047,31.754293442,0.929630339,0.365476698,0.047027394,0.001610907
1653512974.305069447,464.685852051,-1193.057373047,31.754293442,0.929630339,0.365476698,0.047027394,0.001610907
1653512974.372090340,466.494476318,-1191.497436523,31.525945663,0.927925706,0.369726300,0.047423624,0.002718324
1653512974.442576647,466.494476318,-1191.497436523,31.525945663,0.927925706,0.369726300,0.047423624,0.002718324
1653512974.506726742,468.497131348,-1189.667724609,31.252058029,0.926228285,0.373874009,0.047901947,0.004982424
1653512974.572891474,468.497131348,-1189.667724609,31.252058029,0.926228285,0.373874009,0.047901947,0.004982424
1653512974.638438702,470.497039795,-1187.828491211,30.984067917,0.924305439,0.378508776,0.048425075,0.006751887
1653512974.705677748,470.497039795,-1187.828491211,30.984067917,0.924305439,0.378508776,0.048425075,0.006751887
1653512974.772833109,472.348937988,-1186.151611328,30.747030258,0.922129154,0.383739382,0.048622146,0.007603152
1653512974.838515282,472.348937988,-1186.151611328,30.747030258,0.922129154,0.383739382,0.048622146,0.007603152
1653512974.905668497,474.222991943,-1184.441894531,30.509963989,0.919634581,0.389522403,0.049706809,0.008586935
1653512974.971914291,474.222991943,-1184.441894531,30.509963989,0.919634581,0.389522403,0.049706809,0.008586935
1653512975.038716078,476.103179932,-1182.686889648,30.271911621,0.917290092,0.394847989,0.050599873,0.010660030
1653512975.104952812,476.103179932,-1182.686889648,30.271911621,0.917290092,0.394847989,0.050599873,0.010660030
1653512975.172004461,477.994049072,-1180.877685547,30.033285141,0.914559901,0.400849313,0.052265506,0.012974311
1653512975.240394354,477.994049072,-1180.877685547,30.033285141,0.914559901,0.400849313,0.052265506,0.012974311
1653512975.305459261,479.806915283,-1179.140991211,29.816850662,0.911885858,0.406644702,0.053420391,0.015826974
1653512975.371838093,479.806915283,-1179.140991211,29.816850662,0.911885858,0.406644702,0.053420391,0.015826974
1653512975.438224554,481.524963379,-1177.505371094,29.619979858,0.909378231,0.411989987,0.054170597,0.019000269
1653512975.505227804,481.524963379,-1177.505371094,29.619979858,0.909378231,0.411989987,0.054170597,0.019000269
1653512975.573048830,483.259185791,-1175.833007812,29.415657043,0.906788111,0.417458355,0.054453325,0.022331366
1653512975.638487101,483.259185791,-1175.833007812,29.415657043,0.906788111,0.417458355,0.054453325,0.022331366
1653512975.706127167,485.052612305,-1174.077270508,29.200929642,0.904232264,0.422676682,0.055168025,0.025785919
1653512975.773121834,485.052612305,-1174.077270508,29.200929642,0.904232264,0.422676682,0.055168025,0.025785919
1653512975.839393616,486.757110596,-1172.401245117,29.005645752,0.901967347,0.427144051,0.055870619,0.029687006
1653512975.905498266,486.757110596,-1172.401245117,29.005645752,0.901967347,0.427144051,0.055870619,0.029687006
1653512975.971952677,488.489562988,-1170.641357422,28.807653427,0.899488151,0.431918532,0.057131846,0.033216961
1653512976.038265944,488.489562988,-1170.641357422,28.807653427,0.899488151,0.431918532,0.057131846,0.033216961
1653512976.105659962,490.345214844,-1168.647094727,28.570650101,0.897142768,0.436331332,0.058312118,0.036736507
1653512976.172235012,490.345214844,-1168.647094727,28.570650101,0.897142768,0.436331332,0.058312118,0.036736507
1653512976.239913464,492.114166260,-1166.732055664,28.353931427,0.895198345,0.439905703,0.060563259,0.037880987
1653512976.305525780,492.114166260,-1166.732055664,28.353931427,0.895198345,0.439905703,0.060563259,0.037880987
1653512976.372610807,493.848052979,-1164.802978516,28.140090942,0.893170297,0.443559766,0.063179187,0.038858701
1653512976.439426422,493.848052979,-1164.802978516,28.140090942,0.893170297,0.443559766,0.063179187,0.038858701
1653512976.504995823,495.416320801,-1163.058959961,27.960107803,0.891074955,0.447402954,0.066078864,0.038074166
1653512976.571917295,495.416320801,-1163.058959961,27.960107803,0.891074955,0.447402954,0.066078864,0.038074166
1653512976.638600588,497.073486328,-1161.151000977,27.752590179,0.889255881,0.450758547,0.068555176,0.036617752
1653512976.705318689,497.073486328,-1161.151000977,27.752590179,0.889255881,0.450758547,0.068555176,0.036617752
1653512976.772234440,498.724945068,-1159.208007812,27.541765213,0.887069643,0.454699695,0.071324341,0.035615262
1653512976.838767767,498.724945068,-1159.208007812,27.541765213,0.887069643,0.454699695,0.071324341,0.035615262
1653512976.905127048,500.422088623,-1157.144042969,27.311101913,0.885028780,0.458488107,0.073006004,0.034392383
1653512976.971697092,500.422088623,-1157.144042969,27.311101913,0.885028780,0.458488107,0.073006004,0.034392383
1653512977.039764881,502.136718750,-1154.986694336,27.067483902,0.882833183,0.462608844,0.074186780,0.033090468
1653512977.105042934,502.136718750,-1154.986694336,27.067483902,0.882833183,0.462608844,0.074186780,0.033090468
1653512977.171810865,503.657318115,-1153.072998047,26.864379883,0.880276084,0.467422664,0.074877813,0.031990692
1653512977.239161253,503.657318115,-1153.072998047,26.864379883,0.880276084,0.467422664,0.074877813,0.031990692
1653512977.305154085,505.146026611,-1151.140380859,26.659601212,0.877779961,0.472153604,0.074695043,0.031527523
1653512977.372614861,505.146026611,-1151.140380859,26.659601212,0.877779961,0.472153604,0.074695043,0.031527523
1653512977.438439608,506.518707275,-1149.339111328,26.471111298,0.875194669,0.476989061,0.074594364,0.030844871
1653512977.505106926,506.518707275,-1149.339111328,26.471111298,0.875194669,0.476989061,0.074594364,0.030844871
1653512977.573255062,508.060577393,-1147.208251953,26.235719681,0.872411728,0.482224256,0.073700584,0.030425483
1653512977.639937878,508.060577393,-1147.208251953,26.235719681,0.872411728,0.482224256,0.073700584,0.030425483
1653512977.705401897,509.349334717,-1145.452514648,26.056653976,0.869660854,0.487305373,0.073357329,0.029019726
1653512977.771698713,509.349334717,-1145.452514648,26.056653976,0.869660854,0.487305373,0.073357329,0.029019726
1653512977.838946819,510.781005859,-1143.408447266,25.836189270,0.867219806,0.491674602,0.073328704,0.028439242
1653512977.904869318,510.781005859,-1143.408447266,25.836189270,0.867219806,0.491674602,0.073328704,0.028439242
1653512977.971742153,512.196289062,-1141.343139648,25.615369797,0.864700615,0.496052980,0.073740222,0.028048376
1653512978.040720940,512.196289062,-1141.343139648,25.615369797,0.864700615,0.496052980,0.073740222,0.028048376
1653512978.108136892,513.414184570,-1139.570556641,25.438936234,0.862247169,0.500214815,0.074608311,0.027359817
1653512978.171625614,513.414184570,-1139.570556641,25.438936234,0.862247169,0.500214815,0.074608311,0.027359817
1653512978.239262104,514.671752930,-1137.707885742,25.253400803,0.859907925,0.504130721,0.075231045,0.027402993
1653512978.305153847,514.671752930,-1137.707885742,25.253400803,0.859907925,0.504130721,0.075231045,0.027402993
1653512978.371606112,515.861450195,-1135.901977539,25.080327988,0.857602239,0.507923484,0.075919084,0.027719999
1653512978.438257456,515.861450195,-1135.901977539,25.080327988,0.857602239,0.507923484,0.075919084,0.027719999
1653512978.505175352,517.058227539,-1134.004028320,24.901609421,0.855179906,0.511877000,0.076361008,0.028604835
1653512978.571756601,517.058227539,-1134.004028320,24.901609421,0.855179906,0.511877000,0.076361008,0.028604835
1653512978.639295816,518.184936523,-1132.197143555,24.741888046,0.852442801,0.516275942,0.077535719,0.028082263
1653512978.705454588,518.184936523,-1132.197143555,24.741888046,0.852442801,0.516275942,0.077535719,0.028082263
1653512978.772555113,519.293457031,-1130.357421875,24.582345963,0.849433303,0.521196127,0.077979021,0.027145879
1653512978.838471651,519.293457031,-1130.357421875,24.582345963,0.849433303,0.521196127,0.077979021,0.027145879
1653512978.905374765,520.378479004,-1128.511596680,24.424259186,0.846078992,0.526628435,0.078244895,0.026279557
1653512978.972338676,520.378479004,-1128.511596680,24.424259186,0.846078992,0.526628435,0.078244895,0.026279557
1653512979.038645744,521.452575684,-1126.628906250,24.263031006,0.842504561,0.532433033,0.077939801,0.025031468
1653512979.105947018,521.452575684,-1126.628906250,24.263031006,0.842504561,0.532433033,0.077939801,0.025031468
1653512979.172588110,522.445373535,-1124.850585938,24.117496490,0.838535011,0.538847089,0.076982208,0.024010736
1653512979.240050316,522.445373535,-1124.850585938,24.117496490,0.838535011,0.538847089,0.076982208,0.024010736
1653512979.305100679,523.411071777,-1123.089477539,23.975738525,0.834200025,0.545936525,0.074347585,0.023152426
1653512979.371827364,523.411071777,-1123.089477539,23.975738525,0.834200025,0.545936525,0.074347585,0.023152426
1653512979.438670397,524.390625000,-1121.214477539,23.818315506,0.829699099,0.553038836,0.072207600,0.023096941
1653512979.505769491,524.390625000,-1121.214477539,23.818315506,0.829699099,0.553038836,0.072207600,0.023096941
1653512979.571820736,525.442016602,-1119.067871094,23.628269196,0.824823618,0.560494781,0.070509687,0.023237197
1653512979.638541460,525.442016602,-1119.067871094,23.628269196,0.824823618,0.560494781,0.070509687,0.023237197
1653512979.705292463,526.361938477,-1117.166503906,23.477016449,0.819770157,0.567965806,0.069790594,0.022824854
1653512979.771607399,526.361938477,-1117.166503906,23.477016449,0.819770157,0.567965806,0.069790594,0.022824854
1653512979.840573311,527.150146484,-1115.545410156,23.364156723,0.814743936,0.575260580,0.069376402,0.021318110
1653512979.905570030,527.150146484,-1115.545410156,23.364156723,0.814743936,0.575260580,0.069376402,0.021318110
1653512979.972732544,528.147705078,-1113.363037109,23.186164856,0.809733570,0.582224190,0.070088238,0.020837260
1653512980.038268805,528.147705078,-1113.363037109,23.186164856,0.809733570,0.582224190,0.070088238,0.020837260
1653512980.105320454,528.971008301,-1111.594360352,23.066875458,0.804848313,0.588844478,0.071334280,0.019817833
1653512980.171750546,528.971008301,-1111.594360352,23.066875458,0.804848313,0.588844478,0.071334280,0.019817833
1653512980.238275290,529.829895020,-1109.664550781,22.926864624,0.800098896,0.595098615,0.072786897,0.020035751
1653512980.307190180,529.829895020,-1109.664550781,22.926864624,0.800098896,0.595098615,0.072786897,0.020035751
1653512980.372462034,530.675720215,-1107.728149414,22.780006409,0.795583308,0.600976944,0.073712058,0.020986363
1653512980.438207150,530.675720215,-1107.728149414,22.780006409,0.795583308,0.600976944,0.073712058,0.020986363
1653512980.505365849,531.457031250,-1105.931152344,22.642890930,0.791210830,0.606604040,0.074113742,0.022894919
1653512980.572546005,531.457031250,-1105.931152344,22.642890930,0.791210830,0.606604040,0.074113742,0.022894919
1653512980.638144493,532.328369141,-1103.718627930,22.447599411,0.786890686,0.612061381,0.074115738,0.026283145
1653512980.705167770,532.328369141,-1103.718627930,22.447599411,0.786890686,0.612061381,0.074115738,0.026283145
1653512980.772065878,533.065551758,-1101.884033203,22.309268951,0.781960130,0.618221462,0.075213738,0.026142962
1653512980.841410637,533.065551758,-1101.884033203,22.309268951,0.781960130,0.618221462,0.075213738,0.026142962
1653512980.913619757,533.712158203,-1100.250366211,22.195251465,0.776201248,0.625433147,0.075379409,0.025748497
1653512980.973651886,533.712158203,-1100.250366211,22.195251465,0.776201248,0.625433147,0.075379409,0.025748497
1653512981.038504362,534.468811035,-1098.115112305,22.032543182,0.769953609,0.633173108,0.074748270,0.026000012
1653512981.106380939,534.468811035,-1098.115112305,22.032543182,0.769953609,0.633173108,0.074748270,0.026000012
1653512981.171664000,535.084594727,-1096.308593750,21.906230927,0.763546586,0.640760064,0.076501809,0.023887679
1653512981.238515854,535.084594727,-1096.308593750,21.906230927,0.763546586,0.640760064,0.076501809,0.023887679
1653512981.305208921,535.752990723,-1094.207275391,21.755813599,0.756329834,0.649260879,0.076772101,0.023053803
1653512981.371705770,535.752990723,-1094.207275391,21.755813599,0.756329834,0.649260879,0.076772101,0.023053803
1653512981.438236713,536.357177734,-1092.221313477,21.618522644,0.748427451,0.658347785,0.077152848,0.021953989
1653512981.505383730,536.357177734,-1092.221313477,21.618522644,0.748427451,0.658347785,0.077152848,0.021953989
1653512981.571848869,536.894409180,-1090.413330078,21.500919342,0.739833355,0.667946100,0.077875324,0.020737082
1653512981.638628483,536.894409180,-1090.413330078,21.500919342,0.739833355,0.667946100,0.077875324,0.020737082
1653512981.705254793,537.467285156,-1088.284179688,21.347564697,0.730675459,0.677827418,0.078760870,0.021450823
1653512981.772854328,537.467285156,-1088.284179688,21.347564697,0.730675459,0.677827418,0.078760870,0.021450823
1653512981.840142965,537.980712891,-1086.346191406,21.215322495,0.721558392,0.687374711,0.080001771,0.021660961
1653512981.913704395,537.980712891,-1086.346191406,21.215322495,0.721558392,0.687374711,0.080001771,0.021660961
1653512981.971711636,538.433349609,-1084.611206055,21.108444214,0.712435007,0.696768820,0.080808945,0.020482160
1653512982.038666010,538.433349609,-1084.611206055,21.108444214,0.712435007,0.696768820,0.080808945,0.020482160
1653512982.104847670,538.931274414,-1082.385620117,20.958383560,0.703808844,0.705342829,0.081935592,0.020765031
1653512982.171927691,538.931274414,-1082.385620117,20.958383560,0.703808844,0.705342829,0.081935592,0.020765031
1653512982.238473654,539.348999023,-1080.562744141,20.856214523,0.695488095,0.713596761,0.081922174,0.019098552
1653512982.305049419,539.348999023,-1080.562744141,20.856214523,0.695488095,0.713596761,0.081922174,0.019098552
1653512982.371637344,539.763305664,-1078.599731445,20.738515854,0.687011361,0.721788287,0.082089834,0.017271319
1653512982.438925028,539.763305664,-1078.599731445,20.738515854,0.687011361,0.721788287,0.082089834,0.017271319
1653512982.505170345,540.142333984,-1076.707641602,20.641525269,0.678794444,0.729536235,0.082269937,0.015706692
1653512982.572844267,540.142333984,-1076.707641602,20.641525269,0.678794444,0.729536235,0.082269937,0.015706692
1653512982.639064074,540.497680664,-1074.753662109,20.538831711,0.670169771,0.737446010,0.082702838,0.014354799
1653512982.704753399,540.497680664,-1074.753662109,20.538831711,0.670169771,0.737446010,0.082702838,0.014354799
1653512982.771691561,540.816345215,-1072.930419922,20.451370239,0.660646200,0.745854139,0.084230341,0.012385368
1653512982.839657784,540.816345215,-1072.930419922,20.451370239,0.660646200,0.745854139,0.084230341,0.012385368
1653512982.906646967,541.118347168,-1070.904052734,20.338050842,0.650356770,0.754620433,0.086318493,0.011541053
1653512982.971713066,541.118347168,-1070.904052734,20.338050842,0.650356770,0.754620433,0.086318493,0.011541053
1653512983.039287806,541.383117676,-1069.093505859,20.241201401,0.639567137,0.763545215,0.088625036,0.009909802
1653512983.105298281,541.383117676,-1069.093505859,20.241201401,0.639567137,0.763545215,0.088625036,0.009909802
1653512983.179340124,541.634460449,-1066.944946289,20.098260880,0.630428255,0.770949006,0.090124875,0.008678456
1653512983.238537073,541.634460449,-1066.944946289,20.098260880,0.630428255,0.770949006,0.090124875,0.008678456
1653512983.304990053,541.861755371,-1064.886352539,19.971309662,0.622239113,0.777410209,0.091615021,0.007648698
1653512983.376074314,541.861755371,-1064.886352539,19.971309662,0.622239113,0.777410209,0.091615021,0.007648698
1653512983.438403845,542.041198730,-1063.258789062,19.876731873,0.614970744,0.782772958,0.095029116,0.006849016
1653512983.505892038,542.041198730,-1063.258789062,19.876731873,0.614970744,0.782772958,0.095029116,0.006849016
1653512983.571981430,542.196533203,-1061.067504883,19.720922470,0.607795298,0.788373888,0.094775148,0.008318187
1653512983.638098717,542.196533203,-1061.067504883,19.720922470,0.607795298,0.788373888,0.094775148,0.008318187
1653512983.705019474,542.319335938,-1059.024780273,19.579713821,0.601321638,0.793483615,0.093499161,0.007343315
1653512983.771708250,542.319335938,-1059.024780273,19.579713821,0.601321638,0.793483615,0.093499161,0.007343315
1653512983.838240147,542.429565430,-1057.260009766,19.467491150,0.593866825,0.799411774,0.090700977,0.006033655
1653512983.904858351,542.429565430,-1057.260009766,19.467491150,0.593866825,0.799411774,0.090700977,0.006033655
1653512983.972710848,542.504638672,-1055.395751953,19.348976135,0.584506989,0.806577086,0.088039696,0.005826592
1653512984.038580656,542.504638672,-1055.395751953,19.348976135,0.584506989,0.806577086,0.088039696,0.005826592
1653512984.105433226,542.540954590,-1053.260986328,19.211128235,0.574998796,0.813306034,0.088669181,0.006891016
1653512984.171731710,542.540954590,-1053.260986328,19.211128235,0.574998796,0.813306034,0.088669181,0.006891016
1653512984.239676237,542.564575195,-1051.439819336,19.106077194,0.566368043,0.819131255,0.090623915,0.006209759
1653512984.305311918,542.564575195,-1051.439819336,19.106077194,0.566368043,0.819131255,0.090623915,0.006209759
1653512984.372393131,542.522705078,-1049.286987305,18.968833923,0.558718324,0.824079633,0.093115538,0.007490951
1653512984.438219070,542.522705078,-1049.286987305,18.968833923,0.558718324,0.824079633,0.093115538,0.007490951
1653512984.504871845,542.490356445,-1047.472778320,18.866287231,0.552078009,0.828335345,0.094889946,0.008147291
1653512984.572000265,542.490356445,-1047.472778320,18.866287231,0.552078009,0.828335345,0.094889946,0.008147291
1653512984.638386965,542.399841309,-1045.470092773,18.741134644,0.547332048,0.831318021,0.096243821,0.008666015
1653512984.705232143,542.399841309,-1045.470092773,18.741134644,0.547332048,0.831318021,0.096243821,0.008666015
1653512984.772055864,542.284851074,-1043.470458984,18.615936279,0.542670488,0.834284842,0.096993223,0.008360824
1653512984.838567972,542.284851074,-1043.470458984,18.615936279,0.542670488,0.834284842,0.096993223,0.008360824
1653512984.904883146,542.247558594,-1042.053833008,18.543207169,0.538357973,0.837134600,0.096552014,0.007355789
1653512984.971564054,542.247558594,-1042.053833008,18.543207169,0.538357973,0.837134600,0.096552014,0.007355789
1653512985.038232803,542.081054688,-1040.067749023,18.411855698,0.534307301,0.839744389,0.096309692,0.008336017
1653512985.105052948,542.081054688,-1040.067749023,18.411855698,0.534307301,0.839744389,0.096309692,0.008336017
1653512985.172070742,541.856140137,-1037.895019531,18.268192291,0.530495822,0.842292666,0.095194317,0.007433835
1653512985.238639593,541.856140137,-1037.895019531,18.268192291,0.530495822,0.842292666,0.095194317,0.007433835
1653512985.304763794,541.701538086,-1036.279418945,18.181756973,0.527681589,0.844061852,0.095310107,0.005267023
1653512985.372284412,541.701538086,-1036.279418945,18.181756973,0.527681589,0.844061852,0.095310107,0.005267023
1653512985.438583612,541.446350098,-1034.327026367,18.051671982,0.526524246,0.844882250,0.094426133,0.005471307
1653512985.505475283,541.446350098,-1034.327026367,18.051671982,0.526524246,0.844882250,0.094426133,0.005471307
1653512985.572317362,541.168823242,-1032.384521484,17.915239334,0.525398791,0.845606387,0.094225943,0.005239582
1653512985.638292551,541.168823242,-1032.384521484,17.915239334,0.525398791,0.845606387,0.094225943,0.005239582
1653512985.704994917,540.959960938,-1030.880249023,17.812641144,0.523913205,0.846543074,0.094121680,0.004571943
1653512985.771413088,540.959960938,-1030.880249023,17.812641144,0.523913205,0.846543074,0.094121680,0.004571943
1653512985.838331461,540.566467285,-1028.743041992,17.647148132,0.523185968,0.846884251,0.095005319,0.006122777
1653512985.904814959,540.566467285,-1028.743041992,17.647148132,0.523185968,0.846884251,0.095005319,0.006122777
1653512985.972532511,540.363891602,-1027.380493164,17.558546066,0.523329020,0.846753895,0.095416680,0.005498448
1653512986.038180828,540.363891602,-1027.380493164,17.558546066,0.523329020,0.846753895,0.095416680,0.005498448
1653512986.105338097,539.978576660,-1025.445800781,17.407236099,0.523252964,0.846820056,0.095212430,0.006054536
1653512986.173968077,539.978576660,-1025.445800781,17.407236099,0.523252964,0.846820056,0.095212430,0.006054536
1653512986.238059759,539.451965332,-1023.129211426,17.220861435,0.523403287,0.846787810,0.094640650,0.006524317
1653512986.305212498,539.451965332,-1023.129211426,17.220861435,0.523403287,0.846787810,0.094640650,0.006524317
1653512986.371530294,539.245056152,-1021.975463867,17.151596069,0.524418950,0.846295893,0.093535386,0.004375749
1653512986.438386202,539.245056152,-1021.975463867,17.151596069,0.524418950,0.846295893,0.093535386,0.004375749
1653512986.504965544,538.731933594,-1019.962097168,16.990066528,0.524984360,0.846050918,0.092589781,0.004045875
1653512986.574990511,538.731933594,-1019.962097168,16.990066528,0.524984360,0.846050918,0.092589781,0.004045875
1653512986.638289213,538.294189453,-1018.282348633,16.868804932,0.524769247,0.846410573,0.090564035,0.002131954
1653512986.704921961,538.294189453,-1018.282348633,16.868804932,0.524769247,0.846410573,0.090564035,0.002131954
1653512986.771554708,537.857604980,-1016.688415527,16.745088577,0.524583757,0.846861959,0.087383635,0.000924456
1653512986.838293076,537.857604980,-1016.688415527,16.745088577,0.524583757,0.846861959,0.087383635,0.000924456
1653512986.905043602,537.297119141,-1014.832946777,16.593269348,0.523680806,0.847715735,0.084463663,0.001541027
1653512986.972157240,537.297119141,-1014.832946777,16.593269348,0.523680806,0.847715735,0.084463663,0.001541027
1653512987.038214684,536.862487793,-1013.346801758,16.478466034,0.521729469,0.849129796,0.082313545,0.001179071
1653512987.104723930,536.862487793,-1013.346801758,16.478466034,0.521729469,0.849129796,0.082313545,0.001179071
1653512987.171597719,536.317871094,-1011.677917480,16.338163376,0.519159019,0.850839496,0.080899432,0.001150302
1653512987.239071846,536.317871094,-1011.677917480,16.338163376,0.519159019,0.850839496,0.080899432,0.001150302
1653512987.304830313,535.643859863,-1009.757385254,16.176097870,0.515801847,0.853046238,0.079111986,0.001346084
1653512987.374302387,535.643859863,-1009.757385254,16.176097870,0.515801847,0.853046238,0.079111986,0.001346084
1653512987.438054800,535.092468262,-1008.198730469,16.053821564,0.512220621,0.855447948,0.076412484,0.000058335
1653512987.504743576,535.092468262,-1008.198730469,16.053821564,0.512220621,0.855447948,0.076412484,0.000058335
1653512987.571573257,534.354492188,-1006.314270020,15.898995399,0.507845700,0.858177483,0.074994043,-0.000125136
1653512987.638792753,534.354492188,-1006.314270020,15.898995399,0.507845700,0.858177483,0.074994043,-0.000125136
1653512987.704832792,533.791259766,-1004.871582031,15.803101540,0.502258241,0.861550391,0.073936865,-0.000976947
1653512987.771955967,533.791259766,-1004.871582031,15.803101540,0.502258241,0.861550391,0.073936865,-0.000976947
1653512987.842143536,533.036132812,-1003.092407227,15.674820900,0.496345162,0.864952147,0.074154116,-0.000627910
1653512987.905296087,533.036132812,-1003.092407227,15.674820900,0.496345162,0.864952147,0.074154116,-0.000627910
1653512987.971415520,532.259155273,-1001.321533203,15.563937187,0.490826756,0.867797434,0.077552497,-0.001510806
1653512988.038406610,532.259155273,-1001.321533203,15.563937187,0.490826756,0.867797434,0.077552497,-0.001510806
1653512988.104806185,531.569274902,-999.765197754,15.472074509,0.486070246,0.870267332,0.079778358,-0.002418381
1653512988.171473265,531.569274902,-999.765197754,15.472074509,0.486070246,0.870267332,0.079778358,-0.002418381
1653512988.238441467,530.794860840,-998.083129883,15.365974426,0.482325494,0.872139633,0.081973307,-0.003871938
1653512988.304987907,530.794860840,-998.083129883,15.365974426,0.482325494,0.872139633,0.081973307,-0.003871938
1653512988.371607780,529.906005859,-996.233398438,15.237757683,0.479311883,0.873594582,0.084074274,-0.004915660
1653512988.438327789,529.906005859,-996.233398438,15.237757683,0.479311883,0.873594582,0.084074274,-0.004915660
1653512988.504765749,529.259582520,-994.834655762,15.153107643,0.476706266,0.874935448,0.084871173,-0.006000395
1653512988.575938463,529.259582520,-994.834655762,15.153107643,0.476706266,0.874935448,0.084871173,-0.006000395
1653512988.642119408,528.279968262,-992.946228027,15.003993988,0.474005729,0.876247346,0.086432628,-0.006208087
1653512988.704946041,528.279968262,-992.946228027,15.003993988,0.474005729,0.876247346,0.086432628,-0.006208087
1653512988.773265123,527.496093750,-991.400329590,14.899758339,0.470157743,0.878532350,0.084107056,-0.007653048
1653512988.840379715,527.496093750,-991.400329590,14.899758339,0.470157743,0.878532350,0.084107056,-0.007653048
1653512988.904964209,526.664123535,-989.855773926,14.790963173,0.465592533,0.881119728,0.082229331,-0.009485357
1653512988.971514702,526.664123535,-989.855773926,14.790963173,0.465592533,0.881119728,0.082229331,-0.009485357
1653512989.040518999,525.862854004,-988.400146484,14.688796997,0.460463434,0.884005785,0.079724684,-0.012297188
1653512989.104753494,525.862854004,-988.400146484,14.688796997,0.460463434,0.884005785,0.079724684,-0.012297188
1653512989.172756910,524.869567871,-986.716003418,14.557954788,0.454081565,0.887491405,0.077202156,-0.014449024
1653512989.238219738,524.869567871,-986.716003418,14.557954788,0.454081565,0.887491405,0.077202156,-0.014449024
1653512989.304747105,524.049865723,-985.325805664,14.469733238,0.447232276,0.891156912,0.074464642,-0.016661732
1653512989.371629715,524.049865723,-985.325805664,14.469733238,0.447232276,0.891156912,0.074464642,-0.016661732
1653512989.438212872,523.113647461,-983.776245117,14.355119705,0.441266954,0.894108236,0.074137151,-0.018910792
1653512989.504727364,523.113647461,-983.776245117,14.355119705,0.441266954,0.894108236,0.074137151,-0.018910792
1653512989.573599339,522.178527832,-982.260864258,14.243168831,0.436524987,0.896261871,0.075884596,-0.020054512
1653512989.638259411,522.178527832,-982.260864258,14.243168831,0.436524987,0.896261871,0.075884596,-0.020054512
1653512989.706996918,521.116882324,-980.597778320,14.109917641,0.432471633,0.898078382,0.077890232,-0.018883100
1653512989.771784306,521.116882324,-980.597778320,14.109917641,0.432471633,0.898078382,0.077890232,-0.018883100
1653512989.839789152,520.203186035,-979.166992188,14.005219460,0.429499596,0.899411500,0.078768492,-0.019611847
1653512989.905484915,520.203186035,-979.166992188,14.005219460,0.429499596,0.899411500,0.078768492,-0.019611847
1653512989.971984386,519.168395996,-977.613403320,13.880614281,0.427380800,0.900506794,0.077404998,-0.021014143
1653512990.038418293,519.168395996,-977.613403320,13.880614281,0.427380800,0.900506794,0.077404998,-0.021014143
1653512990.104805708,518.033752441,-975.976684570,13.740385056,0.425426781,0.901611805,0.074853137,-0.022477631
1653512990.171681881,518.033752441,-975.976684570,13.740385056,0.425426781,0.901611805,0.074853137,-0.022477631
1653512990.238287210,517.045043945,-974.546081543,13.630639076,0.423131645,0.902872384,0.071772657,-0.025093766
1653512990.304970980,517.045043945,-974.546081543,13.630639076,0.423131645,0.902872384,0.071772657,-0.025093766
1653512990.372891665,515.881713867,-972.950805664,13.494584084,0.420511454,0.904205799,0.069454551,-0.027532114
1653512990.439856291,515.881713867,-972.950805664,13.494584084,0.420511454,0.904205799,0.069454551,-0.027532114
1653512990.504721880,514.868225098,-971.545043945,13.390788078,0.416586876,0.905980825,0.068733476,-0.030493310
1653512990.572552919,514.868225098,-971.545043945,13.390788078,0.416586876,0.905980825,0.068733476,-0.030493310
1653512990.638033390,513.765197754,-970.087585449,13.269131660,0.412077844,0.907980919,0.068662845,-0.032371845
1653512990.704680443,513.765197754,-970.087585449,13.269131660,0.412077844,0.907980919,0.068662845,-0.032371845
1653512990.772369862,512.457397461,-968.443176270,13.118762016,0.407384396,0.910034657,0.068768583,-0.033848796
1653512990.838733196,512.457397461,-968.443176270,13.118762016,0.407384396,0.910034657,0.068768583,-0.033848796
1653512990.905481100,511.468322754,-967.155212402,13.016371727,0.402521133,0.912191510,0.067685775,-0.036083084
1653512990.971750975,511.468322754,-967.155212402,13.016371727,0.402521133,0.912191510,0.067685775,-0.036083084
1653512991.038215876,510.293548584,-965.705261230,12.880187035,0.397637516,0.914388835,0.065870106,-0.037928771
1653512991.105070829,510.293548584,-965.705261230,12.880187035,0.397637516,0.914388835,0.065870106,-0.037928771
1653512991.171529293,509.214538574,-964.367370605,12.758744240,0.393596739,0.916213751,0.063550971,-0.039940510
1653512991.238102913,509.214538574,-964.367370605,12.758744240,0.393596739,0.916213751,0.063550971,-0.039940510
1653512991.304782629,507.954620361,-962.869140625,12.611236572,0.390334606,0.917626381,0.062326927,-0.041426230
1653512991.371834040,507.954620361,-962.869140625,12.611236572,0.390334606,0.917626381,0.062326927,-0.041426230
1653512991.439472914,506.790710449,-961.476989746,12.476762772,0.387892812,0.918663681,0.061090421,-0.043175973
1653512991.505193233,506.790710449,-961.476989746,12.476762772,0.387892812,0.918663681,0.061090421,-0.043175973
1653512991.573064089,505.732421875,-960.182006836,12.355078697,0.385052502,0.919833481,0.060301710,-0.044773616
1653512991.638746977,505.732421875,-960.182006836,12.355078697,0.385052502,0.919833481,0.060301710,-0.044773616
1653512991.705263615,504.567504883,-958.813903809,12.212601662,0.382583648,0.920838475,0.060165249,-0.045457833
1653512991.772422075,504.567504883,-958.813903809,12.212601662,0.382583648,0.920838475,0.060165249,-0.045457833
1653512991.838058949,503.284179688,-957.364807129,12.049308777,0.380703181,0.921595812,0.060498707,-0.045454681
1653512991.905065536,503.284179688,-957.364807129,12.049308777,0.380703181,0.921595812,0.060498707,-0.045454681
1653512991.971558809,502.236358643,-956.142333984,11.912251472,0.378599644,0.922388375,0.060710356,-0.046650387
1653512992.040899038,502.236358643,-956.142333984,11.912251472,0.378599644,0.922388375,0.060710356,-0.046650387
1653512992.104912996,500.979522705,-954.763549805,11.744080544,0.376062334,0.923468232,0.060342070,-0.046285771
1653512992.171661854,500.979522705,-954.763549805,11.744080544,0.376062334,0.923468232,0.060342070,-0.046285771
1653512992.238309860,499.792785645,-953.460876465,11.589571953,0.373510331,0.924569309,0.059238981,-0.046393756
1653512992.305243492,499.792785645,-953.460876465,11.589571953,0.373510331,0.924569309,0.059238981,-0.046393756
1653512992.371894836,498.603088379,-952.169433594,11.442564011,0.370946735,0.925668955,0.057738885,-0.046922386
1653512992.438023329,498.603088379,-952.169433594,11.442564011,0.370946735,0.925668955,0.057738885,-0.046922386
1653512992.504758835,497.393981934,-950.878051758,11.299240112,0.367906749,0.927020669,0.055128861,-0.047308460
1653512992.572231531,497.393981934,-950.878051758,11.299240112,0.367906749,0.927020669,0.055128861,-0.047308460
1653512992.638621807,496.196594238,-949.627990723,11.163347244,0.364743590,0.928345084,0.053029191,-0.048222978
1653512992.704674959,496.196594238,-949.627990723,11.163347244,0.364743590,0.928345084,0.053029191,-0.048222978
1653512992.775064468,495.009643555,-948.394836426,11.032359123,0.361616522,0.929581463,0.050800912,-0.050310049
1653512992.838116646,495.009643555,-948.394836426,11.032359123,0.361616522,0.929581463,0.050800912,-0.050310049
1653512992.904703617,493.598449707,-946.998413086,10.880379677,0.358160615,0.930925608,0.049202070,-0.051745698
1653512992.972961426,493.598449707,-946.998413086,10.880379677,0.358160615,0.930925608,0.049202070,-0.051745698
1653512993.037928104,492.525970459,-945.893859863,10.765830994,0.355087280,0.932044923,0.048898265,-0.053049766
1653512993.105121613,492.525970459,-945.893859863,10.765830994,0.355087280,0.932044923,0.048898265,-0.053049766
1653512993.171752214,491.277923584,-944.660583496,10.619650841,0.352405667,0.933021605,0.049084250,-0.053588439
1653512993.238880157,491.277923584,-944.660583496,10.619650841,0.352405667,0.933021605,0.049084250,-0.053588439
1653512993.304916143,490.115447998,-943.493408203,10.478553772,0.349868625,0.934001684,0.048776135,-0.053420193
1653512993.371842861,490.115447998,-943.493408203,10.478553772,0.349868625,0.934001684,0.048776135,-0.053420193
1653512993.438040257,488.995880127,-942.360900879,10.335405350,0.347250432,0.935041487,0.048179619,-0.052851725
1653512993.504780531,488.995880127,-942.360900879,10.335405350,0.347250432,0.935041487,0.048179619,-0.052851725
1653512993.571409225,487.754058838,-941.149536133,10.174781799,0.344703734,0.936008036,0.048217662,-0.052377351
1653512993.638526678,487.754058838,-941.149536133,10.174781799,0.344703734,0.936008036,0.048217662,-0.052377351
1653512993.704815149,486.523681641,-939.954528809,10.018449783,0.342514932,0.936817944,0.048104733,-0.052360386
1653512993.771510601,486.523681641,-939.954528809,10.018449783,0.342514932,0.936817944,0.048104733,-0.052360386
1653512993.839307785,485.321807861,-938.791198730,9.866827011,0.340392858,0.937519014,0.048554935,-0.053227440
1653512993.904986382,485.321807861,-938.791198730,9.866827011,0.340392858,0.937519014,0.048554935,-0.053227440
1653512993.971404791,484.245727539,-937.733032227,9.727693558,0.338222682,0.938293695,0.048451655,-0.053504698
1653512994.038265944,484.245727539,-937.733032227,9.727693558,0.338222682,0.938293695,0.048451655,-0.053504698
1653512994.104812145,482.860809326,-936.484741211,9.549663544,0.336234421,0.939007580,0.049258158,-0.052771531
1653512994.173690081,482.860809326,-936.484741211,9.549663544,0.336234421,0.939007580,0.049258158,-0.052771531
1653512994.237947226,481.554351807,-935.309204102,9.382273674,0.334536523,0.939584494,0.050055426,-0.052543398
1653512994.304841280,481.554351807,-935.309204102,9.382273674,0.334536523,0.939584494,0.050055426,-0.052543398
1653512994.371435642,480.426971436,-934.261596680,9.228302956,0.332296878,0.940412164,0.049059164,-0.052885920
1653512994.438112497,480.426971436,-934.261596680,9.228302956,0.332296878,0.940412164,0.049059164,-0.052885920
1653512994.504729033,479.188598633,-933.145080566,9.050597191,0.329914272,0.941370606,0.047809519,-0.051886633
1653512994.571455717,479.188598633,-933.145080566,9.050597191,0.329914272,0.941370606,0.047809519,-0.051886633
1653512994.639071703,477.876373291,-931.985839844,8.860438347,0.328487098,0.941906929,0.047079053,-0.051876325
1653512994.704674482,477.876373291,-931.985839844,8.860438347,0.328487098,0.941906929,0.047079053,-0.051876325
1653512994.772435904,476.545043945,-930.824462891,8.668180466,0.327483535,0.942288876,0.046053447,-0.052204661
1653512994.838790894,476.545043945,-930.824462891,8.668180466,0.327483535,0.942288876,0.046053447,-0.052204661
1653512994.904986620,475.343444824,-929.754882812,8.491319656,0.326223522,0.942812860,0.044460282,-0.052013136
1653512994.972625256,475.343444824,-929.754882812,8.491319656,0.326223522,0.942812860,0.044460282,-0.052013136
1653512995.038314819,474.057312012,-928.646240234,8.302179337,0.325243682,0.943202734,0.043600906,-0.051808599
1653512995.105075359,474.057312012,-928.646240234,8.302179337,0.325243682,0.943202734,0.043600906,-0.051808599
1653512995.171494961,472.749816895,-927.531494141,8.116807938,0.324770361,0.943363965,0.042988375,-0.052351195
1653512995.240976334,472.749816895,-927.531494141,8.116807938,0.324770361,0.943363965,0.042988375,-0.052351195
1653512995.305555582,471.503082275,-926.469055176,7.935057163,0.323842764,0.943717539,0.041966632,-0.052553911
1653512995.371704578,471.503082275,-926.469055176,7.935057163,0.323842764,0.943717539,0.041966632,-0.052553911
1653512995.438042164,470.266448975,-925.427551270,7.754612446,0.323116481,0.944003403,0.040797628,-0.052809339
1653512995.504707813,470.266448975,-925.427551270,7.754612446,0.323116481,0.944003403,0.040797628,-0.052809339
1653512995.571804285,469.115386963,-924.448913574,7.588969231,0.322982043,0.944108725,0.038948618,-0.053144783
1653512995.639519215,469.115386963,-924.448913574,7.588969231,0.322982043,0.944108725,0.038948618,-0.053144783
1653512995.705320120,467.681060791,-923.311401367,7.385145187,0.322581768,0.944240749,0.037438866,-0.054302875
1653512995.772505045,467.681060791,-923.311401367,7.385145187,0.322581768,0.944240749,0.037438866,-0.054302875
1653512995.838066816,466.383331299,-922.260070801,7.195311546,0.322174340,0.944435775,0.034750503,-0.055110227
1653512995.904762983,466.383331299,-922.260070801,7.195311546,0.322174340,0.944435775,0.034750503,-0.055110227
1653512995.971569538,465.078247070,-921.216430664,7.005494595,0.321383715,0.944700301,0.032600615,-0.056488905
1653512996.037989140,465.078247070,-921.216430664,7.005494595,0.321383715,0.944700301,0.032600615,-0.056488905
1653512996.104862452,463.888977051,-920.240295410,6.826848984,0.320452839,0.945009351,0.030422458,-0.057807986
1653512996.171698809,463.888977051,-920.240295410,6.826848984,0.320452839,0.945009351,0.030422458,-0.057807986
1653512996.237940788,462.528686523,-919.171813965,6.623538017,0.319342107,0.945377529,0.029211989,-0.058554787
1653512996.304811001,462.528686523,-919.171813965,6.623538017,0.319342107,0.945377529,0.029211989,-0.058554787
1653512996.372017384,461.281707764,-918.173278809,6.435060024,0.318237364,0.945795953,0.027110605,-0.058821592
1653512996.438388109,461.281707764,-918.173278809,6.435060024,0.318237364,0.945795953,0.027110605,-0.058821592
1653512996.504993677,459.981750488,-917.137695312,6.241665363,0.317220271,0.946223795,0.025335157,-0.058223307
1653512996.571323395,459.981750488,-917.137695312,6.241665363,0.317220271,0.946223795,0.025335157,-0.058223307
1653512996.640495062,458.763641357,-916.153015137,6.060670376,0.316874593,0.946425080,0.023997577,-0.057394762
1653512996.704679012,458.763641357,-916.153015137,6.060670376,0.316874593,0.946425080,0.023997577,-0.057394762
1653512996.771484852,457.495422363,-915.139770508,5.878579617,0.316615373,0.946573496,0.022579499,-0.056951489
1653512996.839174747,457.495422363,-915.139770508,5.878579617,0.316615373,0.946573496,0.022579499,-0.056951489
1653512996.904666185,456.145324707,-914.084899902,5.684423923,0.316835344,0.946567655,0.021692000,-0.056165263
1653512996.971971989,456.145324707,-914.084899902,5.684423923,0.316835344,0.946567655,0.021692000,-0.056165263
1653512997.038716555,455.021789551,-913.138366699,5.524157047,0.318036884,0.946161628,0.021139963,-0.056425400
1653512997.104618549,455.021789551,-913.138366699,5.524157047,0.318036884,0.946161628,0.021139963,-0.056425400
1653512997.172584772,453.693267822,-912.083984375,5.337763309,0.319211841,0.945758224,0.021807719,-0.056299172
1653512997.237959623,453.693267822,-912.083984375,5.337763309,0.319211841,0.945758224,0.021807719,-0.056299172
1653512997.304567814,452.481231689,-911.090576172,5.174825191,0.320515215,0.945280313,0.022495493,-0.056648742
1653512997.371359348,452.481231689,-911.090576172,5.174825191,0.320515215,0.945280313,0.022495493,-0.056648742
1653512997.438137293,451.170471191,-910.054748535,5.001978397,0.321896136,0.944719553,0.023891596,-0.057593804
1653512997.504647255,451.170471191,-910.054748535,5.001978397,0.321896136,0.944719553,0.023891596,-0.057593804
1653512997.574231148,449.937377930,-909.056884766,4.841875076,0.323872507,0.944015145,0.024880029,-0.057645492
1653512997.637998819,449.937377930,-909.056884766,4.841875076,0.323872507,0.944015145,0.024880029,-0.057645492
1653512997.705234289,448.702178955,-908.054321289,4.681709290,0.326121092,0.943204761,0.025978329,-0.057749450
1653512997.771732330,448.702178955,-908.054321289,4.681709290,0.326121092,0.943204761,0.025978329,-0.057749450
1653512997.838040829,447.269775391,-906.976318359,4.493570805,0.328452766,0.942366779,0.027011815,-0.057741109
1653512997.905097485,447.269775391,-906.976318359,4.493570805,0.328452766,0.942366779,0.027011815,-0.057741109
1653512997.971542358,446.078063965,-906.019592285,4.341555595,0.330096126,0.941729486,0.028063988,-0.058262449
1653512998.039137602,446.078063965,-906.019592285,4.341555595,0.330096126,0.941729486,0.028063988,-0.058262449
1653512998.104700804,444.873168945,-905.059631348,4.188094139,0.331059337,0.941334724,0.028810265,-0.058809828
1653512998.173099518,444.873168945,-905.059631348,4.188094139,0.331059337,0.941334724,0.028810265,-0.058809828
1653512998.238136053,443.492706299,-904.014709473,4.006197453,0.331703961,0.941026330,0.029907333,-0.059561018
1653512998.304692507,443.492706299,-904.014709473,4.006197453,0.331703961,0.941026330,0.029907333,-0.059561018
1653512998.372908831,442.138671875,-902.986083984,3.827170372,0.331589490,0.941001892,0.030289032,-0.060385969
1653512998.437889099,442.138671875,-902.986083984,3.827170372,0.331589490,0.941001892,0.030289032,-0.060385969
1653512998.504698038,441.040069580,-902.089965820,3.682334423,0.330868155,0.941203356,0.030934775,-0.060872927
1653512998.572678566,441.040069580,-902.089965820,3.682334423,0.330868155,0.941203356,0.030934775,-0.060872927
1653512998.638727665,439.708831787,-901.089660645,3.505133390,0.330283970,0.941370845,0.032171499,-0.060814776
1653512998.704923868,439.708831787,-901.089660645,3.505133390,0.330283970,0.941370845,0.032171499,-0.060814776
1653512998.771330595,438.492614746,-900.150512695,3.345880508,0.329214185,0.941736579,0.032752603,-0.060642492
1653512998.837964296,438.492614746,-900.150512695,3.345880508,0.329214185,0.941736579,0.032752603,-0.060642492
1653512998.904681921,437.242279053,-899.192932129,3.174898386,0.328124821,0.942177832,0.033068720,-0.059510462
1653512998.971443415,437.242279053,-899.192932129,3.174898386,0.328124821,0.942177832,0.033068720,-0.059510462
1653512999.037881851,435.996917725,-898.241882324,3.001041889,0.328516781,0.942074835,0.034359548,-0.058233976
1653512999.104515314,435.996917725,-898.241882324,3.001041889,0.328516781,0.942074835,0.034359548,-0.058233976
1653512999.171307564,434.991851807,-897.419555664,2.853281736,0.328666270,0.941998661,0.035255682,-0.058086529
1653512999.239604950,434.991851807,-897.419555664,2.853281736,0.328666270,0.941998661,0.035255682,-0.058086529
1653512999.304535627,433.613525391,-896.411254883,2.658507109,0.329411864,0.941751778,0.035967667,-0.057425782
1653512999.371323347,433.613525391,-896.411254883,2.658507109,0.329411864,0.941751778,0.035967667,-0.057425782
1653512999.441348553,432.406250000,-895.489562988,2.487190247,0.330109894,0.941515028,0.036130954,-0.057197042
1653512999.504595757,432.406250000,-895.489562988,2.487190247,0.330109894,0.941515028,0.036130954,-0.057197042
1653512999.572347403,431.220764160,-894.576049805,2.316396236,0.331288636,0.941138923,0.035911031,-0.056707881
1653512999.638147831,431.220764160,-894.576049805,2.316396236,0.331288636,0.941138923,0.035911031,-0.056707881
1653512999.704633236,429.986267090,-893.655273438,2.137496471,0.332871169,0.940594614,0.035852108,-0.056508530
1653512999.771947861,429.986267090,-893.655273438,2.137496471,0.332871169,0.940594614,0.035852108,-0.056508530
1653512999.837999821,428.810302734,-892.760498047,1.960728884,0.334347129,0.940082192,0.035277497,-0.056683183
1653512999.904704571,428.810302734,-892.760498047,1.960728884,0.334347129,0.940082192,0.035277497,-0.056683183
1653512999.979657888,427.657043457,-891.883056641,1.783982038,0.336362958,0.939400971,0.034999847,-0.056220699
1653513000.039044142,427.657043457,-891.883056641,1.783982038,0.336362958,0.939400971,0.034999847,-0.056220699
1653513000.104960918,426.467468262,-890.974182129,1.606782198,0.338269651,0.938753903,0.034319554,-0.056007691
1653513000.172086239,426.467468262,-890.974182129,1.606782198,0.338269651,0.938753903,0.034319554,-0.056007691
1653513000.238021374,425.219238281,-890.078186035,1.418453336,0.340016723,0.938146591,0.033882480,-0.055870883
1653513000.304904222,425.219238281,-890.078186035,1.418453336,0.340016723,0.938146591,0.033882480,-0.055870883
1653513000.371258259,424.126892090,-889.249755859,1.248450398,0.341823101,0.937538207,0.033242758,-0.055443812
1653513000.439853430,424.126892090,-889.249755859,1.248450398,0.341823101,0.937538207,0.033242758,-0.055443812
1653513000.504588127,422.895629883,-888.359375000,1.060685039,0.343561888,0.936933458,0.032176092,-0.055548064
1653513000.571429729,422.895629883,-888.359375000,1.060685039,0.343561888,0.936933458,0.032176092,-0.055548064
1653513000.639382124,421.822021484,-887.554138184,0.893670142,0.344623268,0.936593354,0.030748162,-0.055517998
1653513000.704680443,421.822021484,-887.554138184,0.893670142,0.344623268,0.936593354,0.030748162,-0.055517998
1653513000.773924112,420.521728516,-886.636962891,0.700909913,0.345591247,0.936248541,0.028944522,-0.056281410
1653513000.839157343,420.521728516,-886.636962891,0.700909913,0.345591247,0.936248541,0.028944522,-0.056281410
1653513000.905523300,419.384948730,-885.807678223,0.529377639,0.346042395,0.936058342,0.027965032,-0.057161469
1653513000.971355677,419.384948730,-885.807678223,0.529377639,0.346042395,0.936058342,0.027965032,-0.057161469
1653513001.038026094,418.287567139,-884.995605469,0.359429896,0.346698791,0.935850382,0.026073759,-0.057482064
1653513001.104484797,418.287567139,-884.995605469,0.359429896,0.346698791,0.935850382,0.026073759,-0.057482064
1653513001.171574593,416.983825684,-884.082214355,0.161820814,0.346470922,0.935962915,0.025133504,-0.057441954
1653513001.239049435,416.983825684,-884.082214355,0.161820814,0.346470922,0.935962915,0.025133504,-0.057441954
1653513001.304619789,415.955139160,-883.306945801,-0.003414438,0.346221805,0.936047614,0.025224701,-0.057524260
1653513001.371322632,415.955139160,-883.306945801,-0.003414438,0.346221805,0.936047614,0.025224701,-0.057524260
1653513001.438452959,414.732330322,-882.441955566,-0.194726646,0.345225930,0.936465263,0.023747498,-0.057340108
1653513001.504544258,414.732330322,-882.441955566,-0.194726646,0.345225930,0.936465263,0.023747498,-0.057340108
1653513001.571331263,413.658050537,-881.639099121,-0.375938416,0.344650477,0.936704218,0.023214066,-0.057116915
1653513001.637951374,413.658050537,-881.639099121,-0.375938416,0.344650477,0.936704218,0.023214066,-0.057116915
1653513001.704586267,412.557830811,-880.825500488,-0.565006495,0.344255924,0.936915934,0.022317374,-0.056376081
1653513001.772369623,412.557830811,-880.825500488,-0.565006495,0.344255924,0.936915934,0.022317374,-0.056376081
1653513001.837838173,411.470306396,-880.012573242,-0.749307930,0.344309479,0.936942458,0.021669228,-0.055859596
1653513001.905114651,411.470306396,-880.012573242,-0.749307930,0.344309479,0.936942458,0.021669228,-0.055859596
1653513001.971369982,410.389923096,-879.200134277,-0.939289927,0.343826592,0.937213480,0.021131622,-0.054476351
1653513002.037947893,410.389923096,-879.200134277,-0.939289927,0.343826592,0.937213480,0.021131622,-0.054476351
1653513002.104752541,409.313446045,-878.387390137,-1.127084851,0.343034923,0.937598109,0.019862479,-0.053313419
1653513002.174499989,409.313446045,-878.387390137,-1.127084851,0.343034923,0.937598109,0.019862479,-0.053313419
1653513002.237895250,408.341735840,-877.618347168,-1.297281861,0.342604399,0.937814713,0.019268429,-0.052483562
1653513002.304627895,408.341735840,-877.618347168,-1.297281861,0.342604399,0.937814713,0.019268429,-0.052483562
1653513002.372524977,407.110870361,-876.723449707,-1.496993780,0.343009055,0.937616646,0.019110803,-0.053428121
1653513002.438208342,407.110870361,-876.723449707,-1.496993780,0.343009055,0.937616646,0.019110803,-0.053428121
1653513002.504603386,406.140655518,-875.951904297,-1.645853877,0.343025535,0.937612534,0.018581128,-0.053581208
1653513002.572186947,406.140655518,-875.951904297,-1.645853877,0.343025535,0.937612534,0.018581128,-0.053581208
1653513002.637950420,405.177062988,-875.180725098,-1.789280295,0.344180226,0.937076569,0.018150123,-0.055659745
1653513002.705096006,405.177062988,-875.180725098,-1.789280295,0.344180226,0.937076569,0.018150123,-0.055659745
1653513002.771561384,404.122314453,-874.354187012,-1.947323442,0.345383316,0.936525702,0.018356992,-0.057384267
1653513002.840157032,404.122314453,-874.354187012,-1.947323442,0.345383316,0.936525702,0.018356992,-0.057384267
1653513002.906319857,402.921600342,-873.455261230,-2.122679949,0.346221864,0.936068416,0.018716533,-0.059632633
1653513002.971750736,402.921600342,-873.455261230,-2.122679949,0.346221864,0.936068416,0.018716533,-0.059632633
1653513003.038213730,401.949401855,-872.653381348,-2.271076441,0.348785222,0.934978604,0.020246429,-0.061269276
1653513003.104865789,401.949401855,-872.653381348,-2.271076441,0.348785222,0.934978604,0.020246429,-0.061269276
1653513003.173648834,400.908172607,-871.818115234,-2.433209896,0.351247549,0.933960557,0.022624157,-0.061895024
1653513003.237938881,400.908172607,-871.818115234,-2.433209896,0.351247549,0.933960557,0.022624157,-0.061895024
1653513003.304514408,399.873596191,-870.971984863,-2.599231958,0.353282034,0.933125675,0.025340507,-0.061855599
1653513003.373740911,399.873596191,-870.971984863,-2.599231958,0.353282034,0.933125675,0.025340507,-0.061855599
1653513003.439920187,398.936737061,-870.185546875,-2.754470825,0.355589867,0.932217360,0.028229469,-0.061071206
1653513003.505736828,398.936737061,-870.185546875,-2.754470825,0.355589867,0.932217360,0.028229469,-0.061071206
1653513003.572120905,397.819641113,-869.295776367,-2.933702230,0.358099133,0.931274772,0.030553650,-0.059655733
1653513003.637900114,397.819641113,-869.295776367,-2.933702230,0.358099133,0.931274772,0.030553650,-0.059655733
1653513003.704510212,396.992309570,-868.567077637,-3.067611694,0.359001130,0.930956781,0.032353751,-0.058231179
1653513003.772584438,396.992309570,-868.567077637,-3.067611694,0.359001130,0.930956781,0.032353751,-0.058231179
1653513003.839160681,395.968200684,-867.744995117,-3.224497318,0.360502720,0.930414081,0.033866957,-0.056749213
1653513003.904804707,395.968200684,-867.744995117,-3.224497318,0.360502720,0.930414081,0.033866957,-0.056749213
1653513003.971769333,394.901641846,-866.901000977,-3.379850149,0.360732436,0.930309832,0.034659762,-0.056518849
1653513004.038069487,394.901641846,-866.901000977,-3.379850149,0.360732436,0.930309832,0.034659762,-0.056518849
1653513004.104518414,393.928283691,-866.117553711,-3.517607927,0.360054165,0.930527866,0.036198694,-0.056289356
1653513004.171569347,393.928283691,-866.117553711,-3.517607927,0.360054165,0.930527866,0.036198694,-0.056289356
1653513004.238700628,393.108795166,-865.424011230,-3.636306524,0.358836681,0.930980623,0.037367430,-0.055812638
1653513004.306221485,393.108795166,-865.424011230,-3.636306524,0.358836681,0.930980623,0.037367430,-0.055812638
1653513004.371337414,391.964538574,-864.566955566,-3.793103456,0.357357770,0.931577504,0.039091039,-0.054135788
1653513004.439930677,391.964538574,-864.566955566,-3.793103456,0.357357770,0.931577504,0.039091039,-0.054135788
1653513004.504823685,391.008148193,-863.826660156,-3.926937580,0.355413377,0.932295263,0.040283181,-0.053704567
1653513004.571995974,391.008148193,-863.826660156,-3.926937580,0.355413377,0.932295263,0.040283181,-0.053704567
1653513004.637818575,389.981170654,-863.058105469,-4.069969177,0.353334278,0.933117628,0.040862855,-0.052693728
1653513004.704994678,389.981170654,-863.058105469,-4.069969177,0.353334278,0.933117628,0.040862855,-0.052693728
1653513004.771264553,388.993408203,-862.315979004,-4.202419281,0.351675063,0.933702111,0.042146228,-0.052428085
1653513004.838391304,388.993408203,-862.315979004,-4.202419281,0.351675063,0.933702111,0.042146228,-0.052428085
1653513004.904451370,388.007568359,-861.574768066,-4.331094742,0.349831462,0.934401989,0.042616036,-0.051910806
1653513004.972299814,388.007568359,-861.574768066,-4.331094742,0.349831462,0.934401989,0.042616036,-0.051910806
1653513005.038523197,386.962799072,-860.811645508,-4.462903500,0.348865539,0.934783459,0.043518420,-0.050783042
1653513005.105537653,386.962799072,-860.811645508,-4.462903500,0.348865539,0.934783459,0.043518420,-0.050783042
1653513005.171448469,386.061553955,-860.125061035,-4.576545238,0.348629564,0.934851408,0.044313304,-0.050464053
1653513005.237995625,386.061553955,-860.125061035,-4.576545238,0.348629564,0.934851408,0.044313304,-0.050464053
1653513005.304613829,384.999755859,-859.361206055,-4.708930969,0.348607183,0.934983373,0.043291152,-0.049041089
1653513005.371319532,384.999755859,-859.361206055,-4.708930969,0.348607183,0.934983373,0.043291152,-0.049041089
1653513005.438782692,384.005950928,-858.643554688,-4.831152439,0.348051131,0.935220003,0.040975988,-0.050447725
1653513005.504572153,384.005950928,-858.643554688,-4.831152439,0.348051131,0.935220003,0.040975988,-0.050447725
1653513005.571792364,382.998962402,-857.922973633,-4.954939842,0.347927719,0.935396314,0.037486736,-0.050742414
1653513005.639149666,382.998962402,-857.922973633,-4.954939842,0.347927719,0.935396314,0.037486736,-0.050742414
1653513005.705611467,382.067657471,-857.252746582,-5.070363045,0.346763879,0.935925722,0.034253534,-0.051230107
1653513005.771266699,382.067657471,-857.252746582,-5.070363045,0.346763879,0.935925722,0.034253534,-0.051230107
1653513005.837967396,381.140441895,-856.584899902,-5.183604240,0.346745461,0.936041653,0.033101104,-0.049979452
1653513005.904926062,381.140441895,-856.584899902,-5.183604240,0.346745461,0.936041653,0.033101104,-0.049979452
1653513005.971451283,380.186828613,-855.907897949,-5.300849438,0.344526738,0.936876893,0.032094300,-0.050329044
1653513006.037740946,380.186828613,-855.907897949,-5.300849438,0.344526738,0.936876893,0.032094300,-0.050329044
1653513006.104932785,379.262329102,-855.240173340,-5.413368225,0.343363017,0.937387407,0.031124175,-0.049375527
1653513006.171397448,379.262329102,-855.240173340,-5.413368225,0.343363017,0.937387407,0.031124175,-0.049375527
1653513006.238602638,378.280426025,-854.546997070,-5.528182030,0.341990918,0.937922418,0.029889731,-0.049500741
1653513006.305391550,378.280426025,-854.546997070,-5.528182030,0.341990918,0.937922418,0.029889731,-0.049500741
1653513006.371114492,377.443115234,-853.928222656,-5.625420570,0.341078073,0.938237607,0.029444776,-0.050089251
1653513006.437994242,377.443115234,-853.928222656,-5.625420570,0.341078073,0.938237607,0.029444776,-0.050089251
1653513006.504848719,376.467376709,-853.243041992,-5.732495308,0.339827687,0.938644052,0.028354155,-0.051579949
1653513006.571990013,376.467376709,-853.243041992,-5.732495308,0.339827687,0.938644052,0.028354155,-0.051579949
1653513006.637875795,375.534088135,-852.575439453,-5.837702274,0.339411676,0.938785434,0.028074278,-0.051898971
1653513006.710135698,375.534088135,-852.575439453,-5.837702274,0.339411676,0.938785434,0.028074278,-0.051898971
1653513006.771658897,374.692016602,-851.950012207,-5.934019089,0.339558303,0.938707352,0.027925804,-0.052429371
1653513006.843979120,374.692016602,-851.950012207,-5.934019089,0.339558303,0.938707352,0.027925804,-0.052429371
1653513006.904550314,373.733093262,-851.265686035,-6.045986652,0.340232193,0.938443065,0.028528396,-0.052467305
1653513006.971361637,373.733093262,-851.265686035,-6.045986652,0.340232193,0.938443065,0.028528396,-0.052467305
1653513007.040639162,372.885040283,-850.638366699,-6.152118683,0.340565145,0.938384831,0.028434165,-0.051388953
1653513007.104534864,372.885040283,-850.638366699,-6.152118683,0.340565145,0.938384831,0.028434165,-0.051388953
1653513007.171241283,371.942993164,-849.963012695,-6.268033504,0.340566546,0.938404202,0.028367905,-0.051060583
1653513007.238110781,371.942993164,-849.963012695,-6.268033504,0.340566546,0.938404202,0.028367905,-0.051060583
1653513007.304477692,371.052856445,-849.327941895,-6.378240108,0.341536254,0.938076198,0.028668378,-0.050439935
1653513007.371492147,371.052856445,-849.327941895,-6.378240108,0.341536254,0.938076198,0.028668378,-0.050439935
1653513007.438739777,370.095428467,-848.654174805,-6.496961117,0.341798872,0.938064575,0.027329775,-0.049613457
1653513007.504578590,370.095428467,-848.654174805,-6.496961117,0.341798872,0.938064575,0.027329775,-0.049613457
1653513007.571315289,369.225189209,-848.021301270,-6.606972218,0.341895580,0.938067257,0.026276128,-0.049465578
1653513007.639438152,369.225189209,-848.021301270,-6.606972218,0.341895580,0.938067257,0.026276128,-0.049465578
1653513007.704501152,368.324401855,-847.381591797,-6.720643997,0.342024475,0.938053012,0.025103711,-0.049453638
1653513007.771579742,368.324401855,-847.381591797,-6.720643997,0.342024475,0.938053012,0.025103711,-0.049453638
1653513007.840424299,367.454010010,-846.754150391,-6.831873894,0.341547728,0.938234985,0.023901444,-0.049890004
1653513007.904624701,367.454010010,-846.754150391,-6.831873894,0.341547728,0.938234985,0.023901444,-0.049890004
1653513007.971587658,366.532592773,-846.098388672,-6.947693825,0.341631532,0.938223541,0.023084179,-0.049915999
1653513008.038654566,366.532592773,-846.098388672,-6.947693825,0.341631532,0.938223541,0.023084179,-0.049915999
1653513008.104542255,365.619567871,-845.451110840,-7.062691212,0.341517508,0.938273072,0.022346726,-0.050100140
1653513008.171405077,365.619567871,-845.451110840,-7.062691212,0.341517508,0.938273072,0.022346726,-0.050100140
1653513008.238262892,364.790466309,-844.836486816,-7.169606209,0.340818226,0.938597739,0.020896507,-0.049401741
1653513008.304470301,364.790466309,-844.836486816,-7.169606209,0.340818226,0.938597739,0.020896507,-0.049401741
1653513008.371243238,363.920745850,-844.203308105,-7.275467873,0.339710861,0.939035952,0.020270895,-0.048959993
1653513008.437933683,363.920745850,-844.203308105,-7.275467873,0.339710861,0.939035952,0.020270895,-0.048959993
1653513008.505364180,363.043945312,-843.570800781,-7.374935627,0.339779615,0.939048409,0.019490296,-0.048559301
1653513008.571619272,363.043945312,-843.570800781,-7.374935627,0.339779615,0.939048409,0.019490296,-0.048559301
1653513008.640809298,362.264434814,-842.980651855,-7.459363461,0.338688076,0.939452708,0.018503169,-0.048750944
1653513008.705635786,362.264434814,-842.980651855,-7.459363461,0.338688076,0.939452708,0.018503169,-0.048750944
1653513008.771546841,361.360015869,-842.327209473,-7.549461842,0.338593751,0.939497590,0.017388474,-0.048950378
1653513008.838915825,361.360015869,-842.327209473,-7.549461842,0.338593751,0.939497590,0.017388474,-0.048950378
1653513008.904946089,360.534637451,-841.709411621,-7.626615047,0.339238018,0.939216912,0.018217232,-0.049571458
1653513008.971160412,360.534637451,-841.709411621,-7.626615047,0.339238018,0.939216912,0.018217232,-0.049571458
1653513009.038590908,359.737762451,-841.098083496,-7.703305244,0.339039475,0.939293385,0.018107533,-0.049520522
1653513009.107595682,359.737762451,-841.098083496,-7.703305244,0.339039475,0.939293385,0.018107533,-0.049520522
1653513009.171573162,358.890991211,-840.460510254,-7.787599564,0.337175161,0.940006614,0.016832380,-0.049164124
1653513009.238368034,358.890991211,-840.460510254,-7.787599564,0.337175161,0.940006614,0.016832380,-0.049164124
1653513009.305642128,358.086273193,-839.842224121,-7.868003368,0.336804330,0.940111041,0.017752863,-0.049385704
1653513009.371199846,358.086273193,-839.842224121,-7.868003368,0.336804330,0.940111041,0.017752863,-0.049385704
1653513009.437945843,357.278930664,-839.213806152,-7.949588776,0.337770075,0.939791322,0.018790420,-0.048482161
1653513009.504431725,357.278930664,-839.213806152,-7.949588776,0.337770075,0.939791322,0.018790420,-0.048482161
1653513009.571270466,356.417175293,-838.552917480,-8.034919739,0.338092119,0.939753830,0.019156346,-0.046792340
1653513009.638135433,356.417175293,-838.552917480,-8.034919739,0.338092119,0.939753830,0.019156346,-0.046792340
1653513009.704738855,355.664733887,-837.943115234,-8.109996796,0.338584304,0.939584851,0.020630876,-0.045992695
1653513009.774400711,355.664733887,-837.943115234,-8.109996796,0.338584304,0.939584851,0.020630876,-0.045992695
1653513009.840566158,354.895721436,-837.323547363,-8.184438705,0.339813948,0.939192951,0.021784076,-0.044367786
1653513009.904859304,354.895721436,-837.323547363,-8.184438705,0.339813948,0.939192951,0.021784076,-0.044367786
1653513009.971590996,354.080535889,-836.669921875,-8.251680374,0.340841949,0.938815176,0.021520762,-0.044605948
1653513010.038007498,354.080535889,-836.669921875,-8.251680374,0.340841949,0.938815176,0.021520762,-0.044605948
1653513010.105017424,353.359680176,-836.072814941,-8.310592651,0.342305571,0.938294053,0.022483651,-0.043882497
1653513010.171124458,353.359680176,-836.072814941,-8.310592651,0.342305571,0.938294053,0.022483651,-0.043882497
1653513010.238442898,352.523132324,-835.407470703,-8.376614571,0.343863726,0.937693357,0.023312138,-0.044107247
1653513010.304813385,352.523132324,-835.407470703,-8.376614571,0.343863726,0.937693357,0.023312138,-0.044107247
1653513010.376020908,351.816802979,-834.807983398,-8.428889275,0.345839888,0.936976016,0.023960900,-0.043550543
1653513010.437782288,351.816802979,-834.807983398,-8.428889275,0.345839888,0.936976016,0.023960900,-0.043550543
1653513010.504386187,351.016845703,-834.157165527,-8.484142303,0.346459836,0.936743736,0.024490401,-0.043324500
1653513010.572290897,351.016845703,-834.157165527,-8.484142303,0.346459836,0.936743736,0.024490401,-0.043324500
1653513010.639981508,350.302490234,-833.563354492,-8.535801888,0.347941607,0.936152339,0.025525050,-0.043634057
1653513010.704807758,350.302490234,-833.563354492,-8.535801888,0.347941607,0.936152339,0.025525050,-0.043634057
1653513010.771637678,349.510986328,-832.923156738,-8.595128059,0.349276572,0.935676217,0.026538152,-0.042562682
1653513010.842170954,349.510986328,-832.923156738,-8.595128059,0.349276572,0.935676217,0.026538152,-0.042562682
1653513010.905705214,348.700805664,-832.276123047,-8.660128593,0.350076854,0.935389638,0.026920645,-0.042044081
1653513010.984351635,348.700805664,-832.276123047,-8.660128593,0.350076854,0.935389638,0.026920645,-0.042044081
1653513011.038056374,348.045959473,-831.709167480,-8.714481354,0.351736039,0.934746087,0.027412148,-0.042190474
1653513011.105136395,348.045959473,-831.709167480,-8.714481354,0.351736039,0.934746087,0.027412148,-0.042190474
1653513011.171185970,347.352203369,-831.117797852,-8.773335457,0.353096813,0.934289157,0.026455877,-0.041550908
1653513011.238344669,347.352203369,-831.117797852,-8.773335457,0.353096813,0.934289157,0.026455877,-0.041550908
1653513011.305542707,346.550842285,-830.464477539,-8.838511467,0.353499532,0.934155881,0.026803978,-0.040895011
1653513011.371309280,346.550842285,-830.464477539,-8.838511467,0.353499532,0.934155881,0.026803978,-0.040895011
1653513011.446251392,345.899017334,-829.897949219,-8.894119263,0.354147136,0.933886826,0.027086487,-0.041249905
1653513011.505802155,345.899017334,-829.897949219,-8.894119263,0.354147136,0.933886826,0.027086487,-0.041249905
1653513011.571326971,345.126525879,-829.263427734,-8.952660561,0.354303986,0.933896601,0.026963830,-0.039734170
1653513011.637858868,345.126525879,-829.263427734,-8.952660561,0.354303986,0.933896601,0.026963830,-0.039734170
1653513011.705077887,344.409820557,-828.687316895,-9.004358292,0.352894425,0.934449852,0.026307359,-0.039710928
1653513011.771333456,344.409820557,-828.687316895,-9.004358292,0.352894425,0.934449852,0.026307359,-0.039710928
1653513011.837745905,343.712402344,-828.118469238,-9.053762436,0.351750553,0.934874535,0.026581347,-0.039681364
1653513011.904301405,343.712402344,-828.118469238,-9.053762436,0.351750553,0.934874535,0.026581347,-0.039681364
1653513011.971679688,342.902770996,-827.497070312,-9.116118431,0.350448906,0.935472906,0.025714831,-0.037613377
1653513012.042042732,342.902770996,-827.497070312,-9.116118431,0.350448906,0.935472906,0.025714831,-0.037613377
1653513012.104590654,342.233093262,-826.963684082,-9.170246124,0.349205345,0.935893357,0.026335938,-0.038284108
1653513012.171571016,342.233093262,-826.963684082,-9.170246124,0.349205345,0.935893357,0.026335938,-0.038284108
1653513012.237702370,341.453613281,-826.362060547,-9.232439995,0.349022001,0.935935080,0.026477983,-0.038833920
1653513012.304968357,341.453613281,-826.362060547,-9.232439995,0.349022001,0.935935080,0.026477983,-0.038833920
1653513012.371472597,340.676055908,-825.762084961,-9.295239449,0.348159015,0.936296165,0.027023852,-0.037476815
1653513012.440306902,340.676055908,-825.762084961,-9.295239449,0.348159015,0.936296165,0.027023852,-0.037476815
1653513012.504516840,339.911956787,-825.162536621,-9.361638069,0.348280609,0.936232865,0.027541598,-0.037551723
1653513012.571226358,339.911956787,-825.162536621,-9.361638069,0.348280609,0.936232865,0.027541598,-0.037551723
1653513012.637980223,339.145568848,-824.564392090,-9.428289413,0.348634213,0.936050415,0.028229067,-0.038300313
1653513012.705829144,339.145568848,-824.564392090,-9.428289413,0.348634213,0.936050415,0.028229067,-0.038300313
1653513012.776406527,338.422943115,-823.985656738,-9.496953011,0.348133326,0.936257422,0.028697189,-0.037438769
1653513012.838165998,338.422943115,-823.985656738,-9.496953011,0.348133326,0.936257422,0.028697189,-0.037438769
1653513012.904815197,337.654083252,-823.381958008,-9.560759544,0.347869277,0.936251163,0.030404357,-0.038681366
1653513012.971910238,337.654083252,-823.381958008,-9.560759544,0.347869277,0.936251163,0.030404357,-0.038681366
1653513013.037955046,336.940429688,-822.820922852,-9.630718231,0.350334823,0.935237944,0.032537557,-0.039202280
1653513013.104628086,336.940429688,-822.820922852,-9.630718231,0.350334823,0.935237944,0.032537557,-0.039202280
1653513013.173112154,336.212158203,-822.251464844,-9.704118729,0.349867135,0.935364246,0.033086263,-0.039900709
1653513013.237854958,336.212158203,-822.251464844,-9.704118729,0.349867135,0.935364246,0.033086263,-0.039900709
1653513013.304610014,335.503448486,-821.698974609,-9.780283928,0.349916965,0.935256898,0.034696292,-0.040605161
1653513013.371972084,335.503448486,-821.698974609,-9.780283928,0.349916965,0.935256898,0.034696292,-0.040605161
1653513013.442133188,334.816558838,-821.158630371,-9.857975960,0.351239294,0.934727311,0.036077939,-0.040177561
1653513013.504471302,334.816558838,-821.158630371,-9.857975960,0.351239294,0.934727311,0.036077939,-0.040177561
1653513013.571367025,333.994995117,-820.543823242,-9.945724487,0.351140201,0.934697986,0.037362460,-0.040550195
1653513013.637973547,333.994995117,-820.543823242,-9.945724487,0.351140201,0.934697986,0.037362460,-0.040550195
1653513013.704574347,333.385131836,-820.059631348,-10.025762558,0.351008147,0.934772074,0.037331220,-0.040010862
1653513013.771283150,333.385131836,-820.059631348,-10.025762558,0.351008147,0.934772074,0.037331220,-0.040010862
1653513013.837654352,332.648590088,-819.500366211,-10.115971565,0.352851182,0.934139371,0.036420550,-0.039410342
1653513013.904603243,332.648590088,-819.500366211,-10.115971565,0.352851182,0.934139371,0.036420550,-0.039410342
1653513013.972225904,331.983612061,-818.992309570,-10.204432487,0.352897078,0.934239686,0.032988302,-0.039643686
1653513014.037760973,331.983612061,-818.992309570,-10.204432487,0.352897078,0.934239686,0.032988302,-0.039643686
1653513014.104761600,331.230529785,-818.435485840,-10.297536850,0.353520423,0.934080184,0.029412320,-0.040649615
1653513014.175702095,331.230529785,-818.435485840,-10.297536850,0.353520423,0.934080184,0.029412320,-0.040649615
1653513014.238179684,330.583831787,-817.935668945,-10.383432388,0.355940700,0.933264434,0.028310228,-0.039016619
1653513014.304357529,330.583831787,-817.935668945,-10.383432388,0.355940700,0.933264434,0.028310228,-0.039016619
1653513014.371910572,329.919799805,-817.414489746,-10.475320816,0.357142687,0.932787776,0.027909139,-0.039713964
1653513014.437697649,329.919799805,-817.414489746,-10.475320816,0.357142687,0.932787776,0.027909139,-0.039713964
1653513014.504321814,329.257507324,-816.887390137,-10.571706772,0.359405667,0.931943655,0.028851980,-0.038420700
1653513014.571823120,329.257507324,-816.887390137,-10.571706772,0.359405667,0.931943655,0.028851980,-0.038420700
1653513014.639780998,328.673645020,-816.406005859,-10.666584015,0.362188369,0.930906892,0.030922463,-0.035718117
1653513014.704623938,328.673645020,-816.406005859,-10.666584015,0.362188369,0.930906892,0.030922463,-0.035718117
1653513014.772293568,327.893676758,-815.820800781,-10.780682564,0.364567190,0.929991364,0.031475876,-0.034872554
1653513014.844882250,327.893676758,-815.820800781,-10.780682564,0.364567190,0.929991364,0.031475876,-0.034872554
1653513014.907150030,327.320648193,-815.359436035,-10.878683090,0.366628647,0.929256916,0.030307051,-0.033860434
1653513014.971303463,327.320648193,-815.359436035,-10.878683090,0.366628647,0.929256916,0.030307051,-0.033860434
1653513015.038478851,326.614898682,-814.840393066,-10.994521141,0.367651731,0.928991377,0.027039617,-0.032804612
1653513015.107809544,326.614898682,-814.840393066,-10.994521141,0.367651731,0.928991377,0.027039617,-0.032804612
1653513015.171119928,325.876708984,-814.314514160,-11.107522011,0.368180215,0.928845465,0.023800112,-0.033511288
1653513015.239701271,325.876708984,-814.314514160,-11.107522011,0.368180215,0.928845465,0.023800112,-0.033511288
1653513015.304663181,325.275390625,-813.864196777,-11.212820053,0.367609590,0.929141283,0.021276362,-0.033270612
1653513015.373568535,325.275390625,-813.864196777,-11.212820053,0.367609590,0.929141283,0.021276362,-0.033270612
1653513015.438402891,324.578430176,-813.365844727,-11.324931145,0.365660101,0.929968417,0.018851619,-0.033106353
1653513015.504231930,324.578430176,-813.365844727,-11.324931145,0.365660101,0.929968417,0.018851619,-0.033106353
1653513015.571161270,323.896362305,-812.877258301,-11.431973457,0.362665862,0.931137264,0.017898271,-0.033712037
1653513015.637943029,323.896362305,-812.877258301,-11.431973457,0.362665862,0.931137264,0.017898271,-0.033712037
1653513015.704455614,323.151824951,-812.361755371,-11.540173531,0.359050840,0.932575226,0.017099064,-0.033068940
1653513015.771497011,323.151824951,-812.361755371,-11.540173531,0.359050840,0.932575226,0.017099064,-0.033068940
1653513015.837988615,322.445709229,-811.857727051,-11.640897751,0.355599970,0.933887661,0.017076971,-0.033330169
1653513015.904464722,322.445709229,-811.857727051,-11.640897751,0.355599970,0.933887661,0.017076971,-0.033330169
1653513015.971299887,321.778076172,-811.369812012,-11.731774330,0.352926582,0.934866905,0.017600918,-0.034013614
1653513016.038980246,321.778076172,-811.369812012,-11.731774330,0.352926582,0.934866905,0.017600918,-0.034013614
1653513016.104522705,321.111907959,-810.881164551,-11.816218376,0.350449711,0.935799301,0.017179605,-0.034197770
1653513016.171110868,321.111907959,-810.881164551,-11.816218376,0.350449711,0.935799301,0.017179605,-0.034197770
1653513016.239522457,320.406066895,-810.367065430,-11.900785446,0.349999160,0.935893536,0.017240837,-0.036148157
1653513016.304405451,320.406066895,-810.367065430,-11.900785446,0.349999160,0.935893536,0.017240837,-0.036148157
1653513016.371828079,319.785552979,-809.888427734,-11.972137451,0.350078642,0.935832024,0.016369771,-0.037354361
1653513016.439524174,319.785552979,-809.888427734,-11.972137451,0.350078642,0.935832024,0.016369771,-0.037354361
1653513016.510436058,319.052093506,-809.351684570,-12.056591988,0.349934816,0.935882688,0.016140759,-0.037532456
1653513016.572389841,319.052093506,-809.351684570,-12.056591988,0.349934816,0.935882688,0.016140759,-0.037532456
1653513016.637727022,318.422790527,-808.850891113,-12.127727509,0.350048661,0.935828090,0.014952036,-0.038316879
1653513016.704492331,318.422790527,-808.850891113,-12.127727509,0.350048661,0.935828090,0.014952036,-0.038316879
1653513016.771409750,317.776947021,-808.354614258,-12.206334114,0.351493210,0.935325682,0.014227849,-0.037629005
1653513016.837813616,317.776947021,-808.354614258,-12.206334114,0.351493210,0.935325682,0.014227849,-0.037629005
1653513016.913240194,317.105926514,-807.834838867,-12.290569305,0.352371961,0.935043812,0.012721189,-0.036948543
1653513016.973277092,317.105926514,-807.834838867,-12.290569305,0.352371961,0.935043812,0.012721189,-0.036948543
1653513017.041416883,316.479156494,-807.322387695,-12.365882874,0.353465080,0.934619784,0.011619007,-0.037593994
1653513017.104393482,316.479156494,-807.322387695,-12.365882874,0.353465080,0.934619784,0.011619007,-0.037593994
1653513017.171113729,315.754943848,-806.786315918,-12.457954407,0.355422407,0.933928788,0.013355473,-0.035686441
1653513017.238548517,315.754943848,-806.786315918,-12.457954407,0.355422407,0.933928788,0.013355473,-0.035686441
1653513017.304400206,315.147033691,-806.300109863,-12.547962189,0.356048256,0.933696449,0.014993522,-0.034868512
1653513017.370951414,315.147033691,-806.300109863,-12.547962189,0.356048256,0.933696449,0.014993522,-0.034868512
1653513017.438704967,314.520690918,-805.793945312,-12.635576248,0.357474953,0.933089435,0.018006947,-0.035093646
1653513017.504674196,314.520690918,-805.793945312,-12.635576248,0.357474953,0.933089435,0.018006947,-0.035093646
1653513017.571335793,313.843536377,-805.263305664,-12.728408813,0.358044654,0.932823956,0.020661941,-0.034879006
1653513017.637989044,313.843536377,-805.263305664,-12.728408813,0.358044654,0.932823956,0.020661941,-0.034879006
1653513017.704338312,313.222839355,-804.760437012,-12.814197540,0.359232515,0.932350039,0.020766998,-0.035272609
1653513017.771319628,313.222839355,-804.760437012,-12.814197540,0.359232515,0.932350039,0.020766998,-0.035272609
1653513017.837659836,312.584289551,-804.254333496,-12.904570580,0.360892236,0.931694448,0.019715415,-0.036242954
1653513017.905365705,312.584289551,-804.254333496,-12.904570580,0.360892236,0.931694448,0.019715415,-0.036242954
1653513017.971331120,311.936828613,-803.740234375,-12.993083954,0.362029701,0.931272924,0.017543333,-0.036843654
1653513018.037720919,311.936828613,-803.740234375,-12.993083954,0.362029701,0.931272924,0.017543333,-0.036843654
1653513018.105198145,311.308563232,-803.230651855,-13.084962845,0.362526894,0.931108832,0.016426938,-0.036615744
1653513018.171208143,311.308563232,-803.230651855,-13.084962845,0.362526894,0.931108832,0.016426938,-0.036615744
1653513018.237750530,310.722137451,-802.738464355,-13.172147751,0.363389492,0.930809259,0.017513206,-0.035148948
1653513018.307677269,310.722137451,-802.738464355,-13.172147751,0.363389492,0.930809259,0.017513206,-0.035148948
1653513018.371018648,310.060424805,-802.211791992,-13.259473801,0.364289552,0.930428147,0.019942319,-0.034625739
1653513018.437639236,310.060424805,-802.211791992,-13.259473801,0.364289552,0.930428147,0.019942319,-0.034625739
1653513018.505445957,309.623229980,-801.805480957,-13.326262474,0.364512920,0.930385232,0.020915175,-0.032805365
1653513018.571474791,309.623229980,-801.805480957,-13.326262474,0.364512920,0.930385232,0.020915175,-0.032805365
1653513018.637744188,308.894653320,-801.244384766,-13.429416656,0.365512311,0.930012763,0.020879654,-0.032265387
1653513018.707771778,308.894653320,-801.244384766,-13.429416656,0.365512311,0.930012763,0.020879654,-0.032265387
1653513018.771557093,308.264007568,-800.736572266,-13.518304825,0.366982162,0.929467082,0.019990219,-0.031865936
1653513018.840554714,308.264007568,-800.736572266,-13.518304825,0.366982162,0.929467082,0.019990219,-0.031865936
1653513018.904440880,307.724792480,-800.286804199,-13.593706131,0.366649568,0.929627776,0.018669989,-0.031808197
1653513018.971185207,307.724792480,-800.286804199,-13.593706131,0.366649568,0.929627776,0.018669989,-0.031808197
1653513019.037860394,307.011596680,-799.740295410,-13.683432579,0.367893130,0.929113507,0.016891893,-0.033428222
1653513019.104912758,307.011596680,-799.740295410,-13.683432579,0.367893130,0.929113507,0.016891893,-0.033428222
1653513019.170954704,306.445648193,-799.277893066,-13.755730629,0.367344141,0.929318488,0.016086910,-0.034156114
1653513019.238155603,306.445648193,-799.277893066,-13.755730629,0.367344141,0.929318488,0.016086910,-0.034156114
1653513019.304641962,305.768951416,-798.756530762,-13.840277672,0.366479278,0.929640293,0.014416560,-0.035412386
1653513019.371498823,305.768951416,-798.756530762,-13.840277672,0.366479278,0.929640293,0.014416560,-0.035412386
1653513019.437552691,305.153961182,-798.262390137,-13.911916733,0.367526680,0.929159582,0.015113264,-0.036854360
1653513019.504712105,305.153961182,-798.262390137,-13.911916733,0.367526680,0.929159582,0.015113264,-0.036854360
1653513019.571778536,304.495910645,-797.743652344,-13.986783028,0.366819769,0.929351926,0.016458148,-0.038437240
1653513019.639094830,304.495910645,-797.743652344,-13.986783028,0.366819769,0.929351926,0.016458148,-0.038437240
1653513019.704362869,303.957580566,-797.286682129,-14.050635338,0.365657747,0.929785550,0.016879821,-0.038837053
1653513019.771352291,303.957580566,-797.286682129,-14.050635338,0.365657747,0.929785550,0.016879821,-0.038837053
1653513019.837571383,303.303710938,-796.759155273,-14.134440422,0.365406632,0.929886997,0.018064206,-0.038233574
1653513019.908330202,303.303710938,-796.759155273,-14.134440422,0.365406632,0.929886997,0.018064206,-0.038233574
1653513019.972781658,302.770751953,-796.293273926,-14.210195541,0.363979042,0.930446804,0.018837670,-0.037856393
1653513020.037665129,302.770751953,-796.293273926,-14.210195541,0.363979042,0.930446804,0.018837670,-0.037856393
1653513020.108499050,302.109130859,-795.747619629,-14.301949501,0.363346606,0.930713236,0.019637102,-0.036965724
1653513020.171168089,302.109130859,-795.747619629,-14.301949501,0.363346606,0.930713236,0.019637102,-0.036965724
1653513020.237602711,301.574981689,-795.270690918,-14.378515244,0.363854885,0.930505276,0.020995498,-0.036452785
1653513020.304285526,301.574981689,-795.270690918,-14.378515244,0.363854885,0.930505276,0.020995498,-0.036452785
1653513020.371251822,300.988891602,-794.770263672,-14.461480141,0.363845199,0.930505872,0.022061450,-0.035899337
1653513020.437810898,300.988891602,-794.770263672,-14.461480141,0.363845199,0.930505872,0.022061450,-0.035899337
1653513020.504584789,300.437591553,-794.282287598,-14.543640137,0.363733172,0.930544019,0.022233117,-0.035940502
1653513020.571336746,300.437591553,-794.282287598,-14.543640137,0.363733172,0.930544019,0.022233117,-0.035940502
1653513020.638390064,299.855895996,-793.781799316,-14.626245499,0.364687771,0.930130124,0.023343556,-0.036275476
1653513020.705070734,299.855895996,-793.781799316,-14.626245499,0.364687771,0.930130124,0.023343556,-0.036275476
1653513020.771017551,299.241699219,-793.259277344,-14.710572243,0.365633726,0.929738343,0.024112565,-0.036292586
1653513020.838037014,299.241699219,-793.259277344,-14.710572243,0.365633726,0.929738343,0.024112565,-0.036292586
1653513020.904458523,298.724700928,-792.795410156,-14.784899712,0.365680277,0.929723918,0.024090948,-0.036207568
1653513020.971084118,298.724700928,-792.795410156,-14.784899712,0.365680277,0.929723918,0.024090948,-0.036207568
1653513021.038479567,298.128082275,-792.288879395,-14.867706299,0.366675854,0.929296553,0.025761774,-0.035959627
1653513021.104824066,298.128082275,-792.288879395,-14.867706299,0.366675854,0.929296553,0.025761774,-0.035959627
1653513021.170984983,297.512603760,-791.770751953,-14.953932762,0.367487848,0.928981364,0.025537115,-0.035974901
1653513021.237808228,297.512603760,-791.770751953,-14.953932762,0.367487848,0.928981364,0.025537115,-0.035974901
1653513021.304473877,296.939758301,-791.285400391,-15.035445213,0.367333055,0.929024696,0.026442155,-0.035782564
1653513021.371452570,296.939758301,-791.285400391,-15.035445213,0.367333055,0.929024696,0.026442155,-0.035782564
1653513021.440427780,296.301391602,-790.765319824,-15.126832962,0.368427962,0.928593874,0.026944289,-0.035330486
1653513021.505750418,296.301391602,-790.765319824,-15.126832962,0.368427962,0.928593874,0.026944289,-0.035330486
1653513021.571160316,295.742095947,-790.288330078,-15.208765030,0.368946075,0.928331196,0.028088279,-0.035930656
1653513021.639019489,295.742095947,-790.288330078,-15.208765030,0.368946075,0.928331196,0.028088279,-0.035930656
1653513021.704896688,295.180755615,-789.819091797,-15.292043686,0.367922723,0.928723693,0.028323969,-0.036096014
1653513021.771370411,295.180755615,-789.819091797,-15.292043686,0.367922723,0.928723693,0.028323969,-0.036096014
1653513021.840680122,294.574005127,-789.322265625,-15.379343987,0.367709875,0.928809226,0.028727561,-0.035743747
1653513021.904381514,294.574005127,-789.322265625,-15.379343987,0.367709875,0.928809226,0.028727561,-0.035743747
1653513021.970997334,294.039611816,-788.872009277,-15.458687782,0.367133975,0.928975046,0.030262029,-0.036085878
1653513022.040201902,294.039611816,-788.872009277,-15.458687782,0.367133975,0.928975046,0.030262029,-0.036085878
1653513022.104652882,293.460205078,-788.398010254,-15.548108101,0.365951717,0.929466903,0.030206125,-0.035471376
1653513022.172911882,293.460205078,-788.398010254,-15.548108101,0.365951717,0.929466903,0.030206125,-0.035471376
1653513022.237632275,292.894683838,-787.932739258,-15.637432098,0.364581704,0.930027366,0.030386947,-0.034726851
1653513022.309223890,292.894683838,-787.932739258,-15.637432098,0.364581704,0.930027366,0.030386947,-0.034726851
1653513022.372268438,292.385467529,-787.509399414,-15.721777916,0.363259494,0.930561304,0.030077212,-0.034547787
1653513022.438038349,292.385467529,-787.509399414,-15.721777916,0.363259494,0.930561304,0.030077212,-0.034547787
1653513022.505976677,291.758666992,-787.023681641,-15.818294525,0.361308664,0.931354463,0.029630877,-0.034014422
1653513022.570956230,291.758666992,-787.023681641,-15.818294525,0.361308664,0.931354463,0.029630877,-0.034014422
1653513022.637526751,291.259277344,-786.614379883,-15.898762703,0.359757662,0.931995451,0.027947288,-0.034320720
1653513022.704504967,291.259277344,-786.614379883,-15.898762703,0.359757662,0.931995451,0.027947288,-0.034320720
1653513022.771280050,290.743347168,-786.201782227,-15.977940559,0.358197987,0.932582438,0.027257111,-0.035230782
1653513022.837946653,290.743347168,-786.201782227,-15.977940559,0.358197987,0.932582438,0.027257111,-0.035230782
1653513022.905048609,290.101196289,-785.716247559,-16.069299698,0.356143504,0.933386922,0.025600072,-0.035990607
1653513022.971174479,290.101196289,-785.716247559,-16.069299698,0.356143504,0.933386922,0.025600072,-0.035990607
1653513023.037845373,289.584991455,-785.301452637,-16.141679764,0.354788423,0.933885276,0.024293769,-0.037326328
1653513023.104432106,289.584991455,-785.301452637,-16.141679764,0.354788423,0.933885276,0.024293769,-0.037326328
1653513023.172020435,289.000244141,-784.850219727,-16.220201492,0.353863239,0.934219837,0.023627901,-0.038155105
1653513023.237658501,289.000244141,-784.850219727,-16.220201492,0.353863239,0.934219837,0.023627901,-0.038155105
1653513023.304723978,288.509552002,-784.446777344,-16.287178040,0.352319658,0.934767544,0.022517096,-0.039666824
1653513023.371042013,288.509552002,-784.446777344,-16.287178040,0.352319658,0.934767544,0.022517096,-0.039666824
1653513023.438334227,287.875213623,-783.968627930,-16.373907089,0.351444602,0.935071290,0.023066873,-0.039954025
1653513023.506004095,287.875213623,-783.968627930,-16.373907089,0.351444602,0.935071290,0.023066873,-0.039954025
1653513023.571055889,287.318359375,-783.529357910,-16.446907043,0.351290524,0.935073137,0.022666443,-0.041466333
1653513023.637704372,287.318359375,-783.529357910,-16.446907043,0.351290524,0.935073137,0.022666443,-0.041466333
1653513023.704249144,286.847534180,-783.132934570,-16.507585526,0.351279736,0.935032487,0.022850253,-0.042363290
1653513023.773630142,286.847534180,-783.132934570,-16.507585526,0.351279736,0.935032487,0.022850253,-0.042363290
1653513023.837577820,286.335021973,-782.710510254,-16.575002670,0.351578265,0.934842765,0.023806553,-0.043531470
1653513023.904296875,286.335021973,-782.710510254,-16.575002670,0.351578265,0.934842765,0.023806553,-0.043531470
1653513023.970884323,285.743286133,-782.239074707,-16.654813766,0.353458524,0.934079587,0.025692500,-0.043614812
1653513024.037693262,285.743286133,-782.239074707,-16.654813766,0.353458524,0.934079587,0.025692500,-0.043614812
1653513024.106426239,285.244079590,-781.820800781,-16.728460312,0.354686677,0.933611274,0.026629571,-0.043106768
1653513024.170970201,285.244079590,-781.820800781,-16.728460312,0.354686677,0.933611274,0.026629571,-0.043106768
1653513024.238425732,284.721588135,-781.385803223,-16.808345795,0.357152373,0.932657897,0.027454326,-0.042868979
1653513024.305066109,284.721588135,-781.385803223,-16.808345795,0.357152373,0.932657897,0.027454326,-0.042868979
1653513024.370963573,284.177825928,-780.937866211,-16.890588760,0.359516710,0.931843102,0.027027123,-0.041057106
1653513024.439887285,284.177825928,-780.937866211,-16.890588760,0.359516710,0.931843102,0.027027123,-0.041057106
1653513024.504148483,283.672546387,-780.512756348,-16.966230392,0.362527162,0.930675745,0.027673814,-0.040630672
1653513024.571080446,283.672546387,-780.512756348,-16.966230392,0.362527162,0.930675745,0.027673814,-0.040630672
1653513024.637744427,283.092254639,-780.042053223,-17.047004700,0.365912497,0.929380417,0.027351823,-0.040148620
1653513024.704403400,283.092254639,-780.042053223,-17.047004700,0.365912497,0.929380417,0.027351823,-0.040148620
1653513024.771421909,282.667602539,-779.660034180,-17.111417770,0.369091153,0.928083062,0.028078157,-0.040560372
1653513024.838207245,282.667602539,-779.660034180,-17.111417770,0.369091153,0.928083062,0.028078157,-0.040560372
1653513024.904675484,282.123443604,-779.210510254,-17.187294006,0.372188210,0.926853299,0.028209757,-0.040287185
1653513024.971906662,282.123443604,-779.210510254,-17.187294006,0.372188210,0.926853299,0.028209757,-0.040287185
1653513025.037743807,281.596649170,-778.776672363,-17.262233734,0.374934196,0.925708532,0.028618574,-0.040853422
1653513025.112992764,281.596649170,-778.776672363,-17.262233734,0.374934196,0.925708532,0.028618574,-0.040853422
1653513025.171362400,281.116760254,-778.377014160,-17.331867218,0.376922309,0.924860477,0.028744528,-0.041670829
1653513025.237906694,281.116760254,-778.377014160,-17.331867218,0.376922309,0.924860477,0.028744528,-0.041670829
1653513025.304203033,280.619873047,-777.975524902,-17.404203415,0.377980232,0.924448431,0.028379366,-0.041481014
1653513025.371058702,280.619873047,-777.975524902,-17.404203415,0.377980232,0.924448431,0.028379366,-0.041481014
1653513025.438220263,280.124267578,-777.579589844,-17.481615067,0.379153341,0.923988283,0.027637836,-0.041528262
1653513025.504237413,280.124267578,-777.579589844,-17.481615067,0.379153341,0.923988283,0.027637836,-0.041528262
1653513025.571066141,279.626159668,-777.183227539,-17.558004379,0.379725635,0.923787594,0.026506739,-0.041500892
1653513025.637732267,279.626159668,-777.183227539,-17.558004379,0.379725635,0.923787594,0.026506739,-0.041500892
1653513025.704990864,279.097869873,-776.770812988,-17.640171051,0.379528224,0.923955262,0.025111150,-0.040428773
1653513025.771756649,279.097869873,-776.770812988,-17.640171051,0.379528224,0.923955262,0.025111150,-0.040428773
1653513025.837750673,278.655120850,-776.406677246,-17.710128784,0.379566312,0.923968017,0.024265600,-0.040295038
1653513025.904324293,278.655120850,-776.406677246,-17.710128784,0.379566312,0.923968017,0.024265600,-0.040295038
1653513025.970901966,278.150665283,-776.005249023,-17.788093567,0.378841460,0.924276590,0.023703957,-0.040373489
1653513026.038943291,278.150665283,-776.005249023,-17.788093567,0.378841460,0.924276590,0.023703957,-0.040373489
1653513026.104558706,277.679168701,-775.619567871,-17.857398987,0.378299356,0.924533486,0.023029657,-0.039963920
1653513026.171055555,277.679168701,-775.619567871,-17.857398987,0.378299356,0.924533486,0.023029657,-0.039963920
1653513026.237758160,277.205749512,-775.234619141,-17.925474167,0.377912641,0.924694598,0.023358503,-0.039702322
1653513026.304394484,277.205749512,-775.234619141,-17.925474167,0.377912641,0.924694598,0.023358503,-0.039702322
1653513026.372607470,276.751831055,-774.860778809,-17.989070892,0.377090365,0.925035834,0.024100680,-0.039124440
1653513026.437472820,276.751831055,-774.860778809,-17.989070892,0.377090365,0.925035834,0.024100680,-0.039124440
1653513026.505290508,276.272064209,-774.468322754,-18.052646637,0.376623333,0.925238073,0.024918733,-0.038320042
1653513026.571554422,276.272064209,-774.468322754,-18.052646637,0.376623333,0.925238073,0.024918733,-0.038320042
1653513026.637861729,275.820526123,-774.086303711,-18.113565445,0.376353383,0.925389886,0.025720587,-0.036744770
1653513026.704520226,275.820526123,-774.086303711,-18.113565445,0.376353383,0.925389886,0.025720587,-0.036744770
1653513026.774666786,275.385162354,-773.712829590,-18.170032501,0.375684053,0.925650477,0.027126694,-0.036011942
1653513026.838135719,275.385162354,-773.712829590,-18.170032501,0.375684053,0.925650477,0.027126694,-0.036011942
1653513026.904439449,274.892822266,-773.308471680,-18.231218338,0.374609619,0.926032305,0.029135415,-0.035818528
1653513026.976902008,274.892822266,-773.308471680,-18.231218338,0.374609619,0.926032305,0.029135415,-0.035818528
1653513027.037509441,274.448730469,-772.936096191,-18.288858414,0.374401897,0.926090658,0.030445151,-0.035389677
1653513027.105474234,274.448730469,-772.936096191,-18.288858414,0.374401897,0.926090658,0.030445151,-0.035389677
1653513027.171103954,273.989562988,-772.554199219,-18.347187042,0.373830497,0.926317930,0.031241667,-0.034781463
1653513027.239358664,273.989562988,-772.554199219,-18.347187042,0.373830497,0.926317930,0.031241667,-0.034781463
1653513027.304413557,273.559692383,-772.185729980,-18.404918671,0.373304933,0.926499665,0.032124486,-0.034783170
1653513027.370867968,273.559692383,-772.185729980,-18.404918671,0.373304933,0.926499665,0.032124486,-0.034783170
1653513027.437688112,273.088439941,-771.796997070,-18.466781616,0.373023421,0.926594257,0.032594159,-0.034846365
1653513027.504492044,273.088439941,-771.796997070,-18.466781616,0.373023421,0.926594257,0.032594159,-0.034846365
1653513027.571300745,272.703125000,-771.461669922,-18.518854141,0.372915357,0.926642954,0.032388166,-0.034899481
1653513027.638066769,272.703125000,-771.461669922,-18.518854141,0.372915357,0.926642954,0.032388166,-0.034899481
1653513027.704219103,272.261871338,-771.092834473,-18.580242157,0.372914702,0.926676750,0.031570736,-0.034758277
1653513027.771419525,272.261871338,-771.092834473,-18.580242157,0.372914702,0.926676750,0.031570736,-0.034758277
1653513027.837956667,271.827484131,-770.729003906,-18.640377045,0.372932106,0.926674306,0.031335130,-0.034850035
1653513027.905025959,271.827484131,-770.729003906,-18.640377045,0.372932106,0.926674306,0.031335130,-0.034850035
1653513027.971098661,271.367370605,-770.352172852,-18.705392838,0.372146010,0.926969945,0.031409990,-0.035320364
1653513028.039329767,271.367370605,-770.352172852,-18.705392838,0.372146010,0.926969945,0.031409990,-0.035320364
1653513028.104820728,270.918640137,-769.993103027,-18.768262863,0.371396840,0.927281737,0.031415876,-0.035014033
1653513028.170936584,270.918640137,-769.993103027,-18.768262863,0.371396840,0.927281737,0.031415876,-0.035014033
1653513028.237520218,270.521362305,-769.661621094,-18.823444366,0.371428847,0.927279949,0.031035546,-0.035061810
1653513028.304184437,270.521362305,-769.661621094,-18.823444366,0.371428847,0.927279949,0.031035546,-0.035061810
1653513028.371089697,270.058441162,-769.295837402,-18.892992020,0.371003211,0.927454770,0.030844081,-0.035112180
1653513028.437474012,270.058441162,-769.295837402,-18.892992020,0.371003211,0.927454770,0.030844081,-0.035112180
1653513028.504615068,269.627075195,-768.942993164,-18.959386826,0.370831192,0.927525759,0.030719517,-0.035164773
1653513028.571133137,269.627075195,-768.942993164,-18.959386826,0.370831192,0.927525759,0.030719517,-0.035164773
1653513028.637874842,269.180480957,-768.584167480,-19.024486542,0.371132284,0.927449644,0.030378141,-0.034280602
1653513028.705336809,269.180480957,-768.584167480,-19.024486542,0.371132284,0.927449644,0.030378141,-0.034280602
1653513028.772676706,268.782562256,-768.249755859,-19.083932877,0.371147901,0.927473962,0.030127000,-0.033670522
1653513028.841311216,268.782562256,-768.249755859,-19.083932877,0.371147901,0.927473962,0.030127000,-0.033670522
1653513028.904124498,268.346282959,-767.889770508,-19.148464203,0.371103704,0.927546978,0.029268736,-0.032893717
1653513028.971698999,268.346282959,-767.889770508,-19.148464203,0.371103704,0.927546978,0.029268736,-0.032893717
1653513029.037907362,267.921264648,-767.542602539,-19.213010788,0.371057183,0.927603841,0.028967606,-0.032071225
1653513029.105159283,267.921264648,-767.542602539,-19.213010788,0.371057183,0.927603841,0.028967606,-0.032071225
1653513029.170886040,267.501464844,-767.201232910,-19.279129028,0.370763302,0.927730918,0.028767165,-0.031974893
1653513029.237468243,267.501464844,-767.201232910,-19.279129028,0.370763302,0.927730918,0.028767165,-0.031974893
1653513029.304245949,267.096160889,-766.873901367,-19.339918137,0.370254904,0.927929997,0.028573630,-0.032260355
1653513029.371406555,267.096160889,-766.873901367,-19.339918137,0.370254904,0.927929997,0.028573630,-0.032260355
1653513029.437877417,266.727416992,-766.571350098,-19.400434494,0.369895816,0.928036571,0.028852638,-0.033056412
1653513029.504214287,266.727416992,-766.571350098,-19.400434494,0.369895816,0.928036571,0.028852638,-0.033056412
1653513029.570940495,266.251342773,-766.206848145,-19.471940994,0.368925154,0.928447962,0.028086301,-0.033011928
1653513029.642240286,266.251342773,-766.206848145,-19.471940994,0.368925154,0.928447962,0.028086301,-0.033011928
1653513029.705929756,265.862487793,-765.899230957,-19.537509918,0.367809176,0.928886354,0.028447183,-0.032821771
1653513029.771024466,265.862487793,-765.899230957,-19.537509918,0.367809176,0.928886354,0.028447183,-0.032821771
1653513029.837855577,265.392089844,-765.545654297,-19.609468460,0.366877943,0.929278314,0.028262824,-0.032305188
1653513029.904483795,265.392089844,-765.545654297,-19.609468460,0.366877943,0.929278314,0.028262824,-0.032305188
1653513029.970976591,265.007507324,-765.242309570,-19.673566818,0.365662366,0.929778337,0.028089408,-0.031846978
1653513030.037544012,265.007507324,-765.242309570,-19.673566818,0.365662366,0.929778337,0.028089408,-0.031846978
1653513030.104489803,264.594757080,-764.920043945,-19.741600037,0.364311427,0.930341661,0.027738545,-0.031179991
1653513030.170972586,264.594757080,-764.920043945,-19.741600037,0.364311427,0.930341661,0.027738545,-0.031179991
1653513030.238442183,264.117889404,-764.556823730,-19.813760757,0.363848776,0.930521369,0.027414897,-0.031503845
1653513030.304354191,264.117889404,-764.556823730,-19.813760757,0.363848776,0.930521369,0.027414897,-0.031503845
1653513030.370745897,263.756469727,-764.250915527,-19.874383926,0.363765478,0.930553734,0.026964989,-0.031894922
1653513030.437515259,263.756469727,-764.250915527,-19.874383926,0.363765478,0.930553734,0.026964989,-0.031894922
1653513030.505502224,263.359283447,-763.933837891,-19.936265945,0.363456398,0.930706620,0.026001411,-0.031757914
1653513030.571221352,263.359283447,-763.933837891,-19.936265945,0.363456398,0.930706620,0.026001411,-0.031757914
1653513030.639263153,262.919952393,-763.592468262,-20.003337860,0.364009500,0.930506349,0.024790628,-0.032255940
1653513030.704522610,262.919952393,-763.592468262,-20.003337860,0.364009500,0.930506349,0.024790628,-0.032255940
1653513030.772163153,262.505462646,-763.265686035,-20.068151474,0.365040392,0.930132031,0.022933500,-0.032771621
1653513030.838406563,262.505462646,-763.265686035,-20.068151474,0.365040392,0.930132031,0.022933500,-0.032771621
1653513030.905807495,262.057434082,-762.914489746,-20.143451691,0.365891010,0.929819465,0.021600798,-0.033059206
1653513030.971869230,262.057434082,-762.914489746,-20.143451691,0.365891010,0.929819465,0.021600798,-0.033059206
1653513031.037637234,261.682617188,-762.600158691,-20.214155197,0.367070615,0.929389238,0.020647770,-0.032687157
1653513031.104672670,261.682617188,-762.600158691,-20.214155197,0.367070615,0.929389238,0.020647770,-0.032687157
1653513031.174837828,261.263458252,-762.256896973,-20.292770386,0.368350834,0.928872228,0.020362066,-0.033157345
1653513031.237492323,261.263458252,-762.256896973,-20.292770386,0.368350834,0.928872228,0.020362066,-0.033157345
1653513031.304180861,260.837158203,-761.899230957,-20.374612808,0.369785249,0.928282499,0.020652575,-0.033524387
1653513031.371032238,260.837158203,-761.899230957,-20.374612808,0.369785249,0.928282499,0.020652575,-0.033524387
1653513031.437633991,260.416992188,-761.548828125,-20.459798813,0.371781319,0.927478433,0.021098038,-0.033425294
1653513031.504045010,260.416992188,-761.548828125,-20.459798813,0.371781319,0.927478433,0.021098038,-0.033425294
1653513031.571094751,260.024078369,-761.208068848,-20.541996002,0.373342991,0.926814675,0.022424817,-0.033566929
1653513031.637516737,260.024078369,-761.208068848,-20.541996002,0.373342991,0.926814675,0.022424817,-0.033566929
1653513031.704601526,259.572021484,-760.830566406,-20.632242203,0.374955654,0.926129937,0.023910502,-0.033465151
1653513031.771252871,259.572021484,-760.830566406,-20.632242203,0.374955654,0.926129937,0.023910502,-0.033465151
1653513031.837354898,259.229736328,-760.513244629,-20.708574295,0.377168685,0.925205112,0.025693258,-0.032850277
1653513031.904629230,259.229736328,-760.513244629,-20.708574295,0.377168685,0.925205112,0.025693258,-0.032850277
1653513031.971690893,258.854248047,-760.177490234,-20.790098190,0.378910184,0.924499393,0.026769018,-0.031801522
1653513032.040683508,258.854248047,-760.177490234,-20.790098190,0.378910184,0.924499393,0.026769018,-0.031801522
1653513032.104469776,258.444824219,-759.825378418,-20.874914169,0.380583704,0.923817098,0.027540291,-0.030976154
1653513032.170774698,258.444824219,-759.825378418,-20.874914169,0.380583704,0.923817098,0.027540291,-0.030976154
1653513032.238514185,258.044158936,-759.479492188,-20.953601837,0.382991761,0.922836006,0.027294267,-0.030757373
1653513032.304582596,258.044158936,-759.479492188,-20.953601837,0.382991761,0.922836006,0.027294267,-0.030757373
1653513032.370718956,257.680816650,-759.156799316,-21.021032333,0.385054231,0.922009945,0.026208088,-0.030725623
1653513032.438642263,257.680816650,-759.156799316,-21.021032333,0.385054231,0.922009945,0.026208088,-0.030725623
1653513032.504634857,257.300262451,-758.829895020,-21.090417862,0.386777461,0.921345592,0.024118552,-0.030721504
1653513032.571791410,257.300262451,-758.829895020,-21.090417862,0.386777461,0.921345592,0.024118552,-0.030721504
1653513032.638928652,256.871887207,-758.479064941,-21.158885956,0.388648242,0.920602083,0.021820327,-0.031115638
1653513032.704391003,256.871887207,-758.479064941,-21.158885956,0.388648242,0.920602083,0.021820327,-0.031115638
1653513032.771640539,256.523406982,-758.172546387,-21.214172363,0.389197677,0.920398653,0.019627867,-0.031721015
1653513032.838913202,256.523406982,-758.172546387,-21.214172363,0.389197677,0.920398653,0.019627867,-0.031721015
1653513032.904256821,256.134674072,-757.846496582,-21.275445938,0.389663577,0.920279086,0.017616924,-0.030632295
1653513032.971078634,256.134674072,-757.846496582,-21.275445938,0.389663577,0.920279086,0.017616924,-0.030632295
1653513033.037600994,255.757904053,-757.526672363,-21.335096359,0.389614493,0.920316398,0.017324509,-0.030300157
1653513033.105004311,255.757904053,-757.526672363,-21.335096359,0.389614493,0.920316398,0.017324509,-0.030300157
1653513033.170728445,255.392395020,-757.209838867,-21.394399643,0.389455676,0.920417249,0.016664328,-0.029642325
1653513033.237564325,255.392395020,-757.209838867,-21.394399643,0.389455676,0.920417249,0.016664328,-0.029642325
1653513033.304854155,255.004943848,-756.880920410,-21.459041595,0.388729483,0.920763671,0.017201314,-0.028067084
1653513033.370713711,255.004943848,-756.880920410,-21.459041595,0.388729483,0.920763671,0.017201314,-0.028067084
1653513033.437546730,254.681594849,-756.587463379,-21.511142731,0.388616383,0.920846462,0.017677505,-0.026582025
1653513033.505286455,254.681594849,-756.587463379,-21.511142731,0.388616383,0.920846462,0.017677505,-0.026582025
1653513033.571000814,254.288421631,-756.250061035,-21.573976517,0.388307363,0.920993567,0.018127972,-0.025683172
1653513033.637489319,254.288421631,-756.250061035,-21.573976517,0.388307363,0.920993567,0.018127972,-0.025683172
1653513033.705093622,253.945343018,-755.937011719,-21.624366760,0.387836158,0.921195328,0.019041376,-0.024893207
1653513033.771356106,253.945343018,-755.937011719,-21.624366760,0.387836158,0.921195328,0.019041376,-0.024893207
1653513033.838866949,253.602035522,-755.621459961,-21.673831940,0.387958795,0.921150327,0.019366434,-0.024391904
1653513033.904342890,253.602035522,-755.621459961,-21.673831940,0.387958795,0.921150327,0.019366434,-0.024391904
1653513033.971035242,253.280014038,-755.316894531,-21.718820572,0.387888461,0.921173155,0.019673726,-0.024403118
1653513034.041059256,253.280014038,-755.316894531,-21.718820572,0.387888461,0.921173155,0.019673726,-0.024403118
1653513034.104565859,252.903625488,-754.976806641,-21.771352768,0.387784839,0.921193123,0.020387426,-0.024708288
1653513034.170934916,252.903625488,-754.976806641,-21.771352768,0.387784839,0.921193123,0.020387426,-0.024708288
1653513034.240206718,252.595275879,-754.674316406,-21.811561584,0.388474226,0.920892119,0.021040911,-0.024550449
1653513034.304357529,252.595275879,-754.674316406,-21.811561584,0.388474226,0.920892119,0.021040911,-0.024550449
1653513034.371328831,252.223648071,-754.334350586,-21.856651306,0.388522625,0.920835733,0.022301579,-0.024785437
1653513034.437534809,252.223648071,-754.334350586,-21.856651306,0.388522625,0.920835733,0.022301579,-0.024785437
1653513034.504321575,251.873794556,-754.010192871,-21.903160095,0.388934880,0.920656741,0.023086604,-0.024246113
1653513034.571906328,251.873794556,-754.010192871,-21.903160095,0.388934880,0.920656741,0.023086604,-0.024246113
1653513034.637724400,251.611984253,-753.742675781,-21.940004349,0.389881194,0.920221806,0.024892462,-0.023767376
1653513034.705868721,251.611984253,-753.742675781,-21.940004349,0.389881194,0.920221806,0.024892462,-0.023767376
1653513034.770792961,251.264831543,-753.419616699,-21.991188049,0.390318394,0.920034349,0.025409099,-0.023296759
1653513034.837554216,251.264831543,-753.419616699,-21.991188049,0.390318394,0.920034349,0.025409099,-0.023296759
1653513034.906536341,250.912506104,-753.091552734,-22.042743683,0.390671521,0.919864178,0.025963994,-0.023485316
1653513034.971086025,250.912506104,-753.091552734,-22.042743683,0.390671521,0.919864178,0.025963994,-0.023485316
1653513035.037629843,250.555435181,-752.763244629,-22.094739914,0.391695738,0.919408262,0.026395446,-0.023795469
1653513035.104812622,250.555435181,-752.763244629,-22.094739914,0.391695738,0.919408262,0.026395446,-0.023795469
1653513035.170745611,250.187866211,-752.433898926,-22.147403717,0.391718775,0.919396758,0.026661126,-0.023563184
1653513035.241311073,250.187866211,-752.433898926,-22.147403717,0.391718775,0.919396758,0.026661126,-0.023563184
1653513035.305277824,249.832107544,-752.114746094,-22.199604034,0.392171502,0.919201136,0.026849691,-0.023448884
1653513035.370904207,249.832107544,-752.114746094,-22.199604034,0.392171502,0.919201136,0.026849691,-0.023448884
1653513035.437850714,249.458770752,-751.781921387,-22.258480072,0.392407984,0.919065535,0.027846063,-0.023645533
1653513035.503996849,249.458770752,-751.781921387,-22.258480072,0.392407984,0.919065535,0.027846063,-0.023645533
1653513035.571868658,249.093338013,-751.460449219,-22.318553925,0.392518669,0.919028163,0.028047044,-0.023015033
1653513035.637767792,249.093338013,-751.460449219,-22.318553925,0.392518669,0.919028163,0.028047044,-0.023015033
1653513035.704640865,248.788833618,-751.181396484,-22.375291824,0.392564237,0.919003487,0.028696183,-0.022415917
1653513035.771083355,248.788833618,-751.181396484,-22.375291824,0.392564237,0.919003487,0.028696183,-0.022415917
1653513035.837939978,248.403457642,-750.846313477,-22.447994232,0.393024802,0.918813825,0.028711418,-0.022097742
1653513035.905131102,248.403457642,-750.846313477,-22.447994232,0.393024802,0.918813825,0.028711418,-0.022097742
1653513035.971446753,248.059753418,-750.535400391,-22.520633698,0.392765492,0.918951273,0.028204082,-0.021642698
1653513036.038029909,248.059753418,-750.535400391,-22.520633698,0.392765492,0.918951273,0.028204082,-0.021642698
1653513036.105001926,247.687133789,-750.205627441,-22.598793030,0.392613560,0.919049859,0.027648859,-0.020914948
1653513036.170975685,247.687133789,-750.205627441,-22.598793030,0.392613560,0.919049859,0.027648859,-0.020914948
1653513036.237473249,247.313034058,-749.879394531,-22.668338776,0.392766982,0.919022202,0.026769256,-0.020389618
1653513036.305482388,247.313034058,-749.879394531,-22.668338776,0.392766982,0.919022202,0.026769256,-0.020389618
1653513036.370871782,246.981704712,-749.587463379,-22.733190536,0.392585576,0.919155359,0.025136868,-0.019952346
1653513036.437536955,246.981704712,-749.587463379,-22.733190536,0.392585576,0.919155359,0.025136868,-0.019952346
1653513036.504174471,246.598937988,-749.265808105,-22.805822372,0.391929597,0.919460893,0.024101451,-0.020049069
1653513036.571113110,246.598937988,-749.265808105,-22.805822372,0.391929597,0.919460893,0.024101451,-0.020049069
1653513036.637437582,246.215881348,-748.940063477,-22.874538422,0.392392337,0.919287562,0.022659542,-0.020621110
1653513036.704305649,246.215881348,-748.940063477,-22.874538422,0.392392337,0.919287562,0.022659542,-0.020621110
1653513036.771353960,245.854080200,-748.637145996,-22.936201096,0.392303526,0.919346273,0.021971619,-0.020435905
1653513036.837432623,245.854080200,-748.637145996,-22.936201096,0.392303526,0.919346273,0.021971619,-0.020435905
1653513036.905485153,245.492614746,-748.326232910,-23.001779556,0.392193437,0.919391215,0.021067936,-0.021452088
1653513036.970664501,245.492614746,-748.326232910,-23.001779556,0.392193437,0.919391215,0.021067936,-0.021452088
1653513037.037448645,245.125869751,-748.009399414,-23.068439484,0.392731726,0.919152141,0.020357024,-0.022511847
1653513037.104093552,245.125869751,-748.009399414,-23.068439484,0.392731726,0.919152141,0.020357024,-0.022511847
1653513037.170782804,244.737686157,-747.678588867,-23.129785538,0.393107414,0.918979406,0.020169428,-0.023164907
1653513037.237358809,244.737686157,-747.678588867,-23.129785538,0.393107414,0.918979406,0.020169428,-0.023164907
1653513037.304090738,244.318283081,-747.320739746,-23.196517944,0.393287867,0.918913364,0.019416684,-0.023363696
1653513037.370673418,244.318283081,-747.320739746,-23.196517944,0.393287867,0.918913364,0.019416684,-0.023363696
1653513037.437768936,243.915771484,-746.966552734,-23.260286331,0.394271463,0.918499589,0.018469080,-0.023821035
1653513037.504155636,243.915771484,-746.966552734,-23.260286331,0.394271463,0.918499589,0.018469080,-0.023821035
1653513037.570987701,243.586776733,-746.653381348,-23.311548233,0.394774795,0.918287396,0.017727502,-0.024224518
1653513037.637594461,243.586776733,-746.653381348,-23.311548233,0.394774795,0.918287396,0.017727502,-0.024224518
1653513037.707228661,243.193725586,-746.298400879,-23.372373581,0.395663440,0.917926550,0.016571285,-0.024221269
1653513037.770928860,243.193725586,-746.298400879,-23.372373581,0.395663440,0.917926550,0.016571285,-0.024221269
1653513037.838699102,242.865615845,-745.977294922,-23.417522430,0.396722227,0.917470872,0.015457680,-0.024894914
1653513037.904302835,242.865615845,-745.977294922,-23.417522430,0.396722227,0.917470872,0.015457680,-0.024894914
1653513037.971411943,242.450317383,-745.601562500,-23.474678040,0.397486329,0.917144060,0.014272362,-0.025449516
1653513038.037538767,242.450317383,-745.601562500,-23.474678040,0.397486329,0.917144060,0.014272362,-0.025449516
1653513038.104612589,242.177841187,-745.312194824,-23.514396667,0.398381919,0.916774809,0.013541264,-0.025148017
1653513038.174380779,242.177841187,-745.312194824,-23.514396667,0.398381919,0.916774809,0.013541264,-0.025148017
1653513038.239243984,241.763320923,-744.916870117,-23.573902130,0.399651170,0.916213274,0.013689735,-0.025391482
1653513038.304822922,241.763320923,-744.916870117,-23.573902130,0.399651170,0.916213274,0.013689735,-0.025391482
1653513038.371381044,241.370773315,-744.525085449,-23.627628326,0.400178373,0.916038513,0.013093295,-0.023649741
1653513038.438254833,241.370773315,-744.525085449,-23.627628326,0.400178373,0.916038513,0.013093295,-0.023649741
1653513038.504066706,241.057174683,-744.186767578,-23.665283203,0.400803477,0.915735483,0.015191079,-0.023545094
1653513038.570688009,241.057174683,-744.186767578,-23.665283203,0.400803477,0.915735483,0.015191079,-0.023545094
1653513038.638719797,240.700286865,-743.816772461,-23.709012985,0.401562929,0.915408254,0.017102864,-0.021963259
1653513038.709089994,240.700286865,-743.816772461,-23.709012985,0.401562929,0.915408254,0.017102864,-0.021963259
1653513038.770915031,240.323242188,-743.433532715,-23.746879578,0.401135564,0.915565491,0.019229684,-0.021454182
1653513038.840279102,240.323242188,-743.433532715,-23.746879578,0.401135564,0.915565491,0.019229684,-0.021454182
1653513038.904632330,239.968231201,-743.068847656,-23.779445648,0.401163459,0.915499151,0.021903535,-0.021200342
1653513038.971619606,239.968231201,-743.068847656,-23.779445648,0.401163459,0.915499151,0.021903535,-0.021200342
1653513039.041402340,239.630981445,-742.716674805,-23.808053970,0.400659263,0.915640116,0.024870332,-0.021372080
1653513039.105966091,239.630981445,-742.716674805,-23.808053970,0.400659263,0.915640116,0.024870332,-0.021372080
1653513039.170670271,239.222045898,-742.313049316,-23.839075089,0.400330782,0.915682554,0.027832257,-0.022048647
1653513039.237549543,239.222045898,-742.313049316,-23.839075089,0.400330782,0.915682554,0.027832257,-0.022048647
1653513039.304416418,238.903213501,-741.979187012,-23.861682892,0.400287837,0.915619969,0.029826483,-0.022806736
1653513039.370683193,238.903213501,-741.979187012,-23.861682892,0.400287837,0.915619969,0.029826483,-0.022806736
1653513039.437290430,238.549545288,-741.617431641,-23.887405396,0.400758922,0.915323794,0.031772725,-0.023771457
1653513039.504260540,238.549545288,-741.617431641,-23.887405396,0.400758922,0.915323794,0.031772725,-0.023771457
1653513039.571626663,238.136840820,-741.215637207,-23.924646378,0.401536494,0.914949536,0.032223925,-0.024441229
1653513039.637380600,238.136840820,-741.215637207,-23.924646378,0.401536494,0.914949536,0.032223925,-0.024441229
1653513039.704076767,237.751388550,-740.830566406,-23.965000153,0.401765943,0.914856195,0.031986471,-0.024476230
1653513039.772351980,237.751388550,-740.830566406,-23.965000153,0.401765943,0.914856195,0.031986471,-0.024476230
1653513039.838467121,237.384902954,-740.460754395,-24.000473022,0.402404070,0.914566815,0.031807523,-0.025035130
1653513039.904320240,237.384902954,-740.460754395,-24.000473022,0.402404070,0.914566815,0.031807523,-0.025035130
1653513039.970989227,237.030700684,-740.102111816,-24.037307739,0.403369844,0.914131343,0.032627199,-0.024333714
1653513040.038958788,237.030700684,-740.102111816,-24.037307739,0.403369844,0.914131343,0.032627199,-0.024333714
1653513040.107147217,236.655410767,-739.736999512,-24.080160141,0.404297978,0.913660049,0.034386586,-0.024209145
1653513040.170674801,236.655410767,-739.736999512,-24.080160141,0.404297978,0.913660049,0.034386586,-0.024209145
1653513040.239700794,236.271240234,-739.367980957,-24.126661301,0.405539274,0.913079798,0.035760373,-0.023332406
1653513040.304272890,236.271240234,-739.367980957,-24.126661301,0.405539274,0.913079798,0.035760373,-0.023332406
1653513040.371014118,235.896835327,-739.014221191,-24.177345276,0.406598151,0.912560940,0.037287075,-0.022807263
1653513040.438461065,235.896835327,-739.014221191,-24.177345276,0.406598151,0.912560940,0.037287075,-0.022807263
1653513040.505712986,235.562927246,-738.694519043,-24.224096298,0.407265007,0.912220001,0.038591240,-0.022372905
1653513040.571369171,235.562927246,-738.694519043,-24.224096298,0.407265007,0.912220001,0.038591240,-0.022372905
1653513040.637545109,235.168350220,-738.334289551,-24.273237228,0.408111095,0.911825061,0.039220814,-0.021956716
1653513040.705547571,235.168350220,-738.334289551,-24.273237228,0.408111095,0.911825061,0.039220814,-0.021956716
1653513040.770762444,234.792037964,-737.999206543,-24.314002991,0.408667088,0.911597729,0.038828794,-0.021751177
1653513040.837306738,234.792037964,-737.999206543,-24.314002991,0.408667088,0.911597729,0.038828794,-0.021751177
1653513040.904011726,234.444564819,-737.690002441,-24.353067398,0.408402681,0.911788762,0.037072439,-0.021774666
1653513040.971217155,234.444564819,-737.690002441,-24.353067398,0.408402681,0.911788762,0.037072439,-0.021774666
1653513041.040373564,234.034210205,-737.350219727,-24.400819778,0.408344477,0.911867261,0.035789743,-0.021724088
1653513041.104140282,234.034210205,-737.350219727,-24.400819778,0.408344477,0.911867261,0.035789743,-0.021724088
1653513041.170707703,233.598449707,-737.005371094,-24.452022552,0.408424199,0.911875010,0.033970758,-0.022795100
1653513041.243782759,233.598449707,-737.005371094,-24.452022552,0.408424199,0.911875010,0.033970758,-0.022795100
1653513041.304485083,233.228607178,-736.717895508,-24.500480652,0.407886624,0.912122846,0.032860037,-0.024097148
1653513041.370628834,233.228607178,-736.717895508,-24.500480652,0.407886624,0.912122846,0.032860037,-0.024097148
1653513041.438743114,232.864883423,-736.434509277,-24.551439285,0.407785624,0.912201822,0.031238535,-0.024958149
1653513041.504065037,232.864883423,-736.434509277,-24.551439285,0.407785624,0.912201822,0.031238535,-0.024958149
1653513041.571547031,232.500823975,-736.146667480,-24.598800659,0.407612264,0.912353635,0.028374566,-0.025651382
1653513041.641692877,232.500823975,-736.146667480,-24.598800659,0.407612264,0.912353635,0.028374566,-0.025651382
1653513041.704160929,232.141326904,-735.859741211,-24.653329849,0.406984329,0.912733555,0.025360588,-0.025258970
1653513041.772267342,232.141326904,-735.859741211,-24.653329849,0.406984329,0.912733555,0.025360588,-0.025258970
1653513041.838573694,231.749557495,-735.552856445,-24.714487076,0.406603932,0.912980616,0.022393193,-0.025262782
1653513041.904288292,231.749557495,-735.552856445,-24.714487076,0.406603932,0.912980616,0.022393193,-0.025262782
1653513041.970892668,231.387756348,-735.264221191,-24.769775391,0.406261832,0.913165748,0.019850688,-0.026183510
1653513042.038272619,231.387756348,-735.264221191,-24.769775391,0.406261832,0.913165748,0.019850688,-0.026183510
1653513042.104453802,231.034881592,-734.981384277,-24.824800491,0.405612767,0.913480818,0.017659666,-0.026818438
1653513042.170785904,231.034881592,-734.981384277,-24.824800491,0.405612767,0.913480818,0.017659666,-0.026818438
1653513042.240145206,230.633285522,-734.663146973,-24.882572174,0.405129075,0.913677692,0.017122481,-0.027754499
1653513042.305015802,230.633285522,-734.663146973,-24.882572174,0.405129075,0.913677692,0.017122481,-0.027754499
1653513042.370962620,230.307556152,-734.381286621,-24.933948517,0.404734194,0.913846970,0.017105460,-0.027952757
1653513042.437689781,230.307556152,-734.381286621,-24.933948517,0.404734194,0.913846970,0.017105460,-0.027952757
1653513042.504285812,230.006134033,-734.104248047,-24.986602783,0.404300541,0.914085925,0.016826194,-0.026550027
1653513042.570594311,230.006134033,-734.104248047,-24.986602783,0.404300541,0.914085925,0.016826194,-0.026550027
1653513042.637839794,229.685501099,-733.810241699,-25.045017242,0.403788000,0.914302886,0.018192273,-0.025970532
1653513042.704041004,229.685501099,-733.810241699,-25.045017242,0.403788000,0.914302886,0.018192273,-0.025970532
1653513042.770701170,229.324218750,-733.491088867,-25.107381821,0.403857797,0.914268017,0.020132570,-0.024648778
1653513042.837599754,229.324218750,-733.491088867,-25.107381821,0.403857797,0.914268017,0.020132570,-0.024648778
1653513042.905320406,228.945953369,-733.169006348,-25.169151306,0.403519034,0.914392412,0.022060337,-0.023921618
1653513042.970613956,228.945953369,-733.169006348,-25.169151306,0.403519034,0.914392412,0.022060337,-0.023921618
1653513043.038061142,228.590026855,-732.860656738,-25.228889465,0.403371274,0.914437890,0.022730485,-0.024047790
1653513043.104036093,228.590026855,-732.860656738,-25.228889465,0.403371274,0.914437890,0.022730485,-0.024047790
1653513043.170679092,228.248931885,-732.567138672,-25.282512665,0.403621614,0.914283931,0.022768458,-0.025615081
1653513043.237371922,228.248931885,-732.567138672,-25.282512665,0.403621614,0.914283931,0.022768458,-0.025615081
1653513043.304123402,227.911529541,-732.273559570,-25.332662582,0.403945863,0.914125562,0.022477362,-0.026401132
1653513043.370728731,227.911529541,-732.273559570,-25.332662582,0.403945863,0.914125562,0.022477362,-0.026401132
1653513043.439017773,227.578231812,-731.975463867,-25.381311417,0.405264556,0.913534164,0.021838838,-0.027185913
1653513043.504089594,227.578231812,-731.975463867,-25.381311417,0.405264556,0.913534164,0.021838838,-0.027185913
1653513043.571085930,227.236679077,-731.669006348,-25.428712845,0.405888110,0.913235366,0.022077249,-0.027724443
1653513043.637508869,227.236679077,-731.669006348,-25.428712845,0.405888110,0.913235366,0.022077249,-0.027724443
1653513043.704128742,226.906982422,-731.365783691,-25.471424103,0.406874597,0.912777305,0.022825222,-0.027742276
1653513043.770730257,226.906982422,-731.365783691,-25.471424103,0.406874597,0.912777305,0.022825222,-0.027742276
1653513043.837500572,226.519592285,-731.016113281,-25.524810791,0.408641189,0.911996424,0.022417825,-0.027791830
1653513043.905515432,226.519592285,-731.016113281,-25.524810791,0.408641189,0.911996424,0.022417825,-0.027791830
1653513043.970624685,226.223175049,-730.723999023,-25.560993195,0.410426497,0.911183357,0.022436628,-0.028134150
1653513044.038458586,226.223175049,-730.723999023,-25.560993195,0.410426497,0.911183357,0.022436628,-0.028134150
1653513044.104381084,225.913879395,-730.420837402,-25.597467422,0.412054867,0.910422504,0.022153355,-0.029169358
1653513044.172928810,225.913879395,-730.420837402,-25.597467422,0.412054867,0.910422504,0.022153355,-0.029169358
1653513044.238558054,225.636917114,-730.144165039,-25.626974106,0.413229287,0.909880877,0.022108229,-0.029489106
1653513044.304877758,225.636917114,-730.144165039,-25.626974106,0.413229287,0.909880877,0.022108229,-0.029489106
1653513044.370683908,225.306365967,-729.835327148,-25.658159256,0.413678348,0.909652472,0.021660937,-0.030551158
1653513044.438218117,225.306365967,-729.835327148,-25.658159256,0.413678348,0.909652472,0.021660937,-0.030551158
1653513044.504369497,224.991516113,-729.542480469,-25.683557510,0.413104683,0.909851730,0.022097426,-0.032031517
1653513044.570776224,224.991516113,-729.542480469,-25.683557510,0.413104683,0.909851730,0.022097426,-0.032031517
1653513044.638059139,224.662765503,-729.242553711,-25.714988708,0.412206292,0.910253227,0.022175670,-0.032143679
1653513044.705649137,224.662765503,-729.242553711,-25.714988708,0.412206292,0.910253227,0.022175670,-0.032143679
1653513044.770635843,224.338134766,-728.940979004,-25.748342514,0.411212891,0.910667300,0.023128787,-0.032466181
1653513044.838308334,224.338134766,-728.940979004,-25.748342514,0.411212891,0.910667300,0.023128787,-0.032466181
1653513044.903862000,224.053802490,-728.665771484,-25.776346207,0.410271764,0.911117613,0.023371434,-0.031552017
1653513044.970575809,224.053802490,-728.665771484,-25.776346207,0.410271764,0.911117613,0.023371434,-0.031552017
1653513045.039816618,223.747177124,-728.374328613,-25.807989120,0.409083247,0.911701024,0.022956384,-0.030416422
1653513045.104101419,223.747177124,-728.374328613,-25.807989120,0.409083247,0.911701024,0.022956384,-0.030416422
1653513045.172189474,223.441574097,-728.076477051,-25.835012436,0.408151448,0.912171721,0.021757254,-0.029694760
1653513045.237517595,223.441574097,-728.076477051,-25.835012436,0.408151448,0.912171721,0.021757254,-0.029694760
1653513045.303911448,223.132781982,-727.776916504,-25.858924866,0.407442480,0.912532270,0.021331346,-0.028643610
1653513045.370588064,223.132781982,-727.776916504,-25.858924866,0.407442480,0.912532270,0.021331346,-0.028643610
1653513045.437192202,222.814743042,-727.474914551,-25.875221252,0.406313330,0.913019896,0.021355346,-0.029122656
1653513045.503953695,222.814743042,-727.474914551,-25.875221252,0.406313330,0.913019896,0.021355346,-0.029122656
1653513045.570636272,222.539108276,-727.198730469,-25.879138947,0.405212998,0.913487911,0.021086391,-0.029960118
1653513045.637581348,222.539108276,-727.198730469,-25.879138947,0.405212998,0.913487911,0.021086391,-0.029960118
1653513045.703980923,222.223251343,-726.896240234,-25.880641937,0.403507322,0.914203107,0.020860152,-0.031295601
1653513045.770668983,222.223251343,-726.896240234,-25.880641937,0.403507322,0.914203107,0.020860152,-0.031295601
1653513045.837520123,221.940322876,-726.616210938,-25.876918793,0.401972532,0.914780915,0.020957649,-0.033980615
1653513045.905252934,221.940322876,-726.616210938,-25.876918793,0.401972532,0.914780915,0.020957649,-0.033980615
1653513045.972783566,221.640625000,-726.328552246,-25.882110596,0.399920136,0.915683210,0.020552421,-0.034142777
1653513046.038334846,221.640625000,-726.328552246,-25.882110596,0.399920136,0.915683210,0.020552421,-0.034142777
1653513046.104295969,221.320877075,-726.021911621,-25.896017075,0.396689326,0.917099357,0.019702112,-0.034324411
1653513046.171170473,221.320877075,-726.021911621,-25.896017075,0.396689326,0.917099357,0.019702112,-0.034324411
1653513046.240256071,221.044387817,-725.748291016,-25.918262482,0.393954754,0.918317854,0.019536067,-0.033321153
1653513046.303876162,221.044387817,-725.748291016,-25.918262482,0.393954754,0.918317854,0.019536067,-0.033321153
1653513046.370544672,220.762405396,-725.466796875,-25.947826385,0.390237987,0.919950843,0.019407045,-0.032065284
1653513046.438511372,220.762405396,-725.466796875,-25.947826385,0.390237987,0.919950843,0.019407045,-0.032065284
1653513046.504014492,220.438522339,-725.156616211,-25.976987839,0.386181980,0.921703458,0.019715954,-0.030619385
1653513046.571983576,220.438522339,-725.156616211,-25.976987839,0.386181980,0.921703458,0.019715954,-0.030619385
1653513046.639890432,220.169815063,-724.878112793,-26.003589630,0.382542431,0.923251808,0.020720031,-0.028950062
1653513046.704055071,220.169815063,-724.878112793,-26.003589630,0.382542431,0.923251808,0.020720031,-0.028950062
1653513046.771110535,219.915206909,-724.604858398,-26.027051926,0.379868597,0.924356520,0.022651136,-0.027419290
1653513046.838480949,219.915206909,-724.604858398,-26.027051926,0.379868597,0.924356520,0.022651136,-0.027419290
1653513046.904752016,219.618041992,-724.296569824,-26.051599503,0.377228796,0.925442398,0.024241982,-0.025828188
1653513046.970665455,219.618041992,-724.296569824,-26.051599503,0.377228796,0.925442398,0.024241982,-0.025828188
1653513047.037321091,219.344421387,-724.000244141,-26.070514679,0.375774860,0.926020205,0.026411392,-0.024130549
1653513047.105189323,219.344421387,-724.000244141,-26.070514679,0.375774860,0.926020205,0.026411392,-0.024130549
1653513047.170640230,219.051803589,-723.689636230,-26.089824677,0.374759972,0.926440060,0.027863339,-0.022078643
1653513047.237719297,219.051803589,-723.689636230,-26.089824677,0.374759972,0.926440060,0.027863339,-0.022078643
1653513047.304219246,218.823577881,-723.420227051,-26.106941223,0.373468429,0.926939905,0.029854774,-0.020309854
1653513047.371232748,218.823577881,-723.420227051,-26.106941223,0.373468429,0.926939905,0.029854774,-0.020309854
1653513047.437241793,218.519470215,-723.089050293,-26.124101639,0.373445868,0.926919460,0.031399675,-0.019303355
1653513047.503943682,218.519470215,-723.089050293,-26.124101639,0.373445868,0.926919460,0.031399675,-0.019303355
1653513047.570910692,218.291961670,-722.813049316,-26.132068634,0.374168903,0.926543653,0.034174018,-0.018617082
1653513047.638723373,218.291961670,-722.813049316,-26.132068634,0.374168903,0.926543653,0.034174018,-0.018617082
1653513047.704204559,218.010055542,-722.502319336,-26.143629074,0.374554694,0.926305294,0.036814403,-0.017663218
1653513047.770745516,218.010055542,-722.502319336,-26.143629074,0.374554694,0.926305294,0.036814403,-0.017663218
1653513047.838227272,217.725418091,-722.200805664,-26.157329559,0.374962151,0.926038206,0.039690927,-0.016772009
1653513047.903990269,217.725418091,-722.200805664,-26.157329559,0.374962151,0.926038206,0.039690927,-0.016772009
1653513047.971246719,217.429977417,-721.902832031,-26.171943665,0.374404967,0.926156819,0.042212091,-0.016512748
1653513048.037752628,217.429977417,-721.902832031,-26.171943665,0.374404967,0.926156819,0.042212091,-0.016512748
1653513048.104371071,217.134567261,-721.620056152,-26.186597824,0.373783171,0.926323771,0.043993231,-0.016583305
1653513048.170493603,217.134567261,-721.620056152,-26.186597824,0.373783171,0.926323771,0.043993231,-0.016583305
1653513048.237204790,216.832397461,-721.342407227,-26.203289032,0.374268651,0.926130593,0.043718673,-0.017140450
1653513048.303976297,216.832397461,-721.342407227,-26.203289032,0.374268651,0.926130593,0.043718673,-0.017140450
1653513048.371394634,216.531173706,-721.080749512,-26.221632004,0.373662531,0.926449955,0.041988336,-0.017429341
1653513048.437360525,216.531173706,-721.080749512,-26.221632004,0.373662531,0.926449955,0.041988336,-0.017429341
1653513048.504168034,216.234497070,-720.829162598,-26.241565704,0.373360932,0.926680505,0.039290883,-0.017917793
1653513048.570764542,216.234497070,-720.829162598,-26.241565704,0.373360932,0.926680505,0.039290883,-0.017917793
1653513048.637372732,215.905883789,-720.562133789,-26.264720917,0.372948349,0.926913083,0.037051629,-0.019205987
1653513048.704090357,215.905883789,-720.562133789,-26.264720917,0.372948349,0.926913083,0.037051629,-0.019205987
1653513048.773060799,215.551940918,-720.283630371,-26.287660599,0.371954829,0.927324057,0.035833918,-0.020871293
1653513048.840609312,215.551940918,-720.283630371,-26.287660599,0.371954829,0.927324057,0.035833918,-0.020871293
1653513048.904157400,215.211029053,-720.014709473,-26.302860260,0.370606333,0.927828848,0.035766300,-0.022479104
1653513048.971263647,215.211029053,-720.014709473,-26.302860260,0.370606333,0.927828848,0.035766300,-0.022479104
1653513049.044143677,214.917312622,-719.790283203,-26.319067001,0.368605286,0.928578854,0.036536366,-0.023163933
1653513049.104543924,214.917312622,-719.790283203,-26.319067001,0.368605286,0.928578854,0.036536366,-0.023163933
1653513049.173919439,214.589096069,-719.544799805,-26.334318161,0.366187274,0.929499984,0.036614560,-0.024414349
1653513049.238291502,214.589096069,-719.544799805,-26.334318161,0.366187274,0.929499984,0.036614560,-0.024414349
1653513049.304045677,214.251861572,-719.300476074,-26.353710175,0.363592565,0.930483401,0.036970533,-0.025184248
1653513049.370781660,214.251861572,-719.300476074,-26.353710175,0.363592565,0.930483401,0.036970533,-0.025184248
1653513049.437980175,213.941375732,-719.080627441,-26.375427246,0.360743850,0.931562603,0.037456442,-0.025535338
1653513049.504135609,213.941375732,-719.080627441,-26.375427246,0.360743850,0.931562603,0.037456442,-0.025535338
1653513049.570524693,213.586410522,-718.835876465,-26.401781082,0.358942568,0.932298720,0.035103202,-0.027334172
1653513049.637212992,213.586410522,-718.835876465,-26.401781082,0.358942568,0.932298720,0.035103202,-0.027334172
1653513049.703862906,213.279998779,-718.626159668,-26.429767609,0.356894135,0.933148682,0.032081876,-0.028825052
1653513049.771340609,213.279998779,-718.626159668,-26.429767609,0.356894135,0.933148682,0.032081876,-0.028825052
1653513049.838913202,212.938400269,-718.395385742,-26.456535339,0.356226742,0.933377624,0.029816862,-0.031932421
1653513049.904162169,212.938400269,-718.395385742,-26.456535339,0.356226742,0.933377624,0.029816862,-0.031932421
1653513049.971349001,212.629806519,-718.176086426,-26.478462219,0.354886532,0.933802366,0.029437078,-0.034672555
1653513050.039042473,212.629806519,-718.176086426,-26.478462219,0.354886532,0.933802366,0.029437078,-0.034672555
1653513050.104061604,212.314147949,-717.956848145,-26.503236771,0.353655726,0.934164166,0.030639099,-0.036416177
1653513050.171638489,212.314147949,-717.956848145,-26.503236771,0.353655726,0.934164166,0.030639099,-0.036416177
1653513050.237203121,211.957977295,-717.715454102,-26.527715683,0.351512134,0.934759676,0.034153923,-0.038692348
1653513050.304023504,211.957977295,-717.715454102,-26.527715683,0.351512134,0.934759676,0.034153923,-0.038692348
1653513050.371095419,211.689743042,-717.522827148,-26.548168182,0.350413680,0.935003579,0.035508450,-0.041444920
1653513050.437093973,211.689743042,-717.522827148,-26.548168182,0.350413680,0.935003579,0.035508450,-0.041444920
1653513050.506978989,211.341766357,-717.295288086,-26.571681976,0.349629819,0.935179591,0.034965839,-0.044446561
1653513050.570748568,211.341766357,-717.295288086,-26.571681976,0.349629819,0.935179591,0.034965839,-0.044446561
1653513050.637881517,211.018157959,-717.080566406,-26.593017578,0.349536419,0.935184360,0.032860968,-0.046633285
1653513050.703970432,211.018157959,-717.080566406,-26.593017578,0.349536419,0.935184360,0.032860968,-0.046633285
1653513050.770753860,210.768692017,-716.906005859,-26.612026215,0.348905295,0.935317576,0.030592203,-0.050102081
1653513050.838701725,210.768692017,-716.906005859,-26.612026215,0.348905295,0.935317576,0.030592203,-0.050102081
1653513050.904383421,210.440597534,-716.689270020,-26.642358780,0.348984838,0.935216606,0.029974403,-0.051778469
1653513050.970686674,210.440597534,-716.689270020,-26.642358780,0.348984838,0.935216606,0.029974403,-0.051778469
1653513051.037114143,210.201934814,-716.511169434,-26.669378281,0.348102570,0.935423911,0.032214120,-0.052621230
1653513051.105987072,210.201934814,-716.511169434,-26.669378281,0.348102570,0.935423911,0.032214120,-0.052621230
1653513051.171524048,209.924758911,-716.320129395,-26.703989029,0.347166121,0.935777366,0.031707473,-0.052829925
1653513051.237331867,209.924758911,-716.320129395,-26.703989029,0.347166121,0.935777366,0.031707473,-0.052829925
1653513051.304032803,209.619705200,-716.119567871,-26.743648529,0.346741587,0.935964525,0.029456487,-0.053600192
1653513051.372022390,209.619705200,-716.119567871,-26.743648529,0.346741587,0.935964525,0.029456487,-0.053600192
1653513051.437183380,209.400695801,-715.964294434,-26.777257919,0.346420616,0.936150074,0.026636068,-0.053910397
1653513051.503874063,209.400695801,-715.964294434,-26.777257919,0.346420616,0.936150074,0.026636068,-0.053910397
1653513051.571350336,209.117294312,-715.779541016,-26.812328339,0.345412791,0.936572373,0.025724756,-0.053483464
1653513051.637122154,209.117294312,-715.779541016,-26.812328339,0.345412791,0.936572373,0.025724756,-0.053483464
1653513051.703862429,208.858108521,-715.601074219,-26.835954666,0.343710512,0.937146485,0.026630510,-0.053947374
1653513051.770485878,208.858108521,-715.601074219,-26.835954666,0.343710512,0.937146485,0.026630510,-0.053947374
1653513051.840168476,208.639801025,-715.438842773,-26.850137711,0.342771441,0.937440872,0.028237926,-0.053990275
1653513051.904314041,208.639801025,-715.438842773,-26.850137711,0.342771441,0.937440872,0.028237926,-0.053990275
1653513051.970630646,208.397308350,-715.266784668,-26.854858398,0.341618657,0.937739611,0.029837739,-0.055234689
1653513052.037327051,208.397308350,-715.266784668,-26.854858398,0.341618657,0.937739611,0.029837739,-0.055234689
1653513052.104137421,208.178237915,-715.108581543,-26.853534698,0.341023833,0.937788725,0.030234857,-0.057800863
1653513052.173723221,208.178237915,-715.108581543,-26.853534698,0.341023833,0.937788725,0.030234857,-0.057800863
1653513052.240038872,207.965286255,-714.955871582,-26.845561981,0.340497583,0.937850893,0.029992551,-0.059979480
1653513052.305049419,207.965286255,-714.955871582,-26.845561981,0.340497583,0.937850893,0.029992551,-0.059979480
1653513052.370600939,207.767166138,-714.808105469,-26.836706161,0.339927197,0.937982023,0.029533364,-0.061376475
1653513052.437801361,207.767166138,-714.808105469,-26.836706161,0.339927197,0.937982023,0.029533364,-0.061376475
1653513052.504132271,207.566650391,-714.663208008,-26.833608627,0.338766217,0.938432574,0.028915146,-0.061201684
1653513052.571412802,207.566650391,-714.663208008,-26.833608627,0.338766217,0.938432574,0.028915146,-0.061201684
1653513052.637410164,207.385696411,-714.528381348,-26.830415726,0.336674601,0.939262331,0.027515851,-0.060657643
1653513052.705277681,207.385696411,-714.528381348,-26.830415726,0.336674601,0.939262331,0.027515851,-0.060657643
1653513052.770936728,207.209350586,-714.400329590,-26.823696136,0.334277749,0.940189838,0.025595836,-0.060384721
1653513052.840544462,207.209350586,-714.400329590,-26.823696136,0.334277749,0.940189838,0.025595836,-0.060384721
1653513052.905113459,207.035644531,-714.282165527,-26.808458328,0.330564469,0.941449285,0.024870526,-0.061496828
1653513052.970549583,207.035644531,-714.282165527,-26.808458328,0.330564469,0.941449285,0.024870526,-0.061496828
1653513053.037226439,206.853332520,-714.167602539,-26.792028427,0.325728863,0.943093836,0.024258276,-0.062339924
1653513053.103840590,206.853332520,-714.167602539,-26.792028427,0.325728863,0.943093836,0.024258276,-0.062339924
1653513053.170473814,206.687850952,-714.064941406,-26.780204773,0.319626838,0.945105314,0.023504747,-0.063734971
1653513053.237140656,206.687850952,-714.064941406,-26.780204773,0.319626838,0.945105314,0.023504747,-0.063734971
1653513053.304030657,206.562728882,-713.977539062,-26.769136429,0.314255655,0.946840405,0.022883212,-0.064907357
1653513053.371036291,206.562728882,-713.977539062,-26.769136429,0.314255655,0.946840405,0.022883212,-0.064907357
1653513053.439897537,206.436019897,-713.876770020,-26.759323120,0.309971839,0.948204458,0.023234716,-0.065466993
1653513053.504340649,206.436019897,-713.876770020,-26.759323120,0.309971839,0.948204458,0.023234716,-0.065466993
1653513053.571727991,206.335845947,-713.781860352,-26.751945496,0.305438101,0.949654877,0.023522289,-0.065649375
1653513053.637306213,206.335845947,-713.781860352,-26.751945496,0.305438101,0.949654877,0.023522289,-0.065649375
1653513053.709151268,206.213119507,-713.671386719,-26.746000290,0.301065743,0.951032877,0.023981737,-0.065732144
1653513053.770545244,206.213119507,-713.671386719,-26.746000290,0.301065743,0.951032877,0.023981737,-0.065732144
1653513053.840268373,206.136672974,-713.573791504,-26.746152878,0.296920121,0.952341914,0.025446283,-0.065083005
1653513053.904350996,206.136672974,-713.573791504,-26.746152878,0.296920121,0.952341914,0.025446283,-0.065083005
1653513053.970661402,206.062957764,-713.475463867,-26.754529953,0.292665035,0.953737676,0.027083397,-0.063230872
1653513054.039736032,206.062957764,-713.475463867,-26.754529953,0.292665035,0.953737676,0.027083397,-0.063230872
1653513054.104023695,206.009353638,-713.383056641,-26.765247345,0.288323432,0.955161870,0.028320547,-0.061100848
1653513054.172071934,206.009353638,-713.383056641,-26.765247345,0.288323432,0.955161870,0.028320547,-0.061100848
1653513054.237377405,205.946884155,-713.283752441,-26.774324417,0.284088850,0.956472576,0.030059690,-0.059583347
1653513054.304047346,205.946884155,-713.283752441,-26.774324417,0.284088850,0.956472576,0.030059690,-0.059583347
1653513054.371576309,205.909255981,-713.210449219,-26.781076431,0.280301154,0.957696021,0.029120307,-0.058322884
1653513054.437215090,205.909255981,-713.210449219,-26.781076431,0.280301154,0.957696021,0.029120307,-0.058322884
1653513054.504281044,205.885299683,-713.144531250,-26.786930084,0.275965631,0.959086895,0.026001109,-0.057612743
1653513054.571475983,205.885299683,-713.144531250,-26.786930084,0.275965631,0.959086895,0.026001109,-0.057612743
1653513054.637192011,205.853576660,-713.087585449,-26.792634964,0.271671414,0.960454106,0.023277551,-0.056397434
1653513054.704050064,205.853576660,-713.087585449,-26.792634964,0.271671414,0.960454106,0.023277551,-0.056397434
1653513054.775164366,205.826492310,-713.038452148,-26.799993515,0.265754908,0.962236285,0.022335075,-0.054560006
1653513054.837128878,205.826492310,-713.038452148,-26.799993515,0.265754908,0.962236285,0.022335075,-0.054560006
1653513054.903963089,205.817611694,-713.003356934,-26.814342499,0.256666809,0.964794219,0.022638716,-0.052741870
1653513054.970471621,205.817611694,-713.003356934,-26.814342499,0.256666809,0.964794219,0.022638716,-0.052741870
1653513055.037120581,205.802062988,-712.981994629,-26.827680588,0.247198880,0.967434764,0.022071607,-0.049754452
1653513055.104435682,205.802062988,-712.981994629,-26.827680588,0.247198880,0.967434764,0.022071607,-0.049754452
1653513055.171173096,205.787811279,-712.981384277,-26.841957092,0.236635238,0.970194578,0.021336677,-0.047654450
1653513055.237441778,205.787811279,-712.981384277,-26.841957092,0.236635238,0.970194578,0.021336677,-0.047654450
1653513055.304168940,205.780822754,-712.973327637,-26.859283447,0.225853935,0.972931087,0.018283863,-0.045395531
1653513055.373052359,205.780822754,-712.973327637,-26.859283447,0.225853935,0.972931087,0.018283863,-0.045395531
1653513055.437292576,205.784347534,-712.965026855,-26.878105164,0.215482816,0.975345254,0.015406603,-0.045071073
1653513055.503997326,205.784347534,-712.965026855,-26.878105164,0.215482816,0.975345254,0.015406603,-0.045071073
1653513055.571659327,205.807968140,-712.952697754,-26.895374298,0.205969766,0.977469742,0.013441007,-0.044143848
1653513055.637089968,205.807968140,-712.952697754,-26.895374298,0.205969766,0.977469742,0.013441007,-0.044143848
1653513055.704141855,205.824844360,-712.938903809,-26.905927658,0.195954874,0.979666829,0.013008071,-0.041052859
1653513055.770490170,205.824844360,-712.938903809,-26.905927658,0.195954874,0.979666829,0.013008071,-0.041052859
1653513055.837164164,205.845901489,-712.921264648,-26.920471191,0.185343906,0.981854141,0.012879801,-0.038002606
1653513055.903871059,205.845901489,-712.921264648,-26.920471191,0.185343906,0.981854141,0.012879801,-0.038002606
1653513055.971141815,205.881912231,-712.895080566,-26.933027267,0.175645798,0.983746648,0.012463383,-0.035152450
1653513056.037690401,205.881912231,-712.895080566,-26.933027267,0.175645798,0.983746648,0.012463383,-0.035152450
1653513056.103956699,205.908386230,-712.872863770,-26.939645767,0.164189950,0.985830545,0.013369483,-0.031640209
1653513056.170480490,205.908386230,-712.872863770,-26.939645767,0.164189950,0.985830545,0.013369483,-0.031640209
1653513056.237492800,205.949005127,-712.858154297,-26.940544128,0.153853267,0.987526298,0.014716123,-0.030073937
1653513056.304970503,205.949005127,-712.858154297,-26.940544128,0.153853267,0.987526298,0.014716123,-0.030073937
1653513056.372349024,205.990921021,-712.842041016,-26.931737900,0.142884940,0.989215434,0.015069210,-0.028453415
1653513056.438117027,205.990921021,-712.842041016,-26.931737900,0.142884940,0.989215434,0.015069210,-0.028453415
1653513056.504168034,206.037628174,-712.820190430,-26.925254822,0.132691711,0.990667522,0.014941143,-0.027341802
1653513056.570669651,206.037628174,-712.820190430,-26.925254822,0.132691711,0.990667522,0.014941143,-0.027341802
1653513056.637346745,206.090194702,-712.804809570,-26.909511566,0.121439479,0.992151022,0.015561180,-0.025429087
1653513056.703909874,206.090194702,-712.804809570,-26.909511566,0.121439479,0.992151022,0.015561180,-0.025429087
1653513056.770412207,206.139663696,-712.788391113,-26.895786285,0.110068515,0.993526638,0.015115283,-0.023692181
1653513056.837861061,206.139663696,-712.788391113,-26.895786285,0.110068515,0.993526638,0.015115283,-0.023692181
1653513056.903990269,206.190612793,-712.768981934,-26.875587463,0.098012798,0.994875550,0.013451903,-0.020861009
1653513056.981634855,206.190612793,-712.768981934,-26.875587463,0.098012798,0.994875550,0.013451903,-0.020861009
1653513057.038082361,206.249389648,-712.746887207,-26.863019943,0.086874157,0.995942354,0.011856189,-0.020275662
1653513057.104161263,206.249389648,-712.746887207,-26.863019943,0.086874157,0.995942354,0.011856189,-0.020275662
1653513057.171107531,206.310394287,-712.724426270,-26.837373734,0.073316142,0.997061074,0.010931074,-0.019351054
1653513057.237058640,206.310394287,-712.724426270,-26.837373734,0.073316142,0.997061074,0.010931074,-0.019351054
1653513057.304006577,206.363800049,-712.712158203,-26.821643829,0.059953298,0.997988105,0.009895533,-0.018094221
1653513057.371752977,206.363800049,-712.712158203,-26.821643829,0.059953298,0.997988105,0.009895533,-0.018094221
1653513057.437510014,206.422470093,-712.703369141,-26.800437927,0.045738962,0.998742402,0.009851984,-0.018013498
1653513057.504120827,206.422470093,-712.703369141,-26.800437927,0.045738962,0.998742402,0.009851984,-0.018013498
1653513057.573141098,206.477508545,-712.687988281,-26.784597397,0.031789806,0.999309659,0.009140705,-0.016914394
1653513057.637654066,206.477508545,-712.687988281,-26.784597397,0.031789806,0.999309659,0.009140705,-0.016914394
1653513057.703752279,206.553741455,-712.644714355,-26.768638611,0.017275844,0.999681413,0.009826127,-0.015559076
1653513057.770480156,206.553741455,-712.644714355,-26.768638611,0.017275844,0.999681413,0.009826127,-0.015559076
1653513057.838109970,206.596191406,-712.616333008,-26.755468369,0.004507986,0.999819040,0.012275354,-0.013814325
1653513057.903745174,206.596191406,-712.616333008,-26.755468369,0.004507986,0.999819040,0.012275354,-0.013814325
1653513057.970608473,206.653579712,-712.579223633,-26.750391006,-0.009498009,0.999782622,0.014238250,-0.011905706
1653513058.040332317,206.653579712,-712.579223633,-26.750391006,-0.009498009,0.999782622,0.014238250,-0.011905706
1653513058.103805065,206.701904297,-712.527404785,-26.744165421,-0.022472341,0.999588549,0.015412392,-0.008951697
1653513058.171973944,206.701904297,-712.527404785,-26.744165421,-0.022472341,0.999588549,0.015412392,-0.008951697
1653513058.237018347,206.735321045,-712.493347168,-26.743482590,-0.035263587,0.999190032,0.018018160,-0.007145409
1653513058.303915501,206.735321045,-712.493347168,-26.743482590,-0.035263587,0.999190032,0.018018160,-0.007145409
1653513058.370638847,206.780975342,-712.453063965,-26.739210129,-0.047585439,0.998640001,0.020000070,-0.007330280
1653513058.437220097,206.780975342,-712.453063965,-26.739210129,-0.047585439,0.998640001,0.020000070,-0.007330280
1653513058.503915071,206.816787720,-712.418945312,-26.726861954,-0.060053721,0.997954607,0.020682041,-0.007235102
1653513058.570957661,206.816787720,-712.418945312,-26.726861954,-0.060053721,0.997954607,0.020682041,-0.007235102
1653513058.637549639,206.840560913,-712.397949219,-26.720317841,-0.072201997,0.997127891,0.021499611,-0.007785613
1653513058.703972578,206.840560913,-712.397949219,-26.720317841,-0.072201997,0.997127891,0.021499611,-0.007785613
1653513058.770461082,206.861602783,-712.363159180,-26.697698593,-0.082979135,0.996275604,0.021860154,-0.008457256
1653513058.837700844,206.861602783,-712.363159180,-26.697698593,-0.082979135,0.996275604,0.021860154,-0.008457256
1653513058.904098034,206.883789062,-712.336608887,-26.681486130,-0.095599346,0.995115399,0.022843203,-0.009181376
1653513058.971178770,206.883789062,-712.336608887,-26.681486130,-0.095599346,0.995115399,0.022843203,-0.009181376
1653513059.037055016,206.887176514,-712.332397461,-26.668886185,-0.107792437,0.993864417,0.023042774,-0.009128949
1653513059.103746653,206.887176514,-712.332397461,-26.668886185,-0.107792437,0.993864417,0.023042774,-0.009128949
1653513059.170481443,206.907440186,-712.316589355,-26.664459229,-0.120552473,0.992431581,0.021321546,-0.009593733
1653513059.237400293,206.907440186,-712.316589355,-26.664459229,-0.120552473,0.992431581,0.021321546,-0.009593733
1653513059.303928375,206.916259766,-712.327148438,-26.660722733,-0.134950876,0.990600765,0.019471131,-0.010921708
1653513059.370407820,206.916259766,-712.327148438,-26.660722733,-0.134950876,0.990600765,0.019471131,-0.010921708
1653513059.437640190,206.926803589,-712.337097168,-26.650671005,-0.148982316,0.988606751,0.017765040,-0.012055114
1653513059.503801107,206.926803589,-712.337097168,-26.650671005,-0.148982316,0.988606751,0.017765040,-0.012055114
1653513059.570507050,206.946426392,-712.333923340,-26.638067245,-0.163346216,0.986360431,0.015016952,-0.013622280
1653513059.637075663,206.946426392,-712.333923340,-26.638067245,-0.163346216,0.986360431,0.015016952,-0.013622280
1653513059.704829931,206.955505371,-712.347717285,-26.627021790,-0.177719966,0.983879387,0.012009616,-0.015897965
1653513059.770479679,206.955505371,-712.347717285,-26.627021790,-0.177719966,0.983879387,0.012009616,-0.015897965
1653513059.838282824,206.968429565,-712.355773926,-26.618457794,-0.193129927,0.980978489,0.008637636,-0.017533811
1653513059.904026985,206.968429565,-712.355773926,-26.618457794,-0.193129927,0.980978489,0.008637636,-0.017533811
1653513059.970517874,206.970947266,-712.371154785,-26.610984802,-0.208335191,0.977866948,0.005466688,-0.018514737
1653513060.038858891,206.970947266,-712.371154785,-26.610984802,-0.208335191,0.977866948,0.005466688,-0.018514737
1653513060.104107141,206.970687866,-712.387512207,-26.612344742,-0.224011287,0.974398077,0.002115610,-0.019050101
1653513060.170562029,206.970687866,-712.387512207,-26.612344742,-0.224011287,0.974398077,0.002115610,-0.019050101
1653513060.237381220,206.974838257,-712.382629395,-26.612918854,-0.239389479,0.970716417,0.000168180,-0.020057341
1653513060.304865599,206.974838257,-712.382629395,-26.612918854,-0.239389479,0.970716417,0.000168180,-0.020057341
1653513060.370580196,206.975128174,-712.374328613,-26.615869522,-0.255233049,0.966636658,0.001458010,-0.021622224
1653513060.437516928,206.975128174,-712.374328613,-26.615869522,-0.255233049,0.966636658,0.001458010,-0.021622224
1653513060.504511118,206.970855713,-712.372741699,-26.613178253,-0.270165563,0.962543845,0.004514706,-0.022349913
1653513060.570632935,206.970855713,-712.372741699,-26.613178253,-0.270165563,0.962543845,0.004514706,-0.022349913
1653513060.637060881,206.960357666,-712.366516113,-26.612237930,-0.284328938,0.958406150,0.006746341,-0.023857767
1653513060.704096794,206.960357666,-712.366516113,-26.612237930,-0.284328938,0.958406150,0.006746341,-0.023857767
1653513060.770627499,206.947845459,-712.352600098,-26.600557327,-0.296868414,0.954537570,0.008064128,-0.025732020
1653513060.837125301,206.947845459,-712.352600098,-26.600557327,-0.296868414,0.954537570,0.008064128,-0.025732020
1653513060.903907299,206.936782837,-712.317260742,-26.581819534,-0.308766633,0.950705767,0.008734703,-0.027302401
1653513060.971127033,206.936782837,-712.317260742,-26.581819534,-0.308766633,0.950705767,0.008734703,-0.027302401
1653513061.038687468,206.922119141,-712.289489746,-26.573629379,-0.319658995,0.947066963,0.007862140,-0.028643720
1653513061.103936434,206.922119141,-712.289489746,-26.573629379,-0.319658995,0.947066963,0.007862140,-0.028643720
1653513061.170459986,206.917922974,-712.269042969,-26.564998627,-0.330559850,0.943330467,0.006015250,-0.028665207
1653513061.237345219,206.917922974,-712.269042969,-26.564998627,-0.330559850,0.943330467,0.006015250,-0.028665207
1653513061.305581808,206.918136597,-712.262145996,-26.566158295,-0.340937018,0.939666629,0.003047431,-0.027916640
1653513061.372043610,206.918136597,-712.262145996,-26.566158295,-0.340937018,0.939666629,0.003047431,-0.027916640
1653513061.437606573,206.914184570,-712.240356445,-26.562507629,-0.351187140,0.935892999,0.000602571,-0.027776930
1653513061.504399776,206.914184570,-712.240356445,-26.562507629,-0.351187140,0.935892999,0.000602571,-0.027776930
1653513061.570555687,206.915374756,-712.221069336,-26.550569534,-0.361389071,0.931956708,-0.001127351,-0.029213209
1653513061.637014627,206.915374756,-712.221069336,-26.550569534,-0.361389071,0.931956708,-0.001127351,-0.029213209
1653513061.703682423,206.910217285,-712.191955566,-26.536830902,-0.371726692,0.927772820,-0.000776444,-0.032499645
1653513061.770466328,206.910217285,-712.191955566,-26.536830902,-0.371726692,0.927772820,-0.000776444,-0.032499645
1653513061.837090015,206.892837524,-712.167114258,-26.518329620,-0.382930338,0.923162520,0.000327394,-0.033692449
1653513061.903915405,206.892837524,-712.167114258,-26.518329620,-0.382930338,0.923162520,0.000327394,-0.033692449
1653513061.970952272,206.882431030,-712.153686523,-26.493629456,-0.392103165,0.919282854,-0.000922859,-0.034252834
1653513062.037853479,206.882431030,-712.153686523,-26.493629456,-0.392103165,0.919282854,-0.000922859,-0.034252834
1653513062.103781462,206.864898682,-712.120666504,-26.462282181,-0.402018577,0.914967954,-0.003477174,-0.034679078
1653513062.172728539,206.864898682,-712.120666504,-26.462282181,-0.402018577,0.914967954,-0.003477174,-0.034679078
1653513062.237412214,206.851074219,-712.084411621,-26.450588226,-0.411242485,0.910810113,-0.005900993,-0.035633337
1653513062.303777933,206.851074219,-712.084411621,-26.450588226,-0.411242485,0.910810113,-0.005900993,-0.035633337
1653513062.370345592,206.846618652,-712.057128906,-26.437309265,-0.421407044,0.906091630,-0.005406537,-0.037213810
1653513062.436992168,206.846618652,-712.057128906,-26.437309265,-0.421407044,0.906091630,-0.005406537,-0.037213810
1653513062.504090071,206.851593018,-712.034240723,-26.428327560,-0.430992126,0.901532412,-0.004360351,-0.038289931
1653513062.580715895,206.851593018,-712.034240723,-26.428327560,-0.430992126,0.901532412,-0.004360351,-0.038289931
1653513062.637889624,206.839370728,-711.996643066,-26.438240051,-0.442495435,0.895931184,-0.000669162,-0.038790282
1653513062.703702450,206.839370728,-711.996643066,-26.438240051,-0.442495435,0.895931184,-0.000669162,-0.038790282
1653513062.770483494,206.834136963,-711.966369629,-26.449142456,-0.452598274,0.890983403,-0.000137204,-0.036101606
1653513062.838096380,206.834136963,-711.966369629,-26.449142456,-0.452598274,0.890983403,-0.000137204,-0.036101606
1653513062.903854370,206.834533691,-711.930114746,-26.448556900,-0.462765843,0.885882556,-0.002272681,-0.032476217
1653513062.970607996,206.834533691,-711.930114746,-26.448556900,-0.462765843,0.885882556,-0.002272681,-0.032476217
1653513063.038682222,206.837219238,-711.911804199,-26.457878113,-0.473040938,0.880514145,-0.002508318,-0.030344700
1653513063.104022980,206.837219238,-711.911804199,-26.457878113,-0.473040938,0.880514145,-0.002508318,-0.030344700
1653513063.170622587,206.851531982,-711.897827148,-26.460065842,-0.484055638,0.874510825,-0.001554165,-0.030306850
1653513063.239598036,206.851531982,-711.897827148,-26.460065842,-0.484055638,0.874510825,-0.001554165,-0.030306850
1653513063.303863287,206.852416992,-711.869750977,-26.465599060,-0.494273722,0.868740499,-0.000482464,-0.031356163
1653513063.371012926,206.852416992,-711.869750977,-26.465599060,-0.494273722,0.868740499,-0.000482464,-0.031356163
1653513063.437824488,206.852828979,-711.841003418,-26.464242935,-0.504238129,0.862921000,-0.000182046,-0.033335134
1653513063.503637791,206.852828979,-711.841003418,-26.464242935,-0.504238129,0.862921000,-0.000182046,-0.033335134
1653513063.573772430,206.839660645,-711.787231445,-26.454540253,-0.515049160,0.856483579,0.000278075,-0.034061588
1653513063.637053013,206.839660645,-711.787231445,-26.454540253,-0.515049160,0.856483579,0.000278075,-0.034061588
1653513063.703902483,206.842773438,-711.768066406,-26.472524643,-0.525344789,0.850237429,0.000359960,-0.033302307
1653513063.770962954,206.842773438,-711.768066406,-26.472524643,-0.525344789,0.850237429,0.000359960,-0.033302307
1653513063.837186813,206.839355469,-711.755432129,-26.496047974,-0.534716249,0.844531834,-0.000258742,-0.029060457
1653513063.903729916,206.839355469,-711.755432129,-26.496047974,-0.534716249,0.844531834,-0.000258742,-0.029060457
1653513063.970443010,206.849884033,-711.753784180,-26.524135590,-0.544539034,0.838366926,-0.002671815,-0.024718603
1653513064.037104130,206.849884033,-711.753784180,-26.524135590,-0.544539034,0.838366926,-0.002671815,-0.024718603
1653513064.103980541,206.856353760,-711.728576660,-26.549448013,-0.553707004,0.832419991,-0.004248207,-0.021621279
1653513064.171525002,206.856353760,-711.728576660,-26.549448013,-0.553707004,0.832419991,-0.004248207,-0.021621279
1653513064.236967802,206.855712891,-711.706359863,-26.563291550,-0.563380420,0.825937629,-0.005864055,-0.019877095
1653513064.304025173,206.855712891,-711.706359863,-26.563291550,-0.563380420,0.825937629,-0.005864055,-0.019877095
1653513064.370438576,206.854339600,-711.684326172,-26.566268921,-0.573040247,0.819270968,-0.006832100,-0.019320492
1653513064.437026739,206.854339600,-711.684326172,-26.566268921,-0.573040247,0.819270968,-0.006832100,-0.019320492
1653513064.503674030,206.845382690,-711.652282715,-26.564682007,-0.583591700,0.811780810,-0.007401270,-0.019438751
1653513064.570501328,206.845382690,-711.652282715,-26.564682007,-0.583591700,0.811780810,-0.007401270,-0.019438751
1653513064.636975050,206.836242676,-711.626403809,-26.558460236,-0.592988610,0.804905534,-0.007771165,-0.020765070
1653513064.703850031,206.836242676,-711.626403809,-26.558460236,-0.592988610,0.804905534,-0.007771165,-0.020765070
1653513064.771680117,206.830780029,-711.609741211,-26.547115326,-0.603064477,0.797380865,-0.006598765,-0.021294491
1653513064.837084532,206.830780029,-711.609741211,-26.547115326,-0.603064477,0.797380865,-0.006598765,-0.021294491
1653513064.904110432,206.823684692,-711.589721680,-26.533294678,-0.613346815,0.789453328,-0.006889950,-0.022838645
1653513064.971592426,206.823684692,-711.589721680,-26.533294678,-0.613346815,0.789453328,-0.006889950,-0.022838645
1653513065.039618492,206.812423706,-711.571472168,-26.509487152,-0.623064280,0.781732082,-0.006865260,-0.025273692
1653513065.103611708,206.812423706,-711.571472168,-26.509487152,-0.623064280,0.781732082,-0.006865260,-0.025273692
1653513065.170550823,206.803436279,-711.558837891,-26.480922699,-0.632950366,0.773658633,-0.006126950,-0.028082421
1653513065.236901045,206.803436279,-711.558837891,-26.480922699,-0.632950366,0.773658633,-0.006126950,-0.028082421
1653513065.303615093,206.796081543,-711.539855957,-26.458250046,-0.641752839,0.766264558,-0.006794796,-0.030754004
1653513065.371252060,206.796081543,-711.539855957,-26.458250046,-0.641752839,0.766264558,-0.006794796,-0.030754004
1653513065.442574024,206.798446655,-711.531372070,-26.433975220,-0.650586903,0.758738637,-0.007232680,-0.031622957
1653513065.504514217,206.798446655,-711.531372070,-26.433975220,-0.650586903,0.758738637,-0.007232680,-0.031622957
1653513065.570194483,206.805587769,-711.530456543,-26.413805008,-0.659507632,0.751046538,-0.009678382,-0.029750502
1653513065.637134075,206.805587769,-711.530456543,-26.413805008,-0.659507632,0.751046538,-0.009678382,-0.029750502
1653513065.703641176,206.814804077,-711.529052734,-26.405527115,-0.667979419,0.743618488,-0.011113213,-0.026675239
1653513065.770588398,206.814804077,-711.529052734,-26.405527115,-0.667979419,0.743618488,-0.011113213,-0.026675239
1653513065.837115049,206.832901001,-711.550231934,-26.386997223,-0.676637828,0.735751867,-0.014123900,-0.025118683
1653513065.904701233,206.832901001,-711.550231934,-26.386997223,-0.676637828,0.735751867,-0.014123900,-0.025118683
1653513065.970452785,206.847869873,-711.556457520,-26.382291794,-0.685561001,0.727369666,-0.015675243,-0.026339369
1653513066.037112713,206.847869873,-711.556457520,-26.382291794,-0.685561001,0.727369666,-0.015675243,-0.026339369
1653513066.103683710,206.854217529,-711.552490234,-26.378463745,-0.694383860,0.718928039,-0.014317062,-0.027722863
1653513066.171293259,206.854217529,-711.552490234,-26.378463745,-0.694383860,0.718928039,-0.014317062,-0.027722863
1653513066.236946821,206.849472046,-711.539550781,-26.379743576,-0.703469157,0.709986210,-0.014154103,-0.029161826
1653513066.304207563,206.849472046,-711.539550781,-26.379743576,-0.703469157,0.709986210,-0.014154103,-0.029161826
1653513066.370385885,206.846847534,-711.534179688,-26.384801865,0.712104499,-0.701340735,0.014867534,0.028412236
1653513066.437022686,206.846847534,-711.534179688,-26.384801865,0.712104499,-0.701340735,0.014867534,0.028412236
1653513066.504245996,206.848968506,-711.526489258,-26.393480301,0.721006691,-0.692226708,0.015716584,0.026916821
1653513066.570579767,206.848968506,-711.526489258,-26.393480301,0.721006691,-0.692226708,0.015716584,0.026916821
1653513066.637669086,206.846267700,-711.511169434,-26.401941299,0.729275703,-0.683532715,0.017114436,0.025438908
1653513066.704221010,206.846267700,-711.511169434,-26.401941299,0.729275703,-0.683532715,0.017114436,0.025438908
1653513066.772044420,206.837829590,-711.500915527,-26.413106918,0.737442851,-0.674752235,0.017789518,0.023896877
1653513066.844876766,206.837829590,-711.500915527,-26.413106918,0.737442851,-0.674752235,0.017789518,0.023896877
1653513066.904128075,206.843750000,-711.495361328,-26.424919128,0.745940328,-0.665380538,0.017530588,0.023118235
1653513066.971026897,206.843750000,-711.495361328,-26.424919128,0.745940328,-0.665380538,0.017530588,0.023118235
1653513067.039118528,206.842117310,-711.488037109,-26.437295914,0.753279626,-0.657042325,0.017292475,0.023794129
1653513067.103590488,206.842117310,-711.488037109,-26.437295914,0.753279626,-0.657042325,0.017292475,0.023794129
1653513067.170420170,206.832183838,-711.478088379,-26.442573547,0.760520816,-0.648623645,0.016913692,0.024685655
1653513067.236849308,206.832183838,-711.478088379,-26.442573547,0.760520816,-0.648623645,0.016913692,0.024685655
1653513067.303739309,206.808746338,-711.459106445,-26.434755325,0.767642260,-0.640121758,0.016740730,0.026252804
1653513067.370452881,206.808746338,-711.459106445,-26.434755325,0.767642260,-0.640121758,0.016740730,0.026252804
1653513067.437184572,206.782745361,-711.458251953,-26.439292908,0.774150252,-0.632177711,0.016482640,0.027767651
1653513067.503980637,206.782745361,-711.458251953,-26.439292908,0.774150252,-0.632177711,0.016482640,0.027767651
1653513067.570504904,206.760620117,-711.458923340,-26.441082001,0.780358851,-0.624461532,0.015066735,0.029340556
1653513067.637457132,206.760620117,-711.458923340,-26.441082001,0.780358851,-0.624461532,0.015066735,0.029340556
1653513067.704519510,206.729019165,-711.454223633,-26.434638977,0.785946667,-0.617325008,0.014935450,0.031218169
1653513067.775576591,206.729019165,-711.454223633,-26.434638977,0.785946667,-0.617325008,0.014935450,0.031218169
1653513067.837159157,206.699508667,-711.456909180,-26.442920685,0.790851116,-0.610974729,0.014535491,0.032451369
1653513067.903640032,206.699508667,-711.456909180,-26.442920685,0.790851116,-0.610974729,0.014535491,0.032451369
1653513067.971402407,206.679336548,-711.457092285,-26.448925018,0.795363426,-0.605034292,0.014930227,0.033280004
1653513068.036906958,206.679336548,-711.457092285,-26.448925018,0.795363426,-0.605034292,0.014930227,0.033280004
1653513068.103681326,206.661178589,-711.453735352,-26.458108902,0.800189972,-0.598605692,0.015417734,0.033608943
1653513068.170596123,206.661178589,-711.453735352,-26.458108902,0.800189972,-0.598605692,0.015417734,0.033608943
1653513068.237460375,206.653808594,-711.446228027,-26.460939407,0.804631948,-0.592576921,0.015220518,0.034472045
1653513068.303695917,206.653808594,-711.446228027,-26.460939407,0.804631948,-0.592576921,0.015220518,0.034472045
1653513068.370762587,206.650695801,-711.436340332,-26.480207443,0.809697151,-0.585713625,0.015721349,0.032907303
1653513068.437341690,206.650695801,-711.436340332,-26.480207443,0.809697151,-0.585713625,0.015721349,0.032907303
1653513068.504243135,206.657333374,-711.420349121,-26.497817993,0.814685404,-0.578804970,0.017085547,0.031313527
1653513068.571889877,206.657333374,-711.420349121,-26.497817993,0.814685404,-0.578804970,0.017085547,0.031313527
1653513068.637243986,206.670791626,-711.398986816,-26.510442734,0.820083618,-0.571122885,0.019043807,0.030312663
1653513068.705012321,206.670791626,-711.398986816,-26.510442734,0.820083618,-0.571122885,0.019043807,0.030312663
1653513068.773167610,206.673217773,-711.369567871,-26.501310349,0.826280773,-0.562107265,0.022038151,0.028456975
1653513068.836880684,206.673217773,-711.369567871,-26.501310349,0.826280773,-0.562107265,0.022038151,0.028456975
1653513068.903613091,206.688293457,-711.344604492,-26.506465912,0.832152247,-0.553296924,0.025386877,0.027215190
1653513068.970784903,206.688293457,-711.344604492,-26.506465912,0.832152247,-0.553296924,0.025386877,0.027215190
1653513069.037189484,206.733489990,-711.312683105,-26.494047165,0.837747872,-0.544710338,0.027162613,0.027042912
1653513069.104952812,206.733489990,-711.312683105,-26.494047165,0.837747872,-0.544710338,0.027162613,0.027042912
1653513069.170432806,206.740371704,-711.284912109,-26.495683670,0.844171524,-0.534661949,0.028488770,0.026445406
1653513069.237922192,206.740371704,-711.284912109,-26.495683670,0.844171524,-0.534661949,0.028488770,0.026445406
1653513069.304914713,206.731246948,-711.248107910,-26.497306824,0.850780249,-0.524036646,0.027964471,0.027867828
1653513069.370170355,206.731246948,-711.248107910,-26.497306824,0.850780249,-0.524036646,0.027964471,0.027867828
1653513069.437273026,206.737823486,-711.222839355,-26.499198914,0.856352448,-0.514807761,0.027286094,0.029814260
1653513069.503836870,206.737823486,-711.222839355,-26.499198914,0.856352448,-0.514807761,0.027286094,0.029814260
1653513069.570436239,206.738357544,-711.193359375,-26.498657227,0.862440228,-0.504455864,0.025680488,0.032583676
1653513069.637263060,206.738357544,-711.193359375,-26.498657227,0.862440228,-0.504455864,0.025680488,0.032583676
1653513069.704386473,206.753189087,-711.163696289,-26.493015289,0.868565142,-0.493760526,0.024469480,0.034588769
1653513069.770630360,206.753189087,-711.163696289,-26.493015289,0.868565142,-0.493760526,0.024469480,0.034588769
1653513069.841439962,206.761184692,-711.128051758,-26.483137131,0.873808026,-0.484233677,0.023943342,0.037469972
1653513069.904321909,206.761184692,-711.128051758,-26.483137131,0.873808026,-0.484233677,0.023943342,0.037469972
1653513069.970406294,206.770736694,-711.086181641,-26.466390610,0.879226565,-0.474194616,0.022966804,0.039656874
1653513070.037076950,206.770736694,-711.086181641,-26.466390610,0.879226565,-0.474194616,0.022966804,0.039656874
1653513070.103774548,206.782775879,-711.034423828,-26.448858261,0.883914649,-0.465213299,0.023455769,0.041488830
1653513070.170555115,206.782775879,-711.034423828,-26.448858261,0.883914649,-0.465213299,0.023455769,0.041488830
1653513070.238345385,206.794845581,-710.981872559,-26.426900864,0.888436198,-0.456448734,0.023697630,0.042120777
1653513070.303713560,206.794845581,-710.981872559,-26.426900864,0.888436198,-0.456448734,0.023697630,0.042120777
1653513070.370347500,206.820693970,-710.923278809,-26.410774231,0.892806411,-0.447870076,0.023031220,0.042174149
1653513070.436833858,206.820693970,-710.923278809,-26.410774231,0.892806411,-0.447870076,0.023031220,0.042174149
1653513070.503687382,206.843154907,-710.850952148,-26.395067215,0.897238016,-0.439039081,0.022401121,0.041314241
1653513070.572206020,206.843154907,-710.850952148,-26.395067215,0.897238016,-0.439039081,0.022401121,0.041314241
1653513070.638901711,206.879318237,-710.788085938,-26.377254486,0.901451051,-0.430520058,0.022098646,0.039372303
1653513070.704407692,206.879318237,-710.788085938,-26.377254486,0.901451051,-0.430520058,0.022098646,0.039372303
1653513070.777003050,206.921386719,-710.709350586,-26.356517792,0.905525684,-0.422001541,0.023792487,0.037037943
1653513070.838880777,206.921386719,-710.709350586,-26.356517792,0.905525684,-0.422001541,0.023792487,0.037037943
1653513070.906349897,206.952865601,-710.621704102,-26.322570801,0.909745157,-0.412990391,0.025920028,0.033627637
1653513070.970407486,206.952865601,-710.621704102,-26.322570801,0.909745157,-0.412990391,0.025920028,0.033627637
1653513071.037453175,206.990615845,-710.518493652,-26.287998199,0.913300276,-0.405086994,0.028542083,0.031184122
1653513071.103821278,206.990615845,-710.518493652,-26.287998199,0.913300276,-0.405086994,0.028542083,0.031184122
1653513071.170648813,207.034866333,-710.426635742,-26.260580063,0.917138696,-0.396375239,0.030495213,0.028519277
1653513071.237096071,207.034866333,-710.426635742,-26.260580063,0.917138696,-0.396375239,0.030495213,0.028519277
1653513071.303576708,207.073455811,-710.309265137,-26.235534668,0.920740247,-0.387905657,0.033506859,0.025374128
1653513071.370459557,207.073455811,-710.309265137,-26.235534668,0.920740247,-0.387905657,0.033506859,0.025374128
1653513071.437048197,207.111404419,-710.227233887,-26.219696045,0.924134612,-0.379845142,0.034941487,0.021724224
1653513071.505640745,207.111404419,-710.227233887,-26.219696045,0.924134612,-0.379845142,0.034941487,0.021724224
1653513071.570440769,207.151458740,-710.095581055,-26.200363159,0.927935600,-0.370514065,0.035957187,0.019024732
1653513071.636876345,207.151458740,-710.095581055,-26.200363159,0.927935600,-0.370514065,0.035957187,0.019024732
1653513071.703730822,207.177429199,-710.001647949,-26.190456390,0.931801260,-0.360804796,0.036351290,0.015650218
1653513071.770260572,207.177429199,-710.001647949,-26.190456390,0.931801260,-0.360804796,0.036351290,0.015650218
1653513071.836768389,207.204528809,-709.868347168,-26.174749374,0.935698211,-0.350698024,0.036011774,0.013523229
1653513071.903773069,207.204528809,-709.868347168,-26.174749374,0.935698211,-0.350698024,0.036011774,0.013523229
1653513071.970553398,207.224517822,-709.787719727,-26.164779663,0.939840615,-0.339620709,0.035599537,0.009490588
1653513072.037095308,207.224517822,-709.787719727,-26.164779663,0.939840615,-0.339620709,0.035599537,0.009490588
1653513072.103771448,207.257568359,-709.681457520,-26.157110214,0.943635941,-0.328953683,0.035924468,0.007081630
1653513072.170260429,207.257568359,-709.681457520,-26.157110214,0.943635941,-0.328953683,0.035924468,0.007081630
1653513072.236850023,207.281906128,-709.548278809,-26.131792068,0.947119474,-0.318639457,0.037548833,0.004863969
1653513072.308048248,207.281906128,-709.548278809,-26.131792068,0.947119474,-0.318639457,0.037548833,0.004863969
1653513072.370068073,207.290496826,-709.439514160,-26.114248276,0.950632274,-0.307843834,0.039000995,0.003067426
1653513072.437372684,207.290496826,-709.439514160,-26.114248276,0.950632274,-0.307843834,0.039000995,0.003067426
1653513072.503681898,207.305114746,-709.342102051,-26.118259430,0.954262912,-0.296506256,0.038246557,0.001869807
1653513072.570875645,207.305114746,-709.342102051,-26.118259430,0.954262912,-0.296506256,0.038246557,0.001869807
1653513072.637086391,207.307769775,-709.263183594,-26.119884491,0.957764745,-0.285060227,0.037754014,0.001421708
1653513072.703580379,207.307769775,-709.263183594,-26.119884491,0.957764745,-0.285060227,0.037754014,0.001421708
1653513072.771180868,207.303848267,-709.185729980,-26.134643555,0.961201608,-0.273526788,0.035668518,0.001536411
1653513072.836910486,207.303848267,-709.185729980,-26.134643555,0.961201608,-0.273526788,0.035668518,0.001536411
1653513072.903805017,207.303573608,-709.060974121,-26.134496689,0.964067936,-0.263542265,0.033380214,0.002047135
1653513072.970343590,207.303573608,-709.060974121,-26.134496689,0.964067936,-0.263542265,0.033380214,0.002047135
1653513073.036942005,207.284454346,-708.996826172,-26.141239166,0.966633916,-0.254159778,0.031900782,0.001990315
1653513073.103617191,207.284454346,-708.996826172,-26.141239166,0.966633916,-0.254159778,0.031900782,0.001990315
1653513073.170955420,207.273483276,-708.977905273,-26.149286270,0.968883634,-0.245705232,0.029826419,0.001954016
1653513073.237465620,207.273483276,-708.977905273,-26.149286270,0.968883634,-0.245705232,0.029826419,0.001954016
1653513073.303448439,207.252685547,-708.930297852,-26.150461197,0.970839977,-0.237997428,0.028630065,0.002688832
1653513073.371604919,207.252685547,-708.930297852,-26.150461197,0.970839977,-0.237997428,0.028630065,0.002688832
1653513073.436915398,207.226898193,-708.892333984,-26.147335052,0.972271085,-0.232238024,0.027303195,0.003004987
1653513073.503644943,207.226898193,-708.892333984,-26.147335052,0.972271085,-0.232238024,0.027303195,0.003004987
1653513073.570569277,207.197677612,-708.787841797,-26.131547928,0.973854482,-0.225572497,0.026643021,0.003823881
1653513073.637114525,207.197677612,-708.787841797,-26.131547928,0.973854482,-0.225572497,0.026643021,0.003823881
1653513073.704188347,207.166763306,-708.746337891,-26.118089676,0.975197375,-0.219600186,0.027417498,0.003757255
1653513073.771113157,207.166763306,-708.746337891,-26.118089676,0.975197375,-0.219600186,0.027417498,0.003757255
1653513073.837000847,207.138122559,-708.711669922,-26.100791931,0.976707637,-0.212696493,0.028150892,0.003143293
1653513073.903881311,207.138122559,-708.711669922,-26.100791931,0.976707637,-0.212696493,0.028150892,0.003143293
1653513073.970526934,207.121215820,-708.670959473,-26.088420868,0.978540063,-0.204148978,0.027845196,0.002679361
1653513074.037561178,207.121215820,-708.670959473,-26.088420868,0.978540063,-0.204148978,0.027845196,0.002679361
1653513074.103415728,207.107910156,-708.648437500,-26.078525543,0.980505228,-0.194427773,0.028372765,0.001515783
1653513074.170556307,207.107910156,-708.648437500,-26.078525543,0.980505228,-0.194427773,0.028372765,0.001515783
1653513074.237366438,207.097747803,-708.606872559,-26.060951233,0.982316554,-0.184922040,0.029288875,-0.000399828
1653513074.304041386,207.097747803,-708.606872559,-26.060951233,0.982316554,-0.184922040,0.029288875,-0.000399828
1653513074.370981216,207.089996338,-708.562805176,-26.039628983,0.984192908,-0.174374148,0.030862767,-0.002338312
1653513074.438051462,207.089996338,-708.562805176,-26.039628983,0.984192908,-0.174374148,0.030862767,-0.002338312
1653513074.503823757,207.081848145,-708.533874512,-26.019138336,0.985990584,-0.163496554,0.032726273,-0.004521213
1653513074.570556879,207.081848145,-708.533874512,-26.019138336,0.985990584,-0.163496554,0.032726273,-0.004521213
1653513074.638511896,207.076187134,-708.489379883,-25.997829437,0.987482369,-0.153715491,0.034819465,-0.006140116
1653513074.703721762,207.076187134,-708.489379883,-25.997829437,0.987482369,-0.153715491,0.034819465,-0.006140116
1653513074.771481037,207.057662964,-708.438232422,-25.969402313,0.988946557,-0.143451929,0.036734577,-0.007539289
1653513074.837512255,207.057662964,-708.438232422,-25.969402313,0.988946557,-0.143451929,0.036734577,-0.007539289
1653513074.903679609,207.050186157,-708.413635254,-25.952262878,0.990307570,-0.133598700,0.037375905,-0.006732389
1653513074.970176935,207.050186157,-708.413635254,-25.952262878,0.990307570,-0.133598700,0.037375905,-0.006732389
1653513075.037585974,207.018997192,-708.344482422,-25.931718826,0.991483033,-0.124498203,0.037808523,-0.005664743
1653513075.104085207,207.018997192,-708.344482422,-25.931718826,0.991483033,-0.124498203,0.037808523,-0.005664743
1653513075.172264338,207.000274658,-708.335266113,-25.919273376,0.992673397,-0.114726394,0.037604276,-0.004833009
1653513075.237274647,207.000274658,-708.335266113,-25.919273376,0.992673397,-0.114726394,0.037604276,-0.004833009
1653513075.304357767,206.986557007,-708.311767578,-25.911243439,0.993695140,-0.105706282,0.037187666,-0.003634741
1653513075.370153904,206.986557007,-708.311767578,-25.911243439,0.993695140,-0.105706282,0.037187666,-0.003634741
1653513075.437410831,207.000350952,-708.345092773,-25.914035797,0.994573057,-0.096997954,0.037490327,-0.003219039
1653513075.503563404,207.000350952,-708.345092773,-25.914035797,0.994573057,-0.096997954,0.037490327,-0.003219039
1653513075.570346355,206.992919922,-708.331359863,-25.908311844,0.995398760,-0.088153496,0.037362259,-0.003784425
1653513075.636874437,206.992919922,-708.331359863,-25.908311844,0.995398760,-0.088153496,0.037362259,-0.003784425
1653513075.703589916,206.980819702,-708.319152832,-25.903598785,0.996146977,-0.079343297,0.037119135,-0.004246736
1653513075.770526886,206.980819702,-708.319152832,-25.903598785,0.996146977,-0.079343297,0.037119135,-0.004246736
1653513075.836875677,206.945617676,-708.275939941,-25.893932343,0.996788263,-0.070673734,0.037361924,-0.004744526
1653513075.903493881,206.945617676,-708.275939941,-25.893932343,0.996788263,-0.070673734,0.037361924,-0.004744526
1653513075.970229387,206.930053711,-708.265747070,-25.893716812,0.997407913,-0.061599694,0.036761787,-0.005617812
1653513076.037166357,206.930053711,-708.265747070,-25.893716812,0.997407913,-0.061599694,0.036761787,-0.005617812
1653513076.103774786,206.915969849,-708.262939453,-25.892282486,0.997894347,-0.053387608,0.036261454,-0.006462669
1653513076.173094034,206.915969849,-708.262939453,-25.892282486,0.997894347,-0.053387608,0.036261454,-0.006462669
1653513076.237194061,206.890594482,-708.250122070,-25.880388260,0.998285711,-0.045247346,0.036333848,-0.007629000
1653513076.303656340,206.890594482,-708.250122070,-25.880388260,0.998285711,-0.045247346,0.036333848,-0.007629000
1653513076.370218277,206.877136230,-708.255310059,-25.875699997,0.998598039,-0.037091885,0.036782738,-0.008552406
1653513076.436899424,206.877136230,-708.255310059,-25.875699997,0.998598039,-0.037091885,0.036782738,-0.008552406
1653513076.503591299,206.862167358,-708.257019043,-25.874839783,0.998825669,-0.029373169,0.037733380,-0.007789284
1653513076.570305109,206.862167358,-708.257019043,-25.874839783,0.998825669,-0.029373169,0.037733380,-0.007789284
1653513076.637059212,206.859558105,-708.266418457,-25.878530502,0.999067903,-0.021536801,0.036921300,-0.006029972
1653513076.705736399,206.859558105,-708.266418457,-25.878530502,0.999067903,-0.021536801,0.036921300,-0.006029972
1653513076.773210764,206.846832275,-708.278564453,-25.888780594,0.999226570,-0.014099041,0.036476482,-0.004119298
1653513076.837133646,206.846832275,-708.278564453,-25.888780594,0.999226570,-0.014099041,0.036476482,-0.004119298
1653513076.904769897,206.825210571,-708.287597656,-25.895940781,0.999328732,-0.007283917,0.035754774,-0.003261173
1653513076.971413374,206.825210571,-708.287597656,-25.895940781,0.999328732,-0.007283917,0.035754774,-0.003261173
1653513077.036757708,206.810256958,-708.286010742,-25.895219803,0.999357045,-0.000370503,0.035619538,-0.004081277
1653513077.103881836,206.810256958,-708.286010742,-25.895219803,0.999357045,-0.000370503,0.035619538,-0.004081277
1653513077.171553135,206.797515869,-708.290649414,-25.893259048,0.999315739,0.006598577,0.035800289,-0.006548071
1653513077.240103245,206.797515869,-708.290649414,-25.893259048,0.999315739,0.006598577,0.035800289,-0.006548071
1653513077.303619146,206.787445068,-708.285339355,-25.890525818,0.999196589,0.013904058,0.036311150,-0.009712012
1653513077.370900869,206.787445068,-708.285339355,-25.890525818,0.999196589,0.013904058,0.036311150,-0.009712012
1653513077.436718702,206.773254395,-708.275878906,-25.888931274,0.998998582,0.021389129,0.037335701,-0.012260687
1653513077.504074812,206.773254395,-708.275878906,-25.888931274,0.998998582,0.021389129,0.037335701,-0.012260687
1653513077.570585012,206.747146606,-708.271911621,-25.883413315,0.998731911,0.030470522,0.037897442,-0.013033387
1653513077.641020060,206.747146606,-708.271911621,-25.883413315,0.998731911,0.030470522,0.037897442,-0.013033387
1653513077.703536749,206.732940674,-708.273620605,-25.890420914,0.998417139,0.040150587,0.037751220,-0.011224522
1653513077.770214558,206.732940674,-708.273620605,-25.890420914,0.998417139,0.040150587,0.037751220,-0.011224522
1653513077.839456558,206.712417603,-708.277343750,-25.898151398,0.998028278,0.049854394,0.036950178,-0.009419604
1653513077.904096603,206.712417603,-708.277343750,-25.898151398,0.998028278,0.049854394,0.036950178,-0.009419604
1653513077.971361876,206.693023682,-708.269104004,-25.906394958,0.997395873,0.061555602,0.036164500,-0.010223703
1653513078.037283182,206.693023682,-708.269104004,-25.906394958,0.997395873,0.061555602,0.036164500,-0.010223703
1653513078.103595018,206.676071167,-708.247863770,-25.917947769,0.996677339,0.072282225,0.034774806,-0.014151506
1653513078.174371958,206.676071167,-708.247863770,-25.917947769,0.996677339,0.072282225,0.034774806,-0.014151506
1653513078.237772226,206.658645630,-708.238403320,-25.920343399,0.995793939,0.083377287,0.034084711,-0.016760029
1653513078.305338383,206.658645630,-708.238403320,-25.920343399,0.995793939,0.083377287,0.034084711,-0.016760029
1653513078.370283842,206.635253906,-708.232910156,-25.919122696,0.994633973,0.096163869,0.034714859,-0.015830323
1653513078.437558413,206.635253906,-708.232910156,-25.919122696,0.994633973,0.096163869,0.034714859,-0.015830323
1653513078.503782034,206.617614746,-708.230407715,-25.919147491,0.993337631,0.108882129,0.035752762,-0.012114377
1653513078.570400715,206.617614746,-708.230407715,-25.919147491,0.993337631,0.108882129,0.035752762,-0.012114377
1653513078.638700962,206.601562500,-708.231262207,-25.924766541,0.991988897,0.120637730,0.035999231,-0.010423214
1653513078.704110861,206.601562500,-708.231262207,-25.924766541,0.991988897,0.120637730,0.035999231,-0.010423214
1653513078.770194769,206.584136963,-708.229736328,-25.931470871,0.990380824,0.133353353,0.035129182,-0.011344284
1653513078.839304686,206.584136963,-708.229736328,-25.931470871,0.990380824,0.133353353,0.035129182,-0.011344284
1653513078.905105591,206.558441162,-708.233581543,-25.939884186,0.988847435,0.144388169,0.034281939,-0.012553617
1653513078.975544691,206.558441162,-708.233581543,-25.939884186,0.988847435,0.144388169,0.034281939,-0.012553617
1653513079.037651539,206.547363281,-708.240112305,-25.940248489,0.987234652,0.155202642,0.033489596,-0.012581076
1653513079.104261398,206.547363281,-708.240112305,-25.940248489,0.987234652,0.155202642,0.033489596,-0.012581076
1653513079.170076370,206.535217285,-708.250610352,-25.949781418,0.985648632,0.165360898,0.032370187,-0.010234273
1653513079.237207651,206.535217285,-708.250610352,-25.949781418,0.985648632,0.165360898,0.032370187,-0.010234273
1653513079.306205750,206.527923584,-708.277099609,-25.944726944,0.984013617,0.175004005,0.032222562,-0.007243175
1653513079.370209217,206.527923584,-708.277099609,-25.944726944,0.984013617,0.175004005,0.032222562,-0.007243175
1653513079.436680794,206.518722534,-708.282714844,-25.949455261,0.982347846,0.184356362,0.031384047,-0.004527855
1653513079.507524014,206.518722534,-708.282714844,-25.949455261,0.982347846,0.184356362,0.031384047,-0.004527855
1653513079.570271015,206.519073486,-708.277954102,-25.963802338,0.980915546,0.192031741,0.029961275,-0.005549686
1653513079.637131691,206.519073486,-708.277954102,-25.963802338,0.980915546,0.192031741,0.029961275,-0.005549686
1653513079.703663349,206.504211426,-708.291931152,-25.961688995,0.979463995,0.199471369,0.027971607,-0.008893303
1653513079.770937204,206.504211426,-708.291931152,-25.961688995,0.979463995,0.199471369,0.027971607,-0.008893303
1653513079.836778164,206.494506836,-708.279602051,-25.970834732,0.977883399,0.207147151,0.026444752,-0.011610771
1653513079.904890537,206.494506836,-708.279602051,-25.970834732,0.977883399,0.207147151,0.026444752,-0.011610771
1653513079.970284700,206.482818604,-708.280944824,-25.977436066,0.976189613,0.214978918,0.025005654,-0.014582206
1653513080.037173033,206.482818604,-708.280944824,-25.977436066,0.976189613,0.214978918,0.025005654,-0.014582206
1653513080.103594542,206.468719482,-708.272583008,-25.993265152,0.974365234,0.223229647,0.023271650,-0.015468940
1653513080.170119762,206.468719482,-708.272583008,-25.993265152,0.974365234,0.223229647,0.023271650,-0.015468940
1653513080.237215281,206.457641602,-708.259521484,-26.001081467,0.972644627,0.230605870,0.022152087,-0.017106123
1653513080.303398609,206.457641602,-708.259521484,-26.001081467,0.972644627,0.230605870,0.022152087,-0.017106123
1653513080.370040417,206.449508667,-708.261230469,-26.002353668,0.970818341,0.238175020,0.020838467,-0.018714258
1653513080.437774897,206.449508667,-708.261230469,-26.002353668,0.970818341,0.238175020,0.020838467,-0.018714258
1653513080.503429174,206.448272705,-708.257812500,-26.003740311,0.968747377,0.246487156,0.018930284,-0.020352846
1653513080.570556402,206.448272705,-708.257812500,-26.003740311,0.968747377,0.246487156,0.018930284,-0.020352846
1653513080.637838840,206.457397461,-708.249084473,-25.991977692,0.966505110,0.254956931,0.019537782,-0.021980876
1653513080.703531265,206.457397461,-708.249084473,-25.991977692,0.966505110,0.254956931,0.019537782,-0.021980876
1653513080.770178318,206.477905273,-708.239135742,-25.979154587,0.964322090,0.262857288,0.019599013,-0.024594512
1653513080.839501381,206.477905273,-708.239135742,-25.979154587,0.964322090,0.262857288,0.019599013,-0.024594512
1653513080.904006720,206.490173340,-708.242614746,-25.971149445,0.961866796,0.271349758,0.020896215,-0.027293092
1653513080.970099926,206.490173340,-708.242614746,-25.971149445,0.961866796,0.271349758,0.020896215,-0.027293092
1653513081.036952734,206.509658813,-708.261474609,-25.952524185,0.959467113,0.279346406,0.022623880,-0.029606832
1653513081.103384733,206.509658813,-708.261474609,-25.952524185,0.959467113,0.279346406,0.022623880,-0.029606832
1653513081.172030687,206.535827637,-708.278625488,-25.942108154,0.956740379,0.288400412,0.024214901,-0.029778019
1653513081.236778498,206.535827637,-708.278625488,-25.942108154,0.956740379,0.288400412,0.024214901,-0.029778019
1653513081.303854704,206.558242798,-708.301452637,-25.940345764,0.953828871,0.297947615,0.025407854,-0.028145384
1653513081.371750116,206.558242798,-708.301452637,-25.940345764,0.953828871,0.297947615,0.025407854,-0.028145384
1653513081.437129736,206.584808350,-708.327514648,-25.940616608,0.950935125,0.307205945,0.026873918,-0.024993110
1653513081.503713608,206.584808350,-708.327514648,-25.940616608,0.950935125,0.307205945,0.026873918,-0.024993110
1653513081.570581913,206.614135742,-708.359924316,-25.949869156,0.947897434,0.316631883,0.027611973,-0.021731116
1653513081.637598753,206.614135742,-708.359924316,-25.949869156,0.947897434,0.316631883,0.027611973,-0.021731116
1653513081.706286430,206.640441895,-708.390075684,-25.952177048,0.944796026,0.325942069,0.028619681,-0.017412005
1653513081.770016909,206.640441895,-708.390075684,-25.952177048,0.944796026,0.325942069,0.028619681,-0.017412005
1653513081.837651730,206.669387817,-708.420288086,-25.961551666,0.941884160,0.334354609,0.029706748,-0.013369430
1653513081.904122114,206.669387817,-708.420288086,-25.961551666,0.941884160,0.334354609,0.029706748,-0.013369430
1653513081.969991207,206.698196411,-708.454772949,-25.956510544,0.939008772,0.342357159,0.031400960,-0.008249681
1653513082.037453413,206.698196411,-708.454772949,-25.956510544,0.939008772,0.342357159,0.031400960,-0.008249681
1653513082.103785992,206.734008789,-708.491027832,-25.962394714,0.936378539,0.349398822,0.033276185,-0.002891738
1653513082.171041965,206.734008789,-708.491027832,-25.962394714,0.936378539,0.349398822,0.033276185,-0.002891738
1653513082.237116575,206.777877808,-708.526367188,-25.955942154,0.934437335,0.354542136,0.033559613,0.000736423
1653513082.303592682,206.777877808,-708.526367188,-25.955942154,0.934437335,0.354542136,0.033559613,0.000736423
1653513082.373631716,206.801956177,-708.549072266,-25.951589584,0.933251858,0.357689410,0.033082724,0.002183160
1653513082.437347174,206.801956177,-708.549072266,-25.951589584,0.933251858,0.357689410,0.033082724,0.002183160
1653513082.503503561,206.838256836,-708.578857422,-25.953243256,0.932356656,0.360171586,0.031232351,0.003475441
1653513082.570314646,206.838256836,-708.578857422,-25.953243256,0.932356656,0.360171586,0.031232351,0.003475441
1653513082.636729956,206.882659912,-708.607604980,-25.949424744,0.931733131,0.361914992,0.029661834,0.003331288
1653513082.704217434,206.882659912,-708.607604980,-25.949424744,0.931733131,0.361914992,0.029661834,0.003331288
1653513082.770138979,206.902694702,-708.618957520,-25.946910858,0.931154668,0.363544732,0.027891619,0.002869715
1653513082.837092161,206.902694702,-708.618957520,-25.946910858,0.931154668,0.363544732,0.027891619,0.002869715
1653513082.903708458,206.909805298,-708.617187500,-25.945644379,0.930258870,0.365959167,0.026302703,0.000668024
1653513082.970662117,206.909805298,-708.617187500,-25.945644379,0.930258870,0.365959167,0.026302703,0.000668024
1653513083.036867142,206.917251587,-708.615051270,-25.942565918,0.929167986,0.368868381,0.023863597,-0.003672088
1653513083.103490591,206.917251587,-708.615051270,-25.942565918,0.929167986,0.368868381,0.023863597,-0.003672088
1653513083.170188189,206.929122925,-708.607238770,-25.935501099,0.927631438,0.372815549,0.021045521,-0.008098766
1653513083.236795187,206.929122925,-708.607238770,-25.935501099,0.927631438,0.372815549,0.021045521,-0.008098766
1653513083.303962469,206.934768677,-708.588256836,-25.927822113,0.925627768,0.377793372,0.019214608,-0.010778705
1653513083.370112896,206.934768677,-708.588256836,-25.927822113,0.925627768,0.377793372,0.019214608,-0.010778705
1653513083.436636209,206.943725586,-708.571411133,-25.914300919,0.923226655,0.383585513,0.020381087,-0.009965968
1653513083.507741928,206.943725586,-708.571411133,-25.914300919,0.923226655,0.383585513,0.020381087,-0.009965968
1653513083.570146084,206.958129883,-708.557678223,-25.893997192,0.920827806,0.389281452,0.021356519,-0.008942229
1653513083.636790037,206.958129883,-708.557678223,-25.893997192,0.920827806,0.389281452,0.021356519,-0.008942229
1653513083.705606699,206.982360840,-708.548278809,-25.876470566,0.918902874,0.393774033,0.022038680,-0.008589990
1653513083.777518511,206.982360840,-708.548278809,-25.876470566,0.918902874,0.393774033,0.022038680,-0.008589990
1653513083.837759495,207.012725830,-708.545471191,-25.856987000,0.917878926,0.396092445,0.023224801,-0.008347498
1653513083.903605700,207.012725830,-708.545471191,-25.856987000,0.917878926,0.396092445,0.023224801,-0.008347498
1653513083.970021486,207.043151855,-708.539245605,-25.841365814,0.917477369,0.397018820,0.023699827,-0.007048572
1653513084.037684917,207.043151855,-708.539245605,-25.841365814,0.917477369,0.397018820,0.023699827,-0.007048572
1653513084.104233027,207.091461182,-708.536926270,-25.830417633,0.917561233,0.396808147,0.024491552,-0.004981201
1653513084.171412706,207.091461182,-708.536926270,-25.830417633,0.917561233,0.396808147,0.024491552,-0.004981201
1653513084.237088680,207.149536133,-708.544738770,-25.821767807,0.918346345,0.395022959,0.024302404,-0.002502672
1653513084.303576946,207.149536133,-708.544738770,-25.821767807,0.918346345,0.395022959,0.024302404,-0.002502672
1653513084.370042324,207.219345093,-708.542602539,-25.811302185,0.918744445,0.394141018,0.023676084,-0.000979232
1653513084.437829256,207.219345093,-708.542602539,-25.811302185,0.918744445,0.394141018,0.023676084,-0.000979232
1653513084.504361391,207.262756348,-708.519226074,-25.801811218,0.918919086,0.393872321,0.021222444,-0.001384773
1653513084.571002007,207.262756348,-708.519226074,-25.801811218,0.918919086,0.393872321,0.021222444,-0.001384773
1653513084.637566805,207.299713135,-708.479736328,-25.790483475,0.918815792,0.394277632,0.017388942,-0.004506088
1653513084.703713417,207.299713135,-708.479736328,-25.790483475,0.918815792,0.394277632,0.017388942,-0.004506088
1653513084.770376444,207.323699951,-708.427734375,-25.773307800,0.917735040,0.396836549,0.014610837,-0.008347865
1653513084.836766243,207.323699951,-708.427734375,-25.773307800,0.917735040,0.396836549,0.014610837,-0.008347865
1653513084.903835058,207.349746704,-708.374511719,-25.755014420,0.916307747,0.400122970,0.011584624,-0.012146510
1653513084.970485687,207.349746704,-708.374511719,-25.755014420,0.916307747,0.400122970,0.011584624,-0.012146510
1653513085.037070036,207.378143311,-708.309814453,-25.738698959,0.915055871,0.402965337,0.010477779,-0.013485376
1653513085.104675531,207.378143311,-708.309814453,-25.738698959,0.915055871,0.402965337,0.010477779,-0.013485376
1653513085.175139904,207.414566040,-708.254699707,-25.728729248,0.914029121,0.405293971,0.010556817,-0.013272625
1653513085.237584352,207.414566040,-708.254699707,-25.728729248,0.914029121,0.405293971,0.010556817,-0.013272625
1653513085.303552151,207.480072021,-708.197021484,-25.718358994,0.913242221,0.407104045,0.011056754,-0.011517602
1653513085.370088339,207.480072021,-708.197021484,-25.718358994,0.913242221,0.407104045,0.011056754,-0.011517602
1653513085.438012838,207.548797607,-708.146179199,-25.710437775,0.913215935,0.407164544,0.011947837,-0.010531153
1653513085.503499508,207.548797607,-708.146179199,-25.710437775,0.913215935,0.407164544,0.011947837,-0.010531153
1653513085.571021318,207.623428345,-708.092529297,-25.709766388,0.913539767,0.406440258,0.012179046,-0.010150237
1653513085.639324188,207.623428345,-708.092529297,-25.709766388,0.913539767,0.406440258,0.012179046,-0.010150237
1653513085.703535557,207.707336426,-708.031433105,-25.709794998,0.914413810,0.404503524,0.011797023,-0.009227825
1653513085.771457672,207.707336426,-708.031433105,-25.709794998,0.914413810,0.404503524,0.011797023,-0.009227825
1653513085.836568594,207.793624878,-707.975341797,-25.716909409,0.915405810,0.402259320,0.011012850,-0.009915758
1653513085.903583050,207.793624878,-707.975341797,-25.716909409,0.915405810,0.402259320,0.011012850,-0.009915758
1653513085.970019817,207.890594482,-707.906311035,-25.720056534,0.915872633,0.401186913,0.010299724,-0.010968556
1653513086.040247440,207.890594482,-707.906311035,-25.720056534,0.915872633,0.401186913,0.010299724,-0.010968556
1653513086.103959799,208.009063721,-707.804443359,-25.725198746,0.915975034,0.400926173,0.009331339,-0.012682813
1653513086.170026541,208.009063721,-707.804443359,-25.725198746,0.915975034,0.400926173,0.009331339,-0.012682813
1653513086.237668514,208.101867676,-707.708679199,-25.732835770,0.915434420,0.402136028,0.009184781,-0.013495619
1653513086.303518295,208.101867676,-707.708679199,-25.732835770,0.915434420,0.402136028,0.009184781,-0.013495619
1653513086.370055199,208.169799805,-707.634460449,-25.744647980,0.914038599,0.405302018,0.009959231,-0.012824799
1653513086.436980247,208.169799805,-707.634460449,-25.744647980,0.914038599,0.405302018,0.009959231,-0.012824799
1653513086.503333807,208.274627686,-707.539428711,-25.756456375,0.912394583,0.409021676,0.010950951,-0.010840398
1653513086.571557999,208.274627686,-707.539428711,-25.756456375,0.912394583,0.409021676,0.010950951,-0.010840398
1653513086.638728619,208.394836426,-707.433715820,-25.757539749,0.910935938,0.412288487,0.012718044,-0.007225930
1653513086.704121351,208.394836426,-707.433715820,-25.757539749,0.910935938,0.412288487,0.012718044,-0.007225930
1653513086.770094395,208.535522461,-707.321105957,-25.759983063,0.909792244,0.414801061,0.014317563,-0.003631893
1653513086.839108944,208.535522461,-707.321105957,-25.759983063,0.909792244,0.414801061,0.014317563,-0.003631893
1653513086.903734922,208.672180176,-707.223327637,-25.767978668,0.909411728,0.415630132,0.014891135,0.000367553
1653513086.970349073,208.672180176,-707.223327637,-25.767978668,0.909411728,0.415630132,0.014891135,0.000367553
1653513087.037234545,208.828231812,-707.111938477,-25.770109177,0.909887493,0.414516151,0.016342320,0.003746037
1653513087.104335070,208.828231812,-707.111938477,-25.770109177,0.909887493,0.414516151,0.016342320,0.003746037
1653513087.170352697,208.975997925,-707.014099121,-25.765232086,0.911018789,0.411898166,0.018567057,0.006315343
1653513087.236969233,208.975997925,-707.014099121,-25.765232086,0.911018789,0.411898166,0.018567057,0.006315343
1653513087.306170702,209.148590088,-706.883544922,-25.759155273,0.912475586,0.408567250,0.019988971,0.007846209
1653513087.370327473,209.148590088,-706.883544922,-25.759155273,0.912475586,0.408567250,0.019988971,0.007846209
1653513087.437011242,209.316635132,-706.748413086,-25.752679825,0.914297223,0.404439509,0.020517705,0.008261004
1653513087.505439758,209.316635132,-706.748413086,-25.752679825,0.914297223,0.404439509,0.020517705,0.008261004
1653513087.570197821,209.435363770,-706.645874023,-25.745193481,0.915621459,0.401427686,0.021093298,0.006943874
1653513087.637228251,209.435363770,-706.645874023,-25.745193481,0.915621459,0.401427686,0.021093298,0.006943874
1653513087.703617811,209.592803955,-706.484863281,-25.746074677,0.916514218,0.399484277,0.019685291,0.005149128
1653513087.771125078,209.592803955,-706.484863281,-25.746074677,0.916514218,0.399484277,0.019685291,0.005149128
1653513087.836735249,209.733016968,-706.322570801,-25.747758865,0.917101324,0.398239732,0.018032694,0.002261245
1653513087.903472900,209.733016968,-706.322570801,-25.747758865,0.917101324,0.398239732,0.018032694,0.002261245
1653513087.970102787,209.863235474,-706.156005859,-25.749917984,0.917208374,0.398094565,0.015709924,-0.001658972
1653513088.036796808,209.863235474,-706.156005859,-25.749917984,0.917208374,0.398094565,0.015709924,-0.001658972
1653513088.103871346,210.007812500,-705.964538574,-25.753471375,0.917043149,0.398525715,0.013427798,-0.005362930
1653513088.172506332,210.007812500,-705.964538574,-25.753471375,0.917043149,0.398525715,0.013427798,-0.005362930
1653513088.236818552,210.155822754,-705.776306152,-25.756443024,0.916945934,0.398728609,0.012267477,-0.008669248
1653513088.303655386,210.155822754,-705.776306152,-25.756443024,0.916945934,0.398728609,0.012267477,-0.008669248
1653513088.370187283,210.305038452,-705.600341797,-25.754898071,0.917147994,0.398206830,0.012404652,-0.010816911
1653513088.438641548,210.305038452,-705.600341797,-25.754898071,0.917147994,0.398206830,0.012404652,-0.010816911
1653513088.503523588,210.468658447,-705.428283691,-25.748838425,0.917718410,0.396825105,0.013742319,-0.011572787
1653513088.571213007,210.468658447,-705.428283691,-25.748838425,0.917718410,0.396825105,0.013742319,-0.011572787
1653513088.636620045,210.643417358,-705.268676758,-25.743198395,0.919071555,0.393589437,0.016335899,-0.011312478
1653513088.707623243,210.643417358,-705.268676758,-25.743198395,0.919071555,0.393589437,0.016335899,-0.011312478
1653513088.769943237,210.831939697,-705.110412598,-25.735569000,0.920817077,0.389368862,0.019169163,-0.010968193
1653513088.837103367,210.831939697,-705.110412598,-25.735569000,0.920817077,0.389368862,0.019169163,-0.010968193
1653513088.904112339,211.022994995,-704.955993652,-25.727029800,0.922470987,0.385262758,0.022474192,-0.010716524
1653513088.970409155,211.022994995,-704.955993652,-25.727029800,0.922470987,0.385262758,0.022474192,-0.010716524
1653513089.037549019,211.225433350,-704.776367188,-25.724887848,0.924171746,0.381049067,0.024495050,-0.010403763
1653513089.103466511,211.225433350,-704.776367188,-25.724887848,0.924171746,0.381049067,0.024495050,-0.010403763
1653513089.170387506,211.410736084,-704.605773926,-25.727746964,0.925345361,0.378066361,0.025998548,-0.011221474
1653513089.237769842,211.410736084,-704.605773926,-25.727746964,0.925345361,0.378066361,0.025998548,-0.011221474
1653513089.304194927,211.596145630,-704.420776367,-25.735330582,0.926056206,0.376224369,0.026648674,-0.012846280
1653513089.371492147,211.596145630,-704.420776367,-25.735330582,0.926056206,0.376224369,0.026648674,-0.012846280
1653513089.445124865,211.778869629,-704.232238770,-25.749792099,0.926654577,0.374658763,0.026341228,-0.015755229
1653513089.503493547,211.778869629,-704.232238770,-25.749792099,0.926654577,0.374658763,0.026341228,-0.015755229
1653513089.570403814,211.973419189,-704.017639160,-25.768781662,0.926844120,0.374101728,0.025889287,-0.018374739
1653513089.637622595,211.973419189,-704.017639160,-25.768781662,0.926844120,0.374101728,0.025889287,-0.018374739
1653513089.703265429,212.140319824,-703.837341309,-25.790437698,0.927129686,0.373299569,0.024607586,-0.021735109
1653513089.769914150,212.140319824,-703.837341309,-25.790437698,0.927129686,0.373299569,0.024607586,-0.021735109
1653513089.837264299,212.315795898,-703.661010742,-25.816005707,0.927648902,0.371869445,0.024134498,-0.024458272
1653513089.903506041,212.315795898,-703.661010742,-25.816005707,0.927648902,0.371869445,0.024134498,-0.024458272
1653513089.970354795,212.528167725,-703.454589844,-25.846250534,0.928078592,0.370825559,0.023967950,-0.024166694
1653513090.037498474,212.528167725,-703.454589844,-25.846250534,0.928078592,0.370825559,0.023967950,-0.024166694
1653513090.103950977,212.741012573,-703.272705078,-25.885162354,0.928826928,0.369041055,0.024888784,-0.021675641
1653513090.173419476,212.741012573,-703.272705078,-25.885162354,0.928826928,0.369041055,0.024888784,-0.021675641
1653513090.237468004,212.951751709,-703.106201172,-25.928253174,0.929973483,0.366211653,0.025586462,-0.019587733
1653513090.303855181,212.951751709,-703.106201172,-25.928253174,0.929973483,0.366211653,0.025586462,-0.019587733
1653513090.370438814,213.149887085,-702.963073730,-25.973350525,0.931134403,0.363273382,0.026050216,-0.018508295
1653513090.436730623,213.149887085,-702.963073730,-25.973350525,0.931134403,0.363273382,0.026050216,-0.018508295
1653513090.503298521,213.372558594,-702.791320801,-26.023063660,0.932688296,0.359310687,0.026451280,-0.016989876
1653513090.570648432,213.372558594,-702.791320801,-26.023063660,0.932688296,0.359310687,0.026451280,-0.016989876
1653513090.636932373,213.599227905,-702.620483398,-26.074369431,0.934045553,0.355733067,0.028133014,-0.014880482
1653513090.703697205,213.599227905,-702.620483398,-26.074369431,0.934045553,0.355733067,0.028133014,-0.014880482
1653513090.769938469,213.837387085,-702.449584961,-26.120874405,0.935387909,0.352095693,0.030329144,-0.012578011
1653513090.836736202,213.837387085,-702.449584961,-26.120874405,0.935387909,0.352095693,0.030329144,-0.012578011
1653513090.903392792,214.042678833,-702.317504883,-26.152626038,0.936849594,0.347978830,0.033518810,-0.010000255
1653513090.970309496,214.042678833,-702.317504883,-26.152626038,0.936849594,0.347978830,0.033518810,-0.010000255
1653513091.036712885,214.274566650,-702.159851074,-26.184677124,0.938266635,0.343815506,0.037066482,-0.008527078
1653513091.104099035,214.274566650,-702.159851074,-26.184677124,0.938266635,0.343815506,0.037066482,-0.008527078
1653513091.170415640,214.518646240,-701.978271484,-26.214094162,0.939464688,0.340157300,0.040441353,-0.007974517
1653513091.238491058,214.518646240,-701.978271484,-26.214094162,0.939464688,0.340157300,0.040441353,-0.007974517
1653513091.303755760,214.729507446,-701.822509766,-26.231824875,0.940400362,0.337153196,0.043868266,-0.007102904
1653513091.371154308,214.729507446,-701.822509766,-26.231824875,0.940400362,0.337153196,0.043868266,-0.007102904
1653513091.436960220,214.963378906,-701.640319824,-26.259521484,0.941652000,0.333397895,0.045789532,-0.006381256
1653513091.503216505,214.963378906,-701.640319824,-26.259521484,0.941652000,0.333397895,0.045789532,-0.006381256
1653513091.571665525,215.178268433,-701.465026855,-26.285928726,0.942612946,0.330546051,0.046742726,-0.005941850
1653513091.637824059,215.178268433,-701.465026855,-26.285928726,0.942612946,0.330546051,0.046742726,-0.005941850
1653513091.703867435,215.391250610,-701.279052734,-26.314155579,0.943837166,0.327028900,0.046814423,-0.005649761
1653513091.770173073,215.391250610,-701.279052734,-26.314155579,0.943837166,0.327028900,0.046814423,-0.005649761
1653513091.837573290,215.580490112,-701.112243652,-26.338262558,0.945055425,0.323502630,0.046678435,-0.006118933
1653513091.903765202,215.580490112,-701.112243652,-26.338262558,0.945055425,0.323502630,0.046678435,-0.006118933
1653513091.969917059,215.761856079,-700.950256348,-26.359764099,0.946237624,0.320164323,0.045523684,-0.007531936
1653513092.036611080,215.761856079,-700.950256348,-26.359764099,0.946237624,0.320164323,0.045523684,-0.007531936
1653513092.103510380,215.983810425,-700.745666504,-26.385612488,0.947471082,0.316724777,0.043360844,-0.010185891
1653513092.169906378,215.983810425,-700.745666504,-26.385612488,0.947471082,0.316724777,0.043360844,-0.010185891
1653513092.236946106,216.144638062,-700.604492188,-26.393455505,0.948983610,0.312361121,0.041051324,-0.013245644
1653513092.305253029,216.144638062,-700.604492188,-26.393455505,0.948983610,0.312361121,0.041051324,-0.013245644
1653513092.370408535,216.358032227,-700.406616211,-26.401483536,0.950101674,0.309026450,0.039390128,-0.016060470
1653513092.438569307,216.358032227,-700.406616211,-26.401483536,0.950101674,0.309026450,0.039390128,-0.016060470
1653513092.503444672,216.529006958,-700.269714355,-26.396583557,0.950920343,0.306664050,0.037999842,-0.016237812
1653513092.570056438,216.529006958,-700.269714355,-26.396583557,0.950920343,0.306664050,0.037999842,-0.016237812
1653513092.636864424,216.710800171,-700.123046875,-26.385820389,0.951646328,0.304466128,0.038555279,-0.013531532
1653513092.703344584,216.710800171,-700.123046875,-26.385820389,0.951646328,0.304466128,0.038555279,-0.013531532
1653513092.771306276,216.937271118,-699.932250977,-26.370954514,0.951704323,0.304467589,0.038009722,-0.010658241
1653513092.842029572,216.937271118,-699.932250977,-26.370954514,0.951704323,0.304467589,0.038009722,-0.010658241
1653513092.903378963,217.115310669,-699.791992188,-26.350652695,0.951319873,0.305638880,0.038729671,-0.008685363
1653513092.970547199,217.115310669,-699.791992188,-26.350652695,0.951319873,0.305638880,0.038729671,-0.008685363
1653513093.036604404,217.283554077,-699.649902344,-26.331869125,0.950876236,0.307011813,0.038704153,-0.008948107
1653513093.103225946,217.283554077,-699.649902344,-26.331869125,0.950876236,0.307011813,0.038704153,-0.008948107
1653513093.171769381,217.487701416,-699.451293945,-26.317556381,0.950239182,0.309026778,0.037932295,-0.010447059
1653513093.237163305,217.487701416,-699.451293945,-26.317556381,0.950239182,0.309026778,0.037932295,-0.010447059
1653513093.303235292,217.674148560,-699.276794434,-26.302541733,0.949704349,0.310674399,0.037473813,-0.011780812
1653513093.370108128,217.674148560,-699.276794434,-26.302541733,0.949704349,0.310674399,0.037473813,-0.011780812
1653513093.436679363,217.879791260,-699.089477539,-26.291074753,0.949909210,0.310153306,0.036702182,-0.011418061
1653513093.503574848,217.879791260,-699.089477539,-26.291074753,0.949909210,0.310153306,0.036702182,-0.011418061
1653513093.569962025,218.059219360,-698.946105957,-26.282972336,0.950620055,0.308045655,0.036560047,-0.009632230
1653513093.636954308,218.059219360,-698.946105957,-26.282972336,0.950620055,0.308045655,0.036560047,-0.009632230
1653513093.703681231,218.241775513,-698.807434082,-26.279844284,0.951787889,0.304572016,0.035814874,-0.007278853
1653513093.770522594,218.241775513,-698.807434082,-26.279844284,0.951787889,0.304572016,0.035814874,-0.007278853
1653513093.836557627,218.475006104,-698.616394043,-26.282264709,0.953640938,0.298900485,0.034690022,-0.004907551
1653513093.903503418,218.475006104,-698.616394043,-26.282264709,0.953640938,0.298900485,0.034690022,-0.004907551
1653513093.970261574,218.650466919,-698.494628906,-26.293008804,0.955451548,0.293224037,0.033443488,-0.003683178
1653513094.036505938,218.650466919,-698.494628906,-26.293008804,0.955451548,0.293224037,0.033443488,-0.003683178
1653513094.103130341,218.871047974,-698.307922363,-26.308343887,0.957443297,0.286729336,0.032852512,-0.003057779
1653513094.170091152,218.871047974,-698.307922363,-26.308343887,0.957443297,0.286729336,0.032852512,-0.003057779
1653513094.236707211,219.072387695,-698.120971680,-26.328290939,0.959067285,0.281431317,0.031104958,-0.004343376
1653513094.304906845,219.072387695,-698.120971680,-26.328290939,0.959067285,0.281431317,0.031104958,-0.004343376
1653513094.370383263,219.262176514,-697.918029785,-26.356643677,0.960060298,0.278203666,0.028560156,-0.008441317
1653513094.438392162,219.262176514,-697.918029785,-26.356643677,0.960060298,0.278203666,0.028560156,-0.008441317
1653513094.503494501,219.428115845,-697.714538574,-26.392604828,0.960256398,0.277588785,0.026088849,-0.013093513
1653513094.570007324,219.428115845,-697.714538574,-26.392604828,0.960256398,0.277588785,0.026088849,-0.013093513
1653513094.636558533,219.606689453,-697.487915039,-26.434734344,0.960203290,0.277670324,0.024156965,-0.018036366
1653513094.703752756,219.606689453,-697.487915039,-26.434734344,0.960203290,0.277670324,0.024156965,-0.018036366
1653513094.772820950,219.773727417,-697.274902344,-26.480150223,0.959503591,0.279774547,0.023550773,-0.022901403
1653513094.837227106,219.773727417,-697.274902344,-26.480150223,0.959503591,0.279774547,0.023550773,-0.022901403
1653513094.905578852,219.954986572,-697.052124023,-26.523305893,0.958482087,0.282759190,0.023936864,-0.028042151
1653513094.970039845,219.954986572,-697.052124023,-26.523305893,0.958482087,0.282759190,0.023936864,-0.028042151
1653513095.037355661,220.141281128,-696.843688965,-26.560493469,0.957435250,0.285720736,0.026093485,-0.031631365
1653513095.103327990,220.141281128,-696.843688965,-26.560493469,0.957435250,0.285720736,0.026093485,-0.031631365
1653513095.170671701,220.328262329,-696.660827637,-26.595605850,0.956419706,0.288621157,0.029495180,-0.033002473
1653513095.236944437,220.328262329,-696.660827637,-26.595605850,0.956419706,0.288621157,0.029495180,-0.033002473
1653513095.303259134,220.538803101,-696.467529297,-26.634153366,0.955600917,0.290856332,0.034347624,-0.032399297
1653513095.370028496,220.538803101,-696.467529297,-26.634153366,0.955600917,0.290856332,0.034347624,-0.032399297
1653513095.436824560,220.737304688,-696.304687500,-26.673305511,0.954995453,0.292492360,0.038125876,-0.031277809
1653513095.503251791,220.737304688,-696.304687500,-26.673305511,0.954995453,0.292492360,0.038125876,-0.031277809
1653513095.570787907,220.960510254,-696.116882324,-26.715076447,0.954647422,0.293307453,0.041631799,-0.029763471
1653513095.636863947,220.960510254,-696.116882324,-26.715076447,0.954647422,0.293307453,0.041631799,-0.029763471
1653513095.704141140,221.176284790,-695.955505371,-26.749444962,0.954643250,0.293019474,0.044469099,-0.028606646
1653513095.769953251,221.176284790,-695.955505371,-26.749444962,0.954643250,0.293019474,0.044469099,-0.028606646
1653513095.836585283,221.378433228,-695.825012207,-26.775756836,0.955191791,0.290930986,0.046898086,-0.027719175
1653513095.907155752,221.378433228,-695.825012207,-26.775756836,0.955191791,0.290930986,0.046898086,-0.027719175
1653513095.969983339,221.612869263,-695.659667969,-26.805509567,0.955786526,0.288901299,0.047931023,-0.026661312
1653513096.036548376,221.612869263,-695.659667969,-26.805509567,0.955786526,0.288901299,0.047931023,-0.026661312
1653513096.103195906,221.822189331,-695.532165527,-26.819650650,0.956554294,0.286255807,0.048851587,-0.025981344
1653513096.170438766,221.822189331,-695.532165527,-26.819650650,0.956554294,0.286255807,0.048851587,-0.025981344
1653513096.237437487,222.037841797,-695.396850586,-26.828224182,0.957501948,0.282760322,0.050229508,-0.026713522
1653513096.303503513,222.037841797,-695.396850586,-26.828224182,0.957501948,0.282760322,0.050229508,-0.026713522
1653513096.371415854,222.254623413,-695.255126953,-26.828353882,0.958269835,0.279805839,0.051370908,-0.028083432
1653513096.437795639,222.254623413,-695.255126953,-26.828353882,0.958269835,0.279805839,0.051370908,-0.028083432
1653513096.503404856,222.462844849,-695.117858887,-26.825687408,0.958735824,0.277756423,0.052738465,-0.029927777
1653513096.569796324,222.462844849,-695.117858887,-26.825687408,0.958735824,0.277756423,0.052738465,-0.029927777
1653513096.636634588,222.666122437,-694.981262207,-26.826847076,0.959018648,0.276430547,0.053515427,-0.031709470
1653513096.703227282,222.666122437,-694.981262207,-26.826847076,0.959018648,0.276430547,0.053515427,-0.031709470
1653513096.770377874,222.857299805,-694.863037109,-26.832641602,0.958966255,0.276324272,0.054023068,-0.033318654
1653513096.836763382,222.857299805,-694.863037109,-26.832641602,0.958966255,0.276324272,0.054023068,-0.033318654
1653513096.904906511,223.032409668,-694.758422852,-26.841527939,0.958983481,0.276080877,0.054335866,-0.034317620
1653513096.970194817,223.032409668,-694.758422852,-26.841527939,0.958983481,0.276080877,0.054335866,-0.034317620
1653513097.036877632,223.233413696,-694.636474609,-26.858106613,0.958727419,0.276753575,0.054833446,-0.035249565
1653513097.104210615,223.233413696,-694.636474609,-26.858106613,0.958727419,0.276753575,0.054833446,-0.035249565
1653513097.170763731,223.422180176,-694.535339355,-26.879487991,0.958149552,0.278517336,0.056655262,-0.034171212
1653513097.236441612,223.422180176,-694.535339355,-26.879487991,0.958149552,0.278517336,0.056655262,-0.034171212
1653513097.303555489,223.606582642,-694.450744629,-26.906408310,0.957431555,0.280859947,0.059517127,-0.030004404
1653513097.369893551,223.606582642,-694.450744629,-26.906408310,0.957431555,0.280859947,0.059517127,-0.030004404
1653513097.437802553,223.780578613,-694.384948730,-26.944450378,0.956908166,0.282425702,0.062951736,-0.024486709
1653513097.509837389,223.780578613,-694.384948730,-26.944450378,0.956908166,0.282425702,0.062951736,-0.024486709
1653513097.569800615,223.972442627,-694.311523438,-26.992895126,0.956609368,0.283553094,0.063792989,-0.020655490
1653513097.637128353,223.972442627,-694.311523438,-26.992895126,0.956609368,0.283553094,0.063792989,-0.020655490
1653513097.705577850,224.138275146,-694.264099121,-27.040983200,0.956555784,0.283947676,0.063582703,-0.018219696
1653513097.770046711,224.138275146,-694.264099121,-27.040983200,0.956555784,0.283947676,0.063582703,-0.018219696
1653513097.837399244,224.308715820,-694.226501465,-27.092128754,0.957181036,0.282037646,0.063502051,-0.015055479
1653513097.904167652,224.308715820,-694.226501465,-27.092128754,0.957181036,0.282037646,0.063502051,-0.015055479
1653513097.970353127,224.473129272,-694.195861816,-27.144947052,0.957810462,0.280145824,0.062956177,-0.012408325
1653513098.037791014,224.473129272,-694.195861816,-27.144947052,0.957810462,0.280145824,0.062956177,-0.012408325
1653513098.103985786,224.653823853,-694.151916504,-27.204620361,0.958479762,0.278248191,0.061432060,-0.010979326
1653513098.170916319,224.653823853,-694.151916504,-27.204620361,0.958479762,0.278248191,0.061432060,-0.010979326
1653513098.239116907,224.778915405,-694.132751465,-27.260068893,0.959214926,0.275899231,0.060746890,-0.009808897
1653513098.307355881,224.778915405,-694.132751465,-27.260068893,0.959214926,0.275899231,0.060746890,-0.009808897
1653513098.370332241,224.951431274,-694.074035645,-27.322641373,0.959833682,0.274012089,0.059573013,-0.009367801
1653513098.436947107,224.951431274,-694.074035645,-27.322641373,0.959833682,0.274012089,0.059573013,-0.009367801
1653513098.505604982,225.087249756,-694.026916504,-27.381452560,0.960242808,0.272329181,0.060648061,-0.009609230
1653513098.569824219,225.087249756,-694.026916504,-27.381452560,0.960242808,0.272329181,0.060648061,-0.009609230
1653513098.636430979,225.208740234,-693.980529785,-27.440332413,0.960570157,0.271006405,0.061333310,-0.009933962
1653513098.703746796,225.208740234,-693.980529785,-27.440332413,0.960570157,0.271006405,0.061333310,-0.009933962
1653513098.771059275,225.317962646,-693.940795898,-27.501388550,0.960847437,0.269801944,0.061921630,-0.012034728
1653513098.836677313,225.317962646,-693.940795898,-27.501388550,0.960847437,0.269801944,0.061921630,-0.012034728
1653513098.903956890,225.429351807,-693.899047852,-27.567680359,0.961321652,0.268209219,0.061254792,-0.013128459
1653513098.969783783,225.429351807,-693.899047852,-27.567680359,0.961321652,0.268209219,0.061254792,-0.013128459
1653513099.036674976,225.546737671,-693.851440430,-27.640083313,0.961612284,0.267217666,0.060871866,-0.013824527
1653513099.103584528,225.546737671,-693.851440430,-27.640083313,0.961612284,0.267217666,0.060871866,-0.013824527
1653513099.170124292,225.658645630,-693.808349609,-27.714130402,0.961623311,0.267203569,0.060729165,-0.013958670
1653513099.241071463,225.658645630,-693.808349609,-27.714130402,0.961623311,0.267203569,0.060729165,-0.013958670
1653513099.303997040,225.768402100,-693.772644043,-27.791648865,0.962143540,0.265612334,0.059336554,-0.014458180
1653513099.370102882,225.768402100,-693.772644043,-27.791648865,0.962143540,0.265612334,0.059336554,-0.014458180
1653513099.438341379,225.877990723,-693.734802246,-27.873931885,0.962487876,0.264664263,0.058292978,-0.013107562
1653513099.503324986,225.877990723,-693.734802246,-27.873931885,0.962487876,0.264664263,0.058292978,-0.013107562
1653513099.572387934,225.972915649,-693.690612793,-27.955070496,0.962872446,0.263533294,0.057357941,-0.011703422
1653513099.636506081,225.972915649,-693.690612793,-27.955070496,0.962872446,0.263533294,0.057357941,-0.011703422
1653513099.704941511,226.061218262,-693.651672363,-28.028162003,0.962864280,0.263760179,0.056356039,-0.012120004
1653513099.770520449,226.061218262,-693.651672363,-28.028162003,0.962864280,0.263760179,0.056356039,-0.012120004
1653513099.836371660,226.143524170,-693.614990234,-28.108850479,0.962823212,0.263943642,0.055818677,-0.013765412
1653513099.904229641,226.143524170,-693.614990234,-28.108850479,0.962823212,0.263943642,0.055818677,-0.013765412
1653513099.969869137,226.203231812,-693.587402344,-28.173082352,0.962905467,0.263793141,0.054639209,-0.015516325
1653513100.038903475,226.203231812,-693.587402344,-28.173082352,0.962905467,0.263793141,0.054639209,-0.015516325
1653513100.104021788,226.274978638,-693.553283691,-28.259828568,0.962892294,0.263985693,0.053309761,-0.017551759
1653513100.170531034,226.274978638,-693.553283691,-28.259828568,0.962892294,0.263985693,0.053309761,-0.017551759
1653513100.236579895,226.353317261,-693.519714355,-28.346416473,0.962624133,0.264595270,0.054873541,-0.018249243
1653513100.304125547,226.353317261,-693.519714355,-28.346416473,0.962624133,0.264595270,0.054873541,-0.018249243
1653513100.369740963,226.410797119,-693.502014160,-28.437097549,0.962029159,0.266856283,0.055295225,-0.015166767
1653513100.436618567,226.410797119,-693.502014160,-28.437097549,0.962029159,0.266856283,0.055295225,-0.015166767
1653513100.504325390,226.457550049,-693.496826172,-28.513908386,0.961351633,0.269488841,0.055325165,-0.010860147
1653513100.570375681,226.457550049,-693.496826172,-28.513908386,0.961351633,0.269488841,0.055325165,-0.010860147
1653513100.638566732,226.511520386,-693.493164062,-28.610315323,0.960687637,0.272213936,0.054091543,-0.007272537
1653513100.703291416,226.511520386,-693.493164062,-28.610315323,0.960687637,0.272213936,0.054091543,-0.007272537
1653513100.769775867,226.591049194,-693.465148926,-28.716724396,0.960194051,0.274370342,0.051989336,-0.006739994
1653513100.836735725,226.591049194,-693.465148926,-28.716724396,0.960194051,0.274370342,0.051989336,-0.006739994
1653513100.903906345,226.638168335,-693.448608398,-28.796905518,0.959929287,0.275765151,0.049443051,-0.006684837
1653513100.969745159,226.638168335,-693.448608398,-28.796905518,0.959929287,0.275765151,0.049443051,-0.006684837
1653513101.036355972,226.676849365,-693.450317383,-28.854413986,0.959599853,0.277231514,0.047890786,-0.004155587
1653513101.104979753,226.676849365,-693.450317383,-28.854413986,0.959599853,0.277231514,0.047890786,-0.004155587
1653513101.170901299,226.732162476,-693.450683594,-28.930301666,0.959332943,0.278234810,0.047583759,0.001228038
1653513101.237215996,226.732162476,-693.450683594,-28.930301666,0.959332943,0.278234810,0.047583759,0.001228038
1653513101.303819180,226.771179199,-693.458801270,-28.987785339,0.959405661,0.278289527,0.045483377,0.005192772
1653513101.369878531,226.771179199,-693.458801270,-28.987785339,0.959405661,0.278289527,0.045483377,0.005192772
1653513101.436286211,226.834396362,-693.442626953,-29.084213257,0.959738970,0.277292281,0.044561155,0.004940212
1653513101.503139257,226.834396362,-693.442626953,-29.084213257,0.959738970,0.277292281,0.044561155,0.004940212
1653513101.569857597,226.866592407,-693.435791016,-29.157423019,0.960512877,0.275123596,0.041493099,0.000629187
1653513101.638146400,226.866592407,-693.435791016,-29.157423019,0.960512877,0.275123596,0.041493099,0.000629187
1653513101.705994606,226.895736694,-693.430297852,-29.218275070,0.961135983,0.273208737,0.039458606,-0.004195462
1653513101.769755363,226.895736694,-693.430297852,-29.218275070,0.961135983,0.273208737,0.039458606,-0.004195462
1653513101.837320805,226.930175781,-693.428039551,-29.282749176,0.961546123,0.271938324,0.038041819,-0.005607290
1653513101.903564692,226.930175781,-693.428039551,-29.282749176,0.961546123,0.271938324,0.038041819,-0.005607290
1653513101.970724344,226.966110229,-693.429016113,-29.336078644,0.961564362,0.272050053,0.036942497,-0.004236762
1653513102.036625624,226.966110229,-693.429016113,-29.336078644,0.961564362,0.272050053,0.036942497,-0.004236762
1653513102.104099274,226.985763550,-693.425964355,-29.358642578,0.961319625,0.273162305,0.035225347,-0.002479919
1653513102.169761658,226.985763550,-693.425964355,-29.358642578,0.961319625,0.273162305,0.035225347,-0.002479919
1653513102.237428188,227.016906738,-693.415588379,-29.395538330,0.961311698,0.273313344,0.034275968,-0.002183571
1653513102.303252220,227.016906738,-693.415588379,-29.395538330,0.961311698,0.273313344,0.034275968,-0.002183571
1653513102.370064020,227.045425415,-693.401977539,-29.423749924,0.961143732,0.273990393,0.033570226,-0.002241122
1653513102.436541080,227.045425415,-693.401977539,-29.423749924,0.961143732,0.273990393,0.033570226,-0.002241122
1653513102.503147602,227.064758301,-693.377990723,-29.442586899,0.960317135,0.276785851,0.034320872,-0.001644047
1653513102.569645166,227.064758301,-693.377990723,-29.442586899,0.960317135,0.276785851,0.034320872,-0.001644047
1653513102.636395693,227.080535889,-693.345642090,-29.477960587,0.959386587,0.279909492,0.035017908,-0.001320239
1653513102.703693867,227.080535889,-693.345642090,-29.477960587,0.959386587,0.279909492,0.035017908,-0.001320239
1653513102.770457983,227.098846436,-693.309387207,-29.511693954,0.958044767,0.284331352,0.036124278,-0.000958088
1653513102.836500406,227.098846436,-693.309387207,-29.511693954,0.958044767,0.284331352,0.036124278,-0.000958088
1653513102.903528929,227.122100830,-693.269104004,-29.542533875,0.956784010,0.288306653,0.037994388,-0.000213700
1653513102.969876051,227.122100830,-693.269104004,-29.542533875,0.956784010,0.288306653,0.037994388,-0.000213700
1653513103.038102627,227.151702881,-693.237548828,-29.577018738,0.956899285,0.287463069,0.041312654,0.001432468
1653513103.103633642,227.151702881,-693.237548828,-29.577018738,0.956899285,0.287463069,0.041312654,0.001432468
1653513103.170266867,227.195159912,-693.211853027,-29.614748001,0.957985580,0.283329695,0.044511981,0.002558942
1653513103.237084389,227.195159912,-693.211853027,-29.614748001,0.957985580,0.283329695,0.044511981,0.002558942
1653513103.303250551,227.235397339,-693.194946289,-29.657659531,0.959386587,0.278107077,0.047195334,0.002523599
1653513103.370544195,227.235397339,-693.194946289,-29.657659531,0.959386587,0.278107077,0.047195334,0.002523599
1653513103.436513901,227.274642944,-693.171081543,-29.700969696,0.960562110,0.273882449,0.047975883,0.002676919
1653513103.503788948,227.274642944,-693.171081543,-29.700969696,0.960562110,0.273882449,0.047975883,0.002676919
1653513103.569785833,227.299423218,-693.134826660,-29.762359619,0.961584866,0.270465702,0.046923142,0.001018225
1653513103.636470556,227.299423218,-693.134826660,-29.762359619,0.961584866,0.270465702,0.046923142,0.001018225
1653513103.703319311,227.306579590,-693.086425781,-29.807056427,0.962087750,0.269298434,0.043063704,-0.003314455
1653513103.769805670,227.306579590,-693.086425781,-29.807056427,0.962087750,0.269298434,0.043063704,-0.003314455
1653513103.838353634,227.303833008,-693.021240234,-29.859544754,0.961919725,0.270175725,0.040090013,-0.010405224
1653513103.903197527,227.303833008,-693.021240234,-29.859544754,0.961919725,0.270175725,0.040090013,-0.010405224
1653513103.972465992,227.299468994,-692.954467773,-29.898784637,0.961304486,0.272388101,0.037464485,-0.017169597
1653513104.036476374,227.299468994,-692.954467773,-29.898784637,0.961304486,0.272388101,0.037464485,-0.017169597
1653513104.103299379,227.293853760,-692.901611328,-29.920583725,0.960631847,0.274640352,0.036169283,-0.021234421
1653513104.172963142,227.293853760,-692.901611328,-29.920583725,0.960631847,0.274640352,0.036169283,-0.021234421
1653513104.236424685,227.302993774,-692.851745605,-29.945201874,0.960380018,0.275475442,0.035955708,-0.022152526
1653513104.305507183,227.302993774,-692.851745605,-29.945201874,0.960380018,0.275475442,0.035955708,-0.022152526
1653513104.374443054,227.319229126,-692.807128906,-29.963903427,0.960003972,0.276628613,0.036928553,-0.022479337
1653513104.436755657,227.319229126,-692.807128906,-29.963903427,0.960003972,0.276628613,0.036928553,-0.022479337
1653513104.503531694,227.344436646,-692.780883789,-29.975275040,0.960446000,0.275110275,0.036421802,-0.023049088
1653513104.569940329,227.344436646,-692.780883789,-29.975275040,0.960446000,0.275110275,0.036421802,-0.023049088
1653513104.637089968,227.373443604,-692.772033691,-29.978958130,0.961052001,0.272962034,0.037648302,-0.021292875
1653513104.703307629,227.373443604,-692.772033691,-29.978958130,0.961052001,0.272962034,0.037648302,-0.021292875
1653513104.770014763,227.405593872,-692.771362305,-29.994619370,0.961800098,0.270311892,0.038884863,-0.018973205
1653513104.836340427,227.405593872,-692.771362305,-29.994619370,0.961800098,0.270311892,0.038884863,-0.018973205
1653513104.903681278,227.436920166,-692.761169434,-30.012374878,0.962078989,0.269242585,0.040376227,-0.016800556
1653513104.972533941,227.436920166,-692.761169434,-30.012374878,0.962078989,0.269242585,0.040376227,-0.016800556
1653513105.037299156,227.464187622,-692.749877930,-30.035089493,0.962078035,0.269212574,0.041433081,-0.014618733
1653513105.103098154,227.464187622,-692.749877930,-30.035089493,0.962078035,0.269212574,0.041433081,-0.014618733
1653513105.171151638,227.488876343,-692.734985352,-30.063236237,0.961840212,0.269999504,0.041956302,-0.014261503
1653513105.236464977,227.488876343,-692.734985352,-30.063236237,0.961840212,0.269999504,0.041956302,-0.014261503
1653513105.303493738,227.508544922,-692.721435547,-30.096071243,0.961599827,0.270817012,0.041383732,-0.016471159
1653513105.369812727,227.508544922,-692.721435547,-30.096071243,0.961599827,0.270817012,0.041383732,-0.016471159
1653513105.436817646,227.525207520,-692.708190918,-30.125057220,0.961153865,0.272450596,0.040436383,-0.017854303
1653513105.503356695,227.525207520,-692.708190918,-30.125057220,0.961153865,0.272450596,0.040436383,-0.017854303
1653513105.572499037,227.541320801,-692.696228027,-30.162206650,0.960308969,0.275607765,0.039702322,-0.016453730
1653513105.636432171,227.541320801,-692.696228027,-30.162206650,0.960308969,0.275607765,0.039702322,-0.016453730
1653513105.703423977,227.558059692,-692.684936523,-30.204902649,0.959346294,0.279134899,0.039434437,-0.013538269
1653513105.769799232,227.558059692,-692.684936523,-30.204902649,0.959346294,0.279134899,0.039434437,-0.013538269
1653513105.836704254,227.574737549,-692.677490234,-30.249246597,0.958231449,0.283176214,0.038860202,-0.009675637
1653513105.903565407,227.574737549,-692.677490234,-30.249246597,0.958231449,0.283176214,0.038860202,-0.009675637
1653513105.969655275,227.593292236,-692.673522949,-30.297126770,0.957691312,0.285189331,0.037898626,-0.007624065
1653513106.036425591,227.593292236,-692.673522949,-30.297126770,0.957691312,0.285189331,0.037898626,-0.007624065
1653513106.102975130,227.611251831,-692.678100586,-30.337297440,0.957636058,0.285477072,0.036922861,-0.008530120
1653513106.170122147,227.611251831,-692.678100586,-30.337297440,0.957636058,0.285477072,0.036922861,-0.008530120
1653513106.236977577,227.639144897,-692.689331055,-30.378875732,0.957988024,0.284337372,0.036114726,-0.010342676
1653513106.304069042,227.639144897,-692.689331055,-30.378875732,0.957988024,0.284337372,0.036114726,-0.010342676
1653513106.369701147,227.672973633,-692.703674316,-30.417301178,0.958527982,0.282658398,0.035249967,-0.009263814
1653513106.437458992,227.672973633,-692.703674316,-30.417301178,0.958527982,0.282658398,0.035249967,-0.009263814
1653513106.503532648,227.710006714,-692.707946777,-30.459941864,0.958785415,0.282011300,0.033910569,-0.007089870
1653513106.569948196,227.710006714,-692.707946777,-30.459941864,0.958785415,0.282011300,0.033910569,-0.007089870
1653513106.636437416,227.735107422,-692.707824707,-30.498630524,0.958333373,0.283650964,0.033336353,-0.005282609
1653513106.704164267,227.735107422,-692.707824707,-30.498630524,0.958333373,0.283650964,0.033336353,-0.005282609
1653513106.769970417,227.750167847,-692.698486328,-30.525102615,0.956982315,0.288210124,0.032830179,-0.006478155
1653513106.836457491,227.750167847,-692.698486328,-30.525102615,0.956982315,0.288210124,0.032830179,-0.006478155
1653513106.904281378,227.767761230,-692.679321289,-30.557563782,0.955072582,0.294413209,0.032914519,-0.008595610
1653513106.970066071,227.767761230,-692.679321289,-30.557563782,0.955072582,0.294413209,0.032914519,-0.008595610
1653513107.036366940,227.793350220,-692.670043945,-30.586946487,0.953698635,0.298693925,0.033729214,-0.010159231
1653513107.103310823,227.793350220,-692.670043945,-30.586946487,0.953698635,0.298693925,0.033729214,-0.010159231
1653513107.169622421,227.825927734,-692.675048828,-30.611518860,0.952698648,0.301623225,0.036105748,-0.009223273
1653513107.236374378,227.825927734,-692.675048828,-30.611518860,0.952698648,0.301623225,0.036105748,-0.009223273
1653513107.303328514,227.869644165,-692.690307617,-30.650245667,0.952006459,0.303645641,0.038064770,-0.005842325
1653513107.369982958,227.869644165,-692.690307617,-30.650245667,0.952006459,0.303645641,0.038064770,-0.005842325
1653513107.436282158,227.919357300,-692.716186523,-30.686742783,0.951324344,0.305445731,0.041046742,0.000077847
1653513107.503490210,227.919357300,-692.716186523,-30.686742783,0.951324344,0.305445731,0.041046742,0.000077847
1653513107.569704533,227.981231689,-692.746948242,-30.730730057,0.951335192,0.305080384,0.042946544,0.006548486
1653513107.636731148,227.981231689,-692.746948242,-30.730730057,0.951335192,0.305080384,0.042946544,0.006548486
1653513107.703015089,228.040557861,-692.781188965,-30.773002625,0.951507270,0.304050058,0.044908725,0.013066669
1653513107.769996881,228.040557861,-692.781188965,-30.773002625,0.951507270,0.304050058,0.044908725,0.013066669
1653513107.836564779,228.097167969,-692.805480957,-30.818798065,0.952056766,0.302041084,0.045896467,0.015894199
1653513107.903425455,228.097167969,-692.805480957,-30.818798065,0.952056766,0.302041084,0.045896467,0.015894199
1653513107.969791651,228.144851685,-692.816406250,-30.861936569,0.952713192,0.300143421,0.045260482,0.014248502
1653513108.037238836,228.144851685,-692.816406250,-30.861936569,0.952713192,0.300143421,0.045260482,0.014248502
1653513108.103199720,228.182373047,-692.812561035,-30.899358749,0.952838182,0.299894691,0.044819701,0.012402423
1653513108.171427250,228.182373047,-692.812561035,-30.899358749,0.952838182,0.299894691,0.044819701,0.012402423
1653513108.236317635,228.205734253,-692.795288086,-30.932193756,0.952473938,0.301142871,0.044705663,0.010379607
1653513108.303046942,228.205734253,-692.795288086,-30.932193756,0.952473938,0.301142871,0.044705663,0.010379607
1653513108.370073080,228.224731445,-692.770507812,-30.971445084,0.951712787,0.303491473,0.045304909,0.009121167
1653513108.436401367,228.224731445,-692.770507812,-30.971445084,0.951712787,0.303491473,0.045304909,0.009121167
1653513108.503463507,228.239944458,-692.740234375,-31.009552002,0.950948894,0.306059033,0.044232532,0.008219097
1653513108.569967747,228.239944458,-692.740234375,-31.009552002,0.950948894,0.306059033,0.044232532,0.008219097
1653513108.636328936,228.254959106,-692.707397461,-31.050243378,0.950511217,0.307571203,0.043568876,0.005488054
1653513108.703179359,228.254959106,-692.707397461,-31.050243378,0.950511217,0.307571203,0.043568876,0.005488054
1653513108.771397352,228.269317627,-692.673889160,-31.086509705,0.950151801,0.308785826,0.043115735,0.001966619
1653513108.836324453,228.269317627,-692.673889160,-31.086509705,0.950151801,0.308785826,0.043115735,0.001966619
1653513108.902985334,228.285110474,-692.643798828,-31.122776031,0.950109720,0.308880478,0.043409836,-0.000046734
1653513108.969967842,228.285110474,-692.643798828,-31.122776031,0.950109720,0.308880478,0.043409836,-0.000046734
1653513109.037387133,228.301086426,-692.614807129,-31.153432846,0.950217545,0.308479697,0.043895535,-0.000256171
1653513109.103049040,228.301086426,-692.614807129,-31.153432846,0.950217545,0.308479697,0.043895535,-0.000256171
1653513109.169563293,228.316864014,-692.581848145,-31.189624786,0.950132310,0.308592916,0.044922143,-0.001001311
1653513109.236780882,228.316864014,-692.581848145,-31.189624786,0.950132310,0.308592916,0.044922143,-0.001001311
1653513109.303071022,228.325805664,-692.548583984,-31.222564697,0.949992418,0.308827400,0.046199638,-0.002384015
1653513109.369539261,228.325805664,-692.548583984,-31.222564697,0.949992418,0.308827400,0.046199638,-0.002384015
1653513109.439330816,228.330551147,-692.511596680,-31.257787704,0.950027823,0.308584690,0.046891887,-0.004877133
1653513109.504407644,228.330551147,-692.511596680,-31.257787704,0.950027823,0.308584690,0.046891887,-0.004877133
1653513109.569746494,228.329330444,-692.471862793,-31.291007996,0.949804187,0.309229761,0.046742115,-0.008005882
1653513109.637364149,228.329330444,-692.471862793,-31.291007996,0.949804187,0.309229761,0.046742115,-0.008005882
1653513109.703591585,228.326721191,-692.423034668,-31.330051422,0.949519098,0.309988379,0.046802666,-0.011411662
1653513109.770133495,228.326721191,-692.423034668,-31.330051422,0.949519098,0.309988379,0.046802666,-0.011411662
1653513109.837481022,228.320083618,-692.380676270,-31.365112305,0.949339032,0.310458034,0.046411842,-0.014737116
1653513109.903164864,228.320083618,-692.380676270,-31.365112305,0.949339032,0.310458034,0.046411842,-0.014737116
1653513109.969664335,228.314331055,-692.340087891,-31.403663635,0.949147046,0.310970962,0.045732301,-0.018040633
1653513110.036591291,228.314331055,-692.340087891,-31.403663635,0.949147046,0.310970962,0.045732301,-0.018040633
1653513110.103851318,228.309844971,-692.309753418,-31.437705994,0.949334145,0.310316384,0.044890024,-0.021290189
1653513110.169785738,228.309844971,-692.309753418,-31.437705994,0.949334145,0.310316384,0.044890024,-0.021290189
1653513110.237700224,228.308502197,-692.292297363,-31.468257904,0.950008988,0.308165193,0.044310808,-0.023531163
1653513110.303680420,228.308502197,-692.292297363,-31.468257904,0.950008988,0.308165193,0.044310808,-0.023531163
1653513110.369691133,228.307159424,-692.274169922,-31.505018234,0.950546086,0.306469202,0.043759543,-0.024976572
1653513110.436315060,228.307159424,-692.274169922,-31.505018234,0.950546086,0.306469202,0.043759543,-0.024976572
1653513110.504213572,228.306198120,-692.260314941,-31.538417816,0.951016963,0.305202216,0.042420283,-0.024876365
1653513110.569657087,228.306198120,-692.260314941,-31.538417816,0.951016963,0.305202216,0.042420283,-0.024876365
1653513110.636338949,228.301696777,-692.247192383,-31.570524216,0.951051712,0.305314273,0.040907186,-0.024707267
1653513110.703925848,228.301696777,-692.247192383,-31.570524216,0.951051712,0.305314273,0.040907186,-0.024707267
1653513110.770068407,228.291656494,-692.229492188,-31.606910706,0.950472474,0.307316750,0.039601114,-0.024295615
1653513110.836251497,228.291656494,-692.229492188,-31.606910706,0.950472474,0.307316750,0.039601114,-0.024295615
1653513110.903318644,228.278045654,-692.209899902,-31.643148422,0.949519575,0.310538024,0.036476433,-0.025459588
1653513110.970070601,228.278045654,-692.209899902,-31.643148422,0.949519575,0.310538024,0.036476433,-0.025459588
1653513111.036360025,228.269027710,-692.197875977,-31.677286148,0.948825598,0.312947571,0.033499785,-0.025914397
1653513111.103471041,228.269027710,-692.197875977,-31.677286148,0.948825598,0.312947571,0.033499785,-0.025914397
1653513111.169856071,228.268112183,-692.195861816,-31.711763382,0.948089302,0.315431058,0.032576654,-0.023847541
1653513111.238117933,228.268112183,-692.195861816,-31.711763382,0.948089302,0.315431058,0.032576654,-0.023847541
1653513111.303052664,228.280654907,-692.209045410,-31.739850998,0.947650254,0.317002267,0.033127528,-0.019265186
1653513111.369819403,228.280654907,-692.209045410,-31.739850998,0.947650254,0.317002267,0.033127528,-0.019265186
1653513111.436264753,228.301620483,-692.230773926,-31.771179199,0.947681308,0.317011654,0.035078898,-0.013159452
1653513111.504684925,228.301620483,-692.230773926,-31.771179199,0.947681308,0.317011654,0.035078898,-0.013159452
1653513111.571039677,228.325744629,-692.255737305,-31.804668427,0.948328316,0.315120250,0.035918426,-0.009082754
1653513111.636807442,228.325744629,-692.255737305,-31.804668427,0.948328316,0.315120250,0.035918426,-0.009082754
1653513111.703723907,228.350173950,-692.278259277,-31.832206726,0.949277043,0.312186718,0.036668252,-0.008244539
1653513111.769697666,228.350173950,-692.278259277,-31.832206726,0.949277043,0.312186718,0.036668252,-0.008244539
1653513111.836372137,228.370529175,-692.293579102,-31.855609894,0.950212836,0.309262007,0.037310798,-0.007778287
1653513111.903351545,228.370529175,-692.293579102,-31.855609894,0.950212836,0.309262007,0.037310798,-0.007778287
1653513111.969746590,228.382308960,-692.293884277,-31.883304596,0.950222492,0.309247017,0.037040867,-0.008451560
1653513112.036698580,228.382308960,-692.293884277,-31.883304596,0.950222492,0.309247017,0.037040867,-0.008451560
1653513112.103734970,228.387542725,-692.283691406,-31.912210464,0.949635506,0.311056882,0.036858935,-0.008800977
1653513112.169908285,228.387542725,-692.283691406,-31.912210464,0.949635506,0.311056882,0.036858935,-0.008800977
1653513112.236343384,228.386779785,-692.262145996,-31.940090179,0.948445082,0.314657241,0.036724836,-0.009695950
1653513112.303010941,228.386779785,-692.262145996,-31.940090179,0.948445082,0.314657241,0.036724836,-0.009695950
1653513112.369526386,228.387359619,-692.240661621,-31.965877533,0.947211325,0.318258762,0.037110344,-0.011173602
1653513112.436528683,228.387359619,-692.240661621,-31.965877533,0.947211325,0.318258762,0.037110344,-0.011173602
1653513112.503472805,228.393188477,-692.228454590,-31.990541458,0.946684837,0.319689780,0.038116291,-0.011548205
1653513112.569807768,228.393188477,-692.228454590,-31.990541458,0.946684837,0.319689780,0.038116291,-0.011548205
1653513112.636318922,228.409027100,-692.228149414,-32.012145996,0.947145104,0.318198174,0.039157361,-0.011524920
1653513112.703379631,228.409027100,-692.228149414,-32.012145996,0.947145104,0.318198174,0.039157361,-0.011524920
1653513112.769684076,228.433334351,-692.237731934,-32.034214020,0.948213458,0.315078616,0.038940676,-0.010016087
1653513112.836404085,228.433334351,-692.237731934,-32.034214020,0.948213458,0.315078616,0.038940676,-0.010016087
1653513112.903737068,228.458847046,-692.250000000,-32.058052063,0.949507773,0.311308771,0.037888430,-0.009287451
1653513112.969607592,228.458847046,-692.250000000,-32.058052063,0.949507773,0.311308771,0.037888430,-0.009287451
1653513113.037036896,228.480285645,-692.255065918,-32.081718445,0.950780809,0.307536602,0.036648348,-0.009695107
1653513113.104595184,228.480285645,-692.255065918,-32.081718445,0.950780809,0.307536602,0.036648348,-0.009695107
1653513113.170630455,228.492462158,-692.249633789,-32.096855164,0.951475441,0.305507839,0.034954552,-0.011730256
1653513113.236193657,228.492462158,-692.249633789,-32.096855164,0.951475441,0.305507839,0.034954552,-0.011730256
1653513113.303601265,228.498214722,-692.232177734,-32.107238770,0.951360345,0.305927247,0.033036176,-0.015186605
1653513113.369539261,228.498214722,-692.232177734,-32.107238770,0.951360345,0.305927247,0.033036176,-0.015186605
1653513113.437399149,228.499649048,-692.208862305,-32.111633301,0.950800002,0.307415813,0.033583425,-0.018629339
1653513113.503342628,228.499649048,-692.208862305,-32.111633301,0.950800002,0.307415813,0.033583425,-0.018629339
1653513113.569770575,228.501434326,-692.185058594,-32.115188599,0.949818552,0.310132742,0.035098553,-0.020749373
1653513113.637633562,228.501434326,-692.185058594,-32.115188599,0.949818552,0.310132742,0.035098553,-0.020749373
1653513113.703349352,228.510818481,-692.170043945,-32.125282288,0.949158788,0.312040776,0.036835697,-0.019269757
1653513113.771845102,228.510818481,-692.170043945,-32.125282288,0.949158788,0.312040776,0.036835697,-0.019269757
1653513113.840405226,228.529052734,-692.168640137,-32.138286591,0.949133039,0.311912954,0.040045884,-0.015910182
1653513113.903134108,228.529052734,-692.168640137,-32.138286591,0.949133039,0.311912954,0.040045884,-0.015910182
1653513113.969697714,228.550979614,-692.173706055,-32.157005310,0.949770033,0.309955686,0.040995028,-0.013556753
1653513114.040904522,228.550979614,-692.173706055,-32.157005310,0.949770033,0.309955686,0.040995028,-0.013556753
1653513114.102905035,228.561035156,-692.179809570,-32.177410126,0.950645924,0.307381809,0.039182764,-0.015918840
1653513114.169747829,228.561035156,-692.179809570,-32.177410126,0.950645924,0.307381809,0.039182764,-0.015918840
1653513114.236391068,228.562896729,-692.187500000,-32.200611115,0.951482892,0.305042028,0.034952749,-0.020199060
1653513114.303339958,228.562896729,-692.187500000,-32.200611115,0.951482892,0.305042028,0.034952749,-0.020199060
1653513114.369726181,228.568252563,-692.201965332,-32.225330353,0.951887250,0.304089159,0.032610159,-0.019416008
1653513114.436788559,228.568252563,-692.201965332,-32.225330353,0.951887250,0.304089159,0.032610159,-0.019416008
1653513114.503834486,228.576416016,-692.215026855,-32.241870880,0.952050865,0.303972065,0.031249726,-0.014951928
1653513114.569629431,228.576416016,-692.215026855,-32.241870880,0.952050865,0.303972065,0.031249726,-0.014951928
1653513114.639852285,228.577499390,-692.214904785,-32.245895386,0.952285528,0.303321660,0.029934002,-0.015879313
1653513114.703351021,228.577499390,-692.214904785,-32.245895386,0.952285528,0.303321660,0.029934002,-0.015879313
1653513114.769948244,228.576049805,-692.210266113,-32.244506836,0.952353895,0.302951872,0.029423350,-0.019403156
1653513114.836935997,228.576049805,-692.210266113,-32.244506836,0.952353895,0.302951872,0.029423350,-0.019403156
1653513114.904221296,228.577758789,-692.209228516,-32.248489380,0.952054501,0.303758830,0.030252658,-0.020188283
1653513114.969518185,228.577758789,-692.209228516,-32.248489380,0.952054501,0.303758830,0.030252658,-0.020188283
1653513115.036816835,228.579055786,-692.206970215,-32.258453369,0.951720059,0.304759294,0.030897796,-0.019901780
1653513115.103946924,228.579055786,-692.206970215,-32.258453369,0.951720059,0.304759294,0.030897796,-0.019901780
1653513115.170614481,228.577804565,-692.201843262,-32.270328522,0.951496601,0.305294394,0.029131206,-0.024512772
1653513115.236167192,228.577804565,-692.201843262,-32.270328522,0.951496601,0.305294394,0.029131206,-0.024512772
1653513115.304181576,228.582015991,-692.205261230,-32.288963318,0.951627314,0.304672301,0.026408199,-0.029712748
1653513115.369537592,228.582015991,-692.205261230,-32.288963318,0.951627314,0.304672301,0.026408199,-0.029712748
1653513115.441831112,228.591552734,-692.215942383,-32.313446045,0.951875150,0.303994358,0.024040069,-0.030711168
1653513115.503090858,228.591552734,-692.215942383,-32.313446045,0.951875150,0.303994358,0.024040069,-0.030711168
1653513115.570228338,228.599899292,-692.221313477,-32.332847595,0.952224791,0.303185433,0.022270296,-0.029163573
1653513115.636231899,228.599899292,-692.221313477,-32.332847595,0.952224791,0.303185433,0.022270296,-0.029163573
1653513115.703533649,228.604598999,-692.218383789,-32.335681915,0.952283025,0.303101987,0.020786883,-0.029226230
1653513115.770761490,228.604598999,-692.218383789,-32.335681915,0.952283025,0.303101987,0.020786883,-0.029226230
1653513115.836740255,228.609786987,-692.218627930,-32.333564758,0.952356935,0.303015977,0.020809164,-0.027649863
1653513115.903577328,228.609786987,-692.218627930,-32.333564758,0.952356935,0.303015977,0.020809164,-0.027649863
1653513115.971244335,228.612503052,-692.218505859,-32.334568024,0.952460885,0.302724183,0.020962302,-0.027146654
1653513116.038707733,228.612503052,-692.218505859,-32.334568024,0.952460885,0.302724183,0.020962302,-0.027146654
1653513116.103363037,228.613159180,-692.219787598,-32.338954926,0.952491462,0.302700520,0.020868147,-0.026399942
1653513116.172530890,228.613159180,-692.219787598,-32.338954926,0.952491462,0.302700520,0.020868147,-0.026399942
1653513116.236369133,228.610885620,-692.216064453,-32.342262268,0.952320576,0.303203344,0.020617900,-0.026984703
1653513116.303992987,228.610885620,-692.216064453,-32.342262268,0.952320576,0.303203344,0.020617900,-0.026984703
1653513116.369833946,228.607116699,-692.210571289,-32.344360352,0.951885939,0.304415166,0.020691745,-0.028573636
