Timestamp,Pred_X,Pred_Y,Pred_Z,Q_X,Q_Y,Q_Z,Q_W
1653512819.974014044,-0.012729347,-0.002865291,0.054352280,0.393104166,0.919307888,0.003921021,-0.018075686
1653512820.041181087,-0.012729347,-0.002865291,0.054352280,0.393104166,0.919307888,0.003921021,-0.018075686
1653512820.108040333,-0.018258274,-0.005436132,0.059011910,0.392440915,0.919568121,0.004201960,-0.019154999
1653512820.174011230,-0.018258274,-0.005436132,0.059011910,0.392440915,0.919568121,0.004201960,-0.019154999
1653512820.253572702,-0.020376684,-0.005003977,0.065142587,0.392300069,0.919601142,0.003928579,-0.020467749
1653512820.307587862,-0.020376684,-0.005003977,0.065142587,0.392300069,0.919601142,0.003928579,-0.020467749
1653512820.374381781,-0.018540200,-0.003192543,0.073337026,0.392997295,0.919297874,0.004417232,-0.020616310
1653512820.440673590,-0.018540200,-0.003192543,0.073337026,0.392997295,0.919297874,0.004417232,-0.020616310
1653512820.507613420,-0.013223858,0.003601078,0.080576174,0.394834280,0.918514609,0.003975935,-0.020518793
1653512820.573939562,-0.013223858,0.003601078,0.080576174,0.394834280,0.918514609,0.003975935,-0.020518793
1653512820.640833378,-0.008462558,0.016405545,0.091771573,0.396851987,0.917643666,0.003836787,-0.020588251
1653512820.707390785,-0.008462558,0.016405545,0.091771573,0.396851987,0.917643666,0.003836787,-0.020588251
1653512820.774464369,-0.000477588,0.039485164,0.108728610,0.399063379,0.916672409,0.006099564,-0.020563539
1653512820.840949297,-0.000477588,0.039485164,0.108728610,0.399063379,0.916672409,0.006099564,-0.020563539
1653512820.907406807,0.010431003,0.072589412,0.130531102,0.401862830,0.915414035,0.010826254,-0.020154782
1653512820.975776911,0.010431003,0.072589412,0.130531102,0.401862830,0.915414035,0.010826254,-0.020154782
1653512821.044144869,0.022657407,0.117627144,0.167602658,0.405005366,0.913930357,0.017812213,-0.019614620
1653512821.107654095,0.022657407,0.117627144,0.167602658,0.405005366,0.913930357,0.017812213,-0.019614620
1653512821.175495625,0.034230936,0.168551773,0.211935222,0.408482254,0.912226319,0.024680136,-0.019398356
1653512821.240549326,0.034230936,0.168551773,0.211935222,0.408482254,0.912226319,0.024680136,-0.019398356
1653512821.308590174,0.042058699,0.221863389,0.263829857,0.413832188,0.909602642,0.031081665,-0.019996600
1653512821.374742746,0.042058699,0.221863389,0.263829857,0.413832188,0.909602642,0.031081665,-0.019996600
1653512821.445966959,0.041376669,0.272585243,0.325850755,0.419463098,0.906857848,0.034350123,-0.021900974
1653512821.508145571,0.041376669,0.272585243,0.325850755,0.419463098,0.906857848,0.034350123,-0.021900974
1653512821.575905085,0.028976077,0.312587231,0.387837142,0.423404276,0.904951215,0.034989465,-0.023829404
1653512821.640893459,0.028976077,0.312587231,0.387837142,0.423404276,0.904951215,0.034989465,-0.023829404
1653512821.708614826,0.011435173,0.344784468,0.450711608,0.427622706,0.902886868,0.035044976,-0.026569525
1653512821.774208784,0.011435173,0.344784468,0.450711608,0.427622706,0.902886868,0.035044976,-0.026569525
1653512821.840968847,-0.013842568,0.369054765,0.515530288,0.430201262,0.901658237,0.033366390,-0.028740542
1653512821.908558369,-0.013842568,0.369054765,0.515530288,0.430201262,0.901658237,0.033366390,-0.028740542
1653512821.975950718,-0.048296452,0.386837631,0.587422252,0.431032956,0.901277661,0.030672595,-0.031119425
1653512822.042683601,-0.048296452,0.386837631,0.587422252,0.431032956,0.901277661,0.030672595,-0.031119425
1653512822.108957052,-0.086145326,0.402864009,0.664258718,0.431947917,0.900857866,0.027532337,-0.033438187
1653512822.176400661,-0.086145326,0.402864009,0.664258718,0.431947917,0.900857866,0.027532337,-0.033438187
1653512822.241061449,-0.122707225,0.414113194,0.750403166,0.432415903,0.900578856,0.025144357,-0.036632385
1653512822.307558060,-0.122707225,0.414113194,0.750403166,0.432415903,0.900578856,0.025144357,-0.036632385
1653512822.374436378,-0.157804132,0.427224904,0.846634805,0.433203489,0.900102079,0.024020875,-0.039673261
1653512822.440723658,-0.157804132,0.427224904,0.846634805,0.433203489,0.900102079,0.024020875,-0.039673261
1653512822.508008718,-0.195891276,0.437310576,0.950665295,0.432706654,0.900190592,0.024703249,-0.042563412
1653512822.574147224,-0.195891276,0.437310576,0.950665295,0.432706654,0.900190592,0.024703249,-0.042563412
1653512822.644398451,-0.238012761,0.443257719,1.059420466,0.430745035,0.900957763,0.026887283,-0.044843581
1653512822.707651138,-0.238012761,0.443257719,1.059420466,0.430745035,0.900957763,0.026887283,-0.044843581
1653512822.774382114,-0.273346424,0.444012433,1.152338147,0.428822815,0.901764095,0.028523082,-0.046031624
1653512822.840927124,-0.273346424,0.444012433,1.152338147,0.428822815,0.901764095,0.028523082,-0.046031624
1653512822.907576799,-0.301489502,0.443819702,1.246209145,0.427543014,0.902291656,0.030306377,-0.046457045
1653512822.976459026,-0.301489502,0.443819702,1.246209145,0.427543014,0.902291656,0.030306377,-0.046457045
1653512823.040729761,-0.327335447,0.447915107,1.347974181,0.427512050,0.902316868,0.032349557,-0.044846922
1653512823.107409239,-0.327335447,0.447915107,1.347974181,0.427512050,0.902316868,0.032349557,-0.044846922
1653512823.174751043,-0.343625277,0.453647941,1.449202776,0.429437160,0.901457667,0.033530518,-0.042818893
1653512823.250014544,-0.343625277,0.453647941,1.449202776,0.429437160,0.901457667,0.033530518,-0.042818893
1653512823.309221268,-0.355568767,0.458795309,1.561521769,0.432266325,0.900152266,0.034182392,-0.041271035
1653512823.374339342,-0.355568767,0.458795309,1.561521769,0.432266325,0.900152266,0.034182392,-0.041271035
1653512823.448395729,-0.372267336,0.456529647,1.682046652,0.435286373,0.898740470,0.033896286,-0.040526394
1653512823.508929491,-0.372267336,0.456529647,1.682046652,0.435286373,0.898740470,0.033896286,-0.040526394
1653512823.574589729,-0.395269781,0.443297267,1.796693325,0.436034620,0.898456812,0.033027183,-0.039476611
1653512823.640715837,-0.395269781,0.443297267,1.796693325,0.436034620,0.898456812,0.033027183,-0.039476611
1653512823.707232952,-0.424133241,0.417709291,1.918558598,0.436360359,0.898378730,0.030939670,-0.039344963
1653512823.774485350,-0.424133241,0.417709291,1.918558598,0.436360359,0.898378730,0.030939670,-0.039344963
1653512823.840898991,-0.459802657,0.386192679,2.056326866,0.436011434,0.898712575,0.026718715,-0.038676888
1653512823.909199715,-0.459802657,0.386192679,2.056326866,0.436011434,0.898712575,0.026718715,-0.038676888
1653512823.974785089,-0.500874877,0.346854597,2.199983597,0.434373230,0.899617434,0.022153307,-0.038956545
1653512824.040499210,-0.500874877,0.346854597,2.199983597,0.434373230,0.899617434,0.022153307,-0.038956545
1653512824.107287645,-0.539388835,0.304040551,2.346083164,0.432671756,0.900494158,0.017283523,-0.040083993
1653512824.175073385,-0.539388835,0.304040551,2.346083164,0.432671756,0.900494158,0.017283523,-0.040083993
1653512824.241208553,-0.576358914,0.260538429,2.493863821,0.430462033,0.901584685,0.013796232,-0.040708490
1653512824.307614326,-0.576358914,0.260538429,2.493863821,0.430462033,0.901584685,0.013796232,-0.040708490
1653512824.374411106,-0.602331281,0.225942940,2.644709587,0.428834051,0.902387440,0.013062016,-0.040343575
1653512824.441324949,-0.602331281,0.225942940,2.644709587,0.428834051,0.902387440,0.013062016,-0.040343575
1653512824.508316278,-0.610492706,0.204501808,2.793526649,0.429695666,0.901963830,0.012708235,-0.040759444
1653512824.575622082,-0.610492706,0.204501808,2.793526649,0.429695666,0.901963830,0.012708235,-0.040759444
1653512824.641423941,-0.618445933,0.185379669,2.961690664,0.430079460,0.901772559,0.015939187,-0.039797261
1653512824.707599640,-0.618445933,0.185379669,2.961690664,0.430079460,0.901772559,0.015939187,-0.039797261
1653512824.776731730,-0.620673954,0.169334963,3.135243177,0.431468010,0.901066661,0.020333121,-0.038739610
1653512824.840787888,-0.620673954,0.169334963,3.135243177,0.431468010,0.901066661,0.020333121,-0.038739610
1653512824.908487797,-0.630355895,0.153970823,3.309863567,0.433022052,0.900308788,0.023927474,-0.036925226
1653512824.974443913,-0.630355895,0.153970823,3.309863567,0.433022052,0.900308788,0.023927474,-0.036925226
1653512825.040815830,-0.643904090,0.138420165,3.483651161,0.434912473,0.899361789,0.025989959,-0.036387064
1653512825.107818604,-0.643904090,0.138420165,3.483651161,0.434912473,0.899361789,0.025989959,-0.036387064
1653512825.175170422,-0.661658883,0.120255753,3.656800985,0.437970489,0.897844791,0.026467239,-0.036824580
1653512825.240586758,-0.661658883,0.120255753,3.656800985,0.437970489,0.897844791,0.026467239,-0.036824580
1653512825.307919025,-0.671436906,0.100224026,3.823462248,0.440427363,0.896571875,0.026621684,-0.038390733
1653512825.374938488,-0.671436906,0.100224026,3.823462248,0.440427363,0.896571875,0.026621684,-0.038390733
1653512825.441978216,-0.676955819,0.081116274,3.981421232,0.442049950,0.895773351,0.025964402,-0.038830291
1653512825.507482290,-0.676955819,0.081116274,3.981421232,0.442049950,0.895773351,0.025964402,-0.038830291
1653512825.573904276,-0.687780142,0.057624515,4.122542381,0.442024469,0.895811200,0.026144288,-0.038120676
1653512825.640503645,-0.687780142,0.057624515,4.122542381,0.442024469,0.895811200,0.026144288,-0.038120676
1653512825.707729578,-0.706069231,0.037396323,4.275747299,0.442676067,0.895636737,0.024079198,-0.035957474
1653512825.777918339,-0.706069231,0.037396323,4.275747299,0.442676067,0.895636737,0.024079198,-0.035957474
1653512825.840807438,-0.719893396,0.013537099,4.422075272,0.443416893,0.895397246,0.021419445,-0.034445263
1653512825.907316208,-0.719893396,0.013537099,4.422075272,0.443416893,0.895397246,0.021419445,-0.034445263
1653512825.974025488,-0.728557527,-0.015203298,4.569813251,0.442914546,0.895754755,0.019218225,-0.032875698
1653512826.041831493,-0.728557527,-0.015203298,4.569813251,0.442914546,0.895754755,0.019218225,-0.032875698
1653512826.107412338,-0.734299302,-0.041565079,4.709236622,0.442895383,0.895822346,0.017918060,-0.032014824
1653512826.173888683,-0.734299302,-0.041565079,4.709236622,0.442895383,0.895822346,0.017918060,-0.032014824
1653512826.241801977,-0.733542860,-0.071470916,4.870397568,0.442059755,0.896255255,0.018035511,-0.031375822
1653512826.307502747,-0.733542860,-0.071470916,4.870397568,0.442059755,0.896255255,0.018035511,-0.031375822
1653512826.374250174,-0.727626145,-0.095997848,5.034492970,0.441703737,0.896435976,0.019073090,-0.030602563
1653512826.441152334,-0.727626145,-0.095997848,5.034492970,0.441703737,0.896435976,0.019073090,-0.030602563
1653512826.507391930,-0.708912909,-0.107728168,5.180320740,0.442243874,0.896171987,0.021145845,-0.029137259
1653512826.574182510,-0.708912909,-0.107728168,5.180320740,0.442243874,0.896171987,0.021145845,-0.029137259
1653512826.640950441,-0.695653021,-0.110222198,5.361888409,0.443104059,0.895745635,0.023710471,-0.027135383
1653512826.707667112,-0.695653021,-0.110222198,5.361888409,0.443104059,0.895745635,0.023710471,-0.027135383
1653512826.779470682,-0.691881001,-0.107454114,5.555751324,0.444198489,0.895216525,0.026566923,-0.023858536
1653512826.840456247,-0.691881001,-0.107454114,5.555751324,0.444198489,0.895216525,0.026566923,-0.023858536
1653512826.907319307,-0.675998211,-0.102603495,5.724813938,0.445333928,0.894617200,0.029191403,-0.022036850
1653512826.974922657,-0.675998211,-0.102603495,5.724813938,0.445333928,0.894617200,0.029191403,-0.022036850
1653512827.040502787,-0.662520289,-0.107440911,5.923606396,0.446975082,0.893717349,0.031884927,-0.021584775
1653512827.107527733,-0.662520289,-0.107440911,5.923606396,0.446975082,0.893717349,0.031884927,-0.021584775
1653512827.173978329,-0.656450629,-0.114943892,6.124228954,0.448335797,0.892971218,0.033429381,-0.021905171
1653512827.240526915,-0.656450629,-0.114943892,6.124228954,0.448335797,0.892971218,0.033429381,-0.021905171
1653512827.307351351,-0.655713379,-0.127624989,6.328329086,0.449547172,0.892323196,0.034155276,-0.022363486
1653512827.375031233,-0.655713379,-0.127624989,6.328329086,0.449547172,0.892323196,0.034155276,-0.022363486
1653512827.443110466,-0.660151601,-0.135950595,6.540172100,0.451366276,0.891394019,0.033795230,-0.023303857
1653512827.507909298,-0.660151601,-0.135950595,6.540172100,0.451366276,0.891394019,0.033795230,-0.023303857
1653512827.574129581,-0.667587578,-0.146569282,6.747288704,0.452895820,0.890596032,0.033563569,-0.024445288
1653512827.641662359,-0.667587578,-0.146569282,6.747288704,0.452895820,0.890596032,0.033563569,-0.024445288
1653512827.707229853,-0.681602001,-0.157070547,6.958169937,0.454226613,0.889947176,0.032433622,-0.024905112
1653512827.773844481,-0.681602001,-0.157070547,6.958169937,0.454226613,0.889947176,0.032433622,-0.024905112
1653512827.840505838,-0.697474122,-0.162875250,7.166594028,0.455896020,0.889144897,0.031077620,-0.024786480
1653512827.909805536,-0.697474122,-0.162875250,7.166594028,0.455896020,0.889144897,0.031077620,-0.024786480
1653512827.974168301,-0.705200136,-0.166012198,7.375502586,0.457476020,0.888421535,0.028962525,-0.024167810
1653512828.040520906,-0.705200136,-0.166012198,7.375502586,0.457476020,0.888421535,0.028962525,-0.024167810
1653512828.107309103,-0.712515771,-0.167878211,7.577605247,0.458844334,0.887819052,0.027208542,-0.022334764
1653512828.174336910,-0.712515771,-0.167878211,7.577605247,0.458844334,0.887819052,0.027208542,-0.022334764
1653512828.240716457,-0.730857730,-0.169490203,7.775787830,0.460137904,0.887265325,0.025737820,-0.019258328
1653512828.308930159,-0.730857730,-0.169490203,7.775787830,0.460137904,0.887265325,0.025737820,-0.019258328
1653512828.374763012,-0.754027784,-0.168197751,7.980172157,0.461081028,0.886895835,0.023594864,-0.016226914
1653512828.446631670,-0.754027784,-0.168197751,7.980172157,0.461081028,0.886895835,0.023594864,-0.016226914
1653512828.507409334,-0.786362767,-0.158960983,8.171823502,0.461970627,0.886532128,0.021617930,-0.013288725
1653512828.574638605,-0.786362767,-0.158960983,8.171823502,0.461970627,0.886532128,0.021617930,-0.013288725
1653512828.641729355,-0.818637788,-0.115113065,8.369833946,0.462995410,0.886138260,0.017625446,-0.009141555
1653512828.708127260,-0.818637788,-0.115113065,8.369833946,0.462995410,0.886138260,0.017625446,-0.009141555
1653512828.773903131,-0.854539216,-0.054637387,8.552289963,0.463735074,0.885847926,0.014280802,-0.004388537
1653512828.840569973,-0.854539216,-0.054637387,8.552289963,0.463735074,0.885847926,0.014280802,-0.004388537
1653512828.907662868,-0.903731346,0.014549552,8.726003647,0.464389265,0.885564685,0.010791205,0.001168618
1653512828.974140644,-0.903731346,0.014549552,8.726003647,0.464389265,0.885564685,0.010791205,0.001168618
1653512829.045400858,-0.953648090,0.104807287,8.897501945,0.465343684,0.885073185,0.006602654,0.007554594
1653512829.107213497,-0.953648090,0.104807287,8.897501945,0.465343684,0.885073185,0.006602654,0.007554594
1653512829.173899174,-0.997663319,0.207047626,9.053942680,0.465879202,0.884736061,0.002584276,0.013855990
1653512829.240454197,-0.997663319,0.207047626,9.053942680,0.465879202,0.884736061,0.002584276,0.013855990
1653512829.309288979,-1.057868600,0.312148422,9.275611877,0.466020435,0.884586334,-0.000267742,0.018218022
1653512829.374239683,-1.057868600,0.312148422,9.275611877,0.466020435,0.884586334,-0.000267742,0.018218022
1653512829.441844702,-1.117826700,0.414506793,9.501264572,0.466311961,0.884330392,-0.002775275,0.022476383
1653512829.508753777,-1.117826700,0.414506793,9.501264572,0.466311961,0.884330392,-0.002775275,0.022476383
1653512829.573857546,-1.186052680,0.536426306,9.739575386,0.466206133,0.884294450,-0.003363841,0.025766300
1653512829.640582085,-1.186052680,0.536426306,9.739575386,0.466206133,0.884294450,-0.003363841,0.025766300
1653512829.708574533,-1.256492615,0.696289778,9.956277847,0.466084063,0.884220362,-0.004754521,0.029956086
1653512829.774174690,-1.256492615,0.696289778,9.956277847,0.466084063,0.884220362,-0.004754521,0.029956086
1653512829.840387106,-1.347247005,0.880615234,10.166113853,0.465765297,0.884220660,-0.004671577,0.034563843
1653512829.907176256,-1.347247005,0.880615234,10.166113853,0.465765297,0.884220660,-0.004671577,0.034563843
1653512829.973890305,-1.481798053,1.071143270,10.389207840,0.465324402,0.884283245,-0.003316915,0.038799420
1653512830.040842295,-1.481798053,1.071143270,10.389207840,0.465324402,0.884283245,-0.003316915,0.038799420
1653512830.108997345,-1.619935870,1.300687075,10.639985085,0.464507669,0.884573102,-0.002395068,0.041920248
1653512830.174177647,-1.619935870,1.300687075,10.639985085,0.464507669,0.884573102,-0.002395068,0.041920248
1653512830.241082430,-1.768916965,1.544160485,10.871116638,0.464567333,0.884439945,-0.002172835,0.044028182
1653512830.307656527,-1.768916965,1.544160485,10.871116638,0.464567333,0.884439945,-0.002172835,0.044028182
1653512830.376114607,-1.939144969,1.814565539,11.097322464,0.463800311,0.884768188,-0.000839125,0.045538913
1653512830.440618515,-1.939144969,1.814565539,11.097322464,0.463800311,0.884768188,-0.000839125,0.045538913
1653512830.507997274,-2.126658440,2.099340677,11.310433388,0.463031530,0.885170281,0.001297588,0.045537990
1653512830.575540066,-2.126658440,2.099340677,11.310433388,0.463031530,0.885170281,0.001297588,0.045537990
1653512830.640739679,-2.407418251,2.368680477,11.598834991,0.462646484,0.885379136,0.004520412,0.045183636
1653512830.707300186,-2.407418251,2.368680477,11.598834991,0.462646484,0.885379136,0.004520412,0.045183636
1653512830.774061918,-2.671820164,2.686897278,11.871257782,0.461614162,0.885920405,0.006350348,0.044911433
1653512830.844147444,-2.671820164,2.686897278,11.871257782,0.461614162,0.885920405,0.006350348,0.044911433
1653512830.907950401,-2.944391012,3.040481567,12.147085190,0.460151941,0.886668265,0.007855577,0.044921037
1653512830.973817825,-2.944391012,3.040481567,12.147085190,0.460151941,0.886668265,0.007855577,0.044921037
1653512831.041761875,-3.238217115,3.408877850,12.394970894,0.459103495,0.887130141,0.008866351,0.046319108
1653512831.109073639,-3.238217115,3.408877850,12.394970894,0.459103495,0.887130141,0.008866351,0.046319108
1653512831.173763514,-3.540851593,3.786907434,12.606356621,0.457707345,0.887758434,0.009016873,0.048037630
1653512831.240648508,-3.540851593,3.786907434,12.606356621,0.457707345,0.887758434,0.009016873,0.048037630
1653512831.307424784,-3.863732338,4.191251278,12.798557281,0.456448972,0.888369203,0.009371645,0.048648551
1653512831.374067068,-3.863732338,4.191251278,12.798557281,0.456448972,0.888369203,0.009371645,0.048648551
1653512831.440702915,-4.201542377,4.617757797,12.983336449,0.455381215,0.888898134,0.009526473,0.048962839
1653512831.508789062,-4.201542377,4.617757797,12.983336449,0.455381215,0.888898134,0.009526473,0.048962839
1653512831.574509621,-4.562324047,5.064826488,13.168395996,0.454666436,0.889269590,0.008948565,0.048969321
1653512831.640490294,-4.562324047,5.064826488,13.168395996,0.454666436,0.889269590,0.008948565,0.048969321
1653512831.707315445,-4.920568943,5.519651413,13.359117508,0.454357117,0.889423251,0.008214070,0.049177267
1653512831.773789644,-4.920568943,5.519651413,13.359117508,0.454357117,0.889423251,0.008214070,0.049177267
1653512831.840819359,-5.330737114,6.007036209,13.541503906,0.454081327,0.889566064,0.008035869,0.049171414
1653512831.910394430,-5.330737114,6.007036209,13.541503906,0.454081327,0.889566064,0.008035869,0.049171414
1653512831.974556684,-5.743683338,6.508244038,13.710383415,0.453528076,0.889877439,0.007743322,0.048687838
1653512832.043035984,-5.743683338,6.508244038,13.710383415,0.453528076,0.889877439,0.007743322,0.048687838
1653512832.107913971,-6.184962749,7.039209366,13.877357483,0.453423351,0.889935672,0.007282780,0.048669245
1653512832.173868895,-6.184962749,7.039209366,13.877357483,0.453423351,0.889935672,0.007282780,0.048669245
1653512832.243492126,-6.656148911,7.597941875,14.044132233,0.454037309,0.889629841,0.006167578,0.048691049
1653512832.307462215,-6.656148911,7.597941875,14.044132233,0.454037309,0.889629841,0.006167578,0.048691049
1653512832.374958754,-7.117474556,8.144146919,14.194766045,0.454585552,0.889387608,0.005918435,0.048027862
1653512832.440762520,-7.117474556,8.144146919,14.194766045,0.454585552,0.889387608,0.005918435,0.048027862
1653512832.507258654,-7.596461296,8.722612381,14.340397835,0.455933928,0.888736427,0.004942175,0.047406394
1653512832.574021339,-7.596461296,8.722612381,14.340397835,0.455933928,0.888736427,0.004942175,0.047406394
1653512832.642671347,-8.118419647,9.332289696,14.481072426,0.456858963,0.888252556,0.003807931,0.047673151
1653512832.707653761,-8.118419647,9.332289696,14.481072426,0.456858963,0.888252556,0.003807931,0.047673151
1653512832.774160385,-8.636108398,9.946582794,14.615065575,0.457848519,0.887785971,0.002631814,0.046945009
1653512832.840868950,-8.636108398,9.946582794,14.615065575,0.457848519,0.887785971,0.002631814,0.046945009
1653512832.907457829,-9.170065880,10.577061653,14.745130539,0.459325701,0.887038648,0.002279188,0.046660438
1653512832.974725246,-9.170065880,10.577061653,14.745130539,0.459325701,0.887038648,0.002279188,0.046660438
1653512833.041891813,-9.732200623,11.235208511,14.869623184,0.459758937,0.886795819,0.001833030,0.047026556
1653512833.108919859,-9.732200623,11.235208511,14.869623184,0.459758937,0.886795819,0.001833030,0.047026556
1653512833.175065041,-10.273407936,11.874981880,14.983776093,0.460366815,0.886444390,0.002612894,0.047664095
1653512833.240771294,-10.273407936,11.874981880,14.983776093,0.460366815,0.886444390,0.002612894,0.047664095
1653512833.307398081,-10.851351738,12.557787895,15.097287178,0.461188674,0.885979950,0.003838655,0.048267700
1653512833.374276161,-10.851351738,12.557787895,15.097287178,0.461188674,0.885979950,0.003838655,0.048267700
1653512833.440831900,-11.441169739,13.250689507,15.208498955,0.461094379,0.885989726,0.005187968,0.048860081
1653512833.508332491,-11.441169739,13.250689507,15.208498955,0.461094379,0.885989726,0.005187968,0.048860081
1653512833.574023247,-12.058284760,13.977155685,15.327819824,0.461318702,0.885864496,0.006197282,0.048895728
1653512833.640842915,-12.058284760,13.977155685,15.327819824,0.461318702,0.885864496,0.006197282,0.048895728
1653512833.707420111,-12.637736320,14.673939705,15.452579498,0.461653113,0.885770023,0.007884355,0.047177382
1653512833.773865700,-12.637736320,14.673939705,15.452579498,0.461653113,0.885770023,0.007884355,0.047177382
1653512833.840772629,-13.307570457,15.462077141,15.575475693,0.461379826,0.885907829,0.009103906,0.047043007
1653512833.908297777,-13.307570457,15.462077141,15.575475693,0.461379826,0.885907829,0.009103906,0.047043007
1653512833.974362612,-13.870423317,16.152416229,15.696761131,0.461992174,0.885612369,0.010963434,0.046193209
1653512834.040502787,-13.870423317,16.152416229,15.696761131,0.461992174,0.885612369,0.010963434,0.046193209
1653512834.107506275,-14.597833633,16.996944427,15.810985565,0.462457448,0.885296881,0.012674220,0.047137395
1653512834.173967838,-14.597833633,16.996944427,15.810985565,0.462457448,0.885296881,0.012674220,0.047137395
1653512834.240401983,-15.250802994,17.772611618,15.927710533,0.462662131,0.885175765,0.014607850,0.046843149
1653512834.307100058,-15.250802994,17.772611618,15.927710533,0.462662131,0.885175765,0.014607850,0.046843149
1653512834.378053188,-15.964643478,18.598873138,16.052867889,0.463712931,0.884623170,0.016885366,0.046120461
1653512834.443595648,-15.964643478,18.598873138,16.052867889,0.463712931,0.884623170,0.016885366,0.046120461
1653512834.507271528,-16.634550095,19.374937057,16.168422699,0.464175850,0.884393036,0.018565258,0.045222342
1653512834.574262857,-16.634550095,19.374937057,16.168422699,0.464175850,0.884393036,0.018565258,0.045222342
1653512834.640794992,-17.379487991,20.228605270,16.288106918,0.464559734,0.884212732,0.019561047,0.044378672
1653512834.707291842,-17.379487991,20.228605270,16.288106918,0.464559734,0.884212732,0.019561047,0.044378672
1653512834.773860931,-18.117275238,21.071586609,16.405677795,0.465525150,0.883744061,0.019974947,0.043402471
1653512834.843935490,-18.117275238,21.071586609,16.405677795,0.465525150,0.883744061,0.019974947,0.043402471
1653512834.907546282,-18.903667450,21.953155518,16.521919250,0.465475470,0.883787513,0.020516163,0.042793352
1653512834.973849297,-18.903667450,21.953155518,16.521919250,0.465475470,0.883787513,0.020516163,0.042793352
1653512835.045139313,-19.731782913,22.876132965,16.645870209,0.465618968,0.883732677,0.021104924,0.042072304
1653512835.107106924,-19.731782913,22.876132965,16.645870209,0.465618968,0.883732677,0.021104924,0.042072304
1653512835.173822403,-20.508361816,23.731927872,16.757207870,0.465232700,0.883948386,0.020989759,0.041871574
1653512835.241779804,-20.508361816,23.731927872,16.757207870,0.465232700,0.883948386,0.020989759,0.041871574
1653512835.307476282,-21.338750839,24.641080856,16.875213623,0.464887649,0.884190440,0.020916322,0.040610600
1653512835.373833656,-21.338750839,24.641080856,16.875213623,0.464887649,0.884190440,0.020916322,0.040610600
1653512835.440548658,-22.066452026,25.455129623,17.001708984,0.464458525,0.884502470,0.020888723,0.038695097
1653512835.507376432,-22.066452026,25.455129623,17.001708984,0.464458525,0.884502470,0.020888723,0.038695097
1653512835.573771954,-23.012271881,26.467596054,17.115533829,0.462891757,0.885340750,0.018773763,0.039377261
1653512835.640853405,-23.012271881,26.467596054,17.115533829,0.462891757,0.885340750,0.018773763,0.039377261
1653512835.707485437,-23.771471024,27.315773010,17.252792358,0.462241858,0.885788560,0.018021600,0.037233368
1653512835.775864363,-23.771471024,27.315773010,17.252792358,0.462241858,0.885788560,0.018021600,0.037233368
1653512835.840435982,-24.654384613,28.289283752,17.377950668,0.461858660,0.886040807,0.016074663,0.036876135
1653512835.907118559,-24.654384613,28.289283752,17.377950668,0.461858660,0.886040807,0.016074663,0.036876135
1653512835.973936558,-25.534591675,29.266523361,17.507398605,0.461428910,0.886291683,0.016095538,0.036211982
1653512836.040410042,-25.534591675,29.266523361,17.507398605,0.461428910,0.886291683,0.016095538,0.036211982
1653512836.108150482,-26.399053574,30.238723755,17.642271042,0.461642116,0.886201620,0.014796231,0.036253098
1653512836.174307108,-26.399053574,30.238723755,17.642271042,0.461642116,0.886201620,0.014796231,0.036253098
1653512836.240762472,-27.229583740,31.177587509,17.775571823,0.461988866,0.886025548,0.013775434,0.036540568
1653512836.307159901,-27.229583740,31.177587509,17.775571823,0.461988866,0.886025548,0.013775434,0.036540568
1653512836.374496460,-28.192232132,32.250019073,17.905799866,0.463487923,0.885226667,0.012481195,0.037375376
1653512836.440512419,-28.192232132,32.250019073,17.905799866,0.463487923,0.885226667,0.012481195,0.037375376
1653512836.507168293,-29.083566666,33.255744934,18.037250519,0.465274274,0.884311795,0.011673359,0.037097234
1653512836.574898720,-29.083566666,33.255744934,18.037250519,0.465274274,0.884311795,0.011673359,0.037097234
1653512836.640424728,-30.023273468,34.309402466,18.170362473,0.467130959,0.883364737,0.009220155,0.037018940
1653512836.707242966,-30.023273468,34.309402466,18.170362473,0.467130959,0.883364737,0.009220155,0.037018940
1653512836.773682833,-30.988195419,35.389354706,18.308477402,0.468611807,0.882608056,0.006705880,0.036892358
1653512836.844734669,-30.988195419,35.389354706,18.308477402,0.468611807,0.882608056,0.006705880,0.036892358
1653512836.907237291,-31.904153824,36.433910370,18.456806183,0.469774634,0.882043123,0.004073955,0.035988268
1653512836.975813866,-31.904153824,36.433910370,18.456806183,0.469774634,0.882043123,0.004073955,0.035988268
1653512837.041021109,-32.879753113,37.544277191,18.608362198,0.471262127,0.881300509,0.002829792,0.034834597
1653512837.107034922,-32.879753113,37.544277191,18.608362198,0.471262127,0.881300509,0.002829792,0.034834597
1653512837.174013615,-33.859828949,38.668735504,18.763370514,0.471840471,0.880987823,0.001512269,0.034996398
1653512837.240339518,-33.859828949,38.668735504,18.763370514,0.471840471,0.880987823,0.001512269,0.034996398
1653512837.307429552,-34.822750092,39.774295807,18.930257797,0.472570628,0.880628765,0.003093182,0.034064122
1653512837.374975920,-34.822750092,39.774295807,18.930257797,0.472570628,0.880628765,0.003093182,0.034064122
1653512837.440667152,-35.824649811,40.921253204,19.102907181,0.473076373,0.880361438,0.003162705,0.033948310
1653512837.507637501,-35.824649811,40.921253204,19.102907181,0.473076373,0.880361438,0.003162705,0.033948310
1653512837.576929808,-36.805183411,42.055515289,19.295125961,0.472319871,0.880868196,0.004666790,0.031038433
1653512837.640337944,-36.805183411,42.055515289,19.295125961,0.472319871,0.880868196,0.004666790,0.031038433
1653512837.707041264,-37.884342194,43.282806396,19.469196320,0.472306341,0.880896389,0.005444310,0.030309487
1653512837.773886204,-37.884342194,43.282806396,19.469196320,0.472306341,0.880896389,0.005444310,0.030309487
1653512837.840894699,-38.846328735,44.424423218,19.666755676,0.473259807,0.880458653,0.006525884,0.027841303
1653512837.907663107,-38.846328735,44.424423218,19.666755676,0.473259807,0.880458653,0.006525884,0.027841303
1653512837.974627256,-39.903827667,45.661319733,19.859716415,0.473618895,0.880315959,0.008118407,0.025749737
1653512838.041607857,-39.903827667,45.661319733,19.859716415,0.473618895,0.880315959,0.008118407,0.025749737
1653512838.107526541,-40.880977631,46.837150574,20.065540314,0.473678321,0.880359709,0.009743441,0.022376683
1653512838.174220085,-40.880977631,46.837150574,20.065540314,0.473678321,0.880359709,0.009743441,0.022376683
1653512838.240753889,-41.954616547,48.118293762,20.275421143,0.473426729,0.880555868,0.010469059,0.019465510
1653512838.307162046,-41.954616547,48.118293762,20.275421143,0.473426729,0.880555868,0.010469059,0.019465510
1653512838.374204636,-43.032993317,49.406410217,20.487474442,0.472633302,0.880996466,0.011888959,0.017933514
1653512838.440301418,-43.032993317,49.406410217,20.487474442,0.472633302,0.880996466,0.011888959,0.017933514
1653512838.507134914,-44.063854218,50.653732300,20.700235367,0.471880704,0.881434739,0.014113930,0.014221046
1653512838.573659182,-44.063854218,50.653732300,20.700235367,0.471880704,0.881434739,0.014113930,0.014221046
1653512838.640378952,-44.977474213,51.794151306,20.921670914,0.470963895,0.881934524,0.014840339,0.012818133
1653512838.707312584,-44.977474213,51.794151306,20.921670914,0.470963895,0.881934524,0.014840339,0.012818133
1653512838.774771452,-46.030242920,53.075241089,21.138208389,0.469761491,0.882569432,0.016106648,0.011657932
1653512838.840499163,-46.030242920,53.075241089,21.138208389,0.469761491,0.882569432,0.016106648,0.011657932
1653512838.907967567,-47.025711060,54.308921814,21.364953995,0.468353152,0.883324921,0.016634906,0.010281422
1653512838.974539518,-47.025711060,54.308921814,21.364953995,0.468353152,0.883324921,0.016634906,0.010281422
1653512839.041153908,-47.979347229,55.517349243,21.589155197,0.466643214,0.884221852,0.017063541,0.010229898
1653512839.107644796,-47.979347229,55.517349243,21.589155197,0.466643214,0.884221852,0.017063541,0.010229898
1653512839.174096346,-49.099552155,56.897022247,21.809103012,0.464874536,0.885148287,0.017292909,0.010253535
1653512839.240467072,-49.099552155,56.897022247,21.809103012,0.464874536,0.885148287,0.017292909,0.010253535
1653512839.310388088,-50.030078888,58.097728729,22.055534363,0.462895751,0.886171460,0.018068731,0.010059346
1653512839.373733521,-50.030078888,58.097728729,22.055534363,0.462895751,0.886171460,0.018068731,0.010059346
1653512839.440487862,-51.139102936,59.464290619,22.282047272,0.460417181,0.887447774,0.018734472,0.010073106
1653512839.512637138,-51.139102936,59.464290619,22.282047272,0.460417181,0.887447774,0.018734472,0.010073106
1653512839.573588848,-52.264320374,60.855167389,22.518692017,0.457978874,0.888669193,0.019567765,0.011811293
1653512839.640308857,-52.264320374,60.855167389,22.518692017,0.457978874,0.888669193,0.019567765,0.011811293
1653512839.707004309,-53.262821198,62.124233246,22.769897461,0.456292182,0.889488697,0.022104826,0.010894924
1653512839.774083853,-53.262821198,62.124233246,22.769897461,0.456292182,0.889488697,0.022104826,0.010894924
1653512839.840900183,-54.381061554,63.510349274,23.024225235,0.454375356,0.890416920,0.023644786,0.011903161
1653512839.910227060,-54.381061554,63.510349274,23.024225235,0.454375356,0.890416920,0.023644786,0.011903161
1653512839.973868608,-55.496414185,64.892608643,23.285240173,0.452723116,0.891206503,0.025549350,0.011831647
1653512840.040332794,-55.496414185,64.892608643,23.285240173,0.452723116,0.891206503,0.025549350,0.011831647
1653512840.107358456,-56.597412109,66.253570557,23.559476852,0.451392978,0.891798675,0.028480707,0.011329794
1653512840.173675776,-56.597412109,66.253570557,23.559476852,0.451392978,0.891798675,0.028480707,0.011329794
1653512840.240712881,-57.776618958,67.699409485,23.838542938,0.449690580,0.892595172,0.030227473,0.011770498
1653512840.307366371,-57.776618958,67.699409485,23.838542938,0.449690580,0.892595172,0.030227473,0.011770498
1653512840.373807669,-58.911090851,69.112098694,24.124120712,0.447694689,0.893588126,0.030909663,0.010690691
1653512840.440238714,-58.911090851,69.112098694,24.124120712,0.447694689,0.893588126,0.030909663,0.010690691
1653512840.507864475,-60.080169678,70.559753418,24.409156799,0.446882278,0.893941820,0.032044131,0.011723332
1653512840.573940039,-60.080169678,70.559753418,24.409156799,0.446882278,0.893941820,0.032044131,0.011723332
1653512840.640575647,-61.181167603,71.944580078,24.699399948,0.446669042,0.894013047,0.033232890,0.011089629
1653512840.707348108,-61.181167603,71.944580078,24.699399948,0.446669042,0.894013047,0.033232890,0.011089629
1653512840.775858879,-62.261043549,73.303939819,24.996456146,0.445747048,0.894469440,0.033033766,0.011949154
1653512840.840457201,-62.261043549,73.303939819,24.996456146,0.445747048,0.894469440,0.033033766,0.011949154
1653512840.907148361,-63.439647675,74.749565125,25.281381607,0.445737690,0.894467413,0.032765545,0.013130073
1653512840.975308895,-63.439647675,74.749565125,25.281381607,0.445737690,0.894467413,0.032765545,0.013130073
1653512841.043230295,-64.659225464,76.233818054,25.592458725,0.445208222,0.894794762,0.031038571,0.012981379
1653512841.107460976,-64.659225464,76.233818054,25.592458725,0.445208222,0.894794762,0.031038571,0.012981379
1653512841.173933268,-65.744804382,77.562210083,25.894638062,0.443840981,0.895521700,0.029543491,0.013163058
1653512841.240349770,-65.744804382,77.562210083,25.894638062,0.443840981,0.895521700,0.029543491,0.013163058
1653512841.308150530,-66.950149536,79.017768860,26.211820602,0.442487568,0.896209061,0.028888684,0.013397222
1653512841.374107361,-66.950149536,79.017768860,26.211820602,0.442487568,0.896209061,0.028888684,0.013397222
1653512841.440967560,-68.029220581,80.341796875,26.537195206,0.440993160,0.896936297,0.029463235,0.012737813
1653512841.507289171,-68.029220581,80.341796875,26.537195206,0.440993160,0.896936297,0.029463235,0.012737813
1653512841.573891401,-69.259780884,81.816947937,26.870893478,0.438444108,0.898122609,0.031172177,0.013071810
1653512841.640605211,-69.259780884,81.816947937,26.870893478,0.438444108,0.898122609,0.031172177,0.013071810
1653512841.707196474,-70.626899719,83.421424866,27.212982178,0.435830444,0.899315655,0.032690860,0.014646396
1653512841.776911497,-70.626899719,83.421424866,27.212982178,0.435830444,0.899315655,0.032690860,0.014646396
1653512841.840792656,-71.707153320,84.738624573,27.561943054,0.432594538,0.900749028,0.036205411,0.014224266
1653512841.908158064,-71.707153320,84.738624573,27.561943054,0.432594538,0.900749028,0.036205411,0.014224266
1653512841.974421263,-73.078033447,86.341163635,27.919206619,0.429543376,0.902050972,0.039260224,0.015973175
1653512842.040669680,-73.078033447,86.341163635,27.919206619,0.429543376,0.902050972,0.039260224,0.015973175
1653512842.107203007,-74.205619812,87.692825317,28.284328461,0.426430494,0.903314590,0.043660417,0.016539674
1653512842.174421549,-74.205619812,87.692825317,28.284328461,0.426430494,0.903314590,0.043660417,0.016539674
1653512842.241288185,-75.496795654,89.191795349,28.651105881,0.423352391,0.904439032,0.049280018,0.018283732
1653512842.308107138,-75.496795654,89.191795349,28.651105881,0.423352391,0.904439032,0.049280018,0.018283732
1653512842.374579906,-76.756515503,90.655273438,29.022752762,0.420399517,0.905551314,0.053369883,0.019817231
1653512842.440378666,-76.756515503,90.655273438,29.022752762,0.420399517,0.905551314,0.053369883,0.019817231
1653512842.507033110,-77.922752380,92.018928528,29.378368378,0.417917609,0.906527102,0.055906001,0.020687405
1653512842.574024677,-77.922752380,92.018928528,29.378368378,0.417917609,0.906527102,0.055906001,0.020687405
1653512842.642196894,-79.253364563,93.521995544,29.751882553,0.415537983,0.907505393,0.057403374,0.021611039
1653512842.707261086,-79.253364563,93.521995544,29.751882553,0.415537983,0.907505393,0.057403374,0.021611039
1653512842.774022102,-80.637382507,95.041091919,30.119262695,0.413330317,0.908480287,0.057842042,0.021815402
1653512842.841087818,-80.637382507,95.041091919,30.119262695,0.413330317,0.908480287,0.057842042,0.021815402
1653512842.906976223,-82.001144409,96.503425598,30.487377167,0.411218643,0.909493208,0.056770734,0.022325583
1653512842.973526716,-82.001144409,96.503425598,30.487377167,0.411218643,0.909493208,0.056770734,0.022325583
1653512843.040812016,-83.345275879,97.928596497,30.854804993,0.408136010,0.911009550,0.054810092,0.021965848
1653512843.107876062,-83.345275879,97.928596497,30.854804993,0.408136010,0.911009550,0.054810092,0.021965848
1653512843.173666239,-84.820579529,99.441947937,31.216613770,0.404546559,0.912753522,0.052213278,0.022291234
1653512843.240511179,-84.820579529,99.441947937,31.216613770,0.404546559,0.912753522,0.052213278,0.022291234
1653512843.307062149,-86.362144470,100.988929749,31.577348709,0.400810808,0.914534986,0.049493916,0.022952169
1653512843.374114990,-86.362144470,100.988929749,31.577348709,0.400810808,0.914534986,0.049493916,0.022952169
1653512843.440768480,-87.843475342,102.475074768,31.939519882,0.397286952,0.916207194,0.047053929,0.022657832
1653512843.507530451,-87.843475342,102.475074768,31.939519882,0.397286952,0.916207194,0.047053929,0.022657832
1653512843.574000597,-89.101249695,103.752243042,32.298305511,0.393178552,0.918120682,0.044788864,0.021423861
1653512843.640501261,-89.101249695,103.752243042,32.298305511,0.393178552,0.918120682,0.044788864,0.021423861
1653512843.707052469,-90.745513916,105.372734070,32.667003632,0.389755815,0.919624805,0.043418743,0.022258088
1653512843.773710728,-90.745513916,105.372734070,32.667003632,0.389755815,0.919624805,0.043418743,0.022258088
1653512843.842285633,-92.299476624,106.903083801,33.036544800,0.386917859,0.920765340,0.044107303,0.023244383
1653512843.908481836,-92.299476624,106.903083801,33.036544800,0.386917859,0.920765340,0.044107303,0.023244383
1653512843.973640203,-93.827278137,108.392173767,33.402141571,0.383980155,0.921952903,0.044692159,0.023763908
1653512844.041793108,-93.827278137,108.392173767,33.402141571,0.383980155,0.921952903,0.044692159,0.023763908
1653512844.107013464,-95.309288025,109.842239380,33.773067474,0.382336169,0.922523022,0.046841837,0.024003262
1653512844.177673817,-95.309288025,109.842239380,33.773067474,0.382336169,0.922523022,0.046841837,0.024003262
1653512844.246352911,-96.750762939,111.254066467,34.166843414,0.380867630,0.923030078,0.049345210,0.022810526
1653512844.307249069,-96.750762939,111.254066467,34.166843414,0.380867630,0.923030078,0.049345210,0.022810526
1653512844.376832724,-98.430160522,112.835586548,34.541801453,0.379708558,0.923401415,0.050942395,0.023582485
1653512844.440930367,-98.430160522,112.835586548,34.541801453,0.379708558,0.923401415,0.050942395,0.023582485
1653512844.507576704,-99.837005615,114.174720764,34.909690857,0.378752649,0.923700035,0.052955113,0.022812832
1653512844.573823452,-99.837005615,114.174720764,34.909690857,0.378752649,0.923700035,0.052955113,0.022812832
1653512844.640365124,-101.350730896,115.584472656,35.282562256,0.377985924,0.923950970,0.054514494,0.021665888
1653512844.706954002,-101.350730896,115.584472656,35.282562256,0.377985924,0.923950970,0.054514494,0.021665888
1653512844.774019241,-103.123245239,117.177940369,35.663467407,0.376417100,0.924558282,0.054796234,0.022350214
1653512844.841531515,-103.123245239,117.177940369,35.663467407,0.376417100,0.924558282,0.054796234,0.022350214
1653512844.907964706,-104.788536072,118.654266357,36.044387817,0.374312341,0.925409377,0.055193245,0.021481724
1653512844.973958254,-104.788536072,118.654266357,36.044387817,0.374312341,0.925409377,0.055193245,0.021481724
1653512845.040398836,-106.523826599,120.164360046,36.424659729,0.372071981,0.926388681,0.054231752,0.020623529
1653512845.107657433,-106.523826599,120.164360046,36.424659729,0.372071981,0.926388681,0.054231752,0.020623529
1653512845.174439430,-108.043830872,121.493156433,36.809310913,0.369824618,0.927357554,0.053646721,0.018967785
1653512845.245048046,-108.043830872,121.493156433,36.809310913,0.369824618,0.927357554,0.053646721,0.018967785
1653512845.308131218,-109.726890564,122.937210083,37.192008972,0.368292689,0.928096533,0.051650070,0.018154079
1653512845.373880386,-109.726890564,122.937210083,37.192008972,0.368292689,0.928096533,0.051650070,0.018154079
1653512845.440932989,-111.504173279,124.446655273,37.569625854,0.367078155,0.928705096,0.049212165,0.018402452
1653512845.507134914,-111.504173279,124.446655273,37.569625854,0.367078155,0.928705096,0.049212165,0.018402452
1653512845.573969603,-113.134147644,125.828071594,37.950641632,0.365422130,0.929476559,0.047026221,0.018125964
1653512845.640743494,-113.134147644,125.828071594,37.950641632,0.365422130,0.929476559,0.047026221,0.018125964
1653512845.707072258,-114.841735840,127.263328552,38.323905945,0.364969999,0.929782331,0.044638820,0.017580653
1653512845.774637222,-114.841735840,127.263328552,38.323905945,0.364969999,0.929782331,0.044638820,0.017580653
1653512845.841050148,-116.533843994,128.681823730,38.696899414,0.363572448,0.930476189,0.041830067,0.016714027
1653512845.906899929,-116.533843994,128.681823730,38.696899414,0.363572448,0.930476189,0.041830067,0.016714027
1653512845.973736763,-118.248474121,130.090499878,39.068668365,0.361915290,0.931235731,0.039534096,0.015948450
1653512846.041572571,-118.248474121,130.090499878,39.068668365,0.361915290,0.931235731,0.039534096,0.015948450
1653512846.107064724,-119.996826172,131.519165039,39.444534302,0.360162914,0.932077348,0.036109943,0.014512268
1653512846.179860830,-119.996826172,131.519165039,39.444534302,0.360162914,0.932077348,0.036109943,0.014512268
1653512846.242972612,-121.587898254,132.835617065,39.830966949,0.357528210,0.933268011,0.032248527,0.012016460
1653512846.307207584,-121.587898254,132.835617065,39.830966949,0.357528210,0.933268011,0.032248527,0.012016460
1653512846.373717070,-123.408477783,134.290664673,40.203136444,0.354684383,0.934504688,0.027948692,0.010902743
1653512846.441307545,-123.408477783,134.290664673,40.203136444,0.354684383,0.934504688,0.027948692,0.010902743
1653512846.507693768,-125.060363770,135.641845703,40.584381104,0.352149814,0.935592234,0.024124254,0.008698028
1653512846.576142788,-125.060363770,135.641845703,40.584381104,0.352149814,0.935592234,0.024124254,0.008698028
1653512846.641020536,-126.867431641,137.086410522,40.966503143,0.349118263,0.936813653,0.021159641,0.006991392
1653512846.706955194,-126.867431641,137.086410522,40.966503143,0.349118263,0.936813653,0.021159641,0.006991392
1653512846.773615360,-128.809555054,138.615020752,41.349925995,0.347386360,0.937506199,0.018923661,0.006832466
1653512846.840895176,-128.809555054,138.615020752,41.349925995,0.347386360,0.937506199,0.018923661,0.006832466
1653512846.907005548,-130.413879395,139.930282593,41.729854584,0.346021622,0.938045382,0.017618863,0.005430657
1653512846.973797083,-130.413879395,139.930282593,41.729854584,0.346021622,0.938045382,0.017618863,0.005430657
1653512847.040257454,-132.308227539,141.431106567,42.111900330,0.344582140,0.938598275,0.016436653,0.005121103
1653512847.107508183,-132.308227539,141.431106567,42.111900330,0.344582140,0.938598275,0.016436653,0.005121103
1653512847.175088882,-134.290435791,142.991699219,42.505931854,0.343241751,0.939106822,0.015432329,0.005032907
1653512847.240442276,-134.290435791,142.991699219,42.505931854,0.343241751,0.939106822,0.015432329,0.005032907
1653512847.307178736,-135.831970215,144.276275635,42.888450623,0.342467248,0.939410925,0.014645521,0.002973539
1653512847.373535156,-135.831970215,144.276275635,42.888450623,0.342467248,0.939410925,0.014645521,0.002973539
1653512847.443248272,-137.910369873,145.900924683,43.290420532,0.341317266,0.939840138,0.013813714,0.003492536
1653512847.507501125,-137.910369873,145.900924683,43.290420532,0.341317266,0.939840138,0.013813714,0.003492536
1653512847.573671579,-139.776016235,147.370483398,43.677318573,0.339191854,0.940621793,0.013023173,0.003152585
1653512847.640265226,-139.776016235,147.370483398,43.677318573,0.339191854,0.940621793,0.013023173,0.003152585
1653512847.707034111,-141.596023560,148.815139771,44.067626953,0.337567121,0.941219509,0.012201894,0.002321199
1653512847.774138212,-141.596023560,148.815139771,44.067626953,0.337567121,0.941219509,0.012201894,0.002321199
1653512847.840818882,-143.689849854,150.426132202,44.466793060,0.335283428,0.942049563,0.011085973,0.002181018
1653512847.907275915,-143.689849854,150.426132202,44.466793060,0.335283428,0.942049563,0.011085973,0.002181018
1653512847.974157572,-145.392639160,151.803024292,44.859546661,0.333368599,0.942738652,0.010416402,0.000861606
1653512848.040925980,-145.392639160,151.803024292,44.859546661,0.333368599,0.942738652,0.010416402,0.000861606
1653512848.108500242,-147.233917236,153.273635864,45.257373810,0.331785947,0.943297803,0.010358025,-0.000130147
1653512848.174121618,-147.233917236,153.273635864,45.257373810,0.331785947,0.943297803,0.010358025,-0.000130147
1653512848.240215540,-149.167449951,154.799102783,45.649936676,0.330664396,0.943690777,0.010427510,-0.000187621
1653512848.307149649,-149.167449951,154.799102783,45.649936676,0.330664396,0.943690777,0.010427510,-0.000187621
1653512848.374223948,-150.981521606,156.265563965,46.044364929,0.329846501,0.943974376,0.010660157,0.000266879
1653512848.440460682,-150.981521606,156.265563965,46.044364929,0.329846501,0.943974376,0.010660157,0.000266879
1653512848.507315636,-152.933898926,157.814697266,46.437278748,0.330184311,0.943848729,0.011277340,0.000861737
1653512848.578948975,-152.933898926,157.814697266,46.437278748,0.330184311,0.943848729,0.011277340,0.000861737
1653512848.647890568,-155.018997192,159.466293335,46.857078552,0.330124229,0.943863451,0.011644108,0.002054457
1653512848.708330631,-155.018997192,159.466293335,46.857078552,0.330124229,0.943863451,0.011644108,0.002054457
1653512848.774948835,-156.739807129,160.865112305,47.229064941,0.329937220,0.943933368,0.011200245,0.002411358
1653512848.842151880,-156.739807129,160.865112305,47.229064941,0.329937220,0.943933368,0.011200245,0.002411358
1653512848.907010794,-158.582244873,162.349975586,47.611640930,0.330031693,0.943901122,0.011060665,0.002727411
1653512848.973612309,-158.582244873,162.349975586,47.611640930,0.330031693,0.943901122,0.011060665,0.002727411
1653512849.040734768,-160.468017578,163.857681274,48.003444672,0.329390258,0.944129229,0.010648834,0.002937297
1653512849.108444452,-160.468017578,163.857681274,48.003444672,0.329390258,0.944129229,0.010648834,0.002937297
1653512849.173638582,-162.523696899,165.450103760,48.401763916,0.328227520,0.944538593,0.010094296,0.003411237
1653512849.240166664,-162.523696899,165.450103760,48.401763916,0.328227520,0.944538593,0.010094296,0.003411237
1653512849.307057142,-162.523696899,165.450103760,48.401763916,0.328227520,0.944538593,0.010094296,0.003411237
1653512849.380886555,-162.523696899,165.450103760,48.401763916,0.328227520,0.944538593,0.010094296,0.003411237
1653512849.440676212,-164.397583008,166.946487427,48.806018829,0.326933861,0.944999695,0.008981237,0.003020579
1653512849.507248163,-164.397583008,166.946487427,48.806018829,0.326933861,0.944999695,0.008981237,0.003020579
1653512849.574264765,-166.440551758,168.532485962,49.220779419,0.325078815,0.945643306,0.008432800,0.003379844
1653512849.641241312,-166.440551758,168.532485962,49.220779419,0.325078815,0.945643306,0.008432800,0.003379844
1653512849.707147360,-168.437545776,170.100601196,49.637672424,0.323773265,0.946091652,0.008147200,0.003886198
1653512849.774319410,-168.437545776,170.100601196,49.637672424,0.323773265,0.946091652,0.008147200,0.003886198
1653512849.843614340,-170.302658081,171.595809937,50.051326752,0.323429853,0.946208060,0.008255284,0.003913415
1653512849.906922340,-170.302658081,171.595809937,50.051326752,0.323429853,0.946208060,0.008255284,0.003913415
1653512849.973924398,-172.356994629,173.214187622,50.485610962,0.322804779,0.946419239,0.008372585,0.004191632
1653512850.040259600,-172.356994629,173.214187622,50.485610962,0.322804779,0.946419239,0.008372585,0.004191632
1653512850.107175112,-174.262512207,174.731109619,50.905139923,0.322624207,0.946473062,0.008773312,0.005041322
1653512850.173993111,-174.262512207,174.731109619,50.905139923,0.322624207,0.946473062,0.008773312,0.005041322
1653512850.240304708,-176.354644775,176.369247437,51.320255280,0.323447526,0.946180224,0.009650650,0.005617498
1653512850.307272434,-176.354644775,176.369247437,51.320255280,0.323447526,0.946180224,0.009650650,0.005617498
1653512850.374688387,-178.418930054,177.991867065,51.739673615,0.324044228,0.945956051,0.011152145,0.006172128
1653512850.440198183,-178.418930054,177.991867065,51.739673615,0.324044228,0.945956051,0.011152145,0.006172128
1653512850.510299921,-180.350173950,179.543731689,52.159072876,0.324628323,0.945737004,0.012523610,0.006412247
1653512850.573478699,-180.350173950,179.543731689,52.159072876,0.324628323,0.945737004,0.012523610,0.006412247
1653512850.640206814,-182.180587769,181.045532227,52.572071075,0.325901061,0.945276797,0.013773470,0.007111096
1653512850.707139015,-182.180587769,181.045532227,52.572071075,0.325901061,0.945276797,0.013773470,0.007111096
1653512850.773489475,-184.434875488,182.781036377,52.966239929,0.326385915,0.945080698,0.014689881,0.008886130
1653512850.840548515,-184.434875488,182.781036377,52.966239929,0.326385915,0.945080698,0.014689881,0.008886130
1653512850.906795979,-186.187332153,184.232086182,53.361492157,0.327402294,0.944696248,0.016257033,0.009617185
1653512850.973838568,-186.187332153,184.232086182,53.361492157,0.327402294,0.944696248,0.016257033,0.009617185
1653512851.040447712,-188.329345703,185.899093628,53.758152008,0.328504682,0.944267273,0.017697224,0.011439446
1653512851.108554363,-188.329345703,185.899093628,53.758152008,0.328504682,0.944267273,0.017697224,0.011439446
1653512851.173966646,-190.371734619,187.511505127,54.154941559,0.329708457,0.943831325,0.017771874,0.012607122
1653512851.240304947,-190.371734619,187.511505127,54.154941559,0.329708457,0.943831325,0.017771874,0.012607122
1653512851.307848215,-192.344009399,189.073547363,54.554576874,0.330523074,0.943540931,0.017223151,0.013724860
1653512851.374533653,-192.344009399,189.073547363,54.554576874,0.330523074,0.943540931,0.017223151,0.013724860
1653512851.440221071,-194.517852783,190.754516602,54.951541901,0.331665725,0.943155825,0.015237825,0.014925769
1653512851.507994652,-194.517852783,190.754516602,54.951541901,0.331665725,0.943155825,0.015237825,0.014925769
1653512851.573522806,-196.336227417,192.224227905,55.343227386,0.332606047,0.942870259,0.012705225,0.014403379
1653512851.640272617,-196.336227417,192.224227905,55.343227386,0.332606047,0.942870259,0.012705225,0.014403379
1653512851.707235336,-198.540542603,193.906723022,55.745319366,0.333256483,0.942667663,0.009973935,0.014774821
1653512851.773508072,-198.540542603,193.906723022,55.745319366,0.333256483,0.942667663,0.009973935,0.014774821
1653512851.841531992,-200.528137207,195.478149414,56.151657104,0.334209144,0.942375183,0.006204987,0.013955806
1653512851.907963514,-200.528137207,195.478149414,56.151657104,0.334209144,0.942375183,0.006204987,0.013955806
1653512851.974639177,-202.639343262,197.121688843,56.557403564,0.334653705,0.942239642,0.002917143,0.013522941
1653512852.040490150,-202.639343262,197.121688843,56.557403564,0.334653705,0.942239642,0.002917143,0.013522941
1653512852.106917858,-205.047302246,198.925674438,56.952663422,0.334675759,0.942217827,-0.000279644,0.014750580
1653512852.173496723,-205.047302246,198.925674438,56.952663422,0.334675759,0.942217827,-0.000279644,0.014750580
1653512852.241298199,-206.813873291,200.374481201,57.331783295,0.334728360,0.942205667,-0.002952706,0.014025725
1653512852.307703972,-206.813873291,200.374481201,57.331783295,0.334728360,0.942205667,-0.002952706,0.014025725
1653512852.374005556,-208.919036865,202.015670776,57.708934784,0.334677607,0.942193925,-0.004765500,0.015453987
1653512852.440462112,-208.919036865,202.015670776,57.708934784,0.334677607,0.942193925,-0.004765500,0.015453987
1653512852.512834787,-211.259109497,203.792724609,58.078483582,0.333993822,0.942384422,-0.006365015,0.017866207
1653512852.573736429,-211.259109497,203.792724609,58.078483582,0.333993822,0.942384422,-0.006365015,0.017866207
1653512852.640156031,-213.337646484,205.439270020,58.459297180,0.334033877,0.942323267,-0.006490738,0.020152329
1653512852.710113049,-213.337646484,205.439270020,58.459297180,0.334033877,0.942323267,-0.006490738,0.020152329
1653512852.774370432,-215.530609131,207.119232178,58.806045532,0.333617061,0.942409933,-0.006854258,0.022720544
1653512852.840499401,-215.530609131,207.119232178,58.806045532,0.333617061,0.942409933,-0.006854258,0.022720544
1653512852.908144474,-217.761520386,208.861679077,59.172653198,0.333537877,0.942392409,-0.007423807,0.024370926
1653512852.975759983,-217.761520386,208.861679077,59.172653198,0.333537877,0.942392409,-0.007423807,0.024370926
1653512853.040182590,-219.591339111,210.389801025,59.539363861,0.334641337,0.941997111,-0.006687914,0.024737323
1653512853.107246161,-219.591339111,210.389801025,59.539363861,0.334641337,0.941997111,-0.006687914,0.024737323
1653512853.173993111,-222.164566040,212.339645386,59.901905060,0.336146981,0.941403210,-0.006322002,0.026931096
1653512853.240641356,-222.164566040,212.339645386,59.901905060,0.336146981,0.941403210,-0.006322002,0.026931096
1653512853.306932688,-224.182388306,213.986145020,60.269702911,0.338096857,0.940703213,-0.005100527,0.027238056
1653512853.373432875,-224.182388306,213.986145020,60.269702911,0.338096857,0.940703213,-0.005100527,0.027238056
1653512853.440228939,-226.259902954,215.667114258,60.632919312,0.340850770,0.939727664,-0.003698567,0.026813533
1653512853.506988525,-226.259902954,215.667114258,60.632919312,0.340850770,0.939727664,-0.003698567,0.026813533
1653512853.573493958,-228.856063843,217.637908936,60.992012024,0.343023926,0.938901722,-0.002970736,0.028095894
1653512853.640175343,-228.856063843,217.637908936,60.992012024,0.343023926,0.938901722,-0.002970736,0.028095894
1653512853.707529068,-230.789123535,219.237411499,61.348903656,0.344197661,0.938500822,-0.002333838,0.027178757
1653512853.773413897,-230.789123535,219.237411499,61.348903656,0.344197661,0.938500822,-0.002333838,0.027178757
1653512853.840670824,-233.319000244,221.171066284,61.698032379,0.344837785,0.938246667,-0.002416312,0.027824374
1653512853.906705379,-233.319000244,221.171066284,61.698032379,0.344837785,0.938246667,-0.002416312,0.027824374
1653512853.973911524,-235.265563965,222.766967773,62.050357819,0.343880117,0.938629985,-0.002720581,0.026697870
1653512854.042279243,-235.265563965,222.766967773,62.050357819,0.343880117,0.938629985,-0.002720581,0.026697870
1653512854.108766556,-237.717453003,224.652725220,62.385810852,0.342426360,0.939149380,-0.003582580,0.027015006
1653512854.174381495,-237.717453003,224.652725220,62.385810852,0.342426360,0.939149380,-0.003582580,0.027015006
1653512854.240505219,-240.231674194,226.583450317,62.726802826,0.341449916,0.939489186,-0.004145950,0.027474632
1653512854.306952000,-240.231674194,226.583450317,62.726802826,0.341449916,0.939489186,-0.004145950,0.027474632
1653512854.373457909,-242.434936523,228.331222534,63.059932709,0.341135800,0.939598620,-0.003727582,0.027693033
1653512854.440415621,-242.434936523,228.331222534,63.059932709,0.341135800,0.939598620,-0.003727582,0.027693033
1653512854.506725788,-244.984741211,230.272994995,63.389060974,0.341859311,0.939291656,-0.003223830,0.029205590
1653512854.573538303,-244.984741211,230.272994995,63.389060974,0.341859311,0.939291656,-0.003223830,0.029205590
1653512854.642292976,-247.179672241,232.029556274,63.726417542,0.343424648,0.938720644,-0.002518130,0.029269494
1653512854.707331419,-247.179672241,232.029556274,63.726417542,0.343424648,0.938720644,-0.002518130,0.029269494
1653512854.774331331,-249.726013184,233.985885620,64.066368103,0.344684780,0.938224554,-0.002115612,0.030374972
1653512854.841635466,-249.726013184,233.985885620,64.066368103,0.344684780,0.938224554,-0.002115612,0.030374972
1653512854.909169197,-252.144866943,235.857727051,64.399711609,0.345181525,0.938006163,-0.001798238,0.031478718
1653512854.973768711,-252.144866943,235.857727051,64.399711609,0.345181525,0.938006163,-0.001798238,0.031478718
1653512855.040339708,-254.583480835,237.748596191,64.739112854,0.345066041,0.938030303,-0.001924238,0.032014642
1653512855.106919765,-254.583480835,237.748596191,64.739112854,0.345066041,0.938030303,-0.001924238,0.032014642
1653512855.173506498,-257.148101807,239.680908203,65.061561584,0.343558699,0.938539028,-0.002425312,0.033257548
1653512855.240131855,-257.148101807,239.680908203,65.061561584,0.343558699,0.938539028,-0.002425312,0.033257548
1653512855.307173014,-259.534820557,241.530807495,65.394783020,0.341244578,0.939372420,-0.002850447,0.033518482
1653512855.373604774,-259.534820557,241.530807495,65.394783020,0.341244578,0.939372420,-0.002850447,0.033518482
1653512855.440690041,-262.143676758,243.504119873,65.721435547,0.339611948,0.939926684,-0.002896766,0.034541853
1653512855.506908655,-262.143676758,243.504119873,65.721435547,0.339611948,0.939926684,-0.002896766,0.034541853
1653512855.573400974,-264.876251221,245.547836304,66.044677734,0.338139892,0.940393209,-0.002227395,0.036291249
1653512855.640138149,-264.876251221,245.547836304,66.044677734,0.338139892,0.940393209,-0.002227395,0.036291249
1653512855.707227945,-267.053405762,247.315460205,66.379234314,0.337642908,0.940573990,-0.001286598,0.036279403
1653512855.773882627,-267.053405762,247.315460205,66.379234314,0.337642908,0.940573990,-0.001286598,0.036279403
1653512855.840077162,-269.281860352,249.128814697,66.709663391,0.338579804,0.940230131,0.000819436,0.036473941
1653512855.910607100,-269.281860352,249.128814697,66.709663391,0.338579804,0.940230131,0.000819436,0.036473941
1653512855.973409176,-272.021575928,251.226593018,67.020629883,0.340009123,0.939641297,0.002686404,0.038220260
1653512856.040306091,-272.021575928,251.226593018,67.020629883,0.340009123,0.939641297,0.002686404,0.038220260
1653512856.107012749,-274.185241699,253.019592285,67.353263855,0.341108620,0.939256310,0.004595680,0.037701204
1653512856.174962997,-274.185241699,253.019592285,67.353263855,0.341108620,0.939256310,0.004595680,0.037701204
1653512856.239984035,-276.733154297,255.011688232,67.670867920,0.342096984,0.938846469,0.006456517,0.038668312
1653512856.307122231,-276.733154297,255.011688232,67.670867920,0.342096984,0.938846469,0.006456517,0.038668312
1653512856.373892784,-279.212463379,256.949432373,67.991058350,0.340871453,0.939272821,0.007230024,0.038998973
1653512856.440026045,-279.212463379,256.949432373,67.991058350,0.340871453,0.939272821,0.007230024,0.038998973
1653512856.506756783,-281.589294434,258.808166504,68.308784485,0.337940603,0.940311909,0.008193399,0.039274525
1653512856.573977709,-281.589294434,258.808166504,68.308784485,0.337940603,0.940311909,0.008193399,0.039274525
1653512856.640237331,-284.413848877,260.894561768,68.604995728,0.334773004,0.941391647,0.008393714,0.040476840
1653512856.707677841,-284.413848877,260.894561768,68.604995728,0.334773004,0.941391647,0.008393714,0.040476840
1653512856.774567842,-286.718048096,262.704681396,68.923484802,0.331052750,0.942714930,0.008999752,0.040145062
1653512856.840320110,-286.718048096,262.704681396,68.923484802,0.331052750,0.942714930,0.008999752,0.040145062
1653512856.906720638,-289.320434570,264.671661377,69.230789185,0.327885926,0.943775594,0.010463566,0.040853430
1653512856.973795891,-289.320434570,264.671661377,69.230789185,0.327885926,0.943775594,0.010463566,0.040853430
1653512857.040126085,-292.250579834,266.815765381,69.523780823,0.325509161,0.944532454,0.011707145,0.042014588
1653512857.107126951,-292.250579834,266.815765381,69.523780823,0.325509161,0.944532454,0.011707145,0.042014588
1653512857.175077200,-294.799926758,268.749237061,69.842552185,0.323134094,0.945326805,0.013458285,0.041957542
1653512857.240763664,-294.799926758,268.749237061,69.842552185,0.323134094,0.945326805,0.013458285,0.041957542
1653512857.307958126,-297.628570557,270.823028564,70.153999329,0.320854187,0.946015596,0.015969921,0.043035090
1653512857.373913765,-297.628570557,270.823028564,70.153999329,0.320854187,0.946015596,0.015969921,0.043035090
1653512857.440680265,-300.623382568,272.968353271,70.456268311,0.318435848,0.946754754,0.018032782,0.043919172
1653512857.507310629,-300.623382568,272.968353271,70.456268311,0.318435848,0.946754754,0.018032782,0.043919172
1653512857.574405193,-303.149383545,274.848083496,70.778991699,0.314943850,0.947876632,0.020552548,0.043793630
1653512857.646928310,-303.149383545,274.848083496,70.778991699,0.314943850,0.947876632,0.020552548,0.043793630
1653512857.707074642,-306.358337402,277.070556641,71.073356628,0.310417950,0.949245036,0.023452630,0.044994935
1653512857.773392200,-306.358337402,277.070556641,71.073356628,0.310417950,0.949245036,0.023452630,0.044994935
1653512857.841518402,-308.822479248,278.880889893,71.396636963,0.306235373,0.950559258,0.026210466,0.044384249
1653512857.906689405,-308.822479248,278.880889893,71.396636963,0.306235373,0.950559258,0.026210466,0.044384249
1653512857.973566532,-311.873260498,280.991455078,71.696228027,0.301528126,0.951912224,0.029637475,0.045447763
1653512858.044623613,-311.873260498,280.991455078,71.696228027,0.301528126,0.951912224,0.029637475,0.045447763
1653512858.108480692,-315.057250977,283.156738281,71.983268738,0.297059894,0.953166366,0.032991409,0.046269886
1653512858.173823118,-315.057250977,283.156738281,71.983268738,0.297059894,0.953166366,0.032991409,0.046269886
1653512858.240159273,-317.437805176,284.907287598,72.324768066,0.293388724,0.954200208,0.037469756,0.044955760
1653512858.306724310,-317.437805176,284.907287598,72.324768066,0.293388724,0.954200208,0.037469756,0.044955760
1653512858.373444319,-320.742614746,287.109130859,72.605827332,0.289789021,0.955097914,0.041124135,0.046033952
1653512858.440096617,-320.742614746,287.109130859,72.605827332,0.289789021,0.955097914,0.041124135,0.046033952
1653512858.506766796,-323.559783936,289.054992676,72.925041199,0.286527842,0.955915391,0.045114920,0.045740906
1653512858.573440075,-323.559783936,289.054992676,72.925041199,0.286527842,0.955915391,0.045114920,0.045740906
1653512858.640243292,-326.111572266,290.852783203,73.258140564,0.284469604,0.956405878,0.049036525,0.044274434
1653512858.706696272,-326.111572266,290.852783203,73.258140564,0.284469604,0.956405878,0.049036525,0.044274434
1653512858.774981737,-329.251831055,292.932586670,73.563919067,0.281665266,0.957077980,0.051978402,0.044324882
1653512858.844526768,-329.251831055,292.932586670,73.563919067,0.281665266,0.957077980,0.051978402,0.044324882
1653512858.906967163,-332.231628418,294.909301758,73.890670776,0.278604746,0.957839608,0.055067655,0.043476712
1653512858.973641872,-332.231628418,294.909301758,73.890670776,0.278604746,0.957839608,0.055067655,0.043476712
1653512859.040619373,-334.857696533,296.660400391,74.233993530,0.275980443,0.958495259,0.057847772,0.042134192
1653512859.106847763,-334.857696533,296.660400391,74.233993530,0.275980443,0.958495259,0.057847772,0.042134192
1653512859.176100969,-337.980072021,298.645599365,74.559173584,0.272424996,0.959468186,0.059215896,0.041217241
1653512859.242381334,-337.980072021,298.645599365,74.559173584,0.272424996,0.959468186,0.059215896,0.041217241
1653512859.306977034,-340.806854248,300.457763672,74.912528992,0.268986613,0.960450888,0.060406733,0.039131518
1653512859.373625517,-340.806854248,300.457763672,74.912528992,0.268986613,0.960450888,0.060406733,0.039131518
1653512859.441655397,-344.018157959,302.431396484,75.228126526,0.266360641,0.961159527,0.061492614,0.037987590
1653512859.506680250,-344.018157959,302.431396484,75.228126526,0.266360641,0.961159527,0.061492614,0.037987590
1653512859.573689461,-346.919036865,304.241760254,75.575752258,0.263565540,0.961911917,0.062771156,0.036310747
1653512859.641187429,-346.919036865,304.241760254,75.575752258,0.263565540,0.961911917,0.062771156,0.036310747
1653512859.707684755,-349.987335205,306.086822510,75.896308899,0.260634333,0.962683260,0.063897319,0.035040677
1653512859.773678303,-349.987335205,306.086822510,75.896308899,0.260634333,0.962683260,0.063897319,0.035040677
1653512859.841224909,-353.262298584,307.998962402,76.211479187,0.258385777,0.963252425,0.064772137,0.034440704
1653512859.906991959,-353.262298584,307.998962402,76.211479187,0.258385777,0.963252425,0.064772137,0.034440704
1653512859.973889589,-356.549774170,309.870086670,76.524108887,0.255051523,0.964114845,0.065518022,0.033744805
1653512860.040323257,-356.549774170,309.870086670,76.524108887,0.255051523,0.964114845,0.065518022,0.033744805
1653512860.108338594,-359.947784424,311.760162354,76.824493408,0.251838058,0.964948177,0.065835483,0.033440664
1653512860.173502207,-359.947784424,311.760162354,76.824493408,0.251838058,0.964948177,0.065835483,0.033440664
1653512860.244174719,-363.185211182,313.557647705,77.145721436,0.249340639,0.965608180,0.066349901,0.032058246
1653512860.306789875,-363.185211182,313.557647705,77.145721436,0.249340639,0.965608180,0.066349901,0.032058246
1653512860.373662949,-366.248138428,315.255004883,77.479293823,0.246079460,0.966432452,0.067186423,0.030645635
1653512860.440873146,-366.248138428,315.255004883,77.479293823,0.246079460,0.966432452,0.067186423,0.030645635
1653512860.506752968,-369.780639648,317.118072510,77.759017944,0.243374273,0.967056155,0.068080179,0.030600838
1653512860.573335886,-369.780639648,317.118072510,77.759017944,0.243374273,0.967056155,0.068080179,0.030600838
1653512860.640436888,-372.762542725,318.732299805,78.084632874,0.240936488,0.967644572,0.068898775,0.029436773
1653512860.707747698,-372.762542725,318.732299805,78.084632874,0.240936488,0.967644572,0.068898775,0.029436773
1653512860.773683548,-376.399291992,320.602264404,78.366531372,0.237746507,0.968376219,0.069599628,0.029665357
1653512860.840067387,-376.399291992,320.602264404,78.366531372,0.237746507,0.968376219,0.069599628,0.029665357
1653512860.907969475,-379.587310791,322.264892578,78.668952942,0.234408021,0.969152629,0.070206113,0.029447958
1653512860.974308252,-379.587310791,322.264892578,78.668952942,0.234408021,0.969152629,0.070206113,0.029447958
1653512861.041777849,-382.742553711,323.884765625,78.975143433,0.231227443,0.969828963,0.071944632,0.028100248
1653512861.107114315,-382.742553711,323.884765625,78.975143433,0.231227443,0.969828963,0.071944632,0.028100248
1653512861.173368692,-386.199157715,325.595947266,79.259803772,0.227276906,0.970721066,0.072526149,0.028030911
1653512861.240031004,-386.199157715,325.595947266,79.259803772,0.227276906,0.970721066,0.072526149,0.028030911
1653512861.307602406,-389.200073242,327.097747803,79.559356689,0.223151028,0.971630752,0.073309436,0.027622854
1653512861.376172781,-389.200073242,327.097747803,79.559356689,0.223151028,0.971630752,0.073309436,0.027622854
1653512861.440446854,-392.748382568,328.785583496,79.826911926,0.219288409,0.972457945,0.074060544,0.027443076
1653512861.507236242,-392.748382568,328.785583496,79.826911926,0.219288409,0.972457945,0.074060544,0.027443076
1653512861.574363947,-396.092803955,330.385894775,80.101058960,0.214686230,0.973473489,0.074391015,0.026928701
1653512861.640126228,-396.092803955,330.385894775,80.101058960,0.214686230,0.973473489,0.074391015,0.026928701
1653512861.706907988,-399.260375977,331.891021729,80.388931274,0.209602043,0.974543571,0.075192519,0.026037488
1653512861.777445316,-399.260375977,331.891021729,80.388931274,0.209602043,0.974543571,0.075192519,0.026037488
1653512861.840940475,-402.949737549,333.541870117,80.630203247,0.204836845,0.975519955,0.075514145,0.026462222
1653512861.908067942,-402.949737549,333.541870117,80.630203247,0.204836845,0.975519955,0.075514145,0.026462222
1653512861.974964619,-406.212921143,335.014587402,80.905067444,0.198917821,0.976705968,0.076322079,0.025537226
1653512862.040082455,-406.212921143,335.014587402,80.905067444,0.198917821,0.976705968,0.076322079,0.025537226
1653512862.106858730,-410.158020020,336.653503418,81.136840820,0.192534700,0.977909386,0.076952606,0.026494127
1653512862.173344851,-410.158020020,336.653503418,81.136840820,0.192534700,0.977909386,0.076952606,0.026494127
1653512862.240098953,-413.738311768,338.144470215,81.387870789,0.186874151,0.978981435,0.077409498,0.026098397
1653512862.308087349,-413.738311768,338.144470215,81.387870789,0.186874151,0.978981435,0.077409498,0.026098397
1653512862.373352766,-417.031951904,339.518829346,81.674697876,0.181330636,0.980020702,0.077980809,0.024447290
1653512862.442991734,-417.031951904,339.518829346,81.674697876,0.181330636,0.980020702,0.077980809,0.024447290
1653512862.510988474,-420.975097656,341.061523438,81.923103333,0.175735772,0.980965436,0.078871571,0.024556240
1653512862.573432684,-420.975097656,341.061523438,81.923103333,0.175735772,0.980965436,0.078871571,0.024556240
1653512862.640456676,-424.407562256,342.442810059,82.232444763,0.171135351,0.981704414,0.080276936,0.022907251
1653512862.707584620,-424.407562256,342.442810059,82.232444763,0.171135351,0.981704414,0.080276936,0.022907251
1653512862.773266554,-427.920745850,343.785369873,82.506973267,0.166472390,0.982401311,0.081738465,0.022212043
1653512862.841132641,-427.920745850,343.785369873,82.506973267,0.166472390,0.982401311,0.081738465,0.022212043
1653512862.906924009,-432.238800049,345.335845947,82.747505188,0.161194831,0.983171582,0.082961328,0.022522200
1653512862.974177837,-432.238800049,345.335845947,82.747505188,0.161194831,0.983171582,0.082961328,0.022522200
1653512863.040174961,-435.205871582,346.509735107,83.095649719,0.155982926,0.984073818,0.082962371,0.019629464
1653512863.106941700,-435.205871582,346.509735107,83.095649719,0.155982926,0.984073818,0.082962371,0.019629464
1653512863.173648119,-438.964324951,347.852172852,83.386054993,0.149893671,0.984877825,0.084770568,0.019014547
1653512863.240165949,-438.964324951,347.852172852,83.386054993,0.149893671,0.984877825,0.084770568,0.019014547
1653512863.306677818,-442.661651611,349.144073486,83.696128845,0.143859580,0.985652745,0.086295374,0.018606056
1653512863.373268843,-442.661651611,349.144073486,83.696128845,0.143859580,0.985652745,0.086295374,0.018606056
1653512863.439958811,-445.613464355,350.215057373,84.057304382,0.138532937,0.986312091,0.087896846,0.016468896
1653512863.506558418,-445.613464355,350.215057373,84.057304382,0.138532937,0.986312091,0.087896846,0.016468896
1653512863.574600220,-449.786712646,351.550109863,84.342338562,0.133325770,0.986866593,0.089757234,0.016191846
1653512863.640001774,-449.786712646,351.550109863,84.342338562,0.133325770,0.986866593,0.089757234,0.016191846
1653512863.707355499,-453.261505127,352.703002930,84.697288513,0.128143921,0.987431288,0.091375284,0.014460355
1653512863.773550510,-453.261505127,352.703002930,84.697288513,0.128143921,0.987431288,0.091375284,0.014460355
1653512863.841645479,-456.683013916,353.800445557,85.045608521,0.123231143,0.987809181,0.094167680,0.013399752
1653512863.906699896,-456.683013916,353.800445557,85.045608521,0.123231143,0.987809181,0.094167680,0.013399752
1653512863.973413706,-460.819396973,355.015167236,85.351402283,0.118274763,0.988148212,0.096803822,0.014255903
1653512864.040096045,-460.819396973,355.015167236,85.351402283,0.118274763,0.988148212,0.096803822,0.014255903
1653512864.112591028,-463.951538086,355.979339600,85.711380005,0.113111772,0.988453746,0.099950723,0.013221518
1653512864.173373461,-463.951538086,355.979339600,85.711380005,0.113111772,0.988453746,0.099950723,0.013221518
1653512864.243988752,-468.178802490,357.128417969,86.028739929,0.108034328,0.988740444,0.102565467,0.014185763
1653512864.307255745,-468.178802490,357.128417969,86.028739929,0.108034328,0.988740444,0.102565467,0.014185763
1653512864.373469353,-472.708068848,358.252075195,86.301330566,0.102266148,0.989040554,0.105255276,0.016178222
1653512864.440333366,-472.708068848,358.252075195,86.301330566,0.102266148,0.989040554,0.105255276,0.016178222
1653512864.508420706,-475.884735107,359.098022461,86.657890320,0.096515499,0.989561439,0.105811372,0.016027404
1653512864.574949741,-475.884735107,359.098022461,86.657890320,0.096515499,0.989561439,0.105811372,0.016027404
1653512864.640060425,-480.032196045,360.087615967,86.966285706,0.091192342,0.990098894,0.105317235,0.017218413
1653512864.706957340,-480.032196045,360.087615967,86.966285706,0.091192342,0.990098894,0.105317235,0.017218413
1653512864.773512363,-483.534179688,360.933502197,87.298812866,0.085585721,0.990731716,0.104024336,0.017456805
1653512864.840103149,-483.534179688,360.933502197,87.298812866,0.085585721,0.990731716,0.104024336,0.017456805
1653512864.906654596,-487.558471680,361.819732666,87.600318909,0.079473048,0.991493464,0.101368345,0.018686486
1653512864.973979235,-487.558471680,361.819732666,87.600318909,0.079473048,0.991493464,0.101368345,0.018686486
1653512865.040711880,-491.923217773,362.713165283,87.886314392,0.073737428,0.992086053,0.099671543,0.019839218
1653512865.106712103,-491.923217773,362.713165283,87.886314392,0.073737428,0.992086053,0.099671543,0.019839218
1653512865.174374342,-495.347625732,363.450622559,88.247596741,0.067490183,0.992636561,0.098754078,0.019114856
1653512865.240088224,-495.347625732,363.450622559,88.247596741,0.067490183,0.992636561,0.098754078,0.019114856
1653512865.307990789,-499.592620850,364.240692139,88.546020508,0.060590416,0.993003845,0.099432886,0.019628353
1653512865.373539209,-499.592620850,364.240692139,88.546020508,0.060590416,0.993003845,0.099432886,0.019628353
1653512865.440047979,-503.455230713,364.943481445,88.876823425,0.054249983,0.993298888,0.100296319,0.018839141
1653512865.508740187,-503.455230713,364.943481445,88.876823425,0.054249983,0.993298888,0.100296319,0.018839141
1653512865.574113607,-507.430908203,365.599761963,89.197029114,0.046982404,0.993504345,0.102023698,0.018247139
1653512865.641381502,-507.430908203,365.599761963,89.197029114,0.046982404,0.993504345,0.102023698,0.018247139
1653512865.707381248,-511.552978516,366.234252930,89.518936157,0.039601028,0.993708730,0.103380881,0.016943391
1653512865.773191929,-511.552978516,366.234252930,89.518936157,0.039601028,0.993708730,0.103380881,0.016943391
1653512865.842298985,-515.259765625,366.803131104,89.864166260,0.032692499,0.993792534,0.105442055,0.013767818
1653512865.906948090,-515.259765625,366.803131104,89.864166260,0.032692499,0.993792534,0.105442055,0.013767818
1653512865.973409653,-519.895263672,367.382415771,90.149391174,0.025409801,0.993646324,0.108935200,0.012425571
1653512866.040848732,-519.895263672,367.382415771,90.149391174,0.025409801,0.993646324,0.108935200,0.012425571
1653512866.106967926,-523.695373535,367.884399414,90.484886169,0.018672444,0.993536472,0.111605980,0.008986691
1653512866.174741030,-523.695373535,367.884399414,90.484886169,0.018672444,0.993536472,0.111605980,0.008986691
1653512866.240095615,-527.656250000,368.348052979,90.832969666,0.013246804,0.993391037,0.113912411,0.004770476
1653512866.306711197,-527.656250000,368.348052979,90.832969666,0.013246804,0.993391037,0.113912411,0.004770476
1653512866.373198748,-532.321655273,368.769531250,91.148101807,0.008951706,0.993429363,0.114081457,0.001846772
1653512866.439948559,-532.321655273,368.769531250,91.148101807,0.008951706,0.993429363,0.114081457,0.001846772
1653512866.507191658,-535.884765625,369.135772705,91.552902222,0.003733221,0.993784070,0.111225605,-0.002849990
1653512866.573571444,-535.884765625,369.135772705,91.552902222,0.003733221,0.993784070,0.111225605,-0.002849990
1653512866.640377522,-540.258605957,369.449096680,91.895980835,-0.002387393,0.994147599,0.107900068,-0.004730810
1653512866.707402945,-540.258605957,369.449096680,91.895980835,-0.002387393,0.994147599,0.107900068,-0.004730810
1653512866.773492098,-544.149597168,369.716705322,92.275276184,-0.010812671,0.994621813,0.102795072,-0.006613844
1653512866.839846849,-544.149597168,369.716705322,92.275276184,-0.010812671,0.994621813,0.102795072,-0.006613844
1653512866.906544685,-547.906555176,369.934631348,92.661712646,-0.021060115,0.995013058,0.097181596,-0.007826632
1653512866.973275900,-547.906555176,369.934631348,92.661712646,-0.021060115,0.995013058,0.097181596,-0.007826632
1653512867.040102005,-552.237548828,370.095947266,93.012840271,-0.032501958,0.995142281,0.092568621,-0.008158184
1653512867.106894970,-552.237548828,370.095947266,93.012840271,-0.032501958,0.995142281,0.092568621,-0.008158184
1653512867.173267841,-556.364746094,370.227966309,93.400672913,-0.043715589,0.994957089,0.089865483,-0.008575862
1653512867.240780830,-556.364746094,370.227966309,93.400672913,-0.043715589,0.994957089,0.089865483,-0.008575862
1653512867.307920694,-560.074035645,370.341766357,93.820541382,-0.054202583,0.994461954,0.089564465,-0.009256987
1653512867.374948502,-560.074035645,370.341766357,93.820541382,-0.054202583,0.994461954,0.089564465,-0.009256987
1653512867.439944744,-564.996765137,370.351806641,94.169334412,-0.063907310,0.993683040,0.091865309,-0.008405884
1653512867.506983280,-564.996765137,370.351806641,94.169334412,-0.063907310,0.993683040,0.091865309,-0.008405884
1653512867.574032545,-568.434631348,370.438934326,94.629486084,-0.072318830,0.992827654,0.094486825,-0.011638368
1653512867.640083790,-568.434631348,370.438934326,94.629486084,-0.072318830,0.992827654,0.094486825,-0.011638368
1653512867.706727743,-572.345275879,370.462738037,95.060989380,-0.079116687,0.992101669,0.096345000,-0.013872011
1653512867.773584366,-572.345275879,370.462738037,95.060989380,-0.079116687,0.992101669,0.096345000,-0.013872011
1653512867.840347767,-577.007019043,370.364746094,95.429023743,-0.084793441,0.991510689,0.097488046,-0.014582565
1653512867.907156229,-577.007019043,370.364746094,95.429023743,-0.084793441,0.991510689,0.097488046,-0.014582565
1653512867.973200798,-580.559082031,370.340148926,95.877937317,-0.090516016,0.990981698,0.097243086,-0.017490730
1653512868.040233612,-580.559082031,370.340148926,95.877937317,-0.090516016,0.990981698,0.097243086,-0.017490730
1653512868.107014656,-585.186035156,370.163024902,96.222778320,-0.097205572,0.990322471,0.097628236,-0.016770523
1653512868.173816204,-585.186035156,370.163024902,96.222778320,-0.097205572,0.990322471,0.097628236,-0.016770523
1653512868.240252018,-588.854736328,370.065643311,96.621543884,-0.104497515,0.989623368,0.096959919,-0.018018764
1653512868.307751179,-588.854736328,370.065643311,96.621543884,-0.104497515,0.989623368,0.096959919,-0.018018764
1653512868.374102354,-593.174865723,369.832031250,96.949264526,-0.113051444,0.988784552,0.096163683,-0.016644921
1653512868.440230370,-593.174865723,369.832031250,96.949264526,-0.113051444,0.988784552,0.096163683,-0.016644921
1653512868.506868601,-597.350463867,369.584228516,97.282905579,-0.122200012,0.987832546,0.094852202,-0.016034679
1653512868.573565722,-597.350463867,369.584228516,97.282905579,-0.122200012,0.987832546,0.094852202,-0.016034679
1653512868.640960693,-601.054992676,369.370971680,97.633895874,-0.130155295,0.986961961,0.093275025,-0.016291933
1653512868.706914902,-601.054992676,369.370971680,97.633895874,-0.130155295,0.986961961,0.093275025,-0.016291933
1653512868.773658752,-605.363586426,369.025573730,97.943496704,-0.137493834,0.986110628,0.091919228,-0.015236718
1653512868.842586756,-605.363586426,369.025573730,97.943496704,-0.137493834,0.986110628,0.091919228,-0.015236718
1653512868.907688379,-609.571838379,368.654937744,98.257865906,-0.143788278,0.985342741,0.090666421,-0.014290549
1653512868.977604389,-609.571838379,368.654937744,98.257865906,-0.143788278,0.985342741,0.090666421,-0.014290549
1653512869.040369987,-613.624145508,368.264831543,98.595718384,-0.149619609,0.984611154,0.089126103,-0.014537329
1653512869.107024670,-613.624145508,368.264831543,98.595718384,-0.149619609,0.984611154,0.089126103,-0.014537329
1653512869.173470974,-617.646972656,367.838256836,98.932968140,-0.155510113,0.983857334,0.087274909,-0.014982687
1653512869.239970684,-617.646972656,367.838256836,98.932968140,-0.155510113,0.983857334,0.087274909,-0.014982687
1653512869.306935549,-621.396057129,367.440979004,99.290023804,-0.161788836,0.983031332,0.084962890,-0.015970737
1653512869.373974085,-621.396057129,367.440979004,99.290023804,-0.161788836,0.983031332,0.084962890,-0.015970737
1653512869.440958261,-625.981262207,366.800445557,99.591705322,-0.168527171,0.981871724,0.085384943,-0.015357918
1653512869.509685993,-625.981262207,366.800445557,99.591705322,-0.168527171,0.981871724,0.085384943,-0.015357918
1653512869.574013472,-630.067321777,366.217468262,99.935562134,-0.176628888,0.980349600,0.086506918,-0.015279405
1653512869.641179323,-630.067321777,366.217468262,99.935562134,-0.176628888,0.980349600,0.086506918,-0.015279405
1653512869.707312346,-634.029357910,365.605590820,100.274497986,-0.184569150,0.978678703,0.088709123,-0.015904739
1653512869.773610830,-634.029357910,365.605590820,100.274497986,-0.184569150,0.978678703,0.088709123,-0.015904739
1653512869.840641260,-638.447448730,364.835388184,100.588867188,-0.192282125,0.976873219,0.092193678,-0.015705874
1653512869.906605959,-638.447448730,364.835388184,100.588867188,-0.192282125,0.976873219,0.092193678,-0.015705874
1653512869.976892710,-642.311340332,364.180450439,100.946289062,-0.199468762,0.975033641,0.096098945,-0.016929006
1653512870.039963007,-642.311340332,364.180450439,100.946289062,-0.199468762,0.975033641,0.096098945,-0.016929006
1653512870.107197046,-646.564147949,363.374237061,101.293151855,-0.206030697,0.973050237,0.101919055,-0.018361485
1653512870.173145294,-646.564147949,363.374237061,101.293151855,-0.206030697,0.973050237,0.101919055,-0.018361485
1653512870.240261316,-650.601013184,362.589935303,101.626426697,-0.210980654,0.971463382,0.106572211,-0.019709200
1653512870.307783604,-650.601013184,362.589935303,101.626426697,-0.210980654,0.971463382,0.106572211,-0.019709200
1653512870.373294592,-654.177612305,361.909545898,101.997489929,-0.215903804,0.969889283,0.110516250,-0.022057481
1653512870.440109015,-654.177612305,361.909545898,101.997489929,-0.215903804,0.969889283,0.110516250,-0.022057481
1653512870.506791830,-658.214721680,361.059020996,102.326484680,-0.220515281,0.968424916,0.113975473,-0.023146302
1653512870.573102951,-658.214721680,361.059020996,102.326484680,-0.220515281,0.968424916,0.113975473,-0.023146302
1653512870.639795542,-662.506774902,360.065551758,102.647354126,-0.224576488,0.967094719,0.117060773,-0.024289699
1653512870.706570148,-662.506774902,360.065551758,102.647354126,-0.224576488,0.967094719,0.117060773,-0.024289699
1653512870.773661375,-665.910461426,359.298065186,103.021888733,-0.228668690,0.965874553,0.118814163,-0.026080770
1653512870.839972973,-665.910461426,359.298065186,103.021888733,-0.228668690,0.965874553,0.118814163,-0.026080770
1653512870.907380104,-669.933532715,358.274200439,103.342529297,-0.233746737,0.964531898,0.119868293,-0.025927411
1653512870.973233700,-669.933532715,358.274200439,103.342529297,-0.233746737,0.964531898,0.119868293,-0.025927411
1653512871.040435076,-673.290283203,357.434661865,103.699211121,-0.239110172,0.963268101,0.119187631,-0.027114511
1653512871.111340046,-673.290283203,357.434661865,103.699211121,-0.239110172,0.963268101,0.119187631,-0.027114511
1653512871.173451424,-677.337097168,356.288391113,103.992477417,-0.244964153,0.961806834,0.119351380,-0.025989298
1653512871.240026712,-677.337097168,356.288391113,103.992477417,-0.244964153,0.961806834,0.119351380,-0.025989298
1653512871.306786776,-681.249206543,355.142211914,104.296989441,-0.251497656,0.960324168,0.117929123,-0.024882598
1653512871.374590158,-681.249206543,355.142211914,104.296989441,-0.251497656,0.960324168,0.117929123,-0.024882598
1653512871.440555096,-684.314575195,354.267272949,104.659263611,-0.257539004,0.958955228,0.115760468,-0.026038840
1653512871.508135557,-684.314575195,354.267272949,104.659263611,-0.257539004,0.958955228,0.115760468,-0.026038840
1653512871.573366165,-689.055541992,352.645507812,104.900184631,-0.263360590,0.957414746,0.116053790,-0.023015605
1653512871.640852928,-689.055541992,352.645507812,104.900184631,-0.263360590,0.957414746,0.116053790,-0.023015605
1653512871.706549644,-692.471191406,351.506469727,105.243591309,-0.269420505,0.955899179,0.114347935,-0.024370493
1653512871.775721550,-692.471191406,351.506469727,105.243591309,-0.269420505,0.955899179,0.114347935,-0.024370493
1653512871.842490196,-696.545166016,350.022766113,105.540672302,-0.275167078,0.954262674,0.114271142,-0.024656838
1653512871.907917261,-696.545166016,350.022766113,105.540672302,-0.275167078,0.954262674,0.114271142,-0.024656838
1653512871.976842642,-700.180114746,348.687591553,105.884277344,-0.281353533,0.952392578,0.114498079,-0.026053010
1653512872.039925814,-700.180114746,348.687591553,105.884277344,-0.281353533,0.952392578,0.114498079,-0.026053010
1653512872.107370853,-703.587768555,347.418457031,106.219566345,-0.287816435,0.950334013,0.115118459,-0.027832618
1653512872.175839424,-703.587768555,347.418457031,106.219566345,-0.287816435,0.950334013,0.115118459,-0.027832618
1653512872.240648746,-707.342407227,345.916046143,106.503616333,-0.293934405,0.948167801,0.117174000,-0.029164823
1653512872.307613611,-707.342407227,345.916046143,106.503616333,-0.293934405,0.948167801,0.117174000,-0.029164823
1653512872.373191357,-711.057373047,344.404510498,106.805793762,-0.300670952,0.945786417,0.118770264,-0.031282961
1653512872.443640471,-711.057373047,344.404510498,106.805793762,-0.300670952,0.945786417,0.118770264,-0.031282961
1653512872.507264376,-714.344543457,343.040008545,107.129608154,-0.307219028,0.943409085,0.120173216,-0.033973701
1653512872.578096390,-714.344543457,343.040008545,107.129608154,-0.307219028,0.943409085,0.120173216,-0.033973701
1653512872.640027285,-718.418273926,341.218719482,107.399955750,-0.313770741,0.940929890,0.122239210,-0.035446264
1653512872.707000494,-718.418273926,341.218719482,107.399955750,-0.313770741,0.940929890,0.122239210,-0.035446264
1653512872.773984432,-721.680297852,339.760192871,107.730484009,-0.320521325,0.938402414,0.123213783,-0.038539972
1653512872.843656778,-721.680297852,339.760192871,107.730484009,-0.320521325,0.938402414,0.123213783,-0.038539972
1653512872.907640457,-724.648315430,338.420501709,108.070579529,-0.327492595,0.935778201,0.123846844,-0.041590385
1653512872.973355293,-724.648315430,338.420501709,108.070579529,-0.327492595,0.935778201,0.123846844,-0.041590385
1653512873.039839268,-728.697998047,336.398529053,108.323188782,-0.334153473,0.932977378,0.126872867,-0.042401783
1653512873.107937574,-728.697998047,336.398529053,108.323188782,-0.334153473,0.932977378,0.126872867,-0.042401783
1653512873.174323797,-731.654602051,334.930053711,108.664382935,-0.340901643,0.930182815,0.128408939,-0.045356326
1653512873.243771315,-731.654602051,334.930053711,108.664382935,-0.340901643,0.930182815,0.128408939,-0.045356326
1653512873.306689501,-735.301635742,332.993133545,108.952690125,-0.348193198,0.927070618,0.130748630,-0.046972319
1653512873.373358488,-735.301635742,332.993133545,108.952690125,-0.348193198,0.927070618,0.130748630,-0.046972319
1653512873.444758892,-738.636962891,331.187927246,109.264823914,-0.355568618,0.923959076,0.131874919,-0.049794823
1653512873.507133245,-738.636962891,331.187927246,109.264823914,-0.355568618,0.923959076,0.131874919,-0.049794823
1653512873.573613882,-741.762390137,329.448089600,109.616447449,-0.362554759,0.920868456,0.133108571,-0.053268094
1653512873.642275333,-741.762390137,329.448089600,109.616447449,-0.362554759,0.920868456,0.133108571,-0.053268094
1653512873.707255125,-745.604492188,327.128875732,109.877525330,-0.369387686,0.917690694,0.135491610,-0.055123359
1653512873.775221109,-745.604492188,327.128875732,109.877525330,-0.369387686,0.917690694,0.135491610,-0.055123359
1653512873.841824293,-748.243530273,325.566650391,110.276870728,-0.375713110,0.914887369,0.135132104,-0.059666302
1653512873.906467676,-748.243530273,325.566650391,110.276870728,-0.375713110,0.914887369,0.135132104,-0.059666302
1653512873.974205256,-751.727905273,323.331085205,110.595237732,-0.382559121,0.911712885,0.136272773,-0.062111337
1653512874.039900541,-751.727905273,323.331085205,110.595237732,-0.382559121,0.911712885,0.136272773,-0.062111337
1653512874.106947422,-754.912719727,321.235626221,110.939613342,-0.389385372,0.908462346,0.137615755,-0.064320303
1653512874.173676014,-754.912719727,321.235626221,110.939613342,-0.389385372,0.908462346,0.137615755,-0.064320303
1653512874.240071058,-757.881469727,319.228332520,111.302413940,-0.395687938,0.905354202,0.138608173,-0.067473046
1653512874.307014227,-757.881469727,319.228332520,111.302413940,-0.395687938,0.905354202,0.138608173,-0.067473046
1653512874.373239040,-760.970764160,317.062011719,111.657592773,-0.402459115,0.901986659,0.139418110,-0.070776813
1653512874.439950228,-760.970764160,317.062011719,111.657592773,-0.402459115,0.901986659,0.139418110,-0.070776813
1653512874.506542683,-763.830871582,315.003143311,112.031127930,-0.409116805,0.898767889,0.139722750,-0.072919615
1653512874.573384285,-763.830871582,315.003143311,112.031127930,-0.409116805,0.898767889,0.139722750,-0.072919615
1653512874.642932653,-766.846618652,312.742126465,112.390510559,-0.415304661,0.895847380,0.139533356,-0.074228972
1653512874.706570148,-766.846618652,312.742126465,112.390510559,-0.415304661,0.895847380,0.139533356,-0.074228972
1653512874.774255276,-770.188964844,310.125396729,112.746459961,-0.422015190,0.892677903,0.139621034,-0.074399486
1653512874.840053558,-770.188964844,310.125396729,112.746459961,-0.422015190,0.892677903,0.139621034,-0.074399486
1653512874.906624317,-772.572753906,308.242919922,113.174423218,-0.428792894,0.889629424,0.137317911,-0.076419152
1653512874.973780394,-772.572753906,308.242919922,113.174423218,-0.428792894,0.889629424,0.137317911,-0.076419152
1653512875.045550823,-775.482482910,305.799041748,113.540328979,-0.436418027,0.886104524,0.136164159,-0.076271974
1653512875.106954575,-775.482482910,305.799041748,113.540328979,-0.436418027,0.886104524,0.136164159,-0.076271974
1653512875.176427603,-778.550048828,303.117309570,113.929718018,-0.444938421,0.882137358,0.134812519,-0.075426206
1653512875.239997864,-778.550048828,303.117309570,113.929718018,-0.444938421,0.882137358,0.134812519,-0.075426206
1653512875.308443308,-780.933105469,300.998077393,114.337699890,-0.453237146,0.878031135,0.133868650,-0.075608030
1653512875.373127222,-780.933105469,300.998077393,114.337699890,-0.453237146,0.878031135,0.133868650,-0.075608030
1653512875.440358162,-783.850769043,298.297851562,114.683502197,-0.462069541,0.873569727,0.133628428,-0.074237220
1653512875.506986618,-783.850769043,298.297851562,114.683502197,-0.462069541,0.873569727,0.133628428,-0.074237220
1653512875.573491812,-786.295776367,296.000518799,115.080474854,-0.470874190,0.869253695,0.131632268,-0.073133424
1653512875.640551329,-786.295776367,296.000518799,115.080474854,-0.470874190,0.869253695,0.131632268,-0.073133424
1653512875.707381725,-789.014648438,293.316894531,115.446777344,-0.479859173,0.864488542,0.131070793,-0.072216116
1653512875.776346445,-789.014648438,293.316894531,115.446777344,-0.479859173,0.864488542,0.131070793,-0.072216116
1653512875.840146065,-791.596923828,290.699401855,115.830451965,-0.488127202,0.860001087,0.130167052,-0.072017245
1653512875.906533957,-791.596923828,290.699401855,115.830451965,-0.488127202,0.860001087,0.130167052,-0.072017245
1653512875.973467350,-794.180786133,288.002471924,116.202651978,-0.496348262,0.855294585,0.129623935,-0.072850287
1653512876.039819479,-794.180786133,288.002471924,116.202651978,-0.496348262,0.855294585,0.129623935,-0.072850287
1653512876.106518030,-797.009094238,284.895416260,116.550018311,-0.504575610,0.850243330,0.130870685,-0.073229864
1653512876.174315214,-797.009094238,284.895416260,116.550018311,-0.504575610,0.850243330,0.130870685,-0.073229864
1653512876.240056515,-799.222900391,282.445892334,116.968559265,-0.511644423,0.845811784,0.130445018,-0.076200694
1653512876.308624268,-799.222900391,282.445892334,116.968559265,-0.511644423,0.845811784,0.130445018,-0.076200694
1653512876.373125076,-801.732421875,279.539733887,117.334457397,-0.518408000,0.841478944,0.130754098,-0.077908739
1653512876.441427231,-801.732421875,279.539733887,117.334457397,-0.518408000,0.841478944,0.130754098,-0.077908739
1653512876.507260323,-804.240417480,276.520202637,117.694564819,-0.525065184,0.837005854,0.131950080,-0.079479381
1653512876.573557377,-804.240417480,276.520202637,117.694564819,-0.525065184,0.837005854,0.131950080,-0.079479381
1653512876.640880585,-806.424316406,273.870208740,118.087577820,-0.531403840,0.832644701,0.132279783,-0.082552329
1653512876.706779003,-806.424316406,273.870208740,118.087577820,-0.531403840,0.832644701,0.132279783,-0.082552329
1653512876.775049925,-809.127197266,270.357025146,118.398071289,-0.537978053,0.827947378,0.134612381,-0.083440080
1653512876.845124006,-809.127197266,270.357025146,118.398071289,-0.537978053,0.827947378,0.134612381,-0.083440080
1653512876.907261610,-811.205017090,267.683532715,118.794967651,-0.544599831,0.823321402,0.134689480,-0.086090632
1653512876.973346472,-811.205017090,267.683532715,118.794967651,-0.544599831,0.823321402,0.134689480,-0.086090632
1653512877.040088892,-813.274597168,264.920959473,119.156288147,-0.551365554,0.818532467,0.134223670,-0.089356892
1653512877.108302355,-813.274597168,264.920959473,119.156288147,-0.551365554,0.818532467,0.134223670,-0.089356892
1653512877.173493862,-815.441955566,261.901672363,119.495010376,-0.558453381,0.813520610,0.134881973,-0.090116285
1653512877.239798307,-815.441955566,261.901672363,119.495010376,-0.558453381,0.813520610,0.134881973,-0.090116285
1653512877.310629606,-817.642211914,258.671356201,119.820854187,-0.565567851,0.808359385,0.135934472,-0.090608969
1653512877.377589703,-817.642211914,258.671356201,119.820854187,-0.565567851,0.808359385,0.135934472,-0.090608969
1653512877.441233397,-819.617675781,255.667892456,120.183143616,-0.572738826,0.803121150,0.135843247,-0.092267387
1653512877.507687330,-819.617675781,255.667892456,120.183143616,-0.572738826,0.803121150,0.135843247,-0.092267387
1653512877.574064493,-821.522949219,252.646820068,120.504753113,-0.579674780,0.798201501,0.135713711,-0.091833405
1653512877.640163183,-821.522949219,252.646820068,120.504753113,-0.579674780,0.798201501,0.135713711,-0.091833405
1653512877.706672430,-823.454650879,249.459899902,120.814575195,-0.586779177,0.792969108,0.135914385,-0.091746561
1653512877.773249388,-823.454650879,249.459899902,120.814575195,-0.586779177,0.792969108,0.135914385,-0.091746561
1653512877.840425730,-825.284301758,246.319183350,121.120239258,-0.593058765,0.788156271,0.136073709,-0.092600986
1653512877.906515598,-825.284301758,246.319183350,121.120239258,-0.593058765,0.788156271,0.136073709,-0.092600986
1653512877.973245144,-827.133972168,243.004699707,121.413940430,-0.599893630,0.783020675,0.135798782,-0.092547074
1653512878.039705992,-827.133972168,243.004699707,121.413940430,-0.599893630,0.783020675,0.135798782,-0.092547074
1653512878.106561899,-828.772216797,239.975006104,121.727020264,-0.606465578,0.778005600,0.134768009,-0.093511187
1653512878.173329592,-828.772216797,239.975006104,121.727020264,-0.606465578,0.778005600,0.134768009,-0.093511187
1653512878.239793777,-830.714782715,236.144821167,121.971855164,-0.612359524,0.773198605,0.135823637,-0.093443312
1653512878.308558702,-830.714782715,236.144821167,121.971855164,-0.612359524,0.773198605,0.135823637,-0.093443312
1653512878.373348475,-832.153259277,233.244537354,122.300231934,-0.618317604,0.768520474,0.134274513,-0.095026217
1653512878.439963102,-832.153259277,233.244537354,122.300231934,-0.618317604,0.768520474,0.134274513,-0.095026217
1653512878.507603168,-833.889160156,229.449813843,122.538887024,-0.624846041,0.763199329,0.134435177,-0.094981126
1653512878.573255301,-833.889160156,229.449813843,122.538887024,-0.624846041,0.763199329,0.134435177,-0.094981126
1653512878.640227795,-835.340759277,226.165237427,122.830207825,-0.630578756,0.758586347,0.132742852,-0.096418098
1653512878.706390381,-835.340759277,226.165237427,122.830207825,-0.630578756,0.758586347,0.132742852,-0.096418098
1653512878.773425102,-836.568603516,223.346466064,123.142723083,-0.636995733,0.753632367,0.129488930,-0.097505152
1653512878.840055466,-836.568603516,223.346466064,123.142723083,-0.636995733,0.753632367,0.129488930,-0.097505152
1653512878.907286167,-838.077758789,219.592834473,123.355995178,-0.643613756,0.748119533,0.129256502,-0.096805409
1653512878.973066092,-838.077758789,219.592834473,123.355995178,-0.643613756,0.748119533,0.129256502,-0.096805409
1653512879.040608406,-839.421508789,216.056564331,123.599617004,-0.649985790,0.742633402,0.128341407,-0.097685955
1653512879.108667612,-839.421508789,216.056564331,123.599617004,-0.649985790,0.742633402,0.128341407,-0.097685955
1653512879.173258066,-840.606628418,212.742401123,123.852699280,-0.656090975,0.737271786,0.127187759,-0.098986194
1653512879.239745617,-840.606628418,212.742401123,123.852699280,-0.656090975,0.737271786,0.127187759,-0.098986194
1653512879.306729078,-841.821289062,209.191070557,124.077987671,-0.662063420,0.732016027,0.125885457,-0.099887058
1653512879.373306513,-841.821289062,209.191070557,124.077987671,-0.662063420,0.732016027,0.125885457,-0.099887058
1653512879.440283298,-842.932556152,205.846374512,124.322402954,-0.667772055,0.726964831,0.124099858,-0.101004004
1653512879.506860495,-842.932556152,205.846374512,124.322402954,-0.667772055,0.726964831,0.124099858,-0.101004004
1653512879.574419737,-844.023681641,202.365783691,124.542953491,-0.673446059,0.721553504,0.123696938,-0.102615632
1653512879.641397476,-844.023681641,202.365783691,124.542953491,-0.673446059,0.721553504,0.123696938,-0.102615632
1653512879.706654549,-845.027099609,199.021804810,124.766967773,-0.678857028,0.716515064,0.122629344,-0.103543714
1653512879.773302078,-845.027099609,199.021804810,124.766967773,-0.678857028,0.716515064,0.122629344,-0.103543714
1653512879.840375662,-845.966369629,195.688323975,124.961982727,-0.683814824,0.712191820,0.121023379,-0.102632403
1653512879.906545639,-845.966369629,195.688323975,124.961982727,-0.683814824,0.712191820,0.121023379,-0.102632403
1653512879.973346949,-846.883605957,192.145355225,125.130950928,-0.688848138,0.707919598,0.118965283,-0.100922264
1653512880.040669680,-846.883605957,192.145355225,125.130950928,-0.688848138,0.707919598,0.118965283,-0.100922264
1653512880.106472969,-847.811828613,188.265075684,125.256530762,-0.693821311,0.703984737,0.116697520,-0.096949384
1653512880.173037529,-847.811828613,188.265075684,125.256530762,-0.693821311,0.703984737,0.116697520,-0.096949384
1653512880.240692854,-848.602966309,184.774368286,125.411170959,-0.698137760,0.700595558,0.113535173,-0.094230019
1653512880.308911562,-848.602966309,184.774368286,125.411170959,-0.698137760,0.700595558,0.113535173,-0.094230019
1653512880.373355150,-849.341186523,181.341018677,125.560523987,0.703020811,-0.696798384,-0.109635256,0.090630315
1653512880.440043211,-849.341186523,181.341018677,125.560523987,0.703020811,-0.696798384,-0.109635256,0.090630315
1653512880.506740808,-849.937194824,178.466537476,125.737174988,0.708011627,-0.692631841,-0.105741426,0.088314407
1653512880.573348045,-849.937194824,178.466537476,125.737174988,0.708011627,-0.692631841,-0.105741426,0.088314407
1653512880.639873505,-850.697204590,174.083786011,125.755615234,0.712841272,-0.688165009,-0.105822913,0.084189221
1653512880.706757545,-850.697204590,174.083786011,125.755615234,0.712841272,-0.688165009,-0.105822913,0.084189221
1653512880.774456501,-851.304992676,170.222656250,125.833702087,0.717863321,-0.683368683,-0.104578838,0.082114272
1653512880.841771603,-851.304992676,170.222656250,125.833702087,0.717863321,-0.683368683,-0.104578838,0.082114272
1653512880.908111334,-851.823425293,166.973175049,125.965393066,0.723204195,-0.678416312,-0.101344466,0.080351137
1653512880.973469734,-851.823425293,166.973175049,125.965393066,0.723204195,-0.678416312,-0.101344466,0.080351137
1653512881.040576220,-852.358825684,163.107315063,126.012336731,0.727921426,-0.673867583,-0.099804834,0.077922240
1653512881.107134104,-852.358825684,163.107315063,126.012336731,0.727921426,-0.673867583,-0.099804834,0.077922240
1653512881.173123121,-852.805725098,159.391311646,126.062782288,0.732542217,-0.669094622,-0.098858468,0.076950260
1653512881.244898796,-852.805725098,159.391311646,126.062782288,0.732542217,-0.669094622,-0.098858468,0.076950260
1653512881.306532383,-853.182373047,156.073532104,126.147712708,0.737118602,-0.664587498,-0.096123554,0.075762317
1653512881.374571800,-853.182373047,156.073532104,126.147712708,0.737118602,-0.664587498,-0.096123554,0.075762317
1653512881.440124512,-853.566833496,152.003875732,126.147865295,0.741213381,-0.660376370,-0.094974458,0.074065134
1653512881.506663322,-853.566833496,152.003875732,126.147865295,0.741213381,-0.660376370,-0.094974458,0.074065134
1653512881.573902607,-853.890136719,148.653564453,126.225654602,0.744997740,-0.656559944,-0.092388809,0.073292114
1653512881.640220881,-853.890136719,148.653564453,126.225654602,0.744997740,-0.656559944,-0.092388809,0.073292114
1653512881.706693888,-854.188659668,144.722412109,126.228149414,0.748742163,-0.652615666,-0.090912923,0.072200023
1653512881.773117304,-854.188659668,144.722412109,126.228149414,0.748742163,-0.652615666,-0.090912923,0.072200023
1653512881.839927912,-854.436340332,141.439865112,126.293418884,0.751752555,-0.649623334,-0.088033780,0.071468055
1653512881.906690359,-854.436340332,141.439865112,126.293418884,0.751752555,-0.649623334,-0.088033780,0.071468055
1653512881.973837376,-854.623779297,137.280990601,126.248886108,0.755087376,-0.646064579,-0.087166958,0.069609515
1653512882.039797783,-854.623779297,137.280990601,126.248886108,0.755087376,-0.646064579,-0.087166958,0.069609515
1653512882.108576775,-854.793762207,133.948455811,126.300315857,0.758328497,-0.642785788,-0.084329382,0.068212077
1653512882.173222542,-854.793762207,133.948455811,126.300315857,0.758328497,-0.642785788,-0.084329382,0.068212077
1653512882.241312981,-854.871154785,129.702972412,126.236572266,0.761806428,-0.639005601,-0.083298348,0.066212997
1653512882.306300163,-854.871154785,129.702972412,126.236572266,0.761806428,-0.639005601,-0.083298348,0.066212997
1653512882.373183250,-854.904785156,125.821441650,126.212051392,0.765613616,-0.634850442,-0.081196189,0.064868145
1653512882.440010071,-854.904785156,125.821441650,126.212051392,0.765613616,-0.634850442,-0.081196189,0.064868145
1653512882.506343126,-854.976623535,122.831985474,126.276260376,0.769419134,-0.630872250,-0.077078804,0.063665278
1653512882.580049992,-854.976623535,122.831985474,126.276260376,0.769419134,-0.630872250,-0.077078804,0.063665278
1653512882.640448332,-854.967956543,119.080787659,126.237739563,0.773225427,-0.626641750,-0.074577503,0.062295184
1653512882.706309080,-854.967956543,119.080787659,126.237739563,0.773225427,-0.626641750,-0.074577503,0.062295184
1653512882.773041487,-854.844116211,114.710769653,126.141784668,0.776833057,-0.622331977,-0.074376933,0.060839038
1653512882.839809895,-854.844116211,114.710769653,126.141784668,0.776833057,-0.622331977,-0.074376933,0.060839038
1653512882.906400204,-854.764892578,111.204742432,126.146850586,0.780366778,-0.618241787,-0.071812831,0.060396086
1653512882.974159479,-854.764892578,111.204742432,126.146850586,0.780366778,-0.618241787,-0.071812831,0.060396086
1653512883.040641308,-854.608947754,107.303611755,126.096015930,0.783260643,-0.614866614,-0.070063554,0.059438284
1653512883.106250763,-854.608947754,107.303611755,126.096015930,0.783260643,-0.614866614,-0.070063554,0.059438284
1653512883.174281836,-854.467834473,103.736114502,126.089767456,0.786235571,-0.611402214,-0.067255691,0.059140529
1653512883.240564585,-854.467834473,103.736114502,126.089767456,0.786235571,-0.611402214,-0.067255691,0.059140529
1653512883.307074785,-854.268310547,100.010452271,126.055374146,0.789244771,-0.607821345,-0.064752996,0.058762293
1653512883.373396397,-854.268310547,100.010452271,126.055374146,0.789244771,-0.607821345,-0.064752996,0.058762293
1653512883.440044880,-853.962097168,95.918487549,125.972969055,0.791705847,-0.604838669,-0.062507324,0.058863144
1653512883.506285906,-853.962097168,95.918487549,125.972969055,0.791705847,-0.604838669,-0.062507324,0.058863144
1653512883.573008299,-853.742431641,92.531738281,125.980560303,0.794466972,-0.601515710,-0.058476336,0.059846245
1653512883.644516230,-853.742431641,92.531738281,125.980560303,0.794466972,-0.601515710,-0.058476336,0.059846245
1653512883.707282543,-853.444091797,88.812232971,125.935195923,0.797189713,-0.598264337,-0.054682348,0.059818029
1653512883.773544312,-853.444091797,88.812232971,125.935195923,0.797189713,-0.598264337,-0.054682348,0.059818029
1653512883.840317488,-853.080627441,84.935653687,125.874328613,0.799388468,-0.595615327,-0.050918356,0.060231239
1653512883.907147646,-853.080627441,84.935653687,125.874328613,0.799388468,-0.595615327,-0.050918356,0.060231239
1653512883.973632574,-852.670959473,81.058189392,125.807975769,0.801605105,-0.592924535,-0.047468428,0.060137548
1653512884.040434837,-852.670959473,81.058189392,125.807975769,0.801605105,-0.592924535,-0.047468428,0.060137548
1653512884.107090950,-852.262451172,77.351196289,125.755805969,0.803649783,-0.590540171,-0.043804530,0.059080500
1653512884.173257113,-852.262451172,77.351196289,125.755805969,0.803649783,-0.590540171,-0.043804530,0.059080500
1653512884.240085840,-851.857727051,73.765296936,125.713623047,0.805314600,-0.588631392,-0.040159974,0.058040041
1653512884.306687117,-851.857727051,73.765296936,125.713623047,0.805314600,-0.588631392,-0.040159974,0.058040041
1653512884.374323368,-851.369079590,69.940231323,125.633705139,0.807184398,-0.586490631,-0.037151739,0.055694047
1653512884.439754725,-851.369079590,69.940231323,125.633705139,0.807184398,-0.586490631,-0.037151739,0.055694047
1653512884.506747961,-850.807128906,65.990226746,125.541099548,0.809087217,-0.584231079,-0.034785725,0.053309012
1653512884.573202133,-850.807128906,65.990226746,125.541099548,0.809087217,-0.584231079,-0.034785725,0.053309012
1653512884.640099049,-850.295227051,62.382614136,125.485839844,0.810828626,-0.582249105,-0.031663593,0.050401378
1653512884.707544088,-850.295227051,62.382614136,125.485839844,0.810828626,-0.582249105,-0.031663593,0.050401378
1653512884.773941755,-849.779479980,58.786804199,125.434501648,0.812638938,-0.580186188,-0.028244173,0.046949297
1653512884.841835260,-849.779479980,58.786804199,125.434501648,0.812638938,-0.580186188,-0.028244173,0.046949297
1653512884.908013582,-849.256225586,55.175292969,125.387504578,0.814339936,-0.578225076,-0.024830054,0.043470085
1653512884.974237680,-849.256225586,55.175292969,125.387504578,0.814339936,-0.578225076,-0.024830054,0.043470085
1653512885.039997339,-848.673583984,51.405960083,125.330024719,0.815373957,-0.577130198,-0.021634664,0.040223949
1653512885.106660843,-848.673583984,51.405960083,125.330024719,0.815373957,-0.577130198,-0.021634664,0.040223949
1653512885.173114777,-848.059265137,47.723842621,125.280258179,0.816360235,-0.576038659,-0.018616697,0.037267633
1653512885.240692616,-848.059265137,47.723842621,125.280258179,0.816360235,-0.576038659,-0.018616697,0.037267633
1653512885.308707714,-847.384948730,43.949230194,125.222877502,0.817390859,-0.574833930,-0.015304440,0.034698136
1653512885.373093367,-847.384948730,43.949230194,125.222877502,0.817390859,-0.574833930,-0.015304440,0.034698136
1653512885.439871550,-846.757507324,40.324546814,125.197921753,0.818160832,-0.573865831,-0.011864748,0.033913355
1653512885.506706953,-846.757507324,40.324546814,125.197921753,0.818160832,-0.573865831,-0.011864748,0.033913355
1653512885.573730230,-846.039245605,36.527374268,125.136222839,0.818932831,-0.572748899,-0.010156930,0.034706574
1653512885.640040874,-846.039245605,36.527374268,125.136222839,0.818932831,-0.572748899,-0.010156930,0.034706574
1653512885.709414721,-845.233398438,32.524879456,125.063232422,0.819751143,-0.571437061,-0.008994807,0.037240036
1653512885.773339033,-845.233398438,32.524879456,125.063232422,0.819751143,-0.571437061,-0.008994807,0.037240036
1653512885.840298653,-844.625610352,29.127058029,125.076957703,0.819943309,-0.571034968,-0.005612854,0.039756350
1653512885.906369209,-844.625610352,29.127058029,125.076957703,0.819943309,-0.571034968,-0.005612854,0.039756350
1653512885.973086834,-843.886047363,25.443296432,125.029853821,0.820129216,-0.570712864,-0.002513124,0.040847715
1653512886.039966106,-843.886047363,25.443296432,125.029853821,0.820129216,-0.570712864,-0.002513124,0.040847715
1653512886.106321812,-843.090270996,21.595159531,124.984199524,0.819853961,-0.571112335,0.000962351,0.040856529
1653512886.173016787,-843.090270996,21.595159531,124.984199524,0.819853961,-0.571112335,0.000962351,0.040856529
1653512886.240726709,-842.256408691,17.686815262,124.937049866,0.819297135,-0.571945608,0.004135196,0.040165644
1653512886.306504965,-842.256408691,17.686815262,124.937049866,0.819297135,-0.571945608,0.004135196,0.040165644
1653512886.373756170,-841.405822754,13.778607368,124.892974854,0.818714380,-0.572843194,0.006674236,0.038895804
1653512886.439655542,-841.405822754,13.778607368,124.892974854,0.818714380,-0.572843194,0.006674236,0.038895804
1653512886.506991863,-840.934936523,10.861367226,124.958961487,0.818372190,-0.573349953,0.010200005,0.037851509
1653512886.573174238,-840.934936523,10.861367226,124.958961487,0.818372190,-0.573349953,0.010200005,0.037851509
1653512886.640841484,-840.140747070,7.159049511,124.904067993,0.817728758,-0.574367940,0.010697520,0.036148958
1653512886.706629992,-840.140747070,7.159049511,124.904067993,0.817728758,-0.574367940,0.010697520,0.036148958
1653512886.772922516,-839.184020996,3.090239286,124.818565369,0.817542553,-0.574750125,0.010577144,0.034273114
1653512886.839991093,-839.184020996,3.090239286,124.818565369,0.817542553,-0.574750125,0.010577144,0.034273114
1653512886.906347752,-838.400390625,-0.478090584,124.798957825,0.817456424,-0.574963152,0.011590854,0.032373250
1653512886.973078966,-838.400390625,-0.478090584,124.798957825,0.817456424,-0.574963152,0.011590854,0.032373250
1653512887.040136099,-837.752807617,-3.747169018,124.819213867,0.817168832,-0.575430453,0.013968092,0.030326974
1653512887.109222651,-837.752807617,-3.747169018,124.819213867,0.817168832,-0.575430453,0.013968092,0.030326974
1653512887.173294306,-837.019470215,-7.234494686,124.808410645,0.817345262,-0.575252295,0.015765501,0.027980512
1653512887.239916801,-837.019470215,-7.234494686,124.808410645,0.817345262,-0.575252295,0.015765501,0.027980512
1653512887.308935881,-836.267456055,-10.736035347,124.795738220,0.817538500,-0.575034380,0.017474214,0.025708405
1653512887.373458147,-836.267456055,-10.736035347,124.795738220,0.817538500,-0.575034380,0.017474214,0.025708405
1653512887.440004826,-835.358032227,-14.632221222,124.748443604,0.817736208,-0.574790418,0.018473698,0.024129299
1653512887.506543398,-835.358032227,-14.632221222,124.748443604,0.817736208,-0.574790418,0.018473698,0.024129299
1653512887.573743105,-834.674377441,-17.924840927,124.764343262,0.818208575,-0.574114621,0.020171477,0.022808846
1653512887.639956951,-834.674377441,-17.924840927,124.764343262,0.818208575,-0.574114621,0.020171477,0.022808846
1653512887.706678629,-833.919555664,-21.382488251,124.760330200,0.818672359,-0.573449671,0.021291673,0.021856172
1653512887.773088932,-833.919555664,-21.382488251,124.760330200,0.818672359,-0.573449671,0.021291673,0.021856172
1653512887.839931965,-833.063903809,-25.026926041,124.726066589,0.818809986,-0.573255777,0.022164574,0.020899829
1653512887.907653809,-833.063903809,-25.026926041,124.726066589,0.818809986,-0.573255777,0.022164574,0.020899829
1653512887.977065086,-832.253112793,-28.543521881,124.703338623,0.819217920,-0.572672844,0.022710158,0.020300254
1653512888.039676905,-832.253112793,-28.543521881,124.703338623,0.819217920,-0.572672844,0.022710158,0.020300254
1653512888.107297421,-831.225708008,-32.553180695,124.629631042,0.819461584,-0.572346032,0.022615306,0.019779611
1653512888.173295498,-831.225708008,-32.553180695,124.629631042,0.819461584,-0.572346032,0.022615306,0.019779611
1653512888.239687920,-830.608764648,-35.605800629,124.644790649,0.819381595,-0.572406411,0.023909418,0.019825764
1653512888.309564590,-830.608764648,-35.605800629,124.644790649,0.819381595,-0.572406411,0.023909418,0.019825764
1653512888.373536110,-829.664489746,-39.434677124,124.564987183,0.819621623,-0.572075307,0.023702050,0.019707739
1653512888.439815760,-829.664489746,-39.434677124,124.564987183,0.819621623,-0.572075307,0.023702050,0.019707739
1653512888.506204844,-828.796875000,-43.096961975,124.515861511,0.819777489,-0.571842372,0.023951536,0.019683028
1653512888.574615240,-828.796875000,-43.096961975,124.515861511,0.819777489,-0.571842372,0.023951536,0.019683028
1653512888.640065908,-828.087707520,-46.408649445,124.499580383,0.819546044,-0.572139502,0.024396051,0.020136395
1653512888.706323147,-828.087707520,-46.408649445,124.499580383,0.819546044,-0.572139502,0.024396051,0.020136395
1653512888.773492575,-827.133361816,-50.255466461,124.421195984,0.819866896,-0.571742356,0.023242528,0.019717459
1653512888.840099573,-827.133361816,-50.255466461,124.421195984,0.819866896,-0.571742356,0.023242528,0.019717459
1653512888.906356335,-826.306091309,-53.769283295,124.382728577,0.820208669,-0.571259260,0.023087017,0.019687062
1653512888.973457575,-826.306091309,-53.769283295,124.382728577,0.820208669,-0.571259260,0.023087017,0.019687062
1653512889.040653706,-825.466918945,-57.298755646,124.336959839,0.820121825,-0.571420670,0.022680232,0.019084843
1653512889.109344006,-825.466918945,-57.298755646,124.336959839,0.820121825,-0.571420670,0.022680232,0.019084843
1653512889.174730539,-824.503479004,-61.083351135,124.264915466,0.820571005,-0.570823610,0.022311669,0.018049464
1653512889.239877701,-824.503479004,-61.083351135,124.264915466,0.820571005,-0.570823610,0.022311669,0.018049464
1653512889.306556463,-823.775268555,-64.406845093,124.240547180,0.821173489,-0.569990396,0.022286288,0.016980855
1653512889.373603821,-823.775268555,-64.406845093,124.240547180,0.821173489,-0.569990396,0.022286288,0.016980855
1653512889.440481424,-823.158813477,-67.505592346,124.226791382,0.821707428,-0.569257140,0.022531847,0.015347552
1653512889.507755280,-823.158813477,-67.505592346,124.226791382,0.821707428,-0.569257140,0.022531847,0.015347552
1653512889.573055983,-822.161621094,-71.376182556,124.119049072,0.822462022,-0.568280637,0.020682590,0.013623223
1653512889.639686823,-822.161621094,-71.376182556,124.119049072,0.822462022,-0.568280637,0.020682590,0.013623223
1653512889.706963301,-821.096557617,-75.341537476,124.002677917,0.823189318,-0.567326367,0.018837387,0.012056052
1653512889.772994995,-821.096557617,-75.341537476,124.002677917,0.823189318,-0.567326367,0.018837387,0.012056052
1653512889.840451241,-820.458801270,-78.461051941,123.976280212,0.823784232,-0.566496551,0.018662514,0.010627476
1653512889.907860279,-820.458801270,-78.461051941,123.976280212,0.823784232,-0.566496551,0.018662514,0.010627476
1653512889.978733301,-819.582641602,-82.071166992,123.875823975,0.824594855,-0.565396190,0.017183073,0.008675534
1653512890.040423870,-819.582641602,-82.071166992,123.875823975,0.824594855,-0.565396190,0.017183073,0.008675534
1653512890.108516455,-818.580749512,-86.007957458,123.752357483,0.825353444,-0.564349115,0.015731854,0.007365997
1653512890.173145056,-818.580749512,-86.007957458,123.752357483,0.825353444,-0.564349115,0.015731854,0.007365997
1653512890.239512444,-818.068054199,-88.808395386,123.724990845,0.825691819,-0.563847244,0.015866758,0.007586518
1653512890.306272745,-818.068054199,-88.808395386,123.724990845,0.825691819,-0.563847244,0.015866758,0.007586518
1653512890.372860670,-817.041076660,-92.641716003,123.578628540,0.826395810,-0.562875330,0.014160761,0.006389210
1653512890.439715624,-817.041076660,-92.641716003,123.578628540,0.826395810,-0.562875330,0.014160761,0.006389210
1653512890.508437872,-816.358337402,-95.841545105,123.517570496,0.826886296,-0.562147379,0.014392051,0.006497636
1653512890.579605103,-816.358337402,-95.841545105,123.517570496,0.826886296,-0.562147379,0.014392051,0.006497636
1653512890.640834093,-815.359863281,-99.694252014,123.385147095,0.827143073,-0.561777949,0.014147012,0.006299361
1653512890.706453800,-815.359863281,-99.694252014,123.385147095,0.827143073,-0.561777949,0.014147012,0.006299361
1653512890.774117231,-814.237548828,-103.726737976,123.229179382,0.827726722,-0.560930729,0.013613174,0.006314868
1653512890.841426611,-814.237548828,-103.726737976,123.229179382,0.827726722,-0.560930729,0.013613174,0.006314868
1653512890.908212900,-813.712585449,-106.612907410,123.192642212,0.828163087,-0.560221374,0.015232281,0.008116313
1653512890.973234892,-813.712585449,-106.612907410,123.192642212,0.828163087,-0.560221374,0.015232281,0.008116313
1653512891.040030241,-812.755737305,-110.347778320,123.043426514,0.828348398,-0.559933662,0.014806018,0.009697502
1653512891.107073307,-812.755737305,-110.347778320,123.043426514,0.828348398,-0.559933662,0.014806018,0.009697502
1653512891.173048019,-811.947875977,-113.769271851,122.921249390,0.828652799,-0.559443831,0.014598056,0.012001920
1653512891.240793705,-811.947875977,-113.769271851,122.921249390,0.828652799,-0.559443831,0.014598056,0.012001920
1653512891.306348324,-810.993164062,-117.504112244,122.752388000,0.828755498,-0.559287310,0.013167731,0.013734500
1653512891.373228312,-810.993164062,-117.504112244,122.752388000,0.828755498,-0.559287310,0.013167731,0.013734500
1653512891.439678669,-810.213073730,-120.940956116,122.608001709,0.828691602,-0.559372306,0.011557516,0.015467075
1653512891.506158590,-810.213073730,-120.940956116,122.608001709,0.828691602,-0.559372306,0.011557516,0.015467075
1653512891.573468924,-809.641967773,-123.968063354,122.489807129,0.829178452,-0.558622420,0.010234209,0.017301356
1653512891.641502857,-809.641967773,-123.968063354,122.489807129,0.829178452,-0.558622420,0.010234209,0.017301356
1653512891.706547260,-808.828247070,-127.444557190,122.309867859,0.829485595,-0.558156073,0.007924683,0.018777175
1653512891.773877144,-808.828247070,-127.444557190,122.309867859,0.829485595,-0.558156073,0.007924683,0.018777175
1653512891.839588404,-807.651184082,-131.567199707,122.066818237,0.829686165,-0.557854831,0.004644375,0.019933103
1653512891.907247782,-807.651184082,-131.567199707,122.066818237,0.829686165,-0.557854831,0.004644375,0.019933103
1653512891.972831964,-806.961608887,-134.724426270,121.932052612,0.829891264,-0.557525694,0.002845752,0.020915939
1653512892.039609432,-806.961608887,-134.724426270,121.932052612,0.829891264,-0.557525694,0.002845752,0.020915939
1653512892.107004404,-806.184631348,-138.031265259,121.766296387,0.830212116,-0.557018876,0.001385212,0.021816090
1653512892.173166275,-806.184631348,-138.031265259,121.766296387,0.830212116,-0.557018876,0.001385212,0.021816090
1653512892.240040064,-804.997131348,-142.119033813,121.523612976,0.830365419,-0.556767702,-0.000904760,0.022409115
1653512892.306945086,-804.997131348,-142.119033813,121.523612976,0.830365419,-0.556767702,-0.000904760,0.022409115
1653512892.373026609,-804.288879395,-145.232757568,121.386840820,0.830758393,-0.556169927,-0.001257468,0.022670269
1653512892.439833403,-804.288879395,-145.232757568,121.386840820,0.830758393,-0.556169927,-0.001257468,0.022670269
1653512892.506297112,-803.355590820,-148.813644409,121.190742493,0.831018269,-0.555804491,-0.002050428,0.022040429
1653512892.573039055,-803.355590820,-148.813644409,121.190742493,0.831018269,-0.555804491,-0.002050428,0.022040429
1653512892.640028238,-802.594238281,-152.045059204,121.030296326,0.831153750,-0.555609345,-0.002128756,0.021843405
1653512892.706538200,-802.594238281,-152.045059204,121.030296326,0.831153750,-0.555609345,-0.002128756,0.021843405
1653512892.772993565,-801.320922852,-156.270523071,120.758995056,0.831315815,-0.555392683,-0.003970877,0.020910041
1653512892.839539289,-801.320922852,-156.270523071,120.758995056,0.831315815,-0.555392683,-0.003970877,0.020910041
1653512892.906290770,-800.387756348,-159.769927979,120.567955017,0.831538439,-0.555056512,-0.004071631,0.020964239
1653512892.972955942,-800.387756348,-159.769927979,120.567955017,0.831538439,-0.555056512,-0.004071631,0.020964239
1653512893.042364597,-799.590820312,-162.992599487,120.400810242,0.831569910,-0.555022061,-0.003034887,0.020802332
1653512893.106508255,-799.590820312,-162.992599487,120.400810242,0.831569910,-0.555022061,-0.003034887,0.020802332
1653512893.172822952,-798.765075684,-166.269195557,120.222923279,0.831898928,-0.554541826,-0.001850198,0.020595547
1653512893.242372751,-798.765075684,-166.269195557,120.222923279,0.831898928,-0.554541826,-0.001850198,0.020595547
1653512893.308541059,-797.539794922,-170.221511841,119.960731506,0.831999779,-0.554386854,-0.001567939,0.020713985
1653512893.372889280,-797.539794922,-170.221511841,119.960731506,0.831999779,-0.554386854,-0.001567939,0.020713985
1653512893.440227509,-796.487731934,-173.856292725,119.742965698,0.831896007,-0.554531217,-0.000122196,0.021075219
1653512893.508074999,-796.487731934,-173.856292725,119.742965698,0.831896007,-0.554531217,-0.000122196,0.021075219
1653512893.573474407,-795.680297852,-176.959793091,119.574119568,0.832011521,-0.554316282,0.002754629,0.021969106
1653512893.640502930,-795.680297852,-176.959793091,119.574119568,0.832011521,-0.554316282,0.002754629,0.021969106
1653512893.707462311,-794.524291992,-180.716354370,119.330192566,0.832417369,-0.553689837,0.004989257,0.021999571
1653512893.775568962,-794.524291992,-180.716354370,119.330192566,0.832417369,-0.553689837,0.004989257,0.021999571
1653512893.843784571,-793.224304199,-184.764389038,119.066886902,0.832463324,-0.553593278,0.007433979,0.021999896
1653512893.906590462,-793.224304199,-184.764389038,119.066886902,0.832463324,-0.553593278,0.007433979,0.021999896
1653512893.973955631,-792.301818848,-188.118377686,118.886054993,0.832904696,-0.552853346,0.011127832,0.022341058
1653512894.040601969,-792.301818848,-188.118377686,118.886054993,0.832904696,-0.552853346,0.011127832,0.022341058
1653512894.107101917,-791.354431152,-191.420242310,118.692680359,0.833450198,-0.552001894,0.013063040,0.022001317
1653512894.172922373,-791.354431152,-191.420242310,118.692680359,0.833450198,-0.552001894,0.013063040,0.022001317
1653512894.240687609,-790.376342773,-194.783416748,118.494895935,0.833735049,-0.551569998,0.014893812,0.020847209
1653512894.307144165,-790.376342773,-194.783416748,118.494895935,0.833735049,-0.551569998,0.014893812,0.020847209
1653512894.374088049,-789.130920410,-198.656234741,118.248832703,0.834344566,-0.550629497,0.016997112,0.019682074
1653512894.440068483,-789.130920410,-198.656234741,118.248832703,0.834344566,-0.550629497,0.016997112,0.019682074
1653512894.506605387,-788.102050781,-202.091873169,118.055946350,0.834900677,-0.549772739,0.018437322,0.018731896
1653512894.573358059,-788.102050781,-202.091873169,118.055946350,0.834900677,-0.549772739,0.018437322,0.018731896
1653512894.639908314,-787.156982422,-205.343475342,117.875679016,0.835494459,-0.548874915,0.019607369,0.017346479
1653512894.706698418,-787.156982422,-205.343475342,117.875679016,0.835494459,-0.548874915,0.019607369,0.017346479
1653512894.778779984,-786.155883789,-208.712753296,117.682655334,0.836373568,-0.547520876,0.020735156,0.016438153
1653512894.840237379,-786.155883789,-208.712753296,117.682655334,0.836373568,-0.547520876,0.020735156,0.016438153
1653512894.906392574,-784.937988281,-212.555877686,117.462219238,0.837330401,-0.546033025,0.022192316,0.015274355
1653512894.974612713,-784.937988281,-212.555877686,117.462219238,0.837330401,-0.546033025,0.022192316,0.015274355
1653512895.039730072,-784.242065430,-215.293380737,117.358451843,0.838337660,-0.544386923,0.024807192,0.014744180
1653512895.106176376,-784.242065430,-215.293380737,117.358451843,0.838337660,-0.544386923,0.024807192,0.014744180
1653512895.172784567,-783.032775879,-219.038742065,117.155403137,0.839331388,-0.542803824,0.025615070,0.015190896
1653512895.239576101,-783.032775879,-219.038742065,117.155403137,0.839331388,-0.542803824,0.025615070,0.015190896
1653512895.307473421,-781.833007812,-222.727767944,116.976257324,0.840547502,-0.540824592,0.026827289,0.016399318
1653512895.374248266,-781.833007812,-222.727767944,116.976257324,0.840547502,-0.540824592,0.026827289,0.016399318
1653512895.440640688,-780.872314453,-225.983657837,116.850143433,0.841535091,-0.539115310,0.028700342,0.018698115
1653512895.506961346,-780.872314453,-225.983657837,116.850143433,0.841535091,-0.539115310,0.028700342,0.018698115
1653512895.573197126,-779.794006348,-229.431396484,116.698554993,0.842602253,-0.537340105,0.029253984,0.020767437
1653512895.639565468,-779.794006348,-229.431396484,116.698554993,0.842602253,-0.537340105,0.029253984,0.020767437
1653512895.707537413,-778.606628418,-233.077270508,116.528205872,0.843693316,-0.535588443,0.028283637,0.022949634
1653512895.773396492,-778.606628418,-233.077270508,116.528205872,0.843693316,-0.535588443,0.028283637,0.022949634
1653512895.842411518,-777.693725586,-236.243713379,116.415901184,0.844156504,-0.534808755,0.027178342,0.025311584
1653512895.906319618,-777.693725586,-236.243713379,116.415901184,0.844156504,-0.534808755,0.027178342,0.025311584
1653512895.972844839,-776.726989746,-239.533584595,116.293251038,0.844928861,-0.533576906,0.025130415,0.027556907
1653512896.039707899,-776.726989746,-239.533584595,116.293251038,0.844928861,-0.533576906,0.025130415,0.027556907
1653512896.106584311,-775.537780762,-243.150573730,116.128005981,0.845172942,-0.533259988,0.021896707,0.028930848
1653512896.172726870,-775.537780762,-243.150573730,116.128005981,0.845172942,-0.533259988,0.021896707,0.028930848
1653512896.239628077,-774.359130859,-246.758270264,115.990959167,0.845022440,-0.533518791,0.019964371,0.029936375
1653512896.306124449,-774.359130859,-246.758270264,115.990959167,0.845022440,-0.533518791,0.019964371,0.029936375
1653512896.372852087,-773.215515137,-250.271026611,115.875373840,0.844889641,-0.533734620,0.018983398,0.030470461
1653512896.440117121,-773.215515137,-250.271026611,115.875373840,0.844889641,-0.533734620,0.018983398,0.030470461
1653512896.510214567,-772.140747070,-253.627227783,115.790252686,0.844296217,-0.534651041,0.018765038,0.030984862
1653512896.574506044,-772.140747070,-253.627227783,115.790252686,0.844296217,-0.534651041,0.018765038,0.030984862
1653512896.640123367,-771.072998047,-257.015808105,115.715538025,0.843446195,-0.536008358,0.018898079,0.030601498
1653512896.708611727,-771.072998047,-257.015808105,115.715538025,0.843446195,-0.536008358,0.018898079,0.030601498
1653512896.773552656,-769.994506836,-260.319519043,115.637413025,0.843127549,-0.536487699,0.018929878,0.030959861
1653512896.840133429,-769.994506836,-260.319519043,115.637413025,0.843127549,-0.536487699,0.018929878,0.030959861
1653512896.906774759,-768.880554199,-263.708587646,115.559623718,0.842771471,-0.537011981,0.018906828,0.031574439
1653512896.972937346,-768.880554199,-263.708587646,115.559623718,0.842771471,-0.537011981,0.018906828,0.031574439
1653512897.041209936,-767.795654297,-267.048309326,115.484176636,0.842154264,-0.537924707,0.018804679,0.032551531
1653512897.107223749,-767.795654297,-267.048309326,115.484176636,0.842154264,-0.537924707,0.018804679,0.032551531
1653512897.173012018,-766.604614258,-270.525268555,115.393371582,0.841968000,-0.538174272,0.018091764,0.033629894
1653512897.240578413,-766.604614258,-270.525268555,115.393371582,0.841968000,-0.538174272,0.018091764,0.033629894
1653512897.306508303,-765.166137695,-274.411773682,115.261657715,0.841410816,-0.539025187,0.017316757,0.034348402
1653512897.373143435,-765.166137695,-274.411773682,115.261657715,0.841410816,-0.539025187,0.017316757,0.034348402
1653512897.439541578,-764.442626953,-277.053588867,115.253936768,0.840679109,-0.540068924,0.017747574,0.035625435
1653512897.506334782,-764.442626953,-277.053588867,115.253936768,0.840679109,-0.540068924,0.017747574,0.035625435
1653512897.572846174,-763.256347656,-280.467315674,115.148239136,0.840139568,-0.540881097,0.017426474,0.036187164
1653512897.640284061,-763.256347656,-280.467315674,115.148239136,0.840139568,-0.540881097,0.017426474,0.036187164
1653512897.709722042,-762.110107422,-283.788208008,115.054664612,0.839663804,-0.541588426,0.017080747,0.036809884
1653512897.773420572,-762.110107422,-283.788208008,115.054664612,0.839663804,-0.541588426,0.017080747,0.036809884
1653512897.843810081,-761.136230469,-286.813079834,114.991569519,0.838904560,-0.542680264,0.018028611,0.037580051
1653512897.907631636,-761.136230469,-286.813079834,114.991569519,0.838904560,-0.542680264,0.018028611,0.037580051
1653512897.973240137,-759.774780273,-290.473724365,114.853775024,0.838485241,-0.543331206,0.018370450,0.037367035
1653512898.039583683,-759.774780273,-290.473724365,114.853775024,0.838485241,-0.543331206,0.018370450,0.037367035
1653512898.106421947,-758.792419434,-293.407012939,114.780128479,0.838046849,-0.543981373,0.019978594,0.036913179
1653512898.175235748,-758.792419434,-293.407012939,114.780128479,0.838046849,-0.543981373,0.019978594,0.036913179
1653512898.240536213,-757.689819336,-296.567687988,114.684288025,0.837617636,-0.544609666,0.022139618,0.036150694
1653512898.306650162,-757.689819336,-296.567687988,114.684288025,0.837617636,-0.544609666,0.022139618,0.036150694
1653512898.374673367,-756.275268555,-300.252593994,114.540702820,0.837500811,-0.544792891,0.024232391,0.034726907
1653512898.440202951,-756.275268555,-300.252593994,114.540702820,0.837500811,-0.544792891,0.024232391,0.034726907
1653512898.507028103,-755.678588867,-302.517395020,114.531585693,0.837354839,-0.544938087,0.027641436,0.033396088
1653512898.572864771,-755.678588867,-302.517395020,114.531585693,0.837354839,-0.544938087,0.027641436,0.033396088
1653512898.639571905,-754.187744141,-306.255493164,114.366889954,0.837239802,-0.545101225,0.029567871,0.031936068
1653512898.706278086,-754.187744141,-306.255493164,114.366889954,0.837239802,-0.545101225,0.029567871,0.031936068
1653512898.772792339,-752.843322754,-309.690216064,114.247245789,0.837560177,-0.544449389,0.031487349,0.032807335
1653512898.840162992,-752.843322754,-309.690216064,114.247245789,0.837560177,-0.544449389,0.031487349,0.032807335
1653512898.906986713,-751.727966309,-312.745147705,114.159309387,0.838131666,-0.543441534,0.032567717,0.033852149
1653512898.974074602,-751.727966309,-312.745147705,114.159309387,0.838131666,-0.543441534,0.032567717,0.033852149
1653512899.039737225,-750.510620117,-315.973083496,114.051849365,0.838831961,-0.542227209,0.033044614,0.035477150
1653512899.106146097,-750.510620117,-315.973083496,114.051849365,0.838831961,-0.542227209,0.033044614,0.035477150
1653512899.172845125,-749.482604980,-318.875335693,113.974143982,0.839850783,-0.540482759,0.033575129,0.037440009
1653512899.240392208,-749.482604980,-318.875335693,113.974143982,0.839850783,-0.540482759,0.033575129,0.037440009
1653512899.306344032,-748.208984375,-322.187011719,113.857391357,0.840944648,-0.538737357,0.032816861,0.038694628
1653512899.373126507,-748.208984375,-322.187011719,113.857391357,0.840944648,-0.538737357,0.032816861,0.038694628
1653512899.439665079,-747.208435059,-325.037872314,113.787216187,0.841493011,-0.537811339,0.031795558,0.040465388
1653512899.507762671,-747.208435059,-325.037872314,113.787216187,0.841493011,-0.537811339,0.031795558,0.040465388
1653512899.577184439,-745.976806641,-328.256103516,113.675765991,0.842247784,-0.536648870,0.030554658,0.041146308
1653512899.640469790,-745.976806641,-328.256103516,113.675765991,0.842247784,-0.536648870,0.030554658,0.041146308
1653512899.706173897,-744.768188477,-331.454315186,113.569000244,0.842738748,-0.535932183,0.028614113,0.041824900
1653512899.773267031,-744.768188477,-331.454315186,113.569000244,0.842738748,-0.535932183,0.028614113,0.041824900
1653512899.840321064,-743.518127441,-334.594573975,113.450881958,0.842742443,-0.535957456,0.026776901,0.042635225
1653512899.906937361,-743.518127441,-334.594573975,113.450881958,0.842742443,-0.535957456,0.026776901,0.042635225
1653512899.973325491,-742.244689941,-337.809448242,113.333389282,0.842977464,-0.535624683,0.025624011,0.042878538
1653512900.041031361,-742.244689941,-337.809448242,113.333389282,0.842977464,-0.535624683,0.025624011,0.042878538
1653512900.108273983,-741.501159668,-340.154266357,113.299552917,0.842775881,-0.535944104,0.025321422,0.043029413
1653512900.173417807,-741.501159668,-340.154266357,113.299552917,0.842775881,-0.535944104,0.025321422,0.043029413
1653512900.240643263,-740.119262695,-343.527008057,113.169166565,0.842328250,-0.536766112,0.023750076,0.042440962
1653512900.306321859,-740.119262695,-343.527008057,113.169166565,0.842328250,-0.536766112,0.023750076,0.042440962
1653512900.373233080,-738.930603027,-346.555816650,113.073707581,0.841922522,-0.537470579,0.023049759,0.041959200
1653512900.439500809,-738.930603027,-346.555816650,113.073707581,0.841922522,-0.537470579,0.023049759,0.041959200
1653512900.508196115,-737.734191895,-349.586456299,112.975914001,0.841498852,-0.538237453,0.021920066,0.041225895
1653512900.573543310,-737.734191895,-349.586456299,112.975914001,0.841498852,-0.538237453,0.021920066,0.041225895
1653512900.639484644,-736.472900391,-352.714691162,112.867034912,0.840891898,-0.539272308,0.021047685,0.040536556
1653512900.706456661,-736.472900391,-352.714691162,112.867034912,0.840891898,-0.539272308,0.021047685,0.040536556
1653512900.772740841,-735.400329590,-355.489135742,112.776443481,0.840731144,-0.539559186,0.020770242,0.040195331
1653512900.840209723,-735.400329590,-355.489135742,112.776443481,0.840731144,-0.539559186,0.020770242,0.040195331
1653512900.906502485,-733.926391602,-358.867095947,112.626007080,0.840522468,-0.539951146,0.019784285,0.039790627
1653512900.974004745,-733.926391602,-358.867095947,112.626007080,0.840522468,-0.539951146,0.019784285,0.039790627
1653512901.039527893,-732.639648438,-361.925994873,112.496322632,0.840289712,-0.540324092,0.020020450,0.039524611
1653512901.106127501,-732.639648438,-361.925994873,112.496322632,0.840289712,-0.540324092,0.020020450,0.039524611
1653512901.173472166,-731.770751953,-364.307647705,112.413192749,0.840620577,-0.539840281,0.021006929,0.038577616
1653512901.239626646,-731.770751953,-364.307647705,112.413192749,0.840620577,-0.539840281,0.021006929,0.038577616
1653512901.308218718,-730.339660645,-367.540863037,112.244819641,0.840932012,-0.539428890,0.021355636,0.037333276
1653512901.373203516,-730.339660645,-367.540863037,112.244819641,0.840932012,-0.539428890,0.021355636,0.037333276
1653512901.439951420,-728.929870605,-370.719360352,112.087806702,0.841488183,-0.538623750,0.022251999,0.035873044
1653512901.506369352,-728.929870605,-370.719360352,112.087806702,0.841488183,-0.538623750,0.022251999,0.035873044
1653512901.573533058,-727.780639648,-373.480255127,111.967681885,0.842256188,-0.537432909,0.024261884,0.034376428
1653512901.644564152,-727.780639648,-373.480255127,111.967681885,0.842256188,-0.537432909,0.024261884,0.034376428
1653512901.706513643,-726.595336914,-376.299896240,111.835220337,0.843018711,-0.536288798,0.025879543,0.032312360
1653512901.773259640,-726.595336914,-376.299896240,111.835220337,0.843018711,-0.536288798,0.025879543,0.032312360
1653512901.839900732,-725.296936035,-379.275634766,111.686203003,0.843493879,-0.535616219,0.027134281,0.029951502
1653512901.906353235,-725.296936035,-379.275634766,111.686203003,0.843493879,-0.535616219,0.027134281,0.029951502
1653512901.974219799,-724.093322754,-382.104675293,111.548057556,0.844262302,-0.534442127,0.028526207,0.027910948
1653512902.039474010,-724.093322754,-382.104675293,111.548057556,0.844262302,-0.534442127,0.028526207,0.027910948
1653512902.107125282,-722.835937500,-385.013031006,111.401351929,0.845021904,-0.533245802,0.030122954,0.026067352
1653512902.172961473,-722.835937500,-385.013031006,111.401351929,0.845021904,-0.533245802,0.030122954,0.026067352
1653512902.239654303,-721.725402832,-387.668457031,111.274177551,0.845329046,-0.532740116,0.031016333,0.025392072
1653512902.306545734,-721.725402832,-387.668457031,111.274177551,0.845329046,-0.532740116,0.031016333,0.025392072
1653512902.372852564,-720.636962891,-390.289123535,111.146301270,0.846125782,-0.531503499,0.031013545,0.024764745
1653512902.440060854,-720.636962891,-390.289123535,111.146301270,0.846125782,-0.531503499,0.031013545,0.024764745
1653512902.506299734,-719.260009766,-393.336761475,110.980239868,0.846714914,-0.530626416,0.029917646,0.024787428
1653512902.573381662,-719.260009766,-393.336761475,110.980239868,0.846714914,-0.530626416,0.029917646,0.024787428
1653512902.639909267,-718.089782715,-396.092926025,110.844528198,0.847131312,-0.529969692,0.029082742,0.025590178
1653512902.706548214,-718.089782715,-396.092926025,110.844528198,0.847131312,-0.529969692,0.029082742,0.025590178
1653512902.773133039,-716.980285645,-398.740570068,110.716812134,0.847733974,-0.529082298,0.027065389,0.026201781
1653512902.840031147,-716.980285645,-398.740570068,110.716812134,0.847733974,-0.529082298,0.027065389,0.026201781
1653512902.907064199,-715.468994141,-401.945220947,110.541091919,0.848231971,-0.528353155,0.024668468,0.027145710
1653512902.974637747,-715.468994141,-401.945220947,110.541091919,0.848231971,-0.528353155,0.024668468,0.027145710
1653512903.041766167,-714.276428223,-404.698455811,110.414627075,0.848447740,-0.527996838,0.023287699,0.028520415
1653512903.106225729,-714.276428223,-404.698455811,110.414627075,0.848447740,-0.527996838,0.023287699,0.028520415
1653512903.172952652,-712.935974121,-407.651580811,110.268318176,0.848911047,-0.527269185,0.021116061,0.029855013
1653512903.244158030,-712.935974121,-407.651580811,110.268318176,0.848911047,-0.527269185,0.021116061,0.029855013
1653512903.306153536,-711.732543945,-410.393890381,110.141189575,0.849239111,-0.526708305,0.019611280,0.031411581
1653512903.375301123,-711.732543945,-410.393890381,110.141189575,0.849239111,-0.526708305,0.019611280,0.031411581
1653512903.440308809,-710.450439453,-413.263366699,110.005897522,0.849381566,-0.526436687,0.017857663,0.033113196
1653512903.506619930,-710.450439453,-413.263366699,110.005897522,0.849381566,-0.526436687,0.017857663,0.033113196
1653512903.572774887,-709.467895508,-415.708007812,109.913673401,0.849697173,-0.525884449,0.016126154,0.034644473
1653512903.640069485,-709.467895508,-415.708007812,109.913673401,0.849697173,-0.525884449,0.016126154,0.034644473
1653512903.706090927,-708.074218750,-418.704803467,109.761604309,0.849817216,-0.525728524,0.013631452,0.035134088
1653512903.772874355,-708.074218750,-418.704803467,109.761604309,0.849817216,-0.525728524,0.013631452,0.035134088
1653512903.839690208,-706.838439941,-421.462371826,109.637435913,0.849727213,-0.525875390,0.011962566,0.035716437
1653512903.906087399,-706.838439941,-421.462371826,109.637435913,0.849727213,-0.525875390,0.011962566,0.035716437
1653512903.972834349,-705.290832520,-424.635040283,109.482482910,0.849905431,-0.525643706,0.010269829,0.035411514
1653512904.039438486,-705.290832520,-424.635040283,109.482482910,0.849905431,-0.525643706,0.010269829,0.035411514
1653512904.107198715,-704.277465820,-427.041809082,109.397155762,0.849946797,-0.525573850,0.009648133,0.035629209
1653512904.172852993,-704.277465820,-427.041809082,109.397155762,0.849946797,-0.525573850,0.009648133,0.035629209
1653512904.240577936,-702.986267090,-429.803771973,109.271316528,0.849875093,-0.525759697,0.009157163,0.034715701
1653512904.306544781,-702.986267090,-429.803771973,109.271316528,0.849875093,-0.525759697,0.009157163,0.034715701
1653512904.374307632,-701.632934570,-432.621582031,109.138114929,0.850098133,-0.525525570,0.008591856,0.032897118
1653512904.441233397,-701.632934570,-432.621582031,109.138114929,0.850098133,-0.525525570,0.008591856,0.032897118
1653512904.506463289,-700.160278320,-435.625061035,109.008575439,0.850469530,-0.525044858,0.008645113,0.030898830
1653512904.572736502,-700.160278320,-435.625061035,109.008575439,0.850469530,-0.525044858,0.008645113,0.030898830
1653512904.642598629,-699.160888672,-437.934783936,108.939277649,0.850528777,-0.525022626,0.009171589,0.029460568
1653512904.706084013,-699.160888672,-437.934783936,108.939277649,0.850528777,-0.525022626,0.009171589,0.029460568
1653512904.773181915,-697.467346191,-441.206207275,108.791999817,0.851129413,-0.524152994,0.009649858,0.027372617
1653512904.839930534,-697.467346191,-441.206207275,108.791999817,0.851129413,-0.524152994,0.009649858,0.027372617
1653512904.906084061,-696.050231934,-444.040679932,108.688766479,0.851593316,-0.523493707,0.010534303,0.025143821
1653512904.973244905,-696.050231934,-444.040679932,108.688766479,0.851593316,-0.523493707,0.010534303,0.025143821
1653512905.048066378,-694.703491211,-446.782043457,108.591804504,0.851934373,-0.523011327,0.011370371,0.023188980
1653512905.112336874,-694.703491211,-446.782043457,108.591804504,0.851934373,-0.523011327,0.011370371,0.023188980
1653512905.173950672,-693.278198242,-449.692626953,108.499275208,0.852763176,-0.521681607,0.013448945,0.021502098
1653512905.239861250,-693.278198242,-449.692626953,108.499275208,0.852763176,-0.521681607,0.013448945,0.021502098
1653512905.307983160,-691.922546387,-452.368347168,108.411643982,0.853384793,-0.520743012,0.013116417,0.019725157
1653512905.374003172,-691.922546387,-452.368347168,108.411643982,0.853384793,-0.520743012,0.013116417,0.019725157
1653512905.439565659,-690.497314453,-455.173797607,108.314514160,0.853891969,-0.519963801,0.013259364,0.018176461
1653512905.506168842,-690.497314453,-455.173797607,108.314514160,0.853891969,-0.519963801,0.013259364,0.018176461
1653512905.576164722,-689.243530273,-457.723114014,108.237663269,0.854820371,-0.518470109,0.014286160,0.016334549
1653512905.639851093,-689.243530273,-457.723114014,108.237663269,0.854820371,-0.518470109,0.014286160,0.016334549
1653512905.707422733,-687.910217285,-460.429840088,108.152832031,0.855869234,-0.516774833,0.014975891,0.014398402
1653512905.773281574,-687.910217285,-460.429840088,108.152832031,0.855869234,-0.516774833,0.014975891,0.014398402
1653512905.840586424,-686.131469727,-463.691436768,108.015434265,0.856825769,-0.515233874,0.015100006,0.012472715
1653512905.908202171,-686.131469727,-463.691436768,108.015434265,0.856825769,-0.515233874,0.015100006,0.012472715
1653512905.972700596,-685.162048340,-465.914245605,107.972167969,0.858084798,-0.513154685,0.015795540,0.010643119
1653512906.040423870,-685.162048340,-465.914245605,107.972167969,0.858084798,-0.513154685,0.015795540,0.010643119
1653512906.106458902,-683.819641113,-468.607482910,107.875816345,0.859234631,-0.511286378,0.015019746,0.008743546
1653512906.172761917,-683.819641113,-468.607482910,107.875816345,0.859234631,-0.511286378,0.015019746,0.008743546
1653512906.242607117,-682.479248047,-471.301513672,107.779937744,0.860095441,-0.509880424,0.014107943,0.007666864
1653512906.306228876,-682.479248047,-471.301513672,107.779937744,0.860095441,-0.509880424,0.014107943,0.007666864
1653512906.373282433,-681.052307129,-474.107086182,107.683105469,0.860988915,-0.508384049,0.013655299,0.007568819
1653512906.439496994,-681.052307129,-474.107086182,107.683105469,0.860988915,-0.508384049,0.013655299,0.007568819
1653512906.506470680,-679.730224609,-476.764953613,107.592124939,0.861967266,-0.506737232,0.013142043,0.007552934
1653512906.572789431,-679.730224609,-476.764953613,107.592124939,0.861967266,-0.506737232,0.013142043,0.007552934
1653512906.639482260,-678.267883301,-479.648345947,107.499160767,0.862609625,-0.505656362,0.012630744,0.007531384
1653512906.707440853,-678.267883301,-479.648345947,107.499160767,0.862609625,-0.505656362,0.012630744,0.007531384
1653512906.772889614,-677.350463867,-481.839172363,107.458145142,0.863082588,-0.504856825,0.011999174,0.008003443
1653512906.840641022,-677.350463867,-481.839172363,107.458145142,0.863082588,-0.504856825,0.011999174,0.008003443
1653512906.906176090,-676.034851074,-484.524230957,107.363586426,0.863705575,-0.503817439,0.010550574,0.008326248
1653512906.973564863,-676.034851074,-484.524230957,107.363586426,0.863705575,-0.503817439,0.010550574,0.008326248
1653512907.040056705,-674.637023926,-487.310089111,107.259536743,0.863890827,-0.503524661,0.008887473,0.008746285
1653512907.106795549,-674.637023926,-487.310089111,107.259536743,0.863890827,-0.503524661,0.008887473,0.008746285
1653512907.172965765,-673.123107910,-490.252349854,107.144866943,0.864416242,-0.502635419,0.007313158,0.009417489
1653512907.239933968,-673.123107910,-490.252349854,107.144866943,0.864416242,-0.502635419,0.007313158,0.009417489
1653512907.307882547,-671.749877930,-493.017425537,107.043411255,0.864872694,-0.501845598,0.006204745,0.010380773
1653512907.374316931,-671.749877930,-493.017425537,107.043411255,0.864872694,-0.501845598,0.006204745,0.010380773
1653512907.439993382,-670.437438965,-495.698699951,106.950187683,0.864817798,-0.501923442,0.005220771,0.011654347
1653512907.506979942,-670.437438965,-495.698699951,106.950187683,0.864817798,-0.501923442,0.005220771,0.011654347
1653512907.573344946,-669.180358887,-498.295471191,106.861000061,0.865156531,-0.501327693,0.005114604,0.012187004
1653512907.639450073,-669.180358887,-498.295471191,106.861000061,0.865156531,-0.501327693,0.005114604,0.012187004
1653512907.706394196,-667.988159180,-500.821746826,106.787605286,0.865485549,-0.500741184,0.005146627,0.012906563
1653512907.773133993,-667.988159180,-500.821746826,106.787605286,0.865485549,-0.500741184,0.005146627,0.012906563
1653512907.841750145,-666.644531250,-503.526092529,106.699676514,0.865418971,-0.500823259,0.004887677,0.014217662
1653512907.906123877,-666.644531250,-503.526092529,106.699676514,0.865418971,-0.500823259,0.004887677,0.014217662
1653512907.972597122,-664.810485840,-506.852691650,106.569252014,0.865496635,-0.500669956,0.003871473,0.015171572
1653512908.039330482,-664.810485840,-506.852691650,106.569252014,0.865496635,-0.500669956,0.003871473,0.015171572
1653512908.105836868,-663.741027832,-509.188873291,106.528717041,0.865475297,-0.500676692,0.004016568,0.016102567
1653512908.172896624,-663.741027832,-509.188873291,106.528717041,0.865475297,-0.500676692,0.004016568,0.016102567
1653512908.239529848,-662.395019531,-511.880126953,106.457389832,0.865289807,-0.500975549,0.004220387,0.016711840
1653512908.306117058,-662.395019531,-511.880126953,106.457389832,0.865289807,-0.500975549,0.004220387,0.016711840
1653512908.373267174,-660.995666504,-514.622680664,106.387557983,0.865245163,-0.501013160,0.004254116,0.017847745
1653512908.439706802,-660.995666504,-514.622680664,106.387557983,0.865245163,-0.501013160,0.004254116,0.017847745
1653512908.506121397,-659.441223145,-517.531188965,106.312438965,0.865327656,-0.500845790,0.004308230,0.018518766
1653512908.572911024,-659.441223145,-517.531188965,106.312438965,0.865327656,-0.500845790,0.004308230,0.018518766
1653512908.639347076,-657.895690918,-520.407897949,106.247375488,0.865447342,-0.500615001,0.005018692,0.018982643
1653512908.706495285,-657.895690918,-520.407897949,106.247375488,0.865447342,-0.500615001,0.005018692,0.018982643
1653512908.773624182,-656.866394043,-522.654846191,106.249977112,0.865896404,-0.499809176,0.006134153,0.019406069
1653512908.839426041,-656.866394043,-522.654846191,106.249977112,0.865896404,-0.499809176,0.006134153,0.019406069
1653512908.906979561,-655.164062500,-525.710327148,106.182556152,0.866326928,-0.499026716,0.006225851,0.020278923
1653512908.975592613,-655.164062500,-525.710327148,106.182556152,0.866326928,-0.499026716,0.006225851,0.020278923
1653512909.043893814,-653.617492676,-528.574707031,106.146652222,0.866871536,-0.498054653,0.006501815,0.020809567
1653512909.106344461,-653.617492676,-528.574707031,106.146652222,0.866871536,-0.498054653,0.006501815,0.020809567
1653512909.172961235,-652.350952148,-531.103027344,106.150100708,0.867775381,-0.496437639,0.006353469,0.021799734
1653512909.239454031,-652.350952148,-531.103027344,106.150100708,0.867775381,-0.496437639,0.006353469,0.021799734
1653512909.306258678,-650.931823730,-533.748352051,106.132385254,0.868508875,-0.495115250,0.005867772,0.022777583
1653512909.374457598,-650.931823730,-533.748352051,106.132385254,0.868508875,-0.495115250,0.005867772,0.022777583
1653512909.439943552,-649.414733887,-536.515563965,106.121131897,0.868999183,-0.494204879,0.006130511,0.023756642
1653512909.506306171,-649.414733887,-536.515563965,106.121131897,0.868999183,-0.494204879,0.006130511,0.023756642
1653512909.572782516,-647.749450684,-539.460815430,106.105743408,0.869863153,-0.492675632,0.006471653,0.023809381
1653512909.639871120,-647.749450684,-539.460815430,106.105743408,0.869863153,-0.492675632,0.006471653,0.023809381
1653512909.706027508,-646.495666504,-541.901245117,106.141967773,0.870614290,-0.491355628,0.007701596,0.023260260
1653512909.773156404,-646.495666504,-541.901245117,106.141967773,0.870614290,-0.491355628,0.007701596,0.023260260
1653512909.839455128,-645.301391602,-544.265502930,106.185775757,0.871044338,-0.490589529,0.009039774,0.022845805
1653512909.906032562,-645.301391602,-544.265502930,106.185775757,0.871044338,-0.490589529,0.009039774,0.022845805
1653512909.973375320,-643.781799316,-547.027343750,106.193557739,0.871819139,-0.489263415,0.009461551,0.021520745
1653512910.039677143,-643.781799316,-547.027343750,106.193557739,0.871819139,-0.489263415,0.009461551,0.021520745
1653512910.108219385,-642.260925293,-549.790649414,106.204887390,0.872246027,-0.488530040,0.010121320,0.020561907
1653512910.174879789,-642.260925293,-549.790649414,106.204887390,0.872246027,-0.488530040,0.010121320,0.020561907
1653512910.244743109,-641.372558594,-551.816894531,106.284736633,0.872373581,-0.488305420,0.011585594,0.019696780
1653512910.306171894,-641.372558594,-551.816894531,106.284736633,0.872373581,-0.488305420,0.011585594,0.019696780
1653512910.372764111,-639.523132324,-554.983703613,106.260520935,0.872799933,-0.487580657,0.010928542,0.019129498
1653512910.439341784,-639.523132324,-554.983703613,106.260520935,0.872799933,-0.487580657,0.010928542,0.019129498
1653512910.506181717,-638.458679199,-557.137634277,106.302787781,0.872992635,-0.487202704,0.010997904,0.019911408
1653512910.572911024,-638.458679199,-557.137634277,106.302787781,0.872992635,-0.487202704,0.010997904,0.019911408
1653512910.641343117,-636.812438965,-559.992797852,106.280540466,0.872872233,-0.487387091,0.010068381,0.021131670
1653512910.706329346,-636.812438965,-559.992797852,106.280540466,0.872872233,-0.487387091,0.010068381,0.021131670
1653512910.772689819,-635.639160156,-562.273925781,106.300010681,0.872726858,-0.487583816,0.009333667,0.022864427
1653512910.841441870,-635.639160156,-562.273925781,106.300010681,0.872726858,-0.487583816,0.009333667,0.022864427
1653512910.910069466,-633.861083984,-565.248046875,106.241813660,0.872248948,-0.488398641,0.008372140,0.024051609
1653512910.972791195,-633.861083984,-565.248046875,106.241813660,0.872248948,-0.488398641,0.008372140,0.024051609
1653512911.039506435,-632.470092773,-567.820556641,106.216056824,0.871457398,-0.489746034,0.008534063,0.025259161
1653512911.107188940,-632.470092773,-567.820556641,106.216056824,0.871457398,-0.489746034,0.008534063,0.025259161
1653512911.173186541,-631.156860352,-570.247985840,106.172103882,0.870895982,-0.490698934,0.009086100,0.025927294
1653512911.240326881,-631.156860352,-570.247985840,106.172103882,0.870895982,-0.490698934,0.009086100,0.025927294
1653512911.306689262,-629.432067871,-573.162658691,106.079261780,0.870502353,-0.491409063,0.009523668,0.025535362
1653512911.373726130,-629.432067871,-573.162658691,106.079261780,0.870502353,-0.491409063,0.009523668,0.025535362
1653512911.440350056,-628.043212891,-575.669433594,106.006996155,0.870256186,-0.491907686,0.010790012,0.023759581
1653512911.507137775,-628.043212891,-575.669433594,106.006996155,0.870256186,-0.491907686,0.010790012,0.023759581
1653512911.573760033,-626.206420898,-578.684814453,105.882278442,0.870498240,-0.491579562,0.011446129,0.021244401
1653512911.639563322,-626.206420898,-578.684814453,105.882278442,0.870498240,-0.491579562,0.011446129,0.021244401
1653512911.706436872,-624.776123047,-581.203491211,105.792526245,0.870881498,-0.490965605,0.012699377,0.018891321
1653512911.772929192,-624.776123047,-581.203491211,105.792526245,0.870881498,-0.490965605,0.012699377,0.018891321
1653512911.844499350,-623.116333008,-583.966125488,105.680137634,0.871175408,-0.490498364,0.014693757,0.015775954
1653512911.906616926,-623.116333008,-583.966125488,105.680137634,0.871175408,-0.490498364,0.014693757,0.015775954
1653512911.973061085,-621.605102539,-586.570007324,105.588134766,0.871890306,-0.489260584,0.017007524,0.011922786
1653512912.039544821,-621.605102539,-586.570007324,105.588134766,0.871890306,-0.489260584,0.017007524,0.011922786
1653512912.106898785,-620.304199219,-588.881713867,105.512107849,0.872630060,-0.487940580,0.018913748,0.008543832
1653512912.173158407,-620.304199219,-588.881713867,105.512107849,0.872630060,-0.487940580,0.018913748,0.008543832
1653512912.239499569,-618.574584961,-591.708862305,105.400291443,0.873303294,-0.486753225,0.019181633,0.006689184
1653512912.308140516,-618.574584961,-591.708862305,105.400291443,0.873303294,-0.486753225,0.019181633,0.006689184
1653512912.373183966,-616.798889160,-594.588500977,105.292915344,0.874414921,-0.484772831,0.019120077,0.005317715
1653512912.440394402,-616.798889160,-594.588500977,105.292915344,0.874414921,-0.484772831,0.019120077,0.005317715
1653512912.505802393,-615.301574707,-597.175659180,105.213111877,0.875646651,-0.482557446,0.018904474,0.004881057
1653512912.572605371,-615.301574707,-597.175659180,105.213111877,0.875646651,-0.482557446,0.018904474,0.004881057
1653512912.639494419,-614.119995117,-599.423828125,105.164596558,0.876598954,-0.480802208,0.019463183,0.004975384
1653512912.706792831,-614.119995117,-599.423828125,105.164596558,0.876598954,-0.480802208,0.019463183,0.004975384
1653512912.772672653,-612.492919922,-602.160034180,105.074119568,0.877728045,-0.478815258,0.017543189,0.004656469
1653512912.839321852,-612.492919922,-602.160034180,105.074119568,0.877728045,-0.478815258,0.017543189,0.004656469
1653512912.906238079,-610.935607910,-604.779968262,104.999786377,0.878652453,-0.477162331,0.016141418,0.005043744
1653512912.974078178,-610.935607910,-604.779968262,104.999786377,0.878652453,-0.477162331,0.016141418,0.005043744
1653512913.039982557,-609.273315430,-607.574584961,104.918823242,0.879207134,-0.476174116,0.014697293,0.006086931
1653512913.106087923,-609.273315430,-607.574584961,104.918823242,0.879207134,-0.476174116,0.014697293,0.006086931
1653512913.172527313,-607.854064941,-610.113525391,104.861389160,0.879622817,-0.475442201,0.012690824,0.007576234
1653512913.239908218,-607.854064941,-610.113525391,104.861389160,0.879622817,-0.475442201,0.012690824,0.007576234
1653512913.305881500,-606.696289062,-612.356872559,104.813362122,0.879862964,-0.474997669,0.010389818,0.010507626
1653512913.372740746,-606.696289062,-612.356872559,104.813362122,0.879862964,-0.474997669,0.010389818,0.010507626
1653512913.439573288,-605.016967773,-615.167541504,104.717407227,0.879610717,-0.475441754,0.007921252,0.013320157
1653512913.506171465,-605.016967773,-615.167541504,104.717407227,0.879610717,-0.475441754,0.007921252,0.013320157
1653512913.574150562,-603.742431641,-617.526489258,104.656646729,0.879415691,-0.475756437,0.006095552,0.015706047
1653512913.639557362,-603.742431641,-617.526489258,104.656646729,0.879415691,-0.475756437,0.006095552,0.015706047
1653512913.707387209,-601.916687012,-620.503356934,104.530853271,0.878791511,-0.476904631,0.003791469,0.016523384
1653512913.772632837,-601.916687012,-620.503356934,104.530853271,0.878791511,-0.476904631,0.003791469,0.016523384
1653512913.839420080,-600.581542969,-622.911926270,104.442871094,0.877869606,-0.478610158,0.002932351,0.016392572
1653512913.908086777,-600.581542969,-622.911926270,104.442871094,0.877869606,-0.478610158,0.002932351,0.016392572
1653512913.972871542,-599.164672852,-625.415710449,104.333953857,0.877152026,-0.479960829,0.003506945,0.015153009
1653512914.039205074,-599.164672852,-625.415710449,104.333953857,0.877152026,-0.479960829,0.003506945,0.015153009
1653512914.106119156,-597.330932617,-628.350341797,104.181991577,0.876138389,-0.481834233,0.003839818,0.014231849
1653512914.172949076,-597.330932617,-628.350341797,104.181991577,0.876138389,-0.481834233,0.003839818,0.014231849
1653512914.239736080,-595.711791992,-631.058166504,104.049484253,0.875304401,-0.483382612,0.005169197,0.012520911
1653512914.306177139,-595.711791992,-631.058166504,104.049484253,0.875304401,-0.483382612,0.005169197,0.012520911
1653512914.372565031,-594.357849121,-633.494628906,103.933502197,0.874650955,-0.484578282,0.006667423,0.011185518
1653512914.439256191,-594.357849121,-633.494628906,103.933502197,0.874650955,-0.484578282,0.006667423,0.011185518
1653512914.506479025,-592.870605469,-636.067504883,103.793708801,0.874346733,-0.485129893,0.007263492,0.010677695
1653512914.572632313,-592.870605469,-636.067504883,103.793708801,0.874346733,-0.485129893,0.007263492,0.010677695
1653512914.639455557,-591.031127930,-639.004699707,103.615982056,0.873903513,-0.485936970,0.007325273,0.010210142
1653512914.707041025,-591.031127930,-639.004699707,103.615982056,0.873903513,-0.485936970,0.007325273,0.010210142
1653512914.774123430,-589.490539551,-641.602844238,103.460174561,0.873910487,-0.485921085,0.007867028,0.009964007
1653512914.839275360,-589.490539551,-641.602844238,103.460174561,0.873910487,-0.485921085,0.007867028,0.009964007
1653512914.907511950,-587.939453125,-644.203857422,103.299095154,0.874008477,-0.485732645,0.008582402,0.009966098
1653512914.974782944,-587.939453125,-644.203857422,103.299095154,0.874008477,-0.485732645,0.008582402,0.009966098
1653512915.040304899,-586.100402832,-647.090454102,103.106819153,0.873915553,-0.485895336,0.008609936,0.010156373
1653512915.108234644,-586.100402832,-647.090454102,103.106819153,0.873915553,-0.485895336,0.008609936,0.010156373
1653512915.174732447,-584.559265137,-649.644348145,102.936805725,0.874340415,-0.485119730,0.009584266,0.009790000
1653512915.241042137,-584.559265137,-649.644348145,102.936805725,0.874340415,-0.485119730,0.009584266,0.009790000
1653512915.306010246,-582.354248047,-652.927795410,102.702713013,0.874627769,-0.484588683,0.010169099,0.009833470
1653512915.372567177,-582.354248047,-652.927795410,102.702713013,0.874627769,-0.484588683,0.010169099,0.009833470
1653512915.439926147,-581.552612305,-654.696044922,102.605926514,0.874742091,-0.484327674,0.012088772,0.010337209
1653512915.506031036,-581.552612305,-654.696044922,102.605926514,0.874742091,-0.484327674,0.012088772,0.010337209
1653512915.572537422,-579.571777344,-657.735839844,102.381523132,0.875060499,-0.483751237,0.012364887,0.010047178
1653512915.639326811,-579.571777344,-657.735839844,102.381523132,0.875060499,-0.483751237,0.012364887,0.010047178
1653512915.705958128,-577.672119141,-660.689331055,102.167030334,0.875517786,-0.482934892,0.012262139,0.009599132
1653512915.772783279,-577.672119141,-660.689331055,102.167030334,0.875517786,-0.482934892,0.012262139,0.009599132
1653512915.839733362,-576.216308594,-663.189636230,101.992462158,0.875710487,-0.482559681,0.013225520,0.009612913
1653512915.905893564,-576.216308594,-663.189636230,101.992462158,0.875710487,-0.482559681,0.013225520,0.009612913
1653512915.973493338,-574.898376465,-665.550720215,101.817276001,0.876093686,-0.481877118,0.013132730,0.009047101
1653512916.039428234,-574.898376465,-665.550720215,101.817276001,0.876093686,-0.481877118,0.013132730,0.009047101
1653512916.106724739,-572.981750488,-668.518371582,101.576660156,0.876682222,-0.480813831,0.012468335,0.009531274
1653512916.173190594,-572.981750488,-668.518371582,101.576660156,0.876682222,-0.480813831,0.012468335,0.009531274
1653512916.241775751,-571.353759766,-671.153320312,101.368606567,0.876980722,-0.480261922,0.012024792,0.010425474
1653512916.306301594,-571.353759766,-671.153320312,101.368606567,0.876980722,-0.480261922,0.012024792,0.010425474
1653512916.373219490,-569.899230957,-673.645324707,101.170280457,0.877600014,-0.479129404,0.012207367,0.010205533
1653512916.439396143,-569.899230957,-673.645324707,101.170280457,0.877600014,-0.479129404,0.012207367,0.010205533
1653512916.506415129,-568.510681152,-676.064941406,100.973587036,0.877998292,-0.478409111,0.011752115,0.010274739
1653512916.573314667,-568.510681152,-676.064941406,100.973587036,0.877998292,-0.478409111,0.011752115,0.010274739
1653512916.640112638,-566.848999023,-678.780517578,100.750831604,0.878072977,-0.478273362,0.010888265,0.011129093
1653512916.705946207,-566.848999023,-678.780517578,100.750831604,0.878072977,-0.478273362,0.010888265,0.011129093
1653512916.773091316,-565.308044434,-681.362426758,100.542221069,0.878215253,-0.478014231,0.009849982,0.011974026
1653512916.841082096,-565.308044434,-681.362426758,100.542221069,0.878215253,-0.478014231,0.009849982,0.011974026
1653512916.905794144,-563.648681641,-684.054809570,100.321151733,0.878162563,-0.478115320,0.008361229,0.012897811
1653512916.973143578,-563.648681641,-684.054809570,100.321151733,0.878162563,-0.478115320,0.008361229,0.012897811
1653512917.041004419,-562.019897461,-686.714599609,100.098114014,0.877641976,-0.479055703,0.006935369,0.014214482
1653512917.106071949,-562.019897461,-686.714599609,100.098114014,0.877641976,-0.479055703,0.006935369,0.014214482
1653512917.172998667,-560.373901367,-689.419616699,99.872741699,0.877509654,-0.479282498,0.006126625,0.015084615
1653512917.239789963,-560.373901367,-689.419616699,99.872741699,0.877509654,-0.479282498,0.006126625,0.015084615
1653512917.306140423,-558.523803711,-692.291870117,99.622650146,0.877353668,-0.479538739,0.005587791,0.016184174
1653512917.372506142,-558.523803711,-692.291870117,99.622650146,0.877353668,-0.479538739,0.005587791,0.016184174
1653512917.439262629,-557.300537109,-694.516845703,99.451080322,0.876793206,-0.480526954,0.005401530,0.017271927
1653512917.506694078,-557.300537109,-694.516845703,99.451080322,0.876793206,-0.480526954,0.005401530,0.017271927
1653512917.572580576,-556.000610352,-696.820068359,99.269378662,0.876520276,-0.480997384,0.005525758,0.017976228
1653512917.640163183,-556.000610352,-696.820068359,99.269378662,0.876520276,-0.480997384,0.005525758,0.017976228
1653512917.707667112,-553.824645996,-700.028991699,98.994567871,0.876255631,-0.481480122,0.004597019,0.018217677
1653512917.772503853,-553.824645996,-700.028991699,98.994567871,0.876255631,-0.481480122,0.004597019,0.018217677
1653512917.839243889,-551.844665527,-703.044311523,98.755516052,0.875943005,-0.482044518,0.004950474,0.018231755
1653512917.905831337,-551.844665527,-703.044311523,98.755516052,0.875943005,-0.482044518,0.004950474,0.018231755
1653512917.974476814,-550.469177246,-705.400512695,98.592376709,0.875922203,-0.482110769,0.004896113,0.017478038
1653512918.040600777,-550.469177246,-705.400512695,98.592376709,0.875922203,-0.482110769,0.004896113,0.017478038
1653512918.106445789,-548.802856445,-708.059997559,98.401206970,0.876300693,-0.481448770,0.005328070,0.016605722
1653512918.172746420,-548.802856445,-708.059997559,98.401206970,0.876300693,-0.481448770,0.005328070,0.016605722
1653512918.242866516,-547.052124023,-710.763061523,98.209693909,0.876484573,-0.481142074,0.005579303,0.015682384
1653512918.306033850,-547.052124023,-710.763061523,98.209693909,0.876484573,-0.481142074,0.005579303,0.015682384
1653512918.373003960,-545.172058105,-713.612243652,98.017166138,0.876909792,-0.480386257,0.005676433,0.015032537
1653512918.439371586,-545.172058105,-713.612243652,98.017166138,0.876909792,-0.480386257,0.005676433,0.015032537
1653512918.505864382,-543.116149902,-716.596862793,97.812957764,0.877356291,-0.479605317,0.005664785,0.013878721
1653512918.572522879,-543.116149902,-716.596862793,97.812957764,0.877356291,-0.479605317,0.005664785,0.013878721
1653512918.639315367,-541.961059570,-718.692932129,97.724571228,0.877939165,-0.478558213,0.006044475,0.012973563
1653512918.706596851,-541.961059570,-718.692932129,97.724571228,0.877939165,-0.478558213,0.006044475,0.012973563
1653512918.773922920,-540.097595215,-721.514099121,97.552299500,0.878636241,-0.477302760,0.005572222,0.012222744
1653512918.839183331,-540.097595215,-721.514099121,97.552299500,0.878636241,-0.477302760,0.005572222,0.012222744
1653512918.906341791,-538.316406250,-724.265136719,97.399055481,0.879590154,-0.475568920,0.004630015,0.011574979
1653512918.972676277,-538.316406250,-724.265136719,97.399055481,0.879590154,-0.475568920,0.004630015,0.011574979
1653512919.039188862,-536.776672363,-726.755859375,97.273612976,0.880317986,-0.474232912,0.003338996,0.011499075
1653512919.109936237,-536.776672363,-726.755859375,97.273612976,0.880317986,-0.474232912,0.003338996,0.011499075
1653512919.172969341,-534.992858887,-729.483703613,97.121360779,0.881072223,-0.472833127,0.001890091,0.011705582
1653512919.239584684,-534.992858887,-729.483703613,97.121360779,0.881072223,-0.472833127,0.001890091,0.011705582
1653512919.306104183,-533.174255371,-732.213623047,96.972030640,0.881647646,-0.471747935,0.000185994,0.012300518
1653512919.372863054,-533.174255371,-732.213623047,96.972030640,0.881647646,-0.471747935,0.000185994,0.012300518
1653512919.439282179,-531.382446289,-734.934875488,96.822013855,0.882107496,-0.470869422,-0.000433247,0.012968233
1653512919.506232977,-531.382446289,-734.934875488,96.822013855,0.882107496,-0.470869422,-0.000433247,0.012968233
1653512919.573919773,-529.604492188,-737.638305664,96.676841736,0.882546604,-0.470018864,-0.000655407,0.013904508
1653512919.639784336,-529.604492188,-737.638305664,96.676841736,0.882546604,-0.470018864,-0.000655407,0.013904508
1653512919.706546545,-527.894470215,-740.278930664,96.546852112,0.882762253,-0.469606519,-0.000153498,0.014158725
1653512919.772476435,-527.894470215,-740.278930664,96.546852112,0.882762253,-0.469606519,-0.000153498,0.014158725
1653512919.839409351,-526.264831543,-742.823913574,96.432868958,0.882729948,-0.469660997,0.001394559,0.014296794
1653512919.905869246,-526.264831543,-742.823913574,96.432868958,0.882729948,-0.469660997,0.001394559,0.014296794
1653512919.973426342,-524.633178711,-745.337341309,96.328880310,0.882930636,-0.469268411,0.003578184,0.014418464
1653512920.039250612,-524.633178711,-745.337341309,96.328880310,0.882930636,-0.469268411,0.003578184,0.014418464
1653512920.105711937,-522.589782715,-748.264038086,96.181953430,0.882933438,-0.469253421,0.005902636,0.013962769
1653512920.172508240,-522.589782715,-748.264038086,96.181953430,0.882933438,-0.469253421,0.005902636,0.013962769
1653512920.239482164,-520.553894043,-751.179870605,96.043128967,0.882678807,-0.469698429,0.008967370,0.013457205
1653512920.305770159,-520.553894043,-751.179870605,96.043128967,0.882678807,-0.469698429,0.008967370,0.013457205
1653512920.373007059,-518.746276855,-753.871887207,95.930130005,0.882426500,-0.470126241,0.011212504,0.013382423
1653512920.439539433,-518.746276855,-753.871887207,95.930130005,0.882426500,-0.470126241,0.011212504,0.013382423
1653512920.505796909,-516.704833984,-756.780151367,95.779579163,0.882103682,-0.470729977,0.012059757,0.012686285
1653512920.572622776,-516.704833984,-756.780151367,95.779579163,0.882103682,-0.470729977,0.012059757,0.012686285
1653512920.639565468,-514.955444336,-759.407775879,95.653739929,0.881708562,-0.471473604,0.012888843,0.011685939
1653512920.707080364,-514.955444336,-759.407775879,95.653739929,0.881708562,-0.471473604,0.012888843,0.011685939
1653512920.772423267,-513.224731445,-762.012756348,95.525512695,0.881607831,-0.471677721,0.013200780,0.010653225
1653512920.841373920,-513.224731445,-762.012756348,95.525512695,0.881607831,-0.471677721,0.013200780,0.010653225
1653512920.906025410,-511.613677979,-764.513488770,95.410263062,0.881298482,-0.472275078,0.013747866,0.008956274
1653512920.972832441,-511.613677979,-764.513488770,95.410263062,0.881298482,-0.472275078,0.013747866,0.008956274
1653512921.039474010,-509.802337646,-767.220397949,95.274955750,0.880641997,-0.473518908,0.014170702,0.006980219
1653512921.105691195,-509.802337646,-767.220397949,95.274955750,0.880641997,-0.473518908,0.014170702,0.006980219
1653512921.172873259,-508.006225586,-769.863464355,95.144958496,0.880365252,-0.474038750,0.014805202,0.005007349
1653512921.239418745,-508.006225586,-769.863464355,95.144958496,0.880365252,-0.474038750,0.014805202,0.005007349
1653512921.306933880,-506.130249023,-772.629821777,95.012870789,0.879954517,-0.474793047,0.015713532,0.002170861
1653512921.372714996,-506.130249023,-772.629821777,95.012870789,0.879954517,-0.474793047,0.015713532,0.002170861
1653512921.442794561,-504.828155518,-774.840881348,94.946166992,0.879438281,-0.475711882,0.016881378,0.001244683
1653512921.506202698,-504.828155518,-774.840881348,94.946166992,0.879438281,-0.475711882,0.016881378,0.001244683
1653512921.572450161,-503.027160645,-777.543518066,94.815956116,0.879242420,-0.476086050,0.016311822,0.002960546
1653512921.639368534,-503.027160645,-777.543518066,94.815956116,0.879242420,-0.476086050,0.016311822,0.002960546
1653512921.705907583,-500.943237305,-780.470336914,94.645462036,0.879174829,-0.476236939,0.014502814,0.006298073
1653512921.773189783,-500.943237305,-780.470336914,94.645462036,0.879174829,-0.476236939,0.014502814,0.006298073
1653512921.844346523,-499.471618652,-782.841918945,94.544639587,0.878922820,-0.476673126,0.013933389,0.009123788
1653512921.905968666,-499.471618652,-782.841918945,94.544639587,0.878922820,-0.476673126,0.013933389,0.009123788
1653512921.974344015,-497.996887207,-785.260559082,94.442794800,0.878752649,-0.476991832,0.013359418,0.009700357
1653512922.040787458,-497.996887207,-785.260559082,94.442794800,0.878752649,-0.476991832,0.013359418,0.009700357
1653512922.105770826,-496.019348145,-788.118103027,94.278770447,0.878396809,-0.477671653,0.013407815,0.008310748
1653512922.172457218,-496.019348145,-788.118103027,94.278770447,0.878396809,-0.477671653,0.013407815,0.008310748
1653512922.239957333,-494.826049805,-790.238525391,94.205703735,0.877917826,-0.478571892,0.013606554,0.006644489
1653512922.305803537,-494.826049805,-790.238525391,94.205703735,0.877917826,-0.478571892,0.013606554,0.006644489
1653512922.373822212,-492.713439941,-793.247863770,94.030647278,0.877872109,-0.478702188,0.012284597,0.005822042
1653512922.439493179,-492.713439941,-793.247863770,94.030647278,0.877872109,-0.478702188,0.012284597,0.005822042
1653512922.506784439,-491.454040527,-795.430419922,93.955268860,0.877891064,-0.478682786,0.011398499,0.006333177
1653512922.573450089,-491.454040527,-795.430419922,93.955268860,0.877891064,-0.478682786,0.011398499,0.006333177
1653512922.639379025,-489.468841553,-798.288085938,93.789192200,0.877732098,-0.479002893,0.009459381,0.007285274
1653512922.706277132,-489.468841553,-798.288085938,93.789192200,0.877732098,-0.479002893,0.009459381,0.007285274
1653512922.774163961,-487.637695312,-800.979919434,93.642517090,0.877870142,-0.478770286,0.007025560,0.008582648
1653512922.839086771,-487.637695312,-800.979919434,93.642517090,0.877870142,-0.478770286,0.007025560,0.008582648
1653512922.907784224,-485.846923828,-803.654296875,93.504669189,0.877840817,-0.478825599,0.004670952,0.009986084
1653512922.972805500,-485.846923828,-803.654296875,93.504669189,0.877840817,-0.478825599,0.004670952,0.009986084
1653512923.039676189,-484.191101074,-806.228637695,93.374595642,0.877696335,-0.479067892,0.002324284,0.011733707
1653512923.111053228,-484.191101074,-806.228637695,93.374595642,0.877696335,-0.479067892,0.002324284,0.011733707
1653512923.173169374,-482.597290039,-808.714172363,93.252357483,0.877847493,-0.478761703,-0.000731655,0.013057020
1653512923.239092350,-482.597290039,-808.714172363,93.252357483,0.877847493,-0.478761703,-0.000731655,0.013057020
1653512923.306591034,-481.002349854,-811.206420898,93.118385315,0.877655864,-0.479052484,-0.003200817,0.014787860
1653512923.372632742,-481.002349854,-811.206420898,93.118385315,0.877655864,-0.479052484,-0.003200817,0.014787860
1653512923.441957712,-479.528991699,-813.601989746,93.001075745,0.877286375,-0.479654133,-0.005130708,0.016560219
1653512923.506458998,-479.528991699,-813.601989746,93.001075745,0.877286375,-0.479654133,-0.005130708,0.016560219
1653512923.573024511,-477.730926514,-816.302673340,92.856887817,0.877144039,-0.479811788,-0.006322381,0.018948261
1653512923.639057398,-477.730926514,-816.302673340,92.856887817,0.877144039,-0.479811788,-0.006322381,0.018948261
1653512923.707801580,-475.776336670,-819.099365234,92.696807861,0.876895964,-0.480158299,-0.007879860,0.020962147
1653512923.772765875,-475.776336670,-819.099365234,92.696807861,0.876895964,-0.480158299,-0.007879860,0.020962147
1653512923.841588736,-473.764770508,-821.949645996,92.538261414,0.876476109,-0.480829954,-0.007822935,0.023044035
1653512923.906193972,-473.764770508,-821.949645996,92.538261414,0.876476109,-0.480829954,-0.007822935,0.023044035
1653512923.972409248,-471.588104248,-824.944030762,92.356521606,0.876217782,-0.481224984,-0.007340573,0.024719482
1653512924.039275408,-471.588104248,-824.944030762,92.356521606,0.876217782,-0.481224984,-0.007340573,0.024719482
1653512924.105877876,-470.150207520,-827.208923340,92.257812500,0.875959396,-0.481666923,-0.006239202,0.025557490
1653512924.172615051,-470.150207520,-827.208923340,92.257812500,0.875959396,-0.481666923,-0.006239202,0.025557490
1653512924.239169598,-468.430297852,-829.761291504,92.119422913,0.875395238,-0.482670099,-0.005921661,0.026031548
1653512924.306250572,-468.430297852,-829.761291504,92.119422913,0.875395238,-0.482670099,-0.005921661,0.026031548
1653512924.372355223,-466.903839111,-832.120971680,91.997833252,0.875107229,-0.483176857,-0.005363909,0.026432183
1653512924.440770388,-466.903839111,-832.120971680,91.997833252,0.875107229,-0.483176857,-0.005363909,0.026432183
1653512924.506376505,-464.925231934,-834.894531250,91.814208984,0.874830127,-0.483636916,-0.005831736,0.027083868
1653512924.572611332,-464.925231934,-834.894531250,91.814208984,0.874830127,-0.483636916,-0.005831736,0.027083868
1653512924.641292810,-462.826904297,-837.766113281,91.613159180,0.874487102,-0.484216034,-0.007329240,0.027449111
1653512924.709180593,-462.826904297,-837.766113281,91.613159180,0.874487102,-0.484216034,-0.007329240,0.027449111
1653512924.772542953,-461.063476562,-840.325073242,91.442054749,0.874486327,-0.484199941,-0.008183446,0.027515532
1653512924.842007875,-461.063476562,-840.325073242,91.442054749,0.874486327,-0.484199941,-0.008183446,0.027515532
1653512924.906510115,-459.142303467,-842.973205566,91.247673035,0.874685585,-0.483781546,-0.009111232,0.028240370
1653512924.972670794,-459.142303467,-842.973205566,91.247673035,0.874685585,-0.483781546,-0.009111232,0.028240370
1653512925.039157391,-457.512054443,-845.348693848,91.080688477,0.874648929,-0.483816892,-0.009950707,0.028486086
1653512925.105864525,-457.512054443,-845.348693848,91.080688477,0.874648929,-0.483816892,-0.009950707,0.028486086
1653512925.173124075,-455.776458740,-847.801879883,90.902496338,0.875100732,-0.482980639,-0.010248947,0.028694388
1653512925.239217520,-455.776458740,-847.801879883,90.902496338,0.875100732,-0.482980639,-0.010248947,0.028694388
1653512925.305675507,-454.054412842,-850.253112793,90.724243164,0.875544786,-0.482174426,-0.010578906,0.028587990
1653512925.373811722,-454.054412842,-850.253112793,90.724243164,0.875544786,-0.482174426,-0.010578906,0.028587990
1653512925.439395666,-451.996032715,-852.994445801,90.508224487,0.875860512,-0.481573164,-0.010802777,0.028965116
1653512925.506114244,-451.996032715,-852.994445801,90.508224487,0.875860512,-0.481573164,-0.010802777,0.028965116
1653512925.572581530,-449.998046875,-855.664245605,90.300338745,0.876614213,-0.480187714,-0.010894065,0.029130576
1653512925.640736341,-449.998046875,-855.664245605,90.300338745,0.876614213,-0.480187714,-0.010894065,0.029130576
1653512925.705787420,-447.883514404,-858.415893555,90.080078125,0.877562225,-0.478436738,-0.011174578,0.029291641
1653512925.772432327,-447.883514404,-858.415893555,90.080078125,0.877562225,-0.478436738,-0.011174578,0.029291641
1653512925.839762926,-446.042022705,-860.894592285,89.887931824,0.878245175,-0.477144301,-0.010166845,0.030254705
1653512925.906600475,-446.042022705,-860.894592285,89.887931824,0.878245175,-0.477144301,-0.010166845,0.030254705
1653512925.972927809,-444.236999512,-863.324401855,89.698165894,0.879224539,-0.475310445,-0.009021246,0.031028975
1653512926.039314985,-444.236999512,-863.324401855,89.698165894,0.879224539,-0.475310445,-0.009021246,0.031028975
1653512926.105939150,-441.791748047,-866.336669922,89.434906006,0.880033553,-0.473808140,-0.007585653,0.031452000
1653512926.172435760,-441.791748047,-866.336669922,89.434906006,0.880033553,-0.473808140,-0.007585653,0.031452000
1653512926.240677118,-440.602813721,-868.212036133,89.325698853,0.880472422,-0.473013550,-0.005664499,0.031534653
1653512926.305638790,-440.602813721,-868.212036133,89.325698853,0.880472422,-0.473013550,-0.005664499,0.031534653
1653512926.373110056,-438.614898682,-870.806884766,89.111587524,0.880955219,-0.472095311,-0.005664407,0.031809267
1653512926.439147234,-438.614898682,-870.806884766,89.111587524,0.880955219,-0.472095311,-0.005664407,0.031809267
1653512926.505773306,-436.554107666,-873.432617188,88.883445740,0.881258965,-0.471517712,-0.006206927,0.031861328
1653512926.572821379,-436.554107666,-873.432617188,88.883445740,0.881258965,-0.471517712,-0.006206927,0.031861328
1653512926.641239643,-434.312652588,-876.211486816,88.633712769,0.881422222,-0.471232802,-0.006121485,0.031575814
1653512926.706659079,-434.312652588,-876.211486816,88.633712769,0.881422222,-0.471232802,-0.006121485,0.031575814
1653512926.772786617,-432.436401367,-878.671875000,88.431106567,0.881854534,-0.470468998,-0.005918416,0.030926114
1653512926.840284586,-432.436401367,-878.671875000,88.431106567,0.881854534,-0.470468998,-0.005918416,0.030926114
1653512926.906200171,-430.660827637,-880.996948242,88.238723755,0.882213891,-0.469877034,-0.005993908,0.029636621
1653512926.972521305,-430.660827637,-880.996948242,88.238723755,0.882213891,-0.469877034,-0.005993908,0.029636621
1653512927.040838003,-428.555694580,-883.614807129,88.006523132,0.882610798,-0.469215572,-0.005966335,0.028271684
1653512927.105794430,-428.555694580,-883.614807129,88.006523132,0.882610798,-0.469215572,-0.005966335,0.028271684
1653512927.173547745,-426.625579834,-886.064147949,87.801048279,0.883341372,-0.467944831,-0.005690702,0.026519855
1653512927.239129066,-426.625579834,-886.064147949,87.801048279,0.883341372,-0.467944831,-0.005690702,0.026519855
1653512927.305943489,-424.785766602,-888.422241211,87.609748840,0.884030402,-0.466773659,-0.005160712,0.024207138
1653512927.373144865,-424.785766602,-888.422241211,87.609748840,0.884030402,-0.466773659,-0.005160712,0.024207138
1653512927.444530249,-422.915191650,-890.807800293,87.418273926,0.884639382,-0.465711623,-0.005092840,0.022357527
1653512927.506713867,-422.915191650,-890.807800293,87.418273926,0.884639382,-0.465711623,-0.005092840,0.022357527
1653512927.574090958,-420.354339600,-893.827453613,87.151206970,0.885640562,-0.463890046,-0.004709484,0.020605927
1653512927.639252663,-420.354339600,-893.827453613,87.151206970,0.885640562,-0.463890046,-0.004709484,0.020605927
1653512927.706695080,-418.805114746,-895.905273438,87.010070801,0.886596859,-0.462157875,-0.004038054,0.018435271
1653512927.772329807,-418.805114746,-895.905273438,87.010070801,0.886596859,-0.462157875,-0.004038054,0.018435271
1653512927.839855194,-416.896636963,-898.292358398,86.823616028,0.887550771,-0.460396379,-0.002993227,0.016728610
1653512927.906061649,-416.896636963,-898.292358398,86.823616028,0.887550771,-0.460396379,-0.002993227,0.016728610
1653512927.972581148,-414.734710693,-900.876281738,86.601715088,0.888879359,-0.457901686,-0.003992910,0.014267814
1653512928.039350986,-414.734710693,-900.876281738,86.601715088,0.888879359,-0.457901686,-0.003992910,0.014267814
1653512928.105602980,-412.496520996,-903.515380859,86.372512817,0.889974594,-0.455826968,-0.003958095,0.012299079
1653512928.173058033,-412.496520996,-903.515380859,86.372512817,0.889974594,-0.455826968,-0.003958095,0.012299079
1653512928.242154837,-410.685607910,-905.798034668,86.194686890,0.890945971,-0.453986973,-0.003549952,0.009925354
1653512928.305571795,-410.685607910,-905.798034668,86.194686890,0.890945971,-0.453986973,-0.003549952,0.009925354
1653512928.372351170,-408.500579834,-908.413391113,85.977027893,0.892296255,-0.451368630,-0.002778192,0.008124694
1653512928.441496372,-408.500579834,-908.413391113,85.977027893,0.892296255,-0.451368630,-0.002778192,0.008124694
1653512928.506081820,-406.829833984,-910.565795898,85.825683594,0.893572032,-0.448871225,-0.001690577,0.006387397
1653512928.572496176,-406.829833984,-910.565795898,85.825683594,0.893572032,-0.448871225,-0.001690577,0.006387397
1653512928.640275002,-404.694335938,-913.141479492,85.626586914,0.894747734,-0.446550101,-0.000624191,0.004367683
1653512928.708433628,-404.694335938,-913.141479492,85.626586914,0.894747734,-0.446550101,-0.000624191,0.004367683
1653512928.772433043,-402.444854736,-915.809997559,85.411598206,0.896057904,-0.443925738,-0.000355579,0.003166048
1653512928.839380026,-402.444854736,-915.809997559,85.411598206,0.896057904,-0.443925738,-0.000355579,0.003166048
1653512928.905907631,-400.552734375,-918.163208008,85.250244141,0.897367716,-0.441277355,-0.000132568,0.002334075
1653512928.974132776,-400.552734375,-918.163208008,85.250244141,0.897367716,-0.441277355,-0.000132568,0.002334075
1653512929.039644718,-398.613616943,-920.568359375,85.087287903,0.898306608,-0.439365000,0.000405799,0.001847942
1653512929.105972767,-398.613616943,-920.568359375,85.087287903,0.898306608,-0.439365000,0.000405799,0.001847942
1653512929.173579693,-396.470428467,-923.138549805,84.912757874,0.899409294,-0.437101603,0.000978990,0.002032760
1653512929.239336491,-396.470428467,-923.138549805,84.912757874,0.899409294,-0.437101603,0.000978990,0.002032760
1653512929.305671692,-394.684265137,-925.420104980,84.784858704,0.900214016,-0.435436666,0.001844249,0.002489949
1653512929.372503281,-394.684265137,-925.420104980,84.784858704,0.900214016,-0.435436666,0.001844249,0.002489949
1653512929.440111399,-392.640289307,-927.897949219,84.628936768,0.900851965,-0.434112489,0.002619519,0.002297580
1653512929.505503893,-392.640289307,-927.897949219,84.628936768,0.900851965,-0.434112489,0.002619519,0.002297580
1653512929.572893620,-390.433593750,-930.532836914,84.456809998,0.901663005,-0.432422698,0.002974607,0.002355004
1653512929.639415741,-390.433593750,-930.532836914,84.456809998,0.901663005,-0.432422698,0.002974607,0.002355004
1653512929.707620621,-388.640136719,-932.832580566,84.342788696,0.902262688,-0.431165397,0.003018779,0.003049298
1653512929.772404671,-388.640136719,-932.832580566,84.342788696,0.902262688,-0.431165397,0.003018779,0.003049298
1653512929.840112686,-386.469146729,-935.441101074,84.179611206,0.902535737,-0.430591315,0.002273542,0.003895259
1653512929.905775309,-386.469146729,-935.441101074,84.179611206,0.902535737,-0.430591315,0.002273542,0.003895259
1653512929.974684000,-384.079833984,-938.215087891,83.985717773,0.903126180,-0.429347157,0.000413481,0.004894393
1653512930.039931059,-384.079833984,-938.215087891,83.985717773,0.903126180,-0.429347157,0.000413481,0.004894393
1653512930.105600119,-382.451904297,-940.402282715,83.883125305,0.903389871,-0.428774834,-0.000548010,0.006215256
1653512930.173787832,-382.451904297,-940.402282715,83.883125305,0.903389871,-0.428774834,-0.000548010,0.006215256
1653512930.239509106,-380.338745117,-942.939147949,83.709594727,0.903492451,-0.428529263,-0.002359205,0.007645170
1653512930.305922985,-380.338745117,-942.939147949,83.709594727,0.903492451,-0.428529263,-0.002359205,0.007645170
1653512930.372457027,-378.240203857,-945.491821289,83.544998169,0.903709948,-0.428043813,-0.003710916,0.008549429
1653512930.440064907,-378.240203857,-945.491821289,83.544998169,0.903709948,-0.428043813,-0.003710916,0.008549429
1653512930.506669760,-376.167480469,-948.019165039,83.377540588,0.903834820,-0.427738607,-0.005478564,0.009604243
1653512930.576173782,-376.167480469,-948.019165039,83.377540588,0.903834820,-0.427738607,-0.005478564,0.009604243
1653512930.639259100,-374.281158447,-950.406738281,83.238357544,0.903634191,-0.428116202,-0.006777237,0.010760704
1653512930.708253860,-374.281158447,-950.406738281,83.238357544,0.903634191,-0.428116202,-0.006777237,0.010760704
1653512930.772372484,-372.319549561,-952.845031738,83.092582703,0.903426588,-0.428512961,-0.007399219,0.011931023
1653512930.839055300,-372.319549561,-952.845031738,83.092582703,0.903426588,-0.428512961,-0.007399219,0.011931023
1653512930.905791998,-370.087707520,-955.493469238,82.918441772,0.903328061,-0.428672850,-0.008938685,0.012573324
1653512930.972577333,-370.087707520,-955.493469238,82.918441772,0.903328061,-0.428672850,-0.008938685,0.012573324
1653512931.040364027,-367.977203369,-958.049621582,82.762695312,0.903106987,-0.429105282,-0.009160333,0.013511060
1653512931.107045412,-367.977203369,-958.049621582,82.762695312,0.903106987,-0.429105282,-0.009160333,0.013511060
1653512931.173436880,-366.220001221,-960.322998047,82.656501770,0.902968287,-0.429358661,-0.009340739,0.014567044
1653512931.239196301,-366.220001221,-960.322998047,82.656501770,0.902968287,-0.429358661,-0.009340739,0.014567044
1653512931.305557013,-363.827239990,-963.069580078,82.466270447,0.902779162,-0.429702878,-0.010011537,0.015652314
1653512931.372458696,-363.827239990,-963.069580078,82.466270447,0.902779162,-0.429702878,-0.010011537,0.015652314
1653512931.439106703,-361.665679932,-965.625366211,82.303657532,0.902413666,-0.430424988,-0.009949523,0.016878245
1653512931.505669594,-361.665679932,-965.625366211,82.303657532,0.902413666,-0.430424988,-0.009949523,0.016878245
1653512931.572637081,-359.805480957,-967.947753906,82.175338745,0.902370274,-0.430482477,-0.009051091,0.018187884
1653512931.639204979,-359.805480957,-967.947753906,82.175338745,0.902370274,-0.430482477,-0.009051091,0.018187884
1653512931.705500841,-357.424407959,-970.671691895,81.989990234,0.902236402,-0.430766046,-0.008433636,0.018411946
1653512931.772379398,-357.424407959,-970.671691895,81.989990234,0.902236402,-0.430766046,-0.008433636,0.018411946
1653512931.839519501,-355.427978516,-973.089233398,81.855216980,0.902193725,-0.430906743,-0.007364543,0.017653786
1653512931.905961514,-355.427978516,-973.089233398,81.855216980,0.902193725,-0.430906743,-0.007364543,0.017653786
1653512931.972706795,-353.313720703,-975.592102051,81.717117310,0.902613819,-0.430086046,-0.005693849,0.016789561
1653512932.039953232,-353.313720703,-975.592102051,81.717117310,0.902613819,-0.430086046,-0.005693849,0.016789561
1653512932.106145144,-351.140289307,-978.136962891,81.577880859,0.903069079,-0.429194331,-0.004304877,0.015489092
1653512932.172815561,-351.140289307,-978.136962891,81.577880859,0.903069079,-0.429194331,-0.004304877,0.015489092
1653512932.239120007,-349.018646240,-980.622375488,81.451316833,0.903646111,-0.428028733,-0.003275974,0.014297175
1653512932.307193518,-349.018646240,-980.622375488,81.451316833,0.903646111,-0.428028733,-0.003275974,0.014297175
1653512932.373113871,-346.594818115,-983.316528320,81.291915894,0.904513478,-0.426242679,-0.002823327,0.012828220
1653512932.439192295,-346.594818115,-983.316528320,81.291915894,0.904513478,-0.426242679,-0.002823327,0.012828220
1653512932.506284237,-344.483093262,-985.777709961,81.181327820,0.905364811,-0.424462408,-0.001620017,0.011984494
1653512932.575577259,-344.483093262,-985.777709961,81.181327820,0.905364811,-0.424462408,-0.001620017,0.011984494
1653512932.640465498,-342.533447266,-988.103271484,81.097892761,0.905884981,-0.423373908,-0.000713604,0.011241373
1653512932.705582857,-342.533447266,-988.103271484,81.097892761,0.905884981,-0.423373908,-0.000713604,0.011241373
1653512932.772522926,-340.138427734,-990.765869141,80.963432312,0.906754732,-0.421519041,-0.000775943,0.010814537
1653512932.839208603,-340.138427734,-990.765869141,80.963432312,0.906754732,-0.421519041,-0.000775943,0.010814537
1653512932.905947685,-338.151184082,-993.117675781,80.868186951,0.907482684,-0.419950545,-0.000709336,0.010780117
1653512932.972223759,-338.151184082,-993.117675781,80.868186951,0.907482684,-0.419950545,-0.000709336,0.010780117
1653512933.040643692,-336.205810547,-995.479980469,80.770057678,0.908105612,-0.418571889,-0.000355681,0.011902556
1653512933.107693911,-336.205810547,-995.479980469,80.770057678,0.908105612,-0.418571889,-0.000355681,0.011902556
1653512933.173909903,-334.058837891,-997.992614746,80.628982544,0.908729255,-0.417109460,-0.002924445,0.014909366
1653512933.239153385,-334.058837891,-997.992614746,80.628982544,0.908729255,-0.417109460,-0.002924445,0.014909366
1653512933.319144726,-332.078613281,-1000.352416992,80.493034363,0.909183443,-0.415932119,-0.004592206,0.019101329
1653512933.374365807,-332.078613281,-1000.352416992,80.493034363,0.909183443,-0.415932119,-0.004592206,0.019101329
1653512933.439165354,-329.278411865,-1003.388732910,80.252464294,0.909383595,-0.415342778,-0.005979494,0.021819923
1653512933.505861044,-329.278411865,-1003.388732910,80.252464294,0.909383595,-0.415342778,-0.005979494,0.021819923
1653512933.574169636,-327.598144531,-1005.406860352,80.113586426,0.909534395,-0.414992243,-0.006559057,0.022035450
1653512933.639078379,-327.598144531,-1005.406860352,80.113586426,0.909534395,-0.414992243,-0.006559057,0.022035450
1653512933.706134319,-325.669555664,-1007.703125000,79.946067810,0.909460008,-0.415237159,-0.003244662,0.021214793
1653512933.773470402,-325.669555664,-1007.703125000,79.946067810,0.909460008,-0.415237159,-0.003244662,0.021214793
1653512933.840558290,-323.102569580,-1010.441345215,79.689193726,0.909032643,-0.416266322,-0.001566124,0.019481091
1653512933.908273935,-323.102569580,-1010.441345215,79.689193726,0.909032643,-0.416266322,-0.001566124,0.019481091
1653512933.972315550,-321.046112061,-1012.824645996,79.488052368,0.908514738,-0.417463154,0.000892159,0.018019803
1653512934.041601419,-321.046112061,-1012.824645996,79.488052368,0.908514738,-0.417463154,0.000892159,0.018019803
1653512934.105666637,-319.354583740,-1014.928222656,79.319725037,0.907903612,-0.418814570,0.003100198,0.017198185
1653512934.172793150,-319.354583740,-1014.928222656,79.319725037,0.907903612,-0.418814570,0.003100198,0.017198185
1653512934.239002228,-316.934509277,-1017.588378906,79.056221008,0.907108724,-0.420529872,0.004581230,0.016951613
1653512934.306082726,-316.934509277,-1017.588378906,79.056221008,0.907108724,-0.420529872,0.004581230,0.016951613
1653512934.372776747,-313.899566650,-1020.697631836,78.722373962,0.906299472,-0.422274947,0.005106837,0.016703712
1653512934.439256430,-313.899566650,-1020.697631836,78.722373962,0.906299472,-0.422274947,0.005106837,0.016703712
1653512934.506122351,-312.302978516,-1022.742431641,78.551780701,0.905188859,-0.424688697,0.006599364,0.015136609
1653512934.572541475,-312.302978516,-1022.742431641,78.551780701,0.905188859,-0.424688697,0.006599364,0.015136609
1653512934.639714718,-310.012451172,-1025.268798828,78.294281006,0.904023051,-0.427231967,0.006905158,0.012940473
1653512934.705626249,-310.012451172,-1025.268798828,78.294281006,0.904023051,-0.427231967,0.006905158,0.012940473
1653512934.772669554,-307.800506592,-1027.714721680,78.063140869,0.903326869,-0.428763002,0.008009837,0.009932994
1653512934.839069366,-307.800506592,-1027.714721680,78.063140869,0.903326869,-0.428763002,0.008009837,0.009932994
1653512934.906248331,-305.564575195,-1030.175537109,77.831733704,0.902858496,-0.429790974,0.009685271,0.005693454
1653512934.972480774,-305.564575195,-1030.175537109,77.831733704,0.902858496,-0.429790974,0.009685271,0.005693454
1653512935.040945292,-302.944519043,-1032.910766602,77.579742432,0.902390718,-0.430803776,0.009930365,0.000736865
1653512935.105808020,-302.944519043,-1032.910766602,77.579742432,0.902390718,-0.430803776,0.009930365,0.000736865
1653512935.172356606,-301.255340576,-1034.973144531,77.454849243,0.902665675,-0.430214226,0.009850982,-0.003651914
1653512935.239166021,-301.255340576,-1034.973144531,77.454849243,0.902665675,-0.430214226,0.009850982,-0.003651914
1653512935.305889130,-298.647827148,-1037.696777344,77.218254089,0.903184712,-0.429117680,0.008244799,-0.006886323
1653512935.372561932,-298.647827148,-1037.696777344,77.218254089,0.903184712,-0.429117680,0.008244799,-0.006886323
1653512935.440461636,-296.196289062,-1040.340332031,77.004844666,0.903976440,-0.427451760,0.006181491,-0.008563412
1653512935.505866051,-296.196289062,-1040.340332031,77.004844666,0.903976440,-0.427451760,0.006181491,-0.008563412
1653512935.572466135,-293.956298828,-1042.841308594,76.830650330,0.904980958,-0.425353050,0.003501569,-0.008486652
1653512935.639048815,-293.956298828,-1042.841308594,76.830650330,0.904980958,-0.425353050,0.003501569,-0.008486652
1653512935.706188202,-291.672637939,-1045.335937500,76.655090332,0.905908823,-0.423414409,0.001048462,-0.006955375
1653512935.772179127,-291.672637939,-1045.335937500,76.655090332,0.905908823,-0.423414409,0.001048462,-0.006955375
1653512935.838921547,-289.438079834,-1047.838256836,76.502761841,0.906852782,-0.421424687,-0.000690958,-0.004338685
1653512935.905562401,-289.438079834,-1047.838256836,76.502761841,0.906852782,-0.421424687,-0.000690958,-0.004338685
1653512935.972590685,-286.973846436,-1050.511840820,76.329856873,0.907674253,-0.419670284,-0.002081508,-0.000111892
1653512936.039142370,-286.973846436,-1050.511840820,76.329856873,0.907674253,-0.419670284,-0.002081508,-0.000111892
1653512936.105679750,-284.965240479,-1052.870727539,76.225563049,0.908093393,-0.418730766,-0.002189697,0.005116550
1653512936.172418833,-284.965240479,-1052.870727539,76.225563049,0.908093393,-0.418730766,-0.002189697,0.005116550
1653512936.239297152,-282.681274414,-1055.429321289,76.094314575,0.907848299,-0.419192970,-0.000831431,0.009379945
1653512936.305535555,-282.681274414,-1055.429321289,76.094314575,0.907848299,-0.419192970,-0.000831431,0.009379945
1653512936.372306108,-280.174346924,-1058.142333984,75.947158813,0.907086015,-0.420758665,0.000619134,0.012519224
1653512936.439627647,-280.174346924,-1058.142333984,75.947158813,0.907086015,-0.420758665,0.000619134,0.012519224
1653512936.505566359,-278.109771729,-1060.542724609,75.859291077,0.905971110,-0.423104495,0.002300119,0.013914504
1653512936.572577715,-278.109771729,-1060.542724609,75.859291077,0.905971110,-0.423104495,0.002300119,0.013914504
1653512936.640460730,-275.878021240,-1063.055664062,75.744483948,0.904332936,-0.426545292,0.003135385,0.015205222
1653512936.705783129,-275.878021240,-1063.055664062,75.744483948,0.904332936,-0.426545292,0.003135385,0.015205222
1653512936.772526979,-273.252319336,-1065.864501953,75.577819824,0.903103054,-0.429079294,0.003770847,0.016781695
1653512936.839615583,-273.252319336,-1065.864501953,75.577819824,0.903103054,-0.429079294,0.003770847,0.016781695
1653512936.906434059,-270.878631592,-1068.457153320,75.438545227,0.902233720,-0.430833071,0.004021754,0.018467017
1653512936.972921133,-270.878631592,-1068.457153320,75.438545227,0.902233720,-0.430833071,0.004021754,0.018467017
1653512937.038964987,-268.823120117,-1070.832031250,75.341629028,0.901685596,-0.431931108,0.005121751,0.019295745
1653512937.106098175,-268.823120117,-1070.832031250,75.341629028,0.901685596,-0.431931108,0.005121751,0.019295745
1653512937.172260523,-266.435516357,-1073.427734375,75.203056335,0.901677310,-0.431964606,0.005889565,0.018705232
1653512937.239146471,-266.435516357,-1073.427734375,75.203056335,0.901677310,-0.431964606,0.005889565,0.018705232
1653512937.306322098,-264.055480957,-1076.015014648,75.072067261,0.901908159,-0.431534588,0.007026236,0.017035777
1653512937.372202873,-264.055480957,-1076.015014648,75.072067261,0.901908159,-0.431534588,0.007026236,0.017035777
1653512937.439831257,-261.922119141,-1078.425170898,74.982475281,0.902388573,-0.430593759,0.008761375,0.014391352
1653512937.507078171,-261.922119141,-1078.425170898,74.982475281,0.902388573,-0.430593759,0.008761375,0.014391352
1653512937.573050499,-259.369506836,-1081.118286133,74.851287842,0.903216779,-0.428927183,0.009629029,0.011323325
1653512937.642552376,-259.369506836,-1081.118286133,74.851287842,0.903216779,-0.428927183,0.009629029,0.011323325
1653512937.705846310,-257.399871826,-1083.384277344,74.798225403,0.904068053,-0.427170217,0.010234115,0.009048748
1653512937.772341013,-257.399871826,-1083.384277344,74.798225403,0.904068053,-0.427170217,0.010234115,0.009048748
1653512937.839201689,-254.883895874,-1086.031616211,74.674385071,0.904752493,-0.425764740,0.010428822,0.006210846
1653512937.906503916,-254.883895874,-1086.031616211,74.674385071,0.904752493,-0.425764740,0.010428822,0.006210846
1653512937.972159624,-252.696487427,-1088.442016602,74.592712402,0.905938625,-0.423264056,0.010211242,0.004294093
1653512938.039915800,-252.696487427,-1088.442016602,74.592712402,0.905938625,-0.423264056,0.010211242,0.004294093
1653512938.108172178,-250.207168579,-1091.065429688,74.477134705,0.906849086,-0.421336144,0.009496934,0.003226256
1653512938.172341347,-250.207168579,-1091.065429688,74.477134705,0.906849086,-0.421336144,0.009496934,0.003226256
1653512938.239795446,-248.245681763,-1093.339477539,74.427619934,0.907622516,-0.419692487,0.008302557,0.003262312
1653512938.305807114,-248.245681763,-1093.339477539,74.427619934,0.907622516,-0.419692487,0.008302557,0.003262312
1653512938.372114897,-245.764495850,-1095.945800781,74.309150696,0.908616900,-0.417564213,0.006415763,0.003786381
1653512938.439017296,-245.764495850,-1095.945800781,74.309150696,0.908616900,-0.417564213,0.006415763,0.003786381
1653512938.505662203,-243.324493408,-1098.531860352,74.196296692,0.909298360,-0.416080117,0.004744091,0.005601280
1653512938.573637247,-243.324493408,-1098.531860352,74.196296692,0.909298360,-0.416080117,0.004744091,0.005601280
1653512938.638949633,-241.032409668,-1101.027343750,74.107910156,0.909793019,-0.414971769,0.003710529,0.007828465
1653512938.706473589,-241.032409668,-1101.027343750,74.107910156,0.909793019,-0.414971769,0.003710529,0.007828465
1653512938.772507668,-238.849334717,-1103.463134766,74.033363342,0.910372496,-0.413635045,0.003234313,0.010838615
1653512938.838877439,-238.849334717,-1103.463134766,74.033363342,0.910372496,-0.413635045,0.003234313,0.010838615
1653512938.906012774,-236.560668945,-1105.973388672,73.942207336,0.910643399,-0.412940651,0.002883804,0.014153568
1653512938.972275019,-236.560668945,-1105.973388672,73.942207336,0.910643399,-0.412940651,0.002883804,0.014153568
1653512939.040955067,-234.460800171,-1108.334838867,73.864311218,0.910753727,-0.412590146,0.003078094,0.016956281
1653512939.107268810,-234.460800171,-1108.334838867,73.864311218,0.910753727,-0.412590146,0.003078094,0.016956281
1653512939.172276258,-231.688461304,-1111.158569336,73.706398010,0.910743177,-0.412456572,0.003884132,0.020282932
1653512939.239827156,-231.688461304,-1111.158569336,73.706398010,0.910743177,-0.412456572,0.003884132,0.020282932
1653512939.306775808,-229.560958862,-1113.498291016,73.614837646,0.910301387,-0.413222045,0.005338068,0.023882506
1653512939.372159719,-229.560958862,-1113.498291016,73.614837646,0.910301387,-0.413222045,0.005338068,0.023882506
1653512939.440534353,-227.163681030,-1116.065185547,73.489448547,0.909643412,-0.414441854,0.007184824,0.027113879
1653512939.506469727,-227.163681030,-1116.065185547,73.489448547,0.909643412,-0.414441854,0.007184824,0.027113879
1653512939.573281050,-224.823455811,-1118.581787109,73.358261108,0.908790231,-0.416093916,0.008062931,0.030018840
1653512939.641962767,-224.823455811,-1118.581787109,73.358261108,0.908790231,-0.416093916,0.008062931,0.030018840
1653512939.708607912,-222.609298706,-1120.996826172,73.228813171,0.907808363,-0.418051660,0.008743230,0.032254905
1653512939.772164822,-222.609298706,-1120.996826172,73.228813171,0.907808363,-0.418051660,0.008743230,0.032254905
1653512939.839864016,-220.382858276,-1123.416137695,73.096183777,0.906664491,-0.420401692,0.008833914,0.033820778
1653512939.905759573,-220.382858276,-1123.416137695,73.096183777,0.906664491,-0.420401692,0.008833914,0.033820778
1653512939.972521305,-217.931976318,-1125.934326172,72.921745300,0.906129658,-0.421510518,0.008668441,0.034391735
1653512940.039271355,-217.931976318,-1125.934326172,72.921745300,0.906129658,-0.421510518,0.008668441,0.034391735
1653512940.105779886,-215.136322021,-1128.679443359,72.700660706,0.905868828,-0.422148883,0.007974724,0.033592217
1653512940.172433615,-215.136322021,-1128.679443359,72.700660706,0.905868828,-0.422148883,0.007974724,0.033592217
1653512940.241317034,-212.761444092,-1131.118896484,72.528572083,0.905908406,-0.422190428,0.008092578,0.031933729
1653512940.307395220,-212.761444092,-1131.118896484,72.528572083,0.905908406,-0.422190428,0.008092578,0.031933729
1653512940.372834921,-210.520751953,-1133.469360352,72.378288269,0.906467140,-0.421181917,0.010072601,0.028663857
1653512940.440925121,-210.520751953,-1133.469360352,72.378288269,0.906467140,-0.421181917,0.010072601,0.028663857
1653512940.505516529,-208.579650879,-1135.581665039,72.266921997,0.907517433,-0.419148773,0.011794281,0.024234576
1653512940.572339058,-208.579650879,-1135.581665039,72.266921997,0.907517433,-0.419148773,0.011794281,0.024234576
1653512940.638778925,-206.462051392,-1137.800415039,72.133544922,0.908746183,-0.416637957,0.013313851,0.020393603
1653512940.706552744,-206.462051392,-1137.800415039,72.133544922,0.908746183,-0.416637957,0.013313851,0.020393603
1653512940.772696733,-203.203079224,-1140.786743164,71.875656128,0.910448790,-0.413053751,0.012748289,0.017522352
1653512940.839621782,-203.203079224,-1140.786743164,71.875656128,0.910448790,-0.413053751,0.012748289,0.017522352
1653512940.905500889,-201.147033691,-1142.954833984,71.757400513,0.912249207,-0.409050822,0.012975657,0.017619092
1653512940.972679615,-201.147033691,-1142.954833984,71.757400513,0.912249207,-0.409050822,0.012975657,0.017619092
1653512941.040346146,-198.630157471,-1145.412719727,71.588424683,0.913830698,-0.405469120,0.012513973,0.018753663
1653512941.105923414,-198.630157471,-1145.412719727,71.588424683,0.913830698,-0.405469120,0.012513973,0.018753663
1653512941.172254801,-196.100509644,-1147.879638672,71.423583984,0.915273905,-0.402173430,0.011590989,0.019895921
1653512941.239115238,-196.100509644,-1147.879638672,71.423583984,0.915273905,-0.402173430,0.011590989,0.019895921
1653512941.305517197,-193.909896851,-1150.096069336,71.295112610,0.916373730,-0.399627447,0.011318382,0.020711776
1653512941.373679876,-193.909896851,-1150.096069336,71.295112610,0.916373730,-0.399627447,0.011318382,0.020711776
1653512941.439087152,-191.304306030,-1152.587280273,71.115524292,0.917174876,-0.397796661,0.010455270,0.020946914
1653512941.505604029,-191.304306030,-1152.587280273,71.115524292,0.917174876,-0.397796661,0.010455270,0.020946914
1653512941.572142124,-189.299407959,-1154.697753906,71.000076294,0.918063104,-0.395729840,0.011019442,0.020894723
1653512941.638990164,-189.299407959,-1154.697753906,71.000076294,0.918063104,-0.395729840,0.011019442,0.020894723
1653512941.710382938,-186.717697144,-1157.186889648,70.816917419,0.918747962,-0.394155830,0.009908876,0.021098973
1653512941.772772551,-186.717697144,-1157.186889648,70.816917419,0.918747962,-0.394155830,0.009908876,0.021098973
1653512941.839200497,-183.742919922,-1159.944091797,70.591796875,0.919189095,-0.393110096,0.008095433,0.022142896
1653512941.906411886,-183.742919922,-1159.944091797,70.591796875,0.919189095,-0.393110096,0.008095433,0.022142896
1653512941.973418236,-181.609497070,-1162.090087891,70.449882507,0.919631720,-0.392067820,0.007827045,0.022340162
1653512942.038770914,-181.609497070,-1162.090087891,70.449882507,0.919631720,-0.392067820,0.007827045,0.022340162
1653512942.106172800,-179.059783936,-1164.536987305,70.255371094,0.919976413,-0.391284525,0.006671491,0.022256389
1653512942.174011469,-179.059783936,-1164.536987305,70.255371094,0.919976413,-0.391284525,0.006671491,0.022256389
1653512942.239271402,-176.625198364,-1166.886474609,70.069923401,0.919920623,-0.391433805,0.005273921,0.022311732
1653512942.306101322,-176.625198364,-1166.886474609,70.069923401,0.919920623,-0.391433805,0.005273921,0.022311732
1653512942.373180151,-174.128036499,-1169.272827148,69.876022339,0.920223117,-0.390725315,0.004862342,0.022348935
1653512942.438869238,-174.128036499,-1169.272827148,69.876022339,0.920223117,-0.390725315,0.004862342,0.022348935
1653512942.506347418,-171.711257935,-1171.594238281,69.690254211,0.920666933,-0.389708966,0.003807598,0.022019178
1653512942.576726913,-171.711257935,-1171.594238281,69.690254211,0.920666933,-0.389708966,0.003807598,0.022019178
1653512942.639224529,-169.315353394,-1173.903564453,69.504096985,0.920899272,-0.389179498,0.003428791,0.021726463
1653512942.707224131,-169.315353394,-1173.903564453,69.504096985,0.920899272,-0.389179498,0.003428791,0.021726463
1653512942.772523642,-167.240966797,-1176.000610352,69.353988647,0.921453297,-0.387862593,0.003575057,0.021763284
1653512942.839087486,-167.240966797,-1176.000610352,69.353988647,0.921453297,-0.387862593,0.003575057,0.021763284
1653512942.905658484,-164.199371338,-1178.707153320,69.095436096,0.922106624,-0.386341721,0.002842051,0.021245344
1653512942.975009918,-164.199371338,-1178.707153320,69.095436096,0.922106624,-0.386341721,0.002842051,0.021245344
1653512943.039239168,-161.870941162,-1180.968627930,68.915054321,0.922550440,-0.385321051,0.002907384,0.020491706
1653512943.105740786,-161.870941162,-1180.968627930,68.915054321,0.922550440,-0.385321051,0.002907384,0.020491706
1653512943.172180891,-160.142898560,-1182.838500977,68.799667358,0.923200727,-0.383802354,0.002918205,0.019688537
1653512943.238902330,-160.142898560,-1182.838500977,68.799667358,0.923200727,-0.383802354,0.002918205,0.019688537
1653512943.305926085,-157.399932861,-1185.324707031,68.564186096,0.923923433,-0.382095367,0.002210944,0.019071613
1653512943.373713970,-157.399932861,-1185.324707031,68.564186096,0.923923433,-0.382095367,0.002210944,0.019071613
1653512943.439956665,-154.928649902,-1187.646240234,68.362319946,0.924534202,-0.380647182,0.002439981,0.018393163
1653512943.506055117,-154.928649902,-1187.646240234,68.362319946,0.924534202,-0.380647182,0.002439981,0.018393163
1653512943.572995186,-152.696746826,-1189.798706055,68.185646057,0.925229132,-0.378962457,0.002537452,0.018223694
1653512943.639068127,-152.696746826,-1189.798706055,68.185646057,0.925229132,-0.378962457,0.002537452,0.018223694
1653512943.705833673,-150.236358643,-1192.088134766,67.988555908,0.925807178,-0.377556711,0.003113211,0.017953102
1653512943.772137642,-150.236358643,-1192.088134766,67.988555908,0.925807178,-0.377556711,0.003113211,0.017953102
1653512943.839257002,-148.282989502,-1194.056518555,67.845359802,0.926264942,-0.376423270,0.004301468,0.017897984
1653512943.906232119,-148.282989502,-1194.056518555,67.845359802,0.926264942,-0.376423270,0.004301468,0.017897984
1653512943.973878860,-145.568801880,-1196.495727539,67.622550964,0.926880956,-0.374926060,0.004637448,0.017339285
1653512944.039274454,-145.568801880,-1196.495727539,67.622550964,0.926880956,-0.374926060,0.004637448,0.017339285
1653512944.106670618,-143.235855103,-1198.695312500,67.449089050,0.927444160,-0.373546660,0.005405615,0.016763816
1653512944.172158718,-143.235855103,-1198.695312500,67.449089050,0.927444160,-0.373546660,0.005405615,0.016763816
1653512944.239894152,-141.066665649,-1200.771728516,67.286750793,0.927893460,-0.372422099,0.005836081,0.016776597
1653512944.305751085,-141.066665649,-1200.771728516,67.286750793,0.927893460,-0.372422099,0.005836081,0.016776597
1653512944.372131348,-138.354522705,-1203.176757812,67.060829163,0.928510666,-0.370890141,0.005766730,0.016589794
1653512944.438749552,-138.354522705,-1203.176757812,67.060829163,0.928510666,-0.370890141,0.005766730,0.016589794
1653512944.508995056,-135.914062500,-1205.400024414,66.864044189,0.929215908,-0.369088531,0.006010997,0.017183501
1653512944.576169014,-135.914062500,-1205.400024414,66.864044189,0.929215908,-0.369088531,0.006010997,0.017183501
1653512944.639642239,-133.879608154,-1207.404174805,66.717247009,0.929802895,-0.367608637,0.006674011,0.016909176
1653512944.705826283,-133.879608154,-1207.404174805,66.717247009,0.929802895,-0.367608637,0.006674011,0.016909176
1653512944.772325277,-131.029159546,-1209.868408203,66.476142883,0.930525959,-0.365751445,0.007118194,0.017222555
1653512944.838681221,-131.029159546,-1209.868408203,66.476142883,0.930525959,-0.365751445,0.007118194,0.017222555
1653512944.905601263,-129.424652100,-1211.591918945,66.381935120,0.931047082,-0.364395231,0.008195054,0.017328901
1653512944.972112894,-129.424652100,-1211.591918945,66.381935120,0.931047082,-0.364395231,0.008195054,0.017328901
1653512945.039255381,-126.700775146,-1213.982177734,66.159835815,0.931351423,-0.363604903,0.008336713,0.017506601
1653512945.108562469,-126.700775146,-1213.982177734,66.159835815,0.931351423,-0.363604903,0.008336713,0.017506601
1653512945.172346354,-124.321754456,-1216.152832031,65.978408813,0.931929767,-0.362103224,0.007950506,0.018026132
1653512945.239848375,-124.321754456,-1216.152832031,65.978408813,0.931929767,-0.362103224,0.007950506,0.018026132
1653512945.305820704,-121.775573730,-1218.409912109,65.772636414,0.932323217,-0.361070901,0.007684448,0.018498931
1653512945.372587204,-121.775573730,-1218.409912109,65.772636414,0.932323217,-0.361070901,0.007684448,0.018498931
1653512945.439058065,-119.597564697,-1220.451538086,65.605285645,0.932528138,-0.360482305,0.007632679,0.019635094
1653512945.505804062,-119.597564697,-1220.451538086,65.605285645,0.932528138,-0.360482305,0.007632679,0.019635094
1653512945.572285891,-117.338958740,-1222.535644531,65.422515869,0.932939172,-0.359375566,0.007221795,0.020533117
1653512945.638855457,-117.338958740,-1222.535644531,65.422515869,0.932939172,-0.359375566,0.007221795,0.020533117
1653512945.705799341,-114.757781982,-1224.794067383,65.198326111,0.933301926,-0.358379483,0.006042309,0.021798441
1653512945.772214890,-114.757781982,-1224.794067383,65.198326111,0.933301926,-0.358379483,0.006042309,0.021798441
1653512945.841076136,-112.807586670,-1226.685913086,65.041267395,0.933481634,-0.357874960,0.006375065,0.022291321
1653512945.905803919,-112.807586670,-1226.685913086,65.041267395,0.933481634,-0.357874960,0.006375065,0.022291321
1653512945.972134590,-110.207565308,-1228.967773438,64.803947449,0.933810949,-0.356999874,0.005656885,0.022719067
1653512946.038840771,-110.207565308,-1228.967773438,64.803947449,0.933810949,-0.356999874,0.005656885,0.022719067
1653512946.106919765,-107.961013794,-1231.022216797,64.599792480,0.934183300,-0.356010079,0.005077867,0.023078339
1653512946.174456120,-107.961013794,-1231.022216797,64.599792480,0.934183300,-0.356010079,0.005077867,0.023078339
1653512946.238749504,-105.517677307,-1233.192626953,64.370758057,0.934316456,-0.355616659,0.004494780,0.023861229
1653512946.308119297,-105.517677307,-1233.192626953,64.370758057,0.934316456,-0.355616659,0.004494780,0.023861229
1653512946.372978687,-103.306297302,-1235.207763672,64.163825989,0.934659481,-0.354716182,0.004238193,0.023876892
1653512946.438907862,-103.306297302,-1235.207763672,64.163825989,0.934659481,-0.354716182,0.004238193,0.023876892
1653512946.505423546,-101.097389221,-1237.216918945,63.954738617,0.935064435,-0.353681862,0.003311565,0.023510024
1653512946.572332859,-101.097389221,-1237.216918945,63.954738617,0.935064435,-0.353681862,0.003311565,0.023510024
1653512946.639314890,-98.797698975,-1239.241455078,63.731002808,0.935218990,-0.353288114,0.002006070,0.023428120
1653512946.710056305,-98.797698975,-1239.241455078,63.731002808,0.935218990,-0.353288114,0.002006070,0.023428120
1653512946.772004843,-96.056098938,-1241.516235352,63.459030151,0.935488284,-0.352581888,0.001220857,0.023370074
1653512946.842635870,-96.056098938,-1241.516235352,63.459030151,0.935488284,-0.352581888,0.001220857,0.023370074
1653512946.907450199,-93.617759705,-1243.605712891,63.224308014,0.935940802,-0.351406038,0.000786093,0.022978788
1653512946.972641706,-93.617759705,-1243.605712891,63.224308014,0.935940802,-0.351406038,0.000786093,0.022978788
1653512947.039281845,-91.772232056,-1245.372436523,63.058830261,0.936129212,-0.350923181,0.000485861,0.022689329
1653512947.106762171,-91.772232056,-1245.372436523,63.058830261,0.936129212,-0.350923181,0.000485861,0.022689329
1653512947.172504902,-88.966606140,-1247.667114258,62.776317596,0.936495602,-0.349960655,-0.000211144,0.022438273
1653512947.238898754,-88.966606140,-1247.667114258,62.776317596,0.936495602,-0.349960655,-0.000211144,0.022438273
1653512947.306369066,-86.604812622,-1249.703369141,62.543579102,0.936802328,-0.349119097,-0.001131209,0.022714155
1653512947.372112513,-86.604812622,-1249.703369141,62.543579102,0.936802328,-0.349119097,-0.001131209,0.022714155
1653512947.441575289,-83.895599365,-1251.928344727,62.265693665,0.937012613,-0.348529488,-0.002640354,0.022969920
1653512947.505305290,-83.895599365,-1251.928344727,62.265693665,0.937012613,-0.348529488,-0.002640354,0.022969920
1653512947.572127581,-81.848770142,-1253.775634766,62.072795868,0.937484145,-0.347215682,-0.003331898,0.023530295
1653512947.639849663,-81.848770142,-1253.775634766,62.072795868,0.937484145,-0.347215682,-0.003331898,0.023530295
1653512947.706120729,-78.877769470,-1256.097778320,61.774700165,0.937766254,-0.346390545,-0.005118801,0.024121257
1653512947.772338867,-78.877769470,-1256.097778320,61.774700165,0.937766254,-0.346390545,-0.005118801,0.024121257
1653512947.840967894,-76.302856445,-1258.194580078,61.534217834,0.937858760,-0.346108884,-0.006268172,0.024295356
1653512947.905771971,-76.302856445,-1258.194580078,61.534217834,0.937858760,-0.346108884,-0.006268172,0.024295356
1653512947.971958160,-74.206954956,-1260.034912109,61.355133057,0.938014448,-0.345764041,-0.005843029,0.023280112
1653512948.041350603,-74.206954956,-1260.034912109,61.355133057,0.938014448,-0.345764041,-0.005843029,0.023280112
1653512948.108435154,-71.909828186,-1261.971435547,61.165256500,0.938078821,-0.345637262,-0.005326081,0.022685340
1653512948.172233105,-71.909828186,-1261.971435547,61.165256500,0.938078821,-0.345637262,-0.005326081,0.022685340
1653512948.238740921,-69.336936951,-1264.081665039,60.954807281,0.937972009,-0.345924914,-0.005270197,0.022731055
1653512948.305250168,-69.336936951,-1264.081665039,60.954807281,0.937972009,-0.345924914,-0.005270197,0.022731055
1653512948.372152805,-66.614753723,-1266.228027344,60.724586487,0.938070059,-0.345606536,-0.005896270,0.023365078
1653512948.439276695,-66.614753723,-1266.228027344,60.724586487,0.938070059,-0.345606536,-0.005896270,0.023365078
1653512948.505378723,-64.040260315,-1268.296142578,60.523235321,0.938336015,-0.344781190,-0.006322215,0.024728939
1653512948.572111368,-64.040260315,-1268.296142578,60.523235321,0.938336015,-0.344781190,-0.006322215,0.024728939
1653512948.641099691,-61.777374268,-1270.186767578,60.360614777,0.938539684,-0.344049066,-0.007185738,0.026866931
1653512948.706501484,-61.777374268,-1270.186767578,60.360614777,0.938539684,-0.344049066,-0.007185738,0.026866931
1653512948.772305012,-59.238086700,-1272.227416992,60.170143127,0.938866377,-0.342879474,-0.008970799,0.029717069
1653512948.839702129,-59.238086700,-1272.227416992,60.170143127,0.938866377,-0.342879474,-0.008970799,0.029717069
1653512948.905394077,-56.501747131,-1274.337890625,59.957077026,0.939355433,-0.341238916,-0.010688004,0.032452740
1653512948.972111702,-56.501747131,-1274.337890625,59.957077026,0.939355433,-0.341238916,-0.010688004,0.032452740
1653512949.039857388,-54.471637726,-1276.073486328,59.826210022,0.939842463,-0.339538425,-0.011897685,0.035612483
1653512949.105808258,-54.471637726,-1276.073486328,59.826210022,0.939842463,-0.339538425,-0.011897685,0.035612483
1653512949.172181129,-52.176052094,-1277.938842773,59.664916992,0.940577269,-0.337188154,-0.012144786,0.038353983
1653512949.238659620,-52.176052094,-1277.938842773,59.664916992,0.940577269,-0.337188154,-0.012144786,0.038353983
1653512949.306149006,-49.453197479,-1280.015747070,59.450332642,0.941363990,-0.334698588,-0.013821758,0.040244386
1653512949.372203827,-49.453197479,-1280.015747070,59.450332642,0.941363990,-0.334698588,-0.013821758,0.040244386
1653512949.438696146,-46.733879089,-1282.088500977,59.240097046,0.942105889,-0.332340419,-0.014505336,0.042142127
1653512949.505748272,-46.733879089,-1282.088500977,59.240097046,0.942105889,-0.332340419,-0.014505336,0.042142127
1653512949.573240757,-44.326244354,-1283.958129883,59.061122894,0.942814231,-0.330115199,-0.015360379,0.043466277
1653512949.639579296,-44.326244354,-1283.958129883,59.061122894,0.942814231,-0.330115199,-0.015360379,0.043466277
1653512949.705716133,-41.902847290,-1285.831909180,58.876331329,0.943827569,-0.327169329,-0.015665276,0.043638702
1653512949.772083998,-41.902847290,-1285.831909180,58.876331329,0.943827569,-0.327169329,-0.015665276,0.043638702
1653512949.839516163,-39.356651306,-1287.728515625,58.673820496,0.944639325,-0.324783951,-0.016010992,0.043767434
1653512949.905570030,-39.356651306,-1287.728515625,58.673820496,0.944639325,-0.324783951,-0.016010992,0.043767434
1653512949.971997261,-36.581924438,-1289.727172852,58.447139740,0.945600629,-0.322032630,-0.015983619,0.043347307
1653512950.038649321,-36.581924438,-1289.727172852,58.447139740,0.945600629,-0.322032630,-0.015983619,0.043347307
1653512950.106895447,-33.913326263,-1291.635009766,58.232784271,0.946610034,-0.319151849,-0.015208991,0.042897321
1653512950.172301054,-33.913326263,-1291.635009766,58.232784271,0.946610034,-0.319151849,-0.015208991,0.042897321
1653512950.238733053,-31.413663864,-1293.474365234,58.046649933,0.947562814,-0.316581041,-0.013405284,0.041489873
1653512950.305701256,-31.413663864,-1293.474365234,58.046649933,0.947562814,-0.316581041,-0.013405284,0.041489873
1653512950.372252464,-28.953378677,-1295.283569336,57.863460541,0.948654056,-0.313429713,-0.012291662,0.040819723
1653512950.439545155,-28.953378677,-1295.283569336,57.863460541,0.948654056,-0.313429713,-0.012291662,0.040819723
1653512950.505589485,-26.478404999,-1297.081054688,57.694065094,0.949852467,-0.309839725,-0.010501037,0.040858194
1653512950.572116137,-26.478404999,-1297.081054688,57.694065094,0.949852467,-0.309839725,-0.010501037,0.040858194
1653512950.641334057,-23.477722168,-1299.119873047,57.464656830,0.950751901,-0.307109803,-0.009470606,0.040800784
1653512950.707270145,-23.477722168,-1299.119873047,57.464656830,0.950751901,-0.307109803,-0.009470606,0.040800784
1653512950.772381306,-20.699707031,-1301.029052734,57.272247314,0.951795340,-0.303870171,-0.009684148,0.040679112
1653512950.841667414,-20.699707031,-1301.029052734,57.272247314,0.951795340,-0.303870171,-0.009684148,0.040679112
1653512950.906358480,-18.735412598,-1302.522949219,57.167388916,0.953049123,-0.300012827,-0.009688704,0.039948139
1653512950.973188400,-18.735412598,-1302.522949219,57.167388916,0.953049123,-0.300012827,-0.009688704,0.039948139
1653512951.039374352,-15.447119713,-1304.626220703,56.918106079,0.954020560,-0.296855509,-0.010341617,0.040182117
1653512951.106009722,-15.447119713,-1304.626220703,56.918106079,0.954020560,-0.296855509,-0.010341617,0.040182117
1653512951.172183752,-12.999720573,-1306.311401367,56.768020630,0.955218673,-0.292927504,-0.011077332,0.040349428
1653512951.239702463,-12.999720573,-1306.311401367,56.768020630,0.955218673,-0.292927504,-0.011077332,0.040349428
1653512951.305901289,-10.270285606,-1308.112548828,56.594181061,0.956585228,-0.288400829,-0.011425235,0.040485829
1653512951.373790979,-10.270285606,-1308.112548828,56.594181061,0.956585228,-0.288400829,-0.011425235,0.040485829
1653512951.438868999,-8.118925095,-1309.646606445,56.495548248,0.957798839,-0.284318030,-0.011879759,0.040539876
1653512951.506714582,-8.118925095,-1309.646606445,56.495548248,0.957798839,-0.284318030,-0.011879759,0.040539876
1653512951.573206663,-4.860382080,-1311.659667969,56.274879456,0.958950639,-0.280190378,-0.013785549,0.041437134
1653512951.639303207,-4.860382080,-1311.659667969,56.274879456,0.958950639,-0.280190378,-0.013785549,0.041437134
1653512951.705791712,-1.733669043,-1313.602783203,56.077499390,0.960078657,-0.276041955,-0.015916800,0.042384535
1653512951.772519350,-1.733669043,-1313.602783203,56.077499390,0.960078657,-0.276041955,-0.015916800,0.042384535
1653512951.838784933,0.543651700,-1315.156616211,55.990314484,0.961076021,-0.272352040,-0.016675856,0.043348819
1653512951.905629158,0.543651700,-1315.156616211,55.990314484,0.961076021,-0.272352040,-0.016675856,0.043348819
1653512951.972113848,3.471506596,-1316.962158203,55.838977814,0.961934745,-0.268822879,-0.017677560,0.045862388
1653512952.038999796,3.471506596,-1316.962158203,55.838977814,0.961934745,-0.268822879,-0.017677560,0.045862388
1653512952.106034279,6.066769600,-1318.601928711,55.741798401,0.962737083,-0.265383244,-0.018111465,0.048795726
1653512952.174278259,6.066769600,-1318.601928711,55.741798401,0.962737083,-0.265383244,-0.018111465,0.048795726
1653512952.239121437,9.452288628,-1320.554809570,55.560451508,0.963262975,-0.262827814,-0.018124400,0.052129455
1653512952.306555986,9.452288628,-1320.554809570,55.560451508,0.963262975,-0.262827814,-0.018124400,0.052129455
1653512952.372044563,12.079629898,-1322.176025391,55.476070404,0.963906467,-0.259895146,-0.017069446,0.055203840
1653512952.439828634,12.079629898,-1322.176025391,55.476070404,0.963906467,-0.259895146,-0.017069446,0.055203840
1653512952.505728960,14.629246712,-1323.749511719,55.404140472,0.964542329,-0.256982356,-0.015655657,0.058078434
1653512952.572412014,14.629246712,-1323.749511719,55.404140472,0.964542329,-0.256982356,-0.015655657,0.058078434
1653512952.638752699,17.728715897,-1325.525024414,55.274097443,0.964848042,-0.255109996,-0.014762470,0.061394352
1653512952.706718683,17.728715897,-1325.525024414,55.274097443,0.964848042,-0.255109996,-0.014762470,0.061394352
1653512952.772372961,20.710205078,-1327.234252930,55.150325775,0.965366840,-0.252328306,-0.014074266,0.064800829
1653512952.838895321,20.710205078,-1327.234252930,55.150325775,0.965366840,-0.252328306,-0.014074266,0.064800829
1653512952.907169342,23.502693176,-1328.854125977,55.043937683,0.965820849,-0.249756381,-0.013614045,0.068018235
1653512952.972512245,23.502693176,-1328.854125977,55.043937683,0.965820849,-0.249756381,-0.013614045,0.068018235
1653512953.038920164,26.269395828,-1330.437866211,54.941368103,0.966230750,-0.247477815,-0.013148117,0.070569083
1653512953.105389833,26.269395828,-1330.437866211,54.941368103,0.966230750,-0.247477815,-0.013148117,0.070569083
1653512953.172461033,29.690616608,-1332.219360352,54.764026642,0.966690063,-0.245143756,-0.014524487,0.072137892
1653512953.238539219,29.690616608,-1332.219360352,54.764026642,0.966690063,-0.245143756,-0.014524487,0.072137892
1653512953.305603981,32.278697968,-1333.664794922,54.686191559,0.967274010,-0.242956519,-0.013961703,0.071820550
1653512953.371941328,32.278697968,-1333.664794922,54.686191559,0.967274010,-0.242956519,-0.013961703,0.071820550
1653512953.438550711,35.181930542,-1335.186645508,54.577842712,0.967929840,-0.240944669,-0.013256728,0.069869258
1653512953.506660938,35.181930542,-1335.186645508,54.577842712,0.967929840,-0.240944669,-0.013256728,0.069869258
1653512953.572003126,38.077041626,-1336.690185547,54.472610474,0.968764007,-0.238629192,-0.012929956,0.066220954
1653512953.639987230,38.077041626,-1336.690185547,54.472610474,0.968764007,-0.238629192,-0.012929956,0.066220954
1653512953.705469608,40.994544983,-1338.183837891,54.365043640,0.969624996,-0.236162663,-0.013113115,0.062310494
1653512953.772404909,40.994544983,-1338.183837891,54.365043640,0.969624996,-0.236162663,-0.013113115,0.062310494
1653512953.839502573,43.885414124,-1339.651489258,54.265029907,0.970519900,-0.233668000,-0.012823770,0.057670817
1653512953.905591965,43.885414124,-1339.651489258,54.265029907,0.970519900,-0.233668000,-0.012823770,0.057670817
1653512953.972594500,46.705558777,-1341.081298828,54.173957825,0.971623063,-0.229670167,-0.013346919,0.054973327
1653512954.038667917,46.705558777,-1341.081298828,54.173957825,0.971623063,-0.229670167,-0.013346919,0.054973327
1653512954.106036186,49.822635651,-1342.566040039,54.046558380,0.972765803,-0.224463150,-0.015086082,0.055815790
1653512954.172235489,49.822635651,-1342.566040039,54.046558380,0.972765803,-0.224463150,-0.015086082,0.055815790
1653512954.238680840,53.059844971,-1344.055786133,53.903926849,0.973888993,-0.219122753,-0.016431220,0.057056818
1653512954.305398941,53.059844971,-1344.055786133,53.903926849,0.973888993,-0.219122753,-0.016431220,0.057056818
1653512954.372252226,55.963172913,-1345.411499023,53.801879883,0.975228906,-0.212926894,-0.016130468,0.057710975
1653512954.438990593,55.963172913,-1345.411499023,53.801879883,0.975228906,-0.212926894,-0.016130468,0.057710975
1653512954.505403519,59.158061981,-1346.832763672,53.673656464,0.976506114,-0.206779227,-0.016245181,0.058431767
1653512954.571968794,59.158061981,-1346.832763672,53.673656464,0.976506114,-0.206779227,-0.016245181,0.058431767
1653512954.639720917,62.092571259,-1348.165405273,53.577545166,0.977625191,-0.201616555,-0.015130435,0.058058448
1653512954.706075907,62.092571259,-1348.165405273,53.577545166,0.977625191,-0.201616555,-0.015130435,0.058058448
1653512954.772414446,64.935913086,-1349.465942383,53.495800018,0.978728414,-0.196354344,-0.013564405,0.057893399
1653512954.842853546,64.935913086,-1349.465942383,53.495800018,0.978728414,-0.196354344,-0.013564405,0.057893399
1653512954.907303333,68.456192017,-1350.928710938,53.336498260,0.979542196,-0.192109495,-0.013679398,0.058343261
1653512954.976553679,68.456192017,-1350.928710938,53.336498260,0.979542196,-0.192109495,-0.013679398,0.058343261
1653512955.048486233,71.445510864,-1352.244750977,53.243148804,0.980210245,-0.188658684,-0.011484672,0.058854289
1653512955.107452631,71.445510864,-1352.244750977,53.243148804,0.980210245,-0.188658684,-0.011484672,0.058854289
1653512955.172401428,74.992622375,-1353.706176758,53.112087250,0.980815828,-0.185124263,-0.010476226,0.060162842
1653512955.238689184,74.992622375,-1353.706176758,53.112087250,0.980815828,-0.185124263,-0.010476226,0.060162842
1653512955.306649685,78.164833069,-1354.988159180,52.988620758,0.981194377,-0.182613835,-0.009467753,0.061807178
1653512955.372012377,78.164833069,-1354.988159180,52.988620758,0.981194377,-0.182613835,-0.009467753,0.061807178
1653512955.439156055,81.037078857,-1356.207275391,52.913997650,0.981610715,-0.180077851,-0.007701539,0.062873133
1653512955.508534908,81.037078857,-1356.207275391,52.913997650,0.981610715,-0.180077851,-0.007701539,0.062873133
1653512955.572334528,84.264389038,-1357.479736328,52.800834656,0.982072353,-0.177346334,-0.006823265,0.063526109
1653512955.642072201,84.264389038,-1357.479736328,52.800834656,0.982072353,-0.177346334,-0.006823265,0.063526109
1653512955.705445290,87.815574646,-1358.776855469,52.668224335,0.982567132,-0.174178466,-0.005760405,0.064734109
1653512955.772117138,87.815574646,-1358.776855469,52.668224335,0.982567132,-0.174178466,-0.005760405,0.064734109
1653512955.838603020,90.816337585,-1359.941528320,52.606937408,0.983145058,-0.170970276,-0.004172235,0.064634092
1653512955.905221462,90.816337585,-1359.941528320,52.606937408,0.983145058,-0.170970276,-0.004172235,0.064634092
1653512955.972575426,94.278800964,-1361.192871094,52.515010834,0.983698905,-0.167739049,-0.003444921,0.064716600
1653512956.042177439,94.278800964,-1361.192871094,52.515010834,0.983698905,-0.167739049,-0.003444921,0.064716600
1653512956.105420589,97.733734131,-1362.411865234,52.438476562,0.984174728,-0.164621398,-0.003477526,0.065481700
1653512956.176570654,97.733734131,-1362.411865234,52.438476562,0.984174728,-0.164621398,-0.003477526,0.065481700
1653512956.238542318,100.788192749,-1363.529541016,52.402717590,0.984584212,-0.162159488,-0.003137933,0.065485775
1653512956.305636168,100.788192749,-1363.529541016,52.402717590,0.984584212,-0.162159488,-0.003137933,0.065485775
1653512956.372024775,104.256683350,-1364.704833984,52.330146790,0.985079288,-0.158804327,-0.003838828,0.066220790
1653512956.439631462,104.256683350,-1364.704833984,52.330146790,0.985079288,-0.158804327,-0.003838828,0.066220790
1653512956.506538391,107.378761292,-1365.786743164,52.293609619,0.985555291,-0.155294314,-0.005310772,0.067351252
1653512956.571928978,107.378761292,-1365.786743164,52.293609619,0.985555291,-0.155294314,-0.005310772,0.067351252
1653512956.639463663,110.917129517,-1366.921875000,52.208118439,0.986090362,-0.151383609,-0.007057200,0.068257049
1653512956.705377340,110.917129517,-1366.921875000,52.208118439,0.986090362,-0.151383609,-0.007057200,0.068257049
1653512956.773554325,114.027183533,-1367.945434570,52.174999237,0.986851513,-0.146427870,-0.006453938,0.068126842
1653512956.840004206,114.027183533,-1367.945434570,52.174999237,0.986851513,-0.146427870,-0.006453938,0.068126842
1653512956.911803722,117.703933716,-1369.035156250,52.103500366,0.987650037,-0.140770078,-0.006340514,0.068490759
1653512956.972113609,117.703933716,-1369.035156250,52.103500366,0.987650037,-0.140770078,-0.006340514,0.068490759
1653512957.039558887,120.127578735,-1369.927124023,52.195075989,0.988660038,-0.133968413,-0.002438947,0.067807712
1653512957.105948925,120.127578735,-1369.927124023,52.195075989,0.988660038,-0.133968413,-0.002438947,0.067807712
1653512957.172056913,123.937332153,-1370.959838867,52.126464844,0.989423215,-0.127256110,-0.000255866,0.069624484
1653512957.238553286,123.937332153,-1370.959838867,52.126464844,0.989423215,-0.127256110,-0.000255866,0.069624484
1653512957.306165457,127.463333130,-1371.945678711,52.111598969,0.990026891,-0.120839730,0.003394125,0.072339065
1653512957.373032808,127.463333130,-1371.945678711,52.111598969,0.990026891,-0.120839730,0.003394125,0.072339065
1653512957.439032555,130.191650391,-1372.807861328,52.180786133,0.990402877,-0.115541212,0.008114780,0.075409085
1653512957.505434513,130.191650391,-1372.807861328,52.180786133,0.990402877,-0.115541212,0.008114780,0.075409085
1653512957.572915792,133.907653809,-1373.757080078,52.138504028,0.990493715,-0.110753030,0.011051667,0.080832019
1653512957.638607025,133.907653809,-1373.757080078,52.138504028,0.990493715,-0.110753030,0.011051667,0.080832019
1653512957.707321405,137.373916626,-1374.656005859,52.124305725,0.990474224,-0.106770791,0.013901509,0.085834809
1653512957.772122860,137.373916626,-1374.656005859,52.124305725,0.990474224,-0.106770791,0.013901509,0.085834809
1653512957.838665009,140.606338501,-1375.488281250,52.132015228,0.990462363,-0.103898354,0.016177936,0.089037858
1653512957.906899929,140.606338501,-1375.488281250,52.132015228,0.990462363,-0.103898354,0.016177936,0.089037858
1653512957.972618580,144.014694214,-1376.293701172,52.110115051,0.990655541,-0.100860618,0.018149374,0.089996055
1653512958.038630009,144.014694214,-1376.293701172,52.110115051,0.990655541,-0.100860618,0.018149374,0.089996055
1653512958.105282545,147.487564087,-1377.082397461,52.093120575,0.990966260,-0.098095492,0.019629052,0.089318566
1653512958.172021866,147.487564087,-1377.082397461,52.093120575,0.990966260,-0.098095492,0.019629052,0.089318566
1653512958.239003181,150.813293457,-1377.821411133,52.090831757,0.991361260,-0.095444106,0.020323716,0.087636895
1653512958.305298567,150.813293457,-1377.821411133,52.090831757,0.991361260,-0.095444106,0.020323716,0.087636895
1653512958.372356415,154.614288330,-1378.569335938,52.052986145,0.991742432,-0.092149004,0.019970315,0.086929053
1653512958.438787222,154.614288330,-1378.569335938,52.052986145,0.991742432,-0.092149004,0.019970315,0.086929053
1653512958.505815506,157.822189331,-1379.239990234,52.071971893,0.992135823,-0.087853521,0.019464707,0.087002590
1653512958.571969509,157.822189331,-1379.239990234,52.071971893,0.992135823,-0.087853521,0.019464707,0.087002590
1653512958.639353037,161.364410400,-1379.908569336,52.053070068,0.992353618,-0.083513811,0.018067332,0.089069188
1653512958.705347776,161.364410400,-1379.908569336,52.053070068,0.992353618,-0.083513811,0.018067332,0.089069188
1653512958.771977663,164.805526733,-1380.526855469,52.037792206,0.992486179,-0.078392081,0.016452638,0.092494227
1653512958.838646173,164.805526733,-1380.526855469,52.037792206,0.992486179,-0.078392081,0.016452638,0.092494227
1653512958.906430721,167.897659302,-1381.091796875,52.046581268,0.992592394,-0.072547063,0.015637567,0.096191332
1653512958.972024202,167.897659302,-1381.091796875,52.046581268,0.992592394,-0.072547063,0.015637567,0.096191332
1653512959.040052176,171.675643921,-1381.649780273,51.990356445,0.992650032,-0.066853628,0.014270537,0.099863991
1653512959.105923176,171.675643921,-1381.649780273,51.990356445,0.992650032,-0.066853628,0.014270537,0.099863991
1653512959.172644377,174.646911621,-1382.143676758,52.000629425,0.992885113,-0.060844883,0.015115657,0.101235040
1653512959.240818501,174.646911621,-1382.143676758,52.000629425,0.992885113,-0.060844883,0.015115657,0.101235040
1653512959.307173729,178.096084595,-1382.620971680,51.950683594,0.993056536,-0.055913068,0.016120559,0.102237552
1653512959.372574091,178.096084595,-1382.620971680,51.950683594,0.993056536,-0.055913068,0.016120559,0.102237552
1653512959.438515663,181.570953369,-1383.066040039,51.895614624,0.993163824,-0.051414046,0.018664440,0.103120774
1653512959.505841970,181.570953369,-1383.066040039,51.895614624,0.993163824,-0.051414046,0.018664440,0.103120774
1653512959.572227478,184.770050049,-1383.471679688,51.847881317,0.993372262,-0.046930183,0.022020176,0.102587484
1653512959.639412165,184.770050049,-1383.471679688,51.847881317,0.993372262,-0.046930183,0.022020176,0.102587484
1653512959.706299782,188.369171143,-1383.835571289,51.760303497,0.993569493,-0.043037131,0.026038740,0.101436958
1653512959.772007942,188.369171143,-1383.835571289,51.760303497,0.993569493,-0.043037131,0.026038740,0.101436958
1653512959.838937998,191.558242798,-1384.163574219,51.702697754,0.993816614,-0.039850984,0.029818710,0.099253744
1653512959.905253649,191.558242798,-1384.163574219,51.702697754,0.993816614,-0.039850984,0.029818710,0.099253744
1653512959.973448038,195.404296875,-1384.424438477,51.570598602,0.994071603,-0.036207058,0.032148153,0.097350702
1653512960.038719416,195.404296875,-1384.424438477,51.570598602,0.994071603,-0.036207058,0.032148153,0.097350702
1653512960.105815172,198.331787109,-1384.695800781,51.524421692,0.994388103,-0.032783531,0.036315486,0.093801543
1653512960.172377110,198.331787109,-1384.695800781,51.524421692,0.994388103,-0.032783531,0.036315486,0.093801543
1653512960.238603354,201.620315552,-1384.906982422,51.433670044,0.994574606,-0.029822968,0.038147107,0.092069149
1653512960.305379868,201.620315552,-1384.906982422,51.433670044,0.994574606,-0.029822968,0.038147107,0.092069149
1653512960.372190714,205.206787109,-1385.059204102,51.304611206,0.994754076,-0.025551286,0.038111597,0.091427624
1653512960.438966513,205.206787109,-1385.059204102,51.304611206,0.994754076,-0.025551286,0.038111597,0.091427624
1653512960.505315542,208.197387695,-1385.224487305,51.225605011,0.994983196,-0.021146189,0.038279891,0.089977086
1653512960.572458744,208.197387695,-1385.224487305,51.225605011,0.994983196,-0.021146189,0.038279891,0.089977086
1653512960.639086246,211.911453247,-1385.298950195,51.070640564,0.995116711,-0.016704792,0.037175808,0.089897968
1653512960.707194805,211.911453247,-1385.298950195,51.070640564,0.995116711,-0.016704792,0.037175808,0.089897968
1653512960.772087336,215.073944092,-1385.378540039,50.968612671,0.995322824,-0.011034788,0.035888180,0.089009821
1653512960.838959694,215.073944092,-1385.378540039,50.968612671,0.995322824,-0.011034788,0.035888180,0.089009821
1653512960.905121088,218.551742554,-1385.388305664,50.837272644,0.995491445,-0.005000126,0.034543622,0.088196151
1653512960.978944302,218.551742554,-1385.388305664,50.837272644,0.995491445,-0.005000126,0.034543622,0.088196151
1653512961.038900614,221.604278564,-1385.403686523,50.752670288,0.995573044,0.000687313,0.034403700,0.087465800
1653512961.106779814,221.604278564,-1385.403686523,50.752670288,0.995573044,0.000687313,0.034403700,0.087465800
1653512961.171935320,224.819137573,-1385.367065430,50.651664734,0.995590270,0.006831496,0.033889063,0.087205946
1653512961.241158962,224.819137573,-1385.367065430,50.651664734,0.995590270,0.006831496,0.033889063,0.087205946
1653512961.306840181,228.110275269,-1385.286865234,50.539913177,0.995526910,0.013136007,0.033434909,0.087382644
1653512961.372328758,228.110275269,-1385.286865234,50.539913177,0.995526910,0.013136007,0.033434909,0.087382644
1653512961.438749313,231.503540039,-1385.165771484,50.429954529,0.995390356,0.019093277,0.033881176,0.087666951
1653512961.505386353,231.503540039,-1385.165771484,50.429954529,0.995390356,0.019093277,0.033881176,0.087666951
1653512961.571862698,234.612152100,-1385.043823242,50.344928741,0.995167613,0.025135463,0.034428518,0.088455439
1653512961.638911009,234.612152100,-1385.043823242,50.344928741,0.995167613,0.025135463,0.034428518,0.088455439
1653512961.705178976,237.703765869,-1384.886230469,50.257984161,0.994865000,0.030956127,0.034939628,0.089803077
1653512961.773215294,237.703765869,-1384.886230469,50.257984161,0.994865000,0.030956127,0.034939628,0.089803077
1653512961.838739157,241.108901978,-1384.640991211,50.142398834,0.994479954,0.036003079,0.035711136,0.091859385
1653512961.906201363,241.108901978,-1384.640991211,50.142398834,0.994479954,0.036003079,0.035711136,0.091859385
1653512961.971981525,244.443191528,-1384.375000000,50.034679413,0.994050622,0.040950276,0.036792953,0.093982816
1653512962.039092779,244.443191528,-1384.375000000,50.034679413,0.994050622,0.040950276,0.036792953,0.093982816
1653512962.105813503,247.379791260,-1384.139892578,49.964584351,0.993655682,0.045553803,0.038327485,0.095416352
1653512962.176065207,247.379791260,-1384.139892578,49.964584351,0.993655682,0.045553803,0.038327485,0.095416352
1653512962.238702774,250.799423218,-1383.768920898,49.840312958,0.993294537,0.049588814,0.039247479,0.096780777
1653512962.305228949,250.799423218,-1383.768920898,49.840312958,0.993294537,0.049588814,0.039247479,0.096780777
1653512962.374119759,253.943008423,-1383.421264648,49.740592957,0.992924750,0.053919040,0.041243032,0.097427934
1653512962.438625097,253.943008423,-1383.421264648,49.740592957,0.992924750,0.053919040,0.041243032,0.097427934
1653512962.505554914,256.898895264,-1383.092041016,49.663928986,0.992633879,0.057888359,0.042865768,0.097414017
1653512962.571910858,256.898895264,-1383.092041016,49.663928986,0.992633879,0.057888359,0.042865768,0.097414017
1653512962.640056849,260.177642822,-1382.634643555,49.543960571,0.992345452,0.061036937,0.044058260,0.097896978
1653512962.705719233,260.177642822,-1382.634643555,49.543960571,0.992345452,0.061036937,0.044058260,0.097896978
1653512962.772812366,263.452636719,-1382.144531250,49.432102203,0.992112517,0.065001436,0.044902489,0.097320959
1653512962.839924335,263.452636719,-1382.144531250,49.432102203,0.992112517,0.065001436,0.044902489,0.097320959
1653512962.905331612,266.486236572,-1381.673095703,49.338024139,0.991978765,0.068565913,0.045282401,0.096053973
1653512962.972506285,266.486236572,-1381.673095703,49.338024139,0.991978765,0.068565913,0.045282401,0.096053973
1653512963.042455196,269.394195557,-1381.193481445,49.250709534,0.991969824,0.071651742,0.045765333,0.093634330
1653512963.105417252,269.394195557,-1381.193481445,49.250709534,0.991969824,0.071651742,0.045765333,0.093634330
1653512963.171936750,272.686157227,-1380.575439453,49.128269196,0.991910100,0.076007560,0.044900484,0.091220275
1653512963.239744425,272.686157227,-1380.575439453,49.128269196,0.991910100,0.076007560,0.044900484,0.091220275
1653512963.305435181,275.883056641,-1379.902832031,48.991886139,0.991823316,0.079959020,0.043523576,0.089435823
1653512963.372199297,275.883056641,-1379.902832031,48.991886139,0.991823316,0.079959020,0.043523576,0.089435823
1653512963.438608646,278.735839844,-1379.312866211,48.895259857,0.991790175,0.084427573,0.043111473,0.085823290
1653512963.505722523,278.735839844,-1379.312866211,48.895259857,0.991790175,0.084427573,0.043111473,0.085823290
1653512963.572054386,281.817199707,-1378.613647461,48.768081665,0.991646647,0.089683726,0.041185703,0.083051428
1653512963.639145136,281.817199707,-1378.613647461,48.768081665,0.991646647,0.089683726,0.041185703,0.083051428
1653512963.705969095,284.887695312,-1377.882324219,48.646881104,0.991442263,0.095080264,0.039792217,0.080115765
1653512963.772110224,284.887695312,-1377.882324219,48.646881104,0.991442263,0.095080264,0.039792217,0.080115765
1653512963.839684248,288.000946045,-1377.100097656,48.524662018,0.991242766,0.100100249,0.038559254,0.077012628
1653512963.905133486,288.000946045,-1377.100097656,48.524662018,0.991242766,0.100100249,0.038559254,0.077012628
1653512963.972781658,290.770690918,-1376.408447266,48.443767548,0.990968406,0.105936028,0.038416341,0.072687030
1653512964.038599730,290.770690918,-1376.408447266,48.443767548,0.990968406,0.105936028,0.038416341,0.072687030
1653512964.105397940,293.903930664,-1375.540771484,48.317321777,0.990621626,0.111156411,0.038277090,0.069626786
1653512964.172074556,293.903930664,-1375.540771484,48.317321777,0.990621626,0.111156411,0.038277090,0.069626786
1653512964.238612413,296.976348877,-1374.651245117,48.194225311,0.990280926,0.115802288,0.038765375,0.066563845
1653512964.309671164,296.976348877,-1374.651245117,48.194225311,0.990280926,0.115802288,0.038765375,0.066563845
1653512964.372541904,299.915374756,-1373.796752930,48.087181091,0.989835024,0.120695762,0.040082369,0.063659951
1653512964.439566851,299.915374756,-1373.796752930,48.087181091,0.989835024,0.120695762,0.040082369,0.063659951
1653512964.506928444,303.137908936,-1372.796264648,47.946430206,0.989410460,0.124397442,0.041516490,0.062198199
1653512964.572777987,303.137908936,-1372.796264648,47.946430206,0.989410460,0.124397442,0.041516490,0.062198199
1653512964.639859438,305.476470947,-1372.168212891,47.901027679,0.989120483,0.127386123,0.043845918,0.059084032
1653512964.705096960,305.476470947,-1372.168212891,47.901027679,0.989120483,0.127386123,0.043845918,0.059084032
1653512964.772776842,308.661163330,-1371.145629883,47.737533569,0.988784373,0.129614130,0.044371940,0.059470929
1653512964.839304447,308.661163330,-1371.145629883,47.737533569,0.988784373,0.129614130,0.044371940,0.059470929
1653512964.905985594,311.539489746,-1370.235473633,47.602954865,0.988520503,0.131182656,0.045425765,0.059622258
1653512964.972127676,311.539489746,-1370.235473633,47.602954865,0.988520503,0.131182656,0.045425765,0.059622258
1653512965.038521051,314.388946533,-1369.316040039,47.461341858,0.988491535,0.131932855,0.045723572,0.058202695
1653512965.105852842,314.388946533,-1369.316040039,47.461341858,0.988491535,0.131932855,0.045723572,0.058202695
1653512965.171841621,317.200805664,-1368.379760742,47.304508209,0.988760889,0.132107392,0.044687506,0.053875431
1653512965.239132643,317.200805664,-1368.379760742,47.304508209,0.988760889,0.132107392,0.044687506,0.053875431
1653512965.306450605,320.186798096,-1367.310913086,47.116397858,0.989168942,0.131465748,0.043830015,0.048378557
1653512965.371954441,320.186798096,-1367.310913086,47.116397858,0.989168942,0.131465748,0.043830015,0.048378557
1653512965.438901424,323.075714111,-1366.270019531,46.938438416,0.989587247,0.130250558,0.043629073,0.042993411
1653512965.505761385,323.075714111,-1366.270019531,46.938438416,0.989587247,0.130250558,0.043629073,0.042993411
1653512965.574717522,325.665100098,-1365.356445312,46.786579132,0.989836276,0.129769072,0.043356165,0.038785994
1653512965.638534069,325.665100098,-1365.356445312,46.786579132,0.989836276,0.129769072,0.043356165,0.038785994
1653512965.706056595,328.881408691,-1364.102050781,46.553264618,0.989954948,0.129515991,0.043092333,0.036848806
1653512965.771875381,328.881408691,-1364.102050781,46.553264618,0.989954948,0.129515991,0.043092333,0.036848806
1653512965.838573217,331.480468750,-1363.150268555,46.383163452,0.990050793,0.129463702,0.043401230,0.033984009
1653512965.906949520,331.480468750,-1363.150268555,46.383163452,0.990050793,0.129463702,0.043401230,0.033984009
1653512965.972320080,334.402038574,-1362.008422852,46.164291382,0.989974856,0.130808920,0.042608149,0.031989831
1653512966.040009022,334.402038574,-1362.008422852,46.164291382,0.989974856,0.130808920,0.042608149,0.031989831
1653512966.105864048,337.261840820,-1360.882202148,45.940998077,0.989777148,0.133058146,0.041788187,0.029840965
1653512966.172031403,337.261840820,-1360.882202148,45.940998077,0.989777148,0.133058146,0.041788187,0.029840965
1653512966.238556385,339.927825928,-1359.858154297,45.736251831,0.989459395,0.136038110,0.041300885,0.027531236
1653512966.305941820,339.927825928,-1359.858154297,45.736251831,0.989459395,0.136038110,0.041300885,0.027531236
1653512966.372683048,342.761047363,-1358.708129883,45.498851776,0.988976300,0.140031338,0.040741358,0.025636351
1653512966.438589096,342.761047363,-1358.708129883,45.498851776,0.988976300,0.140031338,0.040741358,0.025636351
1653512966.505369902,345.620635986,-1357.520751953,45.251327515,0.988379478,0.144551799,0.040099978,0.024550365
1653512966.571834087,345.620635986,-1357.520751953,45.251327515,0.988379478,0.144551799,0.040099978,0.024550365
1653512966.639793158,347.965759277,-1356.632080078,45.067832947,0.987752676,0.149215773,0.040083181,0.021740831
1653512966.705560923,347.965759277,-1356.632080078,45.067832947,0.987752676,0.149215773,0.040083181,0.021740831
1653512966.773266315,350.776306152,-1355.444335938,44.819053650,0.986902714,0.155089080,0.039408762,0.020428065
1653512966.839886665,350.776306152,-1355.444335938,44.819053650,0.986902714,0.155089080,0.039408762,0.020428065
1653512966.905617952,353.417236328,-1354.350341797,44.592884064,0.986070752,0.160576865,0.039023239,0.018888503
1653512966.972531080,353.417236328,-1354.350341797,44.592884064,0.986070752,0.160576865,0.039023239,0.018888503
1653512967.038534880,356.010742188,-1353.275756836,44.371982574,0.985243618,0.165838882,0.038838428,0.016854137
1653512967.105097055,356.010742188,-1353.275756836,44.371982574,0.985243618,0.165838882,0.038838428,0.016854137
1653512967.172780275,358.738342285,-1352.110961914,44.131019592,0.984286249,0.171569407,0.038793169,0.015479144
1653512967.238317966,358.738342285,-1352.110961914,44.131019592,0.984286249,0.171569407,0.038793169,0.015479144
1653512967.305174828,361.423004150,-1350.977783203,43.896064758,0.983312249,0.177074283,0.039206292,0.014303560
1653512967.372591257,361.423004150,-1350.977783203,43.896064758,0.983312249,0.177074283,0.039206292,0.014303560
1653512967.438420534,363.806121826,-1350.030029297,43.702953339,0.982389569,0.182076544,0.039976507,0.012677403
1653512967.505051851,363.806121826,-1350.030029297,43.702953339,0.982389569,0.182076544,0.039976507,0.012677403
1653512967.573020935,366.800476074,-1348.652343750,43.421455383,0.981351137,0.187462553,0.040430233,0.013158692
1653512967.639042377,366.800476074,-1348.652343750,43.421455383,0.981351137,0.187462553,0.040430233,0.013158692
1653512967.705877781,369.288726807,-1347.629394531,43.218151093,0.980304599,0.192643628,0.041758139,0.012149613
1653512967.774103642,369.288726807,-1347.629394531,43.218151093,0.980304599,0.192643628,0.041758139,0.012149613
1653512967.838548183,371.675781250,-1346.654907227,43.020832062,0.979433239,0.196792170,0.042836666,0.012180856
1653512967.907038927,371.675781250,-1346.654907227,43.020832062,0.979433239,0.196792170,0.042836666,0.012180856
1653512967.973424196,374.525817871,-1345.348266602,42.743015289,0.978462756,0.201482847,0.042683255,0.013910258
1653512968.038418531,374.525817871,-1345.348266602,42.743015289,0.978462756,0.201482847,0.042683255,0.013910258
1653512968.108704567,376.988342285,-1344.316894531,42.522777557,0.977602601,0.205358937,0.043232810,0.015867524
1653512968.171831131,376.988342285,-1344.316894531,42.522777557,0.977602601,0.205358937,0.043232810,0.015867524
1653512968.238510132,379.674377441,-1343.113891602,42.262111664,0.976799786,0.209019512,0.042843793,0.018367779
1653512968.305526257,379.674377441,-1343.113891602,42.262111664,0.976799786,0.209019512,0.042843793,0.018367779
1653512968.373297453,382.139129639,-1342.050659180,42.028869629,0.975988626,0.212689981,0.042479105,0.020117139
1653512968.438789129,382.139129639,-1342.050659180,42.028869629,0.975988626,0.212689981,0.042479105,0.020117139
1653512968.505155802,384.652069092,-1340.967529297,41.790000916,0.975270092,0.215778828,0.041566260,0.023664670
1653512968.573001146,384.652069092,-1340.967529297,41.790000916,0.975270092,0.215778828,0.041566260,0.023664670
1653512968.638712883,387.307800293,-1339.729370117,41.518196106,0.974649787,0.218195930,0.040483177,0.028449746
1653512968.705925941,387.307800293,-1339.729370117,41.518196106,0.974649787,0.218195930,0.040483177,0.028449746
1653512968.772119045,389.996826172,-1338.450561523,41.244289398,0.973911881,0.221011713,0.039734475,0.032720964
1653512968.838437080,389.996826172,-1338.450561523,41.244289398,0.973911881,0.221011713,0.039734475,0.032720964
1653512968.905156612,392.231719971,-1337.491943359,41.046325684,0.973248661,0.223583862,0.039417498,0.035263505
1653512968.974408150,392.231719971,-1337.491943359,41.046325684,0.973248661,0.223583862,0.039417498,0.035263505
1653512969.038419247,395.134521484,-1336.017089844,40.737766266,0.972606063,0.225798458,0.039127119,0.039006781
1653512969.105440617,395.134521484,-1336.017089844,40.737766266,0.972606063,0.225798458,0.039127119,0.039006781
1653512969.173227310,397.577056885,-1334.863647461,40.506904602,0.971783042,0.228774622,0.039797146,0.041425433
1653512969.239502668,397.577056885,-1334.863647461,40.506904602,0.971783042,0.228774622,0.039797146,0.041425433
1653512969.305319786,400.067657471,-1333.662353516,40.263484955,0.971065640,0.231383130,0.040406767,0.043135520
1653512969.373808146,400.067657471,-1333.662353516,40.263484955,0.971065640,0.231383130,0.040406767,0.043135520
1653512969.438648701,402.627563477,-1332.369262695,40.001293182,0.970346689,0.233807191,0.041673210,0.044998907
1653512969.505226851,402.627563477,-1332.369262695,40.001293182,0.970346689,0.233807191,0.041673210,0.044998907
1653512969.571817875,405.059844971,-1331.150268555,39.756752014,0.969508588,0.236748427,0.043276738,0.046155803
1653512969.639270306,405.059844971,-1331.150268555,39.756752014,0.969508588,0.236748427,0.043276738,0.046155803
1653512969.708478928,408.034301758,-1329.472778320,39.415271759,0.968617320,0.239772439,0.045180399,0.047416970
1653512969.771958590,408.034301758,-1329.472778320,39.415271759,0.968617320,0.239772439,0.045180399,0.047416970
1653512969.838284016,410.668701172,-1328.035400391,39.131961823,0.967757523,0.242701113,0.047718044,0.047587272
1653512969.906304598,410.668701172,-1328.035400391,39.131961823,0.967757523,0.242701113,0.047718044,0.047587272
1653512969.972177744,412.809326172,-1326.927368164,38.909378052,0.966850340,0.246066108,0.049598455,0.046818074
1653512970.038704157,412.809326172,-1326.927368164,38.909378052,0.966850340,0.246066108,0.049598455,0.046818074
1653512970.105712891,415.368621826,-1325.465087891,38.607654572,0.965777397,0.250092000,0.050806992,0.046331499
1653512970.172095299,415.368621826,-1325.465087891,38.607654572,0.965777397,0.250092000,0.050806992,0.046331499
1653512970.242136002,418.013580322,-1323.897827148,38.283580780,0.964863539,0.253558427,0.051162209,0.046139482
1653512970.305367231,418.013580322,-1323.897827148,38.283580780,0.964863539,0.253558427,0.051162209,0.046139482
1653512970.372176170,420.603424072,-1322.359375000,37.963138580,0.963724732,0.258050263,0.050806321,0.045424320
1653512970.439018250,420.603424072,-1322.359375000,37.963138580,0.963724732,0.258050263,0.050806321,0.045424320
1653512970.504971027,422.947509766,-1320.963500977,37.670272827,0.962654173,0.262354523,0.049594749,0.044804357
1653512970.572894573,422.947509766,-1320.963500977,37.670272827,0.962654173,0.262354523,0.049594749,0.044804357
1653512970.640090942,425.493530273,-1319.381591797,37.338031769,0.961540341,0.266630888,0.048703101,0.044454195
1653512970.705724955,425.493530273,-1319.381591797,37.338031769,0.961540341,0.266630888,0.048703101,0.044454195
1653512970.772322893,428.023437500,-1317.793090820,37.004165649,0.960359037,0.271147937,0.047198143,0.044290613
1653512970.838439226,428.023437500,-1317.793090820,37.004165649,0.960359037,0.271147937,0.047198143,0.044290613
1653512970.906437159,430.454315186,-1316.240234375,36.682994843,0.959164977,0.275583595,0.046168197,0.043871503
1653512970.972100258,430.454315186,-1316.240234375,36.682994843,0.959164977,0.275583595,0.046168197,0.043871503
1653512971.039512157,432.786376953,-1314.765625000,36.383300781,0.958173871,0.279360414,0.045534570,0.042274561
1653512971.105374575,432.786376953,-1314.765625000,36.383300781,0.958173871,0.279360414,0.045534570,0.042274561
1653512971.171958447,434.991302490,-1313.377929688,36.111709595,0.957007766,0.283715308,0.045039583,0.040164605
1653512971.238650799,434.991302490,-1313.377929688,36.111709595,0.957007766,0.283715308,0.045039583,0.040164605
1653512971.305609465,437.425079346,-1311.765258789,35.793334961,0.955909312,0.287720263,0.044383861,0.038529646
1653512971.372278929,437.425079346,-1311.765258789,35.793334961,0.955909312,0.287720263,0.044383861,0.038529646
1653512971.438410044,439.699554443,-1310.274780273,35.510757446,0.954922736,0.291223347,0.044705305,0.036235109
1653512971.505598783,439.699554443,-1310.274780273,35.510757446,0.954922736,0.291223347,0.044705305,0.036235109
1653512971.571920395,441.865386963,-1308.865478516,35.250122070,0.953769863,0.295357078,0.044408649,0.033392880
1653512971.638365030,441.865386963,-1308.865478516,35.250122070,0.953769863,0.295357078,0.044408649,0.033392880
1653512971.706236362,444.208984375,-1307.265625000,34.955448151,0.952671111,0.299110413,0.044114284,0.031696029
1653512971.773511410,444.208984375,-1307.265625000,34.955448151,0.952671111,0.299110413,0.044114284,0.031696029
1653512971.838931322,446.417083740,-1305.771240234,34.684665680,0.951756775,0.302226543,0.044315655,0.029227592
1653512971.905517578,446.417083740,-1305.771240234,34.684665680,0.951756775,0.302226543,0.044315655,0.029227592
1653512971.972457170,448.745635986,-1304.124389648,34.387218475,0.950605452,0.305916011,0.045115300,0.027004350
1653512972.039921999,448.745635986,-1304.124389648,34.387218475,0.950605452,0.305916011,0.045115300,0.027004350
1653512972.105165482,450.919311523,-1302.601806641,34.122802734,0.949578404,0.309172422,0.045919772,0.024590444
1653512972.171954870,450.919311523,-1302.601806641,34.122802734,0.949578404,0.309172422,0.045919772,0.024590444
1653512972.238601446,453.004211426,-1301.142578125,33.879047394,0.948649108,0.312047154,0.047054011,0.021849774
1653512972.305332184,453.004211426,-1301.142578125,33.879047394,0.948649108,0.312047154,0.047054011,0.021849774
1653512972.372501850,455.376739502,-1299.385620117,33.577541351,0.947520554,0.315438360,0.048149128,0.019625178
1653512972.438351393,455.376739502,-1299.385620117,33.577541351,0.947520554,0.315438360,0.048149128,0.019625178
1653512972.511132717,457.637359619,-1297.720458984,33.301246643,0.946631312,0.318087459,0.049038205,0.017458925
1653512972.572363377,457.637359619,-1297.720458984,33.301246643,0.946631312,0.318087459,0.049038205,0.017458925
1653512972.639080286,459.845397949,-1296.113037109,33.044937134,0.945732892,0.320750773,0.049936969,0.014648070
1653512972.705188036,459.845397949,-1296.113037109,33.044937134,0.945732892,0.320750773,0.049936969,0.014648070
1653512972.772030830,461.964508057,-1294.522827148,32.786666870,0.944900572,0.323274016,0.049945723,0.012735496
1653512972.838727236,461.964508057,-1294.522827148,32.786666870,0.944900572,0.323274016,0.049945723,0.012735496
1653512972.905128956,464.323760986,-1292.688110352,32.482700348,0.944157839,0.325434387,0.050262384,0.011494848
1653512972.972567558,464.323760986,-1292.688110352,32.482700348,0.944157839,0.325434387,0.050262384,0.011494848
1653512973.038493395,466.475219727,-1291.041137695,32.219455719,0.943418384,0.327505082,0.050972607,0.010195001
1653512973.105128765,466.475219727,-1291.041137695,32.219455719,0.943418384,0.327505082,0.050972607,0.010195001
1653512973.171892405,468.679656982,-1289.327148438,31.942434311,0.942547143,0.330104589,0.050644334,0.008427928
1653512973.241794825,468.679656982,-1289.327148438,31.942434311,0.942547143,0.330104589,0.050644334,0.008427928
1653512973.305729866,470.800445557,-1287.696289062,31.684020996,0.941703975,0.332544982,0.050624784,0.006673558
1653512973.372564077,470.800445557,-1287.696289062,31.684020996,0.941703975,0.332544982,0.050624784,0.006673558
1653512973.438379049,472.871704102,-1286.112670898,31.433227539,0.941106498,0.334264666,0.050592247,0.005105017
1653512973.506119490,472.871704102,-1286.112670898,31.433227539,0.941106498,0.334264666,0.050592247,0.005105017
1653512973.573707104,475.010681152,-1284.436157227,31.163213730,0.940251827,0.336806923,0.049734231,0.003758997
1653512973.638645887,475.010681152,-1284.436157227,31.163213730,0.940251827,0.336806923,0.049734231,0.003758997
1653512973.705117941,477.181030273,-1282.725708008,30.885307312,0.939417958,0.339313000,0.048527565,0.002377696
1653512973.772370815,477.181030273,-1282.725708008,30.885307312,0.939417958,0.339313000,0.048527565,0.002377696
1653512973.838585377,479.162139893,-1281.193847656,30.637844086,0.938718796,0.341344684,0.047846012,0.001242108
1653512973.905225754,479.162139893,-1281.193847656,30.637844086,0.938718796,0.341344684,0.047846012,0.001242108
1653512973.972672462,481.313171387,-1279.457397461,30.359079361,0.937614679,0.344341964,0.048020873,0.001153808
1653512974.040969610,481.313171387,-1279.457397461,30.359079361,0.937614679,0.344341964,0.048020873,0.001153808
1653512974.105368137,483.399078369,-1277.769165039,30.090553284,0.936494589,0.347421795,0.047636230,0.002609584
1653512974.172095299,483.399078369,-1277.769165039,30.090553284,0.936494589,0.347421795,0.047636230,0.002609584
1653512974.239480734,485.518066406,-1276.011474609,29.814849854,0.935385466,0.350387126,0.047544427,0.004729455
1653512974.305069447,485.518066406,-1276.011474609,29.814849854,0.935385466,0.350387126,0.047544427,0.004729455
1653512974.372090340,487.462707520,-1274.445190430,29.579187393,0.933748901,0.354656279,0.047934849,0.005850074
1653512974.442576647,487.462707520,-1274.445190430,29.579187393,0.933748901,0.354656279,0.047934849,0.005850074
1653512974.506726742,489.586120605,-1272.637817383,29.299678802,0.932120383,0.358808249,0.048410088,0.008043247
1653512974.572891474,489.586120605,-1272.637817383,29.299678802,0.932120383,0.358808249,0.048410088,0.008043247
1653512974.638438702,491.728515625,-1270.798095703,29.022338867,0.930275023,0.363456964,0.048906084,0.009777420
1653512974.705677748,491.728515625,-1270.798095703,29.022338867,0.930275023,0.363456964,0.048906084,0.009777420
1653512974.772833109,493.702239990,-1269.135253906,28.780593872,0.928184450,0.368713349,0.049109116,0.010602425
1653512974.838515282,493.702239990,-1269.135253906,28.780593872,0.928184450,0.368713349,0.049109116,0.010602425
1653512974.905668497,495.706481934,-1267.432250977,28.536825180,0.925780118,0.374537051,0.050187629,0.011593649
1653512974.971914291,495.706481934,-1267.432250977,28.536825180,0.925780118,0.374537051,0.050187629,0.011593649
1653512975.038716078,497.718383789,-1265.683105469,28.291084290,0.923513949,0.379907310,0.051048011,0.013657854
1653512975.104952812,497.718383789,-1265.683105469,28.291084290,0.923513949,0.379907310,0.051048011,0.013657854
1653512975.172004461,499.756561279,-1263.862426758,28.042093277,0.920875728,0.385953873,0.052649733,0.015985992
1653512975.240394354,499.756561279,-1263.862426758,28.042093277,0.920875728,0.385953873,0.052649733,0.015985992
1653512975.305459261,501.722106934,-1262.102783203,27.816244125,0.918287039,0.391798615,0.053734470,0.018850124
1653512975.371838093,501.722106934,-1262.102783203,27.816244125,0.918287039,0.391798615,0.053734470,0.018850124
1653512975.438224554,503.579742432,-1260.453979492,27.612304688,0.915854871,0.397192836,0.054431994,0.022020739
1653512975.505227804,503.579742432,-1260.453979492,27.612304688,0.915854871,0.397192836,0.054431994,0.022020739
1653512975.573048830,505.458343506,-1258.763305664,27.400928497,0.913353622,0.402686954,0.054634724,0.025365777
1653512975.638487101,505.458343506,-1258.763305664,27.400928497,0.913353622,0.402686954,0.054634724,0.025365777
1653512975.706127167,507.407562256,-1256.977416992,27.175912857,0.910875976,0.407941610,0.055253699,0.028906710
1653512975.773121834,507.407562256,-1256.977416992,27.175912857,0.910875976,0.407941610,0.055253699,0.028906710
1653512975.839393616,509.257354736,-1255.275146484,26.972721100,0.908673108,0.412442416,0.055874135,0.032901615
1653512975.905498266,509.257354736,-1255.275146484,26.972721100,0.908673108,0.412442416,0.055874135,0.032901615
1653512975.971952677,511.130249023,-1253.494995117,26.766632080,0.906261802,0.417249441,0.057097800,0.036500890
1653512976.038265944,511.130249023,-1253.494995117,26.766632080,0.906261802,0.417249441,0.057097800,0.036500890
1653512976.105659962,513.105224609,-1251.517456055,26.527780533,0.903986752,0.421682239,0.058271669,0.039955109
1653512976.172235012,513.105224609,-1251.517456055,26.527780533,0.903986752,0.421682239,0.058271669,0.039955109
1653512976.239913464,515.016235352,-1249.584960938,26.304702759,0.902104497,0.425267935,0.060521498,0.041131396
1653512976.305525780,515.016235352,-1249.584960938,26.304702759,0.902104497,0.425267935,0.060521498,0.041131396
1653512976.372610807,516.891967773,-1247.643676758,26.085395813,0.900136113,0.428948849,0.063154228,0.042064190
1653512976.439426422,516.891967773,-1247.643676758,26.085395813,0.900136113,0.428948849,0.063154228,0.042064190
1653512976.504995823,518.599365234,-1245.880737305,25.900238037,0.898115754,0.432805657,0.066053711,0.041282948
1653512976.571917295,518.599365234,-1245.880737305,25.900238037,0.898115754,0.432805657,0.066053711,0.041282948
1653512976.638600588,520.380920410,-1243.969238281,25.691907883,0.896370173,0.436152458,0.068568923,0.039872617
1653512976.705318689,520.380920410,-1243.969238281,25.691907883,0.896370173,0.436152458,0.068568923,0.039872617
1653512976.772234440,522.157836914,-1242.024169922,25.480079651,0.894267738,0.440090895,0.071344703,0.038924720
1653512976.838767767,522.157836914,-1242.024169922,25.480079651,0.894267738,0.440090895,0.071344703,0.038924720
1653512976.905127048,523.968872070,-1239.974365234,25.249366760,0.892306626,0.443874985,0.073083438,0.037719112
1653512976.971697092,523.968872070,-1239.974365234,25.249366760,0.892306626,0.443874985,0.073083438,0.037719112
1653512977.039764881,525.817504883,-1237.802001953,25.000877380,0.890183330,0.448016644,0.074352279,0.036420111
1653512977.105042934,525.817504883,-1237.802001953,25.000877380,0.890183330,0.448016644,0.074352279,0.036420111
1653512977.171810865,527.455200195,-1235.902709961,24.795392990,0.887710094,0.452868521,0.075120211,0.035182565
1653512977.239161253,527.455200195,-1235.902709961,24.795392990,0.887710094,0.452868521,0.075120211,0.035182565
1653512977.305154085,529.075988770,-1233.951171875,24.582839966,0.885293424,0.457637936,0.074980535,0.034654837
1653512977.372614861,529.075988770,-1233.951171875,24.582839966,0.885293424,0.457637936,0.074980535,0.034654837
1653512977.438439608,530.590820312,-1232.111816406,24.385543823,0.882779539,0.462536395,0.074895635,0.033926077
1653512977.505106926,530.590820312,-1232.111816406,24.385543823,0.882779539,0.462536395,0.074895635,0.033926077
1653512977.573255062,532.281921387,-1229.938720703,24.138544083,0.880086303,0.467812240,0.074038893,0.033436548
1653512977.639937878,532.281921387,-1229.938720703,24.138544083,0.880086303,0.467812240,0.074038893,0.033436548
1653512977.705401897,533.698791504,-1228.160400391,23.954841614,0.877419770,0.472940326,0.073750146,0.031983610
1653512977.771698713,533.698791504,-1228.160400391,23.954841614,0.877419770,0.472940326,0.073750146,0.031983610
1653512977.838946819,535.264160156,-1226.082641602,23.726097107,0.875059605,0.477327824,0.073779270,0.031391867
1653512977.904869318,535.264160156,-1226.082641602,23.726097107,0.875059605,0.477327824,0.073779270,0.031391867
1653512977.971742153,536.839782715,-1223.940185547,23.490795135,0.872619212,0.481725723,0.074252516,0.031025100
1653512978.040720940,536.839782715,-1223.940185547,23.490795135,0.872619212,0.481725723,0.074252516,0.031025100
1653512978.108136892,538.194702148,-1222.120239258,23.306449890,0.870216072,0.485957086,0.075166158,0.030326683
1653512978.171625614,538.194702148,-1222.120239258,23.306449890,0.870216072,0.485957086,0.075166158,0.030326683
1653512978.239262104,539.595581055,-1220.197265625,23.110795975,0.867935598,0.489910036,0.075834110,0.030416273
1653512978.305153847,539.595581055,-1220.197265625,23.110795975,0.867935598,0.489910036,0.075834110,0.030416273
1653512978.371606112,540.920959473,-1218.330200195,22.927717209,0.865690351,0.493728697,0.076571137,0.030806327
1653512978.438257456,540.920959473,-1218.330200195,22.927717209,0.865690351,0.493728697,0.076571137,0.030806327
1653512978.505175352,542.282470703,-1216.317871094,22.731206894,0.863329649,0.497708589,0.077038586,0.031830322
1653512978.571756601,542.282470703,-1216.317871094,22.731206894,0.863329649,0.497708589,0.077038586,0.031830322
1653512978.639295816,543.537353516,-1214.454467773,22.562160492,0.860673010,0.502118587,0.078318566,0.031386636
1653512978.705454588,543.537353516,-1214.454467773,22.562160492,0.860673010,0.502118587,0.078318566,0.031386636
1653512978.772555113,544.783630371,-1212.538696289,22.390859604,0.857759655,0.507049382,0.078842834,0.030546950
1653512978.838471651,544.783630371,-1212.538696289,22.390859604,0.857759655,0.507049382,0.078842834,0.030546950
1653512978.905374765,545.982421875,-1210.651733398,22.227125168,0.854509234,0.512493849,0.079241283,0.029745977
1653512978.972338676,545.982421875,-1210.651733398,22.227125168,0.854509234,0.512493849,0.079241283,0.029745977
1653512979.038645744,547.184082031,-1208.699462891,22.055356979,0.851030886,0.518343747,0.079053238,0.028579777
1653512979.105947018,547.184082031,-1208.699462891,22.055356979,0.851030886,0.518343747,0.079053238,0.028579777
1653512979.172588110,548.291809082,-1206.870849609,21.904321671,0.847178280,0.524799526,0.078181922,0.027605347
1653512979.240050316,548.291809082,-1206.870849609,21.904321671,0.847178280,0.524799526,0.078181922,0.027605347
1653512979.305100679,549.361938477,-1205.068481445,21.760683060,0.842973471,0.531934977,0.075645588,0.026807563
1653512979.371827364,549.361938477,-1205.068481445,21.760683060,0.842973471,0.531934977,0.075645588,0.026807563
1653512979.438670397,550.438842773,-1203.166503906,21.604560852,0.838600814,0.539085746,0.073606849,0.026782302
1653512979.505769491,550.438842773,-1203.166503906,21.604560852,0.838600814,0.539085746,0.073606849,0.026782302
1653512979.571820736,551.593505859,-1200.996582031,21.415510178,0.833851278,0.546613097,0.072015502,0.026831806
1653512979.638541460,551.593505859,-1200.996582031,21.415510178,0.833851278,0.546613097,0.072015502,0.026831806
1653512979.705292463,552.609497070,-1199.074340820,21.265087128,0.828933716,0.554152787,0.071328737,0.026377004
1653512979.771607399,552.609497070,-1199.074340820,21.265087128,0.828933716,0.554152787,0.071328737,0.026377004
1653512979.840573311,553.472717285,-1197.460327148,21.156501770,0.824027896,0.561541915,0.070935160,0.024836924
1653512979.905570030,553.472717285,-1197.460327148,21.156501770,0.824027896,0.561541915,0.070935160,0.024836924
1653512979.972732544,554.545837402,-1195.308471680,20.990835190,0.819144428,0.568564713,0.071744770,0.024274556
1653512980.038268805,554.545837402,-1195.308471680,20.990835190,0.819144428,0.568564713,0.071744770,0.024274556
1653512980.105320454,555.435424805,-1193.563964844,20.880266190,0.814372599,0.575257838,0.073023580,0.023308724
1653512980.171750546,555.435424805,-1193.563964844,20.880266190,0.814372599,0.575257838,0.073023580,0.023308724
1653512980.238275290,556.363586426,-1191.660644531,20.750225067,0.809733748,0.581570029,0.074514136,0.023563316
1653512980.307190180,556.363586426,-1191.660644531,20.750225067,0.809733748,0.581570029,0.074514136,0.023563316
1653512980.372462034,557.279296875,-1189.745361328,20.613855362,0.805324376,0.587496042,0.075488247,0.024548432
1653512980.438207150,557.279296875,-1189.745361328,20.613855362,0.805324376,0.587496042,0.075488247,0.024548432
1653512980.505365849,558.125915527,-1187.967651367,20.487392426,0.801054239,0.593163252,0.075938523,0.026509168
1653512980.572546005,558.125915527,-1187.967651367,20.487392426,0.801054239,0.593163252,0.075938523,0.026509168
1653512980.638144493,559.070617676,-1185.786376953,20.303997040,0.796825230,0.598670542,0.075989000,0.029812528
1653512980.705167770,559.070617676,-1185.786376953,20.303997040,0.796825230,0.598670542,0.075989000,0.029812528
1653512980.772065878,559.872375488,-1183.971557617,20.173618317,0.791994154,0.604904473,0.077162519,0.029693913
1653512980.841410637,559.872375488,-1183.971557617,20.173618317,0.791994154,0.604904473,0.077162519,0.029693913
1653512980.913619757,560.586669922,-1182.327270508,20.062772751,0.786343277,0.612220228,0.077373132,0.029395053
1653512980.973651886,560.586669922,-1182.327270508,20.062772751,0.786343277,0.612220228,0.077373132,0.029395053
1653512981.038504362,561.418640137,-1180.209106445,19.908494949,0.780233443,0.620049536,0.076788932,0.029627921
1653512981.106380939,561.418640137,-1180.209106445,19.908494949,0.780233443,0.620049536,0.076788932,0.029627921
1653512981.171664000,562.098388672,-1178.411743164,19.787822723,0.773952246,0.627740979,0.078602627,0.027583951
1653512981.238515854,562.098388672,-1178.411743164,19.787822723,0.773952246,0.627740979,0.078602627,0.027583951
1653512981.305208921,562.834472656,-1176.338500977,19.645414352,0.766881108,0.636359096,0.078901127,0.026740877
1653512981.371705770,562.834472656,-1176.338500977,19.645414352,0.766881108,0.636359096,0.078901127,0.026740877
1653512981.438236713,563.501220703,-1174.386840820,19.516834259,0.759132504,0.645579278,0.079305068,0.025610795
1653512981.505383730,563.501220703,-1174.386840820,19.516834259,0.759132504,0.645579278,0.079305068,0.025610795
1653512981.571848869,564.102355957,-1172.585815430,19.404657364,0.750707984,0.655312419,0.080035262,0.024443870
1653512981.638628483,564.102355957,-1172.585815430,19.404657364,0.750707984,0.655312419,0.080035262,0.024443870
1653512981.705254793,564.740356445,-1170.497192383,19.260940552,0.741725326,0.665334105,0.080894440,0.025101794
1653512981.772854328,564.740356445,-1170.497192383,19.260940552,0.741725326,0.665334105,0.080894440,0.025101794
1653512981.840142965,565.316223145,-1168.586914062,19.136556625,0.732777357,0.675023615,0.082091443,0.025328383
1653512981.913704395,565.316223145,-1168.586914062,19.136556625,0.732777357,0.675023615,0.082091443,0.025328383
1653512981.971711636,565.827148438,-1166.877319336,19.034151077,0.723834157,0.684552968,0.082862012,0.024191480
1653512982.038666010,565.827148438,-1166.877319336,19.034151077,0.723834157,0.684552968,0.082862012,0.024191480
1653512982.104847670,566.393127441,-1164.686401367,18.894346237,0.715361297,0.693262339,0.083959870,0.024419049
1653512982.171927691,566.393127441,-1164.686401367,18.894346237,0.715361297,0.693262339,0.083959870,0.024419049
1653512982.238473654,566.873779297,-1162.877563477,18.798231125,0.707193613,0.701653719,0.083907269,0.022778386
1653512982.305049419,566.873779297,-1162.877563477,18.798231125,0.707193613,0.701653719,0.083907269,0.022778386
1653512982.371637344,567.353332520,-1160.931396484,18.686758041,0.698865712,0.709988058,0.084047064,0.020972209
1653512982.438925028,567.353332520,-1160.931396484,18.686758041,0.698865712,0.709988058,0.084047064,0.020972209
1653512982.505170345,567.798156738,-1159.048583984,18.596178055,0.690779150,0.717884719,0.084193252,0.019421754
1653512982.572844267,567.798156738,-1159.048583984,18.596178055,0.690779150,0.717884719,0.084193252,0.019421754
1653512982.639064074,568.222351074,-1157.089111328,18.498172760,0.682293236,0.725941718,0.084597141,0.018108118
1653512982.704753399,568.222351074,-1157.089111328,18.498172760,0.682293236,0.725941718,0.084597141,0.018108118
1653512982.771691561,568.604919434,-1155.273681641,18.415927887,0.672903717,0.734522581,0.086112931,0.016176855
1653512982.839657784,568.604919434,-1155.273681641,18.415927887,0.672903717,0.734522581,0.086112931,0.016176855
1653512982.906646967,568.975097656,-1153.255126953,18.309459686,0.662753940,0.743468106,0.088186964,0.015344319
1653512982.971713066,568.975097656,-1153.255126953,18.309459686,0.662753940,0.743468106,0.088186964,0.015344319
1653512983.039287806,569.302307129,-1151.448974609,18.216373444,0.652107716,0.752581120,0.090482287,0.013788939
1653512983.105298281,569.302307129,-1151.448974609,18.216373444,0.652107716,0.752581120,0.090482287,0.013788939
1653512983.179340124,569.621582031,-1149.320556641,18.080118179,0.643096805,0.760137439,0.091981553,0.012528890
1653512983.238537073,569.621582031,-1149.320556641,18.080118179,0.643096805,0.760137439,0.091981553,0.012528890
1653512983.304990053,569.917724609,-1147.255615234,17.955404282,0.635020792,0.766735256,0.093446493,0.011548534
1653512983.376074314,569.917724609,-1147.255615234,17.955404282,0.635020792,0.766735256,0.093446493,0.011548534
1653512983.438403845,570.154174805,-1145.617675781,17.861356735,0.627837837,0.772223234,0.096814550,0.010856470
1653512983.505892038,570.154174805,-1145.617675781,17.861356735,0.627837837,0.772223234,0.096814550,0.010856470
1653512983.571981430,570.379089355,-1143.432983398,17.711227417,0.620763004,0.777939975,0.096499115,0.012271843
1653512983.638098717,570.379089355,-1143.432983398,17.711227417,0.620763004,0.777939975,0.096499115,0.012271843
1653512983.705019474,570.567016602,-1141.388549805,17.574201584,0.614381254,0.783163130,0.095205270,0.011274950
1653512983.771708250,570.567016602,-1141.388549805,17.574201584,0.614381254,0.783163130,0.095205270,0.011274950
1653512983.838240147,570.735717773,-1139.605834961,17.462949753,0.607052326,0.789208353,0.092399850,0.009996693
1653512983.904858351,570.735717773,-1139.605834961,17.462949753,0.607052326,0.789208353,0.092399850,0.009996693
1653512983.972710848,570.872863770,-1137.734741211,17.348613739,0.597828805,0.796531081,0.089687057,0.009758506
1653512984.038580656,570.872863770,-1137.734741211,17.348613739,0.597828805,0.796531081,0.089687057,0.009758506
1653512984.105433226,570.976806641,-1135.590942383,17.214555740,0.588433325,0.803419650,0.090253465,0.010832396
1653512984.171731710,570.976806641,-1135.590942383,17.214555740,0.588433325,0.803419650,0.090253465,0.010832396
1653512984.239676237,571.062866211,-1133.763305664,17.112174988,0.579891741,0.809402585,0.092137910,0.010179930
1653512984.305311918,571.062866211,-1133.763305664,17.112174988,0.579891741,0.809402585,0.092137910,0.010179930
1653512984.372393131,571.090759277,-1131.591186523,16.978956223,0.572307229,0.814494967,0.094501190,0.011485561
1653512984.438219070,571.090759277,-1131.591186523,16.978956223,0.572307229,0.814494967,0.094501190,0.011485561
1653512984.504871845,571.121582031,-1129.760375977,16.878715515,0.565718174,0.818884194,0.096144535,0.012159083
1653512984.572000265,571.121582031,-1129.760375977,16.878715515,0.565718174,0.818884194,0.096144535,0.012159083
1653512984.638386965,571.098205566,-1127.742309570,16.755172729,0.561009943,0.821965218,0.097368851,0.012661560
1653512984.705232143,571.098205566,-1127.742309570,16.755172729,0.561009943,0.821965218,0.097368851,0.012661560
1653512984.772055864,571.050476074,-1125.722290039,16.633430481,0.556395411,0.825022340,0.098033018,0.012321609
1653512984.838567972,571.050476074,-1125.722290039,16.633430481,0.556395411,0.825022340,0.098033018,0.012321609
1653512984.904883146,571.064453125,-1124.292358398,16.560192108,0.552160203,0.827930927,0.097574703,0.011342191
1653512984.971564054,571.064453125,-1124.292358398,16.560192108,0.552160203,0.827930927,0.097574703,0.011342191
1653512985.038232803,570.963928223,-1122.287963867,16.431741714,0.548183143,0.830592752,0.097265936,0.012258308
1653512985.105052948,570.963928223,-1122.287963867,16.431741714,0.548183143,0.830592752,0.097265936,0.012258308
1653512985.172070742,570.809936523,-1120.102416992,16.290170670,0.544413686,0.833215714,0.096115284,0.011278542
1653512985.238639593,570.809936523,-1120.102416992,16.290170670,0.544413686,0.833215714,0.096115284,0.011278542
1653512985.304763794,570.711730957,-1118.458251953,16.202426910,0.541646302,0.835034013,0.096199751,0.009118344
1653512985.372284412,570.711730957,-1118.458251953,16.202426910,0.541646302,0.835034013,0.096199751,0.009118344
1653512985.438583612,570.519226074,-1116.469116211,16.072484970,0.540500164,0.835880697,0.095273294,0.009272830
1653512985.505475283,570.519226074,-1116.469116211,16.072484970,0.540500164,0.835880697,0.095273294,0.009272830
1653512985.572317362,570.304931641,-1114.494262695,15.935937881,0.539378345,0.836634696,0.095041059,0.008980264
1653512985.638292551,570.304931641,-1114.494262695,15.935937881,0.539378345,0.836634696,0.095041059,0.008980264
1653512985.704994917,570.148254395,-1112.957885742,15.834058762,0.537899435,0.837609887,0.094896480,0.008279555
1653512985.771413088,570.148254395,-1112.957885742,15.834058762,0.537899435,0.837609887,0.094896480,0.008279555
1653512985.838331461,569.820800781,-1110.778564453,15.670583725,0.537174821,0.837965846,0.095711939,0.009782710
1653512985.904814959,569.820800781,-1110.778564453,15.670583725,0.537174821,0.837965846,0.095711939,0.009782710
1653512985.972532511,569.664672852,-1109.379882812,15.581215858,0.537309468,0.837840080,0.096116379,0.009176469
1653512986.038180828,569.664672852,-1109.379882812,15.581215858,0.537309468,0.837840080,0.096116379,0.009176469
1653512986.105338097,569.342773438,-1107.415283203,15.431328773,0.537236571,0.837908030,0.095884860,0.009649910
1653512986.173968077,569.342773438,-1107.415283203,15.431328773,0.537236571,0.837908030,0.095884860,0.009649910
1653512986.238059759,568.885620117,-1105.052978516,15.243310928,0.537372053,0.837887287,0.095260344,0.010078794
1653512986.305212498,568.885620117,-1105.052978516,15.243310928,0.537372053,0.837887287,0.095260344,0.010078794
1653512986.371530294,568.712158203,-1103.839599609,15.171842575,0.538382113,0.837381780,0.094191350,0.008030520
1653512986.438386202,568.712158203,-1103.839599609,15.171842575,0.538382113,0.837381780,0.094191350,0.008030520
1653512986.504965544,568.255126953,-1101.763793945,15.009163857,0.538941026,0.837130547,0.093254238,0.007660177
1653512986.574990511,568.255126953,-1101.763793945,15.009163857,0.538941026,0.837130547,0.093254238,0.007660177
1653512986.638289213,567.860107422,-1100.009155273,14.883268356,0.538733423,0.837498188,0.091267377,0.005774296
1653512986.704921961,567.860107422,-1100.009155273,14.883268356,0.538733423,0.837498188,0.091267377,0.005774296
1653512986.771554708,567.468688965,-1098.355834961,14.756644249,0.538547218,0.837964892,0.088098802,0.004513183
1653512986.838293076,567.468688965,-1098.355834961,14.756644249,0.538547218,0.837964892,0.088098802,0.004513183
1653512986.905043602,566.952514648,-1096.421875000,14.599570274,0.537647963,0.838838577,0.085197076,0.005094154
1653512986.972157240,566.952514648,-1096.421875000,14.599570274,0.537647963,0.838838577,0.085197076,0.005094154
1653512987.038214684,566.557006836,-1094.873901367,14.479496956,0.535699785,0.840296209,0.083101548,0.004707331
1653512987.104723930,566.557006836,-1094.873901367,14.479496956,0.535699785,0.840296209,0.083101548,0.004707331
1653512987.171597719,566.058044434,-1093.149536133,14.335225105,0.533122897,0.842068911,0.081724122,0.004599717
1653512987.239071846,566.058044434,-1093.149536133,14.335225105,0.533122897,0.842068911,0.081724122,0.004599717
1653512987.304830313,565.425048828,-1091.150024414,14.166683197,0.529780746,0.844337285,0.080025397,0.004774560
1653512987.374302387,565.425048828,-1091.150024414,14.166683197,0.529780746,0.844337285,0.080025397,0.004774560
1653512987.438054800,564.912597656,-1089.532104492,14.039048195,0.526217163,0.846812665,0.077408440,0.003436032
1653512987.504743576,564.912597656,-1089.532104492,14.039048195,0.526217163,0.846812665,0.077408440,0.003436032
1653512987.571573257,564.215820312,-1087.570800781,13.876739502,0.521868169,0.849624276,0.076038711,0.003215698
1653512987.638792753,564.215820312,-1087.570800781,13.876739502,0.521868169,0.849624276,0.076038711,0.003215698
1653512987.704832792,563.693664551,-1086.084594727,13.776363373,0.516327262,0.853096604,0.075013764,0.002299276
1653512987.771955967,563.693664551,-1086.084594727,13.776363373,0.516327262,0.853096604,0.075013764,0.002299276
1653512987.842143536,562.976623535,-1084.232421875,13.642354012,0.510450423,0.856603205,0.075262517,0.002619045
1653512987.905296087,562.976623535,-1084.232421875,13.642354012,0.510450423,0.856603205,0.075262517,0.002619045
1653512987.971415520,562.241943359,-1082.396606445,13.524353027,0.504956603,0.859550476,0.078668661,0.001756738
1653512988.038406610,562.241943359,-1082.396606445,13.524353027,0.504956603,0.859550476,0.078668661,0.001756738
1653512988.104806185,561.592468262,-1080.787475586,13.427474022,0.500226080,0.862107575,0.080893360,0.000842383
1653512988.171473265,561.592468262,-1080.787475586,13.427474022,0.500226080,0.862107575,0.080893360,0.000842383
1653512988.238441467,560.863769531,-1079.052978516,13.317481995,0.496504307,0.864046872,0.083102763,-0.000640389
1653512988.304987907,560.863769531,-1079.052978516,13.317481995,0.496504307,0.864046872,0.083102763,-0.000640389
1653512988.371607780,560.029479980,-1077.153564453,13.185874939,0.493534178,0.865541697,0.085196994,-0.001739723
1653512988.438327789,560.029479980,-1077.153564453,13.185874939,0.493534178,0.865541697,0.085196994,-0.001739723
1653512988.504765749,559.416931152,-1075.699951172,13.096929550,0.490946829,0.866927266,0.086025797,-0.002810662
1653512988.575938463,559.416931152,-1075.699951172,13.096929550,0.490946829,0.866927266,0.086025797,-0.002810662
1653512988.642119408,558.486755371,-1073.748901367,12.943837166,0.488291293,0.868269145,0.087583371,-0.003070929
1653512988.704946041,558.486755371,-1073.748901367,12.943837166,0.488291293,0.868269145,0.087583371,-0.003070929
1653512988.773265123,557.747619629,-1072.153564453,12.836265564,0.484499723,0.870610416,0.085301906,-0.004587790
1653512988.840379715,557.747619629,-1072.153564453,12.836265564,0.484499723,0.870610416,0.085301906,-0.004587790
1653512988.904964209,556.943664551,-1070.534423828,12.721346855,0.479997277,0.873262346,0.083510928,-0.006432375
1653512988.971514702,556.943664551,-1070.534423828,12.721346855,0.479997277,0.873262346,0.083510928,-0.006432375
1653512989.040518999,556.170898438,-1069.009521484,12.612676620,0.474939704,0.876223505,0.081107587,-0.009283209
1653512989.104753494,556.170898438,-1069.009521484,12.612676620,0.474939704,0.876223505,0.081107587,-0.009283209
1653512989.172756910,555.201843262,-1067.234130859,12.472419739,0.468638569,0.879807115,0.078651451,-0.011459102
1653512989.238219738,555.201843262,-1067.234130859,12.472419739,0.468638569,0.879807115,0.078651451,-0.011459102
1653512989.304747105,554.396545410,-1065.753662109,12.374989510,0.461877227,0.883578479,0.075968303,-0.013687435
1653512989.371629715,554.396545410,-1065.753662109,12.374989510,0.461877227,0.883578479,0.075968303,-0.013687435
1653512989.438212872,553.485717773,-1064.125366211,12.252612114,0.455984592,0.886617184,0.075721033,-0.015946789
1653512989.504727364,553.485717773,-1064.125366211,12.252612114,0.455984592,0.886617184,0.075721033,-0.015946789
1653512989.573599339,552.571044922,-1062.524902344,12.132403374,0.451296866,0.888837159,0.077516682,-0.017053312
1653512989.638259411,552.571044922,-1062.524902344,12.132403374,0.451296866,0.888837159,0.077516682,-0.017053312
1653512989.706996918,551.525634766,-1060.766357422,11.991147995,0.447284669,0.890704691,0.079565123,-0.015842149
1653512989.771784306,551.525634766,-1060.766357422,11.991147995,0.447284669,0.890704691,0.079565123,-0.015842149
1653512989.839789152,550.646911621,-1059.273437500,11.882020950,0.444342852,0.892083049,0.080435343,-0.016656362
1653512989.905484915,550.646911621,-1059.273437500,11.882020950,0.444342852,0.892083049,0.080435343,-0.016656362
1653512989.971984386,549.641357422,-1057.649047852,11.752743721,0.442248791,0.893209517,0.079141840,-0.018147735
1653512990.038418293,549.641357422,-1057.649047852,11.752743721,0.442248791,0.893209517,0.079141840,-0.018147735
1653512990.104805708,548.547302246,-1055.951171875,11.607912064,0.440314680,0.894347548,0.076648235,-0.019762287
1653512990.171681881,548.547302246,-1055.951171875,11.607912064,0.440314680,0.894347548,0.076648235,-0.019762287
1653512990.238287210,547.589172363,-1054.456176758,11.492788315,0.438042700,0.895651281,0.073633552,-0.022482583
1653512990.304970980,547.589172363,-1054.456176758,11.492788315,0.438042700,0.895651281,0.073633552,-0.022482583
1653512990.372891665,546.454650879,-1052.787597656,11.351339340,0.435444891,0.897030115,0.071405225,-0.025020383
1653512990.439856291,546.454650879,-1052.787597656,11.351339340,0.435444891,0.897030115,0.071405225,-0.025020383
1653512990.504721880,545.474121094,-1051.321899414,11.241775513,0.431552649,0.898871720,0.070752092,-0.028036404
1653512990.572552919,545.474121094,-1051.321899414,11.241775513,0.431552649,0.898871720,0.070752092,-0.028036404
1653512990.638033390,544.406799316,-1049.806640625,11.114361763,0.427064776,0.900952280,0.070724703,-0.029978383
1653512990.704680443,544.406799316,-1049.806640625,11.114361763,0.427064776,0.900952280,0.070724703,-0.029978383
1653512990.772369862,543.130065918,-1048.089599609,10.956256866,0.422402173,0.903084219,0.070876405,-0.031492990
1653512990.838733196,543.130065918,-1048.089599609,10.956256866,0.422402173,0.903084219,0.070876405,-0.031492990
1653512990.905481100,542.170349121,-1046.745117188,10.849519730,0.417565793,0.905331075,0.069815673,-0.033767618
1653512990.971750975,542.170349121,-1046.745117188,10.849519730,0.417565793,0.905331075,0.069815673,-0.033767618
1653512991.038215876,541.016601562,-1045.221313477,10.705554008,0.412714332,0.907615125,0.068051323,-0.035645790
1653512991.105070829,541.016601562,-1045.221313477,10.705554008,0.412714332,0.907615125,0.068051323,-0.035645790
1653512991.171529293,539.968872070,-1043.826782227,10.579173088,0.408692867,0.909518540,0.065753743,-0.037717886
1653512991.238102913,539.968872070,-1043.826782227,10.579173088,0.408692867,0.909518540,0.065753743,-0.037717886
1653512991.304782629,538.738403320,-1042.261108398,10.425656319,0.405458987,0.910984278,0.064568646,-0.039263099
1653512991.371834040,538.738403320,-1042.261108398,10.425656319,0.405458987,0.910984278,0.064568646,-0.039263099
1653512991.439472914,537.607910156,-1040.809936523,10.286354065,0.403024554,0.912071407,0.063337080,-0.041052621
1653512991.505193233,537.607910156,-1040.809936523,10.286354065,0.403024554,0.912071407,0.063337080,-0.041052621
1653512991.573064089,536.575622559,-1039.453735352,10.161795616,0.400197536,0.913294196,0.062576264,-0.042659596
1653512991.638746977,536.575622559,-1039.453735352,10.161795616,0.400197536,0.913294196,0.062576264,-0.042659596
1653512991.705263615,535.434204102,-1038.018798828,10.015766144,0.397739708,0.914341152,0.062472668,-0.043364894
1653512991.772422075,535.434204102,-1038.018798828,10.015766144,0.397739708,0.914341152,0.062472668,-0.043364894
1653512991.838058949,534.162841797,-1036.487060547,9.847517014,0.395867676,0.915128827,0.062838808,-0.043351170
1653512991.905065536,534.162841797,-1036.487060547,9.847517014,0.395867676,0.915128827,0.062838808,-0.043351170
1653512991.971558809,533.139099121,-1035.205078125,9.710802078,0.393767864,0.915962219,0.063058503,-0.044539116
1653512992.040899038,533.139099121,-1035.205078125,9.710802078,0.393767864,0.915962219,0.063058503,-0.044539116
1653512992.104912996,531.904113770,-1033.756469727,9.541151047,0.391251624,0.917079628,0.062697485,-0.044229031
1653512992.171661854,531.904113770,-1033.756469727,9.541151047,0.391251624,0.917079628,0.062697485,-0.044229031
1653512992.238309860,530.739074707,-1032.387573242,9.385131836,0.388721794,0.918222308,0.061596241,-0.044374287
1653512992.305243492,530.739074707,-1032.387573242,9.385131836,0.388721794,0.918222308,0.061596241,-0.044374287
1653512992.371894836,529.562011719,-1031.024291992,9.234923363,0.386181951,0.919363737,0.060145915,-0.044903293
1653512992.438023329,529.562011719,-1031.024291992,9.234923363,0.386181951,0.919363737,0.060145915,-0.044903293
1653512992.504758835,528.379394531,-1029.672363281,9.090325356,0.383167624,0.920768082,0.057555135,-0.045344867
1653512992.572231531,528.379394531,-1029.672363281,9.090325356,0.383167624,0.920768082,0.057555135,-0.045344867
1653512992.638621807,527.200927734,-1028.357177734,8.951784134,0.380041838,0.922142267,0.055480964,-0.046299856
1653512992.704674959,527.200927734,-1028.357177734,8.951784134,0.380041838,0.922142267,0.055480964,-0.046299856
1653512992.775064468,526.033508301,-1027.059692383,8.819305420,0.376945138,0.923431396,0.053287659,-0.048447952
1653512992.838116646,526.033508301,-1027.059692383,8.819305420,0.376945138,0.923431396,0.053287659,-0.048447952
1653512992.904703617,524.642578125,-1025.588623047,8.663089752,0.373538136,0.924824536,0.051711671,-0.049947627
1653512992.972961426,524.642578125,-1025.588623047,8.663089752,0.373538136,0.924824536,0.051711671,-0.049947627
1653512993.037928104,523.573242188,-1024.411743164,8.543936729,0.370486468,0.925998449,0.051414065,-0.051218085
1653512993.105121613,523.573242188,-1024.411743164,8.543936729,0.370486468,0.925998449,0.051414065,-0.051218085
1653512993.171752214,522.315917969,-1023.088989258,8.388806343,0.367828935,0.927019358,0.051614244,-0.051701095
1653512993.238880157,522.315917969,-1023.088989258,8.388806343,0.367828935,0.927019358,0.051614244,-0.051701095
1653512993.304916143,521.160156250,-1021.848571777,8.243967056,0.365302801,0.928044617,0.051293239,-0.051537078
1653512993.371842861,521.160156250,-1021.848571777,8.243967056,0.365302801,0.928044617,0.051293239,-0.051537078
1653512993.438040257,520.051757812,-1020.649169922,8.099724770,0.362689465,0.929134130,0.050685432,-0.050961889
1653512993.504780531,520.051757812,-1020.649169922,8.099724770,0.362689465,0.929134130,0.050685432,-0.050961889
1653512993.571409225,518.819641113,-1019.366394043,7.937021732,0.360153377,0.930142283,0.050748657,-0.050491612
1653512993.638526678,518.819641113,-1019.366394043,7.937021732,0.360153377,0.930142283,0.050748657,-0.050491612
1653512993.704815149,517.602233887,-1018.103332520,7.779290676,0.357980907,0.930985391,0.050667074,-0.050484400
1653512993.771510601,517.602233887,-1018.103332520,7.779290676,0.357980907,0.930985391,0.050667074,-0.050484400
1653512993.839307785,516.408447266,-1016.869323730,7.625739098,0.355871201,0.931720972,0.051157054,-0.051328808
1653512993.904986382,516.408447266,-1016.869323730,7.625739098,0.355871201,0.931720972,0.051157054,-0.051328808
1653512993.971404791,515.356689453,-1015.754333496,7.489625454,0.353718847,0.932531238,0.051004559,-0.051643401
1653512994.038265944,515.356689453,-1015.754333496,7.489625454,0.353718847,0.932531238,0.051004559,-0.051643401
1653512994.104812145,513.991760254,-1014.440551758,7.309854984,0.351748854,0.933266222,0.051840857,-0.050984569
1653512994.173690081,513.991760254,-1014.440551758,7.309854984,0.351748854,0.933266222,0.051840857,-0.050984569
1653512994.237947226,512.694580078,-1013.192443848,7.137209415,0.350051701,0.933870733,0.052629013,-0.050788742
1653512994.304841280,512.694580078,-1013.192443848,7.137209415,0.350051701,0.933870733,0.052629013,-0.050788742
1653512994.371435642,511.580352783,-1012.082092285,6.984040737,0.347838432,0.934733272,0.051629234,-0.051152699
1653512994.438112497,511.580352783,-1012.082092285,6.984040737,0.347838432,0.934733272,0.051629234,-0.051152699
1653512994.504729033,510.358215332,-1010.902282715,6.808623314,0.345490366,0.935723484,0.050386615,-0.050191198
1653512994.571455717,510.358215332,-1010.902282715,6.808623314,0.345490366,0.935723484,0.050386615,-0.050191198
1653512994.639071703,509.062469482,-1009.677978516,6.619945049,0.344094604,0.936274290,0.049695294,-0.050196547
1653512994.704674482,509.062469482,-1009.677978516,6.619945049,0.344094604,0.936274290,0.049695294,-0.050196547
1653512994.772435904,507.740997314,-1008.446411133,6.426321983,0.343120605,0.936666012,0.048719484,-0.050511833
1653512994.838790894,507.740997314,-1008.446411133,6.426321983,0.343120605,0.936666012,0.048719484,-0.050511833
1653512994.904986620,506.546264648,-1007.310302734,6.250428677,0.341892898,0.937204957,0.047171239,-0.050308842
1653512994.972625256,506.546264648,-1007.310302734,6.250428677,0.341892898,0.937204957,0.047171239,-0.050308842
1653512995.038314819,505.271209717,-1006.135742188,6.062722206,0.340949297,0.937598705,0.046356808,-0.050132874
1653512995.105075359,505.271209717,-1006.135742188,6.062722206,0.340949297,0.937598705,0.046356808,-0.050132874
1653512995.171494961,503.972534180,-1004.954223633,5.877515793,0.340508640,0.937755585,0.045823682,-0.050680969
1653512995.240976334,503.972534180,-1004.954223633,5.877515793,0.340508640,0.937755585,0.045823682,-0.050680969
1653512995.305555582,502.717803955,-1003.815612793,5.692658901,0.339617401,0.938114524,0.044851087,-0.050887395
1653512995.371704578,502.717803955,-1003.815612793,5.692658901,0.339617401,0.938114524,0.044851087,-0.050887395
1653512995.438042164,501.475555420,-1002.698181152,5.507951260,0.338912189,0.938408136,0.043687899,-0.051186092
1653512995.504707813,501.475555420,-1002.698181152,5.507951260,0.338912189,0.938408136,0.043687899,-0.051186092
1653512995.571804285,500.339050293,-1001.660888672,5.342405796,0.338780671,0.938519359,0.041831478,-0.051567767
1653512995.639519215,500.339050293,-1001.660888672,5.342405796,0.338780671,0.938519359,0.041831478,-0.051567767
1653512995.705320120,498.914733887,-1000.451782227,5.134675503,0.338391960,0.938657343,0.040324211,-0.052793957
1653512995.772505045,498.914733887,-1000.451782227,5.134675503,0.338391960,0.938657343,0.040324211,-0.052793957
1653512995.838066816,497.613311768,-999.324584961,4.939404011,0.337988466,0.938866198,0.037647534,-0.053634908
1653512995.904762983,497.613311768,-999.324584961,4.939404011,0.337988466,0.938866198,0.037647534,-0.053634908
1653512995.971569538,496.325378418,-998.217285156,4.746575356,0.337219924,0.939143062,0.035493854,-0.055074602
1653512996.037989140,496.325378418,-998.217285156,4.746575356,0.337219924,0.939143062,0.035493854,-0.055074602
1653512996.104862452,495.149780273,-997.178649902,4.568140030,0.336306423,0.939471543,0.033304736,-0.056409385
1653512996.171698809,495.149780273,-997.178649902,4.568140030,0.336306423,0.939471543,0.033304736,-0.056409385
1653512996.237940788,493.782745361,-996.030212402,4.359688759,0.335219413,0.939855576,0.032098323,-0.057176590
1653512996.304811001,493.782745361,-996.030212402,4.359688759,0.335219413,0.939855576,0.032098323,-0.057176590
1653512996.372017384,492.540771484,-994.963195801,4.169581890,0.334127694,0.940295696,0.029975139,-0.057482131
1653512996.438388109,492.540771484,-994.963195801,4.169581890,0.334127694,0.940295696,0.029975139,-0.057482131
1653512996.504993677,491.253540039,-993.861511230,3.976081133,0.333134443,0.940737367,0.028171947,-0.056929823
1653512996.571323395,491.253540039,-993.861511230,3.976081133,0.333134443,0.940737367,0.028171947,-0.056929823
1653512996.640495062,490.037353516,-992.806884766,3.793406963,0.332808197,0.940941572,0.026801918,-0.056119062
1653512996.704679012,490.037353516,-992.806884766,3.793406963,0.332808197,0.940941572,0.026801918,-0.056119062
1653512996.771484852,488.789031982,-991.734069824,3.611318350,0.332551509,0.941095591,0.025346739,-0.055732526
1653512996.839174747,488.789031982,-991.734069824,3.611318350,0.332551509,0.941095591,0.025346739,-0.055732526
1653512996.904666185,487.451141357,-990.614440918,3.415271282,0.332791626,0.941077352,0.024451137,-0.055002168
1653512996.971971989,487.451141357,-990.614440918,3.415271282,0.332791626,0.941077352,0.024451137,-0.055002168
1653512997.038716555,486.350097656,-989.615356445,3.257205009,0.334006429,0.940645218,0.023893319,-0.055275559
1653512997.104618549,486.350097656,-989.615356445,3.257205009,0.334006429,0.940645218,0.023893319,-0.055275559
1653512997.172584772,485.027679443,-988.489990234,3.067492008,0.335211426,0.940205991,0.024525685,-0.055176731
1653512997.237959623,485.027679443,-988.489990234,3.067492008,0.335211426,0.940205991,0.024525685,-0.055176731
1653512997.304567814,483.822357178,-987.430419922,2.901418924,0.336544693,0.939690948,0.025199693,-0.055529736
1653512997.371359348,483.822357178,-987.430419922,2.901418924,0.336544693,0.939690948,0.025199693,-0.055529736
1653512997.438137293,482.522766113,-986.328063965,2.724769831,0.337936729,0.939094841,0.026575696,-0.056510314
1653512997.504647255,482.522766113,-986.328063965,2.724769831,0.337936729,0.939094841,0.026575696,-0.056510314
1653512997.574231148,481.301483154,-985.265869141,2.561208725,0.339928597,0.938342750,0.027527248,-0.056601364
1653512997.637998819,481.301483154,-985.265869141,2.561208725,0.339928597,0.938342750,0.027527248,-0.056601364
1653512997.705234289,480.083251953,-984.200500488,2.397750378,0.342173994,0.937485695,0.028573237,-0.056755230
1653512997.771732330,480.083251953,-984.200500488,2.397750378,0.342173994,0.937485695,0.028573237,-0.056755230
1653512997.838040829,478.665618896,-983.051879883,2.203373432,0.344503313,0.936597168,0.029549310,-0.056833394
1653512997.905097485,478.665618896,-983.051879883,2.203373432,0.344503313,0.936597168,0.029549310,-0.056833394
1653512997.971542358,477.490631104,-982.033630371,2.047521353,0.346139908,0.935923636,0.030553646,-0.057450399
1653512998.039137602,477.490631104,-982.033630371,2.047521353,0.346139908,0.935923636,0.030553646,-0.057450399
1653512998.104700804,476.300567627,-981.011840820,1.890354395,0.347105443,0.935504198,0.031267967,-0.058069162
1653512998.173099518,476.300567627,-981.011840820,1.890354395,0.347105443,0.935504198,0.031267967,-0.058069162
1653512998.238136053,474.938018799,-979.901062012,1.705815434,0.347759485,0.935173154,0.032337818,-0.058896258
1653512998.304692507,474.938018799,-979.901062012,1.705815434,0.347759485,0.935173154,0.032337818,-0.058896258
1653512998.372908831,473.595489502,-978.805541992,1.523216724,0.347645372,0.935146272,0.032739881,-0.059768461
1653512998.437889099,473.595489502,-978.805541992,1.523216724,0.347645372,0.935146272,0.032739881,-0.059768461
1653512998.504698038,472.493530273,-977.841674805,1.372327566,0.346914798,0.935359299,0.033380825,-0.060322873
1653512998.572678566,472.493530273,-977.841674805,1.372327566,0.346914798,0.935359299,0.033380825,-0.060322873
1653512998.638727665,471.174468994,-976.774536133,1.192451000,0.346329689,0.935532391,0.034583148,-0.060323261
1653512998.704923868,471.174468994,-976.774536133,1.192451000,0.346329689,0.935532391,0.034583148,-0.060323261
1653512998.771330595,469.967041016,-975.770568848,1.029912710,0.345262706,0.935912430,0.035141323,-0.060222063
1653512998.837964296,469.967041016,-975.770568848,1.029912710,0.345262706,0.935912430,0.035141323,-0.060222063
1653512998.904681921,468.715301514,-974.742431641,0.855186224,0.344182581,0.936367750,0.035442203,-0.059140515
1653512998.971443415,468.715301514,-974.742431641,0.855186224,0.344182581,0.936367750,0.035442203,-0.059140515
1653512999.037881851,467.445861816,-973.706359863,0.672706306,0.344584256,0.936250865,0.036693513,-0.057875790
1653512999.104515314,467.445861816,-973.706359863,0.672706306,0.344584256,0.936250865,0.036693513,-0.057875790
1653512999.171307564,466.422912598,-972.807250977,0.521390259,0.344727963,0.936173081,0.037509553,-0.057754561
1653512999.239604950,466.422912598,-972.807250977,0.521390259,0.344727963,0.936173081,0.037509553,-0.057754561
1653512999.304535627,465.053924561,-971.728698730,0.322531432,0.345484287,0.935905695,0.038170286,-0.057132736
1653512999.371323347,465.053924561,-971.728698730,0.322531432,0.345484287,0.935905695,0.038170286,-0.057132736
1653512999.441348553,463.847259521,-970.737121582,0.147394925,0.346184582,0.935654104,0.038296428,-0.056930069
1653512999.504595757,463.847259521,-970.737121582,0.147394925,0.346184582,0.935654104,0.038296428,-0.056930069
1653512999.572347403,462.673614502,-969.759643555,-0.024432307,0.347363025,0.935255468,0.038016666,-0.056487549
1653512999.638147831,462.673614502,-969.759643555,-0.024432307,0.347363025,0.935255468,0.038016666,-0.056487549
1653512999.704633236,461.449279785,-968.774658203,-0.205911666,0.348954439,0.934675992,0.037919477,-0.056335390
1653512999.771947861,461.449279785,-968.774658203,-0.205911666,0.348954439,0.934675992,0.037919477,-0.056335390
1653512999.837999821,460.277770996,-967.812866211,-0.385204613,0.350440830,0.934132278,0.037310053,-0.056533821
1653512999.904704571,460.277770996,-967.812866211,-0.385204613,0.350440830,0.934132278,0.037310053,-0.056533821
1653512999.979657888,459.125030518,-966.866210938,-0.564925194,0.352471083,0.933408678,0.036962260,-0.056090992
1653513000.039044142,459.125030518,-966.866210938,-0.564925194,0.352471083,0.933408678,0.036962260,-0.056090992
1653513000.104960918,457.936248779,-965.885009766,-0.746376574,0.354385972,0.932726324,0.036208350,-0.055867627
1653513000.172086239,457.936248779,-965.885009766,-0.746376574,0.354385972,0.932726324,0.036208350,-0.055867627
1653513000.238021374,456.691802979,-964.920410156,-0.939261734,0.356139898,0.932086349,0.035702705,-0.055719987
1653513000.304904222,456.691802979,-964.920410156,-0.939261734,0.356139898,0.932086349,0.035702705,-0.055719987
1653513000.371258259,455.599151611,-964.024353027,-1.113522530,0.357925773,0.931454420,0.034983288,-0.055298962
1653513000.439853430,455.599151611,-964.024353027,-1.113522530,0.357925773,0.931454420,0.034983288,-0.055298962
1653513000.504588127,454.365356445,-963.060119629,-1.306023598,0.359679252,0.930813491,0.033844844,-0.055422157
1653513000.571429729,454.365356445,-963.060119629,-1.306023598,0.359679252,0.930813491,0.033844844,-0.055422157
1653513000.639382124,453.284606934,-962.183593750,-1.475962162,0.360757679,0.930448294,0.032337438,-0.055445250
1653513000.704680443,453.284606934,-962.183593750,-1.475962162,0.360757679,0.930448294,0.032337438,-0.055445250
1653513000.773924112,451.974304199,-961.187133789,-1.673411250,0.361750752,0.930076003,0.030499281,-0.056256473
1653513000.839157343,451.974304199,-961.187133789,-1.673411250,0.361750752,0.930076003,0.030499281,-0.056256473
1653513000.905523300,450.820892334,-960.278442383,-1.852133274,0.362217903,0.929871619,0.029469207,-0.057170901
1653513000.971355677,450.820892334,-960.278442383,-1.852133274,0.362217903,0.929871619,0.029469207,-0.057170901
1653513001.038026094,449.717620850,-959.394714355,-2.024322748,0.362886906,0.929645419,0.027549496,-0.057563335
1653513001.104484797,449.717620850,-959.394714355,-2.024322748,0.362886906,0.929645419,0.027549496,-0.057563335
1653513001.171574593,448.404998779,-958.402343750,-2.227602720,0.362676978,0.929755032,0.026587589,-0.057568453
1653513001.239049435,448.404998779,-958.402343750,-2.227602720,0.362676978,0.929755032,0.026587589,-0.057568453
1653513001.304619789,447.361389160,-957.551757812,-2.396135807,0.362431854,0.929839790,0.026643068,-0.057717256
1653513001.371322632,447.361389160,-957.551757812,-2.396135807,0.362431854,0.929839790,0.026643068,-0.057717256
1653513001.438452959,446.144561768,-956.616699219,-2.591584682,0.361478716,0.930260599,0.025118155,-0.057597481
1653513001.504544258,446.144561768,-956.616699219,-2.591584682,0.361478716,0.930260599,0.025118155,-0.057597481
1653513001.571331263,445.054687500,-955.736083984,-2.777909756,0.360937357,0.930496931,0.024546290,-0.057420570
1653513001.637951374,445.054687500,-955.736083984,-2.777909756,0.360937357,0.930496931,0.024546290,-0.057420570
1653513001.704586267,443.940429688,-954.847534180,-2.971457005,0.360559046,0.930710495,0.023632545,-0.056715369
1653513001.772369623,443.940429688,-954.847534180,-2.971457005,0.360559046,0.930710495,0.023632545,-0.056715369
1653513001.837838173,442.843811035,-953.963500977,-3.159133673,0.360632539,0.930727065,0.022986950,-0.056239475
1653513001.905114651,442.843811035,-953.963500977,-3.159133673,0.360632539,0.930727065,0.022986950,-0.056239475
1653513001.971369982,441.746154785,-953.076171875,-3.353768110,0.360178918,0.930997252,0.022444291,-0.054877613
1653513002.037947893,441.746154785,-953.076171875,-3.353768110,0.360178918,0.930997252,0.022444291,-0.054877613
1653513002.104752541,440.657562256,-952.191162109,-3.545026302,0.359415919,0.931386471,0.021176320,-0.053767610
1653513002.174499989,440.657562256,-952.191162109,-3.545026302,0.359415919,0.931386471,0.021176320,-0.053767610
1653513002.237895250,439.679809570,-951.356018066,-3.716959715,0.359019637,0.931598067,0.020590534,-0.052971076
1653513002.304627895,439.679809570,-951.356018066,-3.716959715,0.359019637,0.931598067,0.020590534,-0.052971076
1653513002.372524977,438.421203613,-950.376220703,-3.923269272,0.359463811,0.931377590,0.020444263,-0.053885207
1653513002.438208342,438.421203613,-950.376220703,-3.923269272,0.359463811,0.931377590,0.020444263,-0.053885207
1653513002.504603386,437.440612793,-949.533447266,-4.074675560,0.359521598,0.931356072,0.019878771,-0.054082785
1653513002.572186947,437.440612793,-949.533447266,-4.074675560,0.359521598,0.931356072,0.019878771,-0.054082785
1653513002.637950420,436.477539062,-948.698730469,-4.218163013,0.360702217,0.930784166,0.019469561,-0.056175891
1653513002.705096006,436.477539062,-948.698730469,-4.218163013,0.360702217,0.930784166,0.019469561,-0.056175891
1653513002.771561384,435.424560547,-947.807922363,-4.376224041,0.361914754,0.930203497,0.019727116,-0.057878770
1653513002.840157032,435.424560547,-947.807922363,-4.376224041,0.361914754,0.930203497,0.019727116,-0.057878770
1653513002.906319857,434.220916748,-946.836853027,-4.553304195,0.362777740,0.929716468,0.020156693,-0.060110886
1653513002.971750736,434.220916748,-946.836853027,-4.553304195,0.362777740,0.929716468,0.020156693,-0.060110886
1653513003.038213730,433.249664307,-945.971984863,-4.702170372,0.365336746,0.928572714,0.021733226,-0.061720248
1653513003.104865789,433.249664307,-945.971984863,-4.702170372,0.365336746,0.928572714,0.021733226,-0.061720248
1653513003.173648834,432.204559326,-945.069213867,-4.864271641,0.367795825,0.927501678,0.024142530,-0.062321287
1653513003.237938881,432.204559326,-945.069213867,-4.864271641,0.367795825,0.927501678,0.024142530,-0.062321287
1653513003.304514408,431.166137695,-944.154357910,-5.030446053,0.369829118,0.926622808,0.026883613,-0.062240716
1653513003.373740911,431.166137695,-944.154357910,-5.030446053,0.369829118,0.926622808,0.026883613,-0.062240716
1653513003.439920187,430.223510742,-943.303527832,-5.184934139,0.372112006,0.925672710,0.029800013,-0.061437808
1653513003.505736828,430.223510742,-943.303527832,-5.184934139,0.372112006,0.925672710,0.029800013,-0.061437808
1653513003.572120905,429.096862793,-942.340209961,-5.365610123,0.374633729,0.924673975,0.032137293,-0.059956491
1653513003.637900114,429.096862793,-942.340209961,-5.365610123,0.374633729,0.924673975,0.032137293,-0.059956491
1653513003.704510212,428.258453369,-941.546508789,-5.499324799,0.375523120,0.924340308,0.033917893,-0.058540702
1653513003.772584438,428.258453369,-941.546508789,-5.499324799,0.375523120,0.924340308,0.033917893,-0.058540702
1653513003.839160681,427.224395752,-940.654724121,-5.656344891,0.377029032,0.923765123,0.035416290,-0.057033230
1653513003.904804707,427.224395752,-940.654724121,-5.656344891,0.377029032,0.923765123,0.035416290,-0.057033230
1653513003.971769333,426.155212402,-939.741882324,-5.811210632,0.377286553,0.923645258,0.036217254,-0.056768227
1653513004.038069487,426.155212402,-939.741882324,-5.811210632,0.377286553,0.923645258,0.036217254,-0.056768227
1653513004.104518414,425.173217773,-938.889160156,-5.948204041,0.376632184,0.923866868,0.037744597,-0.056511365
1653513004.171569347,425.173217773,-938.889160156,-5.948204041,0.376632184,0.923866868,0.037744597,-0.056511365
1653513004.238700628,424.351806641,-938.135253906,-6.063561916,0.375433028,0.924333274,0.038921330,-0.056064051
1653513004.306221485,424.351806641,-938.135253906,-6.063561916,0.375433028,0.924333274,0.038921330,-0.056064051
1653513004.371337414,423.197937012,-937.204040527,-6.220595360,0.374007285,0.924943566,0.040626939,-0.054290187
1653513004.439930677,423.197937012,-937.204040527,-6.220595360,0.374007285,0.924943566,0.040626939,-0.054290187
1653513004.504823685,422.235534668,-936.397949219,-6.353572369,0.372060359,0.925702691,0.041802082,-0.053834870
1653513004.571995974,422.235534668,-936.397949219,-6.353572369,0.372060359,0.925702691,0.041802082,-0.053834870
1653513004.637818575,421.197387695,-935.558593750,-6.495382309,0.369994432,0.926564872,0.042351574,-0.052801836
1653513004.704994678,421.197387695,-935.558593750,-6.495382309,0.369994432,0.926564872,0.042351574,-0.052801836
1653513004.771264553,420.189514160,-934.742065430,-6.626212120,0.368341804,0.927183151,0.043606084,-0.052480247
1653513004.838391304,420.189514160,-934.742065430,-6.626212120,0.368341804,0.927183151,0.043606084,-0.052480247
1653513004.904451370,419.187225342,-933.929443359,-6.753420830,0.366533220,0.927911341,0.044067916,-0.051883813
1653513004.972299814,419.187225342,-933.929443359,-6.753420830,0.366533220,0.927911341,0.044067916,-0.051883813
1653513005.038523197,418.108764648,-933.084289551,-6.883607864,0.365587085,0.928308487,0.044952992,-0.050681915
1653513005.105537653,418.108764648,-933.084289551,-6.883607864,0.365587085,0.928308487,0.044952992,-0.050681915
1653513005.171448469,417.197662354,-932.330993652,-6.993000031,0.365382135,0.928370297,0.045733754,-0.050327659
1653513005.237995625,417.197662354,-932.330993652,-6.993000031,0.365382135,0.928370297,0.045733754,-0.050327659
1653513005.304613829,416.112701416,-931.491455078,-7.122789383,0.365396291,0.928491473,0.044740681,-0.048861310
1653513005.371319532,416.112701416,-931.491455078,-7.122789383,0.365396291,0.928491473,0.044740681,-0.048861310
1653513005.438782692,415.097686768,-930.701354980,-7.242117882,0.364867747,0.928729177,0.042499822,-0.050273571
1653513005.504572153,415.097686768,-930.701354980,-7.242117882,0.364867747,0.928729177,0.042499822,-0.050273571
1653513005.571792364,414.066741943,-929.906677246,-7.364567280,0.364766598,0.928901494,0.039065938,-0.050608236
1653513005.639149666,414.066741943,-929.906677246,-7.364567280,0.364766598,0.928901494,0.039065938,-0.050608236
1653513005.705611467,413.114288330,-929.166992188,-7.478621006,0.363624424,0.929448068,0.035884496,-0.051145986
1653513005.771266699,413.114288330,-929.166992188,-7.478621006,0.363624424,0.929448068,0.035884496,-0.051145986
1653513005.837967396,412.171508789,-928.432983398,-7.590400696,0.363631874,0.929555237,0.034753602,-0.049911242
1653513005.904926062,412.171508789,-928.432983398,-7.590400696,0.363631874,0.929555237,0.034753602,-0.049911242
1653513005.971451283,411.195068359,-927.685913086,-7.708875179,0.361444801,0.930424392,0.033787630,-0.050264549
1653513006.037740946,411.195068359,-927.685913086,-7.708875179,0.361444801,0.930424392,0.033787630,-0.050264549
1653513006.104932785,410.258758545,-926.954833984,-7.821671486,0.360307992,0.930949211,0.032848500,-0.049322255
1653513006.171397448,410.258758545,-926.954833984,-7.821671486,0.360307992,0.930949211,0.032848500,-0.049322255
1653513006.238602638,409.252471924,-926.190551758,-7.938122749,0.358954728,0.931506455,0.031658456,-0.049446482
1653513006.305391550,409.252471924,-926.190551758,-7.938122749,0.358954728,0.931506455,0.031658456,-0.049446482
1653513006.371114492,408.402832031,-925.508789062,-8.036973000,0.358062029,0.931833386,0.031217065,-0.050036319
1653513006.437994242,408.402832031,-925.508789062,-8.036973000,0.358062029,0.931833386,0.031217065,-0.050036319
1653513006.504848719,407.397521973,-924.751403809,-8.145912170,0.356815815,0.932263553,0.030193394,-0.051531628
1653513006.571990013,407.397521973,-924.751403809,-8.145912170,0.356815815,0.932263553,0.030193394,-0.051531628
1653513006.637875795,406.446502686,-924.017150879,-8.253392220,0.356408119,0.932410836,0.029926242,-0.051843118
1653513006.710135698,406.446502686,-924.017150879,-8.253392220,0.356408119,0.932410836,0.029926242,-0.051843118
1653513006.771658897,405.593139648,-923.331298828,-8.351353645,0.356563330,0.932323992,0.029804315,-0.052404400
1653513006.843979120,405.593139648,-923.331298828,-8.351353645,0.356563330,0.932323992,0.029804315,-0.052404400
1653513006.904550314,404.620605469,-922.583007812,-8.464462280,0.357249796,0.932040453,0.030426493,-0.052416198
1653513006.971361637,404.620605469,-922.583007812,-8.464462280,0.357249796,0.932040453,0.030426493,-0.052416198
1653513007.040639162,403.765228271,-921.897827148,-8.571154594,0.357598513,0.931968272,0.030325145,-0.051369473
1653513007.104534864,403.765228271,-921.897827148,-8.571154594,0.357598513,0.931968272,0.030325145,-0.051369473
1653513007.171241283,402.813232422,-921.161071777,-8.687406540,0.357628107,0.931976736,0.030279985,-0.051035922
1653513007.238110781,402.813232422,-921.161071777,-8.687406540,0.357628107,0.931976736,0.030279985,-0.051035922
1653513007.304477692,401.918914795,-920.469970703,-8.796181679,0.358613074,0.931622446,0.030562920,-0.050420128
1653513007.371492147,401.918914795,-920.469970703,-8.796181679,0.358613074,0.931622446,0.030562920,-0.050420128
1653513007.438739777,400.954223633,-919.736206055,-8.913398743,0.358897269,0.931600094,0.029220304,-0.049600426
1653513007.504578590,400.954223633,-919.736206055,-8.913398743,0.358897269,0.931600094,0.029220304,-0.049600426
1653513007.571315289,400.086090088,-919.050292969,-9.021656990,0.359005868,0.931597531,0.028173141,-0.049467970
1653513007.639438152,400.086090088,-919.050292969,-9.021656990,0.359005868,0.931597531,0.028173141,-0.049467970
1653513007.704501152,399.177215576,-918.352355957,-9.134062767,0.359144270,0.931578636,0.027003177,-0.049472466
1653513007.771579742,399.177215576,-918.352355957,-9.134062767,0.359144270,0.931578636,0.027003177,-0.049472466
1653513007.840424299,398.301788330,-917.669067383,-9.243028641,0.358692855,0.931762040,0.025818499,-0.049923602
1653513007.904624701,398.301788330,-917.669067383,-9.243028641,0.358692855,0.931762040,0.025818499,-0.049923602
1653513007.971587658,397.370300293,-916.953247070,-9.356566429,0.358790874,0.931744933,0.025019210,-0.049945775
1653513008.038654566,397.370300293,-916.953247070,-9.356566429,0.358790874,0.931744933,0.025019210,-0.049945775
1653513008.104542255,396.448791504,-916.248229980,-9.468628883,0.358690530,0.931793809,0.024306934,-0.050105259
1653513008.171405077,396.448791504,-916.248229980,-9.468628883,0.358690530,0.931793809,0.024306934,-0.050105259
1653513008.238262892,395.615417480,-915.580688477,-9.572381973,0.358021587,0.932124615,0.022900812,-0.049394682
1653513008.304470301,395.615417480,-915.580688477,-9.572381973,0.358021587,0.932124615,0.022900812,-0.049394682
1653513008.371243238,394.738311768,-914.892089844,-9.676143646,0.356930494,0.932582319,0.022309959,-0.048919100
1653513008.437933683,394.738311768,-914.892089844,-9.676143646,0.356930494,0.932582319,0.022309959,-0.048919100
1653513008.505364180,393.843139648,-914.198242188,-9.774526596,0.356996983,0.932596862,0.021543859,-0.048498407
1653513008.571619272,393.843139648,-914.198242188,-9.774526596,0.356996983,0.932596862,0.021543859,-0.048498407
1653513008.640809298,393.057128906,-913.554504395,-9.856287003,0.355917722,0.933021009,0.020546222,-0.048705209
1653513008.705635786,393.057128906,-913.554504395,-9.856287003,0.355917722,0.933021009,0.020546222,-0.048705209
1653513008.771546841,392.141143799,-912.842041016,-9.944095612,0.355824351,0.933069050,0.019438643,-0.048921514
1653513008.838915825,392.141143799,-912.842041016,-9.944095612,0.355824351,0.933069050,0.019438643,-0.048921514
1653513008.904946089,391.307250977,-912.169067383,-10.019063950,0.356471568,0.932772338,0.020277977,-0.049524046
1653513008.971160412,391.307250977,-912.169067383,-10.019063950,0.356471568,0.932772338,0.020277977,-0.049524046
1653513009.038590908,390.505187988,-911.503479004,-10.092697144,0.356285393,0.932848513,0.020142602,-0.049484305
1653513009.107595682,390.505187988,-911.503479004,-10.092697144,0.356285393,0.932848513,0.020142602,-0.049484305
1653513009.171573162,389.652465820,-910.810546875,-10.174468040,0.354445338,0.933593869,0.018862177,-0.049144424
1653513009.238368034,389.652465820,-910.810546875,-10.174468040,0.354445338,0.933593869,0.018862177,-0.049144424
1653513009.305642128,388.848602295,-910.141723633,-10.252408028,0.354086071,0.933701098,0.019782899,-0.049335402
1653513009.371199846,388.848602295,-910.141723633,-10.252408028,0.354086071,0.933701098,0.019782899,-0.049335402
1653513009.437945843,388.043853760,-909.463439941,-10.331205368,0.355070114,0.933353961,0.020817524,-0.048396163
1653513009.504431725,388.043853760,-909.463439941,-10.331205368,0.355070114,0.933353961,0.020817524,-0.048396163
1653513009.571270466,387.181488037,-908.750244141,-10.415083885,0.355425030,0.933298469,0.021211743,-0.046659026
1653513009.638135433,387.181488037,-908.750244141,-10.415083885,0.355425030,0.933298469,0.021211743,-0.046659026
1653513009.704738855,386.427917480,-908.090515137,-10.488126755,0.355922967,0.933114290,0.022676703,-0.045851745
1653513009.774400711,386.427917480,-908.090515137,-10.488126755,0.355922967,0.933114290,0.022676703,-0.045851745
1653513009.840566158,385.656219482,-907.419738770,-10.560414314,0.357149690,0.932695210,0.023811243,-0.044235840
1653513009.904859304,385.656219482,-907.419738770,-10.560414314,0.357149690,0.932695210,0.023811243,-0.044235840
1653513009.971590996,384.840850830,-906.714233398,-10.626273155,0.358185321,0.932292879,0.023576779,-0.044468060
1653513010.038007498,384.840850830,-906.714233398,-10.626273155,0.358185321,0.932292879,0.023576779,-0.044468060
1653513010.105017424,384.120910645,-906.068908691,-10.683442116,0.359640151,0.931741893,0.024516663,-0.043760363
1653513010.171124458,384.120910645,-906.068908691,-10.683442116,0.359640151,0.931741893,0.024516663,-0.043760363
1653513010.238442898,383.277374268,-905.347412109,-10.748400688,0.361202240,0.931104600,0.025366683,-0.043974169
1653513010.304813385,383.277374268,-905.347412109,-10.748400688,0.361202240,0.931104600,0.025366683,-0.043974169
1653513010.376020908,382.579986572,-904.703857422,-10.798995972,0.363161474,0.930349112,0.026012238,-0.043447401
1653513010.437782288,382.579986572,-904.703857422,-10.798995972,0.363161474,0.930349112,0.026012238,-0.043447401
1653513010.504386187,381.773010254,-903.997497559,-10.854440689,0.363790184,0.930098414,0.026546201,-0.043231647
1653513010.572290897,381.773010254,-903.997497559,-10.854440689,0.363790184,0.930098414,0.026546201,-0.043231647
1653513010.639981508,381.064392090,-903.359497070,-10.904896736,0.365274429,0.929471433,0.027604820,-0.043536358
1653513010.704807758,381.064392090,-903.359497070,-10.904896736,0.365274429,0.929471433,0.027604820,-0.043536358
1653513010.771637678,380.273590088,-902.669311523,-10.963059425,0.366613299,0.928963602,0.028602971,-0.042463675
1653513010.842170954,380.273590088,-902.669311523,-10.963059425,0.366613299,0.928963602,0.028602971,-0.042463675
1653513010.905705214,379.457336426,-901.968322754,-11.026654243,0.367435038,0.928650200,0.028998533,-0.041944567
1653513010.984351635,379.457336426,-901.968322754,-11.026654243,0.367435038,0.928650200,0.028998533,-0.041944567
1653513011.038056374,378.804199219,-901.354858398,-11.078539848,0.369098216,0.927968562,0.029475972,-0.042095143
1653513011.105136395,378.804199219,-901.354858398,-11.078539848,0.369098216,0.927968562,0.029475972,-0.042095143
1653513011.171185970,378.113891602,-900.718688965,-11.135084152,0.370469421,0.927479327,0.028562631,-0.041456349
1653513011.238344669,378.113891602,-900.718688965,-11.135084152,0.370469421,0.927479327,0.028562631,-0.041456349
1653513011.305542707,377.309936523,-900.015014648,-11.199383736,0.370879889,0.927333951,0.028988346,-0.040737189
1653513011.371309280,377.309936523,-900.015014648,-11.199383736,0.370879889,0.927333951,0.028988346,-0.040737189
1653513011.446251392,376.653350830,-899.400451660,-11.253153801,0.371520549,0.927051961,0.029309960,-0.041086178
1653513011.505802155,376.653350830,-899.400451660,-11.253153801,0.371520549,0.927051961,0.029309960,-0.041086178
1653513011.571326971,375.876098633,-898.714477539,-11.311159134,0.371698558,0.927051187,0.029215850,-0.039531108
1653513011.637858868,375.876098633,-898.714477539,-11.311159134,0.371698558,0.927051187,0.029215850,-0.039531108
1653513011.705077887,375.146697998,-898.086547852,-11.362343788,0.370306462,0.927628696,0.028602563,-0.039496735
1653513011.771333456,375.146697998,-898.086547852,-11.362343788,0.370306462,0.927628696,0.028602563,-0.039496735
1653513011.837745905,374.444458008,-897.468994141,-11.411659241,0.369165719,0.928076327,0.028883528,-0.039456040
1653513011.904301405,374.444458008,-897.468994141,-11.411659241,0.369165719,0.928076327,0.028883528,-0.039456040
1653513011.971679688,373.610412598,-896.785400391,-11.473929405,0.367891580,0.928693771,0.028006651,-0.037406765
1653513012.042042732,373.610412598,-896.785400391,-11.473929405,0.367891580,0.928693771,0.028006651,-0.037406765
1653513012.104590654,372.937072754,-896.204223633,-11.527716637,0.366629541,0.929145694,0.028609544,-0.038111702
1653513012.171571016,372.937072754,-896.204223633,-11.527716637,0.366629541,0.929145694,0.028609544,-0.038111702
1653513012.237702370,372.152832031,-895.552490234,-11.589417458,0.366442233,0.929191291,0.028776798,-0.038671624
1653513012.304968357,372.152832031,-895.552490234,-11.589417458,0.366442233,0.929191291,0.028776798,-0.038671624
1653513012.371472597,371.368560791,-894.900756836,-11.652860641,0.365576923,0.929570913,0.029284330,-0.037334647
1653513012.440306902,371.368560791,-894.900756836,-11.652860641,0.365576923,0.929570913,0.029284330,-0.037334647
1653513012.504516840,370.613739014,-894.259460449,-11.718644142,0.365682274,0.929510057,0.029813763,-0.037398174
1653513012.571226358,370.613739014,-894.259460449,-11.718644142,0.365682274,0.929510057,0.029813763,-0.037398174
1653513012.637980223,369.839965820,-893.610168457,-11.787008286,0.366022557,0.929322243,0.030517982,-0.038160857
1653513012.705829144,369.839965820,-893.610168457,-11.787008286,0.366022557,0.929322243,0.030517982,-0.038160857
1653513012.776406527,369.113739014,-892.983886719,-11.857338905,0.365519345,0.929540694,0.030972125,-0.037289020
1653513012.838165998,369.113739014,-892.983886719,-11.857338905,0.365519345,0.929540694,0.030972125,-0.037289020
1653513012.904815197,368.334533691,-892.325561523,-11.925615311,0.365256131,0.929537535,0.032656502,-0.038490001
1653513012.971910238,368.334533691,-892.325561523,-11.925615311,0.365256131,0.929537535,0.032656502,-0.038490001
1653513013.037955046,367.622589111,-891.719421387,-11.997690201,0.367716223,0.928468227,0.034788880,-0.039003264
1653513013.104628086,367.622589111,-891.719421387,-11.997690201,0.367716223,0.928468227,0.034788880,-0.039003264
1653513013.173112154,366.889801025,-891.099670410,-12.072152138,0.367273480,0.928592086,0.035310850,-0.039750114
1653513013.237854958,366.889801025,-891.099670410,-12.072152138,0.367273480,0.928592086,0.035310850,-0.039750114
1653513013.304610014,366.174865723,-890.495849609,-12.150989532,0.367361188,0.928465605,0.036854889,-0.040485412
1653513013.371972084,366.174865723,-890.495849609,-12.150989532,0.367361188,0.928465605,0.036854889,-0.040485412
1653513013.442133188,365.490814209,-889.911254883,-12.230048180,0.368690461,0.927902520,0.038207054,-0.040055715
1653513013.504471302,365.490814209,-889.911254883,-12.230048180,0.368690461,0.927902520,0.038207054,-0.040055715
1653513013.571367025,364.667572021,-889.245300293,-12.320711136,0.368603319,0.927866995,0.039494295,-0.040430278
1653513013.637973547,364.667572021,-889.245300293,-12.320711136,0.368603319,0.927866995,0.039494295,-0.040430278
1653513013.704574347,364.051971436,-888.715942383,-12.402925491,0.368506551,0.927930236,0.039438494,-0.039912235
1653513013.771283150,364.051971436,-888.715942383,-12.402925491,0.368506551,0.927930236,0.039438494,-0.039912235
1653513013.837654352,363.309570312,-888.107910156,-12.493869781,0.370356470,0.927255571,0.038556352,-0.039326139
1653513013.904603243,363.309570312,-888.107910156,-12.493869781,0.370356470,0.927255571,0.038556352,-0.039326139
1653513013.972225904,362.630737305,-887.547607422,-12.583902359,0.370440215,0.927344680,0.035125352,-0.039649177
1653513014.037760973,362.630737305,-887.547607422,-12.583902359,0.370440215,0.927344680,0.035125352,-0.039649177
1653513014.104761600,361.863159180,-886.936035156,-12.678788185,0.371080220,0.927168548,0.031593338,-0.040740546
1653513014.175702095,361.863159180,-886.936035156,-12.678788185,0.371080220,0.927168548,0.031593338,-0.040740546
1653513014.238179684,361.198455811,-886.382141113,-12.766696930,0.373502135,0.926302075,0.030439653,-0.039166667
1653513014.304357529,361.198455811,-886.382141113,-12.766696930,0.373502135,0.926302075,0.030439653,-0.039166667
1653513014.371910572,360.513946533,-885.806335449,-12.860190392,0.374711186,0.925795674,0.030084981,-0.039860293
1653513014.437697649,360.513946533,-885.806335449,-12.860190392,0.374711186,0.925795674,0.030084981,-0.039860293
1653513014.504321814,359.836761475,-885.227539062,-12.957710266,0.376977950,0.924899518,0.031045930,-0.038531896
1653513014.571823120,359.836761475,-885.227539062,-12.957710266,0.376977950,0.924899518,0.031045930,-0.038531896
1653513014.639780998,359.247192383,-884.702026367,-13.052988052,0.379735976,0.923809528,0.033106621,-0.035784487
1653513014.704623938,359.247192383,-884.702026367,-13.052988052,0.379735976,0.923809528,0.033106621,-0.035784487
1653513014.772293568,358.452514648,-884.062438965,-13.169185638,0.382127196,0.922834277,0.033697162,-0.034932043
1653513014.844882250,358.452514648,-884.062438965,-13.169185638,0.382127196,0.922834277,0.033697162,-0.034932043
1653513014.907150030,357.875976562,-883.559692383,-13.267604828,0.384151161,0.922073364,0.032518718,-0.033927444
1653513014.971303463,357.875976562,-883.559692383,-13.267604828,0.384151161,0.922073364,0.032518718,-0.033927444
1653513015.038478851,357.156677246,-882.989868164,-13.385018349,0.385170460,0.921793520,0.029250219,-0.032937750
1653513015.107809544,357.156677246,-882.989868164,-13.385018349,0.385170460,0.921793520,0.029250219,-0.032937750
1653513015.171119928,356.406951904,-882.414367676,-13.499116898,0.385715276,0.921633542,0.026073519,-0.033697952
1653513015.239701271,356.406951904,-882.414367676,-13.499116898,0.385715276,0.921633542,0.026073519,-0.033697952
1653513015.304663181,355.799560547,-881.922241211,-13.603668213,0.385146648,0.921945035,0.023591302,-0.033509355
1653513015.373568535,355.799560547,-881.922241211,-13.603668213,0.385146648,0.921945035,0.023591302,-0.033509355
1653513015.438402891,355.089721680,-881.376159668,-13.716449738,0.383224964,0.922807813,0.021224834,-0.033375215
1653513015.504231930,355.089721680,-881.376159668,-13.716449738,0.383224964,0.922807813,0.021224834,-0.033375215
1653513015.571161270,354.407745361,-880.846984863,-13.823268890,0.380245715,0.924037755,0.020329718,-0.033971567
1653513015.637943029,354.407745361,-880.846984863,-13.823268890,0.380245715,0.924037755,0.020329718,-0.033971567
1653513015.704455614,353.641204834,-880.277709961,-13.933696747,0.376671374,0.925540924,0.019542936,-0.033328380
1653513015.771497011,353.641204834,-880.277709961,-13.933696747,0.376671374,0.925540924,0.019542936,-0.033328380
1653513015.837988615,352.926605225,-879.728271484,-14.035388947,0.373256713,0.926917434,0.019547997,-0.033487033
1653513015.904464722,352.926605225,-879.728271484,-14.035388947,0.373256713,0.926917434,0.019547997,-0.033487033
1653513015.971299887,352.254272461,-879.197082520,-14.128442764,0.370609611,0.927946448,0.020089749,-0.034062631
1653513016.038980246,352.254272461,-879.197082520,-14.128442764,0.370609611,0.927946448,0.020089749,-0.034062631
1653513016.104522705,351.584503174,-878.665039062,-14.216053009,0.368157625,0.928927481,0.019649297,-0.034169290
1653513016.171110868,351.584503174,-878.665039062,-14.216053009,0.368157625,0.928927481,0.019649297,-0.034169290
1653513016.239522457,350.867828369,-878.100952148,-14.305446625,0.367707402,0.929034233,0.019690450,-0.036040384
1653513016.304405451,350.867828369,-878.100952148,-14.305446625,0.367707402,0.929034233,0.019690450,-0.036040384
1653513016.371828079,350.246490479,-877.579650879,-14.380241394,0.367790133,0.928973556,0.018794160,-0.037220661
1653513016.439524174,350.246490479,-877.579650879,-14.380241394,0.367790133,0.928973556,0.018794160,-0.037220661
1653513016.510436058,349.497650146,-876.989685059,-14.470019341,0.367647320,0.929028869,0.018529482,-0.037383214
1653513016.572389841,349.497650146,-876.989685059,-14.470019341,0.367647320,0.929028869,0.018529482,-0.037383214
1653513016.637727022,348.865631104,-876.445129395,-14.545351028,0.367744684,0.928980470,0.017341284,-0.038189873
1653513016.704492331,348.865631104,-876.445129395,-14.545351028,0.367744684,0.928980470,0.017341284,-0.038189873
1653513016.771409750,348.207305908,-875.901245117,-14.628085136,0.369183749,0.928450704,0.016604424,-0.037508976
1653513016.837813616,348.207305908,-875.901245117,-14.628085136,0.369183749,0.928450704,0.016604424,-0.037508976
1653513016.913240194,347.530029297,-875.334960938,-14.716020584,0.370065749,0.928151608,0.015076967,-0.036859896
1653513016.973277092,347.530029297,-875.334960938,-14.716020584,0.370065749,0.928151608,0.015076967,-0.036859896
1653513017.041416883,346.899932861,-874.777832031,-14.795473099,0.371154100,0.927706242,0.014010342,-0.037543371
1653513017.104393482,346.899932861,-874.777832031,-14.795473099,0.371154100,0.927706242,0.014010342,-0.037543371
1653513017.171113729,346.153778076,-874.186035156,-14.892138481,0.373079687,0.926981688,0.015635323,-0.035665892
1653513017.238548517,346.153778076,-874.186035156,-14.892138481,0.373079687,0.926981688,0.015635323,-0.035665892
1653513017.304400206,345.549102783,-873.659545898,-14.983428955,0.373682410,0.926741004,0.017219948,-0.034871366
1653513017.370951414,345.549102783,-873.659545898,-14.983428955,0.373682410,0.926741004,0.017219948,-0.034871366
1653513017.438704967,344.920318604,-873.108764648,-15.073053360,0.375065088,0.926114619,0.020237604,-0.035047032
1653513017.504674196,344.920318604,-873.108764648,-15.073053360,0.375065088,0.926114619,0.020237604,-0.035047032
1653513017.571335793,344.228149414,-872.525329590,-15.168774605,0.375591546,0.925850928,0.022859292,-0.034763373
1653513017.637989044,344.228149414,-872.525329590,-15.168774605,0.375591546,0.925850928,0.022859292,-0.034763373
1653513017.704338312,343.606445312,-871.978942871,-15.255422592,0.376734018,0.925369740,0.022981701,-0.035130236
1653513017.771319628,343.606445312,-871.978942871,-15.255422592,0.376734018,0.925369740,0.022981701,-0.035130236
1653513017.837659836,342.957946777,-871.423156738,-15.347572327,0.378353626,0.924696147,0.021924239,-0.036123611
1653513017.905365705,342.957946777,-871.423156738,-15.347572327,0.378353626,0.924696147,0.021924239,-0.036123611
1653513017.971331120,342.302490234,-870.861450195,-15.438241959,0.379469573,0.924261153,0.019792562,-0.036774635
1653513018.037720919,342.302490234,-870.861450195,-15.438241959,0.379469573,0.924261153,0.019792562,-0.036774635
1653513018.105198145,341.659057617,-870.301147461,-15.532595634,0.379948378,0.924094915,0.018693089,-0.036584608
1653513018.171208143,341.659057617,-870.301147461,-15.532595634,0.379948378,0.924094915,0.018693089,-0.036584608
1653513018.237750530,341.062072754,-869.762207031,-15.622440338,0.380804360,0.923776507,0.019791180,-0.035118073
1653513018.307677269,341.062072754,-869.762207031,-15.622440338,0.380804360,0.923776507,0.019791180,-0.035118073
1653513018.371018648,340.382843018,-869.182800293,-15.714248657,0.381673276,0.923382878,0.022221025,-0.034580577
1653513018.437639236,340.382843018,-869.182800293,-15.714248657,0.381673276,0.923382878,0.022221025,-0.034580577
1653513018.505445957,339.938385010,-868.733337402,-15.785034180,0.381946832,0.923312068,0.023123059,-0.032813799
1653513018.571474791,339.938385010,-868.733337402,-15.785034180,0.381946832,0.923312068,0.023123059,-0.032813799
1653513018.637744188,339.194213867,-868.119934082,-15.893165588,0.382963687,0.922909975,0.023108458,-0.032280553
1653513018.707771778,339.194213867,-868.119934082,-15.893165588,0.382963687,0.922909975,0.023108458,-0.032280553
1653513018.771557093,338.555511475,-867.567321777,-15.986742973,0.384441942,0.922328532,0.022268552,-0.031916082
1653513018.840554714,338.555511475,-867.567321777,-15.986742973,0.384441942,0.922328532,0.022268552,-0.031916082
1653513018.904440880,338.016235352,-867.077209473,-16.065254211,0.384161025,0.922477484,0.020920141,-0.031905539
1653513018.971185207,338.016235352,-867.077209473,-16.065254211,0.384161025,0.922477484,0.020920141,-0.031905539
1653513019.037860394,337.298248291,-866.486022949,-16.157131195,0.385415912,0.921931386,0.019210208,-0.033587232
1653513019.104912758,337.298248291,-866.486022949,-16.157131195,0.385415912,0.921931386,0.019210208,-0.033587232
1653513019.170954704,336.729797363,-865.981933594,-16.231748581,0.384902835,0.922133803,0.018389970,-0.034363769
1653513019.238155603,336.729797363,-865.981933594,-16.231748581,0.384902835,0.922133803,0.018389970,-0.034363769
1653513019.304641962,336.046875000,-865.413940430,-16.318735123,0.384074897,0.922461271,0.016736459,-0.035658561
1653513019.371498823,336.046875000,-865.413940430,-16.318735123,0.384074897,0.922461271,0.016736459,-0.035658561
1653513019.437552691,335.434509277,-864.879455566,-16.391372681,0.385127395,0.921953797,0.017434401,-0.037068702
1653513019.504712105,335.434509277,-864.879455566,-16.391372681,0.385127395,0.921953797,0.017434401,-0.037068702
1653513019.571778536,334.768218994,-864.311706543,-16.468616486,0.384444743,0.922149897,0.018761780,-0.038597215
1653513019.639094830,334.768218994,-864.311706543,-16.468616486,0.384444743,0.922149897,0.018761780,-0.038597215
1653513019.704362869,334.227722168,-863.813415527,-16.534002304,0.383297533,0.922602773,0.019150073,-0.038991712
1653513019.771352291,334.227722168,-863.813415527,-16.534002304,0.383297533,0.922602773,0.019150073,-0.038991712
1653513019.837571383,333.569366455,-863.240051270,-16.619848251,0.383053362,0.922705173,0.020310022,-0.038377017
1653513019.908330202,333.569366455,-863.240051270,-16.619848251,0.383053362,0.922705173,0.020310022,-0.038377017
1653513019.972781658,333.029785156,-862.729431152,-16.698169708,0.381648123,0.923285902,0.021032974,-0.038018767
1653513020.037665129,333.029785156,-862.729431152,-16.698169708,0.381648123,0.923285902,0.021032974,-0.038018767
1653513020.108499050,332.360504150,-862.134826660,-16.793003082,0.381060719,0.923545599,0.021814093,-0.037153747
1653513020.171168089,332.360504150,-862.134826660,-16.793003082,0.381060719,0.923545599,0.021814093,-0.037153747
1653513020.237602711,331.821929932,-861.613708496,-16.872333527,0.381573170,0.923320472,0.023126705,-0.036693625
1653513020.304285526,331.821929932,-861.613708496,-16.872333527,0.381573170,0.923320472,0.023126705,-0.036693625
1653513020.371251822,331.232696533,-861.068237305,-16.957855225,0.381592572,0.923305690,0.024152875,-0.036198992
1653513020.437810898,331.232696533,-861.068237305,-16.957855225,0.381592572,0.923305690,0.024152875,-0.036198992
1653513020.504584789,330.679565430,-860.535705566,-17.042310715,0.381497592,0.923337638,0.024287824,-0.036295284
1653513020.571336746,330.679565430,-860.535705566,-17.042310715,0.381497592,0.923337638,0.024287824,-0.036295284
1653513020.638390064,330.095428467,-859.990722656,-17.128042221,0.382466942,0.922892690,0.025388895,-0.036653530
1653513020.705070734,330.095428467,-859.990722656,-17.128042221,0.382466942,0.922892690,0.025388895,-0.036653530
1653513020.771017551,329.479003906,-859.423889160,-17.215456009,0.383429170,0.922470868,0.026168138,-0.036672067
1653513020.838037014,329.479003906,-859.423889160,-17.215456009,0.383429170,0.922470868,0.026168138,-0.036672067
1653513020.904458523,328.964996338,-858.919860840,-17.291522980,0.383503884,0.922444224,0.026106212,-0.036604263
1653513020.971084118,328.964996338,-858.919860840,-17.291522980,0.383503884,0.922444224,0.026106212,-0.036604263
1653513021.038479567,328.364562988,-858.367797852,-17.377895355,0.384494573,0.921993673,0.027757563,-0.036346465
1653513021.104824066,328.364562988,-858.367797852,-17.377895355,0.384494573,0.921993673,0.027757563,-0.036346465
1653513021.170984983,327.741485596,-857.800964355,-17.468051910,0.385272950,0.921673238,0.027520500,-0.036411662
1653513021.237808228,327.741485596,-857.800964355,-17.468051910,0.385272950,0.921673238,0.027520500,-0.036411662
1653513021.304473877,327.157867432,-857.266723633,-17.553331375,0.385103524,0.921724916,0.028377470,-0.036237460
1653513021.371452570,327.157867432,-857.266723633,-17.553331375,0.385103524,0.921724916,0.028377470,-0.036237460
1653513021.440427780,326.505462646,-856.693420410,-17.650209427,0.386167884,0.921282232,0.028821852,-0.035814352
1653513021.505750418,326.505462646,-856.693420410,-17.650209427,0.386167884,0.921282232,0.028821852,-0.035814352
1653513021.571160316,325.936676025,-856.167541504,-17.736722946,0.386656076,0.921018243,0.029935727,-0.036418602
1653513021.639019489,325.936676025,-856.167541504,-17.736722946,0.386656076,0.921018243,0.029935727,-0.036418602
1653513021.704896688,325.363708496,-855.648864746,-17.824182510,0.385639399,0.921430171,0.030134689,-0.036613978
1653513021.771370411,325.363708496,-855.648864746,-17.824182510,0.385639399,0.921430171,0.030134689,-0.036613978
1653513021.840680122,324.750213623,-855.103820801,-17.914531708,0.385437846,0.921515286,0.030508216,-0.036283538
1653513021.904381514,324.750213623,-855.103820801,-17.914531708,0.385437846,0.921515286,0.030508216,-0.036283538
1653513021.970997334,324.207092285,-854.606323242,-17.997335434,0.384866238,0.921690464,0.031985164,-0.036628146
1653513022.040201902,324.207092285,-854.606323242,-17.997335434,0.384866238,0.921690464,0.031985164,-0.036628146
1653513022.104652882,323.619140625,-854.085449219,-18.088821411,0.383706421,0.922200322,0.031919848,-0.036015425
1653513022.172911882,323.619140625,-854.085449219,-18.088821411,0.383706421,0.922200322,0.031919848,-0.036015425
1653513022.237632275,323.040771484,-853.570922852,-18.180109024,0.382375836,0.922775507,0.032105241,-0.035260364
1653513022.309223890,323.040771484,-853.570922852,-18.180109024,0.382375836,0.922775507,0.032105241,-0.035260364
1653513022.372268438,322.524139404,-853.105651855,-18.266420364,0.381088018,0.923325598,0.031813394,-0.035066914
1653513022.438038349,322.524139404,-853.105651855,-18.266420364,0.381088018,0.923325598,0.031813394,-0.035066914
1653513022.505976677,321.880920410,-852.568603516,-18.365667343,0.379176468,0.924146533,0.031393223,-0.034537558
1653513022.570956230,321.880920410,-852.568603516,-18.365667343,0.379176468,0.924146533,0.031393223,-0.034537558
1653513022.637526751,321.372161865,-852.116882324,-18.448255539,0.377661526,0.924807310,0.029764269,-0.034889091
1653513022.704504967,321.372161865,-852.116882324,-18.448255539,0.377661526,0.924807310,0.029764269,-0.034889091
1653513022.771280050,320.846862793,-851.662719727,-18.529859543,0.376127124,0.925415039,0.029157275,-0.035850182
1653513022.837946653,320.846862793,-851.662719727,-18.529859543,0.376127124,0.925415039,0.029157275,-0.035850182
1653513022.905048609,320.190460205,-851.127197266,-18.623275757,0.374124587,0.926242530,0.027545521,-0.036699813
1653513022.971174479,320.190460205,-851.127197266,-18.623275757,0.374124587,0.926242530,0.027545521,-0.036699813
1653513023.037845373,319.661834717,-850.666992188,-18.698291779,0.372815460,0.926749527,0.026290700,-0.038115405
1653513023.104432106,319.661834717,-850.666992188,-18.698291779,0.372815460,0.926749527,0.026290700,-0.038115405
1653513023.172020435,319.069671631,-850.170959473,-18.778949738,0.371937007,0.927081585,0.025669124,-0.039035115
1653513023.237658501,319.069671631,-850.170959473,-18.778949738,0.371937007,0.927081585,0.025669124,-0.039035115
1653513023.304723978,318.570220947,-849.726135254,-18.848049164,0.370414823,0.927651107,0.024644781,-0.040606670
1653513023.371042013,318.570220947,-849.726135254,-18.848049164,0.370414823,0.927651107,0.024644781,-0.040606670
1653513023.438334227,317.928436279,-849.202148438,-18.937364578,0.369575977,0.927956462,0.025225243,-0.040915649
1653513023.506004095,317.928436279,-849.202148438,-18.937364578,0.369575977,0.927956462,0.025225243,-0.040915649
1653513023.571055889,317.358734131,-848.716979980,-19.014287949,0.369424045,0.927956581,0.024894711,-0.042458866
1653513023.637704372,317.358734131,-848.716979980,-19.014287949,0.369424045,0.927956581,0.024894711,-0.042458866
1653513023.704249144,316.876739502,-848.279479980,-19.077676773,0.369417191,0.927910805,0.025144432,-0.043362219
1653513023.773630142,316.876739502,-848.279479980,-19.077676773,0.369417191,0.927910805,0.025144432,-0.043362219
1653513023.837577820,316.347625732,-847.811767578,-19.147720337,0.369724393,0.927705228,0.026164711,-0.044522580
1653513023.904296875,316.347625732,-847.811767578,-19.147720337,0.369724393,0.927705228,0.026164711,-0.044522580
1653513023.970884323,315.741485596,-847.293090820,-19.230890274,0.371582896,0.926903248,0.028088508,-0.044581741
1653513024.037693262,315.741485596,-847.293090820,-19.230890274,0.371582896,0.926903248,0.028088508,-0.044581741
1653513024.106426239,315.228149414,-846.830505371,-19.306936264,0.372793466,0.926413178,0.029020259,-0.044062279
1653513024.170970201,315.228149414,-846.830505371,-19.306936264,0.372793466,0.926413178,0.029020259,-0.044062279
1653513024.238425732,314.702392578,-846.356689453,-19.388666153,0.375240624,0.925411224,0.029838584,-0.043797329
1653513024.305066109,314.702392578,-846.356689453,-19.388666153,0.375240624,0.925411224,0.029838584,-0.043797329
1653513024.370963573,314.164886475,-845.874816895,-19.472442627,0.377590805,0.924554408,0.029369920,-0.041973054
1653513024.439887285,314.164886475,-845.874816895,-19.472442627,0.377590805,0.924554408,0.029369920,-0.041973054
1653513024.504148483,313.669921875,-845.421081543,-19.548191071,0.380560040,0.923339128,0.030007612,-0.041454528
1653513024.571080446,313.669921875,-845.421081543,-19.548191071,0.380560040,0.923339128,0.030007612,-0.041454528
1653513024.637744427,313.084747314,-844.911437988,-19.631269455,0.383918107,0.921980321,0.029703813,-0.040949769
1653513024.704403400,313.084747314,-844.911437988,-19.631269455,0.383918107,0.921980321,0.029703813,-0.040949769
1653513024.771421909,312.662872314,-844.496704102,-19.697502136,0.387054503,0.920630813,0.030381732,-0.041287027
1653513024.838207245,312.662872314,-844.496704102,-19.697502136,0.387054503,0.920630813,0.030381732,-0.041287027
1653513024.904675484,312.115844727,-844.010009766,-19.775741577,0.390108556,0.919347584,0.030528566,-0.041029122
1653513024.971906662,312.115844727,-844.010009766,-19.775741577,0.390108556,0.919347584,0.030528566,-0.041029122
1653513025.037743807,311.576141357,-843.532470703,-19.852550507,0.392855763,0.918137610,0.030913433,-0.041618086
1653513025.112992764,311.576141357,-843.532470703,-19.852550507,0.392855763,0.918137610,0.030913433,-0.041618086
1653513025.171362400,311.092987061,-843.095886230,-19.922296524,0.394836396,0.917244315,0.031025944,-0.042479817
1653513025.237906694,311.092987061,-843.095886230,-19.922296524,0.394836396,0.917244315,0.031025944,-0.042479817
1653513025.304203033,310.583374023,-842.649719238,-19.995121002,0.395906508,0.916799903,0.030597970,-0.042423055
1653513025.371058702,310.583374023,-842.649719238,-19.995121002,0.395906508,0.916799903,0.030597970,-0.042423055
1653513025.438220263,310.085968018,-842.217041016,-20.071596146,0.397072822,0.916316628,0.029815128,-0.042521194
1653513025.504237413,310.085968018,-842.217041016,-20.071596146,0.397072822,0.916316628,0.029815128,-0.042521194
1653513025.571066141,309.587249756,-841.785644531,-20.147069931,0.397647798,0.916103542,0.028665902,-0.042529445
1653513025.637732267,309.587249756,-841.785644531,-20.147069931,0.397647798,0.916103542,0.028665902,-0.042529445
1653513025.704990864,309.044311523,-841.326660156,-20.230152130,0.397456676,0.916279793,0.027184350,-0.041478902
1653513025.771756649,309.044311523,-841.326660156,-20.230152130,0.397456676,0.916279793,0.027184350,-0.041478902
1653513025.837750673,308.593170166,-840.923156738,-20.300359726,0.397497833,0.916295886,0.026284894,-0.041308459
1653513025.904324293,308.593170166,-840.923156738,-20.300359726,0.397497833,0.916295886,0.026284894,-0.041308459
1653513025.970901966,308.074401855,-840.478759766,-20.377773285,0.396788388,0.916614890,0.025725149,-0.041405126
1653513026.038943291,308.074401855,-840.478759766,-20.377773285,0.396788388,0.916614890,0.025725149,-0.041405126
1653513026.104558706,307.603057861,-840.059570312,-20.446123123,0.396259069,0.916880190,0.025049755,-0.041011535
1653513026.171055555,307.603057861,-840.059570312,-20.446123123,0.396259069,0.916880190,0.025049755,-0.041011535
1653513026.237758160,307.120544434,-839.635498047,-20.515777588,0.395850360,0.917059302,0.025359241,-0.040763624
1653513026.304394484,307.120544434,-839.635498047,-20.515777588,0.395850360,0.917059302,0.025359241,-0.040763624
1653513026.372607470,306.660308838,-839.224121094,-20.581815720,0.395024657,0.917420566,0.026055265,-0.040200964
1653513026.437472820,306.660308838,-839.224121094,-20.581815720,0.395024657,0.917420566,0.026055265,-0.040200964
1653513026.505290508,306.179168701,-838.796569824,-20.646907806,0.394581050,0.917624176,0.026835090,-0.039390113
1653513026.571554422,306.179168701,-838.796569824,-20.646907806,0.394581050,0.917624176,0.026835090,-0.039390113
1653513026.637861729,305.711486816,-838.371887207,-20.711547852,0.394353986,0.917766869,0.027583251,-0.037789278
1653513026.704520226,305.711486816,-838.371887207,-20.711547852,0.394353986,0.917766869,0.027583251,-0.037789278
1653513026.774666786,305.279357910,-837.966918945,-20.771127701,0.393700629,0.918035567,0.028961876,-0.037036788
1653513026.838135719,305.279357910,-837.966918945,-20.771127701,0.393700629,0.918035567,0.028961876,-0.037036788
1653513026.904439449,304.785278320,-837.525390625,-20.836008072,0.392644912,0.918430328,0.030964967,-0.036835179
1653513026.976902008,304.785278320,-837.525390625,-20.836008072,0.392644912,0.918430328,0.030964967,-0.036835179
1653513027.037509441,304.334686279,-837.117004395,-20.896760941,0.392470598,0.918476760,0.032281432,-0.036403317
1653513027.105474234,304.334686279,-837.117004395,-20.896760941,0.392470598,0.918476760,0.032281432,-0.036403317
1653513027.171103954,303.865966797,-836.696105957,-20.959665298,0.391915828,0.918707609,0.033086993,-0.035826437
1653513027.239358664,303.865966797,-836.696105957,-20.959665298,0.391915828,0.918707609,0.033086993,-0.035826437
1653513027.304413557,303.429870605,-836.294372559,-21.019670486,0.391389608,0.918899655,0.034028519,-0.035772827
1653513027.370867968,303.429870605,-836.294372559,-21.019670486,0.391389608,0.918899655,0.034028519,-0.035772827
1653513027.437688112,302.927886963,-835.855712891,-21.088235855,0.391117811,0.918994546,0.034529887,-0.035827428
1653513027.504492044,302.927886963,-835.855712891,-21.088235855,0.391117811,0.918994546,0.034529887,-0.035827428
1653513027.571300745,302.539031982,-835.486694336,-21.142536163,0.391028523,0.919042766,0.034290161,-0.035794482
1653513027.638066769,302.539031982,-835.486694336,-21.142536163,0.391028523,0.919042766,0.034290161,-0.035794482
1653513027.704219103,302.086364746,-835.076782227,-21.205167770,0.391030133,0.919081926,0.033417683,-0.035595667
1653513027.771419525,302.086364746,-835.076782227,-21.205167770,0.391030133,0.919081926,0.033417683,-0.035595667
1653513027.837956667,301.641296387,-834.672729492,-21.269151688,0.391060352,0.919074595,0.033158366,-0.035695966
1653513027.905025959,301.641296387,-834.672729492,-21.269151688,0.391060352,0.919074595,0.033158366,-0.035695966
1653513027.971098661,301.160308838,-834.250366211,-21.338384628,0.390291423,0.919380963,0.033223834,-0.036158476
1653513028.039329767,301.160308838,-834.250366211,-21.338384628,0.390291423,0.919380963,0.033223834,-0.036158476
1653513028.104820728,300.695037842,-833.847045898,-21.405717850,0.389566183,0.919702291,0.033155438,-0.035869874
1653513028.170936584,300.695037842,-833.847045898,-21.405717850,0.389566183,0.919702291,0.033155438,-0.035869874
1653513028.237520218,300.299102783,-833.484252930,-21.464105606,0.389617264,0.919697285,0.032726280,-0.035837576
1653513028.304184437,300.299102783,-833.484252930,-21.464105606,0.389617264,0.919697285,0.032726280,-0.035837576
1653513028.371089697,299.823364258,-833.074645996,-21.538177490,0.389220089,0.919872701,0.032472227,-0.035882261
1653513028.437474012,299.823364258,-833.074645996,-21.538177490,0.389220089,0.919872701,0.032472227,-0.035882261
1653513028.504615068,299.387237549,-832.684692383,-21.608072281,0.389053792,0.919947028,0.032343667,-0.035896000
1653513028.571133137,299.387237549,-832.684692383,-21.608072281,0.389053792,0.919947028,0.032343667,-0.035896000
1653513028.637874842,298.937835693,-832.287963867,-21.678556442,0.389340490,0.919872999,0.031975269,-0.035002682
1653513028.705336809,298.937835693,-832.287963867,-21.678556442,0.389340490,0.919872999,0.031975269,-0.035002682
1653513028.772676706,298.530609131,-831.918090820,-21.744260788,0.389342070,0.919903755,0.031795282,-0.034334876
1653513028.841311216,298.530609131,-831.918090820,-21.744260788,0.389342070,0.919903755,0.031795282,-0.034334876
1653513028.904124498,298.079376221,-831.516906738,-21.815578461,0.389267683,0.919990838,0.031005118,-0.033559501
1653513028.971698999,298.079376221,-831.516906738,-21.815578461,0.389267683,0.919990838,0.031005118,-0.033559501
1653513029.037907362,297.647705078,-831.134704590,-21.885719299,0.389176458,0.920066118,0.030789400,-0.032742441
1653513029.105159283,297.647705078,-831.134704590,-21.885719299,0.389176458,0.920066118,0.030789400,-0.032742441
1653513029.170886040,297.207397461,-830.751342773,-21.956315994,0.388872594,0.920202851,0.030676180,-0.032615304
1653513029.237468243,297.207397461,-830.751342773,-21.956315994,0.388872594,0.920202851,0.030676180,-0.032615304
1653513029.304245949,296.786773682,-830.385803223,-22.021968842,0.388361663,0.920410514,0.030578120,-0.032933556
1653513029.371406555,296.786773682,-830.385803223,-22.021968842,0.388361663,0.920410514,0.030578120,-0.032933556
1653513029.437877417,296.405242920,-830.047790527,-22.084995270,0.388004690,0.920521379,0.030927472,-0.033708002
1653513029.504214287,296.405242920,-830.047790527,-22.084995270,0.388004690,0.920521379,0.030927472,-0.033708002
1653513029.570940495,295.919769287,-829.648315430,-22.163013458,0.387036502,0.920951903,0.030280879,-0.033666838
1653513029.642240286,295.919769287,-829.648315430,-22.163013458,0.387036502,0.920951903,0.030280879,-0.033666838
1653513029.705929756,295.530639648,-829.311645508,-22.230205536,0.385913163,0.921420038,0.030662548,-0.033405844
1653513029.771024466,295.530639648,-829.311645508,-22.230205536,0.385913163,0.921420038,0.030662548,-0.033405844
1653513029.837855577,295.044250488,-828.917480469,-22.309139252,0.384963632,0.921839893,0.030499380,-0.032923520
1653513029.904483795,295.044250488,-828.917480469,-22.309139252,0.384963632,0.921839893,0.030499380,-0.032923520
1653513029.970976591,294.640319824,-828.573181152,-22.379585266,0.383755624,0.922368407,0.030289864,-0.032414895
1653513030.037544012,294.640319824,-828.573181152,-22.379585266,0.383755624,0.922368407,0.030289864,-0.032414895
1653513030.104489803,294.219665527,-828.215698242,-22.453208923,0.382437497,0.922951400,0.029941933,-0.031713594
1653513030.170972586,294.219665527,-828.215698242,-22.453208923,0.382437497,0.922951400,0.029941933,-0.031713594
1653513030.238442183,293.741638184,-827.822937012,-22.529798508,0.381955266,0.923149765,0.029703053,-0.031974841
1653513030.304354191,293.741638184,-827.822937012,-22.529798508,0.381955266,0.923149765,0.029703053,-0.031974841
1653513030.370745897,293.364776611,-827.483703613,-22.595443726,0.381855547,0.923192859,0.029324578,-0.032270607
1653513030.437515259,293.364776611,-827.483703613,-22.595443726,0.381855547,0.923192859,0.029324578,-0.032270607
1653513030.505502224,292.960174561,-827.134216309,-22.665378571,0.381528467,0.923362672,0.028367963,-0.032135434
1653513030.571221352,292.960174561,-827.134216309,-22.665378571,0.381528467,0.923362672,0.028367963,-0.032135434
1653513030.639263153,292.520416260,-826.762390137,-22.739467621,0.382064492,0.923159420,0.027157215,-0.032647930
1653513030.704522610,292.520416260,-826.762390137,-22.739467621,0.382064492,0.923159420,0.027157215,-0.032647930
1653513030.772163153,292.105590820,-826.405395508,-22.810258865,0.383102298,0.922761202,0.025295939,-0.033234291
1653513030.838406563,292.105590820,-826.405395508,-22.810258865,0.383102298,0.922761202,0.025295939,-0.033234291
1653513030.905807495,291.660034180,-826.025390625,-22.891704559,0.383939475,0.922436357,0.023975385,-0.033568751
1653513030.971869230,291.660034180,-826.025390625,-22.891704559,0.383939475,0.922436357,0.023975385,-0.033568751
1653513031.037637234,291.291625977,-825.686523438,-22.967147827,0.385110855,0.921985388,0.022996189,-0.033223394
1653513031.104672670,291.291625977,-825.686523438,-22.967147827,0.385110855,0.921985388,0.022996189,-0.033223394
1653513031.174837828,290.872070312,-825.314758301,-23.051362991,0.386365324,0.921449602,0.022736302,-0.033698175
1653513031.237492323,290.872070312,-825.314758301,-23.051362991,0.386365324,0.921449602,0.022736302,-0.033698175
1653513031.304180861,290.447814941,-824.929931641,-23.137287140,0.387767494,0.920839965,0.023060393,-0.034034338
1653513031.371032238,290.447814941,-824.929931641,-23.137287140,0.387767494,0.920839965,0.023060393,-0.034034338
1653513031.437633991,290.030029297,-824.553161621,-23.227052689,0.389745027,0.919998407,0.023518065,-0.033892069
1653513031.504045010,290.030029297,-824.553161621,-23.227052689,0.389745027,0.919998407,0.023518065,-0.033892069
1653513031.571094751,289.634460449,-824.180969238,-23.313842773,0.391276509,0.919310391,0.024799276,-0.034001246
1653513031.637516737,289.634460449,-824.180969238,-23.313842773,0.391276509,0.919310391,0.024799276,-0.034001246
1653513031.704601526,289.188140869,-823.776489258,-23.408422470,0.392866284,0.918594837,0.026302554,-0.033879533
1653513031.771252871,289.188140869,-823.776489258,-23.408422470,0.392866284,0.918594837,0.026302554,-0.033879533
1653513031.837354898,288.854919434,-823.435729980,-23.488800049,0.395029426,0.917639136,0.028015232,-0.033245787
1653513031.904629230,288.854919434,-823.435729980,-23.488800049,0.395029426,0.917639136,0.028015232,-0.033245787
1653513031.971690893,288.475769043,-823.070312500,-23.573213577,0.396705568,0.916922569,0.029038193,-0.032163210
1653513032.040683508,288.475769043,-823.070312500,-23.573213577,0.396705568,0.916922569,0.029038193,-0.032163210
1653513032.104469776,288.060882568,-822.686706543,-23.663238525,0.398326010,0.916225851,0.029752702,-0.031326789
1653513032.170774698,288.060882568,-822.686706543,-23.663238525,0.398326010,0.916225851,0.029752702,-0.031326789
1653513032.238514185,287.655792236,-822.308471680,-23.748521805,0.400698394,0.915207922,0.029445196,-0.031117272
1653513032.304582596,287.655792236,-822.308471680,-23.748521805,0.400698394,0.915207922,0.029445196,-0.031117272
1653513032.370718956,287.304321289,-821.964233398,-23.820594788,0.402754426,0.914342225,0.028309667,-0.031076383
1653513032.438642263,287.304321289,-821.964233398,-23.820594788,0.402754426,0.914342225,0.028309667,-0.031076383
1653513032.504634857,286.909332275,-821.601257324,-23.901426315,0.404448360,0.913655519,0.026189608,-0.031131996
1653513032.571791410,286.909332275,-821.601257324,-23.901426315,0.404448360,0.913655519,0.026189608,-0.031131996
1653513032.638928652,286.493774414,-821.227966309,-23.979251862,0.406295717,0.912882149,0.023901263,-0.031602480
1653513032.704391003,286.493774414,-821.227966309,-23.979251862,0.406295717,0.912882149,0.023901263,-0.031602480
1653513032.771640539,286.133087158,-820.886352539,-24.044002533,0.406825483,0.912681222,0.021645162,-0.032210615
1653513032.838913202,286.133087158,-820.886352539,-24.044002533,0.406825483,0.912681222,0.021645162,-0.032210615
1653513032.904256821,285.738281250,-820.529235840,-24.114356995,0.407262713,0.912570536,0.019575318,-0.031127017
1653513032.971078634,285.738281250,-820.529235840,-24.114356995,0.407262713,0.912570536,0.019575318,-0.031127017
1653513033.037600994,285.368865967,-820.187316895,-24.179578781,0.407225668,0.912605643,0.019276261,-0.030767484
1653513033.105004311,285.368865967,-820.187316895,-24.179578781,0.407225668,0.912605643,0.019276261,-0.030767484
1653513033.170728445,285.006317139,-819.844970703,-24.247344971,0.407062322,0.912711143,0.018617602,-0.030199656
1653513033.237564325,285.006317139,-819.844970703,-24.247344971,0.407062322,0.912711143,0.018617602,-0.030199656
1653513033.304854155,284.610870361,-819.481628418,-24.323556900,0.406347185,0.913069844,0.019079944,-0.028659848
1653513033.370713711,284.610870361,-819.481628418,-24.323556900,0.406347185,0.913069844,0.019079944,-0.028659848
1653513033.437546730,284.277130127,-819.156433105,-24.386074066,0.406226069,0.913160980,0.019495068,-0.027155116
1653513033.505286455,284.277130127,-819.156433105,-24.386074066,0.406226069,0.913160980,0.019495068,-0.027155116
1653513033.571000814,283.865325928,-818.776794434,-24.459737778,0.405957490,0.913298368,0.019849986,-0.026279569
1653513033.637489319,283.865325928,-818.776794434,-24.459737778,0.405957490,0.913298368,0.019849986,-0.026279569
1653513033.705093622,283.511962891,-818.429016113,-24.521993637,0.405477792,0.913515329,0.020698084,-0.025477640
1653513033.771356106,283.511962891,-818.429016113,-24.521993637,0.405477792,0.913515329,0.020698084,-0.025477640
1653513033.838866949,283.168670654,-818.083740234,-24.579559326,0.405593097,0.913473308,0.020954886,-0.024931666
1653513033.904342890,283.168670654,-818.083740234,-24.579559326,0.405593097,0.913473308,0.020954886,-0.024931666
1653513033.971035242,282.844390869,-817.747985840,-24.633239746,0.405545086,0.913491249,0.021199454,-0.024850035
1653513034.041059256,282.844390869,-817.747985840,-24.633239746,0.405545086,0.913491249,0.021199454,-0.024850035
1653513034.104565859,282.442626953,-817.360717773,-24.696428299,0.405490369,0.913493156,0.021863077,-0.025096273
1653513034.170934916,282.442626953,-817.360717773,-24.696428299,0.405490369,0.913493156,0.021863077,-0.025096273
1653513034.240206718,282.148193359,-817.039367676,-24.740303040,0.406165242,0.913186133,0.022517920,-0.024775604
1653513034.304357529,282.148193359,-817.039367676,-24.740303040,0.406165242,0.913186133,0.022517920,-0.024775604
1653513034.371328831,281.768676758,-816.667541504,-24.793247223,0.406242162,0.913112760,0.023862526,-0.024959790
1653513034.437534809,281.768676758,-816.667541504,-24.793247223,0.406242162,0.913112760,0.023862526,-0.024959790
1653513034.504321575,281.391265869,-816.298522949,-24.848300934,0.406683832,0.912910461,0.024630465,-0.024414971
1653513034.571906328,281.391265869,-816.298522949,-24.848300934,0.406683832,0.912910461,0.024630465,-0.024414971
1653513034.637724400,281.104278564,-815.991271973,-24.893989563,0.407659560,0.912440300,0.026411133,-0.023849959
1653513034.705868721,281.104278564,-815.991271973,-24.893989563,0.407659560,0.912440300,0.026411133,-0.023849959
1653513034.770792961,280.756805420,-815.642395020,-24.948297501,0.408129901,0.912225783,0.026957780,-0.023396995
1653513034.837554216,280.756805420,-815.642395020,-24.948297501,0.408129901,0.912225783,0.026957780,-0.023396995
1653513034.906536341,280.393676758,-815.283325195,-25.003974915,0.408474237,0.912047982,0.027564587,-0.023610285
1653513034.971086025,280.393676758,-815.283325195,-25.003974915,0.408474237,0.912047982,0.027564587,-0.023610285
1653513035.037629843,280.054992676,-814.941467285,-25.055175781,0.409463406,0.911578119,0.028062887,-0.024031971
1653513035.104812622,280.054992676,-814.941467285,-25.055175781,0.409463406,0.911578119,0.028062887,-0.024031971
1653513035.170745611,279.692901611,-814.585449219,-25.111255646,0.409517258,0.911548853,0.028273912,-0.023977820
1653513035.241311073,279.692901611,-814.585449219,-25.111255646,0.409517258,0.911548853,0.028273912,-0.023977820
1653513035.305277824,279.334716797,-814.229797363,-25.168323517,0.409990609,0.911335766,0.028305368,-0.023951413
1653513035.370904207,279.334716797,-814.229797363,-25.168323517,0.409990609,0.911335766,0.028305368,-0.023951413
1653513035.437850714,278.978179932,-813.876892090,-25.227228165,0.410241604,0.911187291,0.029270042,-0.024141656
1653513035.503996849,278.978179932,-813.876892090,-25.227228165,0.410241604,0.911187291,0.029270042,-0.024141656
1653513035.571868658,278.583923340,-813.502746582,-25.292984009,0.410363138,0.911148965,0.029286847,-0.023493782
1653513035.637767792,278.583923340,-813.502746582,-25.292984009,0.410363138,0.911148965,0.029286847,-0.023493782
1653513035.704640865,278.296661377,-813.208740234,-25.345119476,0.410342604,0.911154389,0.029948581,-0.022797024
1653513035.771083355,278.296661377,-813.208740234,-25.345119476,0.410342604,0.911154389,0.029948581,-0.022797024
1653513035.837939978,277.905578613,-812.841674805,-25.419990540,0.410790294,0.910959780,0.029968396,-0.022482444
1653513035.905131102,277.905578613,-812.841674805,-25.419990540,0.410790294,0.910959780,0.029968396,-0.022482444
1653513035.971446753,277.578247070,-812.515869141,-25.488830566,0.410533577,0.911101043,0.029526254,-0.022027876
1653513036.038029909,277.578247070,-812.515869141,-25.488830566,0.410533577,0.911101043,0.029526254,-0.022027876
1653513036.105001926,277.208892822,-812.162963867,-25.565444946,0.410380065,0.911201179,0.029048568,-0.021372464
1653513036.170975685,277.208892822,-812.162963867,-25.565444946,0.410380065,0.911201179,0.029048568,-0.021372464
1653513036.237473249,276.848846436,-811.821533203,-25.636117935,0.410470515,0.911194146,0.028270483,-0.020975763
1653513036.305482388,276.848846436,-811.821533203,-25.636117935,0.410470515,0.911194146,0.028270483,-0.020975763
1653513036.370871782,276.513763428,-811.503479004,-25.701780319,0.410218000,0.911366165,0.026642092,-0.020568727
1653513036.437536955,276.513763428,-811.503479004,-25.701780319,0.410218000,0.911366165,0.026642092,-0.020568727
1653513036.504174471,276.114074707,-811.146667480,-25.778142929,0.409550518,0.911692739,0.025638096,-0.020673530
1653513036.571113110,276.114074707,-811.146667480,-25.778142929,0.409550518,0.911692739,0.025638096,-0.020673530
1653513036.637437582,275.736022949,-810.799621582,-25.846775055,0.409961313,0.911531389,0.024251906,-0.021308636
1653513036.704305649,275.736022949,-810.799621582,-25.846775055,0.409961313,0.911531389,0.024251906,-0.021308636
1653513036.771353960,275.367858887,-810.466186523,-25.911010742,0.409884185,0.911590695,0.023481945,-0.021117955
1653513036.837432623,275.367858887,-810.466186523,-25.911010742,0.409884185,0.911590695,0.023481945,-0.021117955
1653513036.905485153,274.984161377,-810.115783691,-25.982028961,0.409804821,0.911627471,0.022540143,-0.022075821
1653513036.970664501,274.984161377,-810.115783691,-25.982028961,0.409804821,0.911627471,0.022540143,-0.022075821
1653513037.037448645,274.614196777,-809.768981934,-26.049982071,0.410337061,0.911381364,0.021754984,-0.023113215
1653513037.104093552,274.614196777,-809.768981934,-26.049982071,0.410337061,0.911381364,0.021754984,-0.023113215
1653513037.170782804,274.252044678,-809.428222656,-26.109752655,0.410686463,0.911211431,0.021603500,-0.023741761
1653513037.237358809,274.252044678,-809.428222656,-26.109752655,0.410686463,0.911211431,0.021603500,-0.023741761
1653513037.304090738,273.829498291,-809.040222168,-26.180410385,0.410878450,0.911136031,0.020863025,-0.023974495
1653513037.370673418,273.829498291,-809.040222168,-26.180410385,0.410878450,0.911136031,0.020863025,-0.023974495
1653513037.437768936,273.465148926,-808.684570312,-26.241014481,0.411830753,0.910712421,0.020005582,-0.024455428
1653513037.504155636,273.465148926,-808.684570312,-26.241014481,0.411830753,0.910712421,0.020005582,-0.024455428
1653513037.570987701,273.130554199,-808.345947266,-26.298238754,0.412284911,0.910512626,0.019258197,-0.024840340
1653513037.637594461,273.130554199,-808.345947266,-26.298238754,0.412284911,0.910512626,0.019258197,-0.024840340
1653513037.707228661,272.745269775,-807.972045898,-26.364019394,0.413163990,0.910137057,0.018123791,-0.024852058
1653513037.770928860,272.745269775,-807.972045898,-26.364019394,0.413163990,0.910137057,0.018123791,-0.024852058
1653513037.838699102,272.432098389,-807.637390137,-26.414710999,0.414230943,0.909655690,0.017002026,-0.025497843
1653513037.904302835,272.432098389,-807.637390137,-26.414710999,0.414230943,0.909655690,0.017002026,-0.025497843
1653513037.971411943,272.019226074,-807.237609863,-26.479215622,0.414995581,0.909308970,0.015852777,-0.026164059
1653513038.037538767,272.019226074,-807.237609863,-26.479215622,0.414995581,0.909308970,0.015852777,-0.026164059
1653513038.104612589,271.730987549,-806.914184570,-26.527172089,0.415864289,0.908935666,0.014979663,-0.025854139
1653513038.174380779,271.730987549,-806.914184570,-26.527172089,0.415864289,0.908935666,0.014979663,-0.025854139
1653513038.239243984,271.347076416,-806.513977051,-26.588281631,0.417092264,0.908358335,0.015229611,-0.026214775
1653513038.304822922,271.347076416,-806.513977051,-26.588281631,0.417092264,0.908358335,0.015229611,-0.026214775
1653513038.371381044,270.977020264,-806.111328125,-26.645362854,0.417601466,0.908179343,0.014644284,-0.024593595
1653513038.438254833,270.977020264,-806.111328125,-26.645362854,0.417601466,0.908179343,0.014644284,-0.024593595
1653513038.504066706,270.677398682,-805.755676270,-26.686599731,0.418214202,0.907868207,0.016623264,-0.024409685
1653513038.570688009,270.677398682,-805.755676270,-26.686599731,0.418214202,0.907868207,0.016623264,-0.024409685
1653513038.638719797,270.320465088,-805.357604980,-26.731771469,0.418971777,0.907527506,0.018387109,-0.022767439
1653513038.709089994,270.320465088,-805.357604980,-26.731771469,0.418971777,0.907527506,0.018387109,-0.022767439
1653513038.770915031,269.951812744,-804.951293945,-26.774656296,0.418518335,0.907707036,0.020416200,-0.022215407
1653513038.840279102,269.951812744,-804.951293945,-26.774656296,0.418518335,0.907707036,0.020416200,-0.022215407
1653513038.904632330,269.601440430,-804.562438965,-26.811687469,0.418548882,0.907639444,0.023005826,-0.021868831
1653513038.971619606,269.601440430,-804.562438965,-26.811687469,0.418548882,0.907639444,0.023005826,-0.021868831
1653513039.041402340,269.276062012,-804.192321777,-26.844774246,0.418051392,0.907787740,0.025937459,-0.021946833
1653513039.105966091,269.276062012,-804.192321777,-26.844774246,0.418051392,0.907787740,0.025937459,-0.021946833
1653513039.170670271,268.873016357,-803.764648438,-26.882465363,0.417741418,0.907825768,0.028902924,-0.022562165
1653513039.237549543,268.873016357,-803.764648438,-26.882465363,0.417741418,0.907825768,0.028902924,-0.022562165
1653513039.304416418,268.565582275,-803.413696289,-26.907480240,0.417716146,0.907755911,0.030864282,-0.023234569
1653513039.370683193,268.565582275,-803.413696289,-26.907480240,0.417716146,0.907755911,0.030864282,-0.023234569
1653513039.437290430,268.231994629,-803.040344238,-26.934991837,0.418202847,0.907438755,0.032829698,-0.024155430
1653513039.504260540,268.231994629,-803.040344238,-26.934991837,0.418202847,0.907438755,0.032829698,-0.024155430
1653513039.571626663,267.842407227,-802.626159668,-26.970310211,0.418967485,0.907050490,0.033316985,-0.024811111
1653513039.637380600,267.842407227,-802.626159668,-26.970310211,0.418967485,0.907050490,0.033316985,-0.024811111
1653513039.704076767,267.472076416,-802.224975586,-27.008602142,0.419191986,0.906953812,0.033120561,-0.024816221
1653513039.772351980,267.472076416,-802.224975586,-27.008602142,0.419191986,0.906953812,0.033120561,-0.024816221
1653513039.838467121,267.113983154,-801.835998535,-27.041011810,0.419828326,0.906650066,0.033002142,-0.025311895
1653513039.904320240,267.113983154,-801.835998535,-27.041011810,0.419828326,0.906650066,0.033002142,-0.025311895
1653513039.970989227,266.764801025,-801.456542969,-27.075965881,0.420786291,0.906195283,0.033853885,-0.024554331
1653513040.038958788,266.764801025,-801.456542969,-27.075965881,0.420786291,0.906195283,0.033853885,-0.024554331
1653513040.107147217,266.400177002,-801.074218750,-27.116930008,0.421705127,0.905705929,0.035625830,-0.024339298
1653513040.170674801,266.400177002,-801.074218750,-27.116930008,0.421705127,0.905705929,0.035625830,-0.024339298
1653513040.239700794,266.032775879,-800.692932129,-27.161178589,0.422915399,0.905111730,0.037002899,-0.023369938
1653513040.304272890,266.032775879,-800.692932129,-27.161178589,0.422915399,0.905111730,0.037002899,-0.023369938
1653513040.371014118,265.674224854,-800.327514648,-27.209939957,0.423941821,0.904583812,0.038533304,-0.022729579
1653513040.438461065,265.674224854,-800.327514648,-27.209939957,0.423941821,0.904583812,0.038533304,-0.022729579
1653513040.505712986,265.357208252,-799.998352051,-27.257326126,0.424597681,0.904233038,0.039827067,-0.022209734
1653513040.571369171,265.357208252,-799.998352051,-27.257326126,0.424597681,0.904233038,0.039827067,-0.022209734
1653513040.637545109,264.980834961,-799.625549316,-27.305818558,0.425440043,0.903821051,0.040439010,-0.021746788
1653513040.705547571,264.980834961,-799.625549316,-27.305818558,0.425440043,0.903821051,0.040439010,-0.021746788
1653513040.770762444,264.624511719,-799.280883789,-27.346733093,0.426032573,0.903565347,0.040026300,-0.021535557
1653513040.837306738,264.624511719,-799.280883789,-27.346733093,0.426032573,0.903565347,0.040026300,-0.021535557
1653513040.904011726,264.296020508,-798.963745117,-27.385971069,0.425787091,0.903755605,0.038286857,-0.021571668
1653513040.971217155,264.296020508,-798.963745117,-27.385971069,0.425787091,0.903755605,0.038286857,-0.021571668
1653513041.040373564,263.904815674,-798.612121582,-27.434871674,0.425753295,0.903825939,0.036997315,-0.021540228
1653513041.104140282,263.904815674,-798.612121582,-27.434871674,0.425753295,0.903825939,0.036997315,-0.021540228
1653513041.170707703,263.487030029,-798.253356934,-27.488510132,0.425850123,0.903825819,0.035179578,-0.022648336
1653513041.243782759,263.487030029,-798.253356934,-27.488510132,0.425850123,0.903825819,0.035179578,-0.022648336
1653513041.304485083,263.128906250,-797.950927734,-27.539802551,0.425326705,0.904081583,0.034041304,-0.023975817
1653513041.370628834,263.128906250,-797.950927734,-27.539802551,0.425326705,0.904081583,0.034041304,-0.023975817
1653513041.438743114,262.777008057,-797.653503418,-27.593070984,0.425232619,0.904162645,0.032398984,-0.024847684
1653513041.504065037,262.777008057,-797.653503418,-27.593070984,0.425232619,0.904162645,0.032398984,-0.024847684
1653513041.571547031,262.426422119,-797.353027344,-27.641441345,0.425084114,0.904310405,0.029547203,-0.025557335
1653513041.641692877,262.426422119,-797.353027344,-27.641441345,0.425084114,0.904310405,0.029547203,-0.025557335
1653513041.704160929,262.076812744,-797.051208496,-27.696308136,0.424477160,0.904699564,0.026525002,-0.025183527
1653513041.772267342,262.076812744,-797.051208496,-27.696308136,0.424477160,0.904699564,0.026525002,-0.025183527
1653513041.838573694,261.700225830,-796.731628418,-27.755855560,0.424117833,0.904948950,0.023586543,-0.025201701
1653513041.904288292,261.700225830,-796.731628418,-27.755855560,0.424117833,0.904948950,0.023586543,-0.025201701
1653513041.970892668,261.355804443,-796.431884766,-27.809988022,0.423797101,0.905135393,0.021060770,-0.026121434
1653513042.038272619,261.355804443,-796.431884766,-27.809988022,0.423797101,0.905135393,0.021060770,-0.026121434
1653513042.104453802,261.020385742,-796.138671875,-27.863222122,0.423170656,0.905458331,0.018883634,-0.026743660
1653513042.170785904,261.020385742,-796.138671875,-27.863222122,0.423170656,0.905458331,0.018883634,-0.026743660
1653513042.240145206,260.634368896,-795.807556152,-27.919034958,0.422698051,0.905662298,0.018377831,-0.027647879
1653513042.305015802,260.634368896,-795.807556152,-27.919034958,0.422698051,0.905662298,0.018377831,-0.027647879
1653513042.370962620,260.319458008,-795.512695312,-27.968936920,0.422317624,0.905834794,0.018374866,-0.027812945
1653513042.437689781,260.319458008,-795.512695312,-27.968936920,0.422317624,0.905834794,0.018374866,-0.027812945
1653513042.504285812,260.030456543,-795.224182129,-28.018644333,0.421932608,0.906063020,0.018107012,-0.026359946
1653513042.570594311,260.030456543,-795.224182129,-28.018644333,0.421932608,0.906063020,0.018107012,-0.026359946
1653513042.637839794,259.718109131,-794.915954590,-28.074325562,0.421439528,0.906281590,0.019516265,-0.025719792
1653513042.704041004,259.718109131,-794.915954590,-28.074325562,0.421439528,0.906281590,0.019516265,-0.025719792
1653513042.770701170,259.369293213,-794.583007812,-28.134571075,0.421515167,0.906240463,0.021452641,-0.024350559
1653513042.837599754,259.369293213,-794.583007812,-28.134571075,0.421515167,0.906240463,0.021452641,-0.024350559
1653513042.905320406,259.003051758,-794.245361328,-28.194646835,0.421185464,0.906367064,0.023334656,-0.023601122
1653513042.970613956,259.003051758,-794.245361328,-28.194646835,0.421185464,0.906367064,0.023334656,-0.023601122
1653513043.038061142,258.651428223,-793.919494629,-28.253044128,0.421080172,0.906394064,0.024021357,-0.023753481
1653513043.104036093,258.651428223,-793.919494629,-28.253044128,0.421080172,0.906394064,0.024021357,-0.023753481
1653513043.170679092,258.321105957,-793.610900879,-28.304052353,0.421362072,0.906216979,0.024057833,-0.025417209
1653513043.237371922,258.321105957,-793.610900879,-28.304052353,0.421362072,0.906216979,0.024057833,-0.025417209
1653513043.304123402,257.998748779,-793.305847168,-28.350797653,0.421697587,0.906042933,0.023758989,-0.026321664
1653513043.370728731,257.998748779,-793.305847168,-28.350797653,0.421697587,0.906042933,0.023758989,-0.026321664
1653513043.439017773,257.680236816,-792.995788574,-28.397068024,0.423000813,0.905427933,0.023087185,-0.027158253
1653513043.504089594,257.680236816,-792.995788574,-28.397068024,0.423000813,0.905427933,0.023087185,-0.027158253
1653513043.571085930,257.345245361,-792.672546387,-28.445455551,0.423607469,0.905122042,0.023298051,-0.027712245
1653513043.637508869,257.345245361,-792.672546387,-28.445455551,0.423607469,0.905122042,0.023298051,-0.027712245
1653513043.704128742,257.030609131,-792.358154297,-28.488361359,0.424573660,0.904649496,0.023998328,-0.027759746
1653513043.770730257,257.030609131,-792.358154297,-28.488361359,0.424573660,0.904649496,0.023998328,-0.027759746
1653513043.837500572,256.650085449,-791.990234375,-28.543893814,0.426307440,0.903841555,0.023544149,-0.027894834
1653513043.905515432,256.650085449,-791.990234375,-28.543893814,0.426307440,0.903841555,0.023544149,-0.027894834
1653513043.970624685,256.362792969,-791.682800293,-28.581453323,0.428071558,0.902997255,0.023497777,-0.028259497
1653513044.038458586,256.362792969,-791.682800293,-28.581453323,0.428071558,0.902997255,0.023497777,-0.028259497
1653513044.104381084,256.059783936,-791.362731934,-28.620193481,0.429674685,0.902209163,0.023197012,-0.029329969
1653513044.172928810,256.059783936,-791.362731934,-28.620193481,0.429674685,0.902209163,0.023197012,-0.029329969
1653513044.238558054,255.791122437,-791.070800781,-28.651914597,0.430826426,0.901651382,0.023095869,-0.029663987
1653513044.304877758,255.791122437,-791.070800781,-28.651914597,0.430826426,0.901651382,0.023095869,-0.029663987
1653513044.370683908,255.470947266,-790.747924805,-28.685771942,0.431274533,0.901411295,0.022684455,-0.030746225
1653513044.438218117,255.470947266,-790.747924805,-28.685771942,0.431274533,0.901411295,0.022684455,-0.030746225
1653513044.504369497,255.166458130,-790.441101074,-28.713737488,0.430715412,0.901615322,0.023127927,-0.032236435
1653513044.570776224,255.166458130,-790.441101074,-28.713737488,0.430715412,0.901615322,0.023127927,-0.032236435
1653513044.638059139,254.851379395,-790.129577637,-28.746438980,0.429837227,0.902027726,0.023217708,-0.032355193
1653513044.705649137,254.851379395,-790.129577637,-28.746438980,0.429837227,0.902027726,0.023217708,-0.032355193
1653513044.770635843,254.542953491,-789.818298340,-28.779075623,0.428848922,0.902461767,0.024198802,-0.032645974
1653513044.838308334,254.542953491,-789.818298340,-28.779075623,0.428848922,0.902461767,0.024198802,-0.032645974
1653513044.903862000,254.266479492,-789.528991699,-28.805576324,0.427929401,0.902926564,0.024414629,-0.031686291
1653513044.970575809,254.266479492,-789.528991699,-28.805576324,0.427929401,0.902926564,0.024414629,-0.031686291
1653513045.039816618,253.972427368,-789.226196289,-28.834438324,0.426755309,0.903533638,0.023991663,-0.030516703
1653513045.104101419,253.972427368,-789.226196289,-28.834438324,0.426755309,0.903533638,0.023991663,-0.030516703
1653513045.172189474,253.683563232,-788.920776367,-28.857877731,0.425842047,0.904020488,0.022835789,-0.029732572
1653513045.237517595,253.683563232,-788.920776367,-28.857877731,0.425842047,0.904020488,0.022835789,-0.029732572
1653513045.303911448,253.390243530,-788.612243652,-28.877977371,0.425151557,0.904391170,0.022436224,-0.028624095
1653513045.370588064,253.390243530,-788.612243652,-28.877977371,0.425151557,0.904391170,0.022436224,-0.028624095
1653513045.437192202,253.085632324,-788.299194336,-28.892148972,0.424053460,0.904891610,0.022464035,-0.029071296
1653513045.503953695,253.085632324,-788.299194336,-28.892148972,0.424053460,0.904891610,0.022464035,-0.029071296
1653513045.570636272,252.822006226,-788.013244629,-28.894737244,0.422963649,0.905381620,0.022213319,-0.029874722
1653513045.637581348,252.822006226,-788.013244629,-28.894737244,0.422963649,0.905381620,0.022213319,-0.029874722
1653513045.703980923,252.521377563,-787.701660156,-28.894842148,0.421272039,0.906129658,0.022042455,-0.031193653
1653513045.770668983,252.521377563,-787.701660156,-28.894842148,0.421272039,0.906129658,0.022042455,-0.031193653
1653513045.837520123,252.250198364,-787.411499023,-28.890943527,0.419741154,0.906739652,0.022209775,-0.033871755
1653513045.905252934,252.250198364,-787.411499023,-28.890943527,0.419741154,0.906739652,0.022209775,-0.033871755
1653513045.972783566,251.961990356,-787.112731934,-28.896467209,0.417708039,0.907681882,0.021815090,-0.034024939
1653513046.038334846,251.961990356,-787.112731934,-28.896467209,0.417708039,0.907681882,0.021815090,-0.034024939
1653513046.104295969,251.653411865,-786.793518066,-28.910064697,0.414513946,0.909157157,0.020994388,-0.034214869
1653513046.171170473,251.653411865,-786.793518066,-28.910064697,0.414513946,0.909157157,0.020994388,-0.034214869
1653513046.240256071,251.384780884,-786.506835938,-28.932632446,0.411788106,0.910436988,0.020797750,-0.033203337
1653513046.303876162,251.384780884,-786.506835938,-28.932632446,0.411788106,0.910436988,0.020797750,-0.033203337
1653513046.370544672,251.113952637,-786.214233398,-28.961050034,0.408101916,0.912144125,0.020659663,-0.031923067
1653513046.438511372,251.113952637,-786.214233398,-28.961050034,0.408101916,0.912144125,0.020659663,-0.031923067
1653513046.504014492,250.801254272,-785.891967773,-28.988754272,0.404089421,0.913971841,0.020983821,-0.030445315
1653513046.571983576,250.801254272,-785.891967773,-28.988754272,0.404089421,0.913971841,0.020983821,-0.030445315
1653513046.639890432,250.545227051,-785.603698730,-29.014701843,0.400474191,0.915593266,0.021977348,-0.028746882
1653513046.704055071,250.545227051,-785.603698730,-29.014701843,0.400474191,0.915593266,0.021977348,-0.028746882
1653513046.771110535,250.302215576,-785.320495605,-29.036548615,0.397838175,0.916742027,0.023899445,-0.027159704
1653513046.838480949,250.302215576,-785.320495605,-29.036548615,0.397838175,0.916742027,0.023899445,-0.027159704
1653513046.904752016,250.017807007,-785.001586914,-29.060192108,0.395230412,0.917873323,0.025483433,-0.025535448
1653513046.970665455,250.017807007,-785.001586914,-29.060192108,0.395230412,0.917873323,0.025483433,-0.025535448
1653513047.037321091,249.756912231,-784.695434570,-29.078861237,0.393795490,0.918474615,0.027626285,-0.023796313
1653513047.105189323,249.756912231,-784.695434570,-29.078861237,0.393795490,0.918474615,0.027626285,-0.023796313
1653513047.170640230,249.476516724,-784.374267578,-29.097690582,0.392788619,0.918912530,0.029046547,-0.021752778
1653513047.237719297,249.476516724,-784.374267578,-29.097690582,0.392788619,0.918912530,0.029046547,-0.021752778
1653513047.304219246,249.256103516,-784.093750000,-29.114303589,0.391486973,0.919445217,0.030985296,-0.019957785
1653513047.371232748,249.256103516,-784.093750000,-29.114303589,0.391486973,0.919445217,0.030985296,-0.019957785
1653513047.437241793,248.964889526,-783.751098633,-29.130966187,0.391492933,0.919409871,0.032551333,-0.018953005
1653513047.503943682,248.964889526,-783.751098633,-29.130966187,0.391492933,0.919409871,0.032551333,-0.018953005
1653513047.570910692,248.749542236,-783.465942383,-29.139274597,0.392230958,0.919007778,0.035320651,-0.018221669
1653513047.638723373,248.749542236,-783.465942383,-29.139274597,0.392230958,0.919007778,0.035320651,-0.018221669
1653513047.704204559,248.476699829,-783.142089844,-29.153324127,0.392631650,0.918751240,0.037950724,-0.017212475
1653513047.770745516,248.476699829,-783.142089844,-29.153324127,0.392631650,0.918751240,0.037950724,-0.017212475
1653513047.838227272,248.204040527,-782.829589844,-29.169452667,0.393052369,0.918466330,0.040800400,-0.016270079
1653513047.903990269,248.204040527,-782.829589844,-29.169452667,0.393052369,0.918466330,0.040800400,-0.016270079
1653513047.971246719,247.921325684,-782.520263672,-29.186353683,0.392518342,0.918585718,0.043296121,-0.015969543
1653513048.037752628,247.921325684,-782.520263672,-29.186353683,0.392518342,0.918585718,0.043296121,-0.015969543
1653513048.104371071,247.635192871,-782.223937988,-29.203166962,0.391907007,0.918762147,0.045039978,-0.016011108
1653513048.170493603,247.635192871,-782.223937988,-29.203166962,0.391907007,0.918762147,0.045039978,-0.016011108
1653513048.237204790,247.341369629,-781.931213379,-29.220985413,0.392403930,0.918555081,0.044734679,-0.016569711
1653513048.303976297,247.341369629,-781.931213379,-29.220985413,0.392403930,0.918555081,0.044734679,-0.016569711
1653513048.371394634,247.050323486,-781.656677246,-29.239465714,0.391794384,0.918893158,0.042982023,-0.016882988
1653513048.437360525,247.050323486,-781.656677246,-29.239465714,0.391794384,0.918893158,0.042982023,-0.016882988
1653513048.504168034,246.764022827,-781.392944336,-29.258739471,0.391470730,0.919143915,0.040285502,-0.017385367
1653513048.570764542,246.764022827,-781.392944336,-29.258739471,0.391470730,0.919143915,0.040285502,-0.017385367
1653513048.637372732,246.443267822,-781.110778809,-29.280797958,0.391060382,0.919387341,0.038076326,-0.018678127
1653513048.704090357,246.443267822,-781.110778809,-29.280797958,0.391060382,0.919387341,0.038076326,-0.018678127
1653513048.773060799,246.103347778,-780.820251465,-29.301849365,0.390073806,0.919819593,0.036886096,-0.020340880
1653513048.840609312,246.103347778,-780.820251465,-29.301849365,0.390073806,0.919819593,0.036886096,-0.020340880
1653513048.904157400,245.777893066,-780.540649414,-29.314928055,0.388742983,0.920346498,0.036865517,-0.021957681
1653513048.971263647,245.777893066,-780.540649414,-29.314928055,0.388742983,0.920346498,0.036865517,-0.021957681
1653513049.044143677,245.494461060,-780.305297852,-29.328523636,0.386749089,0.921139002,0.037653234,-0.022589065
1653513049.104543924,245.494461060,-780.305297852,-29.328523636,0.386749089,0.921139002,0.037653234,-0.022589065
1653513049.173919439,245.171691895,-780.043273926,-29.341489792,0.384360850,0.922102392,0.037777700,-0.023805829
1653513049.238291502,245.171691895,-780.043273926,-29.341489792,0.384360850,0.922102392,0.037777700,-0.023805829
1653513049.304045677,244.847442627,-779.788452148,-29.358659744,0.381778568,0.923138261,0.038185298,-0.024550553
1653513049.370781660,244.847442627,-779.788452148,-29.358659744,0.381778568,0.923138261,0.038185298,-0.024550553
1653513049.437980175,244.543045044,-779.555358887,-29.381187439,0.378956646,0.924271464,0.038695145,-0.024836576
1653513049.504135609,244.543045044,-779.555358887,-29.381187439,0.378956646,0.924271464,0.038695145,-0.024836576
1653513049.570524693,244.196868896,-779.297424316,-29.407102585,0.377164453,0.925046086,0.036420472,-0.026650555
1653513049.637212992,244.196868896,-779.297424316,-29.407102585,0.377164453,0.925046086,0.036420472,-0.026650555
1653513049.703862906,243.894973755,-779.072998047,-29.435024261,0.375142246,0.925936639,0.033420339,-0.028155247
1653513049.771340609,243.894973755,-779.072998047,-29.435024261,0.375142246,0.925936639,0.033420339,-0.028155247
1653513049.838913202,243.559020996,-778.827209473,-29.461072922,0.374487519,0.926177323,0.031226775,-0.031297866
1653513049.904162169,243.559020996,-778.827209473,-29.461072922,0.374487519,0.926177323,0.031226775,-0.031297866
1653513049.971349001,243.258056641,-778.594116211,-29.483453751,0.373168826,0.926624656,0.030882677,-0.034030605
1653513050.039042473,243.258056641,-778.594116211,-29.483453751,0.373168826,0.926624656,0.030882677,-0.034030605
1653513050.104061604,242.951232910,-778.361450195,-29.507078171,0.371959090,0.927007616,0.032077979,-0.035697285
1653513050.171638489,242.951232910,-778.361450195,-29.507078171,0.371959090,0.927007616,0.032077979,-0.035697285
1653513050.237203121,242.599288940,-778.104675293,-29.530574799,0.369874060,0.927623868,0.035656337,-0.037891798
1653513050.304023504,242.599288940,-778.104675293,-29.530574799,0.369874060,0.927623868,0.035656337,-0.037891798
1653513050.371095419,242.339538574,-777.898193359,-29.549030304,0.368765891,0.927900791,0.036989663,-0.040541690
1653513050.437093973,242.339538574,-777.898193359,-29.549030304,0.368765891,0.927900791,0.036989663,-0.040541690
1653513050.506978989,241.991394043,-777.652343750,-29.570610046,0.368014783,0.928082764,0.036488693,-0.043544397
1653513050.570748568,241.991394043,-777.652343750,-29.570610046,0.368014783,0.928082764,0.036488693,-0.043544397
1653513050.637881517,241.672714233,-777.420715332,-29.591211319,0.367933303,0.928088129,0.034365807,-0.045786981
1653513050.703970432,241.672714233,-777.420715332,-29.591211319,0.367933303,0.928088129,0.034365807,-0.045786981
1653513050.770753860,241.431060791,-777.232666016,-29.611000061,0.367262542,0.928255320,0.032069705,-0.049313065
1653513050.838701725,241.431060791,-777.232666016,-29.611000061,0.367262542,0.928255320,0.032069705,-0.049313065
1653513050.904383421,241.103759766,-776.996398926,-29.643465042,0.367402166,0.928127587,0.031428117,-0.051060162
1653513050.970686674,241.103759766,-776.996398926,-29.643465042,0.367402166,0.928127587,0.031428117,-0.051060162
1653513051.037114143,240.860473633,-776.801147461,-29.673381805,0.366486281,0.928365946,0.033656579,-0.051882166
1653513051.105987072,240.860473633,-776.801147461,-29.673381805,0.366486281,0.928365946,0.033656579,-0.051882166
1653513051.171524048,240.588165283,-776.596069336,-29.709699631,0.365536600,0.928744137,0.033126522,-0.052153658
1653513051.237331867,240.588165283,-776.596069336,-29.709699631,0.365536600,0.928744137,0.033126522,-0.052153658
1653513051.304032803,240.286437988,-776.379577637,-29.750186920,0.365131497,0.928931713,0.030857040,-0.053034954
1653513051.372022390,240.286437988,-776.379577637,-29.750186920,0.365131497,0.928931713,0.030857040,-0.053034954
1653513051.437183380,240.066223145,-776.208435059,-29.783834457,0.364822090,0.929124415,0.027975626,-0.053386137
1653513051.503874063,240.066223145,-776.208435059,-29.783834457,0.364822090,0.929124415,0.027975626,-0.053386137
1653513051.571350336,239.786254883,-776.009033203,-29.817111969,0.363852918,0.929555774,0.027076205,-0.052952837
1653513051.637122154,239.786254883,-776.009033203,-29.817111969,0.363852918,0.929555774,0.027076205,-0.052952837
1653513051.703862429,239.528350830,-775.815307617,-29.839427948,0.362157643,0.930165827,0.028001519,-0.053378616
1653513051.770485878,239.528350830,-775.815307617,-29.839427948,0.362157643,0.930165827,0.028001519,-0.053378616
1653513051.840168476,239.311813354,-775.639770508,-29.849775314,0.361228079,0.930479050,0.029643975,-0.053331368
1653513051.904314041,239.311813354,-775.639770508,-29.849775314,0.361228079,0.930479050,0.029643975,-0.053331368
1653513051.970630646,239.067413330,-775.451782227,-29.853702545,0.360093117,0.930794597,0.031302813,-0.054539058
1653513052.037327051,239.067413330,-775.451782227,-29.853702545,0.360093117,0.930794597,0.031302813,-0.054539058
1653513052.104137421,238.849319458,-775.281616211,-29.850141525,0.359482765,0.930859804,0.031792570,-0.057108600
1653513052.173723221,238.849319458,-775.281616211,-29.850141525,0.359482765,0.930859804,0.031792570,-0.057108600
1653513052.240038872,238.633804321,-775.115356445,-29.840373993,0.358944744,0.930934250,0.031618364,-0.059332978
1653513052.305049419,238.633804321,-775.115356445,-29.840373993,0.358944744,0.930934250,0.031618364,-0.059332978
1653513052.370600939,238.437942505,-774.958129883,-29.829505920,0.358361423,0.931080222,0.031246375,-0.060748775
1653513052.437801361,238.437942505,-774.958129883,-29.829505920,0.358361423,0.931080222,0.031246375,-0.060748775
1653513052.504132271,238.238662720,-774.802185059,-29.825815201,0.357240736,0.931538701,0.030649507,-0.060624182
1653513052.571412802,238.238662720,-774.802185059,-29.825815201,0.357240736,0.931538701,0.030649507,-0.060624182
1653513052.637410164,238.063186646,-774.659667969,-29.823652267,0.355176210,0.932403922,0.029270643,-0.060133278
1653513052.705277681,238.063186646,-774.659667969,-29.823652267,0.355176210,0.932403922,0.029270643,-0.060133278
1653513052.770936728,237.895874023,-774.526245117,-29.816541672,0.352810442,0.933373272,0.027390478,-0.059907541
1653513052.840544462,237.895874023,-774.526245117,-29.816541672,0.352810442,0.933373272,0.027390478,-0.059907541
1653513052.905113459,237.724380493,-774.400085449,-29.802244186,0.349123836,0.934704125,0.026726710,-0.061044414
1653513052.970549583,237.724380493,-774.400085449,-29.802244186,0.349123836,0.934704125,0.026726710,-0.061044414
1653513053.037226439,237.547836304,-774.279663086,-29.788091660,0.344315499,0.936445713,0.026158534,-0.061902937
1653513053.103840590,237.547836304,-774.279663086,-29.788091660,0.344315499,0.936445713,0.026158534,-0.061902937
1653513053.170473814,237.388946533,-774.171386719,-29.778043747,0.338264644,0.938574493,0.025416270,-0.063316770
1653513053.237140656,237.388946533,-774.171386719,-29.778043747,0.338264644,0.938574493,0.025416270,-0.063316770
1653513053.304030657,237.267181396,-774.078735352,-29.769868851,0.332940310,0.940412164,0.024807889,-0.064500384
1653513053.371036291,237.267181396,-774.078735352,-29.769868851,0.332940310,0.940412164,0.024807889,-0.064500384
1653513053.439897537,237.146133423,-773.974426270,-29.761426926,0.328685015,0.941859961,0.025198177,-0.065046810
1653513053.504340649,237.146133423,-773.974426270,-29.761426926,0.328685015,0.941859961,0.025198177,-0.065046810
1653513053.571727991,237.051254272,-773.877380371,-29.754745483,0.324168295,0.943403423,0.025533251,-0.065214753
1653513053.637306213,237.051254272,-773.877380371,-29.754745483,0.324168295,0.943403423,0.025533251,-0.065214753
1653513053.709151268,236.935424805,-773.764770508,-29.749023438,0.319795132,0.944877028,0.026049497,-0.065268077
1653513053.770545244,236.935424805,-773.764770508,-29.749023438,0.319795132,0.944877028,0.026049497,-0.065268077
1653513053.840268373,236.861877441,-773.664428711,-29.748926163,0.315664321,0.946269035,0.027531397,-0.064598158
1653513053.904350996,236.861877441,-773.664428711,-29.748926163,0.315664321,0.946269035,0.027531397,-0.064598158
1653513053.970661402,236.794876099,-773.565307617,-29.757049561,0.311396033,0.947763324,0.029143106,-0.062673084
1653513054.039736032,236.794876099,-773.565307617,-29.757049561,0.311396033,0.947763324,0.029143106,-0.062673084
1653513054.104023695,236.745269775,-773.469604492,-29.766443253,0.307082921,0.949271381,0.030335650,-0.060528301
1653513054.172071934,236.745269775,-773.469604492,-29.766443253,0.307082921,0.949271381,0.030335650,-0.060528301
1653513054.237377405,236.689453125,-773.370910645,-29.774045944,0.302850187,0.950675726,0.032094616,-0.058884338
1653513054.304047346,236.689453125,-773.370910645,-29.774045944,0.302850187,0.950675726,0.032094616,-0.058884338
1653513054.371576309,236.654479980,-773.295532227,-29.780118942,0.299087077,0.951974392,0.031111695,-0.057652388
1653513054.437215090,236.654479980,-773.295532227,-29.780118942,0.299087077,0.951974392,0.031111695,-0.057652388
1653513054.504281044,236.633331299,-773.230407715,-29.784162521,0.294748873,0.953462720,0.028030185,-0.056975778
1653513054.571475983,236.633331299,-773.230407715,-29.784162521,0.294748873,0.953462720,0.028030185,-0.056975778
1653513054.637192011,236.602294922,-773.172363281,-29.790227890,0.290474862,0.954917490,0.025291583,-0.055832122
1653513054.704050064,236.602294922,-773.172363281,-29.790227890,0.290474862,0.954917490,0.025291583,-0.055832122
1653513054.775164366,236.576416016,-773.122375488,-29.798265457,0.284576297,0.956823051,0.024301009,-0.053994391
1653513054.837128878,236.576416016,-773.122375488,-29.798265457,0.284576297,0.956823051,0.024301009,-0.053994391
1653513054.903963089,236.571594238,-773.090026855,-29.812561035,0.275290072,0.959636807,0.024614282,-0.052026641
1653513054.970471621,236.571594238,-773.090026855,-29.812561035,0.275290072,0.959636807,0.024614282,-0.052026641
1653513055.037120581,236.555206299,-773.070312500,-29.828498840,0.266211510,0.962366402,0.024026707,-0.049041752
1653513055.104435682,236.555206299,-773.070312500,-29.828498840,0.266211510,0.962366402,0.024026707,-0.049041752
1653513055.171173096,236.538619995,-773.065307617,-29.844112396,0.255580336,0.965363085,0.023164880,-0.047076143
1653513055.237441778,236.538619995,-773.065307617,-29.844112396,0.255580336,0.965363085,0.023164880,-0.047076143
1653513055.304168940,236.532577515,-773.057128906,-29.863439560,0.244403109,0.968424916,0.020095121,-0.044905834
1653513055.373052359,236.532577515,-773.057128906,-29.863439560,0.244403109,0.968424916,0.020095121,-0.044905834
1653513055.437292576,236.537368774,-773.046630859,-29.880001068,0.234645799,0.970909476,0.017142164,-0.044523377
1653513055.503997326,236.537368774,-773.046630859,-29.880001068,0.234645799,0.970909476,0.017142164,-0.044523377
1653513055.571659327,236.559799194,-773.042724609,-29.896778107,0.224563852,0.973364651,0.015362810,-0.043546282
1653513055.637089968,236.559799194,-773.042724609,-29.896778107,0.224563852,0.973364651,0.015362810,-0.043546282
1653513055.704141855,236.576156616,-773.029541016,-29.908081055,0.214654043,0.975738406,0.014835075,-0.040473413
1653513055.770490170,236.576156616,-773.029541016,-29.908081055,0.214654043,0.975738406,0.014835075,-0.040473413
1653513055.837164164,236.593917847,-773.008728027,-29.922054291,0.204099000,0.978120089,0.014644714,-0.037553262
1653513055.903871059,236.593917847,-773.008728027,-29.922054291,0.204099000,0.978120089,0.014644714,-0.037553262
1653513055.971141815,236.630050659,-772.982971191,-29.934038162,0.194420353,0.980203032,0.014128831,-0.034686390
1653513056.037690401,236.630050659,-772.982971191,-29.934038162,0.194420353,0.980203032,0.014128831,-0.034686390
1653513056.103956699,236.663696289,-772.973815918,-29.938249588,0.183061317,0.982502162,0.015026387,-0.030858336
1653513056.170480490,236.663696289,-772.973815918,-29.938249588,0.183061317,0.982502162,0.015026387,-0.030858336
1653513056.237492800,236.703674316,-772.960266113,-29.939741135,0.172751322,0.984395862,0.016300684,-0.029257497
1653513056.304970503,236.703674316,-772.960266113,-29.939741135,0.172751322,0.984395862,0.016300684,-0.029257497
1653513056.372349024,236.746459961,-772.945190430,-29.930927277,0.161918715,0.986277699,0.016627191,-0.027607989
1653513056.438117027,236.746459961,-772.945190430,-29.930927277,0.161918715,0.986277699,0.016627191,-0.027607989
1653513056.504168034,236.794204712,-772.923461914,-29.923574448,0.151748121,0.987927318,0.016408145,-0.026513105
1653513056.570669651,236.794204712,-772.923461914,-29.923574448,0.151748121,0.987927318,0.016408145,-0.026513105
1653513056.637346745,236.841644287,-772.906433105,-29.909418106,0.140573204,0.989621758,0.016972004,-0.024492016
1653513056.703909874,236.841644287,-772.906433105,-29.909418106,0.140573204,0.989621758,0.016972004,-0.024492016
1653513056.770412207,236.889541626,-772.893310547,-29.895578384,0.129203096,0.991220295,0.016499763,-0.022729862
1653513056.837861061,236.889541626,-772.893310547,-29.895578384,0.129203096,0.991220295,0.016499763,-0.022729862
1653513056.903990269,236.941482544,-772.867614746,-29.876728058,0.117163077,0.992800713,0.014653474,-0.020119380
1653513056.981634855,236.941482544,-772.867614746,-29.876728058,0.117163077,0.992800713,0.014653474,-0.020119380
1653513057.038082361,236.999710083,-772.847106934,-29.860858917,0.105973333,0.994091690,0.013044416,-0.019523887
1653513057.104161263,236.999710083,-772.847106934,-29.860858917,0.105973333,0.994091690,0.013044416,-0.019523887
1653513057.171107531,237.057662964,-772.841491699,-29.829753876,0.092451118,0.995476902,0.012092385,-0.018229729
1653513057.237058640,237.057662964,-772.841491699,-29.829753876,0.092451118,0.995476902,0.012092385,-0.018229729
1653513057.304006577,237.109786987,-772.831909180,-29.813449860,0.079121791,0.996658683,0.011014876,-0.017026195
1653513057.371752977,237.109786987,-772.831909180,-29.813449860,0.079121791,0.996658683,0.011014876,-0.017026195
1653513057.437510014,237.177597046,-772.811645508,-29.789817810,0.064947598,0.997681260,0.010806557,-0.017236428
1653513057.504120827,237.177597046,-772.811645508,-29.789817810,0.064947598,0.997681260,0.010806557,-0.017236428
1653513057.573141098,237.231750488,-772.799743652,-29.773180008,0.051004194,0.998516679,0.010110146,-0.016149484
1653513057.637654066,237.231750488,-772.799743652,-29.773180008,0.051004194,0.998516679,0.010110146,-0.016149484
1653513057.703752279,237.294143677,-772.772644043,-29.762079239,0.036389533,0.999176264,0.010760420,-0.014380295
1653513057.770480156,237.294143677,-772.772644043,-29.762079239,0.036389533,0.999176264,0.010760420,-0.014380295
1653513057.838109970,237.336791992,-772.746215820,-29.749757767,0.023612313,0.999554932,0.013128321,-0.012653154
1653513057.903745174,237.336791992,-772.746215820,-29.749757767,0.023612313,0.999554932,0.013128321,-0.012653154
1653513057.970608473,237.406921387,-772.700683594,-29.746692657,0.009537351,0.999782324,0.014966334,-0.010971915
1653513058.040332317,237.406921387,-772.700683594,-29.746692657,0.009537351,0.999782324,0.014966334,-0.010971915
1653513058.103805065,237.458190918,-772.651489258,-29.738645554,-0.003447783,0.999831259,0.016134253,-0.008080312
1653513058.171973944,237.458190918,-772.651489258,-29.738645554,-0.003447783,0.999831259,0.016134253,-0.008080312
1653513058.237018347,237.488632202,-772.622253418,-29.741945267,-0.016363250,0.999672592,0.018683814,-0.006154231
1653513058.303915501,237.488632202,-772.622253418,-29.741945267,-0.016363250,0.999672592,0.018683814,-0.006154231
1653513058.370638847,237.534530640,-772.588134766,-29.730762482,-0.028248640,0.999368668,0.020607719,-0.006295026
1653513058.437220097,237.534530640,-772.588134766,-29.730762482,-0.028248640,0.999368668,0.020607719,-0.006295026
1653513058.503915071,237.579605103,-772.548583984,-29.730115891,-0.041359700,0.998899519,0.021183558,-0.006358956
1653513058.570957661,237.579605103,-772.548583984,-29.730115891,-0.041359700,0.998899519,0.021183558,-0.006358956
1653513058.637549639,237.598632812,-772.523864746,-29.710630417,-0.053043660,0.998327315,0.021965330,-0.006819712
1653513058.703972578,237.598632812,-772.523864746,-29.710630417,-0.053043660,0.998327315,0.021965330,-0.006819712
1653513058.770461082,237.627243042,-772.493774414,-29.696475983,-0.064459369,0.997639656,0.022384591,-0.007682552
1653513058.837700844,237.627243042,-772.493774414,-29.696475983,-0.064459369,0.997639656,0.022384591,-0.007682552
1653513058.904098034,237.634536743,-772.475952148,-29.678653717,-0.076672360,0.996753931,0.023172194,-0.008126897
1653513058.971178770,237.634536743,-772.475952148,-29.678653717,-0.076672360,0.996753931,0.023172194,-0.008126897
1653513059.037055016,237.656646729,-772.457153320,-29.669317245,-0.089397915,0.995685399,0.023437491,-0.008326955
1653513059.103746653,237.656646729,-772.457153320,-29.669317245,-0.089397915,0.995685399,0.023437491,-0.008326955
1653513059.170481443,237.673858643,-772.442382812,-29.665344238,-0.102113292,0.994496882,0.021729384,-0.008754508
1653513059.237400293,237.673858643,-772.442382812,-29.665344238,-0.102113292,0.994496882,0.021729384,-0.008754508
1653513059.303928375,237.681335449,-772.457519531,-29.660491943,-0.116616838,0.992924094,0.020008786,-0.010093844
1653513059.370407820,237.681335449,-772.457519531,-29.660491943,-0.116616838,0.992924094,0.020008786,-0.010093844
1653513059.437640190,237.689651489,-772.469238281,-29.652620316,-0.130710721,0.991186261,0.018372852,-0.011269269
1653513059.503801107,237.689651489,-772.469238281,-29.652620316,-0.130710721,0.991186261,0.018372852,-0.011269269
1653513059.570507050,237.710006714,-772.468750000,-29.639167786,-0.145237923,0.989187360,0.015699735,-0.012954283
1653513059.637075663,237.710006714,-772.468750000,-29.639167786,-0.145237923,0.989187360,0.015699735,-0.012954283
1653513059.704829931,237.717193604,-772.483459473,-29.629283905,-0.159645677,0.986974061,0.012725994,-0.015279531
1653513059.770479679,237.717193604,-772.483459473,-29.629283905,-0.159645677,0.986974061,0.012725994,-0.015279531
1653513059.838282824,237.729644775,-772.493652344,-29.620954514,-0.175197184,0.984342098,0.009352448,-0.017003532
1653513059.904026985,237.729644775,-772.493652344,-29.620954514,-0.175197184,0.984342098,0.009352448,-0.017003532
1653513059.970517874,237.730926514,-772.510009766,-29.614856720,-0.190458819,0.981509328,0.006179687,-0.018074181
1653513060.038858891,237.730926514,-772.510009766,-29.614856720,-0.190458819,0.981509328,0.006179687,-0.018074181
1653513060.104107141,237.731094360,-772.526306152,-29.616968155,-0.206251636,0.978315711,0.002743728,-0.018737679
1653513060.170562029,237.731094360,-772.526306152,-29.616968155,-0.206251636,0.978315711,0.002743728,-0.018737679
1653513060.237381220,237.735534668,-772.522033691,-29.616373062,-0.221705303,0.974912226,0.000827190,-0.019805623
1653513060.304865599,237.735534668,-772.522033691,-29.616373062,-0.221705303,0.974912226,0.000827190,-0.019805623
1653513060.370580196,237.736755371,-772.512512207,-29.619705200,-0.237678409,0.971106231,0.001991361,-0.021392765
1653513060.437516928,237.736755371,-772.512512207,-29.619705200,-0.237678409,0.971106231,0.001991361,-0.021392765
1653513060.504511118,237.732742310,-772.510681152,-29.618894577,-0.252671897,0.967286348,0.005012239,-0.022110688
1653513060.570632935,237.732742310,-772.510681152,-29.618894577,-0.252671897,0.967286348,0.005012239,-0.022110688
1653513060.637060881,237.724746704,-772.496948242,-29.615133286,-0.266876966,0.963412166,0.007185849,-0.023708258
1653513060.704096794,237.724746704,-772.496948242,-29.615133286,-0.266876966,0.963412166,0.007185849,-0.023708258
1653513060.770627499,237.711929321,-772.483398438,-29.604913712,-0.279493034,0.959769189,0.008584978,-0.025553809
1653513060.837125301,237.711929321,-772.483398438,-29.604913712,-0.279493034,0.959769189,0.008584978,-0.025553809
1653513060.903907299,237.701461792,-772.454772949,-29.594272614,-0.291500777,0.956143677,0.009125990,-0.027078632
1653513060.971127033,237.701461792,-772.454772949,-29.594272614,-0.291500777,0.956143677,0.009125990,-0.027078632
1653513061.038687468,237.690124512,-772.427185059,-29.586286545,-0.302451909,0.952700615,0.008360268,-0.028538277
1653513061.103936434,237.690124512,-772.427185059,-29.586286545,-0.302451909,0.952700615,0.008360268,-0.028538277
1653513061.170459986,237.684951782,-772.402526855,-29.576343536,-0.313758343,0.949048936,0.006331720,-0.028665207
1653513061.237345219,237.684951782,-772.402526855,-29.576343536,-0.313758343,0.949048936,0.006331720,-0.028665207
1653513061.305581808,237.675964355,-772.382629395,-29.571691513,-0.323818088,0.945704877,0.003174888,-0.027820908
1653513061.372043610,237.675964355,-772.382629395,-29.571691513,-0.323818088,0.945704877,0.003174888,-0.027820908
1653513061.437606573,237.673141479,-772.356018066,-29.564899445,-0.334205061,0.942092061,0.000684956,-0.027731605
1653513061.504399776,237.673141479,-772.356018066,-29.564899445,-0.334205061,0.942092061,0.000684956,-0.027731605
1653513061.570555687,237.688705444,-772.337402344,-29.554292679,-0.344837844,0.938199043,-0.000895994,-0.029472718
1653513061.637014627,237.688705444,-772.337402344,-29.554292679,-0.344837844,0.938199043,-0.000895994,-0.029472718
1653513061.703682423,237.680053711,-772.311035156,-29.540235519,-0.354807466,0.934369624,-0.000429071,-0.032632604
1653513061.770466328,237.680053711,-772.311035156,-29.540235519,-0.354807466,0.934369624,-0.000429071,-0.032632604
1653513061.837090015,237.668609619,-772.286376953,-29.517423630,-0.366153359,0.929934084,0.000755573,-0.033967167
1653513061.903915405,237.668609619,-772.286376953,-29.517423630,-0.366153359,0.929934084,0.000755573,-0.033967167
1653513061.970952272,237.652175903,-772.239990234,-29.480943680,-0.375834972,0.926031172,-0.001131170,-0.034828279
1653513062.037853479,237.652175903,-772.239990234,-29.480943680,-0.375834972,0.926031172,-0.001131170,-0.034828279
1653513062.103781462,237.633438110,-772.215759277,-29.461452484,-0.385330945,0.922110200,-0.003286945,-0.034957469
1653513062.172728539,237.633438110,-772.215759277,-29.461452484,-0.385330945,0.922110200,-0.003286945,-0.034957469
1653513062.237412214,237.624588013,-772.181823730,-29.444932938,-0.394693553,0.918090105,-0.005545068,-0.036011931
1653513062.303777933,237.624588013,-772.181823730,-29.444932938,-0.394693553,0.918090105,-0.005545068,-0.036011931
1653513062.370345592,237.630203247,-772.164123535,-29.419054031,-0.405318618,0.913381338,-0.004884053,-0.037781570
1653513062.436992168,237.630203247,-772.164123535,-29.419054031,-0.405318618,0.913381338,-0.004884053,-0.037781570
1653513062.504090071,237.620788574,-772.130187988,-29.417781830,-0.414514363,0.909212530,-0.004007020,-0.038656477
1653513062.580715895,237.620788574,-772.130187988,-29.417781830,-0.414514363,0.909212530,-0.004007020,-0.038656477
1653513062.637889624,237.611679077,-772.090393066,-29.422367096,-0.426200300,0.903781652,-0.000233875,-0.039140914
1653513062.703702450,237.611679077,-772.090393066,-29.422367096,-0.426200300,0.903781652,-0.000233875,-0.039140914
1653513062.770483494,237.610733032,-772.049682617,-29.421375275,-0.436895609,0.898765683,0.000145669,-0.036639180
1653513062.838096380,237.610733032,-772.049682617,-29.421375275,-0.436895609,0.898765683,0.000145669,-0.036639180
1653513062.903854370,237.606964111,-772.019042969,-29.435953140,-0.446545064,0.894152403,-0.001945074,-0.032941848
1653513062.970607996,237.606964111,-772.019042969,-29.435953140,-0.446545064,0.894152403,-0.001945074,-0.032941848
1653513063.038682222,237.623886108,-772.007507324,-29.442214966,-0.457405329,0.888717651,-0.002114910,-0.030933220
1653513063.104022980,237.623886108,-772.007507324,-29.442214966,-0.457405329,0.888717651,-0.002114910,-0.030933220
1653513063.170622587,237.625717163,-771.982910156,-29.450351715,-0.468050539,0.883161664,-0.001281772,-0.030862518
1653513063.239598036,237.625717163,-771.982910156,-29.450351715,-0.468050539,0.883161664,-0.001281772,-0.030862518
1653513063.303863287,237.614410400,-771.927307129,-29.440774918,-0.478886932,0.877291620,-0.000334179,-0.032040097
1653513063.371012926,237.614410400,-771.927307129,-29.440774918,-0.478886932,0.877291620,-0.000334179,-0.032040097
1653513063.437824488,237.614517212,-771.899841309,-29.440088272,-0.488906026,0.871674895,0.000055625,-0.033967357
1653513063.503637791,237.614517212,-771.899841309,-29.440088272,-0.488906026,0.871674895,0.000055625,-0.033967357
1653513063.573772430,237.626129150,-771.883789062,-29.446411133,-0.499783725,0.865455508,0.000863627,-0.034673281
1653513063.637053013,237.626129150,-771.883789062,-29.446411133,-0.499783725,0.865455508,0.000863627,-0.034673281
1653513063.703902483,237.630844116,-771.866455078,-29.465969086,-0.510213733,0.859376669,0.001001904,-0.033951186
1653513063.770962954,237.630844116,-771.866455078,-29.465969086,-0.510213733,0.859376669,0.001001904,-0.033951186
1653513063.837186813,237.638427734,-771.859558105,-29.494197845,-0.519987822,0.853652954,0.000332910,-0.029819068
1653513063.903729916,237.638427734,-771.859558105,-29.494197845,-0.519987822,0.853652954,0.000332910,-0.029819068
1653513063.970443010,237.634918213,-771.844421387,-29.523727417,-0.529395998,0.847988307,-0.002246909,-0.025508389
1653513064.037104130,237.634918213,-771.844421387,-29.523727417,-0.529395998,0.847988307,-0.002246909,-0.025508389
1653513064.103980541,237.636260986,-771.817321777,-29.549249649,-0.539081991,0.841943264,-0.003833518,-0.022527982
1653513064.171525002,237.636260986,-771.817321777,-29.549249649,-0.539081991,0.841943264,-0.003833518,-0.022527982
1653513064.236967802,237.640060425,-771.794006348,-29.564626694,-0.548473179,0.835890055,-0.005500325,-0.020850593
1653513064.304025173,237.640060425,-771.794006348,-29.564626694,-0.548473179,0.835890055,-0.005500325,-0.020850593
1653513064.370438576,237.637145996,-771.760070801,-29.573551178,-0.558665395,0.829113543,-0.006596316,-0.020498317
1653513064.437026739,237.637145996,-771.760070801,-29.573551178,-0.558665395,0.829113543,-0.006596316,-0.020498317
1653513064.503674030,237.631973267,-771.739562988,-29.571846008,-0.568915904,0.822109640,-0.007038752,-0.020515138
1653513064.570501328,237.631973267,-771.739562988,-29.571846008,-0.568915904,0.822109640,-0.007038752,-0.020515138
1653513064.636975050,237.637268066,-771.731994629,-29.564453125,-0.578865767,0.815096915,-0.007266857,-0.021879103
1653513064.703850031,237.637268066,-771.731994629,-29.564453125,-0.578865767,0.815096915,-0.007266857,-0.021879103
1653513064.771680117,237.631607056,-771.717834473,-29.552272797,-0.589039266,0.807773292,-0.006023091,-0.022334276
1653513064.837084532,237.631607056,-771.717834473,-29.552272797,-0.589039266,0.807773292,-0.006023091,-0.022334276
1653513064.904110432,237.615646362,-771.676147461,-29.540927887,-0.599336445,0.800111055,-0.006344269,-0.024039965
1653513064.971592426,237.615646362,-771.676147461,-29.540927887,-0.599336445,0.800111055,-0.006344269,-0.024039965
1653513065.039618492,237.602111816,-771.655883789,-29.517066956,-0.609205484,0.792548001,-0.006281529,-0.026399024
1653513065.103611708,237.602111816,-771.655883789,-29.517066956,-0.609205484,0.792548001,-0.006281529,-0.026399024
1653513065.170550823,237.595809937,-771.644531250,-29.490451813,-0.619493663,0.784438908,-0.005445821,-0.029215347
1653513065.236901045,237.595809937,-771.644531250,-29.490451813,-0.619493663,0.784438908,-0.005445821,-0.029215347
1653513065.303615093,237.588027954,-771.630432129,-29.462263107,-0.628045559,0.777500689,-0.006052624,-0.031855859
1653513065.371252060,237.588027954,-771.630432129,-29.462263107,-0.628045559,0.777500689,-0.006052624,-0.031855859
1653513065.442574024,237.590316772,-771.618835449,-29.443717957,-0.637258828,0.769926608,-0.006414874,-0.032757662
1653513065.504514217,237.590316772,-771.618835449,-29.443717957,-0.637258828,0.769926608,-0.006414874,-0.032757662
1653513065.570194483,237.599014282,-771.622741699,-29.422183990,-0.646283269,0.762419105,-0.008819626,-0.030939920
1653513065.637134075,237.599014282,-771.622741699,-29.422183990,-0.646283269,0.762419105,-0.008819626,-0.030939920
1653513065.703641176,237.617065430,-771.643981934,-29.408086777,-0.654642403,0.755356073,-0.010189964,-0.027869537
1653513065.770588398,237.617065430,-771.643981934,-29.408086777,-0.654642403,0.755356073,-0.010189964,-0.027869537
1653513065.837115049,237.626449585,-771.645446777,-29.404554367,-0.663706303,0.747398913,-0.013419623,-0.026621798
1653513065.904701233,237.626449585,-771.645446777,-29.404554367,-0.663706303,0.747398913,-0.013419623,-0.026621798
1653513065.970452785,237.631393433,-771.640258789,-29.390504837,-0.672488928,0.739436805,-0.014937421,-0.027726095
1653513066.037112713,237.631393433,-771.640258789,-29.390504837,-0.672488928,0.739436805,-0.014937421,-0.027726095
1653513066.103683710,237.641525269,-771.641418457,-29.389753342,-0.681731522,0.730894148,-0.013487809,-0.029222364
1653513066.171293259,237.641525269,-771.641418457,-29.389753342,-0.681731522,0.730894148,-0.013487809,-0.029222364
1653513066.236946821,237.643585205,-771.640380859,-29.388837814,-0.690658867,0.722416401,-0.013095290,-0.030550960
1653513066.304207563,237.643585205,-771.640380859,-29.388837814,-0.690658867,0.722416401,-0.013095290,-0.030550960
1653513066.370385885,237.655944824,-771.635437012,-29.396524429,-0.699759603,0.713616192,-0.013874512,-0.029931560
1653513066.437022686,237.655944824,-771.635437012,-29.396524429,-0.699759603,0.713616192,-0.013874512,-0.029931560
1653513066.504245996,237.658615112,-771.627197266,-29.405593872,0.708773613,-0.704706967,0.014790894,0.028447596
1653513066.570579767,237.658615112,-771.627197266,-29.405593872,0.708773613,-0.704706967,0.014790894,0.028447596
1653513066.637669086,237.649108887,-771.601379395,-29.408565521,0.717164040,-0.696182668,0.016411902,0.027129637
1653513066.704221010,237.649108887,-771.601379395,-29.408565521,0.717164040,-0.696182668,0.016411902,0.027129637
1653513066.772044420,237.639892578,-771.590026855,-29.419961929,0.725486159,-0.687549233,0.017109450,0.025555955
1653513066.844876766,237.639892578,-771.590026855,-29.419961929,0.725486159,-0.687549233,0.017109450,0.025555955
1653513066.904128075,237.635803223,-771.575134277,-29.425436020,0.734176934,-0.678289115,0.016953992,0.024913682
1653513066.971026897,237.635803223,-771.575134277,-29.425436020,0.734176934,-0.678289115,0.016953992,0.024913682
1653513067.039118528,237.632766724,-771.566528320,-29.435237885,0.741672695,-0.670067728,0.016685093,0.025543112
1653513067.103590488,237.632766724,-771.566528320,-29.435237885,0.741672695,-0.670067728,0.016685093,0.025543112
1653513067.170420170,237.616302490,-771.549316406,-29.429573059,0.749334455,-0.661458492,0.016462127,0.026448911
1653513067.236849308,237.616302490,-771.549316406,-29.429573059,0.749334455,-0.661458492,0.016462127,0.026448911
1653513067.303739309,237.600219727,-771.544677734,-29.433422089,0.756282508,-0.653459847,0.015980054,0.027777676
1653513067.370452881,237.600219727,-771.544677734,-29.433422089,0.756282508,-0.653459847,0.015980054,0.027777676
1653513067.437184572,237.571594238,-771.538574219,-29.435054779,0.762967229,-0.645579636,0.015749445,0.029324023
1653513067.503980637,237.571594238,-771.538574219,-29.435054779,0.762967229,-0.645579636,0.015749445,0.029324023
1653513067.570504904,237.550872803,-771.532897949,-29.433032990,0.769536793,-0.637695074,0.014231912,0.030911399
1653513067.637457132,237.550872803,-771.532897949,-29.433032990,0.769536793,-0.637695074,0.014231912,0.030911399
1653513067.704519510,237.526992798,-771.533264160,-29.439588547,0.774895489,-0.631087840,0.013946823,0.032720596
1653513067.775576591,237.526992798,-771.533264160,-29.439588547,0.774895489,-0.631087840,0.013946823,0.032720596
1653513067.837159157,237.498596191,-771.533203125,-29.444448471,0.779954076,-0.624767065,0.013518419,0.033985108
1653513067.903640032,237.498596191,-771.533203125,-29.444448471,0.779954076,-0.624767065,0.013518419,0.033985108
1653513067.971402407,237.470123291,-771.530029297,-29.441528320,0.784840226,-0.618562758,0.014024374,0.034775235
1653513068.036906958,237.470123291,-771.530029297,-29.441528320,0.784840226,-0.618562758,0.014024374,0.034775235
1653513068.103681326,237.450119019,-771.526550293,-29.452140808,0.789740145,-0.612266064,0.014515754,0.035071485
1653513068.170596123,237.450119019,-771.526550293,-29.452140808,0.789740145,-0.612266064,0.014515754,0.035071485
1653513068.237460375,237.441207886,-771.521423340,-29.464332581,0.794020832,-0.606660903,0.014360152,0.035878379
1653513068.303695917,237.441207886,-771.521423340,-29.464332581,0.794020832,-0.606660903,0.014360152,0.035878379
1653513068.370762587,237.431823730,-771.511108398,-29.465976715,0.799593389,-0.599372149,0.014932568,0.034357626
1653513068.437341690,237.431823730,-771.511108398,-29.465976715,0.799593389,-0.599372149,0.014932568,0.034357626
1653513068.504243135,237.438064575,-771.496093750,-29.482484818,0.804666996,-0.592598021,0.016290423,0.032760430
1653513068.571889877,237.438064575,-771.496093750,-29.482484818,0.804666996,-0.592598021,0.016290423,0.032760430
1653513068.637243986,237.454010010,-771.474182129,-29.493837357,0.810202003,-0.585001051,0.018236032,0.031842351
1653513068.705012321,237.454010010,-771.474182129,-29.493837357,0.810202003,-0.585001051,0.018236032,0.031842351
1653513068.773167610,237.494216919,-771.448486328,-29.492164612,0.816400111,-0.576321781,0.020754453,0.030221073
1653513068.836880684,237.494216919,-771.448486328,-29.492164612,0.816400111,-0.576321781,0.020754453,0.030221073
1653513068.903613091,237.508514404,-771.422058105,-29.496669769,0.822432339,-0.567607224,0.024168676,0.029033840
1653513068.970784903,237.508514404,-771.422058105,-29.496669769,0.822432339,-0.567607224,0.024168676,0.029033840
1653513069.037189484,237.513153076,-771.386108398,-29.499654770,0.828075886,-0.559235871,0.026583040,0.028964140
1653513069.104952812,237.513153076,-771.386108398,-29.499654770,0.828075886,-0.559235871,0.026583040,0.028964140
1653513069.170432806,237.520767212,-771.360717773,-29.503196716,0.834686279,-0.549290419,0.027835576,0.028354345
1653513069.237922192,237.520767212,-771.360717773,-29.503196716,0.834686279,-0.549290419,0.027835576,0.028354345
1653513069.304914713,237.537033081,-771.334167480,-29.505073547,0.841384292,-0.538957357,0.026840173,0.029616240
1653513069.370170355,237.537033081,-771.334167480,-29.505073547,0.841384292,-0.538957357,0.026840173,0.029616240
1653513069.437273026,237.543991089,-771.307556152,-29.507442474,0.847132027,-0.529798508,0.026170624,0.031559777
1653513069.503836870,237.543991089,-771.307556152,-29.507442474,0.847132027,-0.529798508,0.026170624,0.031559777
1653513069.570436239,237.545578003,-771.274169922,-29.510129929,0.853541613,-0.519307137,0.024510862,0.034439072
1653513069.637263060,237.545578003,-771.274169922,-29.510129929,0.853541613,-0.519307137,0.024510862,0.034439072
1653513069.704386473,237.558456421,-771.239746094,-29.505107880,0.859627843,-0.509077251,0.023385355,0.036516085
1653513069.770630360,237.558456421,-771.239746094,-29.505107880,0.859627843,-0.509077251,0.023385355,0.036516085
1653513069.841439962,237.564514160,-771.201904297,-29.496753693,0.865211368,-0.499331355,0.022818636,0.039456122
1653513069.904321909,237.564514160,-771.201904297,-29.496753693,0.865211368,-0.499331355,0.022818636,0.039456122
1653513069.970406294,237.575225830,-771.165466309,-29.478727341,0.870786130,-0.489423871,0.021751935,0.041505150
1653513070.037076950,237.575225830,-771.165466309,-29.478727341,0.870786130,-0.489423871,0.021751935,0.041505150
1653513070.103774548,237.589996338,-771.120178223,-29.458972931,0.875470817,-0.480826735,0.022149764,0.043196380
1653513070.170555115,237.589996338,-771.120178223,-29.458972931,0.875470817,-0.480826735,0.022149764,0.043196380
1653513070.238345385,237.603897095,-771.059875488,-29.440011978,0.880226076,-0.471975088,0.022436816,0.044024620
1653513070.303713560,237.603897095,-771.059875488,-29.440011978,0.880226076,-0.471975088,0.022436816,0.044024620
1653513070.370347500,237.629440308,-771.006103516,-29.423463821,0.884725034,-0.463522822,0.021781184,0.043974560
1653513070.436833858,237.629440308,-771.006103516,-29.423463821,0.884725034,-0.463522822,0.021781184,0.043974560
1653513070.503687382,237.659973145,-770.945373535,-29.409801483,0.889188051,-0.455039054,0.021048348,0.042907152
1653513070.572206020,237.659973145,-770.945373535,-29.409801483,0.889188051,-0.455039054,0.021048348,0.042907152
1653513070.638901711,237.699127197,-770.879028320,-29.396774292,0.893692553,-0.446311295,0.020864181,0.041043323
1653513070.704407692,237.699127197,-770.879028320,-29.396774292,0.893692553,-0.446311295,0.020864181,0.041043323
1653513070.777003050,237.738220215,-770.797851562,-29.374288559,0.897802889,-0.438111812,0.022596790,0.038696062
1653513070.838880777,237.738220215,-770.797851562,-29.374288559,0.897802889,-0.438111812,0.022596790,0.038696062
1653513070.906349897,237.778152466,-770.696655273,-29.342489243,0.902325988,-0.428868830,0.024851616,0.035521362
1653513070.970407486,237.778152466,-770.696655273,-29.342489243,0.902325988,-0.428868830,0.024851616,0.035521362
1653513071.037453175,237.816635132,-770.608398438,-29.308244705,0.905914247,-0.421290517,0.027412340,0.032897107
1653513071.103821278,237.816635132,-770.608398438,-29.308244705,0.905914247,-0.421290517,0.027412340,0.032897107
1653513071.170648813,237.860778809,-770.503906250,-29.280496597,0.910021305,-0.412392765,0.029541675,0.030343959
1653513071.237096071,237.860778809,-770.503906250,-29.280496597,0.910021305,-0.412392765,0.029541675,0.030343959
1653513071.303576708,237.900161743,-770.402709961,-29.254665375,0.913701713,-0.404175371,0.032509983,0.027102700
1653513071.370459557,237.900161743,-770.402709961,-29.254665375,0.913701713,-0.404175371,0.032509983,0.027102700
1653513071.437048197,237.941513062,-770.323669434,-29.239170074,0.917260110,-0.396137148,0.034016676,0.023496252
1653513071.505640745,237.941513062,-770.323669434,-29.239170074,0.917260110,-0.396137148,0.034016676,0.023496252
1653513071.570440769,237.984802246,-770.198486328,-29.218505859,0.921257734,-0.386810094,0.035095062,0.020747293
1653513071.636876345,237.984802246,-770.198486328,-29.218505859,0.921257734,-0.386810094,0.035095062,0.020747293
1653513071.703730822,238.018920898,-770.082092285,-29.203586578,0.925280631,-0.377203196,0.035546053,0.017605307
1653513071.770260572,238.018920898,-770.082092285,-29.203586578,0.925280631,-0.377203196,0.035546053,0.017605307
1653513071.836768389,238.045608521,-769.984069824,-29.195405960,0.929349065,-0.367210239,0.035196856,0.015105767
1653513071.903773069,238.045608521,-769.984069824,-29.195405960,0.929349065,-0.367210239,0.035196856,0.015105767
1653513071.970553398,238.076110840,-769.864379883,-29.179016113,0.933734536,-0.356081396,0.034844354,0.011474711
1653513072.037095308,238.076110840,-769.864379883,-29.179016113,0.933734536,-0.356081396,0.034844354,0.011474711
1653513072.103771448,238.112945557,-769.757507324,-29.170089722,0.937723339,-0.345466733,0.035295147,0.009050270
1653513072.170260429,238.112945557,-769.757507324,-29.170089722,0.937723339,-0.345466733,0.035295147,0.009050270
1653513072.236850023,238.136581421,-769.659667969,-29.152585983,0.941404879,-0.335188329,0.036923416,0.006504727
1653513072.308048248,238.136581421,-769.659667969,-29.152585983,0.941404879,-0.335188329,0.036923416,0.006504727
1653513072.370068073,238.153106689,-769.526000977,-29.132266998,0.945106924,-0.324461222,0.038392104,0.004885485
1653513072.437372684,238.153106689,-769.526000977,-29.132266998,0.945106924,-0.324461222,0.038392104,0.004885485
1653513072.503681898,238.170715332,-769.427673340,-29.135541916,0.948936462,-0.313181967,0.037726115,0.003658064
1653513072.570875645,238.170715332,-769.427673340,-29.135541916,0.948936462,-0.313181967,0.037726115,0.003658064
1653513072.637086391,238.173599243,-769.366455078,-29.142015457,0.952666223,-0.301714092,0.037233517,0.003047450
1653513072.703580379,238.173599243,-769.366455078,-29.142015457,0.952666223,-0.301714092,0.037233517,0.003047450
1653513072.771180868,238.171096802,-769.291503906,-29.157026291,0.956304669,-0.290234894,0.035148781,0.003105771
1653513072.836910486,238.171096802,-769.291503906,-29.157026291,0.956304669,-0.290234894,0.035148781,0.003105771
1653513072.903805017,238.174972534,-769.163574219,-29.158853531,0.959349513,-0.280279785,0.032852508,0.003525308
1653513072.970343590,238.174972534,-769.163574219,-29.158853531,0.959349513,-0.280279785,0.032852508,0.003525308
1653513073.036942005,238.159011841,-769.096618652,-29.165338516,0.962072253,-0.270963252,0.031366430,0.003472811
1653513073.103617191,238.159011841,-769.096618652,-29.165338516,0.962072253,-0.270963252,0.031366430,0.003472811
1653513073.170955420,238.148223877,-769.074157715,-29.173294067,0.964461446,-0.262564033,0.029372070,0.003401557
1653513073.237465620,238.148223877,-769.074157715,-29.173294067,0.964461446,-0.262564033,0.029372070,0.003401557
1653513073.303448439,238.128662109,-769.023986816,-29.174575806,0.966550648,-0.254887700,0.028195580,0.004132569
1653513073.371604919,238.128662109,-769.023986816,-29.174575806,0.966550648,-0.254887700,0.028195580,0.004132569
1653513073.436915398,238.103485107,-768.984436035,-29.171661377,0.968078554,-0.249160931,0.026891299,0.004428128
1653513073.503644943,238.103485107,-768.984436035,-29.171661377,0.968078554,-0.249160931,0.026891299,0.004428128
1653513073.570569277,238.075134277,-768.881164551,-29.159521103,0.969790101,-0.242470413,0.026238168,0.005174688
1653513073.637114525,238.075134277,-768.881164551,-29.159521103,0.969790101,-0.242470413,0.026238168,0.005174688
1653513073.704188347,238.045928955,-768.837158203,-29.146108627,0.971234739,-0.236532599,0.026998928,0.005140154
1653513073.771113157,238.045928955,-768.837158203,-29.146108627,0.971234739,-0.236532599,0.026998928,0.005140154
1653513073.837000847,238.018051147,-768.801025391,-29.129333496,0.972866476,-0.229652405,0.027745707,0.004551404
1653513073.903881311,238.018051147,-768.801025391,-29.129333496,0.972866476,-0.229652405,0.027745707,0.004551404
1653513073.970526934,238.001785278,-768.759521484,-29.116992950,0.974847496,-0.221135959,0.027468700,0.004082743
1653513074.037561178,238.001785278,-768.759521484,-29.116992950,0.974847496,-0.221135959,0.027468700,0.004082743
1653513074.103415728,237.988983154,-768.734924316,-29.106889725,0.976980388,-0.211458728,0.028033422,0.002947087
1653513074.170556307,237.988983154,-768.734924316,-29.106889725,0.976980388,-0.211458728,0.028033422,0.002947087
1653513074.237366438,237.979370117,-768.691650391,-29.089128494,0.978957057,-0.201991633,0.029005226,0.001052316
1653513074.304041386,237.979370117,-768.691650391,-29.089128494,0.978957057,-0.201991633,0.029005226,0.001052316
1653513074.370981216,237.972137451,-768.646728516,-29.067581177,0.981019855,-0.191470101,0.030635662,-0.000846039
1653513074.438051462,237.972137451,-768.646728516,-29.067581177,0.981019855,-0.191470101,0.030635662,-0.000846039
1653513074.503823757,237.965972900,-768.617187500,-29.045158386,0.983015120,-0.180598170,0.032507889,-0.002966168
1653513074.570556879,237.965972900,-768.617187500,-29.045158386,0.983015120,-0.180598170,0.032507889,-0.002966168
1653513074.638511896,237.961669922,-768.571289062,-29.023334503,0.984676063,-0.170857951,0.034640547,-0.004538658
1653513074.703721762,237.961669922,-768.571289062,-29.023334503,0.984676063,-0.170857951,0.034640547,-0.004538658
1653513074.771481037,237.945236206,-768.520935059,-28.995237350,0.986336648,-0.160526350,0.036563750,-0.005864750
1653513074.837512255,237.945236206,-768.520935059,-28.995237350,0.986336648,-0.160526350,0.036563750,-0.005864750
1653513074.903679609,237.938400269,-768.495666504,-28.978078842,0.987866461,-0.150700256,0.037198022,-0.005056462
1653513074.970176935,237.938400269,-768.495666504,-28.978078842,0.987866461,-0.150700256,0.037198022,-0.005056462
1653513075.037585974,237.910324097,-768.425354004,-28.959884644,0.989204466,-0.141590416,0.037565190,-0.003944214
1653513075.104085207,237.910324097,-768.425354004,-28.959884644,0.989204466,-0.141590416,0.037565190,-0.003944214
1653513075.172264338,237.890930176,-768.414306641,-28.948318481,0.990562379,-0.131834492,0.037365053,-0.003108070
1653513075.237274647,237.890930176,-768.414306641,-28.948318481,0.990562379,-0.131834492,0.037365053,-0.003108070
1653513075.304357767,237.877258301,-768.390380859,-28.940181732,0.991736889,-0.122837916,0.036947038,-0.001933648
1653513075.370153904,237.877258301,-768.390380859,-28.940181732,0.991736889,-0.122837916,0.036947038,-0.001933648
1653513075.437410831,237.890014648,-768.421997070,-28.941602707,0.992764294,-0.114147536,0.037242413,-0.001540744
1653513075.503563404,237.890014648,-768.421997070,-28.941602707,0.992764294,-0.114147536,0.037242413,-0.001540744
1653513075.570346355,237.882080078,-768.407958984,-28.935422897,0.993741930,-0.105314523,0.037166834,-0.002118880
1653513075.636874437,237.882080078,-768.407958984,-28.935422897,0.993741930,-0.105314523,0.037166834,-0.002118880
1653513075.703589916,237.869964600,-768.395385742,-28.931581497,0.994641483,-0.096521266,0.036949251,-0.002583774
1653513075.770526886,237.869964600,-768.395385742,-28.931581497,0.994641483,-0.096521266,0.036949251,-0.002583774
1653513075.836875677,237.836349487,-768.351318359,-28.923904419,0.995435059,-0.087854236,0.037161000,-0.003114602
1653513075.903493881,237.836349487,-768.351318359,-28.923904419,0.995435059,-0.087854236,0.037161000,-0.003114602
1653513075.970229387,237.819534302,-768.339538574,-28.923652649,0.996210098,-0.078804173,0.036597941,-0.003988444
1653513076.037166357,237.819534302,-768.339538574,-28.923652649,0.996210098,-0.078804173,0.036597941,-0.003988444
1653513076.103774786,237.804809570,-768.336242676,-28.922826767,0.996838629,-0.070599467,0.036126081,-0.004836397
1653513076.173094034,237.804809570,-768.336242676,-28.922826767,0.996838629,-0.070599467,0.036126081,-0.004836397
1653513076.237194061,237.781417847,-768.324035645,-28.914525986,0.997370481,-0.062509142,0.036173701,-0.006018672
1653513076.303656340,237.781417847,-768.324035645,-28.914525986,0.997370481,-0.062509142,0.036173701,-0.006018672
1653513076.370218277,237.766891479,-768.328552246,-28.909898758,0.997823417,-0.054367486,0.036669422,-0.006927236
1653513076.436899424,237.766891479,-768.328552246,-28.909898758,0.997823417,-0.054367486,0.036669422,-0.006927236
1653513076.503591299,237.751129150,-768.330261230,-28.909158707,0.998182297,-0.046669584,0.037631806,-0.006156219
1653513076.570305109,237.751129150,-768.330261230,-28.909158707,0.998182297,-0.046669584,0.037631806,-0.006156219
1653513076.637059212,237.748077393,-768.339599609,-28.913412094,0.998555541,-0.038900513,0.036799815,-0.004401472
1653513076.705736399,237.748077393,-768.339599609,-28.913412094,0.998555541,-0.038900513,0.036799815,-0.004401472
1653513076.773210764,237.734588623,-768.351074219,-28.923696518,0.998840690,-0.031473849,0.036337428,-0.002492203
1653513076.837133646,237.734588623,-768.351074219,-28.923696518,0.998840690,-0.031473849,0.036337428,-0.002492203
1653513076.904769897,237.712142944,-768.359802246,-28.932205200,0.999059319,-0.024681548,0.035617922,-0.001642796
1653513076.971413374,237.712142944,-768.359802246,-28.932205200,0.999059319,-0.024681548,0.035617922,-0.001642796
1653513077.036757708,237.697036743,-768.357971191,-28.931709290,0.999208510,-0.017777424,0.035501346,-0.002453140
1653513077.103881836,237.697036743,-768.357971191,-28.931709290,0.999208510,-0.017777424,0.035501346,-0.002453140
1653513077.171553135,237.684265137,-768.361938477,-28.929754257,0.999290645,-0.010808391,0.035738986,-0.004907304
1653513077.240103245,237.684265137,-768.361938477,-28.929754257,0.999290645,-0.010808391,0.035738986,-0.004907304
1653513077.303619146,237.673828125,-768.356323242,-28.926395416,0.999300957,-0.003514014,0.036335740,-0.008062944
1653513077.370900869,237.673828125,-768.356323242,-28.926395416,0.999300957,-0.003514014,0.036335740,-0.008062944
1653513077.436718702,237.659271240,-768.346435547,-28.924598694,0.999235332,0.003964678,0.037429024,-0.010587299
1653513077.504074812,237.659271240,-768.346435547,-28.924598694,0.999235332,0.003964678,0.037429024,-0.010587299
1653513077.570585012,237.632369995,-768.340209961,-28.920635223,0.999129057,0.012986443,0.038019713,-0.011267559
1653513077.641020060,237.632369995,-768.340209961,-28.920635223,0.999129057,0.012986443,0.038019713,-0.011267559
1653513077.703536749,237.617187500,-768.341918945,-28.927471161,0.998980284,0.022681983,0.037865952,-0.009489770
1653513077.770214558,237.617187500,-768.341918945,-28.927471161,0.998980284,0.022681983,0.037865952,-0.009489770
1653513077.839456558,237.596099854,-768.344665527,-28.935852051,0.998759270,0.032380160,0.037046392,-0.007680407
1653513077.904096603,237.596099854,-768.344665527,-28.935852051,0.998759270,0.032380160,0.037046392,-0.007680407
1653513077.971361876,237.575836182,-768.335998535,-28.945058823,0.998331964,0.044072021,0.036322955,-0.008458436
1653513078.037283182,237.575836182,-768.335998535,-28.945058823,0.998331964,0.044072021,0.036322955,-0.008458436
1653513078.103595018,237.559356689,-768.314880371,-28.955837250,0.997804463,0.054823138,0.035010029,-0.012450648
1653513078.174371958,237.559356689,-768.314880371,-28.955837250,0.997804463,0.054823138,0.035010029,-0.012450648
1653513078.237772226,237.541854858,-768.304687500,-28.957817078,0.997119009,0.065916546,0.034375526,-0.015068804
1653513078.305338383,237.541854858,-768.304687500,-28.957817078,0.997119009,0.065916546,0.034375526,-0.015068804
1653513078.370283842,237.517959595,-768.298706055,-28.957096100,0.996186614,0.078643583,0.035047095,-0.014109339
1653513078.437558413,237.517959595,-768.298706055,-28.957096100,0.996186614,0.078643583,0.035047095,-0.014109339
1653513078.503782034,237.499572754,-768.296203613,-28.957220078,0.995107293,0.091407545,0.036028069,-0.010395663
1653513078.570400715,237.499572754,-768.296203613,-28.957220078,0.995107293,0.091407545,0.036028069,-0.010395663
1653513078.638700962,237.483657837,-768.295776367,-28.963003159,0.993967891,0.103147708,0.036238700,-0.008671605
1653513078.704110861,237.483657837,-768.295776367,-28.963003159,0.993967891,0.103147708,0.036238700,-0.008671605
1653513078.770194769,237.465484619,-768.293823242,-28.969728470,0.992583156,0.115901232,0.035400875,-0.009608280
1653513078.839304686,237.465484619,-768.293823242,-28.969728470,0.992583156,0.115901232,0.035400875,-0.009608280
1653513078.905105591,237.438156128,-768.295837402,-28.977508545,0.991251469,0.126915097,0.034594264,-0.010786277
1653513078.975544691,237.438156128,-768.295837402,-28.977508545,0.991251469,0.126915097,0.034594264,-0.010786277
1653513079.037651539,237.426177979,-768.302612305,-28.977893829,0.989826977,0.137772083,0.033820488,-0.010841221
1653513079.104261398,237.426177979,-768.302612305,-28.977893829,0.989826977,0.137772083,0.033820488,-0.010841221
1653513079.170076370,237.413070679,-768.312500000,-28.987522125,0.988421977,0.147929057,0.032662943,-0.008492209
1653513079.237207651,237.413070679,-768.312500000,-28.987522125,0.988421977,0.147929057,0.032662943,-0.008492209
1653513079.306205750,237.404449463,-768.338745117,-28.982864380,0.986953914,0.157599121,0.032469079,-0.005495296
1653513079.370209217,237.404449463,-768.338745117,-28.982864380,0.986953914,0.157599121,0.032469079,-0.005495296
1653513079.436680794,237.407394409,-768.339050293,-28.993013382,0.985432863,0.167136624,0.031295091,-0.002845502
1653513079.507524014,237.407394409,-768.339050293,-28.993013382,0.985432863,0.167136624,0.031295091,-0.002845502
1653513079.570271015,237.396881104,-768.335876465,-29.002021790,0.984163463,0.174623057,0.030225653,-0.003929491
1653513079.637131691,237.396881104,-768.335876465,-29.002021790,0.984163463,0.174623057,0.030225653,-0.003929491
1653513079.703663349,237.372207642,-768.351013184,-29.013549805,0.982797503,0.182329834,0.028486267,-0.007312229
1653513079.770937204,237.372207642,-768.351013184,-29.013549805,0.982797503,0.182329834,0.028486267,-0.007312229
1653513079.836778164,237.361358643,-768.343872070,-29.020267487,0.981366038,0.189968243,0.027000898,-0.010185957
1653513079.904890537,237.361358643,-768.343872070,-29.020267487,0.981366038,0.189968243,0.027000898,-0.010185957
1653513079.970284700,237.349822998,-768.347412109,-29.026260376,0.979812562,0.197831079,0.025603943,-0.013216853
1653513080.037173033,237.349822998,-768.347412109,-29.026260376,0.979812562,0.197831079,0.025603943,-0.013216853
1653513080.103594542,237.340682983,-768.340332031,-29.037858963,0.978161514,0.205990791,0.023776082,-0.014231965
1653513080.170119762,237.340682983,-768.340332031,-29.037858963,0.978161514,0.205990791,0.023776082,-0.014231965
1653513080.237215281,237.329711914,-768.327148438,-29.045684814,0.976569891,0.213411540,0.022694737,-0.015866343
1653513080.303398609,237.329711914,-768.327148438,-29.045684814,0.976569891,0.213411540,0.022694737,-0.015866343
1653513080.370040417,237.322097778,-768.327697754,-29.047298431,0.974880636,0.221009195,0.021404671,-0.017450336
1653513080.437774897,237.322097778,-768.327697754,-29.047298431,0.974880636,0.221009195,0.021404671,-0.017450336
1653513080.503429174,237.317504883,-768.325134277,-29.046056747,0.972971499,0.229307190,0.019576326,-0.019010857
1653513080.570556402,237.317504883,-768.325134277,-29.046056747,0.972971499,0.229307190,0.019576326,-0.019010857
1653513080.637838840,237.326599121,-768.317016602,-29.033975601,0.970881224,0.237814516,0.020217754,-0.020620430
1653513080.703531265,237.326599121,-768.317016602,-29.033975601,0.970881224,0.237814516,0.020217754,-0.020620430
1653513080.770178318,237.349044800,-768.306152344,-29.019924164,0.968850315,0.245724007,0.020260677,-0.023199912
1653513080.839501381,237.349044800,-768.306152344,-29.019924164,0.968850315,0.245724007,0.020260677,-0.023199912
1653513080.904006720,237.362396240,-768.308105469,-29.009227753,0.966553926,0.254233092,0.021604327,-0.025927756
1653513080.970099926,237.362396240,-768.308105469,-29.009227753,0.966553926,0.254233092,0.021604327,-0.025927756
1653513081.036952734,237.381744385,-768.327209473,-28.991596222,0.964302421,0.262261331,0.023350814,-0.028187359
1653513081.103384733,237.381744385,-768.327209473,-28.991596222,0.964302421,0.262261331,0.023350814,-0.028187359
1653513081.172030687,237.406768799,-768.345642090,-28.979784012,0.961773872,0.271227628,0.025018312,-0.028295944
1653513081.236778498,237.406768799,-768.345642090,-28.979784012,0.961773872,0.271227628,0.025018312,-0.028295944
1653513081.303854704,237.429885864,-768.369995117,-28.977796555,0.959041238,0.280795008,0.026142007,-0.026657529
1653513081.371750116,237.429885864,-768.369995117,-28.977796555,0.959041238,0.280795008,0.026142007,-0.026657529
1653513081.437129736,237.456436157,-768.399963379,-28.976776123,0.956323087,0.290050030,0.027596330,-0.023570409
1653513081.503713608,237.456436157,-768.399963379,-28.976776123,0.956323087,0.290050030,0.027596330,-0.023570409
1653513081.570581913,237.486145020,-768.433593750,-28.985296249,0.953455031,0.299523056,0.028239960,-0.020295734
1653513081.637598753,237.486145020,-768.433593750,-28.985296249,0.953455031,0.299523056,0.028239960,-0.020295734
1653513081.706286430,237.515747070,-768.469970703,-28.987054825,0.950515330,0.308887184,0.029151315,-0.016108647
1653513081.770016909,237.515747070,-768.469970703,-28.987054825,0.950515330,0.308887184,0.029151315,-0.016108647
1653513081.837651730,237.545333862,-768.502197266,-28.995929718,0.947757125,0.317335635,0.030157518,-0.012042169
1653513081.904122114,237.545333862,-768.502197266,-28.995929718,0.947757125,0.317335635,0.030157518,-0.012042169
1653513081.969991207,237.570678711,-768.533081055,-28.992418289,0.945048153,0.325324506,0.031652253,-0.006784902
1653513082.037453413,237.570678711,-768.533081055,-28.992418289,0.945048153,0.325324506,0.031652253,-0.006784902
1653513082.103785992,237.604568481,-768.570983887,-28.998170853,0.942539752,0.332409531,0.033478763,-0.001383860
1653513082.171041965,237.604568481,-768.570983887,-28.998170853,0.942539752,0.332409531,0.033478763,-0.001383860
1653513082.237116575,237.646545410,-768.612487793,-28.990781784,0.940679729,0.337600499,0.033800684,0.002254151
1653513082.303592682,237.646545410,-768.612487793,-28.990781784,0.940679729,0.337600499,0.033800684,0.002254151
1653513082.373631716,237.682815552,-768.646545410,-28.986948013,0.939564586,0.340741009,0.033204805,0.003369308
1653513082.437347174,237.682815552,-768.646545410,-28.986948013,0.939564586,0.340741009,0.033204805,0.003369308
1653513082.503503561,237.720169067,-768.678527832,-28.988832474,0.938713312,0.343240887,0.031327266,0.004644070
1653513082.570314646,237.720169067,-768.678527832,-28.988832474,0.938713312,0.343240887,0.031327266,0.004644070
1653513082.636729956,237.754699707,-768.704406738,-28.984663010,0.938112319,0.345007539,0.029898239,0.004603214
1653513082.704217434,237.754699707,-768.704406738,-28.984663010,0.938112319,0.345007539,0.029898239,0.004603214
1653513082.770138979,237.774566650,-768.717407227,-28.982475281,0.937566996,0.346638203,0.028163031,0.004115289
1653513082.837092161,237.774566650,-768.717407227,-28.982475281,0.937566996,0.346638203,0.028163031,0.004115289
1653513082.903708458,237.780990601,-768.716064453,-28.980968475,0.936716557,0.349067897,0.026648076,0.001892171
1653513082.970662117,237.780990601,-768.716064453,-28.980968475,0.936716557,0.349067897,0.026648076,0.001892171
1653513083.036867142,237.787384033,-768.713684082,-28.977956772,0.935681343,0.351998687,0.024316633,-0.002468617
1653513083.103490591,237.787384033,-768.713684082,-28.977956772,0.935681343,0.351998687,0.024316633,-0.002468617
1653513083.170188189,237.798538208,-768.705383301,-28.971147537,0.934221268,0.355971783,0.021607881,-0.006918185
1653513083.236795187,237.798538208,-768.705383301,-28.971147537,0.934221268,0.355971783,0.021607881,-0.006918185
1653513083.303962469,237.803894043,-768.684936523,-28.963096619,0.932316482,0.360970467,0.019849759,-0.009608717
1653513083.370112896,237.803894043,-768.684936523,-28.963096619,0.932316482,0.360970467,0.019849759,-0.009608717
1653513083.436636209,237.810867310,-768.667236328,-28.948753357,0.930015922,0.366807461,0.021128146,-0.008732993
1653513083.507741928,237.810867310,-768.667236328,-28.948753357,0.930015922,0.366807461,0.021128146,-0.008732993
1653513083.570146084,237.822082520,-768.655395508,-28.928785324,0.927717805,0.372541517,0.022186724,-0.007763325
1653513083.636790037,237.822082520,-768.655395508,-28.928785324,0.927717805,0.372541517,0.022186724,-0.007763325
1653513083.705606699,237.846450806,-768.647216797,-28.911323547,0.925883114,0.377044410,0.022877501,-0.007389117
1653513083.777518511,237.846450806,-768.647216797,-28.911323547,0.925883114,0.377044410,0.022877501,-0.007389117
1653513083.837759495,237.876220703,-768.645629883,-28.891246796,0.924908876,0.379359335,0.024073804,-0.007106992
1653513083.903605700,237.876220703,-768.645629883,-28.891246796,0.924908876,0.379359335,0.024073804,-0.007106992
1653513083.970021486,237.906768799,-768.642944336,-28.876346588,0.924531341,0.380265981,0.024582600,-0.005942266
1653513084.037684917,237.906768799,-768.642944336,-28.876346588,0.924531341,0.380265981,0.024582600,-0.005942266
1653513084.104233027,237.955810547,-768.642211914,-28.865533829,0.924610376,0.380051404,0.025330849,-0.003859431
1653513084.171412706,237.955810547,-768.642211914,-28.865533829,0.924610376,0.380051404,0.025330849,-0.003859431
1653513084.237088680,238.014358521,-768.652160645,-28.856922150,0.925365984,0.378240943,0.025093513,-0.001371319
1653513084.303576946,238.014358521,-768.652160645,-28.856922150,0.925365984,0.378240943,0.025093513,-0.001371319
1653513084.370042324,238.083908081,-768.653015137,-28.845222473,0.925768673,0.377296209,0.024492554,0.000145793
1653513084.437829256,238.083908081,-768.653015137,-28.845222473,0.925768673,0.377296209,0.024492554,0.000145793
1653513084.504361391,238.129074097,-768.631042480,-28.834884644,0.925941586,0.377023131,0.022038259,-0.000298769
1653513084.571002007,238.129074097,-768.631042480,-28.834884644,0.925941586,0.377023131,0.022038259,-0.000298769
1653513084.637566805,238.167953491,-768.592468262,-28.823375702,0.925849736,0.377434015,0.018264694,-0.003492669
1653513084.703713417,238.167953491,-768.592468262,-28.823375702,0.925849736,0.377434015,0.018264694,-0.003492669
1653513084.770376444,238.194290161,-768.540710449,-28.806083679,0.924822748,0.380008906,0.015546107,-0.007378556
1653513084.836766243,238.194290161,-768.540710449,-28.806083679,0.924822748,0.380008906,0.015546107,-0.007378556
1653513084.903835058,238.222244263,-768.487487793,-28.788431168,0.923465848,0.383310497,0.012582233,-0.011207588
1653513084.970485687,238.222244263,-768.487487793,-28.788431168,0.923465848,0.383310497,0.012582233,-0.011207588
1653513085.037070036,238.252975464,-768.423156738,-28.772905350,0.922263861,0.386184782,0.011511679,-0.012577569
1653513085.104675531,238.252975464,-768.423156738,-28.772905350,0.922263861,0.386184782,0.011511679,-0.012577569
1653513085.175139904,238.290832520,-768.369567871,-28.763135910,0.921286464,0.388513148,0.011629923,-0.012389211
1653513085.237584352,238.290832520,-768.369567871,-28.763135910,0.921286464,0.388513148,0.011629923,-0.012389211
1653513085.303552151,238.358688354,-768.313781738,-28.751804352,0.920534492,0.390329689,0.012102393,-0.010605791
1653513085.370088339,238.358688354,-768.313781738,-28.751804352,0.920534492,0.390329689,0.012102393,-0.010605791
1653513085.438012838,238.428726196,-768.265136719,-28.743213654,0.920509279,0.390387267,0.012985189,-0.009582188
1653513085.503499508,238.428726196,-768.265136719,-28.743213654,0.920509279,0.390387267,0.012985189,-0.009582188
1653513085.571021318,238.502899170,-768.215270996,-28.743337631,0.920823872,0.389644831,0.013256038,-0.009195804
1653513085.639324188,238.502899170,-768.215270996,-28.743337631,0.920823872,0.389644831,0.013256038,-0.009195804
1653513085.703535557,238.589172363,-768.156921387,-28.743227005,0.921663880,0.387687624,0.012854969,-0.008292998
1653513085.771457672,238.589172363,-768.156921387,-28.743227005,0.921663880,0.387687624,0.012854969,-0.008292998
1653513085.836568594,238.677978516,-768.104370117,-28.750789642,0.922625661,0.385401458,0.012096670,-0.009015057
1653513085.903583050,238.677978516,-768.104370117,-28.750789642,0.922625661,0.385401458,0.012096670,-0.009015057
1653513085.970019817,238.778152466,-768.038269043,-28.753324509,0.923074841,0.384319544,0.011399964,-0.010070117
1653513086.040247440,238.778152466,-768.038269043,-28.753324509,0.923074841,0.384319544,0.011399964,-0.010070117
1653513086.103959799,238.899703979,-767.942382812,-28.757961273,0.923168540,0.384069502,0.010494585,-0.011846912
1653513086.170026541,238.899703979,-767.942382812,-28.757961273,0.923168540,0.384069502,0.010494585,-0.011846912
1653513086.237668514,238.997314453,-767.849731445,-28.765499115,0.922648370,0.385295600,0.010340212,-0.012663011
1653513086.303518295,238.997314453,-767.849731445,-28.765499115,0.922648370,0.385295600,0.010340212,-0.012663011
1653513086.370055199,239.069793701,-767.777709961,-28.776767731,0.921322584,0.388457298,0.011040892,-0.011987502
1653513086.436980247,239.069793701,-767.777709961,-28.776767731,0.921322584,0.388457298,0.011040892,-0.011987502
1653513086.503333807,239.178482056,-767.686218262,-28.788141251,0.919749558,0.392195821,0.011992373,-0.009967680
1653513086.571557999,239.178482056,-767.686218262,-28.788141251,0.919749558,0.392195821,0.011992373,-0.009967680
1653513086.638728619,239.304260254,-767.583801270,-28.789239883,0.918355882,0.395469695,0.013649609,-0.006319015
1653513086.704121351,239.304260254,-767.583801270,-28.789239883,0.918355882,0.395469695,0.013649609,-0.006319015
1653513086.770094395,239.451538086,-767.474182129,-28.791421890,0.917248487,0.398018032,0.015155936,-0.002673857
1653513086.839108944,239.451538086,-767.474182129,-28.791421890,0.917248487,0.398018032,0.015155936,-0.002673857
1653513086.903734922,239.593582153,-767.381164551,-28.798851013,0.916878104,0.398858130,0.015651930,0.001346058
1653513086.970349073,239.593582153,-767.381164551,-28.798851013,0.916878104,0.398858130,0.015651930,0.001346058
1653513087.037234545,239.755386353,-767.274108887,-28.800052643,0.917334557,0.397724539,0.017025780,0.004757603
1653513087.104335070,239.755386353,-767.274108887,-28.800052643,0.917334557,0.397724539,0.017025780,0.004757603
1653513087.170352697,239.910064697,-767.180175781,-28.795907974,0.918434680,0.395039082,0.019175069,0.007358923
1653513087.236969233,239.910064697,-767.180175781,-28.795907974,0.918434680,0.395039082,0.019175069,0.007358923
1653513087.306170702,240.088623047,-767.055541992,-28.791460037,0.919844925,0.391640455,0.020587659,0.008902030
1653513087.370327473,240.088623047,-767.055541992,-28.791460037,0.919844925,0.391640455,0.020587659,0.008902030
1653513087.437011242,240.264892578,-766.924011230,-28.786026001,0.921590626,0.387477249,0.021100989,0.009321619
1653513087.505439758,240.264892578,-766.924011230,-28.786026001,0.921590626,0.387477249,0.021100989,0.009321619
1653513087.570197821,240.390884399,-766.823730469,-28.778966904,0.922873735,0.384410471,0.021644598,0.008008512
1653513087.637228251,240.390884399,-766.823730469,-28.778966904,0.922873735,0.384410471,0.021644598,0.008008512
1653513087.703617811,240.553863525,-766.668884277,-28.779571533,0.923733175,0.382448107,0.020304183,0.006178933
1653513087.771125078,240.553863525,-766.668884277,-28.779571533,0.923733175,0.382448107,0.020304183,0.006178933
1653513087.836735249,240.703033447,-766.508239746,-28.781133652,0.924294472,0.381207883,0.018694311,0.003286405
1653513087.903472900,240.703033447,-766.508239746,-28.781133652,0.924294472,0.381207883,0.018694311,0.003286405
1653513087.970102787,240.840774536,-766.344848633,-28.783231735,0.924396217,0.381078392,0.016447093,-0.000660230
1653513088.036796808,240.840774536,-766.344848633,-28.783231735,0.924396217,0.381078392,0.016447093,-0.000660230
1653513088.103871346,240.992492676,-766.157958984,-28.786188126,0.924244761,0.381508768,0.014261662,-0.004384797
1653513088.172506332,240.992492676,-766.157958984,-28.786188126,0.924244761,0.381508768,0.014261662,-0.004384797
1653513088.236818552,241.150054932,-765.971862793,-28.789112091,0.924154162,0.381716132,0.013150355,-0.007678466
1653513088.303655386,241.150054932,-765.971862793,-28.789112091,0.924154162,0.381716132,0.013150355,-0.007678466
1653513088.370187283,241.306900024,-765.800170898,-28.786474228,0.924355805,0.381173581,0.013314945,-0.009788758
1653513088.438641548,241.306900024,-765.800170898,-28.786474228,0.924355805,0.381173581,0.013314945,-0.009788758
1653513088.503523588,241.478240967,-765.632324219,-28.780231476,0.924911976,0.379754364,0.014655402,-0.010473302
1653513088.571213007,241.478240967,-765.632324219,-28.780231476,0.924911976,0.379754364,0.014655402,-0.010473302
1653513088.636620045,241.659683228,-765.477661133,-28.772834778,0.926205277,0.376489520,0.017241793,-0.010104567
1653513088.707623243,241.659683228,-765.477661133,-28.772834778,0.926205277,0.376489520,0.017241793,-0.010104567
1653513088.769943237,241.854949951,-765.325683594,-28.762895584,0.927869022,0.372239083,0.020085713,-0.009680429
1653513088.837103367,241.854949951,-765.325683594,-28.762895584,0.927869022,0.372239083,0.020085713,-0.009680429
1653513088.904112339,242.052536011,-765.177795410,-28.752603531,0.929443777,0.368101954,0.023404503,-0.009352605
1653513088.970409155,242.052536011,-765.177795410,-28.752603531,0.929443777,0.368101954,0.023404503,-0.009352605
1653513089.037549019,242.263961792,-765.002685547,-28.750162125,0.931064606,0.363855988,0.025424382,-0.009003961
1653513089.103466511,242.263961792,-765.002685547,-28.750162125,0.931064606,0.363855988,0.025424382,-0.009003961
1653513089.170387506,242.456909180,-764.838562012,-28.753019333,0.932184637,0.360844940,0.026949771,-0.009818456
1653513089.237769842,242.456909180,-764.838562012,-28.753019333,0.932184637,0.360844940,0.026949771,-0.009818456
1653513089.304194927,242.651397705,-764.658691406,-28.761810303,0.932862103,0.358989894,0.027621744,-0.011470099
1653513089.371492147,242.651397705,-764.658691406,-28.761810303,0.932862103,0.358989894,0.027621744,-0.011470099
1653513089.445124865,242.842636108,-764.476989746,-28.776945114,0.933442175,0.357393801,0.027342817,-0.014415594
1653513089.503493547,242.842636108,-764.476989746,-28.776945114,0.933442175,0.357393801,0.027342817,-0.014415594
1653513089.570403814,243.046737671,-764.269042969,-28.795864105,0.933622479,0.356835097,0.026940916,-0.017088549
1653513089.637622595,243.046737671,-764.269042969,-28.795864105,0.933622479,0.356835097,0.026940916,-0.017088549
1653513089.703265429,243.222625732,-764.094726562,-28.818054199,0.933896542,0.356026560,0.025708059,-0.020528290
1653513089.769914150,243.222625732,-764.094726562,-28.818054199,0.933896542,0.356026560,0.025708059,-0.020528290
1653513089.837264299,243.407241821,-763.923706055,-28.844558716,0.934380293,0.354617327,0.025263656,-0.023276741
1653513089.903506041,243.407241821,-763.923706055,-28.844558716,0.934380293,0.354617327,0.025263656,-0.023276741
1653513089.970354795,243.628890991,-763.725036621,-28.876457214,0.934785903,0.353575736,0.025084911,-0.023026271
1653513090.037498474,243.628890991,-763.725036621,-28.876457214,0.934785903,0.353575736,0.025084911,-0.023026271
1653513090.103950977,243.851943970,-763.548767090,-28.916505814,0.935499787,0.351775050,0.025947476,-0.020523466
1653513090.173419476,243.851943970,-763.548767090,-28.916505814,0.935499787,0.351775050,0.025947476,-0.020523466
1653513090.237468004,244.073760986,-763.386108398,-28.961252213,0.936591566,0.348927289,0.026589246,-0.018412780
1653513090.303855181,244.073760986,-763.386108398,-28.961252213,0.936591566,0.348927289,0.026589246,-0.018412780
1653513090.370438814,244.280838013,-763.247741699,-29.008077621,0.937688589,0.345992297,0.027028941,-0.017289184
1653513090.436730623,244.280838013,-763.247741699,-29.008077621,0.937688589,0.345992297,0.027028941,-0.017289184
1653513090.503298521,244.513366699,-763.080932617,-29.059160233,0.939157784,0.342028558,0.027402472,-0.015754545
1653513090.570648432,244.513366699,-763.080932617,-29.059160233,0.939157784,0.342028558,0.027402472,-0.015754545
1653513090.636932373,244.749984741,-762.915710449,-29.109464645,0.940440118,0.338442117,0.029041491,-0.013634378
1653513090.703697205,244.749984741,-762.915710449,-29.109464645,0.940440118,0.338442117,0.029041491,-0.013634378
1653513090.769938469,244.996795654,-762.752990723,-29.155067444,0.941710413,0.334784746,0.031193372,-0.011297729
1653513090.836736202,244.996795654,-762.752990723,-29.155067444,0.941710413,0.334784746,0.031193372,-0.011297729
1653513090.903392792,245.212982178,-762.624511719,-29.185825348,0.943091154,0.330647796,0.034290813,-0.008676967
1653513090.970309496,245.212982178,-762.624511719,-29.185825348,0.943091154,0.330647796,0.034290813,-0.008676967
1653513091.036712885,245.455795288,-762.472778320,-29.216047287,0.944431305,0.326450348,0.037795313,-0.007152244
1653513091.104099035,245.455795288,-762.472778320,-29.216047287,0.944431305,0.326450348,0.037795313,-0.007152244
1653513091.170415640,245.707183838,-762.301757812,-29.242618561,0.945558250,0.322768986,0.041191742,-0.006556121
1653513091.238491058,245.707183838,-762.301757812,-29.242618561,0.945558250,0.322768986,0.041191742,-0.006556121
1653513091.303755760,245.925354004,-762.155212402,-29.258018494,0.946435213,0.319746375,0.044616573,-0.005655292
1653513091.371154308,245.925354004,-762.155212402,-29.258018494,0.946435213,0.319746375,0.044616573,-0.005655292
1653513091.436960220,246.169433594,-761.979919434,-29.284439087,0.947624385,0.315940648,0.046534885,-0.004899872
1653513091.503216505,246.169433594,-761.979919434,-29.284439087,0.947624385,0.315940648,0.046534885,-0.004899872
1653513091.571665525,246.390914917,-761.813659668,-29.309228897,0.948533297,0.313060582,0.047519136,-0.004430567
1653513091.637824059,246.390914917,-761.813659668,-29.309228897,0.948533297,0.313060582,0.047519136,-0.004430567
1653513091.703867435,246.613967896,-761.633056641,-29.336605072,0.949697554,0.309502125,0.047601990,-0.004131583
1653513091.770173073,246.613967896,-761.633056641,-29.336605072,0.949697554,0.309502125,0.047601990,-0.004131583
1653513091.837573290,246.812850952,-761.470214844,-29.361143112,0.950851440,0.305948079,0.047499664,-0.004594318
1653513091.903765202,246.812850952,-761.470214844,-29.361143112,0.950851440,0.305948079,0.047499664,-0.004594318
1653513091.969917059,247.004104614,-761.311523438,-29.383626938,0.951977253,0.302573979,0.046391085,-0.006012412
1653513092.036611080,247.004104614,-761.311523438,-29.383626938,0.951977253,0.302573979,0.046391085,-0.006012412
1653513092.103510380,247.236343384,-761.111389160,-29.408981323,0.953156829,0.299090773,0.044288989,-0.008677047
1653513092.169906378,247.236343384,-761.111389160,-29.408981323,0.953156829,0.299090773,0.044288989,-0.008677047
1653513092.236946106,247.407882690,-760.971496582,-29.417339325,0.954591751,0.294706911,0.042003609,-0.011751588
1653513092.305253029,247.407882690,-760.971496582,-29.417339325,0.954591751,0.294706911,0.042003609,-0.011751588
1653513092.370408535,247.633590698,-760.775146484,-29.427818298,0.955650151,0.291357368,0.040382683,-0.014592479
1653513092.438569307,247.633590698,-760.775146484,-29.427818298,0.955650151,0.291357368,0.040382683,-0.014592479
1653513092.503444672,247.812805176,-760.643920898,-29.422868729,0.956425965,0.288982630,0.038976066,-0.014807063
1653513092.570056438,247.812805176,-760.643920898,-29.422868729,0.956425965,0.288982630,0.038976066,-0.014807063
1653513092.636864424,248.004364014,-760.500915527,-29.412944794,0.957114160,0.286756337,0.039462689,-0.012081114
1653513092.703344584,248.004364014,-760.500915527,-29.412944794,0.957114160,0.286756337,0.039462689,-0.012081114
1653513092.771306276,248.241424561,-760.314208984,-29.398893356,0.957168162,0.286762625,0.038879946,-0.009198717
1653513092.842029572,248.241424561,-760.314208984,-29.398893356,0.957168162,0.286762625,0.038879946,-0.009198717
1653513092.903378963,248.429779053,-760.176696777,-29.379238129,0.956800044,0.287950367,0.039584946,-0.007165289
1653513092.970547199,248.429779053,-760.176696777,-29.379238129,0.956800044,0.287950367,0.039584946,-0.007165289
1653513093.036604404,248.604278564,-760.040649414,-29.361112595,0.956368446,0.289371759,0.039611842,-0.007368204
1653513093.103225946,248.604278564,-760.040649414,-29.361112595,0.956368446,0.289371759,0.039611842,-0.007368204
1653513093.171769381,248.817245483,-759.847167969,-29.347650528,0.955761969,0.291423470,0.038899288,-0.008844133
1653513093.237163305,248.817245483,-759.847167969,-29.347650528,0.955761969,0.291423470,0.038899288,-0.008844133
1653513093.303235292,249.010192871,-759.679565430,-29.333023071,0.955242753,0.293130487,0.038503386,-0.010163734
1653513093.370108128,249.010192871,-759.679565430,-29.333023071,0.955242753,0.293130487,0.038503386,-0.010163734
1653513093.436679363,249.225921631,-759.496459961,-29.321857452,0.955428541,0.292637169,0.037728079,-0.009819790
1653513093.503574848,249.225921631,-759.496459961,-29.321857452,0.955428541,0.292637169,0.037728079,-0.009819790
1653513093.569962025,249.413696289,-759.358215332,-29.313520432,0.956092179,0.290539205,0.037552726,-0.008033672
1653513093.636954308,249.413696289,-759.358215332,-29.313520432,0.956092179,0.290539205,0.037552726,-0.008033672
1653513093.703681231,249.601593018,-759.227416992,-29.310379028,0.957196712,0.287033647,0.036792032,-0.005696216
1653513093.770522594,249.601593018,-759.227416992,-29.310379028,0.957196712,0.287033647,0.036792032,-0.005696216
1653513093.836557627,249.846450806,-759.040161133,-29.312320709,0.958941519,0.281337321,0.035623550,-0.003387499
1653513093.903503418,249.846450806,-759.040161133,-29.312320709,0.958941519,0.281337321,0.035623550,-0.003387499
1653513093.970261574,250.027618408,-758.925659180,-29.322904587,0.960641682,0.275649369,0.034354117,-0.002190637
1653513094.036505938,250.027618408,-758.925659180,-29.322904587,0.960641682,0.275649369,0.034354117,-0.002190637
1653513094.103130341,250.255935669,-758.746398926,-29.338102341,0.962506235,0.269144297,0.033771962,-0.001578681
1653513094.170091152,250.255935669,-758.746398926,-29.338102341,0.962506235,0.269144297,0.033771962,-0.001578681
1653513094.236707211,250.464645386,-758.566528320,-29.358062744,0.964031518,0.263830900,0.032065276,-0.002874403
1653513094.304906845,250.464645386,-758.566528320,-29.358062744,0.964031518,0.263830900,0.032065276,-0.002874403
1653513094.370383263,250.665786743,-758.366394043,-29.385787964,0.964973330,0.260582328,0.029574307,-0.006974047
1653513094.438392162,250.665786743,-758.366394043,-29.385787964,0.964973330,0.260582328,0.029574307,-0.006974047
1653513094.503494501,250.842269897,-758.165832520,-29.420425415,0.965167820,0.259958416,0.027169207,-0.011601279
1653513094.570007324,250.842269897,-758.165832520,-29.420425415,0.965167820,0.259958416,0.027169207,-0.011601279
1653513094.636558533,251.034805298,-757.937988281,-29.460697174,0.965115964,0.260070264,0.025334334,-0.016517818
1653513094.703752756,251.034805298,-757.937988281,-29.460697174,0.965115964,0.260070264,0.025334334,-0.016517818
1653513094.772820950,251.214004517,-757.726318359,-29.503650665,0.964459717,0.262196690,0.024795271,-0.021343291
1653513094.837227106,251.214004517,-757.726318359,-29.503650665,0.964459717,0.262196690,0.024795271,-0.021343291
1653513094.905578852,251.405868530,-757.506958008,-29.546691895,0.963497877,0.265203953,0.025278030,-0.026451545
1653513094.970039845,251.405868530,-757.506958008,-29.546691895,0.963497877,0.265203953,0.025278030,-0.026451545
1653513095.037355661,251.600906372,-757.304931641,-29.584388733,0.962513387,0.268161327,0.027506698,-0.030015053
1653513095.103327990,251.600906372,-757.304931641,-29.584388733,0.962513387,0.268161327,0.027506698,-0.030015053
1653513095.170671701,251.797439575,-757.127136230,-29.620002747,0.961558700,0.271048486,0.030933741,-0.031316496
1653513095.236944437,251.797439575,-757.127136230,-29.620002747,0.961558700,0.271048486,0.030933741,-0.031316496
1653513095.303259134,252.017913818,-756.939453125,-29.659749985,0.960787475,0.273254991,0.035788458,-0.030632870
1653513095.370028496,252.017913818,-756.939453125,-29.659749985,0.960787475,0.273254991,0.035788458,-0.030632870
1653513095.436824560,252.225051880,-756.783691406,-29.697683334,0.960216701,0.274872035,0.039523613,-0.029447699
1653513095.503251791,252.225051880,-756.783691406,-29.697683334,0.960216701,0.274872035,0.039523613,-0.029447699
1653513095.570787907,252.461227417,-756.599182129,-29.740640640,0.959890306,0.275649339,0.042980410,-0.027940851
1653513095.636863947,252.461227417,-756.599182129,-29.740640640,0.959890306,0.275649339,0.042980410,-0.027940851
1653513095.704141140,252.687469482,-756.445251465,-29.776554108,0.959884524,0.275327981,0.045773257,-0.026852455
1653513095.769953251,252.687469482,-756.445251465,-29.776554108,0.959884524,0.275327981,0.045773257,-0.026852455
1653513095.836585283,252.897262573,-756.324462891,-29.803596497,0.960395932,0.273205698,0.048169896,-0.026037110
1653513095.907155752,252.897262573,-756.324462891,-29.803596497,0.960395932,0.273205698,0.048169896,-0.026037110
1653513095.969983339,253.141067505,-756.167175293,-29.833379745,0.960953295,0.271152288,0.049176402,-0.025036732
1653513096.036548376,253.141067505,-756.167175293,-29.833379745,0.960953295,0.271152288,0.049176402,-0.025036732
1653513096.103195906,253.360153198,-756.045532227,-29.848987579,0.961672902,0.268477589,0.050088670,-0.024414932
1653513096.170438766,253.360153198,-756.045532227,-29.848987579,0.961672902,0.268477589,0.050088670,-0.024414932
1653513096.237437487,253.584564209,-755.916992188,-29.858520508,0.962557971,0.264949977,0.051483262,-0.025161399
1653513096.303503513,253.584564209,-755.916992188,-29.858520508,0.962557971,0.264949977,0.051483262,-0.025161399
1653513096.371415854,253.810317993,-755.781433105,-29.859800339,0.963272333,0.261972159,0.052650679,-0.026549213
1653513096.437795639,253.810317993,-755.781433105,-29.859800339,0.963272333,0.261972159,0.052650679,-0.026549213
1653513096.503404856,254.027282715,-755.650146484,-29.857564926,0.963702857,0.259903997,0.054040324,-0.028397080
1653513096.569796324,254.027282715,-755.650146484,-29.857564926,0.963702857,0.259903997,0.054040324,-0.028397080
1653513096.636634588,254.240417480,-755.518066406,-29.860485077,0.963969707,0.258541226,0.054840446,-0.030188836
1653513096.703227282,254.240417480,-755.518066406,-29.860485077,0.963969707,0.258541226,0.054840446,-0.030188836
1653513096.770377874,254.440643311,-755.405151367,-29.867580414,0.963921309,0.258414626,0.055370796,-0.031805925
1653513096.836763382,254.440643311,-755.405151367,-29.867580414,0.963921309,0.258414626,0.055370796,-0.031805925
1653513096.904906511,254.626861572,-755.303466797,-29.877706528,0.963939667,0.258148283,0.055684555,-0.032849245
1653513096.970194817,254.626861572,-755.303466797,-29.877706528,0.963939667,0.258148283,0.055684555,-0.032849245
1653513097.036877632,254.835861206,-755.187072754,-29.895603180,0.963701844,0.258804679,0.056205317,-0.033761811
1653513097.104210615,254.835861206,-755.187072754,-29.895603180,0.963701844,0.258804679,0.056205317,-0.033761811
1653513097.170763731,255.031631470,-755.091491699,-29.917760849,0.963160992,0.260559618,0.057999633,-0.032643471
1653513097.236441612,255.031631470,-755.091491699,-29.917760849,0.963160992,0.260559618,0.057999633,-0.032643471
1653513097.303555489,255.225219727,-755.010803223,-29.945476532,0.962492645,0.262885720,0.060749900,-0.028432611
1653513097.369893551,255.225219727,-755.010803223,-29.945476532,0.962492645,0.262885720,0.060749900,-0.028432611
1653513097.437802553,255.406524658,-754.949890137,-29.983966827,0.962003469,0.264431566,0.064051323,-0.022862991
1653513097.509837389,255.406524658,-754.949890137,-29.983966827,0.962003469,0.264431566,0.064051323,-0.022862991
1653513097.569800615,255.605590820,-754.882568359,-30.032545090,0.961737573,0.265518010,0.064793505,-0.019048955
1653513097.637128353,255.605590820,-754.882568359,-30.032545090,0.961737573,0.265518010,0.064793505,-0.019048955
1653513097.705577850,255.777679443,-754.840515137,-30.080318451,0.961697757,0.265886009,0.064533591,-0.016656008
1653513097.770046711,255.777679443,-754.840515137,-30.080318451,0.961697757,0.265886009,0.064533591,-0.016656008
1653513097.837399244,255.952713013,-754.809265137,-30.131692886,0.962288380,0.263957471,0.064382464,-0.013506895
1653513097.904167652,255.952713013,-754.809265137,-30.131692886,0.962288380,0.263957471,0.064382464,-0.013506895
1653513097.970353127,256.121978760,-754.784729004,-30.184976578,0.962884068,0.262044281,0.063787617,-0.010874564
1653513098.037791014,256.121978760,-754.784729004,-30.184976578,0.962884068,0.262044281,0.063787617,-0.010874564
1653513098.103985786,256.308288574,-754.746643066,-30.246250153,0.963515043,0.260145992,0.062236369,-0.009456292
1653513098.170916319,256.308288574,-754.746643066,-30.246250153,0.963515043,0.260145992,0.062236369,-0.009456292
1653513098.239116907,256.434234619,-754.735046387,-30.301481247,0.964214325,0.257750720,0.061537895,-0.008273643
1653513098.307355881,256.434234619,-754.735046387,-30.301481247,0.964214325,0.257750720,0.061537895,-0.008273643
1653513098.370332241,256.614227295,-754.680297852,-30.365825653,0.964789033,0.255883604,0.060367294,-0.007842992
1653513098.436947107,256.614227295,-754.680297852,-30.365825653,0.964789033,0.255883604,0.060367294,-0.007842992
1653513098.505604982,256.753479004,-754.637390137,-30.425720215,0.965158582,0.254224032,0.061438683,-0.008019111
1653513098.569824219,256.753479004,-754.637390137,-30.425720215,0.965158582,0.254224032,0.061438683,-0.008019111
1653513098.636430979,256.878814697,-754.594665527,-30.486408234,0.965456903,0.252913594,0.062119503,-0.008296423
1653513098.703746796,256.878814697,-754.594665527,-30.486408234,0.965456903,0.252913594,0.062119503,-0.008296423
1653513098.771059275,256.993988037,-754.557312012,-30.548593521,0.965707600,0.251724094,0.062744841,-0.010342120
1653513098.836677313,256.993988037,-754.557312012,-30.548593521,0.965707600,0.251724094,0.062744841,-0.010342120
1653513098.903956890,257.110137939,-754.518493652,-30.614894867,0.966148078,0.250142425,0.062105194,-0.011385017
1653513098.969783783,257.110137939,-754.518493652,-30.614894867,0.966148078,0.250142425,0.062105194,-0.011385017
1653513099.036674976,257.230255127,-754.474914551,-30.685426712,0.966420412,0.249151289,0.061731495,-0.012020312
1653513099.103584528,257.230255127,-754.474914551,-30.685426712,0.966420412,0.249151289,0.061731495,-0.012020312
1653513099.170124292,257.345031738,-754.436096191,-30.756931305,0.966437101,0.249119118,0.061585084,-0.012094062
1653513099.241071463,257.345031738,-754.436096191,-30.756931305,0.966437101,0.249119118,0.061585084,-0.012094062
1653513099.303997040,257.458648682,-754.404113770,-30.832241058,0.966931581,0.247513488,0.060192492,-0.012538775
1653513099.370102882,257.458648682,-754.404113770,-30.832241058,0.966931581,0.247513488,0.060192492,-0.012538775
1653513099.438341379,257.564025879,-754.372131348,-30.914505005,0.967257798,0.246534646,0.059239339,-0.011122881
1653513099.503324986,257.564025879,-754.372131348,-30.914505005,0.967257798,0.246534646,0.059239339,-0.011122881
1653513099.572387934,257.676727295,-754.329772949,-30.995859146,0.967618287,0.245442882,0.058107954,-0.009803593
1653513099.636506081,257.676727295,-754.329772949,-30.995859146,0.967618287,0.245442882,0.058107954,-0.009803593
1653513099.704941511,257.768829346,-754.290588379,-31.076948166,0.967614412,0.245641306,0.057254426,-0.010231229
1653513099.770520449,257.768829346,-754.290588379,-31.076948166,0.967614412,0.245641306,0.057254426,-0.010231229
1653513099.836371660,257.851379395,-754.253479004,-31.146461487,0.967575490,0.245871916,0.056636922,-0.011700239
1653513099.904229641,257.851379395,-754.253479004,-31.146461487,0.967575490,0.245871916,0.056636922,-0.011700239
1653513099.969869137,257.928436279,-754.219360352,-31.229024887,0.967662632,0.245646790,0.055698939,-0.013574554
1653513100.038903475,257.928436279,-754.219360352,-31.229024887,0.967662632,0.245646790,0.055698939,-0.013574554
1653513100.104021788,257.988922119,-754.195739746,-31.301256180,0.967636526,0.245950878,0.054286413,-0.015515627
1653513100.170531034,257.988922119,-754.195739746,-31.301256180,0.967636526,0.245950878,0.054286413,-0.015515627
1653513100.236579895,258.054199219,-754.173217773,-31.391740799,0.967400968,0.246505514,0.055764191,-0.016146163
1653513100.304125547,258.054199219,-754.173217773,-31.391740799,0.967400968,0.246505514,0.055764191,-0.016146163
1653513100.369740963,258.130554199,-754.147216797,-31.485338211,0.966822922,0.248846173,0.056208920,-0.013023551
1653513100.436618567,258.130554199,-754.147216797,-31.485338211,0.966822922,0.248846173,0.056208920,-0.013023551
1653513100.504325390,258.189727783,-754.136657715,-31.581527710,0.966223419,0.251351088,0.056202713,-0.008726759
1653513100.570375681,258.189727783,-754.136657715,-31.581527710,0.966223419,0.251351088,0.056202713,-0.008726759
1653513100.638566732,258.231597900,-754.140441895,-31.660856247,0.965560138,0.254263610,0.054940864,-0.005011161
1653513100.703291416,258.231597900,-754.140441895,-31.660856247,0.965560138,0.254263610,0.054940864,-0.005011161
1653513100.769775867,258.279663086,-754.130554199,-31.750030518,0.965170562,0.256229162,0.052659530,-0.004403782
1653513100.836735725,258.279663086,-754.130554199,-31.750030518,0.965170562,0.256229162,0.052659530,-0.004403782
1653513100.903906345,258.363098145,-754.103332520,-31.854459763,0.964867294,0.257834107,0.050319448,-0.004545641
1653513100.969745159,258.363098145,-754.103332520,-31.854459763,0.964867294,0.257834107,0.050319448,-0.004545641
1653513101.036355972,258.418182373,-754.098144531,-31.933870316,0.964626014,0.259048283,0.048845716,-0.002162840
1653513101.104979753,258.418182373,-754.098144531,-31.933870316,0.964626014,0.259048283,0.048845716,-0.002162840
1653513101.170901299,258.458129883,-754.105102539,-31.990242004,0.964299440,0.260340065,0.048346821,0.003497792
1653513101.237215996,258.458129883,-754.105102539,-31.990242004,0.964299440,0.260340065,0.048346821,0.003497792
1653513101.303819180,258.511352539,-754.111083984,-32.071147919,0.964449346,0.260092288,0.046226662,0.007246857
1653513101.369878531,258.511352539,-754.111083984,-32.071147919,0.964449346,0.260092288,0.046226662,0.007246857
1653513101.436286211,258.540679932,-754.113037109,-32.126243591,0.964771807,0.259101808,0.045051679,0.007207118
1653513101.503139257,258.540679932,-754.113037109,-32.126243591,0.964771807,0.259101808,0.045051679,0.007207118
1653513101.569857597,258.573028564,-754.108764648,-32.200202942,0.965514600,0.256917566,0.042037621,0.002781871
1653513101.638146400,258.573028564,-754.108764648,-32.200202942,0.965514600,0.256917566,0.042037621,0.002781871
1653513101.705994606,258.636688232,-754.088439941,-32.299381256,0.966090918,0.255023479,0.040333588,-0.002144656
1653513101.769755363,258.636688232,-754.088439941,-32.299381256,0.966090918,0.255023479,0.040333588,-0.002144656
1653513101.837320805,258.670837402,-754.088256836,-32.365531921,0.966480613,0.253736883,0.038983516,-0.003619003
1653513101.903564692,258.670837402,-754.088256836,-32.365531921,0.966480613,0.253736883,0.038983516,-0.003619003
1653513101.970724344,258.673339844,-754.102600098,-32.370407104,0.966423035,0.254171818,0.037667021,-0.002085566
1653513102.036625624,258.673339844,-754.102600098,-32.370407104,0.966423035,0.254171818,0.037667021,-0.002085566
1653513102.104099274,258.707305908,-754.095886230,-32.420742035,0.966272950,0.254997730,0.035952702,-0.000407721
1653513102.169761658,258.707305908,-754.095886230,-32.420742035,0.966272950,0.254997730,0.035952702,-0.000407721
1653513102.237428188,258.742523193,-754.086608887,-32.458557129,0.966259062,0.255180359,0.035019569,-0.000136255
1653513102.303252220,258.742523193,-754.086608887,-32.458557129,0.966259062,0.255180359,0.035019569,-0.000136255
1653513102.370064020,258.782196045,-754.067993164,-32.492095947,0.966047645,0.256062776,0.034405459,-0.000193196
1653513102.436541080,258.782196045,-754.067993164,-32.492095947,0.966047645,0.256062776,0.034405459,-0.000193196
1653513102.503147602,258.802246094,-754.044128418,-32.523387909,0.965343356,0.258599222,0.035192430,0.000332255
1653513102.569645166,258.802246094,-754.044128418,-32.523387909,0.965343356,0.258599222,0.035192430,0.000332255
1653513102.636395693,258.821411133,-754.011657715,-32.558334351,0.964455485,0.261804909,0.035824578,0.000680169
1653513102.703693867,258.821411133,-754.011657715,-32.558334351,0.964455485,0.261804909,0.035824578,0.000680169
1653513102.770457983,258.831207275,-753.978820801,-32.571727753,0.963108182,0.266574621,0.036867734,0.001152087
1653513102.836500406,258.831207275,-753.978820801,-32.571727753,0.963108182,0.266574621,0.036867734,0.001152087
1653513102.903528929,258.854095459,-753.940673828,-32.608150482,0.962009132,0.270256042,0.038687352,0.001838767
1653513102.969876051,258.854095459,-753.940673828,-32.608150482,0.962009132,0.270256042,0.038687352,0.001838767
1653513103.038102627,258.886596680,-753.910705566,-32.635765076,0.962010026,0.269731998,0.042050339,0.003621062
1653513103.103633642,258.886596680,-753.910705566,-32.635765076,0.962010026,0.269731998,0.042050339,0.003621062
1653513103.170266867,258.925903320,-753.890075684,-32.674053192,0.963072658,0.265377045,0.045209222,0.004716188
1653513103.237084389,258.925903320,-753.890075684,-32.674053192,0.963072658,0.265377045,0.045209222,0.004716188
1653513103.303250551,258.988311768,-753.860534668,-32.735145569,0.964338481,0.260249853,0.047940072,0.004805899
1653513103.370544195,258.988311768,-753.860534668,-32.735145569,0.964338481,0.260249853,0.047940072,0.004805899
1653513103.436513901,259.027496338,-753.839904785,-32.786785126,0.965494335,0.255796820,0.048628040,0.004892949
1653513103.503788948,259.027496338,-753.839904785,-32.786785126,0.965494335,0.255796820,0.048628040,0.004892949
1653513103.569785833,259.036956787,-753.814086914,-32.817684174,0.966410279,0.252532244,0.047622409,0.003278658
1653513103.636470556,259.036956787,-753.814086914,-32.817684174,0.966410279,0.252532244,0.047622409,0.003278658
1653513103.703319311,259.050170898,-753.762451172,-32.878265381,0.966921628,0.251282722,0.043796193,-0.001187651
1653513103.769805670,259.050170898,-753.762451172,-32.878265381,0.966921628,0.251282722,0.043796193,-0.001187651
1653513103.838353634,259.058868408,-753.688415527,-32.935989380,0.966747344,0.252294391,0.040981546,-0.008220187
1653513103.903197527,259.058868408,-753.688415527,-32.935989380,0.966747344,0.252294391,0.040981546,-0.008220187
1653513103.972465992,259.051605225,-753.626281738,-32.972888947,0.966175258,0.254540682,0.038564201,-0.015075230
1653513104.036476374,259.051605225,-753.626281738,-32.972888947,0.966175258,0.254540682,0.038564201,-0.015075230
1653513104.103299379,259.054870605,-753.563354492,-33.005954742,0.965550542,0.256808966,0.037370820,-0.019098027
1653513104.172963142,259.054870605,-753.563354492,-33.005954742,0.965550542,0.256808966,0.037370820,-0.019098027
1653513104.236424685,259.062652588,-753.512817383,-33.030693054,0.965332031,0.257594973,0.037181824,-0.019910833
1653513104.305507183,259.062652588,-753.512817383,-33.030693054,0.965332031,0.257594973,0.037181824,-0.019910833
1653513104.374443054,259.077789307,-753.476196289,-33.039955139,0.964981079,0.258722752,0.038195111,-0.020377003
1653513104.436755657,259.077789307,-753.476196289,-33.039955139,0.964981079,0.258722752,0.038195111,-0.020377003
1653513104.503531694,259.104034424,-753.451354980,-33.050559998,0.965396345,0.257191658,0.037696924,-0.021006152
1653513104.569940329,259.104034424,-753.451354980,-33.050559998,0.965396345,0.257191658,0.037696924,-0.021006152
1653513104.637089968,259.135406494,-753.435546875,-33.060810089,0.965977371,0.254967809,0.038877707,-0.019175284
1653513104.703307629,259.135406494,-753.435546875,-33.060810089,0.965977371,0.254967809,0.038877707,-0.019175284
1653513104.770014763,259.167816162,-753.437500000,-33.076171875,0.966671765,0.252300560,0.040057674,-0.016898483
1653513104.836340427,259.167816162,-753.437500000,-33.076171875,0.966671765,0.252300560,0.040057674,-0.016898483
1653513104.903681278,259.199279785,-753.432006836,-33.091362000,0.966902375,0.251322359,0.041486558,-0.014687324
1653513104.972533941,259.199279785,-753.432006836,-33.091362000,0.966902375,0.251322359,0.041486558,-0.014687324
1653513105.037299156,259.227508545,-753.421875000,-33.114871979,0.966896057,0.251295328,0.042497452,-0.012515689
1653513105.103098154,259.227508545,-753.421875000,-33.114871979,0.966896057,0.251295328,0.042497452,-0.012515689
1653513105.171151638,259.252838135,-753.407958984,-33.143123627,0.966658413,0.252137154,0.043025274,-0.012132423
1653513105.236464977,259.252838135,-753.407958984,-33.143123627,0.966658413,0.252137154,0.043025274,-0.012132423
1653513105.303493738,259.272949219,-753.395935059,-33.176151276,0.966435134,0.252963990,0.042495281,-0.014370229
1653513105.369812727,259.272949219,-753.395935059,-33.176151276,0.966435134,0.252963990,0.042495281,-0.014370229
1653513105.436817646,259.290954590,-753.383422852,-33.204772949,0.966028392,0.254586428,0.041532651,-0.015810212
1653513105.503356695,259.290954590,-753.383422852,-33.204772949,0.966028392,0.254586428,0.041532651,-0.015810212
1653513105.572499037,259.307830811,-753.372131348,-33.243076324,0.965241849,0.257757574,0.040756378,-0.014425786
1653513105.636432171,259.307830811,-753.372131348,-33.243076324,0.965241849,0.257757574,0.040756378,-0.014425786
1653513105.703423977,259.325439453,-753.361694336,-33.286006927,0.964344859,0.261289120,0.040423118,-0.011531358
1653513105.769799232,259.325439453,-753.361694336,-33.286006927,0.964344859,0.261289120,0.040423118,-0.011531358
1653513105.836704254,259.343048096,-753.353210449,-33.331375122,0.963284254,0.265411615,0.039780535,-0.007594239
1653513105.903565407,259.343048096,-753.353210449,-33.331375122,0.963284254,0.265411615,0.039780535,-0.007594239
1653513105.969655275,259.361877441,-753.350402832,-33.380310059,0.962781668,0.267426878,0.038768951,-0.005590918
1653513106.036425591,259.361877441,-753.350402832,-33.380310059,0.962781668,0.267426878,0.038768951,-0.005590918
1653513106.102975130,259.379821777,-753.356384277,-33.419441223,0.962725699,0.267748952,0.037776601,-0.006527990
1653513106.170122147,259.379821777,-753.356384277,-33.419441223,0.962725699,0.267748952,0.037776601,-0.006527990
1653513106.236977577,259.407775879,-753.369506836,-33.461273193,0.963058114,0.266609579,0.036988795,-0.008382271
1653513106.304069042,259.407775879,-753.369506836,-33.461273193,0.963058114,0.266609579,0.036988795,-0.008382271
1653513106.369701147,259.441864014,-753.385559082,-33.500137329,0.963563502,0.264932185,0.036088318,-0.007344132
1653513106.437458992,259.441864014,-753.385559082,-33.500137329,0.963563502,0.264932185,0.036088318,-0.007344132
1653513106.503532648,259.478546143,-753.391784668,-33.541461945,0.963799238,0.264306813,0.034726571,-0.005195551
1653513106.569948196,259.478546143,-753.391784668,-33.541461945,0.963799238,0.264306813,0.034726571,-0.005195551
1653513106.636437416,259.504516602,-753.393188477,-33.580795288,0.963384867,0.265923083,0.034098968,-0.003435422
1653513106.704164267,259.504516602,-753.393188477,-33.580795288,0.963384867,0.265923083,0.034098968,-0.003435422
1653513106.769970417,259.521697998,-753.383605957,-33.608261108,0.962117672,0.270520896,0.033569608,-0.004593119
1653513106.836457491,259.521697998,-753.383605957,-33.608261108,0.962117672,0.270520896,0.033569608,-0.004593119
1653513106.904281378,259.540435791,-753.365417480,-33.640583038,0.960333526,0.276730299,0.033685662,-0.006717669
1653513106.970066071,259.540435791,-753.365417480,-33.640583038,0.960333526,0.276730299,0.033685662,-0.006717669
1653513107.036366940,259.564514160,-753.357421875,-33.662937164,0.958977342,0.281243891,0.034615908,-0.008125125
1653513107.103310823,259.564514160,-753.357421875,-33.662937164,0.958977342,0.281243891,0.034615908,-0.008125125
1653513107.169622421,259.600097656,-753.363098145,-33.698059082,0.958112657,0.283915281,0.036883008,-0.007206004
1653513107.236374378,259.600097656,-753.363098145,-33.698059082,0.958112657,0.283915281,0.036883008,-0.007206004
1653513107.303328514,259.643188477,-753.378173828,-33.732456207,0.957368433,0.286229521,0.038800232,-0.003592972
1653513107.369982958,259.643188477,-753.378173828,-33.732456207,0.957368433,0.286229521,0.038800232,-0.003592972
1653513107.436282158,259.694335938,-753.406982422,-33.775932312,0.956808448,0.287716329,0.041616824,0.002225557
1653513107.503490210,259.694335938,-753.406982422,-33.775932312,0.956808448,0.287716329,0.041616824,0.002225557
1653513107.569704533,259.754089355,-753.439575195,-33.816764832,0.956798077,0.287362158,0.043393984,0.008799254
1653513107.636731148,259.754089355,-753.439575195,-33.816764832,0.956798077,0.287362158,0.043393984,0.008799254
1653513107.703015089,259.811889648,-753.475891113,-33.857406616,0.956926346,0.286378741,0.045206152,0.015349111
1653513107.769996881,259.811889648,-753.475891113,-33.857406616,0.956926346,0.286378741,0.045206152,0.015349111
1653513107.836564779,259.868072510,-753.502502441,-33.902439117,0.957425475,0.284398615,0.046080064,0.018178714
1653513107.903425455,259.868072510,-753.502502441,-33.902439117,0.957425475,0.284398615,0.046080064,0.018178714
1653513107.969791651,259.916656494,-753.515686035,-33.945758820,0.958051085,0.282493174,0.045421980,0.016510509
1653513108.037238836,259.916656494,-753.515686035,-33.945758820,0.958051085,0.282493174,0.045421980,0.016510509
1653513108.103199720,259.955444336,-753.513977051,-33.983821869,0.958187342,0.282198042,0.045018718,0.014648461
1653513108.171427250,259.955444336,-753.513977051,-33.983821869,0.958187342,0.282198042,0.045018718,0.014648461
1653513108.236317635,259.979522705,-753.497497559,-34.016746521,0.957862377,0.283407003,0.044944521,0.012654386
1653513108.303046942,259.979522705,-753.497497559,-34.016746521,0.957862377,0.283407003,0.044944521,0.012654386
1653513108.370073080,259.999328613,-753.473205566,-34.056427002,0.957145572,0.285769343,0.045585025,0.011410916
1653513108.436401367,259.999328613,-753.473205566,-34.056427002,0.957145572,0.285769343,0.045585025,0.011410916
1653513108.503463507,260.017700195,-753.442504883,-34.096626282,0.956431687,0.288348675,0.044530861,0.010512328
1653513108.569967747,260.017700195,-753.442504883,-34.096626282,0.956431687,0.288348675,0.044530861,0.010512328
1653513108.636328936,260.033691406,-753.409667969,-34.138179779,0.956026673,0.289862543,0.043955907,0.007780137
1653513108.703179359,260.033691406,-753.409667969,-34.138179779,0.956026673,0.289862543,0.043955907,0.007780137
1653513108.771397352,260.046661377,-753.376586914,-34.173332214,0.955681145,0.291124880,0.043609295,0.004252997
1653513108.836324453,260.046661377,-753.376586914,-34.173332214,0.955681145,0.291124880,0.043609295,0.004252997
1653513108.902985334,260.063415527,-753.346862793,-34.208526611,0.955604494,0.291337252,0.044017091,0.002269897
1653513108.969967842,260.063415527,-753.346862793,-34.208526611,0.955604494,0.291337252,0.044017091,0.002269897
1653513109.037387133,260.083923340,-753.317443848,-34.243541718,0.955725789,0.290862083,0.044534184,0.002045633
1653513109.103049040,260.083923340,-753.317443848,-34.243541718,0.955725789,0.290862083,0.044534184,0.002045633
1653513109.169563293,260.098693848,-753.285827637,-34.277343750,0.955668509,0.290897012,0.045552012,0.001296425
1653513109.236780882,260.098693848,-753.285827637,-34.277343750,0.955668509,0.290897012,0.045552012,0.001296425
1653513109.303071022,260.110626221,-753.251281738,-34.313041687,0.955544889,0.291099101,0.046853904,-0.000078560
1653513109.369539261,260.110626221,-753.251281738,-34.313041687,0.955544889,0.291099101,0.046853904,-0.000078560
1653513109.439330816,260.115478516,-753.216186523,-34.347217560,0.955588579,0.290815294,0.047645971,-0.002612849
1653513109.504407644,260.115478516,-753.216186523,-34.347217560,0.955588579,0.290815294,0.047645971,-0.002612849
1653513109.569746494,260.118408203,-753.170410156,-34.387210846,0.955410361,0.291376948,0.047518216,-0.005702676
1653513109.637364149,260.118408203,-753.170410156,-34.387210846,0.955410361,0.291376948,0.047518216,-0.005702676
1653513109.703591585,260.115020752,-753.128662109,-34.419395447,0.955142140,0.292135656,0.047698066,-0.009229539
1653513109.770133495,260.115020752,-753.128662109,-34.419395447,0.955142140,0.292135656,0.047698066,-0.009229539
1653513109.837481022,260.111114502,-753.081176758,-34.457908630,0.954989254,0.292575777,0.047316000,-0.012496344
1653513109.903164864,260.111114502,-753.081176758,-34.457908630,0.954989254,0.292575777,0.047316000,-0.012496344
1653513109.969664335,260.106964111,-753.039855957,-34.495834351,0.954822719,0.293058246,0.046707619,-0.015772954
1653513110.036591291,260.106964111,-753.039855957,-34.495834351,0.954822719,0.293058246,0.046707619,-0.015772954
1653513110.103851318,260.103485107,-753.009216309,-34.530101776,0.955005527,0.292384386,0.045963790,-0.019057423
1653513110.169785738,260.103485107,-753.009216309,-34.530101776,0.955005527,0.292384386,0.045963790,-0.019057423
1653513110.237700224,260.102661133,-752.991516113,-34.560985565,0.955651164,0.290191829,0.045441840,-0.021321019
1653513110.303680420,260.102661133,-752.991516113,-34.560985565,0.955651164,0.290191829,0.045441840,-0.021321019
1653513110.369691133,260.101959229,-752.973266602,-34.598449707,0.956174314,0.288433701,0.044909928,-0.022799967
1653513110.436315060,260.101959229,-752.973266602,-34.598449707,0.956174314,0.288433701,0.044909928,-0.022799967
1653513110.504213572,260.101531982,-752.961853027,-34.629047394,0.956633151,0.287113994,0.043622229,-0.022707310
1653513110.569657087,260.101531982,-752.961853027,-34.629047394,0.956633151,0.287113994,0.043622229,-0.022707310
1653513110.636338949,260.097747803,-752.946777344,-34.665306091,0.956672132,0.287229121,0.042039312,-0.022595301
1653513110.703925848,260.097747803,-752.946777344,-34.665306091,0.956672132,0.287229121,0.042039312,-0.022595301
1653513110.770068407,260.087982178,-752.927307129,-34.699932098,0.956131637,0.289229840,0.040802933,-0.022216011
1653513110.836251497,260.087982178,-752.927307129,-34.699932098,0.956131637,0.289229840,0.040802933,-0.022216011
1653513110.903318644,260.075866699,-752.908264160,-34.740127563,0.955258012,0.292435139,0.037579883,-0.023485424
1653513110.970070601,260.075866699,-752.908264160,-34.740127563,0.955258012,0.292435139,0.037579883,-0.023485424
1653513111.036360025,260.067321777,-752.895996094,-34.772766113,0.954620957,0.294830292,0.034617327,-0.023991609
1653513111.103471041,260.067321777,-752.895996094,-34.772766113,0.954620957,0.294830292,0.034617327,-0.023991609
1653513111.169856071,260.066284180,-752.893798828,-34.806842804,0.953934193,0.297314078,0.033652723,-0.021940764
1653513111.238117933,260.066284180,-752.893798828,-34.806842804,0.953934193,0.297314078,0.033652723,-0.021940764
1653513111.303052664,260.078155518,-752.907470703,-34.834808350,0.953525364,0.298870832,0.034119584,-0.017361771
1653513111.369819403,260.078155518,-752.907470703,-34.834808350,0.953525364,0.298870832,0.034119584,-0.017361771
1653513111.436264753,260.098663330,-752.930603027,-34.866142273,0.953551590,0.298866779,0.035935480,-0.011253827
1653513111.504684925,260.098663330,-752.930603027,-34.866142273,0.953551590,0.298866779,0.035935480,-0.011253827
1653513111.571039677,260.122222900,-752.957458496,-34.898838043,0.954150915,0.296981424,0.036691729,-0.007194011
1653513111.636807442,260.122222900,-752.957458496,-34.898838043,0.954150915,0.296981424,0.036691729,-0.007194011
1653513111.703723907,260.146392822,-752.981323242,-34.926830292,0.955051005,0.294001430,0.037417222,-0.006380854
1653513111.769697666,260.146392822,-752.981323242,-34.926830292,0.955051005,0.294001430,0.037417222,-0.006380854
1653513111.836372137,260.166503906,-752.997619629,-34.951217651,0.955937266,0.291035384,0.038047079,-0.005898114
1653513111.903351545,260.166503906,-752.997619629,-34.951217651,0.955937266,0.291035384,0.038047079,-0.005898114
1653513111.969746590,260.178497314,-752.998352051,-34.979251862,0.955950558,0.291011244,0.037790298,-0.006550869
1653513112.036698580,260.178497314,-752.998352051,-34.979251862,0.955950558,0.291011244,0.037790298,-0.006550869
1653513112.103734970,260.184112549,-752.988586426,-35.008171082,0.955398619,0.292829484,0.037644729,-0.006873681
1653513112.169908285,260.184112549,-752.988586426,-35.008171082,0.955398619,0.292829484,0.037644729,-0.006873681
1653513112.236343384,260.184082031,-752.966796875,-35.036468506,0.954274178,0.296465307,0.037537202,-0.007749554
1653513112.303010941,260.184082031,-752.966796875,-35.036468506,0.954274178,0.296465307,0.037537202,-0.007749554
1653513112.369526386,260.185089111,-752.944824219,-35.062374115,0.953107059,0.300106108,0.037924666,-0.009221308
1653513112.436528683,260.185089111,-752.944824219,-35.062374115,0.953107059,0.300106108,0.037924666,-0.009221308
1653513112.503472805,260.191467285,-752.932983398,-35.087139130,0.952600300,0.301570445,0.038924772,-0.009632019
1653513112.569807768,260.191467285,-752.932983398,-35.087139130,0.952600300,0.301570445,0.038924772,-0.009632019
1653513112.636318922,260.207550049,-752.933349609,-35.108638763,0.953028500,0.300079942,0.039952356,-0.009616040
1653513112.703379631,260.207550049,-752.933349609,-35.108638763,0.953028500,0.300079942,0.039952356,-0.009616040
1653513112.769684076,260.231781006,-752.943969727,-35.130672455,0.954035997,0.296939462,0.039698355,-0.008140122
1653513112.836404085,260.231781006,-752.943969727,-35.130672455,0.954035997,0.296939462,0.039698355,-0.008140122
1653513112.903737068,260.257324219,-752.957336426,-35.154781342,0.955239773,0.293205589,0.038628310,-0.007434670
1653513112.969607592,260.257324219,-752.957336426,-35.154781342,0.955239773,0.293205589,0.038628310,-0.007434670
1653513113.037036896,260.278839111,-752.963195801,-35.178268433,0.956427455,0.289457142,0.037409849,-0.007846184
1653513113.104595184,260.278839111,-752.963195801,-35.178268433,0.956427455,0.289457142,0.037409849,-0.007846184
1653513113.170630455,260.291168213,-752.958129883,-35.193298340,0.957074702,0.287455052,0.035776384,-0.009879225
1653513113.236193657,260.291168213,-752.958129883,-35.193298340,0.957074702,0.287455052,0.035776384,-0.009879225
1653513113.303601265,260.297546387,-752.940734863,-35.203716278,0.956959069,0.287921727,0.033941802,-0.013353434
1653513113.369539261,260.297546387,-752.940734863,-35.203716278,0.956959069,0.287921727,0.033941802,-0.013353434
1653513113.437399149,260.299713135,-752.917358398,-35.208248138,0.956437588,0.289399594,0.034543607,-0.016787281
1653513113.503342628,260.299713135,-752.917358398,-35.208248138,0.956437588,0.289399594,0.034543607,-0.016787281
1653513113.569770575,260.302551270,-752.893493652,-35.211738586,0.955511451,0.292128235,0.036090318,-0.018881151
1653513113.637633562,260.302551270,-752.893493652,-35.211738586,0.955511451,0.292128235,0.036090318,-0.018881151
1653513113.703349352,260.312622070,-752.878601074,-35.221702576,0.954882443,0.294057190,0.037785292,-0.017381866
1653513113.771845102,260.312622070,-752.878601074,-35.221702576,0.954882443,0.294057190,0.037785292,-0.017381866
1653513113.840405226,260.331115723,-752.877868652,-35.234786987,0.954851747,0.293918729,0.040922858,-0.013971006
1653513113.903134108,260.331115723,-752.877868652,-35.234786987,0.954851747,0.293918729,0.040922858,-0.013971006
1653513113.969697714,260.353271484,-752.883666992,-35.253692627,0.955450237,0.291944891,0.041812822,-0.011607938
1653513114.040904522,260.353271484,-752.883666992,-35.253692627,0.955450237,0.291944891,0.041812822,-0.011607938
1653513114.102905035,260.363342285,-752.890258789,-35.274406433,0.956280470,0.289356470,0.040058229,-0.013996039
1653513114.169747829,260.363342285,-752.890258789,-35.274406433,0.956280470,0.289356470,0.040058229,-0.013996039
1653513114.236391068,260.364959717,-752.898132324,-35.297847748,0.957077682,0.287009537,0.035937924,-0.018339297
1653513114.303339958,260.364959717,-752.898132324,-35.297847748,0.957077682,0.287009537,0.035937924,-0.018339297
1653513114.369726181,260.369781494,-752.912963867,-35.322635651,0.957463443,0.286051780,0.033576023,-0.017630454
1653513114.436788559,260.369781494,-752.912963867,-35.322635651,0.957463443,0.286051780,0.033576023,-0.017630454
1653513114.503834486,260.377532959,-752.926452637,-35.339408875,0.957621157,0.285930157,0.032126956,-0.013171628
1653513114.569629431,260.377532959,-752.926452637,-35.339408875,0.957621157,0.285930157,0.032126956,-0.013171628
1653513114.639852285,260.378662109,-752.926269531,-35.343627930,0.957849443,0.285267293,0.030800546,-0.014085307
1653513114.703351021,260.378662109,-752.926269531,-35.343627930,0.957849443,0.285267293,0.030800546,-0.014085307
1653513114.769948244,260.377380371,-752.921386719,-35.342258453,0.957912266,0.284912676,0.030318934,-0.017596869
1653513114.836935997,260.377380371,-752.921386719,-35.342258453,0.957912266,0.284912676,0.030318934,-0.017596869
1653513114.904221296,260.379089355,-752.920410156,-35.346282959,0.957627892,0.285727292,0.031163815,-0.018371616
1653513114.969518185,260.379089355,-752.920410156,-35.346282959,0.957627892,0.285727292,0.031163815,-0.018371616
1653513115.036816835,260.380462646,-752.918090820,-35.356426239,0.957312524,0.286730051,0.031803761,-0.018085424
1653513115.103946924,260.380462646,-752.918090820,-35.356426239,0.957312524,0.286730051,0.031803761,-0.018085424
1653513115.170614481,260.379455566,-752.912902832,-35.368503571,0.957109153,0.287257880,0.030118728,-0.022755397
1653513115.236167192,260.379455566,-752.912902832,-35.368503571,0.957109153,0.287257880,0.030118728,-0.022755397
1653513115.304181576,260.383148193,-752.916381836,-35.385234833,0.957192898,0.286773324,0.027571911,-0.027975060
1653513115.369537592,260.383148193,-752.916381836,-35.385234833,0.957192898,0.286773324,0.027571911,-0.027975060
1653513115.441831112,260.392913818,-752.927673340,-35.412117004,0.957493067,0.285886645,0.025103843,-0.029080862
1653513115.503090858,260.392913818,-752.927673340,-35.412117004,0.957493067,0.285886645,0.025103843,-0.029080862
1653513115.570228338,260.401306152,-752.932922363,-35.431011200,0.957749963,0.285329878,0.023294913,-0.027554572
1653513115.636231899,260.401306152,-752.932922363,-35.431011200,0.957749963,0.285329878,0.023294913,-0.027554572
1653513115.703533649,260.405487061,-752.930358887,-35.432636261,0.957838058,0.285142273,0.021837484,-0.027627034
1653513115.770761490,260.405487061,-752.930358887,-35.432636261,0.957838058,0.285142273,0.021837484,-0.027627034
1653513115.836740255,260.411560059,-752.931030273,-35.431907654,0.957951248,0.284911156,0.021813393,-0.026061632
1653513115.903577328,260.411560059,-752.931030273,-35.431907654,0.957951248,0.284911156,0.021813393,-0.026061632
1653513115.971244335,260.414306641,-752.931030273,-35.432846069,0.958043635,0.284633100,0.021974774,-0.025564358
1653513116.038707733,260.414306641,-752.931030273,-35.432846069,0.958043635,0.284633100,0.021974774,-0.025564358
1653513116.103363037,260.414947510,-752.932373047,-35.437160492,0.958074570,0.284600288,0.021873696,-0.024845902
1653513116.172530890,260.414947510,-752.932373047,-35.437160492,0.958074570,0.284600288,0.021873696,-0.024845902
1653513116.236369133,260.411926270,-752.928344727,-35.439170837,0.957926750,0.285064578,0.021605052,-0.025451319
1653513116.303992987,260.411926270,-752.928344727,-35.439170837,0.957926750,0.285064578,0.021605052,-0.025451319
1653513116.369833946,260.408355713,-752.922668457,-35.441257477,0.957509637,0.286309242,0.021703148,-0.027043138
