Frame,Pred_X,Pred_Y,Pred_Z,Q_X,Q_Y,Q_Z,Q_W
3793,0,0,0,0,0,0,1
3794,0,0,0,0,0,0,1
3795,0,0,0,0,0,0,1
3796,0.262828,-0.547825,-0.794235,-3.33558e-05,-9.22247e-05,-3.92123e-05,1
3797,0.262828,-0.547825,-0.794235,-3.33558e-05,-9.22247e-05,-3.92123e-05,1
3798,0.262828,-0.547825,-0.794235,-3.33558e-05,-9.22247e-05,-3.92123e-05,1
3799,1.24879,-0.463313,-0.650238,0.000190908,-0.00282877,0.000393371,0.999996
3800,0.674262,0.113805,-1.23063,0.000190908,-0.00282877,0.000393371,0.999996
3801,0.660599,-0.0786948,-0.249425,0.000156659,-0.00258298,0.000584239,0.999996
3802,0.660599,-0.0786948,-0.249425,0.000156659,-0.00258298,0.000584239,0.999996
3803,0.660599,-0.0786948,-0.249425,0.000156659,-0.00258298,0.000584239,0.999996
3804,0.226891,-0.0514148,-1.15007,9.3814e-05,-0.00258287,0.000528301,0.999997
3805,0.226891,-0.0514148,-1.15007,9.3814e-05,-0.00258287,0.000528301,0.999997
3806,0.226891,-0.0514148,-1.15007,9.3814e-05,-0.00258287,0.000528301,0.999997
3807,-0.156837,-0.028242,-0.22691,2.55791e-05,-0.00245873,0.000573233,0.999997
3808,-0.156837,-0.028242,-0.22691,2.55791e-05,-0.00245873,0.000573233,0.999997
3809,-0.156837,-0.028242,-0.22691,2.55791e-05,-0.00245873,0.000573233,0.999997
3810,-0.435834,0.0869605,-1.18027,-8.30275e-05,-0.00209551,0.00110557,0.999997
3811,-0.435834,0.0869605,-1.18027,-8.30275e-05,-0.00209551,0.00110557,0.999997
3812,-0.852639,-0.113999,-2.06677,-0.000320932,-0.001805,0.00162163,0.999997
3813,-0.852639,-0.113999,-2.06677,-0.000320932,-0.001805,0.00162163,0.999997
3814,-0.852639,-0.113999,-2.06677,-0.000320932,-0.001805,0.00162163,0.999997
3815,-0.389322,-0.162994,-2.95161,-0.000439239,-0.00178864,0.00148239,0.999997
3816,-0.389322,-0.162994,-2.95161,-0.000439239,-0.00178864,0.00148239,0.999997
3817,-0.389322,-0.162994,-2.95161,-0.000439239,-0.00178864,0.00148239,0.999997
3818,-1.30426,-0.420576,-2.64089,-0.000726724,-0.00170821,0.00156803,0.999997
3819,-1.30426,-0.420576,-2.64089,-0.000726724,-0.00170821,0.00156803,0.999997
3820,-1.95028,-0.297402,-1.88757,-0.000510032,-0.00174719,0.00142282,0.999997
3821,-1.95028,-0.297402,-1.88757,-0.000510032,-0.00174719,0.00142282,0.999997
3822,-1.65656,-0.350438,-0.93315,-0.000510031,-0.00174719,0.00142282,0.999997
3823,-2.30284,-0.110934,-0.208601,-0.000407728,-0.00141631,0.0013779,0.999998
3824,-2.30284,-0.110934,-0.208601,-0.000407728,-0.00141631,0.0013779,0.999998
3825,-2.30284,-0.110934,-0.208601,-0.000407728,-0.00141631,0.0013779,0.999998
3826,-2.07355,-0.102771,-1.18193,-0.00050959,-0.00154079,0.00110389,0.999998
3827,-2.07355,-0.102771,-1.18193,-0.00050959,-0.00154079,0.00110389,0.999998
3828,-2.07355,-0.102771,-1.18193,-0.00050959,-0.00154079,0.00110389,0.999998
3829,-2.22731,-0.447454,-0.255886,-0.000377656,-0.00160273,0.000542672,0.999999
3830,-2.22731,-0.447454,-0.255886,-0.000377656,-0.00160273,0.000542672,0.999999
3831,-2.22731,-0.447454,-0.255886,-0.000377656,-0.00160273,0.000542672,0.999999
3832,-1.27268,-0.162954,-0.167849,-0.00015378,-0.00221938,0.000522027,0.999997
3833,-1.27268,-0.162954,-0.167849,-0.00015378,-0.00221938,0.000522027,0.999997
3834,-1.27268,-0.162954,-0.167849,-0.00015378,-0.00221938,0.000522027,0.999997
3835,-1.02183,-0.0985853,-1.13373,-2.09109e-05,-0.00201476,0.000398219,0.999998
3836,-1.02183,-0.0985853,-1.13373,-2.09109e-05,-0.00201476,0.000398219,0.999998
3837,-1.02183,-0.0985853,-1.13373,-2.09109e-05,-0.00201476,0.000398219,0.999998
3838,-0.762974,-0.119454,-0.168041,0.000310343,-0.00242055,-9.55434e-05,0.999997
3839,-0.762974,-0.119454,-0.168041,0.000310343,-0.00242055,-9.55434e-05,0.999997
3840,-0.474306,0.283454,-1.03657,0.000307696,-0.00241311,-7.4082e-05,0.999997
3841,-1.41601,-0.031634,-1.15455,-0.000107488,-0.00142001,0.000137113,0.999999
3842,-1.50604,-0.291862,-0.193213,-0.000138401,-0.00147879,1.62059e-05,0.999999
3843,-1.77847,-0.563759,0.729745,-0.000162209,-0.0013904,0.000634598,0.999999
3844,-1.77847,-0.563759,0.729745,-0.000162209,-0.0013904,0.000634598,0.999999
3845,-1.77847,-0.563759,0.729745,-0.000162209,-0.0013904,0.000634598,0.999999
3846,-1.57943,-0.391664,1.69451,3.36963e-06,-0.00136569,0.000794935,0.999999
3847,-1.57943,-0.391664,1.69451,3.36963e-06,-0.00136569,0.000794935,0.999999
3848,-1.57943,-0.391664,1.69451,3.36963e-06,-0.00136569,0.000794935,0.999999
3849,-2.06011,-0.75213,2.49389,-0.00024426,-0.00102924,0.00096452,0.999999
3850,-2.06011,-0.75213,2.49389,-0.00024426,-0.00102924,0.00096452,0.999999
3851,-2.06011,-0.75213,2.49389,-0.00024426,-0.00102924,0.00096452,0.999999
3852,-2.30291,-1.70872,2.65505,-0.00112493,-0.00105886,0.000874229,0.999998
3853,-2.30291,-1.70872,2.65505,-0.00112493,-0.00105886,0.000874229,0.999998
3854,-2.30291,-1.70872,2.65505,-0.00112493,-0.00105886,0.000874229,0.999998
3855,-2.30846,-0.898464,3.24109,-0.000688618,-0.00109287,0.00074866,0.999999
3856,-2.30846,-0.898464,3.24109,-0.000688618,-0.00109287,0.00074866,0.999999
3857,-2.30846,-0.898464,3.24109,-0.000688618,-0.00109287,0.00074866,0.999999
3858,-2.45604,-0.645635,4.19728,-0.000476339,-0.000769044,0.000381316,1
3859,-2.45604,-0.645635,4.19728,-0.000476339,-0.000769044,0.000381316,1
3860,-1.77305,-0.286643,3.56116,-0.000309266,-0.000918012,0.000343013,0.999999
3861,-1.77305,-0.286643,3.56116,-0.000309266,-0.000918012,0.000343013,0.999999
3862,-1.48925,0.291331,2.79605,-0.000310458,-0.000893508,0.000381505,0.999999
3863,-2.02521,0.283833,3.64025,-0.000401464,-0.000945045,5.17895e-05,0.999999
3864,-2.02521,0.283833,3.64025,-0.000401464,-0.000945045,5.17895e-05,0.999999
3865,-2.02521,0.283833,3.64025,-0.000401464,-0.000945045,5.17895e-05,0.999999
3866,-2.02521,0.283833,3.64025,-0.000401464,-0.000945045,5.17895e-05,0.999999
3867,-1.71621,0.368873,2.693,-0.000422999,-0.000874738,-6.0062e-05,1
3868,-1.36263,0.630295,1.79487,-0.000446486,-0.00100596,-0.000401356,0.999999
3869,-1.36263,0.630295,1.79487,-0.000446486,-0.00100596,-0.000401356,0.999999
3870,-1.36263,0.630295,1.79487,-0.000446486,-0.00100596,-0.000401356,0.999999
3871,-1.66416,0.197295,0.945404,-0.000302793,-0.00105253,-0.000306687,0.999999
3872,-1.66416,0.197295,0.945404,-0.000302793,-0.00105253,-0.000306687,0.999999
3873,-1.66416,0.197295,0.945404,-0.000302793,-0.00105253,-0.000306687,0.999999
3874,-1.34596,-0.691788,1.27447,-0.000779797,-0.00130754,-0.000393397,0.999999
3875,-1.34596,-0.691788,1.27447,-0.000779797,-0.00130754,-0.000393397,0.999999
3876,-1.34596,-0.691788,1.27447,-0.000779797,-0.00130754,-0.000393397,0.999999
3877,-0.884199,-1.14677,0.513051,-0.000962316,-0.00132777,-0.000504766,0.999999
3878,-0.884199,-1.14677,0.513051,-0.000962316,-0.00132777,-0.000504766,0.999999
3879,-0.884199,-1.14677,0.513051,-0.000962316,-0.00132777,-0.000504766,0.999999
3880,-1.07011,-0.178503,0.68004,-0.000253717,-0.000927629,-0.00132968,0.999999
3881,-0.875419,0.795226,0.561944,9.3277e-05,-0.00101395,-0.00138197,0.999999
3882,-1.12525,1.76044,0.639104,0.00162699,-0.000977846,-0.000738508,0.999998
3883,-1.33444,0.997401,1.25067,0.0013543,-0.00177611,-0.001923,0.999996
3884,-1.23504,1.9769,1.07546,0.00264281,-0.00174963,-0.000853747,0.999995
3885,-0.749188,1.11291,0.943289,-0.000511841,-0.00306591,-0.00156313,0.999994
3886,-0.914966,0.15248,0.719487,-0.00253226,-0.0028922,-0.00706229,0.999968
3887,-0.717955,-0.825705,0.653602,-0.00554759,-0.00405721,-0.00605869,0.999958
3888,-0.990265,0.135863,0.618466,-0.00767109,-0.00444541,-0.00897268,0.99992
3889,-0.982413,1.13582,0.61307,-0.00889588,-0.00557833,-0.0138972,0.999848
3890,-0.603837,2.06037,0.56966,-0.0103794,-0.00479323,-0.0180992,0.999771
3891,-0.157063,2.94249,0.718846,0.00107236,-0.00652166,-0.0190086,0.999797
3892,-0.747826,2.13717,0.76841,-0.00695468,-0.00543343,-0.0158294,0.999836
3893,-0.906163,2.69493,1.58317,0.00173978,-0.0105391,-0.0182794,0.999776
3894,-1.04085,1.77234,1.94467,-0.00757899,-0.0125244,-0.0213159,0.999666
3895,-1.34993,0.831242,2.08184,-0.0194354,-0.0121493,-0.0197729,0.999542
3896,-1.28542,1.56581,2.7573,-0.00327557,-0.0182373,-0.00657935,0.999807
3897,-1.57403,0.97989,3.51453,-0.00347714,-0.0229832,-0.00209703,0.999728
3898,-1.6491,0.0147272,3.76518,-0.0025804,-0.0236029,0.0013762,0.999717
3899,-1.94514,-0.796722,4.26907,-0.000984943,-0.0229398,0.00371073,0.999729
3900,-2.17013,-1.6703,4.70062,-0.00447097,-0.0220251,0.00427086,0.999738
3901,-2.44844,-2.5754,5.0221,-0.0114746,-0.0165317,0.00387646,0.99979
3902,-2.63635,-3.32576,5.65586,-0.0137722,-0.014309,0.00304324,0.999798
3903,-2.92052,-4.10101,6.21999,-0.0160326,-0.0129097,0.00217867,0.999786
3904,-3.21759,-4.64392,7.00548,-0.0147918,-0.0107821,0.00391375,0.999825
3905,-3.5328,-4.95803,7.901,-0.0120721,-0.0114094,0.00733629,0.999835
3906,-3.86197,-5.27514,8.79044,-0.0109851,-0.0101483,0.0101419,0.999837
3907,-3.98975,-5.45591,9.76563,-0.00948311,-0.0096763,0.0137675,0.999813
3908,-4.19764,-5.66676,10.7208,-0.0127793,-0.00936325,0.0193311,0.999688
3909,-4.46648,-5.95652,11.6394,-0.0130386,-0.00891987,0.0236065,0.999596
3910,-4.66492,-6.02544,12.617,-0.0121613,-0.00927818,0.0257427,0.999552
3911,-4.96882,-6.21292,13.5511,-0.0113397,-0.00959366,0.0270378,0.999524
3912,-5.05147,-6.34823,14.5385,-0.0104401,-0.0100683,0.0285671,0.999487
3913,-5.13156,-6.24969,15.5304,-0.00969499,-0.0102939,0.0270546,0.999534
3914,-5.15572,-6.23518,16.53,-0.0108623,-0.0101753,0.0206458,0.999676
3915,-5.07507,-6.17982,17.5252,-0.00966616,-0.0108457,0.0181065,0.999731
3916,-4.97866,-6.06589,18.514,-0.00346799,-0.0110944,0.0149009,0.999821
3917,-4.98256,-6.0905,19.5137,-0.00346335,-0.0105124,0.0109413,0.999879
3918,-4.92618,-6.18205,20.5079,-0.00545991,-0.0114429,0.00422609,0.999911
3919,-5.11154,-6.84909,21.2295,-0.00502431,-0.0120521,-0.00318025,0.99991
3920,-5.14559,-7.03183,22.212,-0.0056225,-0.0123919,-0.00856791,0.999871
3921,-5.1917,-7.33661,23.1633,-0.00567452,-0.0153345,-0.0131851,0.999779
3922,-5.25525,-7.66228,24.1067,-0.00596722,-0.0190344,-0.0166705,0.999662
3923,-5.37591,-8.04147,25.0241,-0.00843308,-0.0253758,-0.0203112,0.999436
3924,-5.58847,-8.40794,25.9299,-0.0100745,-0.0333095,-0.0220023,0.999152
3925,-5.82492,-8.81536,26.812,-0.0189926,-0.0427336,-0.0226849,0.998648
3926,-5.85108,-9.44466,27.5888,-0.0243227,-0.0443429,-0.0175956,0.998565
3927,-5.87233,-10.06,28.3767,-0.0232356,-0.0408707,-0.0094254,0.99885
3928,-5.95661,-10.5138,29.2638,-0.0198926,-0.0372614,-0.00712237,0.999082
3929,-6.08766,-11.0682,30.0857,-0.0181042,-0.0356916,-0.00692119,0.999175
3930,-6.09277,-11.5897,30.939,-0.0183958,-0.0352619,-0.00493905,0.999197
3931,-6.16436,-12.2657,31.6723,-0.0186147,-0.0354155,-0.00547396,0.999184
3932,-6.40443,-12.639,32.5685,-0.0188849,-0.0364967,-0.00538093,0.999141
3933,-6.56194,-12.8618,33.5305,-0.0211463,-0.0377367,-0.00331343,0.999058
3934,-6.67856,-13.1681,34.4753,-0.0222691,-0.0392836,-0.00178278,0.998978
3935,-6.81044,-13.3393,35.4516,-0.0232839,-0.0421858,-0.000736838,0.998838
3936,-6.99009,-13.3206,36.4352,-0.0209687,-0.0441706,-5.16011e-05,0.998804
3937,-7.18416,-13.2185,37.4109,-0.0192062,-0.0458391,0.00108465,0.998764
3938,-7.36563,-13.1363,38.3908,-0.0182223,-0.0484512,0.00249454,0.998656
3939,-7.52598,-13.216,39.3747,-0.0167284,-0.0490747,0.00556327,0.99864
3940,-7.57076,-13.1702,40.3726,-0.0195298,-0.0478202,0.00591096,0.998648
3941,-7.44253,-13.2936,41.3566,-0.0198011,-0.0476985,0.00455101,0.998655
3942,-7.4485,-13.2548,42.3559,-0.0183435,-0.0473454,0.00403794,0.998702
3943,-7.46332,-13.1227,43.347,-0.0165935,-0.0468566,0.00465499,0.998753
3944,-7.51843,-13.052,44.343,-0.0182912,-0.0453902,0.00445792,0.998792
3945,-7.46524,-13.0563,45.3415,-0.0201729,-0.0464889,0.00213163,0.998713
3946,-7.47853,-13.2754,46.3172,-0.0191315,-0.0474668,0.000321908,0.99869
3947,-7.47284,-13.3207,47.3161,-0.0183882,-0.0508242,-0.00293011,0.998534
3948,-7.40137,-13.3225,48.3136,-0.0171437,-0.0567233,-0.00885253,0.998203
3949,-7.40697,-13.3991,49.3106,-0.0178525,-0.0621113,-0.0146994,0.997801
3950,-7.75836,-13.2277,50.231,-0.0181458,-0.0673217,-0.0172952,0.997416
3951,-7.89703,-13.203,51.221,-0.0184636,-0.0780669,-0.0190348,0.996595
3952,-7.9683,-13.2376,52.2179,-0.0203003,-0.0893943,-0.0175041,0.995636
3953,-7.99822,-13.1698,53.2151,-0.0223596,-0.0960126,-0.0148572,0.995018
3954,-7.87596,-13.2764,54.2019,-0.0256245,-0.0968316,-0.0044253,0.994961
3955,-7.84744,-13.3149,55.2007,-0.0247614,-0.0945925,0.00256128,0.995205
3956,-7.89447,-13.3599,56.1986,-0.0226185,-0.0929943,0.00428954,0.9954
3957,-7.98351,-13.3299,57.1942,-0.0238499,-0.0918142,0.00192482,0.995489
3958,-8.0274,-13.4858,58.181,-0.0243153,-0.0917791,-0.00461349,0.995472
3959,-8.06666,-13.6093,59.1726,-0.0246728,-0.0931107,-0.0165555,0.995212
3960,-8.09495,-13.7249,60.1655,-0.0243011,-0.0955291,-0.0221957,0.994882
3961,-8.25473,-13.7303,61.1526,-0.0217578,-0.0967572,-0.0256814,0.994739
3962,-8.39121,-13.9269,62.1235,-0.021128,-0.0984288,-0.0259244,0.994582
3963,-8.455,-14.1244,63.1018,-0.0225633,-0.100876,-0.0256295,0.994313
3964,-8.68242,-14.1696,64.0745,-0.0232041,-0.101159,-0.0257614,0.994266
3965,-8.80468,-14.428,65.0328,-0.0238859,-0.100395,-0.0201572,0.994457
3966,-8.95758,-14.583,66.0088,-0.0238292,-0.0999399,-0.0164455,0.994572
3967,-9.26278,-14.6094,65.0569,-0.0268063,-0.0977584,-0.0124777,0.994771
3968,-9.42761,-14.9539,65.9811,-0.0267326,-0.0974216,-0.0100139,0.994834
3969,-9.52989,-15.4511,66.8427,-0.025543,-0.0975366,-0.00797283,0.994872
3970,-9.65439,-15.8529,67.7499,-0.0260723,-0.0968611,-0.00373346,0.994949
3971,-9.7375,-16.158,68.6986,-0.0264767,-0.0955287,-0.00152363,0.995073
3972,-9.71842,-15.9479,69.6761,-0.0262169,-0.091616,-0.00204946,0.995447
3973,-9.85721,-16.2112,70.6308,-0.0266908,-0.0899091,-0.00276951,0.995588
3974,-9.77211,-15.216,70.5825,-0.023573,-0.0899449,-0.00599972,0.99565
3975,-9.93553,-14.2317,70.6488,-0.0116485,-0.0877461,-0.00883794,0.996036
3976,-9.96654,-13.2826,70.9624,-0.0175519,-0.088401,-0.0111173,0.995868
3977,-10.0342,-14.1658,71.4266,-0.0178475,-0.0888525,-0.0121426,0.995811
3978,-10.7428,-13.6269,71.8819,-0.0124875,-0.0875972,-0.00911581,0.996036
3979,-10.7328,-14.5956,72.1297,-0.0130727,-0.0879982,-0.00895265,0.995995
3980,-10.7275,-15.4228,72.6916,-0.0127904,-0.0880364,-0.00973103,0.995988
3981,-10.8029,-15.6649,73.6589,-0.0168831,-0.0884308,-0.0054309,0.995924
3982,-10.8218,-16.0484,74.5823,-0.0197324,-0.0884136,-0.00222488,0.995886
3983,-10.8457,-16.3663,75.5301,-0.0211815,-0.0884097,-0.00110605,0.995858
3984,-10.9667,-16.5358,76.5082,-0.0314684,-0.0873078,0.000853273,0.995684
3985,-10.9384,-15.5379,76.5666,-0.00402399,-0.0877695,0.000925801,0.996132
3986,-11.0135,-15.8879,77.5003,-0.0143797,-0.0874473,-0.00307278,0.996061
3987,-11.0964,-16.2544,78.4271,-0.0194639,-0.088107,-0.00866773,0.995883
3988,-11.173,-16.5323,79.3846,-0.0194802,-0.0888005,-0.0110815,0.995797
3989,-11.1918,-16.8278,80.3398,-0.0195176,-0.089376,-0.0112831,0.995743
3990,-11.2443,-17.1308,81.2913,-0.0178001,-0.0883552,-0.0132282,0.995842
3991,-11.3149,-17.3731,82.2589,-0.0146249,-0.0889706,-0.0155356,0.995806
3992,-11.5526,-17.4577,83.2266,-0.0121212,-0.0888911,-0.0165497,0.99583
3993,-11.6092,-17.6647,84.2033,-0.0117248,-0.088784,-0.0158399,0.995856
3994,-11.6316,-17.8767,85.1803,-0.0137775,-0.0887736,-0.0148048,0.995847
3995,-11.6222,-18.1611,86.139,-0.0135423,-0.0892129,-0.0151682,0.995805
3996,-11.7708,-18.3695,87.1057,-0.011013,-0.0893293,-0.0186438,0.995767
3997,-11.8512,-18.4582,88.0985,-0.0107377,-0.0890352,-0.0189415,0.99579
3998,-11.8504,-18.4689,89.0984,-0.01079,-0.0889635,-0.019996,0.995776
3999,-11.9508,-18.6638,90.0741,-0.00948173,-0.0884426,-0.0226766,0.995778
4000,-12.118,-18.7396,91.0571,-0.00512638,-0.0876838,-0.0278504,0.995746
4001,-12.2549,-18.8013,92.0458,-0.00218568,-0.0878022,-0.0304398,0.99567
4002,-12.355,-18.8242,93.0405,0.000663742,-0.0898391,-0.0299261,0.995506
4003,-12.4153,-18.8143,94.0386,0.00243958,-0.0904832,-0.0292342,0.995466
4004,-12.443,-18.7635,95.0369,0.00133524,-0.0908045,-0.0280516,0.995473
4005,-12.4728,-18.7782,96.0364,0.00344061,-0.091204,-0.0275585,0.995445
4006,-12.6114,-18.6463,97.0179,0.00926477,-0.0915788,-0.0241686,0.995461
4007,-13.4459,-18.4687,97.5395,0.0193829,-0.0881518,-0.0164409,0.995783
4008,-13.5456,-17.4795,97.6466,0.0576342,-0.0875276,-0.0150573,0.994379
4009,-13.5239,-17.5456,98.6442,0.0611435,-0.0892607,-0.0121514,0.994056
4010,-13.6637,-17.5405,99.6344,0.0608948,-0.0886604,-0.0128443,0.994116
4011,-13.6893,-17.6462,100.628,0.0586078,-0.0897804,-0.0118645,0.994165
4012,-13.7466,-17.7776,101.618,0.0558985,-0.0915415,-0.0109597,0.994171
4013,-13.8164,-17.9094,102.607,0.0579675,-0.0920776,-0.00874207,0.994025
4014,-13.8882,-18.2425,103.547,0.0614517,-0.0924198,-0.00598672,0.993804
4015,-13.94,-18.5999,104.48,0.0588048,-0.0896381,-0.00775341,0.994207
4016,-13.8862,-18.9713,105.407,0.0577837,-0.0877377,-0.00803285,0.994434
4017,-13.865,-19.5221,106.241,0.056853,-0.0850109,-0.00743434,0.994729
4018,-13.822,-20.0315,107.1,0.0526622,-0.0808082,-0.00644562,0.995317
4019,-13.736,-20.6507,107.881,0.052796,-0.0779357,-0.0077755,0.995529
4020,-13.5638,-19.6934,108.113,0.0554023,-0.0772581,-0.00933931,0.995427
4021,-13.617,-20.351,108.864,0.054433,-0.0775978,-0.00996587,0.995448
4022,-13.6946,-21.1766,109.423,0.0540489,-0.0774668,-0.0104812,0.995474
4023,-13.6245,-21.4335,110.387,0.0513174,-0.0770264,-0.0113275,0.995643
4024,-13.5224,-22.274,110.919,0.051304,-0.0772119,-0.0107457,0.995636
4025,-13.5779,-21.8209,110.03,0.0521189,-0.0765253,-0.0112381,0.995641
4026,-13.5817,-22.2047,110.953,0.0490902,-0.0762477,-0.0112118,0.995817
4027,-13.566,-21.225,111.153,0.084049,-0.0767353,-0.0144687,0.993397
4028,-13.5648,-22.0727,111.684,0.0830192,-0.0766903,-0.0139966,0.993494
4029,-13.4904,-22.7143,112.447,0.0836394,-0.0770259,-0.0121433,0.993441
4030,-13.434,-22.9789,113.41,0.0825801,-0.0773112,-0.0100598,0.99353
4031,-13.4408,-23.7478,114.049,0.0797625,-0.0778366,-0.0107492,0.993712
4032,-13.4815,-24.4283,114.781,0.0809362,-0.0779766,-0.0140297,0.993565
4033,-13.4754,-25.4183,114.922,0.0842801,-0.0781655,-0.0148294,0.993261
4034,-13.4678,-26.4077,115.067,0.0887363,-0.0787564,-0.0152536,0.99282
4035,-13.4568,-27.1347,115.753,0.0943533,-0.0793768,-0.0186005,0.992195
4036,-13.5612,-26.1694,115.993,0.103525,-0.0780028,-0.0191218,0.991379
4037,-13.5886,-25.2723,116.434,0.106033,-0.078313,-0.0196301,0.99108
4038,-13.6808,-24.3101,116.69,0.116865,-0.0774219,-0.022507,0.98987
4039,-13.8107,-23.3578,116.966,0.12074,-0.0776543,-0.0222502,0.989392
4040,-13.7982,-22.4166,117.304,0.13665,-0.0784104,-0.0242916,0.987212
4041,-13.7401,-21.542,116.822,0.132821,-0.0795712,-0.0265981,0.987583
4042,-13.7007,-22.2493,117.528,0.127786,-0.0791035,-0.0315866,0.988137
4043,-13.7583,-21.2712,117.328,0.128316,-0.07837,-0.0339904,0.988047
4044,-13.6303,-22.224,117.604,0.125865,-0.078188,-0.0336264,0.988389
4045,-13.5424,-22.9749,118.258,0.126544,-0.0770343,-0.0330184,0.988414
4046,-13.424,-23.8707,118.687,0.12604,-0.0769385,-0.0299431,0.988584
4047,-13.3902,-23.0086,118.181,0.125286,-0.0772815,-0.0282039,0.988704
4048,-13.3459,-23.9893,118.371,0.125896,-0.0776697,-0.0266883,0.988638
4049,-13.3625,-24.702,119.073,0.126097,-0.0782139,-0.0239582,0.98864
4050,-13.364,-25.306,119.87,0.123998,-0.0791793,-0.0210332,0.988895
4051,-13.3311,-26.1593,120.39,0.124528,-0.0795035,-0.0200849,0.988822
4052,-13.2465,-26.664,121.249,0.124373,-0.078812,-0.0197473,0.988903
4053,-13.2649,-27.4801,121.827,0.121877,-0.0778504,-0.0243778,0.989187
4054,-13.3006,-28.0417,122.653,0.122405,-0.0777338,-0.0263537,0.98908
4055,-13.3188,-28.8681,123.216,0.122148,-0.0776407,-0.0323088,0.988943
4056,-13.3252,-29.2532,124.139,0.122435,-0.0779804,-0.0341439,0.988819
4057,-13.3247,-29.8365,124.951,0.121979,-0.0781862,-0.0358076,0.9888
4058,-13.2677,-30.5976,125.597,0.12106,-0.0780731,-0.0389868,0.988802
4059,-13.2703,-31.1923,126.401,0.121225,-0.0784336,-0.0399174,0.988716
4060,-13.2113,-32.0473,126.917,0.121267,-0.0786401,-0.0391089,0.988727
4061,-13.2209,-32.8206,127.551,0.122346,-0.0787761,-0.0375924,0.988642
4062,-13.2946,-33.5049,128.276,0.123148,-0.0779959,-0.0369629,0.988628
4063,-13.289,-34.0992,129.08,0.121173,-0.0775729,-0.0375457,0.988883
4064,-13.2305,-33.2467,129.599,0.126335,-0.0776802,-0.0387009,0.988184
4065,-13.3144,-34.1777,129.955,0.127223,-0.0775766,-0.0384451,0.988088
4066,-13.3214,-34.7952,130.741,0.122702,-0.0777395,-0.0357991,0.988746
4067,-13.2761,-35.5749,131.366,0.118523,-0.0772657,-0.0365208,0.989267
4068,-13.1976,-34.5861,131.239,0.118317,-0.0771548,-0.0371823,0.989275
4069,-13.4065,-33.7429,131.734,0.14978,-0.0728378,-0.033541,0.985462
4070,-13.4729,-34.7406,131.718,0.150157,-0.0728743,-0.0323908,0.985441
4071,-13.4955,-35.633,132.169,0.153384,-0.0728712,-0.0324514,0.984942
4072,-13.4826,-36.4753,132.708,0.154989,-0.0740777,-0.0301638,0.984673
4073,-13.4345,-37.2582,133.328,0.155785,-0.0744506,-0.0303335,0.984514
4074,-13.4814,-37.8319,134.146,0.154739,-0.0744991,-0.0304584,0.984672
4075,-13.5051,-38.4772,134.909,0.154507,-0.0749215,-0.0317022,0.984637
4076,-13.6919,-39.0365,135.717,0.152975,-0.0739217,-0.0335435,0.98489
4077,-13.5727,-38.1094,136.072,0.153274,-0.0739395,-0.0336098,0.98484
4078,-13.5898,-39.0249,136.474,0.153685,-0.0736786,-0.0355274,0.984729
4079,-13.7291,-38.5228,137.328,0.151914,-0.0735071,-0.0389884,0.984885
4080,-13.8235,-39.3596,137.867,0.153121,-0.0731575,-0.043387,0.98454
4081,-13.5582,-40.303,137.668,0.15174,-0.0736903,-0.0467779,0.984559
4082,-13.6878,-40.8166,138.516,0.150108,-0.0742856,-0.0463377,0.984785
4083,-13.6838,-41.4055,139.324,0.149647,-0.0743518,-0.0454603,0.984891
4084,-13.8002,-42.3345,139.676,0.149996,-0.0743769,-0.0433174,0.984933
4085,-13.8403,-42.97,140.447,0.153978,-0.0747301,-0.0427845,0.984315
4086,-13.6236,-42.375,141.221,0.15988,-0.0749704,-0.0429866,0.983346
4087,-13.683,-41.5911,141.839,0.161742,-0.0748103,-0.0427334,0.983065
4088,-13.9967,-42.4929,142.136,0.155848,-0.0747797,-0.0420415,0.984049
4089,-13.9449,-41.5987,142.581,0.164143,-0.0753775,-0.0415767,0.982673
4090,-14.1114,-42.3127,143.261,0.1621,-0.0752991,-0.0389357,0.983126
4091,-14.1067,-42.7996,144.134,0.161298,-0.075353,-0.038234,0.983282
4092,-14.2276,-43.6185,144.695,0.161487,-0.0753947,-0.0388798,0.983222
4093,-14.4249,-44.3261,145.374,0.161968,-0.0757735,-0.038146,0.983143
4094,-14.471,-44.9282,146.171,0.162164,-0.0759734,-0.0395645,0.983039
4095,-14.5885,-45.5921,146.909,0.162464,-0.0766808,-0.0429012,0.982795
4096,-14.5394,-46.1968,147.704,0.164553,-0.0772332,-0.0452589,0.982298
4097,-14.8529,-46.7743,148.458,0.164987,-0.077165,-0.04582,0.982204
4098,-15.0157,-47.7189,148.743,0.165674,-0.0769933,-0.0479244,0.982002
4099,-15.0392,-48.3706,149.501,0.165823,-0.0769521,-0.0473922,0.982006
4100,-15.0773,-48.8225,150.392,0.165655,-0.0773278,-0.0473165,0.982008
4101,-15.5357,-49.5974,150.828,0.164828,-0.0773832,-0.0470242,0.982157
4102,-15.6992,-50.2021,151.607,0.165124,-0.0774908,-0.0469988,0.9821
4103,-15.8528,-50.8844,152.322,0.165483,-0.0777171,-0.0461109,0.982064
4104,-15.9154,-51.7629,152.796,0.163537,-0.0781684,-0.0431309,0.982489
4105,-16.1256,-52.6364,153.235,0.162957,-0.0779964,-0.0413991,0.982674
4106,-16.1478,-53.4629,153.797,0.162434,-0.0779085,-0.0400552,0.982823
4107,-16.2108,-54.0365,154.614,0.163672,-0.0780996,-0.0398117,0.982612
4108,-16.319,-54.5146,155.485,0.164872,-0.0784151,-0.0373821,0.982482
4109,-16.1965,-55.0438,156.325,0.164807,-0.078804,-0.0359469,0.982515
4110,-16.0701,-54.5545,157.188,0.16477,-0.0787345,-0.035929,0.982528
4111,-16.1958,-55.1423,157.987,0.163096,-0.0781309,-0.036092,0.982849
4112,-16.5972,-56.0515,158.097,0.162737,-0.0779677,-0.0367665,0.982897
4113,-16.6519,-56.6461,158.899,0.164443,-0.0783583,-0.0380531,0.982533
4114,-16.8035,-55.8841,159.529,0.173406,-0.0788606,-0.0358161,0.981034
4115,-16.9504,-55.0543,160.067,0.178797,-0.0781835,-0.0349715,0.980151
4116,-17.7916,-55.224,159.554,0.168452,-0.0706728,-0.0295971,0.982727
4117,-17.7333,-56.1629,159.893,0.168262,-0.0712929,-0.0265387,0.982803
4118,-17.9024,-56.666,160.741,0.169566,-0.071238,-0.0251682,0.982618
4119,-18.2238,-57.2883,161.454,0.168514,-0.0705755,-0.0253614,0.982842
4120,-18.1616,-56.6639,162.233,0.170472,-0.0706138,-0.0249464,0.982513
4121,-18.3836,-57.3314,162.944,0.170383,-0.0703838,-0.0219338,0.982616
4122,-18.4106,-57.9914,163.694,0.170806,-0.0696426,-0.0203134,0.98263
4123,-18.5525,-58.8406,164.203,0.173013,-0.0690444,-0.0188377,0.982316
4124,-18.2171,-59.2921,165.03,0.174819,-0.0689831,-0.0219315,0.981936
4125,-18.4703,-60.1266,165.519,0.174805,-0.0688212,-0.0212335,0.981965
4126,-18.7474,-60.7653,166.237,0.1738,-0.0693074,-0.0205112,0.982125
4127,-18.7301,-61.3795,167.026,0.172787,-0.0702273,-0.0211721,0.982224
4128,-18.9856,-62.3035,167.311,0.171274,-0.0704528,-0.0218707,0.982458
4129,-19.0542,-62.9453,168.074,0.171821,-0.0705481,-0.0212732,0.982369
4130,-19.1945,-63.4389,168.933,0.171311,-0.0706354,-0.0208029,0.982461
4131,-19.2834,-64.1659,169.614,0.170749,-0.070556,-0.0195399,0.982591
4132,-19.4067,-65.0891,169.978,0.169008,-0.0701234,-0.0177497,0.982957
4133,-19.5482,-65.5624,170.847,0.170661,-0.0697215,-0.0171331,0.982711
4134,-19.6523,-64.8185,171.507,0.17942,-0.0703145,-0.0143425,0.981152
4135,-19.9799,-64.0897,172.108,0.186757,-0.0709655,-0.0145337,0.979732
4136,-20.3,-64.6134,172.898,0.190876,-0.0753969,-0.0168578,0.978569
4137,-20.9926,-65.2523,173.233,0.187129,-0.0753505,-0.0228128,0.979175
4138,-21.3873,-64.4587,173.696,0.193096,-0.0739972,-0.0250587,0.978065
4139,-21.5856,-64.9967,174.515,0.190123,-0.0740779,-0.0290197,0.978531
4140,-21.6307,-65.966,174.757,0.189302,-0.0740468,-0.0345963,0.978512
4141,-21.4991,-66.5072,175.587,0.190894,-0.0750556,-0.0397889,0.977928
4142,-21.888,-67.2192,176.172,0.18908,-0.0756395,-0.0462067,0.977953
4143,-21.8468,-67.7874,176.994,0.189732,-0.0775374,-0.0487078,0.977557
4144,-21.8262,-68.4993,177.696,0.191685,-0.0791824,-0.0466412,0.977145
4145,-21.7355,-69.0514,178.525,0.19295,-0.0800611,-0.0418435,0.977041
4146,-21.826,-69.6339,179.332,0.192903,-0.0790444,-0.0376487,0.977304
4147,-21.974,-70.2229,180.127,0.194104,-0.0779574,-0.0298822,0.977422
4148,-21.9822,-70.7524,180.975,0.195609,-0.0768194,-0.0218839,0.977424
4149,-21.9726,-71.5994,181.507,0.195614,-0.0762563,-0.0134367,0.977619
4150,-22.6085,-71.3612,180.773,0.195249,-0.0743515,-0.0122739,0.977854
4151,-22.5053,-72.2845,181.143,0.195536,-0.0743406,-0.0131876,0.977786
4152,-22.5842,-72.953,181.882,0.195412,-0.074528,-0.0166033,0.977744
4153,-22.9234,-72.2324,182.487,0.208362,-0.073048,-0.0206663,0.975101
4154,-22.8758,-72.7918,183.314,0.211926,-0.0757928,-0.0275648,0.973952
4155,-22.9886,-73.5482,183.959,0.212952,-0.0774906,-0.0299202,0.973525
4156,-23.0463,-74.1254,184.773,0.213135,-0.0808711,-0.0324486,0.973129
4157,-22.9926,-74.8006,185.509,0.211967,-0.0821324,-0.0317,0.973303
4158,-23.0338,-73.9942,186.099,0.224803,-0.0826901,-0.0285989,0.970468
4159,-23.1282,-74.7443,186.753,0.223719,-0.0829262,-0.0272754,0.970736
4160,-23.2629,-75.3578,187.532,0.221496,-0.0832226,-0.0226408,0.97134
4161,-23.1739,-76.2484,187.978,0.220111,-0.0837046,-0.0164851,0.971737
4162,-23.0934,-76.8671,188.759,0.218327,-0.0825491,-0.0115306,0.97231
4163,-23.3389,-77.615,189.376,0.217949,-0.0832333,-0.0096514,0.972356
4164,-23.6572,-78.2991,190.032,0.219595,-0.0863322,-0.0103502,0.971709
4165,-23.8989,-78.8903,190.802,0.221721,-0.090832,-0.0165448,0.970729
4166,-24.1233,-79.469,191.586,0.222111,-0.0990499,-0.0276596,0.969583
4167,-24.2511,-80.1164,192.337,0.223934,-0.107092,-0.0385627,0.967935
4168,-24.4272,-80.8651,192.976,0.224955,-0.115933,-0.0533212,0.965977
4169,-25.3408,-80.6908,193.343,0.228995,-0.116369,-0.0588325,0.964655
4170,-26.2336,-80.313,193.589,0.238276,-0.113384,-0.0629479,0.9625
4171,-27.167,-80.3755,193.235,0.234181,-0.105232,-0.0653099,0.964272
4172,-28.1046,-80.3327,193.581,0.236809,-0.10471,-0.0669327,0.963575
4173,-28.57,-79.6151,194.099,0.241563,-0.104159,-0.0692385,0.962291
4174,-28.5673,-78.9432,194.839,0.252432,-0.105915,-0.0653719,0.959576
4175,-28.4992,-79.5843,195.604,0.253343,-0.10681,-0.0632829,0.959377
4176,-28.5628,-80.4313,196.132,0.253274,-0.106381,-0.0554626,0.959927
4177,-29.1183,-81.0755,196.657,0.256239,-0.106004,-0.0482351,0.959572
4178,-28.856,-81.9277,197.11,0.259134,-0.107113,-0.0391598,0.959084
4179,-28.5096,-82.2678,197.984,0.263405,-0.107943,-0.0334506,0.958043
4180,-28.4394,-82.2443,198.982,0.268071,-0.107873,-0.0290324,0.956901
4181,-28.4672,-83.1946,199.292,0.267239,-0.107787,-0.0203001,0.957368
4182,-28.2195,-83.8312,200.022,0.266291,-0.107795,-0.0165691,0.957703
4183,-28.0677,-84.7061,200.482,0.264685,-0.106825,-0.00950515,0.958353
4184,-27.8955,-85.592,200.913,0.265537,-0.107067,-0.00977272,0.958087
4185,-27.6276,-86.3575,201.497,0.265845,-0.107099,-0.0103993,0.957992
4186,-27.714,-87.2934,201.839,0.268202,-0.106247,-0.0142281,0.95738
4187,-27.5237,-88.0261,202.492,0.27095,-0.106891,-0.012106,0.956564
4188,-27.3043,-88.4545,203.369,0.271872,-0.107035,-0.011563,0.956292
4189,-27.4023,-89.2724,203.936,0.270909,-0.106518,-0.0102184,0.956639
4190,-27.7266,-89.9829,204.56,0.269984,-0.103718,-0.013532,0.957167
4191,-27.7343,-90.7763,205.169,0.268192,-0.105443,-0.0217729,0.95733
4192,-28.5293,-90.3455,205.596,0.274237,-0.102028,-0.0275065,0.955839
4193,-29.1434,-89.7539,206.118,0.283669,-0.0994006,-0.0300028,0.953284
4194,-29.1628,-90.4902,206.795,0.283102,-0.101306,-0.0363765,0.95303
4195,-29.3202,-91.4218,207.122,0.281071,-0.103021,-0.0421071,0.953212
4196,-29.2716,-92.172,207.782,0.278605,-0.106169,-0.0414805,0.953618
4197,-29.2935,-92.9573,208.401,0.27627,-0.106357,-0.0395977,0.954356
4198,-29.3238,-93.7581,208.999,0.275785,-0.10713,-0.0407959,0.954359
4199,-29.2505,-94.6451,209.455,0.275867,-0.108914,-0.0429972,0.954037
4200,-29.3247,-95.2155,210.273,0.275433,-0.111253,-0.0444383,0.953826
4201,-29.5465,-96.0031,210.848,0.274981,-0.114004,-0.0457095,0.953572
4202,-29.6513,-96.5466,211.68,0.275094,-0.11646,-0.0463748,0.95321
4203,-29.7677,-97.3348,212.285,0.273844,-0.122072,-0.0488135,0.952746
4204,-29.9067,-98.1695,212.818,0.272838,-0.123784,-0.0487958,0.952815
4205,-29.8774,-98.9343,213.461,0.271313,-0.124293,-0.0454011,0.953352
4206,-29.8253,-99.7725,214.004,0.271641,-0.125111,-0.0427499,0.953274
4207,-29.5293,-100.455,214.672,0.272282,-0.126414,-0.0431028,0.952903
4208,-29.9058,-101.102,215.335,0.273371,-0.126747,-0.0446108,0.952478
4209,-30.1838,-101.912,215.852,0.274372,-0.131773,-0.0534236,0.951053
4210,-30.6574,-102.511,216.498,0.278597,-0.137818,-0.0609914,0.948509
4211,-30.9168,-103.041,217.305,0.279957,-0.145838,-0.0675454,0.946463
4212,-31.383,-102.231,217.662,0.295828,-0.144902,-0.0736727,0.941308
4213,-32.1567,-101.702,218.01,0.299101,-0.144628,-0.0738129,0.940305
4214,-32.9478,-102.2,218.366,0.298028,-0.15013,-0.0773773,0.939496
4215,-33.8194,-101.768,218.597,0.304386,-0.149125,-0.076204,0.937712
4216,-34.5363,-101.332,219.142,0.307923,-0.151753,-0.0771696,0.936055
4217,-35.1659,-102.083,219.339,0.308035,-0.15468,-0.0831343,0.935028
4218,-35.3005,-102.887,219.919,0.309534,-0.160488,-0.0881805,0.93309
4219,-35.6321,-103.598,220.54,0.309516,-0.164146,-0.0899502,0.93229
4220,-35.9597,-102.962,221.239,0.315497,-0.164728,-0.0917617,0.930003
4221,-36.0692,-102.378,222.043,0.320441,-0.165213,-0.0943449,0.927966
4222,-36.6405,-101.918,222.722,0.322183,-0.165894,-0.0977623,0.926887
4223,-36.9972,-101.268,223.394,0.324448,-0.165739,-0.10145,0.925728
4224,-37.5715,-100.728,224.009,0.333124,-0.166265,-0.0980192,0.922918
4225,-37.9349,-100.061,224.659,0.338829,-0.166717,-0.0983266,0.920724
4226,-38.0035,-100.938,225.135,0.340269,-0.172351,-0.104541,0.918468
4227,-38.3827,-101.856,225.015,0.339325,-0.174864,-0.110685,0.917622
4228,-38.5694,-102.71,225.5,0.339746,-0.177999,-0.116159,0.916186
4229,-39.4238,-102.567,225.999,0.341402,-0.181966,-0.120445,0.914235
4230,-39.5695,-103.494,225.654,0.339078,-0.182765,-0.130979,0.913492
4231,-39.647,-102.895,226.451,0.346405,-0.184157,-0.133909,0.910032
4232,-39.808,-103.881,226.42,0.346397,-0.189675,-0.137088,0.908427
4233,-39.9646,-103.137,227.07,0.357798,-0.190417,-0.135793,0.904037
4234,-40.5557,-103.941,227.003,0.353807,-0.189693,-0.144267,0.904447
4235,-40.585,-104.938,226.933,0.354835,-0.191475,-0.14945,0.902826
4236,-40.5478,-105.808,227.424,0.354634,-0.193189,-0.150035,0.902442
4237,-40.3949,-105.272,228.254,0.3713,-0.194132,-0.1533,0.894957
4238,-40.4607,-106.109,228.796,0.372312,-0.19638,-0.151419,0.894367
4239,-40.3756,-107.027,229.183,0.370762,-0.19989,-0.153539,0.893871
4240,-40.4991,-106.252,229.803,0.379236,-0.200705,-0.155247,0.889829
4241,-40.5154,-107.151,230.242,0.380335,-0.203779,-0.159884,0.887838
4242,-40.2767,-106.207,230.015,0.380558,-0.205977,-0.166444,0.886028
4243,-40.5327,-107.162,229.871,0.380265,-0.207718,-0.173371,0.884418
4244,-40.8717,-108.098,229.77,0.380601,-0.210236,-0.181441,0.882056
4245,-41.0595,-108.319,230.727,0.384376,-0.206328,-0.188141,0.879935
4246,-40.848,-108.004,231.653,0.397392,-0.205977,-0.192179,0.873339
4247,-40.6931,-107.586,232.548,0.406294,-0.205565,-0.19458,0.868796
4248,-40.624,-107.316,233.508,0.417192,-0.205486,-0.200946,0.862176
4249,-40.8216,-108.16,234.007,0.417213,-0.205744,-0.202641,0.861707
4250,-41.0265,-109.112,234.235,0.417735,-0.20766,-0.208191,0.859669
4251,-40.7601,-108.19,234.515,0.420725,-0.20947,-0.217263,0.855517
4252,-41.0922,-109.132,234.541,0.422428,-0.212968,-0.228626,0.85084
4253,-41.4813,-109.825,233.933,0.416803,-0.214266,-0.239785,0.850217
4254,-41.9072,-110.489,233.319,0.415243,-0.216379,-0.247137,0.848338
4255,-41.5999,-109.785,233.959,0.415427,-0.218456,-0.25193,0.846303
4256,-42.2568,-110.539,233.941,0.416098,-0.222779,-0.262913,0.841492
4257,-42.3895,-109.548,233.909,0.414815,-0.224682,-0.271343,0.83894
4258,-41.8945,-108.752,233.561,0.416786,-0.228966,-0.278016,0.834609
4259,-41.6767,-108.224,234.382,0.422319,-0.229235,-0.284322,0.829614
4260,-41.3788,-107.28,234.239,0.423252,-0.23108,-0.288733,0.827099
4261,-41.762,-108.198,234.138,0.423535,-0.232265,-0.293959,0.824778
4262,-41.3049,-107.573,234.77,0.424379,-0.232681,-0.300909,0.821715
4263,-42.1074,-107.023,235.002,0.426227,-0.230978,-0.300728,0.821305
4264,-42.7873,-106.343,235.276,0.429816,-0.230582,-0.301825,0.819141
4265,-42.4185,-105.807,236.035,0.437473,-0.233624,-0.313098,0.809942
4266,-42.2016,-105.001,236.587,0.444862,-0.235422,-0.320631,0.802415
4267,-42.2487,-104.318,237.316,0.447831,-0.235452,-0.324618,0.799145
4268,-42.9403,-105.004,237.09,0.448434,-0.237818,-0.332604,0.794811
4269,-42.5993,-104.474,237.866,0.459413,-0.24001,-0.34232,0.783678
4270,-43.439,-104.299,237.352,0.456795,-0.236324,-0.350607,0.782665
4271,-42.6766,-104.62,236.791,0.456187,-0.23904,-0.359188,0.778291
4272,-42.9617,-103.755,237.205,0.456874,-0.239438,-0.363871,0.775586
4273,-42.3864,-102.974,237.449,0.459858,-0.240818,-0.377637,0.766765
4274,-42.4464,-103.958,237.622,0.457902,-0.243897,-0.379704,0.765941
4275,-42.7238,-103.122,238.096,0.461494,-0.244339,-0.380269,0.763359
4276,-42.2731,-102.291,237.77,0.462331,-0.244597,-0.382114,0.761847
4277,-41.7861,-101.939,238.57,0.469595,-0.245719,-0.390381,0.752798
4278,-41.7571,-102.939,238.548,0.471565,-0.24983,-0.395696,0.747419
4279,-41.8007,-103.899,238.824,0.470456,-0.250656,-0.399435,0.745852
4280,-41.4153,-104.792,239.057,0.470103,-0.25432,-0.401017,0.743983
4281,-41.1563,-104.525,239.985,0.475129,-0.254238,-0.40433,0.739008
4282,-41.4848,-105.463,240.095,0.473516,-0.255216,-0.404105,0.739829
4283,-41.0127,-105.083,240.89,0.478489,-0.255166,-0.409742,0.733519
4284,-40.2281,-104.553,241.213,0.48015,-0.254351,-0.417265,0.728458
4285,-39.7151,-104.332,242.042,0.485056,-0.254198,-0.426109,0.720093
4286,-39.0622,-103.762,242.541,0.491546,-0.254702,-0.445557,0.703554
4287,-38.2316,-103.276,242.812,0.487776,-0.257373,-0.466099,0.691798
4288,-37.3146,-102.88,242.86,0.482651,-0.268964,-0.490233,0.674076
4289,-36.5525,-102.278,243.099,0.481666,-0.27221,-0.500118,0.666169
4290,-35.5763,-102.13,243.257,0.476538,-0.276066,-0.517947,0.654546
4291,-34.637,-101.859,243.467,0.472985,-0.281361,-0.538433,0.63813
4292,-33.7024,-101.505,243.505,0.468621,-0.285072,-0.555425,0.625005
4293,-33.9807,-100.666,243.972,0.478531,-0.286406,-0.549354,0.622246
4294,-34.644,-100.164,244.527,0.477136,-0.288517,-0.550906,0.620969
4295,-34.0667,-99.3482,244.49,0.47414,-0.290027,-0.553598,0.620165
4296,-33.4894,-98.5363,244.403,0.468689,-0.292312,-0.556126,0.620974
4297,-33.0889,-97.6671,244.693,0.467493,-0.29271,-0.558451,0.619599
4298,-32.5456,-97.3455,245.469,0.482053,-0.293668,-0.566625,0.600267
4299,-32.9085,-98.2758,245.416,0.478944,-0.29258,-0.572754,0.597464
4300,-32.3273,-98.2383,246.229,0.487123,-0.290036,-0.583852,0.581126
4301,-32.362,-99.1154,245.75,0.483576,-0.28989,-0.59077,0.577156
4302,-32.5945,-100.084,245.841,0.483371,-0.288506,-0.595359,0.573293
4303,-32.5375,-101.065,246.027,0.482841,-0.291367,-0.597145,0.570427
4304,-32.7162,-102.044,246.127,0.482775,-0.293539,-0.597642,0.568848
4305,-32.5869,-102.967,245.766,0.481296,-0.295295,-0.5979,0.56892
4306,-32.6712,-103.475,246.623,0.492913,-0.294823,-0.597438,0.55963
4307,-32.8043,-104.05,247.43,0.50236,-0.294895,-0.596665,0.551962
4308,-33.6628,-104.31,246.988,0.506954,-0.282182,-0.603122,0.547372
4309,-33.3782,-104.513,247.925,0.522398,-0.279874,-0.606063,0.530526
4310,-32.6403,-104.374,248.585,0.529433,-0.27071,-0.618216,0.514029
4311,-31.9068,-103.774,248.905,-0.533841,0.265638,0.630731,-0.496617
4312,-30.9795,-103.44,249.074,-0.530847,0.259337,0.64586,-0.483539
4313,-30.0626,-103.361,249.466,-0.529325,0.255686,0.657524,-0.471276
4314,-29.1866,-103.511,249.924,-0.527054,0.252267,0.670767,-0.456779
4315,-28.248,-103.188,250.044,-0.523018,0.247079,0.6812,-0.448743
4316,-27.442,-102.654,250.3,-0.518319,0.24441,0.68529,-0.44943
4317,-27.2396,-103.303,251.034,-0.523239,0.244414,0.688869,-0.438111
4318,-27.9284,-104.023,250.957,-0.522582,0.244016,0.688567,-0.43959
4319,-28.1578,-104.578,251.757,-0.529561,0.238188,0.68983,-0.432397
4320,-28.8503,-105.257,251.513,-0.52968,0.237231,0.689975,-0.432544
4321,-28.1003,-105.62,252.065,-0.52849,0.232647,0.699704,-0.4207
4322,-27.4948,-106.023,252.751,-0.533831,0.235921,0.709799,-0.394401
4323,-26.6008,-106.233,253.148,-0.532402,0.230777,0.719326,-0.381916
4324,-25.8288,-106.469,253.738,-0.533194,0.226552,0.72716,-0.368262
4325,-26.2695,-105.893,253.049,-0.532011,0.221941,0.732426,-0.362297
4326,-27.0619,-105.44,252.641,-0.531132,0.218405,0.737442,-0.355496
4327,-27.8768,-105.868,252.249,-0.5303,0.217624,0.738784,-0.354429
4328,-27.5997,-106.496,252.976,-0.534024,0.213537,0.744651,-0.338696
4329,-28.4771,-106.963,252.865,-0.531626,0.209351,0.747183,-0.339505
4330,-28.1923,-107.639,253.546,-0.537053,0.208957,0.751742,-0.320615
4331,-28.7123,-108.108,252.832,-0.536369,0.209169,0.752405,-0.320067
4332,-28.0734,-107.464,253.252,-0.536026,0.208795,0.753532,-0.318229
4333,-28.7196,-108.07,252.788,-0.533921,0.209461,0.755964,-0.315551
4334,-28.0061,-107.596,253.304,-0.532169,0.208016,0.759233,-0.311595
4335,-27.1215,-107.944,253.614,-0.529948,0.205453,0.766642,-0.298671
4336,-26.2441,-108.21,254.013,-0.528772,0.204879,0.77959,-0.265829
4337,-25.7155,-107.547,254.544,-0.525573,0.206272,0.783512,-0.259487
4338,-25.7563,-106.958,255.351,-0.524476,0.206921,0.786189,-0.253015
4339,-24.8863,-107.288,255.718,-0.522752,0.206006,0.794103,-0.231715
4340,-23.9937,-106.919,255.977,-0.518462,0.206136,0.799795,-0.221434
4341,-23.0794,-106.98,256.377,-0.517094,0.204581,0.805125,-0.20624
4342,-22.8359,-106.263,257.03,-0.512424,0.203574,0.809583,-0.20138
4343,-21.9241,-106.069,257.392,-0.509092,0.201061,0.812395,-0.201031
4344,-21.497,-106.619,258.11,-0.51524,0.203484,0.811935,-0.184077
4345,-20.6124,-106.812,258.534,-0.514729,0.202031,0.813048,-0.182181
4346,-20.9416,-107.617,259.029,-0.514919,0.201176,0.813642,-0.179928
4347,-20.4767,-107.682,258.146,-0.514477,0.202474,0.813513,-0.180317
4348,-20.3978,-108.44,258.793,-0.519491,0.202938,0.813017,-0.167179
4349,-21.3029,-108.845,258.663,-0.520589,0.204028,0.812951,-0.162699
4350,-22.2446,-109.178,258.617,-0.521539,0.20249,0.813139,-0.16062
4351,-22.5553,-109.439,257.703,-0.517386,0.20064,0.81646,-0.159522
4352,-23.0549,-109.938,256.995,-0.510516,0.197323,0.821681,-0.15899
4353,-23.3932,-110.687,257.565,-0.515759,0.196307,0.820651,-0.148285
4354,-24.1278,-110.978,256.952,-0.516239,0.195043,0.820815,-0.147369
4355,-24.6992,-111.4,256.248,-0.511224,0.18948,0.825841,-0.143994
4356,-25.6627,-111.604,256.074,-0.512049,0.186459,0.826479,-0.141322
4357,-26.6327,-111.579,255.832,-0.512264,0.185124,0.827419,-0.136725
4358,-26.0228,-111.784,256.598,-0.518671,0.187887,0.824353,-0.126967
4359,-26.9688,-111.592,256.86,-0.517876,0.186795,0.826106,-0.120254
4360,-26.53,-111.505,257.754,-0.517805,0.186637,0.827023,-0.11436
4361,-27.3701,-111.094,258.108,-0.51712,0.185588,0.828321,-0.109673
4362,-26.7251,-111.35,258.828,-0.519371,0.185115,0.828329,-0.0992874
4363,-27.5924,-111.376,258.33,-0.520044,0.185092,0.828541,-0.0938863
4364,-26.9053,-111.201,259.036,-0.521826,0.185365,0.828154,-0.0865937
4365,-27.8883,-111.254,258.86,-0.522918,0.183934,0.828127,-0.0832521
4366,-28.8457,-111.258,258.571,-0.524545,0.182919,0.827752,-0.0788634
4367,-29.8204,-111.443,258.445,-0.524949,0.18391,0.827491,-0.0765808
4368,-28.879,-111.314,258.756,-0.525381,0.185512,0.82713,-0.0735955
4369,-29.7196,-110.948,259.156,-0.523728,0.185858,0.828257,-0.0718063
4370,-30.0264,-110.352,259.898,-0.521201,0.185471,0.830312,-0.0673107
4371,-29.6961,-109.785,260.653,-0.521704,0.186299,0.82958,-0.0701045
4372,-28.826,-110.245,260.476,-0.511848,0.186441,0.836106,-0.0646402
4373,-28.588,-109.962,261.405,-0.50532,0.186691,0.839933,-0.0656591
4374,-28.1244,-109.854,262.284,-0.507919,0.188878,0.837825,-0.0662847
4375,-27.6796,-109.832,263.18,-0.509617,0.192213,0.83596,-0.0671967
4376,-28.3728,-109.296,263.662,-0.502066,0.189934,0.841259,-0.0643297
4377,-29.0683,-108.795,264.177,-0.492621,0.185331,0.848382,-0.0567981
4378,-28.6274,-109.091,265.024,-0.495679,0.181269,0.848298,-0.0428361
4379,-29.3967,-108.625,265.46,-0.489927,0.166975,0.855139,-0.0287717
4380,-30.2032,-108.269,265.932,-0.483674,0.158046,0.860723,-0.0153832
4381,-30.8814,-107.805,266.503,-0.475341,0.14623,0.867558,-0.00331825
4382,-30.5142,-107.561,267.4,-0.475709,0.144354,0.867674,-0.00208045
4383,-31.282,-107.102,267.847,-0.465423,0.151444,0.87198,-0.0098329
4384,-31.8119,-106.515,268.46,-0.456319,0.16001,0.87499,-0.023715
4385,-32.3153,-105.703,268.756,-0.45031,0.161966,0.877533,-0.0303817
4386,-32.8513,-104.952,269.141,-0.446805,0.164693,0.878831,-0.0299556
4387,-33.164,-104.423,269.93,-0.446248,0.172369,0.877807,-0.0246211
4388,-33.6334,-103.544,270.018,-0.445314,0.173874,0.878151,-0.0177334
4389,-34.0567,-102.834,270.581,-0.445791,0.176027,0.877536,-0.0146729
4390,-34.5874,-102.277,271.219,-0.446343,0.176724,0.877168,-0.0110658
4391,-35.1094,-101.69,271.838,-0.446828,0.17973,0.876369,-0.00447612
4392,-35.6936,-100.9,272.022,-0.446029,0.179491,0.876835,0.000875762
4393,-35.6852,-100.304,272.825,-0.449995,0.177317,0.87525,-0.00116174
4394,-35.7176,-101.151,273.357,-0.452374,0.182199,0.873016,0.00210117
4395,-36.2987,-101.89,273.696,-0.451868,0.183829,0.872932,0.00332359
4396,-36.7645,-102.679,274.097,-0.452471,0.186336,0.872077,0.00562417
4397,-37.7107,-102.41,274.276,-0.453349,0.183257,0.872291,0.000641445
4398,-38.5497,-101.923,274.519,-0.454781,0.183648,0.87146,-0.00208807
4399,-39.0407,-101.362,275.186,-0.456439,0.188292,0.869594,-0.00402338
4400,-39.577,-100.765,275.783,-0.452789,0.198704,0.869076,-0.0143826
4401,-40.0781,-100.196,276.435,-0.44444,0.207036,0.871131,-0.0271914
4402,-40.6041,-99.5879,277.029,-0.432672,0.216459,0.874186,-0.0417134
4403,-40.7159,-99.0749,277.88,-0.421073,0.228429,0.875656,-0.061193
4404,-40.6236,-98.5985,278.754,-0.417211,0.234498,0.874833,-0.0749213
4405,-41.0035,-98.0084,279.467,-0.402891,0.239969,0.879194,-0.0843359
4406,-40.5656,-98.0438,280.365,-0.409374,0.251716,0.873042,-0.0827654
4407,-40.2694,-97.9765,281.318,-0.407583,0.250296,0.875518,-0.0685309
4408,-40.9568,-97.3929,281.75,-0.393276,0.241857,0.886046,-0.0419657
4409,-41.4245,-96.8098,282.414,-0.38529,0.236775,0.891482,-0.0273546
4410,-41.9357,-96.25,283.067,-0.370165,0.227906,0.900573,-0.00204058
4411,-41.4091,-96.8728,282.488,-0.35336,0.214189,0.910156,0.0295742
4412,-40.9128,-97.4938,281.881,-0.341405,0.205897,0.915681,0.0507677
4413,-41.51,-96.8076,282.297,-0.338154,0.205218,0.916592,0.0582769
4414,-41.9916,-96.012,282.664,-0.335349,0.206251,0.917109,0.062559
4415,-42.2965,-95.0646,282.567,-0.332951,0.212066,0.916987,0.0574966
4416,-42.9558,-94.4169,282.949,-0.331866,0.214833,0.917286,0.0479302
4417,-43.4225,-93.7829,283.566,-0.331192,0.215263,0.917694,0.0425535
4418,-42.8032,-94.5461,283.381,-0.331226,0.214137,0.918207,0.0364768
4419,-43.372,-93.8869,283.873,-0.331403,0.20822,0.919781,0.028643
4420,-43.9879,-93.205,284.267,-0.331835,0.205564,0.920399,0.0222288
4421,-43.4725,-93.8924,283.756,-0.332325,0.205351,0.920314,0.0203222
4422,-44.1264,-93.1534,283.918,-0.331894,0.203943,0.92084,0.0175154
4423,-44.544,-92.2495,283.825,-0.331224,0.204161,0.921051,0.0165623
4424,-43.975,-93.0592,283.681,-0.331575,0.202784,0.921258,0.0148784
4425,-44.6661,-92.3413,283.766,-0.331428,0.202055,0.921541,0.00955891
4426,-45.3547,-91.8745,284.321,-0.333845,0.203287,0.920409,0.00827764
4427,-45.943,-91.1542,284.688,-0.334629,0.203427,0.920098,0.00778704
4428,-46.1007,-90.2418,284.31,-0.334307,0.200341,0.920903,0.00630856
4429,-46.7953,-89.5228,284.286,-0.334409,0.20056,0.920819,0.00622072
4430,-47.0745,-88.6872,283.813,-0.334278,0.201595,0.920643,0.00584804
4431,-47.8093,-88.0966,284.146,-0.335538,0.202839,0.919915,0.00513177
4432,-48.4383,-87.5192,284.667,-0.339158,0.20672,0.917734,0.00175557
4433,-47.9178,-88.3668,284.564,-0.34266,0.211279,0.915392,-0.00143523
4434,-48.6627,-88.1143,285.181,-0.349783,0.214865,0.911856,-0.00199551
4435,-47.9947,-88.7081,284.733,-0.354701,0.216839,0.909481,-0.00347258
4436,-48.9703,-88.5643,284.567,-0.356507,0.218278,0.908409,-0.00710067
4437,-48.3599,-89.217,284.118,-0.362061,0.221674,0.905329,-0.0123153
4438,-48.9493,-89.095,284.917,-0.37111,0.225554,0.900698,-0.0120829
4439,-49.5884,-88.6901,284.263,-0.372657,0.225883,0.899873,-0.0182204
4440,-50.4586,-88.7074,283.771,-0.371948,0.231164,0.8987,-0.0235875
4441,-49.7737,-89.2806,283.321,-0.382853,0.236593,0.892518,-0.0293103
4442,-50.5032,-89.0685,282.67,-0.384917,0.23933,0.890833,-0.031257
4443,-51.2709,-88.8583,282.065,-0.387579,0.238135,0.890096,-0.0283418
4444,-52.0539,-89.0949,281.49,-0.385484,0.240575,0.890508,-0.022821
4445,-52.6717,-88.6466,282.136,-0.400928,0.239063,0.88397,-0.0265151
4446,-53.4467,-88.5417,281.513,-0.400076,0.238072,0.88453,-0.0294571
4447,-54.3887,-88.3954,281.21,-0.412179,0.240772,0.877868,-0.0385323
4448,-55.1457,-88.8162,280.711,-0.407826,0.248156,0.877939,-0.0363235
4449,-54.4534,-89.1858,280.091,-0.418783,0.249183,0.872273,-0.0408551
4450,-55.2979,-89.2164,279.556,-0.419573,0.249555,0.871689,-0.042889
4451,-56.0249,-89.1112,278.878,-0.420545,0.249836,0.871219,-0.0412568
4452,-56.7339,-88.9935,278.182,-0.421957,0.251716,0.870021,-0.0406836
4453,-57.4779,-88.9282,277.517,-0.421295,0.252708,0.869937,-0.0431212
4454,-58.2537,-88.9818,276.889,-0.419229,0.258764,0.868936,-0.0473092
4455,-59.1891,-89.0943,276.553,-0.414322,0.260523,0.870096,-0.0582863
4456,-60.1377,-89.0427,276.241,-0.416177,0.257179,0.869961,-0.0618333
4457,-60.5631,-89.9159,276.479,-0.417651,0.260163,0.868819,-0.0551078
4458,-60.8859,-89.2753,277.176,-0.419931,0.256361,0.869038,-0.0520553
4459,-60.9337,-89.9665,277.897,-0.424247,0.259304,0.866649,-0.0411701
4460,-60.8912,-90.5505,278.708,-0.426599,0.262736,0.864763,-0.0341842
4461,-60.4809,-90.3045,279.586,-0.429903,0.261487,0.863719,-0.0282284
4462,-60.323,-89.8399,280.457,-0.433961,0.257111,0.86319,-0.0218012
4463,-60.1784,-89.4836,281.38,-0.435084,0.248788,0.865226,-0.0137705
4464,-59.9259,-89.3674,282.341,-0.436715,0.248346,0.864614,-0.00684355
4465,-59.7153,-89.2197,283.307,-0.436019,0.25069,0.864315,0.00104708
4466,-60.2327,-88.5566,283.848,-0.427725,0.248665,0.868985,0.00909907
4467,-59.9892,-88.7383,284.801,-0.427746,0.255381,0.866981,0.0125447
4468,-60.3904,-88.0932,285.451,-0.413509,0.254791,0.87398,0.015836
4469,-59.8147,-87.6412,286.132,-0.410387,0.255716,0.875083,0.0205393
4470,-59.2425,-87.403,286.917,-0.40288,0.256702,0.877897,0.033004
4471,-58.5944,-87.1368,287.631,-0.404774,0.250954,0.878136,0.0453427
4472,-57.9632,-86.9046,288.371,-0.401431,0.244664,0.880581,0.0597422
4473,-57.3081,-86.7723,289.115,-0.401548,0.241145,0.880571,0.0721309
4474,-56.7318,-86.7743,289.932,-0.404641,0.241307,0.877005,0.0943306
4475,-56.4785,-86.3276,290.79,-0.394136,0.228442,0.881249,0.125982
4476,-56.9518,-85.7056,291.414,-0.368569,0.221792,0.887963,0.162748
4477,-56.3657,-85.9956,292.17,-0.383504,0.23047,0.87727,0.173798
4478,-57.1352,-86.5839,292.419,-0.383259,0.240829,0.873511,0.179141
4479,-57.0849,-87.382,291.818,-0.384441,0.251199,0.875252,0.151781
4480,-57.2901,-86.6707,291.146,-0.373405,0.246253,0.887335,0.112093
4481,-57.7404,-86.0614,291.799,-0.377116,0.262828,0.885653,0.0657597
4482,-58.5074,-85.4629,291.568,-0.374967,0.272137,0.885642,0.0313039
4483,-58.5633,-85.9443,290.693,-0.378536,0.277833,0.882886,-0.00559018
4484,-57.5848,-86.1429,290.749,-0.394036,0.275901,0.876224,-0.0290811
4485,-58.2526,-85.9868,290.022,-0.38525,0.264977,0.883299,-0.033967
4486,-58.9505,-85.5812,289.431,-0.389473,0.261981,0.882495,-0.029646
4487,-59.6648,-85.2452,288.817,-0.393221,0.258314,0.882251,-0.0168774
4488,-60.3007,-84.7961,288.19,-0.395018,0.257036,0.881914,-0.0110101
4489,-61.1408,-84.2677,288.312,-0.401834,0.255986,0.879173,-0.00745297
4490,-61.6504,-83.7134,288.97,-0.407681,0.254285,0.876977,-0.00678186
4491,-62.2837,-83.0227,289.319,-0.409519,0.254402,0.876089,-0.00650695
4492,-61.5555,-83.6414,289.024,-0.413061,0.254959,0.874282,-0.00285374
4493,-62.2944,-82.9701,288.967,-0.414088,0.255219,0.873723,0.00168153
4494,-61.9023,-83.8707,289.155,-0.41439,0.254011,0.873912,0.00610733
4495,-62.5388,-83.1415,289.406,-0.413472,0.253154,0.874551,0.0106975
4496,-63.3153,-82.6302,289.775,-0.411921,0.252219,0.875446,0.0173446
4497,-63.984,-82.0148,290.192,-0.412452,0.248734,0.876157,0.0190547
4498,-63.3194,-82.7048,289.905,-0.41269,0.244554,0.877253,0.0175071
4499,-63.5149,-83.5836,290.341,-0.41325,0.244948,0.876853,0.0188291
4500,-64.3285,-83.2729,290.832,-0.414838,0.245632,0.87593,0.0179124
4501,-64.618,-82.3176,290.771,-0.41434,0.249177,0.875121,0.0199217
4502,-65.1705,-81.4849,290.736,-0.413816,0.250686,0.874766,0.0264151
4503,-65.5684,-82.1682,291.348,-0.414332,0.253229,0.873605,0.0318946
4504,-66.1341,-81.4456,291.746,-0.414468,0.251369,0.87394,0.0354909
4505,-65.9677,-82.4112,291.945,-0.41538,0.249936,0.873728,0.0398816
4506,-66.4353,-83.2013,292.341,-0.416667,0.254584,0.871233,0.0502849
4507,-66.063,-82.3523,291.967,-0.417917,0.249681,0.872254,0.0466589
4508,-66.7157,-81.6771,292.31,-0.419296,0.252807,0.870823,0.0441244
4509,-66.4014,-80.8347,291.872,-0.419499,0.25088,0.871496,0.03969
4510,-66.4827,-79.8677,291.631,-0.419772,0.251194,0.871208,0.0411022
4511,-67.4268,-79.6451,291.388,-0.415388,0.256902,0.871256,0.0486669
4512,-67.9739,-78.902,291.773,-0.413159,0.259587,0.871245,0.0533581
4513,-67.6047,-79.808,291.98,-0.411692,0.258325,0.871648,0.0633073
4514,-67.8843,-80.5814,292.549,-0.413135,0.264574,0.86824,0.0740253
4515,-68.0136,-79.6015,292.701,-0.412442,0.259661,0.869458,0.0806883
4516,-68.7747,-79.4859,293.34,-0.409851,0.259698,0.870411,0.0834435
4517,-68.3051,-78.642,293.599,-0.413161,0.250526,0.871513,0.0836676
4518,-69.0707,-78.412,294.2,-0.408813,0.254514,0.871787,0.0899027
4519,-69.7809,-78.2893,294.893,-0.406693,0.257165,0.871489,0.0947316
4520,-69.0449,-78.9244,294.658,-0.406629,0.257689,0.871054,0.0975404
4521,-69.6863,-79.3389,295.304,-0.406867,0.259958,0.869963,0.100227
4522,-70.1791,-80.1017,295.723,-0.407149,0.259555,0.869637,0.102916
4523,-70.7429,-79.3362,296.033,-0.407296,0.257376,0.870089,0.103982
4524,-71.0728,-80.1249,296.552,-0.407296,0.259935,0.869124,0.105675
4525,-70.8317,-79.1796,296.332,-0.407946,0.258142,0.869411,0.105199
4526,-71.4509,-78.4372,296.587,-0.407159,0.261171,0.869026,0.10395
4527,-71.89,-79.2068,297.051,-0.406641,0.276068,0.863482,0.113267
4528,-72.4211,-79.9733,297.412,-0.405805,0.280035,0.862274,0.115698
4529,-72.8731,-79.0931,297.557,-0.405576,0.278147,0.862757,0.117442
4530,-73.4334,-79.8106,297.97,-0.404113,0.287809,0.859129,0.125524
4531,-73.6777,-78.87,297.735,-0.403923,0.289676,0.858396,0.126846
4532,-73.3454,-77.9388,297.585,-0.404064,0.290048,0.858298,0.126208
4533,-73.8244,-77.114,297.885,-0.405348,0.289028,0.858058,0.126062
4534,-74.7421,-77.217,298.269,-0.405883,0.289819,0.857445,0.126699
4535,-75.1891,-78.0923,298.453,-0.406116,0.291323,0.856986,0.125598
4536,-75.8819,-78.5824,298.982,-0.406515,0.293781,0.855633,0.12779
4537,-76.542,-79.2389,299.347,-0.406518,0.298165,0.853445,0.132182
4538,-77.2878,-78.8933,299.917,-0.407194,0.299008,0.852783,0.132472
4539,-77.9266,-79.5277,300.352,-0.406459,0.306192,0.849758,0.137657
4540,-77.6082,-78.6044,300.137,-0.406379,0.304913,0.850414,0.136677
4541,-78.004,-79.2501,300.79,-0.407903,0.321841,0.841071,0.150441
4542,-78.7708,-79.7847,301.145,-0.404677,0.333693,0.83582,0.162141
4543,-79.1454,-78.86,301.214,-0.405382,0.332508,0.836182,0.160941
4544,-79.8194,-79.5319,301.521,-0.406463,0.33178,0.835397,0.163772
4545,-80.6618,-79.2005,301.946,-0.408681,0.330273,0.834542,0.165648
4546,-80.6359,-78.2208,302.145,-0.409784,0.329788,0.833756,0.167834
4547,-80.8169,-77.5076,302.822,-0.41011,0.331726,0.832755,0.168187
4548,-80.2476,-76.8056,302.394,-0.409339,0.33236,0.833305,0.166077
4549,-80.8521,-77.2538,303.053,-0.408699,0.336963,0.831046,0.169654
4550,-81.6806,-77.6961,303.396,-0.40634,0.345067,0.827177,0.177752
4551,-82.4141,-78.173,303.881,-0.406079,0.347634,0.825756,0.179936
4552,-81.7409,-77.5188,303.536,-0.406872,0.345532,0.826812,0.177329
4553,-82.0228,-76.6328,303.904,-0.407372,0.345735,0.826632,0.176618
4554,-81.1797,-76.4892,303.386,-0.407195,0.345402,0.826966,0.176116
4555,-80.6565,-75.7089,303.043,-0.406747,0.345256,0.827395,0.175422
4556,-80.1601,-74.9528,302.617,-0.404866,0.349022,0.826709,0.175554
4557,-80.2125,-74.0858,303.112,-0.405009,0.349759,0.826024,0.176975
4558,-79.4532,-73.476,302.885,-0.40634,0.346416,0.827294,0.174551
4559,-78.6589,-72.8917,302.719,-0.405933,0.34815,0.826649,0.175102
4560,-79.4549,-73.3377,303.128,-0.405314,0.351712,0.824795,0.178136
4561,-78.8869,-72.6189,302.727,-0.40526,0.346998,0.828779,0.168768
4562,-78.4313,-71.8287,302.317,-0.407531,0.322678,0.840643,0.15204
4563,-77.8893,-71.1017,301.895,-0.408854,0.310994,0.846756,0.138295
4564,-78.5,-71.7809,302.302,-0.404808,0.341009,0.832451,0.163919
4565,-79.146,-71.0178,302.322,-0.404462,0.348284,0.829601,0.163922
4566,-79.3901,-71.9498,302.054,-0.398725,0.374092,0.821696,0.160901
4567,-79.8643,-72.3756,302.824,-0.397808,0.389609,0.814786,0.161485
4568,-79.3184,-71.6849,302.35,-0.401867,0.375526,0.823452,0.139319
4569,-78.4874,-72.1785,302.607,-0.409925,0.365241,0.82431,0.138108
4570,-79.2165,-71.5152,302.438,-0.411144,0.368426,0.820945,0.14585
4571,-79.0319,-72.2077,301.74,-0.371119,0.342892,0.845962,0.170426
4572,-79.375,-71.484,302.339,-0.373133,0.339691,0.84588,0.172825
4573,-78.5942,-71.7262,301.763,-0.37532,0.334663,0.846343,0.17561
4574,-78.2972,-70.8095,301.496,-0.376439,0.328086,0.851321,0.160952
4575,-78.088,-69.9341,301.06,-0.379582,0.321104,0.853312,0.157064
4576,-77.3899,-69.5049,300.487,-0.38293,0.321826,0.851296,0.158391
4577,-76.9881,-68.8087,299.892,-0.385608,0.301561,0.85991,0.144645
4578,-76.3263,-68.2564,299.385,-0.387865,0.298577,0.860564,0.140863
4579,-77.138,-68.1109,299.951,-0.390149,0.306836,0.856608,0.140917
4580,-77.0859,-67.1745,299.603,-0.391278,0.296359,0.863315,0.117298
4581,-76.4868,-67.7944,299.097,-0.394141,0.297305,0.862551,0.110764
4582,-76.756,-66.8376,298.987,-0.396825,0.295286,0.862736,0.104991
4583,-76.5713,-65.855,299.005,-0.399431,0.291965,0.862777,0.104053
4584,-77.0672,-66.7155,299.121,-0.398462,0.298483,0.860172,0.110639
4585,-76.3833,-67.3631,298.785,-0.400565,0.300977,0.858482,0.109406
4586,-76.0628,-66.484,298.432,-0.402942,0.291622,0.862025,0.0975054
4587,-75.2515,-67.0307,298.225,-0.402764,0.290437,0.862569,0.0969636
4588,-75.7154,-67.4311,299.015,-0.403143,0.292722,0.861403,0.0988658
4589,-75.9961,-68.2344,299.54,-0.403665,0.300914,0.857535,0.105542
4590,-76.309,-69.0023,300.099,-0.404748,0.304609,0.85559,0.106576
4591,-76.7182,-69.7445,300.63,-0.405146,0.302993,0.856468,0.102537
4592,-77.4277,-69.1703,301.039,-0.406509,0.300711,0.85649,0.103673
4593,-77.9735,-69.7812,301.612,-0.407965,0.300796,0.855605,0.105005
4594,-77.6907,-68.8933,301.249,-0.407899,0.297555,0.858206,0.0925302
4595,-77.043,-68.2271,300.879,-0.412572,0.290739,0.858663,0.0891744
4596,-76.4264,-68.8375,300.382,-0.413011,0.290911,0.85848,0.0883435
4597,-75.6341,-69.3931,300.13,-0.415445,0.292074,0.857056,0.0869053
4598,-75.4575,-68.5515,299.62,-0.416125,0.285828,0.859601,0.0789245
4599,-75.0884,-67.7186,299.207,-0.418186,0.286543,0.858423,0.0782505
4600,-75.2354,-66.7572,298.975,-0.418838,0.289545,0.856924,0.0801234
4601,-74.9956,-65.8912,298.536,-0.419886,0.287667,0.85717,0.0787597
4602,-74.8858,-64.9266,298.296,-0.42081,0.285734,0.858154,0.0696154
4603,-75.1387,-65.8096,298.692,-0.421272,0.28537,0.85818,0.0679796
4604,-75.518,-66.6264,299.127,-0.422257,0.297294,0.852701,0.0788472
4605,-75.755,-65.6643,298.992,-0.423045,0.294179,0.854034,0.0715335
4606,-75.8565,-64.67,298.958,-0.425017,0.293077,0.85385,0.0663781
4607,-75.3811,-65.4132,298.487,-0.428144,0.295865,0.851528,0.0636987
4608,-75.8689,-66.2134,298.836,-0.42542,0.313452,0.846013,0.0709041
4609,-76.0688,-65.2964,299.182,-0.426561,0.313622,0.845598,0.0681948
4610,-76.7985,-65.0429,299.817,-0.428417,0.307021,0.847438,0.063605
4611,-77.3271,-65.865,300.028,-0.423571,0.324122,0.843171,0.0677836
4612,-77.7358,-64.995,300.304,-0.42616,0.330351,0.83963,0.0654017
4613,-78.5975,-64.4884,300.276,-0.42678,0.334016,0.837786,0.0663926
4614,-79.0964,-63.717,300.671,-0.426984,0.33599,0.836928,0.0659309
4615,-80.0394,-63.4915,300.916,-0.427376,0.3366,0.836547,0.0651021
4616,-80.6522,-63.6073,301.698,-0.42775,0.337558,0.835938,0.0655187
4617,-81.2901,-63.6686,302.466,-0.428452,0.337454,0.835498,0.0670555
4618,-81.7322,-62.9411,302.99,-0.42878,0.33477,0.836395,0.0672349
4619,-82.414,-62.276,303.295,-0.428063,0.330971,0.838159,0.0686271
4620,-83.0844,-61.6198,303.641,-0.427531,0.326556,0.840101,0.0693412
4621,-83.5887,-62.3544,304.095,-0.426462,0.330884,0.838856,0.0704706
4622,-84.0597,-62.9501,304.746,-0.425018,0.336716,0.83718,0.0714925
4623,-83.521,-62.167,304.435,-0.424824,0.336122,0.837858,0.0673828
4624,-84.3646,-62.1155,304.97,-0.42516,0.337857,0.836909,0.0683786
4625,-84.0801,-61.1748,304.785,-0.425826,0.337309,0.836874,0.0673564
4626,-83.446,-60.6594,304.209,-0.425582,0.338639,0.836437,0.0676562
4627,-84.0109,-60.9121,304.994,-0.424466,0.341453,0.83578,0.0686365
4628,-84.8464,-61.1262,305.5,-0.422354,0.343268,0.83605,0.0693174
4629,-84.4583,-60.2136,305.372,-0.422033,0.34402,0.835919,0.0691162
4630,-85.2786,-60.5747,305.815,-0.420983,0.347968,0.834613,0.0715046
4631,-85.8783,-61.2182,306.291,-0.419266,0.351776,0.833759,0.072902
4632,-86.0494,-62.0528,306.815,-0.419564,0.3521,0.833285,0.0750222
4633,-86.6298,-62.1346,307.625,-0.418412,0.352001,0.833783,0.0763738
4634,-87.2947,-61.4548,307.934,-0.417139,0.347449,0.836244,0.0772675
4635,-86.6203,-61.0966,307.289,-0.41617,0.34743,0.836771,0.0768676
4636,-87.1804,-61.1835,308.113,-0.415842,0.348873,0.836376,0.0764149
4637,-87.2949,-60.1984,307.984,-0.4145,0.350018,0.836624,0.075747
4638,-86.4816,-59.965,307.451,-0.413225,0.349498,0.837548,0.0749029
4639,-87.0457,-60.406,308.149,-0.411755,0.351421,0.837444,0.0751539
4640,-87.4695,-60.9811,308.849,-0.410994,0.357828,0.834899,0.0773783
4641,-87.5604,-60.3271,309.6,-0.410292,0.358741,0.834856,0.0773307
4642,-88.1778,-60.7982,310.23,-0.408311,0.364899,0.832946,0.0795674
4643,-88.8746,-60.1281,310.485,-0.405681,0.364385,0.83439,0.0802476
4644,-89.3854,-60.9347,310.783,-0.403957,0.365514,0.834899,0.0784982
4645,-89.5121,-61.5252,311.58,-0.402695,0.375056,0.830731,0.0839976
4646,-89.626,-60.5361,311.673,-0.402069,0.373785,0.831377,0.0862358
4647,-90.0204,-61.2067,312.302,-0.402599,0.382611,0.825896,0.0970498
4648,-90.119,-62.1412,312.644,-0.401355,0.38334,0.826281,0.0960375
4649,-90.7449,-62.4115,313.375,-0.401033,0.385099,0.825255,0.0991253
4650,-91.2605,-62.9733,314.022,-0.400251,0.393865,0.820526,0.106799
4651,-92.0114,-62.3129,314.023,-0.398605,0.393889,0.820837,0.110414
4652,-92.1732,-62.9653,314.763,-0.400294,0.400891,0.815783,0.116406
4653,-92.6285,-63.4886,315.483,-0.397726,0.414896,0.809124,0.12245
4654,-92.873,-64.2656,316.063,-0.396283,0.420003,0.806253,0.128504
4655,-92.3759,-63.4454,315.78,-0.395909,0.417751,0.807665,0.128132
4656,-93.2112,-63.5519,316.32,-0.393589,0.420436,0.807221,0.129286
4657,-92.8476,-62.7327,315.876,-0.39383,0.418157,0.808278,0.129347
4658,-93.5214,-63.2412,316.413,-0.389865,0.431698,0.801224,0.140295
4659,-94.058,-63.3207,317.253,-0.388003,0.433087,0.801364,0.140375
4660,-94.5971,-63.6022,318.046,-0.38621,0.437065,0.799203,0.145225
4661,-95.2639,-63.1337,318.626,-0.383769,0.436783,0.800204,0.147021
4662,-95.4236,-63.566,319.513,-0.382395,0.444468,0.795863,0.151081
4663,-95.8176,-64.1339,320.236,-0.383437,0.451204,0.789671,0.160655
4664,-96.3576,-63.8895,321.041,-0.381121,0.452204,0.789838,0.162526
4665,-96.2338,-62.8975,321.017,-0.379887,0.449834,0.790162,0.170233
4666,-96.7568,-62.0476,321.081,-0.376778,0.449053,0.791407,0.173391
4667,-95.8499,-61.7268,320.808,-0.375525,0.441688,0.798656,0.161377
4668,-95.3612,-61.2296,321.525,-0.384926,0.441266,0.79519,0.157447
4669,-95.6238,-60.4302,322.065,-0.384351,0.441199,0.795006,0.15995
4670,-95.2068,-59.7519,321.46,-0.382259,0.438124,0.798977,0.153499
4671,-95.1497,-60.7496,321.494,-0.38214,0.435231,0.800481,0.154185
4672,-95.7255,-60.9451,322.288,-0.380615,0.436851,0.800757,0.151927
4673,-96.2807,-60.2229,322.7,-0.380438,0.436545,0.801132,0.151273
4674,-96.6463,-60.1204,323.625,-0.380034,0.436309,0.801858,0.149105
4675,-97.19,-60.6693,324.26,-0.378766,0.439257,0.801048,0.148024
4676,-97.2322,-59.7117,323.975,-0.379025,0.439261,0.801024,0.147479
4677,-97.0544,-58.8441,323.511,-0.378662,0.439453,0.801353,0.146045
4678,-96.3242,-59.4807,323.263,-0.379393,0.440534,0.800439,0.145902
4679,-96.7457,-58.6542,323.636,-0.380275,0.440301,0.800196,0.145647
4680,-96.9575,-57.9985,324.36,-0.38034,0.442245,0.799165,0.145246
4681,-96.4171,-57.346,323.829,-0.38004,0.44042,0.801023,0.141286
4682,-95.9015,-58.1732,323.605,-0.379779,0.441822,0.800387,0.141213
4683,-96.4576,-58.6619,324.278,-0.379652,0.443958,0.799052,0.142411
4684,-95.7086,-58.1148,323.904,-0.379377,0.441478,0.801101,0.139311
4685,-95.2904,-58.3389,323.024,-0.378682,0.442241,0.800953,0.139636
4686,-95.0678,-57.3667,322.951,-0.379284,0.44146,0.800884,0.140857
4687,-95.6811,-56.5918,322.798,-0.378962,0.441933,0.800611,0.141793
4688,-95.6374,-55.6225,322.556,-0.379182,0.442541,0.800248,0.141356
4689,-96.3717,-56.1049,323.034,-0.37892,0.444126,0.799292,0.14249
4690,-96.9226,-56.8285,323.45,-0.378354,0.445093,0.79923,0.141325
4691,-97.6862,-57.0126,324.068,-0.378055,0.446905,0.798268,0.14184
4692,-98.2047,-57.3506,324.854,-0.378199,0.44774,0.79754,0.142915
4693,-98.9091,-56.6449,324.778,-0.378663,0.446934,0.797107,0.146579
4694,-97.9463,-56.9055,324.849,-0.378928,0.447336,0.796171,0.14972
4695,-98.0322,-57.5983,324.133,-0.377439,0.447325,0.796262,0.152996
4696,-98.7049,-58.1078,324.67,-0.374231,0.456125,0.792254,0.155672
4697,-98.0942,-57.3301,324.819,-0.37396,0.456815,0.792088,0.155145
4698,-98.0345,-56.6253,325.526,-0.373918,0.456504,0.792301,0.155077
4699,-97.5836,-56.1319,326.269,-0.377824,0.456355,0.791158,0.151852
4700,-97.5946,-55.559,327.089,-0.377688,0.456689,0.791075,0.151617
4701,-97.5447,-55.0096,327.923,-0.377405,0.458014,0.790698,0.150284
4702,-98.1748,-54.3036,328.246,-0.37528,0.458324,0.792062,0.147452
4703,-98.2456,-54.3489,329.243,-0.372624,0.458881,0.794064,0.141572
4704,-97.8541,-55.2256,328.963,-0.369359,0.458406,0.796847,0.135914
4705,-97.7458,-56.1856,329.222,-0.367466,0.458904,0.798042,0.132308
4706,-98.3704,-55.4054,329.188,-0.366485,0.459781,0.798093,0.131672
4707,-98.9419,-54.5913,329.292,-0.366512,0.459842,0.797933,0.132358
4708,-98.4921,-53.7662,329.634,-0.367901,0.459893,0.796536,0.136666
4709,-99.0201,-52.9243,329.746,-0.366723,0.459072,0.797399,0.13756
4710,-99.9302,-52.5586,329.551,-0.365885,0.459454,0.797615,0.137261
4711,-99.756,-53.3866,329.018,-0.366275,0.455645,0.799609,0.137316
4712,-100.35,-52.6129,329.239,-0.364782,0.452853,0.802326,0.13465
4713,-100.097,-51.7295,329.634,-0.36353,0.447315,0.806647,0.13067
4714,-99.226,-51.5503,330.091,-0.368691,0.442484,0.807773,0.125608
4715,-99.6698,-50.699,330.371,-0.367347,0.439106,0.810339,0.124869
4716,-99.4081,-51.5601,329.935,-0.366586,0.437653,0.811195,0.126637
4717,-99.6266,-50.7118,330.417,-0.366559,0.436683,0.811481,0.128225
4718,-98.9307,-51.0746,329.797,-0.365647,0.441055,0.809113,0.130799
4719,-98.5107,-51.9391,329.521,-0.365017,0.44019,0.809553,0.132737
4720,-99.3254,-51.6303,330.012,-0.364498,0.439654,0.810091,0.132656
4721,-99.1886,-52.4544,329.462,-0.365505,0.439928,0.809709,0.131303
4722,-99.9945,-52.6641,328.908,-0.364912,0.442188,0.809879,0.124114
4723,-100.827,-53.0541,328.516,-0.354836,0.452294,0.809257,0.120931
4724,-101.448,-53.3498,327.79,-0.353133,0.456387,0.809385,0.109103
4725,-102.392,-53.0212,327.829,-0.355802,0.458551,0.807554,0.104844
4726,-102.711,-52.2369,328.361,-0.355064,0.459546,0.80747,0.103634
4727,-102.937,-51.4144,328.883,-0.352994,0.455373,0.810543,0.105127
4728,-103.021,-51.5817,329.866,-0.354651,0.458382,0.807447,0.110171
4729,-103.28,-52.2073,329.13,-0.35405,0.456605,0.808278,0.113344
4730,-103.775,-51.461,329.574,-0.352379,0.454394,0.809921,0.11569
4731,-103.377,-52.3578,329.381,-0.351092,0.446839,0.813982,0.120424
4732,-103.104,-52.1347,330.317,-0.350295,0.443031,0.816053,0.122779
4733,-102.812,-53.0241,329.965,-0.346986,0.439395,0.818859,0.1265
4734,-103.319,-52.1798,330.137,-0.345201,0.436015,0.82097,0.129367
4735,-103.694,-51.308,330.452,-0.342965,0.436075,0.821573,0.131268
4736,-103.756,-50.4261,330.92,-0.344137,0.437147,0.821127,0.127369
4737,-103.962,-49.5224,331.295,-0.346351,0.438329,0.82081,0.11908
4738,-104.634,-48.8012,331.127,-0.345618,0.441743,0.82071,0.108837
4739,-104.892,-47.8971,331.468,-0.347203,0.443706,0.819589,0.104158
4740,-105.366,-47.0455,331.692,-0.348066,0.443999,0.819452,0.101068
4741,-106.033,-46.4087,332.079,-0.348716,0.44463,0.819081,0.0990342
4742,-106.366,-46.4558,333.021,-0.344255,0.45435,0.815954,0.0962944
4743,-106.727,-45.5873,333.36,-0.340907,0.45766,0.815596,0.0955614
4744,-107.113,-44.6838,333.547,-0.337094,0.458754,0.81705,0.091333
4745,-106.841,-43.8787,333.019,-0.336829,0.455633,0.819486,0.0859464
4746,-107.001,-44.2405,333.938,-0.340243,0.458926,0.815674,0.0910957
4747,-107.212,-43.3756,334.393,-0.338863,0.459403,0.815471,0.0955397
4748,-107.408,-42.5224,334.876,-0.33797,0.457838,0.816464,0.0977123
4749,-107.603,-42.9396,335.764,-0.339004,0.46158,0.813535,0.100899
4750,-107.922,-42.8415,336.707,-0.338111,0.463077,0.813052,0.10093
4751,-108.515,-42.0473,336.842,-0.3379,0.46194,0.813653,0.102002
4752,-108.672,-41.0638,336.931,-0.3373,0.461391,0.814242,0.101768
4753,-108.767,-40.0929,337.151,-0.33779,0.45817,0.815503,0.104562
4754,-109.151,-39.2242,337.465,-0.338299,0.458402,0.815204,0.104232
4755,-109.453,-38.2714,337.439,-0.338377,0.459485,0.814877,0.101739
4756,-109.794,-37.4486,337.894,-0.338838,0.45963,0.815111,0.0975836
4757,-110.513,-36.7626,338,-0.337984,0.460435,0.815762,0.0911004
4758,-110.967,-35.8722,338.041,-0.339784,0.461277,0.815409,0.0829366
4759,-110.653,-36.76,337.704,-0.342146,0.461605,0.814496,0.0803348
4760,-110.938,-35.8013,337.699,-0.34152,0.460229,0.815969,0.0758089
4761,-111.15,-34.858,337.955,-0.340279,0.459468,0.817079,0.0740376
4762,-111.636,-35.1833,338.766,-0.337223,0.463613,0.816202,0.0718194
4763,-111.865,-34.2885,339.149,-0.336312,0.462261,0.817225,0.0731626
4764,-111.442,-35.1352,339.471,-0.33566,0.462826,0.816913,0.0760097
4765,-111.602,-34.2031,339.796,-0.33485,0.46204,0.817758,0.0752771
4766,-111.398,-33.234,339.658,-0.335504,0.459451,0.818952,0.075234
4767,-111.112,-32.2803,339.566,-0.336543,0.456323,0.820142,0.0766484
4768,-111.283,-31.3771,339.959,-0.335791,0.457773,0.819578,0.0773306
4769,-111.824,-30.6401,340.364,-0.334596,0.457522,0.820296,0.0763829
4770,-112.023,-30.9853,341.281,-0.333089,0.4629,0.818064,0.0744788
4771,-112.369,-30.0682,341.479,-0.330879,0.462232,0.819508,0.072568
4772,-112.667,-29.1301,341.656,-0.329893,0.46192,0.820026,0.073199
4773,-112.376,-28.18,341.543,-0.331016,0.46056,0.820152,0.0752567
4774,-112.569,-27.2285,341.783,-0.330596,0.461546,0.819527,0.0778279
4775,-112.116,-26.3411,341.701,-0.331383,0.461938,0.818692,0.0808772
4776,-112.417,-25.4178,341.939,-0.333817,0.460745,0.817603,0.0883475
4777,-112.806,-24.5107,342.101,-0.333799,0.457995,0.818668,0.092747
4778,-113.182,-23.6424,342.424,-0.333555,0.457319,0.818585,0.0975619
4779,-113.527,-22.7067,342.498,-0.333153,0.454672,0.819735,0.101574
4780,-114.014,-21.9065,342.849,-0.331719,0.454256,0.820351,0.103141
4781,-113.758,-20.9438,342.938,-0.332861,0.450581,0.82173,0.104595
4782,-114.307,-20.1404,343.169,-0.332375,0.44914,0.822564,0.105772
4783,-114.533,-19.1962,343.409,-0.330203,0.449082,0.823285,0.107205
4784,-114.853,-18.254,343.506,-0.329354,0.446589,0.825337,0.104415
4785,-114.822,-17.4019,342.984,-0.328003,0.448062,0.825635,0.0999086
4786,-114.559,-16.483,342.69,-0.328812,0.444211,0.827839,0.0961382
4787,-114.932,-15.5574,342.754,-0.328353,0.444196,0.827814,0.0979711
4788,-115.511,-15.7398,343.549,-0.327792,0.446434,0.826412,0.101452
4789,-116.002,-16.2561,344.25,-0.328211,0.453789,0.821358,0.108277
4790,-116.483,-16.6111,345.052,-0.328194,0.461797,0.816013,0.114693
4791,-116.857,-16.9802,345.903,-0.329267,0.471155,0.809185,0.12172
4792,-116.308,-16.4344,345.27,-0.329937,0.466554,0.811535,0.121985
4793,-116.052,-15.5795,344.818,-0.329591,0.46703,0.811197,0.123336
4794,-116.398,-15.8598,345.713,-0.330158,0.4734,0.80651,0.128182
4795,-116.809,-16.3192,346.501,-0.329723,0.476145,0.80484,0.129618
4796,-117.317,-15.9969,347.3,-0.327241,0.481642,0.801616,0.135448
4797,-117.852,-16.0636,348.142,-0.319157,0.494065,0.797209,0.136001
4798,-118.265,-16.3899,348.992,-0.318509,0.50027,0.792891,0.140021
4799,-118.9,-16.7069,349.697,-0.315099,0.506863,0.789984,0.140455
4800,-119.597,-16.914,350.384,-0.313124,0.510758,0.78823,0.140616
4801,-120.195,-17.2045,351.13,-0.309892,0.513381,0.788543,0.136408
4802,-120.614,-17.4208,352.012,-0.309043,0.51716,0.786452,0.136132
4803,-121.381,-17.554,352.64,-0.306491,0.522069,0.784141,0.136489
4804,-122.01,-17.1903,353.327,-0.30565,0.524252,0.782933,0.136946
4805,-122.581,-17.2525,354.146,-0.305073,0.527679,0.780589,0.138444
4806,-122.449,-16.3959,353.647,-0.304892,0.528838,0.779724,0.139286
4807,-122.942,-16.6831,354.468,-0.304108,0.535349,0.775145,0.141669
4808,-123.18,-15.9676,355.124,-0.304579,0.535732,0.774514,0.142658
4809,-123.188,-14.9965,355.363,-0.304863,0.536401,0.773843,0.143177
4810,-123.555,-14.4859,356.141,-0.304581,0.53698,0.773404,0.143974
4811,-124.179,-14.6969,356.893,-0.304313,0.541346,0.769789,0.147523
4812,-124.15,-13.6985,356.843,-0.303909,0.541242,0.770303,0.14605
4813,-124.147,-12.7027,356.935,-0.30353,0.541496,0.770676,0.143912
4814,-124.53,-11.8191,357.205,-0.304251,0.540005,0.771426,0.143973
4815,-125.428,-11.54,357.545,-0.304246,0.541664,0.769763,0.146624
4816,-125.422,-10.54,357.549,-0.304177,0.542017,0.769073,0.149061
4817,-125.602,-9.58042,357.765,-0.305312,0.540429,0.768775,0.153969
4818,-126.278,-9.74103,358.484,-0.304336,0.5443,0.765697,0.157562
4819,-126.806,-9.04219,358.967,-0.305126,0.543802,0.765468,0.158858
4820,-126.688,-8.05173,358.896,-0.305265,0.543952,0.765435,0.158236
4821,-126.488,-7.1125,358.617,-0.307106,0.542906,0.764789,0.161359
4822,-126.356,-6.16042,358.893,-0.307999,0.542879,0.764738,0.159986
4823,-126.173,-5.17765,358.864,-0.307977,0.544006,0.764491,0.157357
4824,-127.028,-5.08841,359.376,-0.308586,0.544826,0.763358,0.158822
4825,-127.472,-4.22165,359.149,-0.308563,0.544941,0.762781,0.161222
4826,-127.556,-3.23053,359.252,-0.309847,0.543387,0.762566,0.164981
4827,-127.107,-2.58908,359.874,-0.314798,0.544239,0.759368,0.16753
4828,-127.204,-1.59633,359.945,-0.311643,0.542069,0.759497,0.179455
4829,-126.278,-1.41806,360.277,-0.315701,0.538546,0.760474,0.178832
4830,-125.829,-0.65541,360.743,-0.316794,0.537487,0.759312,0.184919
4831,-126.412,-0.637375,361.555,-0.312902,0.543606,0.75547,0.189341
4832,-125.945,0.196037,361.26,-0.315536,0.536418,0.757257,0.198127
4833,-126.574,0.0268129,362.019,-0.312887,0.542497,0.753674,0.199433
4834,-127.251,0.183663,362.737,-0.312597,0.543038,0.753651,0.198501
4835,-126.973,1.03786,362.298,-0.311594,0.545582,0.753032,0.195425
4836,-126.839,1.94414,362.699,-0.312011,0.548867,0.751189,0.192638
4837,-126.8,2.93971,362.614,-0.312808,0.551912,0.750087,0.186854
4838,-127.261,3.71042,363.053,-0.316737,0.554141,0.746993,0.186031
4839,-126.751,4.52514,362.778,-0.31801,0.554974,0.745925,0.185659
4840,-126.626,5.49857,362.97,-0.319354,0.554996,0.745109,0.186559
4841,-127.332,5.32164,363.655,-0.316581,0.562481,0.739805,0.18995
4842,-126.613,5.95364,363.365,-0.315874,0.562815,0.740029,0.189259
4843,-125.81,6.53551,363.237,-0.317026,0.561998,0.739917,0.190197
4844,-125.77,7.53076,363.149,-0.318658,0.560026,0.739564,0.194607
4845,-125.312,8.26533,363.649,-0.323418,0.558681,0.73758,0.198123
4846,-124.976,9.14494,363.987,-0.3245,0.55797,0.736915,0.200813
4847,-124.953,9.68912,364.825,-0.324729,0.560176,0.733767,0.205767
4848,-124.889,10.6713,365.002,-0.323539,0.557462,0.733567,0.215496
4849,-124.756,11.5546,365.452,-0.323452,0.552721,0.733756,0.226895
4850,-124.108,11.7045,366.198,-0.329521,0.553233,0.729316,0.231185
4851,-123.236,12.0897,366.5,-0.344937,0.542126,0.730495,0.231288
4852,-122.635,12.5676,367.142,-0.345923,0.536839,0.729562,0.244707
4853,-122.459,11.5851,367.082,-0.340303,0.529095,0.731585,0.262749
4854,-121.706,11.9596,367.624,-0.354971,0.519718,0.732046,0.260763
4855,-121.04,11.5049,367.031,-0.342754,0.520812,0.739001,0.255249
4856,-120.266,11.463,366.4,-0.333766,0.518338,0.746977,0.248899
4857,-119.45,11.8219,365.947,-0.323985,0.517651,0.754909,0.239132
4858,-118.821,11.3568,365.324,-0.308992,0.530922,0.755244,0.228587
4859,-118.405,11.9766,364.659,-0.303248,0.536591,0.756414,0.21897
4860,-117.991,12.5519,363.953,-0.299539,0.539679,0.757547,0.212471
4861,-118.622,12.365,364.706,-0.2963,0.549146,0.751942,0.212669
4862,-119.131,11.6641,364.207,-0.291192,0.557745,0.745863,0.218667
4863,-118.615,12.272,364.81,-0.293659,0.558166,0.744728,0.218163
4864,-118.629,13.2516,365.01,-0.296177,0.55793,0.744268,0.216929
4865,-119.413,12.8374,365.473,-0.293447,0.562846,0.741946,0.215893
4866,-119.837,12.5739,366.339,-0.292385,0.575766,0.732205,0.216517
4867,-119.471,13.4043,366.76,-0.297498,0.56485,0.738644,0.216436
4868,-119.227,14.2474,367.239,-0.298116,0.56057,0.740247,0.221184
4869,-118.859,15.114,367.576,-0.301177,0.553899,0.741848,0.228364
4870,-118.091,15.3599,368.167,-0.308775,0.551971,0.738616,0.233306
4871,-117.802,16.2379,368.549,-0.311696,0.551017,0.736831,0.237286
4872,-117.646,17.1894,368.814,-0.313423,0.549591,0.737,0.237795
4873,-117.676,18.1507,369.088,-0.314807,0.546926,0.738504,0.237447
4874,-118.184,17.994,369.934,-0.313385,0.553995,0.733739,0.237711
4875,-117.963,18.9673,369.997,-0.315363,0.550651,0.734892,0.239299
4876,-117.588,19.8825,370.144,-0.316924,0.548792,0.735045,0.24103
4877,-117.294,20.8064,370.388,-0.317798,0.54941,0.73429,0.240773
4878,-117.241,21.7064,370.821,-0.318771,0.552764,0.73281,0.236277
4879,-118.138,21.3075,371.007,-0.31322,0.56575,0.725121,0.236686
4880,-119.084,21.0849,371.245,-0.307163,0.578275,0.716449,0.240727
4881,-118.685,21.6264,370.505,-0.305123,0.584774,0.713391,0.23667
4882,-119.567,21.2598,370.801,-0.302026,0.595811,0.704383,0.240069
4883,-120.188,21.9944,370.527,-0.303395,0.597659,0.702369,0.239652
4884,-121.084,21.5614,370.429,-0.300471,0.602819,0.699111,0.239939
4885,-121.719,22.1693,369.952,-0.303384,0.604897,0.696445,0.238793
4886,-121.667,23.1621,370.06,-0.305693,0.606765,0.695041,0.235171
4887,-122.499,23.7037,369.937,-0.306796,0.60958,0.692538,0.233834
4888,-123.197,24.3396,369.608,-0.305891,0.612691,0.69108,0.231191
4889,-122.43,24.7763,370.078,-0.314297,0.611418,0.690682,0.224374
4890,-122.205,25.7004,370.387,-0.31768,0.610332,0.690207,0.224029
4891,-121.523,26.4211,370.512,-0.321723,0.608222,0.689527,0.226083
4892,-120.738,26.846,370.963,-0.329316,0.605522,0.688795,0.224624
4893,-121.72,26.7233,370.821,-0.33182,0.605892,0.685541,0.229834
4894,-122.699,26.5532,370.71,-0.33175,0.609946,0.680082,0.235362
4895,-123.641,26.2183,370.735,-0.327393,0.617918,0.674671,0.236243
4896,-124.074,25.3799,371.066,-0.326172,0.626374,0.671256,0.225129
4897,-125.024,25.1223,370.892,-0.31885,0.634021,0.668641,0.221974
4898,-125.351,24.1964,370.701,-0.316899,0.635033,0.67252,0.209819
4899,-125.308,24.9017,369.993,-0.309981,0.638989,0.676476,0.194896
4900,-125.829,24.2005,370.48,-0.301534,0.643914,0.680184,0.178332
4901,-126.284,23.8432,371.296,-0.297402,0.649534,0.678307,0.171923
4902,-125.743,24.6328,371.586,-0.29738,0.648497,0.679803,0.169953
4903,-126.157,24.9509,372.439,-0.292676,0.651254,0.679578,0.16847
4904,-125.468,24.3895,371.981,-0.283771,0.652216,0.683218,0.165234
4905,-125.08,25.1208,372.542,-0.281227,0.652622,0.68466,0.161978
4906,-125.189,26.1028,372.696,-0.275935,0.650862,0.687701,0.165246
4907,-124.631,25.5365,372.09,-0.268053,0.652803,0.688164,0.168601
4908,-124.949,26.2366,372.729,-0.258323,0.655197,0.68848,0.173154
4909,-124.075,26.6184,373.029,-0.265952,0.652774,0.687005,0.17658
4910,-123.363,27.1929,373.433,-0.270475,0.650549,0.685408,0.18397
4911,-122.439,27.373,373.77,-0.273423,0.647448,0.686418,0.186767
4912,-121.512,27.6527,374.022,-0.277858,0.64351,0.687995,0.188023
4913,-120.562,27.9635,374.012,-0.286839,0.633229,0.694016,0.187311
4914,-120.528,28.939,374.23,-0.27662,0.630967,0.697634,0.196644
4915,-119.577,29.2465,374.245,-0.280774,0.622797,0.70528,0.189393
4916,-118.722,29.6335,374.591,-0.279759,0.625045,0.704789,0.185272
4917,-117.853,29.9174,374.997,-0.275321,0.628567,0.704178,0.182305
4918,-116.915,30.2126,375.178,-0.270011,0.630889,0.704571,0.180701
4919,-116.15,30.3921,375.796,-0.272822,0.636454,0.699706,0.175801
4920,-115.479,30.8105,376.409,-0.27048,0.640676,0.697033,0.174699
4921,-114.499,30.9775,376.301,-0.273253,0.634702,0.703777,0.164872
4922,-113.562,31.3194,376.372,-0.275089,0.631321,0.707079,0.160618
4923,-113.315,32.2132,376.745,-0.270239,0.630386,0.709,0.164024
4924,-113.18,33.0769,377.231,-0.26659,0.630233,0.710139,0.165647
4925,-113.186,34.0731,377.318,-0.263867,0.628115,0.711858,0.1706
4926,-113.309,34.892,377.879,-0.259819,0.626338,0.714357,0.172881
4927,-112.999,35.1348,378.797,-0.262602,0.631882,0.708428,0.172905
4928,-112.341,35.6197,379.374,-0.263548,0.63182,0.707648,0.174871
4929,-112.377,36.5424,379.758,-0.257556,0.632366,0.708381,0.178813
4930,-111.79,36.7202,380.548,-0.258721,0.650549,0.693897,0.168395
4931,-112.365,35.9239,380.361,-0.247268,0.65701,0.692402,0.166661
4932,-111.514,36.2866,380.74,-0.241287,0.661314,0.692135,0.15935
4933,-111.145,37.1706,381.028,-0.23418,0.663078,0.693784,0.155405
4934,-111.425,37.9177,381.631,-0.227197,0.665176,0.694778,0.152335
4935,-111.837,38.6315,382.197,-0.218964,0.666897,0.696279,0.149994
4936,-110.938,38.9141,382.532,-0.223061,0.664911,0.69702,0.14933
4937,-111.284,39.3409,383.368,-0.218316,0.665228,0.698306,0.148925
4938,-111.27,40.3404,383.396,-0.213827,0.664871,0.69878,0.154696
4939,-111.05,41.1632,383.92,-0.204175,0.669064,0.697869,0.153769
4940,-110.777,42.0626,384.261,-0.20056,0.666213,0.701693,0.153502
4941,-110.479,41.4301,383.546,-0.190072,0.669045,0.702778,0.149513
4942,-110.235,40.7373,382.868,-0.178477,0.675181,0.70061,0.146364
4943,-109.283,40.8839,383.138,-0.178774,0.678227,0.698541,0.141735
4944,-109.004,41.841,383.215,-0.175195,0.679509,0.697867,0.143374
4945,-108.062,41.5408,383.064,-0.174874,0.679491,0.698252,0.141966
4946,-107.727,42.4678,383.233,-0.173361,0.678918,0.698619,0.144737
4947,-107.625,43.4055,383.565,-0.173509,0.678044,0.698595,0.148714
4948,-106.869,43.7821,384.101,-0.17568,0.675849,0.699587,0.15147
4949,-106.875,43.8885,385.095,-0.175288,0.681823,0.693973,0.150976
4950,-106.986,44.8823,385.084,-0.169871,0.680245,0.69571,0.1562
4951,-106.607,45.7684,385.351,-0.168234,0.678356,0.697192,0.159544
4952,-106.112,46.628,385.48,-0.168485,0.675788,0.698803,0.163086
4953,-105.491,47.4103,385.525,-0.168837,0.675288,0.698703,0.165206
4954,-105.283,48.3873,385.48,-0.164837,0.676065,0.698707,0.166053
4955,-104.471,48.8894,385.778,-0.175348,0.672212,0.701866,0.157381
4956,-103.706,49.437,386.117,-0.178099,0.668796,0.704176,0.158521
4957,-103.612,49.669,387.085,-0.178088,0.672687,0.700631,0.157776
4958,-103.29,50.6059,387.223,-0.178799,0.669127,0.702815,0.162329
4959,-102.331,50.8563,387.09,-0.186458,0.662907,0.706782,0.162009
4960,-102.243,50.9363,388.083,-0.187859,0.669079,0.700915,0.160501
4961,-103.017,50.3625,387.815,-0.182325,0.671114,0.699375,0.165042
4962,-102.514,51.1587,388.15,-0.178517,0.67285,0.699077,0.163389
4963,-102.304,52.1183,388.338,-0.170061,0.675915,0.698927,0.160373
4964,-102.413,53.061,388.653,-0.15825,0.678488,0.699952,0.157093
4965,-101.741,53.4339,389.293,-0.152664,0.67759,0.702145,0.156708
4966,-101.575,54.2815,389.797,-0.145025,0.675302,0.705453,0.158966
4967,-100.695,54.6328,390.117,-0.147771,0.672554,0.706762,0.162242
4968,-99.7201,54.835,390.027,-0.155462,0.666818,0.710252,0.163487
4969,-99.3885,54.9647,390.962,-0.165251,0.674765,0.699315,0.168353
4970,-98.4746,55.3577,390.86,-0.186371,0.664078,0.700139,0.184589
4971,-98.2507,56.2678,391.209,-0.182035,0.663305,0.700879,0.188835
4972,-97.9376,57.1741,391.493,-0.173102,0.667169,0.700033,0.186748
4973,-97.0579,57.5802,391.74,-0.166258,0.67153,0.700767,0.174159
4974,-97.3085,58.2714,392.418,-0.151825,0.67845,0.700253,0.162176
4975,-98.2747,58.4123,392.634,-0.144147,0.68246,0.699488,0.155517
4976,-97.7391,59.1162,392.167,-0.140482,0.682898,0.70105,0.149812
4977,-98.5561,59.6619,391.981,-0.133845,0.681067,0.704022,0.150285
4978,-99.0192,59.7631,392.861,-0.131144,0.684137,0.702051,0.147929
4979,-98.5209,60.5623,392.525,-0.131742,0.682621,0.703656,0.14677
4980,-98.0187,61.4179,392.651,-0.129807,0.685773,0.70105,0.146269
4981,-98.4429,61.7329,393.5,-0.125582,0.689288,0.698853,0.143929
4982,-98.6906,61.9111,394.452,-0.122299,0.694165,0.695511,0.139434
4983,-98.7812,62.0471,395.439,-0.119758,0.702193,0.688668,0.135347
4984,-99.2048,62.3351,396.297,-0.117469,0.704681,0.686506,0.13541
4985,-98.8608,63.0685,395.711,-0.117079,0.701912,0.689686,0.133961
4986,-99.118,63.3919,396.622,-0.11144,0.706227,0.686897,0.130376
4987,-99.4657,63.8518,397.439,-0.104014,0.713986,0.680443,0.128073
4988,-99.5867,64.5588,398.136,-0.098443,0.71989,0.675343,0.126411
4989,-99.0321,64.6083,398.966,-0.0998617,0.729611,0.665334,0.122577
4990,-99.1842,65.4117,399.542,-0.0940229,0.73416,0.66131,0.121811
4991,-98.435,66.0691,399.623,-0.0918189,0.737331,0.657812,0.123271
4992,-98.3099,66.8869,400.185,-0.0879441,0.741727,0.652916,0.12573
4993,-97.7704,66.4468,399.467,-0.0808672,0.749894,0.644673,0.124566
4994,-98.769,66.4143,399.427,-0.0703431,0.755531,0.638163,0.13028
4995,-97.8695,66.0846,399.713,-0.0700742,0.759401,0.634625,0.125101
4996,-96.9588,66.4121,399.461,-0.0661699,0.760938,0.634132,0.120299
4997,-96.8921,67.2273,400.037,-0.0592906,0.765756,0.629828,0.115836
4998,-97.1695,67.8229,400.791,-0.0535258,0.76807,0.6281,0.112667
4999,-96.7605,68.7334,400.852,-0.0522524,0.768939,0.627275,0.111927
5000,-97.1828,68.9995,401.719,-0.0471029,0.774092,0.621625,0.110209
5001,-97.1159,69.9508,401.418,-0.0476226,0.77441,0.620506,0.113994
5002,-96.5259,70.7574,401.454,-0.0504554,0.772788,0.621506,0.118251
5003,-96.3157,71.728,401.572,-0.0485978,0.773586,0.618679,0.128216
5004,-95.3393,71.8335,401.383,-0.0551984,0.773621,0.617273,0.132049
5005,-94.8538,72.6956,401.528,-0.0532677,0.773092,0.616832,0.137877
5006,-94.6775,73.6791,401.487,-0.0531062,0.769448,0.620235,0.142961
5007,-93.8726,74.2693,401.549,-0.0528529,0.768906,0.620794,0.143546
5008,-93.1204,74.9262,401.6,-0.0515163,0.769527,0.620189,0.14332
5009,-92.8145,75.8247,401.915,-0.0447179,0.772166,0.617831,0.141582
5010,-92.6543,76.6019,402.524,-0.0318539,0.777304,0.613319,0.136471
5011,-91.6643,76.7405,402.499,-0.0320452,0.780159,0.610283,0.133715
5012,-90.743,77.129,402.483,-0.0290133,0.7825,0.607175,0.134872
5013,-90.1845,77.9001,402.177,-0.0240011,0.785395,0.603737,0.134463
5014,-89.5181,78.6321,402.035,-0.0195457,0.787566,0.601255,0.1336
5015,-89.6716,79.5656,401.711,-0.0159901,0.786847,0.602497,0.132717
5016,-89.415,80.5075,401.494,-0.0130955,0.785802,0.604254,0.131227
5017,-88.5698,81.0248,401.36,-0.0105653,0.7866,0.604002,0.127794
5018,-88.1522,81.9219,401.504,-0.00710902,0.784013,0.607188,0.128826
5019,-87.622,82.1332,402.325,-0.0133386,0.788689,0.600449,0.13135
5020,-86.8484,82.7306,402.536,-0.0154203,0.7845,0.603059,0.143672
5021,-85.9256,82.8228,402.91,-0.0217364,0.78362,0.60246,0.150032
5022,-84.957,82.6288,403.065,-0.0266961,0.779327,0.606131,0.156659
5023,-84.7152,83.5356,402.72,-0.0235937,0.774123,0.608128,0.174231
5024,-83.9284,83.0524,403.104,-0.0193994,0.77076,0.610625,0.180802
5025,-83.1673,83.7002,403.072,-0.0173764,0.767079,0.613895,0.185527
5026,-83.0064,84.6389,402.767,-0.012046,0.764362,0.615499,0.191747
5027,-82.3844,85.3054,403.178,-0.00544285,0.763466,0.616449,0.192562
5028,-81.8005,86.069,402.902,-0.00193667,0.758703,0.620068,0.199704
5029,-81.3536,86.6935,402.262,0.00392099,0.753552,0.624452,0.205435
5030,-80.9722,87.5158,401.839,0.00881478,0.750315,0.626826,0.209852
5031,-80.3206,87.9809,401.24,0.010231,0.745958,0.630504,0.214259
5032,-80.0559,88.9166,401.007,0.0162484,0.742681,0.631509,0.222165
5033,-79.9078,89.7897,401.471,0.0266227,0.739989,0.63366,0.224016
5034,-79.4856,90.6318,401.136,0.0327653,0.732755,0.634498,0.24374
5035,-79.0681,91.4898,400.836,0.0360432,0.728287,0.636473,0.2514
5036,-78.4404,91.5672,401.611,0.0370402,0.731296,0.63286,0.251642
5037,-78.0885,91.6797,402.54,0.0379264,0.740711,0.621881,0.251343
5038,-77.4593,92.4112,402.278,0.0365374,0.738366,0.618952,0.265289
5039,-76.5612,92.0402,402.041,0.0285469,0.733065,0.624878,0.267075
5040,-76.0878,92.74,402.576,0.0322109,0.731887,0.624408,0.27096
5041,-75.146,92.7902,402.909,0.0313242,0.729943,0.623956,0.277275
5042,-74.633,93.5802,403.244,0.0339674,0.7287,0.620977,0.286757
5043,-74.2135,94.417,403.596,0.0349137,0.729968,0.612604,0.301071
5044,-73.4697,94.0287,403.052,0.0243819,0.724021,0.615344,0.310727
5045,-72.7901,93.9561,402.322,0.0142684,0.705881,0.629801,0.32385
5046,-72.145,93.7981,401.575,0.0113713,0.691977,0.644094,0.325855
5047,-71.3459,93.998,401.008,0.0131332,0.682095,0.652946,0.32899
5048,-71.2939,93.1785,400.437,0.0255387,0.677554,0.657843,0.327888
5049,-70.7818,93.1668,399.578,0.0311715,0.66986,0.667164,0.32436
5050,-70.0551,93.8485,399.494,0.0357957,0.66541,0.670952,0.325226
5051,-69.3035,94.503,399.411,0.0369893,0.663543,0.672946,0.324786
5052,-69.7293,93.6213,399.614,0.0391776,0.659478,0.679797,0.318481
5053,-70.4171,94.0257,400.217,0.049553,0.665581,0.675601,0.313224
5054,-69.9206,94.8803,400.065,0.0494851,0.663731,0.681865,0.303435
5055,-70.2425,95.6112,400.667,0.0504097,0.661757,0.684191,0.302357
5056,-70.3799,95.8508,401.628,0.0482607,0.665525,0.678841,0.306466
5057,-70.1537,96.8016,401.417,0.0452736,0.664513,0.677266,0.312545
5058,-69.9041,97.0428,402.354,0.0419858,0.666902,0.672648,0.317842
5059,-69.3947,96.9871,401.496,0.0391301,0.657845,0.678029,0.325553
5060,-68.9264,97.8642,401.389,0.0335975,0.65166,0.676911,0.340591
5061,-68.1548,98.0056,400.769,0.0220758,0.638192,0.682347,0.355847
5062,-67.3768,97.7259,400.206,0.0100398,0.625,0.693004,0.359193
5063,-66.7112,97.6086,399.469,0.00189391,0.612784,0.698724,0.369158
5064,-66.1752,98.4526,399.487,0.00654449,0.61343,0.687946,0.387802
5065,-65.4252,99.1082,399.399,0.0118061,0.610955,0.681274,0.403063
5066,-64.6793,98.8325,398.793,0.0129315,0.60435,0.688079,0.401424
5067,-63.7649,99.157,398.551,0.0141338,0.605655,0.685169,0.404383
5068,-62.91,99.2352,398.038,0.0146842,0.605985,0.68422,0.405475
5069,-62.1667,99.5609,397.454,0.0160932,0.607623,0.682223,0.406333
5070,-62.3602,100.028,398.317,0.0166391,0.609223,0.680752,0.406383
5071,-61.8538,100.799,397.93,0.0166066,0.606726,0.686782,0.399923
5072,-61.3025,100.935,397.106,0.0170138,0.604707,0.690068,0.3973
5073,-61.6165,101.772,397.554,0.0270449,0.620328,0.674877,0.398752
5074,-60.9886,101.843,396.779,0.0285546,0.620935,0.673857,0.399427
5075,-60.2917,102.552,396.672,0.0309007,0.624224,0.667788,0.404288
5076,-59.47,103.107,396.542,0.0306667,0.622623,0.665578,0.410373
5077,-59.3635,103.318,397.514,0.0291949,0.623882,0.661736,0.414758
5078,-58.6133,103.976,397.575,0.0273018,0.615759,0.664346,0.422777
5079,-58.8066,103.947,398.556,0.0310835,0.622787,0.658426,0.42148
5080,-57.9513,103.753,398.076,0.0292446,0.614862,0.665644,0.42191
5081,-57.0016,103.659,398.375,0.0337034,0.615514,0.664632,0.422222
5082,-56.0059,103.576,398.333,0.0365403,0.615949,0.662248,0.425087
5083,-56.3165,102.814,397.764,0.0527699,0.613032,0.660683,0.430006
5084,-55.5702,103.22,398.291,0.0589349,0.608749,0.661339,0.434261
5085,-54.8695,103.15,399.001,0.059877,0.604904,0.662142,0.438263
5086,-54.0415,102.635,398.78,0.0422257,0.591549,0.677088,0.435704
5087,-53.6544,102.221,399.603,0.0463502,0.605928,0.669059,0.427858
5088,-54.4293,101.603,399.469,0.0534677,0.598569,0.663786,0.445247
5089,-53.4915,101.935,399.572,0.0534331,0.592115,0.660204,0.458993
5090,-52.5688,102.292,399.427,0.0527967,0.591494,0.64889,0.4757
5091,-51.6096,102.303,399.144,0.044261,0.587923,0.640857,0.49162
5092,-51.9504,101.54,398.595,0.0476172,0.588022,0.636319,0.497052
5093,-51.2141,101.224,397.997,0.0437644,0.582729,0.635818,0.504229
5094,-50.4775,100.812,397.46,0.0350884,0.569825,0.642956,0.510565
5095,-49.4973,101.009,397.434,0.034774,0.56733,0.634835,0.523367
5096,-48.6719,100.855,397.977,0.0295867,0.56737,0.636165,0.522025
5097,-47.7853,101.305,397.871,0.0305384,0.56621,0.63872,0.520106
5098,-48.2828,101.972,398.427,0.0351757,0.570606,0.635091,0.519452
5099,-47.4006,102.252,398.049,0.0377429,0.571472,0.636314,0.516816
5100,-46.5916,102.393,397.478,0.0397689,0.572302,0.637226,0.514618
5101,-46.8913,102.975,398.234,0.0423038,0.577035,0.633197,0.514104
5102,-47.4462,103.303,398.998,0.0479869,0.584613,0.623841,0.516476
5103,-47.9627,103.675,399.77,0.0503993,0.58929,0.618919,0.516853
5104,-47.2611,104.385,399.836,0.05171,0.590425,0.619764,0.514409
5105,-46.5788,104.783,399.222,0.0540869,0.589576,0.623747,0.510309
5106,-47.1152,105.189,399.962,0.0616524,0.598723,0.614222,0.510354
5107,-47.3117,105.714,400.79,0.0633909,0.601863,0.611189,0.510089
5108,-47.4752,106.232,401.63,0.0661771,0.60586,0.604685,0.512747
5109,-46.7359,106.888,401.481,0.0670986,0.605899,0.597935,0.52044
5110,-46.0379,106.811,400.769,0.0673113,0.606834,0.5934,0.524498
5111,-46.4774,107.141,401.604,0.0704248,0.613976,0.583086,0.527337
5112,-46.7571,107.572,402.462,0.0732388,0.615977,0.581582,0.52628
5113,-47.3566,107.847,403.214,0.0780585,0.621174,0.575617,0.526037
5114,-47.7793,107.99,404.109,0.0804358,0.627315,0.568524,0.526105
5115,-48.163,108.498,404.88,0.0825854,0.629939,0.563358,0.52819
5116,-48.8935,107.885,405.18,0.0874178,0.62938,0.557895,0.533847
5117,-48.1402,107.231,405.251,0.0784497,0.62589,0.560164,0.536958
5118,-47.3158,107.792,405.174,0.081105,0.619262,0.555947,0.548506
5119,-46.5695,107.736,405.837,0.0852236,0.615062,0.55429,0.554255
5120,-45.8697,107.663,406.548,0.0873073,0.612068,0.553814,0.55771
5121,-45.4634,107.241,407.358,0.0888338,0.613604,0.55253,0.557055
5122,-44.9471,107.459,408.186,0.0947631,0.612336,0.553277,0.556731
5123,-44.5947,108.022,408.933,0.0997302,0.610374,0.554251,0.557049
5124,-43.7968,108.59,409.137,0.100681,0.607544,0.555764,0.558462
5125,-43.1005,109.306,409.187,0.103462,0.602342,0.557915,0.561435
5126,-43.7713,108.585,409.362,0.108015,0.5977,0.558358,0.565088
5127,-44.6402,108.138,409.575,0.114003,0.592635,0.557632,0.569942
5128,-45.0204,108.258,410.492,0.121737,0.602237,0.54661,0.568954
5129,-44.2855,107.889,409.923,0.120979,0.595632,0.550978,0.571847
5130,-45.169,107.584,410.279,0.123539,0.594923,0.54778,0.575102
5131,-44.2389,107.933,410.394,0.129324,0.591055,0.546025,0.57947
5132,-45.0478,107.355,410.289,0.133201,0.587597,0.543636,0.584335
5133,-44.4536,107.342,411.093,0.133874,0.585208,0.543186,0.586991
5134,-45.3787,106.966,411.042,0.13522,0.579076,0.541305,0.594453
5135,-44.8665,107.434,411.762,0.148402,0.570185,0.544741,0.59676
5136,-45.7539,106.983,411.855,0.150039,0.56357,0.542317,0.604789
5137,-44.9106,106.547,412.169,0.146355,0.55795,0.54487,0.608595
5138,-45.3892,106.343,413.023,0.151748,0.561995,0.53726,0.610317
5139,-45.9431,106.603,413.814,0.159667,0.570546,0.521786,0.613778
5140,-45.2508,106.406,413.12,0.15883,0.565533,0.524531,0.616289
5141,-45.6408,106.959,413.856,0.165187,0.569128,0.517865,0.616946
5142,-45.8369,107.544,414.643,0.172141,0.573134,0.51143,0.616704
5143,-46.3272,107.862,415.455,0.177162,0.578061,0.500001,0.620046
5144,-46.9451,107.828,416.24,0.182113,0.578616,0.493789,0.623065
5145,-46.3695,107.029,416.065,0.17242,0.573991,0.503128,0.622629
5146,-47.2815,106.666,416.255,0.17522,0.570004,0.500326,0.627748
5147,-46.3725,106.825,416.64,0.176016,0.569234,0.498045,0.630033
5148,-47.3544,106.686,416.769,0.175907,0.564804,0.49285,0.638085
5149,-46.3979,106.523,416.527,0.168989,0.56109,0.484172,0.649768
5150,-45.5419,106.484,416.012,0.166368,0.559655,0.477198,0.656803
5151,-44.5487,106.539,416.115,0.164834,0.557883,0.473187,0.661582
5152,-43.6613,106.446,415.663,0.162296,0.556326,0.464672,0.669508
5153,-42.8115,106.09,415.274,0.1603,0.555115,0.463613,0.671725
5154,-42.3493,106.975,415.21,0.161682,0.554097,0.462636,0.672906
5155,-41.9462,107.525,415.942,0.164308,0.553711,0.461425,0.673419
5156,-42.3278,106.765,416.468,0.164461,0.552935,0.460894,0.674382
5157,-41.7469,107.266,417.109,0.166505,0.552194,0.459413,0.675498
5158,-40.7953,107.52,416.935,0.163282,0.551713,0.453302,0.680785
5159,-40.7468,106.837,417.664,0.160828,0.554306,0.444995,0.684733
5160,-39.7516,106.934,417.648,0.159996,0.549934,0.438565,0.692557
5161,-38.8347,106.697,417.327,0.158444,0.544599,0.436113,0.698651
5162,-37.8477,106.541,417.288,0.15842,0.540623,0.432739,0.703823
5163,-37.2408,106.191,418.002,0.157836,0.53916,0.430731,0.706304
5164,-36.3196,105.888,417.757,0.151854,0.533304,0.425123,0.7154
5165,-35.4204,105.497,417.561,0.146757,0.527582,0.420627,0.723321
5166,-34.4633,105.261,417.393,0.144798,0.524515,0.416516,0.728308
5167,-33.7932,104.584,417.088,0.137555,0.520545,0.41583,0.732937
5168,-34.3149,105.153,417.724,0.140258,0.522958,0.408236,0.734973
5169,-34.7106,105.879,418.286,0.147358,0.527197,0.396371,0.737047
5170,-34.9747,106.577,418.952,0.15166,0.530387,0.39019,0.737184
5171,-35.5973,107.045,419.579,0.154543,0.533126,0.383674,0.738029
5172,-35.9615,107.65,420.287,0.166216,0.536157,0.378661,0.735883
5173,-35.3448,106.956,419.915,0.14636,0.528565,0.375792,0.746979
5174,-36.1221,107.338,420.416,0.150071,0.527186,0.368035,0.751068
5175,-35.5409,106.573,420.136,0.138891,0.521885,0.368513,0.756666
5176,-34.6234,106.209,419.976,0.136556,0.516973,0.358731,0.765117
5177,-34.8608,106.875,420.683,0.141137,0.519589,0.343849,0.769334
5178,-35.4358,107.451,421.264,0.140039,0.51962,0.338075,0.772069
5179,-34.7851,107.008,420.648,0.129128,0.51126,0.350299,0.7741
5180,-34.3816,107.704,421.241,0.126857,0.515853,0.345624,0.773529
5181,-34.6318,108.663,421.376,0.137627,0.518426,0.339188,0.772816
5182,-34.2543,107.972,420.76,0.128747,0.518268,0.335864,0.775899
5183,-34.0535,107.328,420.022,0.121758,0.520606,0.330425,0.777794
5184,-34.1378,108.163,420.565,0.117365,0.522673,0.325075,0.779336
5185,-34.3783,109.069,420.914,0.120494,0.527855,0.306044,0.783063
5186,-33.8284,108.371,420.455,0.11382,0.525821,0.30438,0.786073
5187,-34.2348,109.16,420.916,0.12588,0.531974,0.276395,0.79042
5188,-33.5094,108.521,420.66,0.120077,0.527246,0.269998,0.796677
5189,-34.463,108.804,420.763,0.115618,0.522079,0.261582,0.803518
5190,-35.4012,108.466,420.839,0.11043,0.522275,0.252154,0.807126
5191,-34.4936,108.849,421.011,0.109122,0.524292,0.247429,0.807459
5192,-34.116,108.104,420.46,0.0985651,0.523653,0.242012,0.810865
5193,-33.8092,107.299,419.953,0.0895326,0.524378,0.230785,0.814709
5194,-33.9724,108.207,420.339,0.0873901,0.525932,0.220216,0.816862
5195,-33.5784,107.36,419.981,0.0677498,0.522658,0.212618,0.82282
5196,-33.7059,108.313,420.259,0.0748909,0.525189,0.195489,0.824834
5197,-33.0137,107.684,420.613,0.0675869,0.524394,0.186996,0.827934
5198,-32.091,107.959,420.883,0.0668308,0.520876,0.184786,0.830709
5199,-32.9861,107.515,420.926,0.0690873,0.517365,0.186693,0.832289
5200,-33.952,107.256,420.912,0.069548,0.506979,0.182277,0.839589
5201,-33.1445,106.863,421.352,0.0680801,0.497495,0.176302,0.84663
5202,-32.8731,105.902,421.406,0.0433944,0.492404,0.186935,0.848946
5203,-32.5114,104.978,421.525,0.0157318,0.485944,0.191364,0.852637
5204,-33.1234,105.698,421.852,0.0169853,0.485566,0.181633,0.854954
5205,-32.5044,106.207,422.45,0.0133563,0.48582,0.178414,0.855552
5206,-32.54,107.202,422.546,0.0125533,0.486024,0.163915,0.858344
5207,-32.1276,107.119,423.453,0.0111087,0.486704,0.160151,0.858689
5208,-31.6231,106.257,423.406,0.0035265,0.48339,0.156852,0.861231
5209,-31.1577,105.722,424.112,0.00388664,0.480488,0.157197,0.862789
5210,-30.47,105.203,424.62,-0.00122256,0.469682,0.146576,0.870582
5211,-29.6619,104.869,425.105,-0.00359823,0.458028,0.136538,0.878382
5212,-29.0367,104.114,425.303,-0.00765826,0.452729,0.129571,0.88215
5213,-28.4315,103.319,425.335,-0.00844036,0.448651,0.126335,0.884692
5214,-28.058,102.414,425.54,-0.0122908,0.445538,0.12477,0.886441
5215,-27.7879,101.504,425.853,-0.0251354,0.441868,0.128765,0.887435
5216,-27.3519,100.805,426.42,-0.0389576,0.434127,0.120213,0.891944
5217,-27.0468,99.8777,426.638,-0.0795671,0.425102,0.136197,0.891295
5218,-26.8711,99.0523,427.174,-0.0945772,0.423123,0.135251,0.890915
5219,-26.4046,98.3525,427.715,-0.108992,0.412933,0.116397,0.896693
5220,-26.2742,97.6171,428.38,-0.118501,0.406875,0.0955052,0.900716
5221,-25.6212,96.9072,428.644,-0.124667,0.397854,0.0576375,0.90711
5222,-24.8602,97.4949,428.918,-0.127111,0.394581,0.054791,0.908376
5223,-24.6899,97.8255,427.99,-0.123447,0.393144,0.0550901,0.909486
5224,-25.2694,97.2871,428.602,-0.120439,0.398454,0.072988,0.906312
5225,-24.4662,97.835,428.836,-0.118612,0.396671,0.089562,0.905849
5226,-24.2661,97.2712,429.638,-0.118538,0.395363,0.104493,0.90483
5227,-23.5228,97.5152,430.261,-0.112471,0.392733,0.112238,0.905822
5228,-22.6517,97.4431,430.746,-0.106349,0.389136,0.113773,0.90792
5229,-23.4861,97.8882,431.071,-0.0899191,0.396016,0.106358,0.90762
5230,-24.1684,98.4319,430.582,-0.0924553,0.37107,0.0748123,0.920957
5231,-24.9881,98.5966,430.034,-0.0937223,0.352366,0.0673315,0.92872
5232,-25.7074,99.2503,430.269,-0.0914144,0.350798,0.0644456,0.929748
5233,-25.3658,100.189,430.32,-0.0916449,0.3437,0.0651319,0.932325
5234,-25.0351,99.443,430.898,-0.10093,0.337791,0.0565168,0.934086
5235,-24.39,98.9423,431.475,-0.107702,0.334374,0.0565812,0.934555
5236,-24.6193,99.9097,431.368,-0.106799,0.332082,0.0515459,0.935766
5237,-24.3562,99.0618,431.828,-0.103367,0.330218,0.0489947,0.936948
5238,-24.132,98.1408,432.147,-0.101167,0.32879,0.0472101,0.937781
5239,-24.8179,98.8549,432.007,-0.0986972,0.327162,0.0392827,0.938979
5240,-24.9993,98.7069,431.034,-0.0975983,0.324479,0.0473477,0.939652
5241,-25.4699,98.0148,431.582,-0.0963839,0.324611,0.057486,0.939166
5242,-26.1824,97.7753,432.241,-0.103665,0.330027,0.0604082,0.936316
5243,-26.3753,97.879,433.217,-0.103553,0.327787,0.0568018,0.93734
5244,-27.3147,97.5972,433.022,-0.102835,0.324684,0.0545227,0.938634
5245,-27.9945,97.4098,433.731,-0.104618,0.326357,0.0531079,0.937937
5246,-28.933,97.1534,433.962,-0.106117,0.321983,0.0544532,0.939202
5247,-28.9905,96.9045,432.995,-0.107373,0.316577,0.0533785,0.940957
5248,-29.906,96.5529,432.8,-0.109391,0.313291,0.0561881,0.941661
5249,-30.2542,96.047,432.011,-0.110177,0.3105,0.0585602,0.942349
5250,-30.9616,95.8681,432.695,-0.116756,0.318974,0.0630139,0.938431
5251,-30.2928,96.4683,433.133,-0.119002,0.316885,0.0690917,0.938429
5252,-30.8091,95.8525,432.538,-0.120174,0.31556,0.0710316,0.938581
5253,-30.1727,95.8128,431.768,-0.120047,0.30951,0.0742615,0.94036
5254,-30.081,96.049,432.735,-0.117927,0.308901,0.0741342,0.940839
5255,-30.5112,95.6828,431.91,-0.115248,0.306227,0.0754857,0.941937
5256,-31.1729,95.4242,432.614,-0.11639,0.309498,0.0758865,0.940694
5257,-31.8638,95.3829,433.336,-0.115528,0.312357,0.0765231,0.939803
5258,-32.7934,95.3615,433.704,-0.113953,0.313663,0.0768021,0.939538
5259,-33.7847,95.4106,433.825,-0.115235,0.312019,0.076996,0.939913
5260,-34.6086,95.3631,434.39,-0.114594,0.313459,0.0773721,0.939481
5261,-34.2741,96.276,434.156,-0.107451,0.309709,0.073974,0.94184
5262,-35.2057,95.9579,433.981,-0.108379,0.306724,0.0719667,0.942865
5263,-35.4364,95.4305,433.163,-0.108616,0.300604,0.069207,0.945013
5264,-36.0426,95.4573,433.958,-0.107848,0.299293,0.0662125,0.945732
5265,-36.7337,94.9776,433.417,-0.105033,0.294472,0.0650759,0.947639
5266,-36.1287,94.8134,434.196,-0.105028,0.285131,0.0587231,0.950906
5267,-36.9648,94.4984,433.747,-0.106179,0.279703,0.0562743,0.952536
5268,-37.9489,94.3217,433.765,-0.107584,0.275252,0.0547388,0.953764
5269,-38.4588,94.3204,434.625,-0.108809,0.273758,0.0544255,0.954073
5270,-39.282,94.0658,434.118,-0.109845,0.270365,0.0526005,0.955024
5271,-40.2754,94.0764,434.232,-0.112914,0.267517,0.0494361,0.955637
5272,-41.2389,94.2309,434.45,-0.115698,0.263,0.0468101,0.956689
5273,-41.808,94.144,435.268,-0.115732,0.266275,0.0440437,0.95591
5274,-42.5599,94.1621,435.927,-0.11538,0.265318,0.0435091,0.956243
5275,-43.3671,93.8027,436.395,-0.123355,0.27385,0.0436007,0.952832
5276,-44.0954,93.5485,437.032,-0.12852,0.277626,0.0423539,0.951111
5277,-44.9513,93.7198,437.52,-0.129534,0.276737,0.0408239,0.9513
5278,-45.6894,93.6626,438.192,-0.131014,0.276969,0.0371783,0.951179
5279,-46.4517,93.3212,438.742,-0.125615,0.268694,0.0341971,0.954387
5280,-47.0968,92.8631,439.353,-0.125625,0.270542,0.0339795,0.953872
5281,-48.026,92.4968,439.402,-0.122265,0.265856,0.0335519,0.955639
5282,-48.7431,92.1954,440.03,-0.12245,0.268602,0.032425,0.954886
5283,-49.4808,91.9456,440.658,-0.12332,0.270344,0.0302383,0.954354
5284,-50.2065,91.8473,441.339,-0.122999,0.270674,0.0298229,0.954315
5285,-51.0112,91.5899,440.804,-0.122716,0.266723,0.0306542,0.955437
5286,-51.8879,91.4253,440.352,-0.126141,0.263959,0.0316751,0.955725
5287,-51.8764,91.6542,441.325,-0.130705,0.258947,0.0310168,0.956504
5288,-52.6099,91.146,440.874,-0.129397,0.255893,0.030821,0.95751
5289,-53.4804,90.974,440.413,-0.132904,0.253214,0.033338,0.957657
5290,-54.173,90.8811,441.128,-0.139124,0.258539,0.0337094,0.955336
5291,-55.1329,91.0919,441.313,-0.146626,0.252934,0.0335152,0.955721
5292,-55.5416,91.989,441.145,-0.138572,0.252435,0.0184134,0.957463
5293,-56.512,92.1587,440.973,-0.151216,0.24645,0.0137053,0.957188
5294,-57.4428,92.3121,440.642,-0.154806,0.244279,0.0109081,0.957206
5295,-58.3628,91.9347,440.536,-0.15223,0.244107,0.0132643,0.957634
5296,-59.2575,91.6265,440.212,-0.148627,0.245597,0.023434,0.957624
5297,-58.3737,91.9592,440.541,-0.143772,0.248579,0.0397055,0.957059
5298,-58.062,92.559,441.278,-0.137755,0.25148,0.0501218,0.956697
5299,-58.1252,92.8682,442.227,-0.123416,0.259793,0.0667251,0.955418
5300,-57.2936,93.1113,441.728,-0.119529,0.25531,0.0685245,0.956992
5301,-56.6955,93.7797,442.17,-0.120523,0.255278,0.0643607,0.957165
5302,-57.4405,93.7468,442.837,-0.127057,0.258654,0.056125,0.955931
5303,-56.6119,94.0538,443.305,-0.128294,0.255282,0.047891,0.95712
5304,-57.4919,93.7827,442.915,-0.129998,0.253034,0.0443717,0.957656
5305,-58.1914,94.0705,443.569,-0.134744,0.250508,0.0411076,0.95781
5306,-59.0151,94.0622,443.002,-0.142568,0.246745,0.0363053,0.957848
5307,-59.7,94.0826,442.273,-0.146201,0.242813,0.0331119,0.958421
5308,-60.4341,94.0819,442.952,-0.145434,0.246137,0.033159,0.957688
5309,-59.527,94.4555,443.146,-0.138952,0.244549,0.0327462,0.95907
5310,-59.3978,93.4862,442.937,-0.132343,0.246013,0.0312236,0.959681
5311,-59.5466,93.657,443.911,-0.12575,0.248777,0.0347079,0.959736
5312,-58.653,94.0814,444.057,-0.123173,0.248789,0.0369084,0.959984
5313,-59.5204,93.7188,443.716,-0.123792,0.247605,0.0343445,0.960306
5314,-60.4765,93.6581,444.003,-0.124872,0.246808,0.030402,0.960504
5315,-61.0456,93.8647,444.799,-0.124524,0.246095,0.0260253,0.960861
5316,-61.6787,93.4531,444.143,-0.121914,0.242504,0.0255273,0.962121
5317,-62.6507,93.6802,444.203,-0.124092,0.240602,0.0243414,0.962351
5318,-63.3996,93.6325,444.864,-0.133435,0.245018,0.0224834,0.960029
5319,-64.1208,93.3413,444.235,-0.138441,0.241246,0.0241426,0.960235
5320,-64.828,94.0323,444.385,-0.137336,0.241031,0.0225938,0.960486
5321,-65.2698,93.7861,443.522,-0.139768,0.23421,0.0214734,0.961847
5322,-65.7236,93.3146,442.766,-0.138602,0.230131,0.0249323,0.962916
5323,-66.4316,93.5302,443.439,-0.136633,0.23189,0.025164,0.96277
5324,-66.8252,93.766,444.327,-0.136087,0.232061,0.0262122,0.962778
5325,-65.9512,93.2941,444.212,-0.136653,0.229962,0.0260386,0.963206
5326,-65.2676,93.7935,444.744,-0.137795,0.22933,0.0233772,0.963262
5327,-64.4116,93.8296,445.26,-0.138083,0.22886,0.0219276,0.963367
5328,-65.3258,93.8607,444.856,-0.138038,0.228467,0.0220661,0.963463
5329,-64.574,93.3715,445.298,-0.137751,0.227893,0.0216286,0.96365
5330,-64.4438,92.6962,446.024,-0.138504,0.228303,0.0231382,0.96341
5331,-63.6865,92.9961,446.604,-0.137989,0.228946,0.0285415,0.963187
5332,-63.0059,92.9107,447.332,-0.136343,0.230177,0.0353134,0.962903
5333,-62.4547,92.997,448.161,-0.133712,0.231696,0.0386994,0.962778
5334,-62.5167,93.9662,447.923,-0.129793,0.232068,0.0386501,0.963226
5335,-61.7352,94.2008,448.501,-0.129361,0.232321,0.0401613,0.963161
5336,-62.4612,94.1794,447.814,-0.132773,0.230877,0.0400183,0.96305
5337,-62.2352,94.3604,448.771,-0.133126,0.230794,0.0395291,0.963042
5338,-62.6973,94.4438,449.654,-0.13299,0.233619,0.0400547,0.962357
5339,-62.9058,95.3495,449.285,-0.132454,0.233607,0.0399027,0.96244
5340,-62.7876,96.3404,449.351,-0.132589,0.233219,0.0391813,0.962546
5341,-62.4912,96.8541,450.156,-0.132383,0.23315,0.0385692,0.962615
5342,-61.8347,97.354,450.721,-0.130533,0.232328,0.0380434,0.963087
5343,-60.8541,97.5382,450.788,-0.127348,0.23226,0.0393737,0.963477
5344,-61.0644,98.5147,450.74,-0.121228,0.233278,0.0382018,0.964067
5345,-60.2427,98.746,451.261,-0.121039,0.232798,0.0397776,0.964143
5346,-59.6328,98.982,452.018,-0.122599,0.232857,0.0423783,0.963821
5347,-58.8559,99.2718,452.577,-0.121659,0.232331,0.0456047,0.96392
5348,-58.6046,99.8233,453.372,-0.120683,0.232539,0.0468136,0.963934
5349,-58.3152,100.41,454.128,-0.11958,0.232649,0.0466065,0.964056
5350,-57.6994,100.885,454.757,-0.117025,0.232907,0.049887,0.964142
5351,-58.5765,101.155,454.359,-0.114957,0.233466,0.0514981,0.964171
5352,-58.3159,101.941,453.799,-0.113048,0.233704,0.0535792,0.964226
5353,-59.1338,101.674,453.289,-0.110834,0.234335,0.0551385,0.964242
5354,-58.1847,101.611,452.98,-0.115161,0.231433,0.0532964,0.964539
5355,-57.8078,102.019,453.812,-0.1188,0.229149,0.048908,0.964876
5356,-58.2696,102.906,453.793,-0.114149,0.228511,0.0383956,0.966063
5357,-58.9409,102.569,453.133,-0.117519,0.225646,0.0349672,0.966463
5358,-59.7807,102.48,452.597,-0.119933,0.223367,0.033077,0.966762
5359,-59.0758,102.515,453.306,-0.11865,0.221963,0.031044,0.967311
5360,-59.8894,102.198,452.819,-0.118173,0.221125,0.0340247,0.967461
5361,-59.4423,102.234,453.712,-0.118615,0.221688,0.0367086,0.96718
5362,-58.5544,102.052,453.29,-0.117498,0.219845,0.0407862,0.967574
5363,-57.8631,102.533,452.751,-0.114172,0.219986,0.0453029,0.967739
5364,-57.4525,103.027,453.518,-0.113845,0.221123,0.0487249,0.967352
5365,-56.8337,103.62,454.033,-0.114158,0.221113,0.0492466,0.967291
5366,-57.0533,104.593,454.098,-0.107364,0.221741,0.0457793,0.968095
5367,-57.5965,105.425,453.985,-0.102891,0.222314,0.0410681,0.968661
5368,-56.8648,105.413,454.666,-0.10259,0.221236,0.0402955,0.968972
5369,-57.3872,106.23,454.422,-0.0982075,0.221522,0.038186,0.969446
5370,-56.7725,107.018,454.391,-0.0939887,0.220726,0.0371694,0.970085
5371,-57.5999,107.265,454.895,-0.0938917,0.221575,0.0353401,0.969969
5372,-56.9014,107.668,455.487,-0.0939552,0.219774,0.0333029,0.970445
5373,-56.2426,107.862,456.214,-0.0972893,0.216815,0.0297638,0.970897
5374,-55.6618,108.069,457.001,-0.0991613,0.214162,0.0272643,0.971369
5375,-54.9857,108.27,457.71,-0.100363,0.209204,0.0220409,0.972458
5376,-55.7986,108.4,458.278,-0.100265,0.212341,0.015886,0.971908
5377,-56.5555,108.739,458.836,-0.0978842,0.211576,0.0134582,0.972354
5378,-57.1225,108.655,458.017,-0.098432,0.20735,0.0121542,0.973226
5379,-57.6394,108.328,457.226,-0.0990218,0.205589,0.0129915,0.973529
5380,-57.6834,108.634,458.177,-0.0986444,0.206423,0.0139576,0.973378
5381,-57.3082,108.76,459.095,-0.0990851,0.205369,0.0140578,0.973554
5382,-56.5588,108.693,459.754,-0.100484,0.203771,0.0167786,0.973704
5383,-56.9402,108.832,460.668,-0.0999739,0.20326,0.0188065,0.973826
5384,-57.7754,108.719,461.206,-0.0943464,0.212116,0.0230137,0.972407
5385,-57.2501,108.898,462.039,-0.0884352,0.209291,0.0275398,0.973457
5386,-56.5767,108.874,462.777,-0.0890698,0.208652,0.0332164,0.973359
5387,-57.2223,108.75,462.024,-0.0907209,0.206594,0.038518,0.97345
5388,-56.7442,108.728,462.902,-0.0928892,0.204751,0.0366909,0.973706
5389,-56.0896,108.62,463.65,-0.0961971,0.202394,0.0341272,0.97397
5390,-56.309,108.77,464.614,-0.0965472,0.20374,0.0326423,0.973706
5391,-55.9876,108.311,465.442,-0.0953844,0.200574,0.0264423,0.974666
5392,-55.2372,108.38,466.1,-0.09339,0.200437,0.0262842,0.974891
5393,-54.4983,108.384,466.774,-0.0956346,0.200581,0.0276896,0.974605
5394,-53.7629,107.809,467.133,-0.0965227,0.199844,0.0297023,0.974609
5395,-53.9211,108.775,467.34,-0.0922085,0.200403,0.0266255,0.975001
5396,-54.3063,109.293,468.104,-0.0908369,0.200262,0.023409,0.975241
5397,-53.7121,109.403,468.901,-0.0915915,0.195104,0.020041,0.976291
5398,-53.2861,109.556,469.792,-0.0906606,0.188934,0.0160332,0.977664
5399,-53.8685,109.592,470.604,-0.0919739,0.193618,0.0125577,0.976676
5400,-53.5642,109.728,471.547,-0.0928023,0.190055,0.0125576,0.977297
5401,-52.9681,110.065,472.276,-0.0910258,0.18743,0.0152542,0.977932
5402,-53.6599,110.422,472.903,-0.0875708,0.191311,0.0166048,0.977474
5403,-54.2666,110.386,472.109,-0.0847781,0.188179,0.0202895,0.978258
5404,-53.6868,110.523,472.913,-0.0823042,0.185398,0.0238715,0.97892
5405,-54.3515,110.343,473.638,-0.0806279,0.184962,0.0272299,0.979054
5406,-54.7362,110.421,472.718,-0.0776146,0.176693,0.0317727,0.980686
5407,-55.1886,109.988,471.939,-0.075434,0.173086,0.0351676,0.981384
5408,-56.0349,110.261,472.396,-0.0709178,0.17677,0.0346177,0.981083
5409,-56.4856,110.613,471.575,-0.070938,0.170767,0.0309381,0.982267
5410,-57.0431,110.465,470.758,-0.0671653,0.161801,0.032443,0.984
5411,-57.8266,110.313,471.361,-0.0666632,0.162579,0.0323038,0.983911
5412,-58.4474,110.291,472.144,-0.0653242,0.159943,0.0324098,0.984429
5413,-59.3493,110.415,472.558,-0.0617925,0.160244,0.0307121,0.984663
5414,-60.1608,110.838,472.961,-0.05586,0.163321,0.0275341,0.984605
5415,-60.5018,110.962,473.893,-0.0570161,0.164151,0.0252991,0.984461
5416,-59.8271,110.994,474.63,-0.0571812,0.163745,0.0244974,0.984539
5417,-59.104,111.143,475.305,-0.0569339,0.163478,0.0244945,0.984598
5418,-58.3204,111.084,475.923,-0.0564099,0.162202,0.0247744,0.984832
5419,-57.6456,111.254,476.641,-0.0566769,0.160031,0.0257615,0.985147
5420,-57.1333,111.68,477.387,-0.0557524,0.159523,0.0252842,0.985294
5421,-56.3762,111.241,477.87,-0.0573818,0.159096,0.0231695,0.985322
5422,-55.5392,111.343,478.407,-0.0586721,0.158587,0.0215536,0.985364
5423,-54.7255,111.198,478.97,-0.0600714,0.158151,0.0209293,0.985364
5424,-53.9274,111.384,479.543,-0.0604915,0.157825,0.0201135,0.985407
5425,-54.7805,111.682,479.971,-0.0578406,0.161702,0.0193203,0.984954
5426,-54.9905,111.568,480.942,-0.0554192,0.159607,0.0204342,0.985412
5427,-55.782,111.711,481.536,-0.0511915,0.158769,0.0215144,0.985753
5428,-56.5102,111.432,480.911,-0.0487355,0.154483,0.0230845,0.986523
5429,-57.3883,111.845,481.153,-0.0437459,0.157087,0.0226409,0.986356
5430,-56.8915,112.141,481.968,-0.0428279,0.152769,0.023524,0.987053
5431,-57.7368,112.176,481.435,-0.0420437,0.150762,0.0228504,0.987411
5432,-58.6666,112.202,481.802,-0.041655,0.151737,0.0229975,0.987275
5433,-58.0983,112.054,482.612,-0.0411391,0.151266,0.0228105,0.987373
5434,-57.3717,112.266,483.265,-0.0423903,0.151415,0.0215747,0.987325
5435,-56.5751,112.29,483.869,-0.0419013,0.15097,0.0211091,0.987424
5436,-56.2173,112.668,484.723,-0.0420208,0.150832,0.0205262,0.987453
5437,-55.7261,113.141,485.455,-0.0422636,0.150658,0.0183074,0.987512
5438,-55.0553,113.175,486.196,-0.0428422,0.150264,0.0127966,0.987634
5439,-54.2321,113.34,486.739,-0.044301,0.149125,0.00968901,0.987778
5440,-53.5384,113.509,487.439,-0.0440535,0.148333,0.00838885,0.98792
5441,-52.559,113.561,487.634,-0.0426891,0.147957,0.00953523,0.988026
5442,-53.3258,114.118,487.954,-0.0392743,0.148896,0.0076292,0.988043
5443,-52.4974,114.359,488.46,-0.0398936,0.147852,0.0083426,0.988169
5444,-51.877,114.451,489.238,-0.0391595,0.145705,0.00818033,0.988519
5445,-52.583,114.24,489.915,-0.0383189,0.146375,0.00871976,0.988448
5446,-53.0117,114.363,490.81,-0.0353487,0.142815,0.00881872,0.989079
5447,-53.8751,114.271,491.306,-0.0346247,0.144176,0.0110573,0.988884
5448,-52.9231,114.577,491.296,-0.0256227,0.13202,0.0151984,0.990799
5449,-53.8068,114.211,491.004,-0.023414,0.130942,0.0154543,0.990993
5450,-54.3654,114.074,490.186,-0.0227689,0.126449,0.0141553,0.991611
5451,-54.9763,114.197,490.968,-0.0230431,0.123131,0.0120251,0.99205
5452,-54.5077,114.245,491.85,-0.0249471,0.118381,0.00667269,0.992632
5453,-55.4197,114.613,492.03,-0.024457,0.118746,0.000519145,0.992623
5454,-54.7109,114.826,492.703,-0.0265909,0.116047,0.00296178,0.992883
5455,-53.8746,115.101,493.177,-0.0270797,0.114897,0.00877162,0.992969
5456,-54.3482,115.195,494.053,-0.0203056,0.118173,0.0169731,0.99264
5457,-54.0084,115.617,494.893,-0.0184489,0.120673,0.026149,0.992176
5458,-53.0314,115.667,494.686,-0.0210528,0.115709,0.031869,0.992549
5459,-52.0833,115.982,494.643,-0.0151435,0.111469,0.0296005,0.993212
5460,-51.0959,116.069,494.511,-0.0125673,0.108488,0.0227338,0.993758
5461,-51.7596,115.872,493.789,-0.0124495,0.106867,0.0152584,0.994078
5462,-52.4609,115.979,494.494,-0.0124601,0.10528,0.00874029,0.994326
5463,-53.3965,115.866,494.829,-0.0112506,0.106291,0.00447839,0.994261
5464,-52.8216,116.039,495.628,-0.0108598,0.105288,0.00181167,0.994381
5465,-51.9659,115.998,496.144,-0.0166243,0.102422,-0.000514872,0.994602
5466,-51.4227,116.127,496.974,-0.0177002,0.0996551,-0.000618659,0.994864
5467,-50.4991,116.126,496.59,-0.0165791,0.0965067,-0.00203662,0.995192
5468,-49.9598,116.294,497.416,-0.0166494,0.0945467,0.000774445,0.995381
5469,-50.6444,116.237,498.142,-0.015781,0.0951543,0.00469268,0.995326
5470,-49.9087,116.475,498.776,-0.0156419,0.0941494,0.00685777,0.995412
5471,-50.2946,116.461,499.699,-0.0160409,0.0937063,0.00685532,0.995447
5472,-49.5612,116.668,500.346,-0.0141983,0.0932552,0.00573465,0.995524
5473,-50.3431,116.751,500.964,-0.0154863,0.0963752,0.0029398,0.99522
5474,-49.6104,116.8,501.643,-0.0165091,0.0966124,0.00561521,0.995169
5475,-50.1354,116.849,502.493,-0.0151686,0.0982422,0.00860407,0.99501
5476,-49.387,117.012,503.135,-0.0154209,0.0990859,0.0118035,0.994889
5477,-49.5853,117.081,504.113,-0.0155192,0.0999221,0.0123122,0.994798
5478,-49.5769,117.406,505.059,-0.0140047,0.100084,0.0129123,0.994797
5479,-49.8446,117.384,506.022,-0.0116271,0.0981482,0.00831401,0.995069
5480,-50.566,117.106,506.657,-0.0158577,0.0992511,9.86396e-05,0.994936
5481,-51.3748,116.871,507.196,-0.0148873,0.0959167,-0.00511905,0.995265
5482,-52.3306,116.732,507.454,-0.0150409,0.0953579,-0.012242,0.995254
5483,-53.1845,116.618,507.962,-0.0152541,0.0936712,-0.0161708,0.995355
5484,-54.1493,116.645,508.224,-0.0154927,0.091959,-0.0187116,0.995466
5485,-55.1237,116.752,508.026,-0.0166935,0.0884826,-0.0187124,0.995762
5486,-55.4045,116.822,508.983,-0.0182352,0.085899,-0.0203522,0.995929
5487,-56.2722,116.689,509.462,-0.01926,0.0857821,-0.0190959,0.995945
5488,-56.7193,116.699,508.568,-0.0248187,0.0815896,-0.0150569,0.996243
5489,-57.3036,116.623,509.376,-0.0314498,0.0834206,-0.0117412,0.995949
5490,-57.6963,116.673,510.294,-0.0280165,0.0816511,-0.00821617,0.996233
5491,-57.5503,117.658,510.197,-0.0268216,0.0812267,-0.00709024,0.996309
5492,-57.8067,118.545,509.813,-0.0269433,0.0810347,-0.00467147,0.996336
5493,-58.4707,118.159,509.173,-0.0180317,0.0813402,0.000486395,0.996523
5494,-57.6768,118.758,509.07,-0.0126842,0.0792373,0.00797407,0.996743
5495,-56.8611,119.195,509.449,-0.012026,0.078925,0.0161642,0.996677
5496,-56.8791,118.747,508.555,-0.0107151,0.0799002,0.0194588,0.996555
5497,-56.6559,118.981,509.501,-0.011372,0.0807303,0.0214901,0.996439
5498,-55.6942,118.782,509.69,-0.0238814,0.0688541,0.022622,0.997084
5499,-56.1217,119.685,509.641,-0.0262658,0.0682085,0.0202184,0.99712
5500,-56.599,120.563,509.684,-0.0283441,0.0676191,0.0154787,0.997188
5501,-56.7642,120.56,510.671,-0.0360727,0.0641011,0.0123807,0.997214
5502,-57.3337,120.448,511.485,-0.0421724,0.064,0.00750505,0.99703
5503,-57.7569,120.047,512.298,-0.04987,0.0653143,0.00273748,0.996614
5504,-58.0674,120.272,513.221,-0.0508469,0.063248,0.00222755,0.996699
5505,-58.5673,120.329,514.086,-0.0555921,0.0600314,0.000519772,0.996647
5506,-58.9494,120.294,515.009,-0.0573298,0.0580012,-0.00247369,0.996666
5507,-59.856,120.276,515.431,-0.0567631,0.0598564,-0.0024637,0.996589
5508,-60.6287,120.4,516.053,-0.0595687,0.0596769,0.00385488,0.996431
5509,-60.557,120.65,515.088,-0.0639149,0.0579218,0.0104609,0.996218
5510,-61.2194,120.521,515.826,-0.0685346,0.0593009,0.0154697,0.995765
5511,-61.218,120.185,516.768,-0.0724485,0.0572038,0.0184759,0.995559
5512,-60.4269,120.602,517.215,-0.0715748,0.0519386,0.0201427,0.995878
5513,-61.3464,120.883,517.49,-0.0681702,0.054834,0.0187236,0.99599
5514,-61.8515,120.82,518.351,-0.0662003,0.0543079,0.0215359,0.996095
5515,-62.2572,121.689,518.633,-0.0628481,0.0543279,0.0213948,0.996314
5516,-62.487,121.669,519.606,-0.0603772,0.0544934,0.0247577,0.996379
5517,-62.4493,121.214,520.496,-0.0648273,0.0535126,0.0237961,0.996176
5518,-62.5673,121.354,519.513,-0.0703334,0.0512783,0.0206972,0.99599
5519,-62.9737,122.268,519.525,-0.0671805,0.0516204,0.01822,0.996238
5520,-62.8649,121.781,520.392,-0.0691449,0.0477665,0.0161066,0.996332
5521,-63.4349,122.544,520.698,-0.0625313,0.0483542,0.0182583,0.996704
5522,-63.3633,121.571,520.918,-0.0564695,0.0489704,0.0147781,0.997093
5523,-63.2093,120.588,521.02,-0.0557955,0.0497564,0.0107468,0.997144
5524,-62.9249,119.629,521.017,-0.0513782,0.0505288,0.00806878,0.997368
5525,-63.7304,120.018,520.57,-0.03969,0.0545511,0.00167756,0.99772
5526,-62.9579,120.648,520.488,-0.0332784,0.0509085,-0.00249144,0.998146
5527,-62.6979,120.101,521.284,-0.0401113,0.0489947,-0.00493177,0.997981
5528,-62.8852,120.109,522.266,-0.0428206,0.047148,-0.00209563,0.997967
5529,-63.3186,121.01,522.277,-0.0386412,0.0476795,-0.00210328,0.998113
5530,-63.29,120.189,522.847,-0.0364456,0.0462846,-0.00464912,0.998252
5531,-63.6726,119.41,523.343,-0.0373512,0.0457186,-0.00612803,0.998237
5532,-63.8702,120.39,523.345,-0.0365711,0.0449102,-0.0103427,0.998268
5533,-63.7583,119.784,524.132,-0.0398,0.0425092,-0.0142894,0.998201
5534,-64.2084,120.645,524.372,-0.0373203,0.0427297,-0.0179958,0.998227
5535,-64.3584,119.731,524.749,-0.0375891,0.0415915,-0.0240794,0.998137
5536,-64.9834,120.023,525.473,-0.0369812,0.0418594,-0.0243087,0.998143
5537,-64.9407,119.945,526.469,-0.0392914,0.040836,-0.0241833,0.9981
5538,-64.825,120.934,526.566,-0.0374982,0.0394964,-0.0244915,0.998215
5539,-64.042,121.227,527.115,-0.0355567,0.0301926,-0.0177618,0.998754
5540,-64.2208,122.201,527.251,-0.0340184,0.0312311,-0.0152193,0.998817
5541,-63.9894,123.158,527.428,-0.0310072,0.0309717,-0.0154955,0.998919
5542,-63.1694,123.626,527.758,-0.0203455,0.0245581,-0.0147099,0.999383
5543,-62.9132,122.681,527.962,-0.0161992,0.0258984,-0.0102472,0.999481
5544,-62.0587,123.201,527.974,-0.0019246,0.0185579,-0.00687926,0.999802
5545,-62.7566,123.844,528.289,0.00967258,0.0236145,-0.00531804,0.99966
5546,-63.4245,124.533,528.57,0.0191515,0.0271058,-0.00454934,0.999439
5547,-64.1065,124.648,529.292,0.0269902,0.02983,-0.00441618,0.999181
5548,-63.8659,123.785,529.735,0.0316221,0.0305363,-0.0064074,0.999013
5549,-64.4881,123.876,530.512,0.0349527,0.0323521,-0.00895839,0.998825
5550,-63.9949,123.738,531.371,0.0252353,0.0289078,-0.00870525,0.999226
5551,-64.3274,124.679,531.44,0.0294777,0.0300407,-0.0110729,0.999053
5552,-64.6715,124.165,532.226,0.0199955,0.0272128,-0.0174438,0.999277
5553,-64.7997,123.473,532.936,0.0186152,0.0254224,-0.0233956,0.99923
5554,-64.9849,122.824,533.675,0.0190277,0.023657,-0.0306649,0.999069
5555,-65.0654,122.279,534.509,0.0172827,0.0223188,-0.0339477,0.999025
5556,-65.2917,122.081,535.463,0.0171603,0.022566,-0.0339206,0.999022
5557,-65.589,123.026,535.602,0.0222146,0.0232403,-0.0350584,0.998868
5558,-65.525,123.143,536.593,0.0225209,0.0224935,-0.0365068,0.998826
5559,-64.7977,123.592,537.113,0.0267269,0.0194571,-0.0364169,0.99879
5560,-64.4334,123.5,538.039,0.0284534,0.0197383,-0.0363241,0.99874
5561,-64.1022,122.719,538.569,0.0302512,0.0200978,-0.0342077,0.998755
5562,-63.6431,123.274,539.263,0.0380912,0.0206371,-0.0375224,0.998356
5563,-62.933,123.571,539.902,0.0403538,0.0195356,-0.0405511,0.998171
5564,-63.6548,123.376,540.566,0.0364183,0.0236325,-0.0438692,0.998094
5565,-63.6363,123.293,541.562,0.0327287,0.0236989,-0.0443327,0.998199
5566,-63.6,123.137,542.549,0.031403,0.0230145,-0.0434863,0.998295
5567,-63.3332,122.9,543.483,0.033995,0.0230536,-0.0419972,0.998273
5568,-63.5049,122.945,544.467,0.0336063,0.0235771,-0.0430193,0.99823
5569,-63.1309,123.748,544.932,0.0393034,0.023302,-0.0452885,0.997928
5570,-62.5262,123.658,544.14,0.0473598,0.0243297,-0.0488042,0.997388
5571,-63.2001,123.628,544.879,0.0448724,0.027205,-0.0517244,0.997282
5572,-63.0803,123.688,545.87,0.0473557,0.0261522,-0.0542038,0.997063
5573,-63.0287,122.8,546.326,0.0567342,0.0242044,-0.0565243,0.996494
5574,-63.1159,122.748,547.321,0.0527028,0.0236501,-0.0546538,0.996833
5575,-63.7618,122.528,548.052,0.0444717,0.0283552,-0.0589493,0.996867
5576,-63.9177,122.34,549.022,0.0457578,0.0286411,-0.0540174,0.99708
5577,-62.9401,122.451,549.201,0.0483357,0.0264398,-0.0484534,0.997305
5578,-62.0497,121.998,549.249,0.0496131,0.0264736,-0.0455378,0.997379
5579,-61.9697,121.789,550.223,0.0482105,0.0282229,-0.0414631,0.997577
5580,-61.3512,121.262,550.806,0.0435319,0.0262935,-0.0393095,0.997932
5581,-61.3379,122.257,550.906,0.0511163,0.0264503,-0.0481411,0.997181
5582,-61.2171,123.227,551.118,0.0598767,0.0239571,-0.0539597,0.996458
5583,-61.3035,122.879,552.051,0.0515331,0.0223591,-0.0628534,0.996441
5584,-62.1032,122.663,552.612,0.0452889,0.0289527,-0.0729462,0.995886
5585,-61.9055,121.786,553.049,0.0468041,0.0278021,-0.0816367,0.995174
5586,-61.87,120.853,553.408,0.0531035,0.0269397,-0.082086,0.994845
5587,-62.7419,121.337,553.484,0.069379,0.0344327,-0.0798186,0.993796
5588,-62.4771,120.405,553.238,0.0712061,0.0349897,-0.0834121,0.993352
5589,-62.5496,120.484,554.233,0.0726157,0.0393146,-0.0804148,0.993335
5590,-62.249,121.343,554.648,0.0744264,0.0399812,-0.0825484,0.992999
5591,-61.4819,121.984,554.631,0.0739691,0.0383561,-0.0825457,0.993098
5592,-61.254,121.686,555.558,0.0702272,0.0382749,-0.0801464,0.993569
5593,-60.9606,122.521,556.023,0.0747131,0.0380565,-0.0817539,0.993119
5594,-60.8292,123.49,556.232,0.0814054,0.0371596,-0.0805673,0.992724
5595,-60.8766,124.461,556.469,0.0821829,0.0372707,-0.0844374,0.992334
5596,-60.8072,125.43,556.707,0.0876068,0.0358654,-0.091881,0.99126
5597,-61.3619,125.278,557.525,0.0795359,0.0377977,-0.101795,0.9909
5598,-61.6987,126.211,557.397,0.0905319,0.0407098,-0.106822,0.989311
5599,-61.7233,127.163,557.702,0.0934434,0.04006,-0.11087,0.988621
5600,-62.6205,127.197,558.143,0.0936534,0.0404156,-0.11278,0.988371
5601,-62.6389,126.228,558.392,0.100545,0.037717,-0.115696,0.987463
5602,-61.71,126.597,558.423,0.12638,0.0248099,-0.112864,0.985228
5603,-62.1661,126.725,559.304,0.134967,0.0256401,-0.107501,0.984667
5604,-61.9845,126.743,558.32,0.142329,0.0274764,-0.102414,0.984123
5605,-61.7556,127.48,558.956,0.144145,0.02874,-0.102326,0.983832
5606,-61.5049,128.389,559.288,0.154796,0.0281127,-0.104244,0.982029
5607,-61.5578,128.252,560.277,0.15405,0.0293298,-0.103243,0.982216
5608,-61.6297,127.387,560.774,0.153484,0.0295223,-0.105407,0.98207
5609,-61.3014,127.189,561.698,0.156547,0.0286306,-0.107535,0.981381
5610,-62.234,127.308,562.038,0.161819,0.0322313,-0.10995,0.980146
5611,-61.3347,127.63,562.335,0.174781,0.0234316,-0.113674,0.977743
5612,-61.1381,127.556,563.312,0.180844,0.0226862,-0.115715,0.976417
5613,-61.9457,127.432,563.889,0.176934,0.0311331,-0.117373,0.976703
5614,-61.3589,128.039,564.426,0.182891,0.0300917,-0.121259,0.975162
5615,-60.4517,127.879,564.815,0.18168,0.0233872,-0.120319,0.975689
5616,-60.1149,127.874,565.756,0.178942,0.0305071,-0.121311,0.975875
5617,-59.2309,128.248,566.038,0.18252,0.0296038,-0.121513,0.975215
5618,-58.3985,128.188,566.588,0.182266,0.0363438,-0.118811,0.975368
5619,-57.5454,127.912,567.031,0.178956,0.0410437,-0.110346,0.976788
5620,-56.6439,127.595,567.326,0.178129,0.0399993,-0.102958,0.977788
5621,-55.7363,127.464,567.725,0.17969,0.0397116,-0.0998847,0.977833
5622,-55.8685,128.209,568.378,0.188225,0.0416264,-0.10056,0.976077
5623,-55.7433,127.409,568.965,0.190501,0.0426881,-0.103983,0.97523
5624,-55.5667,126.559,569.461,0.188166,0.0424408,-0.107109,0.975356
5625,-55.3313,125.779,570.041,0.18807,0.0410358,-0.110717,0.975032
5626,-55.9955,125.639,570.775,0.188284,0.0425011,-0.111908,0.974792
5627,-55.7424,124.844,571.327,0.187441,0.0401977,-0.116004,0.974573
5628,-56.1938,124.712,572.209,0.188959,0.0397159,-0.116461,0.974245
5629,-56.5878,124.031,571.592,0.191854,0.0386589,-0.118053,0.97353
5630,-57.2124,124.173,572.36,0.200579,0.0390944,-0.115946,0.972006
5631,-56.9985,125.034,572.82,0.213891,0.0387346,-0.120153,0.968666
5632,-56.6781,124.391,573.516,0.210942,0.0401332,-0.119259,0.969366
5633,-56.2326,124.139,574.375,0.210176,0.0447829,-0.119494,0.9693
5634,-55.4436,123.982,574.969,0.21014,0.0474152,-0.12055,0.969051
5635,-54.5769,123.809,575.437,0.210593,0.0488333,-0.120365,0.968906
5636,-53.9772,123.619,576.214,0.211886,0.0539863,-0.119849,0.968414
5637,-53.3922,123.284,576.953,0.211036,0.0592411,-0.115803,0.968785
5638,-52.4734,123.314,577.346,0.214652,0.0587086,-0.114971,0.968122
5639,-51.7136,122.988,577.909,0.21533,0.0619392,-0.110809,0.968255
5640,-50.9231,123.345,578.407,0.220441,0.0621212,-0.111843,0.966973
5641,-50.5455,122.676,579.047,0.219605,0.0632404,-0.107856,0.967544
5642,-50.4302,121.769,579.452,0.219374,0.0634697,-0.107732,0.967595
5643,-50.2943,120.915,579.954,0.219306,0.0627056,-0.108703,0.967552
5644,-50.0623,121.752,580.45,0.22653,0.0610273,-0.112929,0.965509
5645,-50.2163,121.148,581.232,0.225359,0.0611617,-0.113775,0.965675
5646,-50.0752,120.2,581.517,0.2274,0.0603681,-0.11876,0.964645
5647,-49.5156,119.505,581.969,0.229639,0.0598145,-0.123135,0.963601
5648,-49.2193,118.793,582.605,0.228872,0.0590448,-0.126301,0.963421
5649,-49.3921,118.582,583.567,0.228797,0.0587319,-0.126874,0.963382
5650,-50.2481,118.64,584.081,0.22575,0.060925,-0.119592,0.964895
5651,-50.2756,119.515,584.563,0.232051,0.0592192,-0.11161,0.964463
5652,-50.0145,118.744,585.143,0.237755,0.0571575,-0.110278,0.96335
5653,-50.6523,119.015,585.863,0.243965,0.0589527,-0.110733,0.961636
5654,-50.2008,118.658,586.681,0.24536,0.0590127,-0.110387,0.961317
5655,-49.723,117.865,587.059,0.247171,0.060084,-0.108394,0.961014
5656,-49.1151,117.228,587.533,0.248496,0.0622468,-0.108548,0.960517
5657,-48.437,116.825,588.148,0.249402,0.0659617,-0.112551,0.959573
5658,-47.5772,116.342,588.313,0.247943,0.0646067,-0.11518,0.959731
5659,-46.9669,115.676,588.742,0.243517,0.0667434,-0.11152,0.961149
5660,-46.3307,114.96,589.029,0.243067,0.0670624,-0.108937,0.961537
5661,-45.8631,114.416,589.726,0.246026,0.0681736,-0.10843,0.960764
5662,-45.0233,114.769,590.138,0.255362,0.0646902,-0.112605,0.958084
5663,-44.4459,114.071,590.562,0.259106,0.066305,-0.112612,0.956967
5664,-44.0077,113.396,591.155,0.259887,0.0688757,-0.108834,0.957011
5665,-43.5727,112.723,591.753,0.26185,0.0713735,-0.1059,0.956622
5666,-43.1055,111.994,592.253,0.263109,0.0717626,-0.1032,0.956542
5667,-42.393,111.447,592.693,0.263375,0.0703851,-0.103641,0.956524
5668,-41.6475,110.871,593.027,0.263061,0.0679368,-0.104073,0.95674
5669,-41.0838,110.142,593.417,0.264949,0.067871,-0.103955,0.956237
5670,-40.4745,109.357,593.527,0.269875,0.0689203,-0.103521,0.95483
5671,-39.7477,108.716,593.775,0.272846,0.0672325,-0.102083,0.954261
5672,-39.1807,107.926,594.007,0.276217,0.0675064,-0.098915,0.953605
5673,-38.6055,107.119,593.87,0.278984,0.067058,-0.0964137,0.953087
5674,-38.1263,106.459,594.449,0.279525,0.0668219,-0.0931033,0.953275
5675,-37.6696,107.117,595.049,0.284152,0.0659202,-0.0963299,0.951648
5676,-37.3837,107.827,595.692,0.288088,0.0667118,-0.100117,0.950017
5677,-36.9761,106.934,595.887,0.289859,0.0678703,-0.106712,0.948677
5678,-36.5791,106.153,596.369,0.289538,0.0684901,-0.110804,0.948261
5679,-36.1335,105.276,596.55,0.288814,0.0685063,-0.112276,0.948308
5680,-35.8244,104.489,597.082,0.288145,0.0690644,-0.113235,0.948357
5681,-35.4115,103.682,597.506,0.288864,0.0700985,-0.112126,0.948194
5682,-35.1122,102.826,597.927,0.288606,0.0708058,-0.10904,0.94858
5683,-34.5597,102.118,598.367,0.287793,0.072304,-0.107166,0.948927
5684,-34.2072,101.349,598.899,0.284328,0.0753722,-0.107057,0.949745
5685,-33.8311,100.579,599.416,0.284946,0.0764368,-0.106341,0.949555
5686,-33.3055,99.9451,599.983,0.285621,0.0775734,-0.104192,0.949498
5687,-32.5625,100.101,600.634,0.291373,0.0768037,-0.106478,0.947558
5688,-32.015,99.4518,601.162,0.292703,0.0769867,-0.105755,0.947214
5689,-31.4131,98.8044,601.629,0.294813,0.0766629,-0.102803,0.946911
5690,-31.0142,97.9913,602.053,0.294917,0.0772684,-0.101379,0.946983
5691,-30.3392,97.6614,602.713,0.297374,0.0782558,-0.10078,0.946197
5692,-29.7829,97.0219,603.244,0.296444,0.0786877,-0.099345,0.946604
5693,-29.3812,96.142,603.498,0.301255,0.0789859,-0.10243,0.94473
5694,-28.9383,95.2725,603.279,0.31045,0.0814657,-0.108853,0.940816
5695,-27.9808,95.0837,603.498,0.315376,0.0768537,-0.111804,0.939219
5696,-27.0334,94.7799,603.598,0.314177,0.0731084,-0.113069,0.939768
5697,-26.775,93.8629,603.902,0.310983,0.0740762,-0.112638,0.940805
5698,-26.6808,92.8681,603.864,0.30939,0.0750571,-0.113277,0.941176
5699,-26.0439,92.4905,604.536,0.30771,0.0771587,-0.117175,0.94108
5700,-25.7409,92.5859,605.484,0.314757,0.0815654,-0.125366,0.937314
5701,-26.0523,91.7711,604.995,0.317065,0.0829756,-0.128958,0.935924
5702,-25.8259,90.7991,605.059,0.316022,0.0828515,-0.13113,0.935987
5703,-25.369,89.9747,605.393,0.313641,0.0820831,-0.130775,0.936904
5704,-24.8712,90.4861,606.093,0.321679,0.0813285,-0.134162,0.933761
5705,-24.4553,90.8744,606.916,0.333718,0.0802101,-0.133754,0.929682
5706,-23.8824,91.1285,607.695,0.34661,0.0796895,-0.135251,0.92478
5707,-23.1286,91.4312,608.278,0.36476,0.0744416,-0.137223,0.917921
5708,-23.2628,91.857,607.383,0.369581,0.0725693,-0.133479,0.916694
5709,-23.3518,92.3827,608.229,0.371392,0.072281,-0.131927,0.916209
5710,-22.8712,92.4081,609.106,0.371587,0.072541,-0.132114,0.916082
5711,-22.6047,93.0546,609.821,0.380985,0.0727666,-0.135948,0.911632
5712,-21.9735,92.6489,610.482,0.375937,0.074585,-0.139684,0.913015
5713,-21.333,92.5286,611.24,0.368626,0.0764913,-0.145129,0.914987
5714,-21.2941,93.4683,610.9,0.365639,0.0774759,-0.151658,0.915044
5715,-20.6291,93.567,611.641,0.371494,0.0761227,-0.15558,0.912136
5716,-20.3613,94.2426,612.328,0.379005,0.0768716,-0.160225,0.908171
5717,-19.7362,94.559,613.041,0.385779,0.0747366,-0.163154,0.90497
5718,-19.4285,94.0439,613.841,0.386963,0.0734887,-0.162318,0.904716
5719,-18.9144,93.5073,614.51,0.388872,0.0719007,-0.161609,0.904152
5720,-18.9238,92.7331,615.143,0.387867,0.0723161,-0.159552,0.904916
5721,-18.6679,93.4048,615.839,0.399527,0.0727511,-0.167191,0.898406
5722,-18.3447,93.8307,616.684,0.401532,0.0732787,-0.170427,0.89686
5723,-18.0664,94.4764,617.395,0.41043,0.0735739,-0.180741,0.890768
5724,-18.4518,95.3546,617.111,0.409646,0.0725618,-0.184761,0.890387
5725,-18.2392,96.0709,617.776,0.420135,0.0725323,-0.194646,0.883368
5726,-18.8177,96.6937,617.249,0.419483,0.0699426,-0.196265,0.883528
5727,-19.2509,95.7974,617.155,0.41223,0.0700505,-0.196946,0.886776
5728,-19.2073,96.3557,617.984,0.420565,0.070679,-0.198528,0.882449
5729,-18.7888,95.8584,618.744,0.419504,0.0737862,-0.202425,0.881814
5730,-18.3651,96.4298,619.446,0.424361,0.0743878,-0.208214,0.878084
5731,-18.0334,95.4957,619.315,0.425424,0.0732248,-0.207567,0.87782
5732,-17.5507,95.8985,620.092,0.431689,0.0716678,-0.209029,0.874537
5733,-17.8515,95.1012,619.569,0.433963,0.071266,-0.209704,0.873282
5734,-18.3443,94.5501,618.896,0.435053,0.0681797,-0.204132,0.874306
5735,-18.5799,93.7929,618.286,0.436405,0.0665626,-0.20079,0.87453
5736,-18.9436,94.6417,617.902,0.431347,0.0842251,-0.206632,0.874156
5737,-18.4853,94.4749,618.775,0.434669,0.0861024,-0.207565,0.872104
5738,-18.2418,93.505,618.782,0.437611,0.0861228,-0.209984,0.870049
5739,-18.5593,93.4875,619.73,0.443057,0.0841428,-0.209789,0.86753
5740,-17.7903,92.932,620.046,0.448072,0.0778132,-0.21083,0.865291
5741,-17.358,92.2099,620.586,0.449186,0.0744296,-0.211621,0.864817
5742,-16.5469,91.6441,620.438,0.447078,0.0693236,-0.214178,0.865704
5743,-16.2311,90.9998,621.134,0.444801,0.0699517,-0.217017,0.866119
5744,-15.7988,90.3242,620.537,0.432511,0.0726331,-0.222305,0.870769
5745,-15.2504,89.7916,619.892,0.417441,0.0733388,-0.230284,0.875976
5746,-14.6419,89.0289,620.111,0.413864,0.070975,-0.23163,0.877512
5747,-14.2315,88.2325,620.555,0.414727,0.0706012,-0.23049,0.877434
5748,-13.7285,88.441,621.394,0.420807,0.0707949,-0.232481,0.873992
5749,-13.3985,88.9863,622.165,0.426813,0.0712199,-0.235242,0.870298
5750,-12.5712,88.5094,622.462,0.430892,0.067621,-0.235141,0.868601
5751,-12.2164,87.7815,623.048,0.431228,0.0673225,-0.232886,0.869065
5752,-11.6725,87.0535,623.466,0.430547,0.0673052,-0.232368,0.869543
5753,-11.2823,86.2207,623.073,0.424413,0.0676735,-0.232065,0.872605
5754,-11.9137,86.4649,623.809,0.430059,0.0699251,-0.233369,0.869309
5755,-11.0866,85.9716,623.539,0.427763,0.0637637,-0.238487,0.869527
5756,-11.2461,86.8731,623.137,0.424822,0.0589985,-0.244917,0.869518
5757,-11.9564,86.5853,623.779,0.426975,0.0534565,-0.250516,0.867223
5758,-12.4721,87.1906,624.386,0.439346,0.0559402,-0.252319,0.860338
5759,-13.2917,86.9826,624.92,0.440778,0.0522244,-0.260101,0.857516
5760,-14.1305,87.1194,625.447,0.445579,0.0522808,-0.263692,0.853928
5761,-14.2973,88.044,625.104,0.444823,0.0501773,-0.272831,0.851574
5762,-14.0557,88.5809,625.912,0.445438,0.0535382,-0.281343,0.848272
5763,-13.2494,88.1105,625.554,0.433662,0.046637,-0.286769,0.852951
5764,-12.8095,88.6129,626.298,0.437393,0.0460531,-0.290806,0.849705
5765,-13.2434,89.1405,627.029,0.443885,0.0422316,-0.285278,0.84841
5766,-12.8244,88.2557,627.233,0.44478,0.0366687,-0.280282,0.849863
5767,-12.3382,87.3869,627.326,0.444378,0.034595,-0.279154,0.850532
5768,-12.0036,86.4809,627.586,0.439761,0.0330052,-0.277473,0.853539
5769,-11.8235,85.5738,627.966,0.435187,0.0323586,-0.276792,0.856126
5770,-12.0885,86.1734,628.721,0.436057,0.0307638,-0.275615,0.856121
5771,-12.8263,85.6292,629.121,0.432913,0.0288892,-0.280347,0.856246
5772,-13.5149,84.9044,629.14,0.429748,0.0278149,-0.290104,0.854624
5773,-12.7858,84.4931,629.687,0.439595,0.0224334,-0.295325,0.84796
5774,-11.892,84.0997,629.902,0.445111,0.01412,-0.296688,0.84478
5775,-11.2617,83.3465,629.714,0.438854,0.00874352,-0.29925,0.847219
5776,-10.5302,82.6756,629.835,0.433626,0.00106634,-0.302806,0.848691
5777,-10.0073,81.8626,629.579,0.416738,-0.00350005,-0.309435,0.854732
5778,-9.62981,82.374,630.351,0.415975,-0.00123089,-0.317722,0.852066
5779,-9.45243,82.6001,629.393,0.416034,-0.00123904,-0.318559,0.851724
5780,-10.0871,82.7076,630.159,0.418577,-0.00287765,-0.315903,0.851463
5781,-9.48207,81.9121,630.191,0.420329,-0.00735773,-0.31695,0.850183
5782,-10.1934,82.4515,630.642,0.430973,-0.00601728,-0.313383,0.846178
5783,-10.9694,82.2031,631.221,0.433059,-0.00972468,-0.316037,0.844089
5784,-11.6919,81.9554,631.867,0.433833,-0.0146856,-0.32248,0.841178
5785,-12.4589,81.7607,632.478,0.435005,-0.0197043,-0.328118,0.838285
5786,-13.1044,82.5242,632.455,0.436103,-0.0235579,-0.343497,0.831426
5787,-13.2293,83.483,632.2,0.434831,-0.0250426,-0.35342,0.827882
5788,-13.8172,82.9156,631.624,0.431529,-0.0238182,-0.360763,0.826478
5789,-13.1507,83.5752,631.971,0.431044,-0.0235592,-0.364791,0.824969
5790,-13.7382,83.6508,632.777,0.432419,-0.0266085,-0.360345,0.82611
5791,-13.3133,83.9066,631.908,0.43402,-0.0319367,-0.355303,0.827265
5792,-12.7532,84.1944,632.685,0.443391,-0.0346651,-0.357342,0.821285
5793,-13.2768,83.5908,633.286,0.445403,-0.0323395,-0.354057,0.821714
5794,-13.2801,83.5778,632.287,0.445898,-0.0294809,-0.356031,0.8207
5795,-12.9339,83.5601,631.349,0.448033,-0.0319576,-0.357253,0.818911
5796,-13.7709,83.4602,630.811,0.432502,-0.0213008,-0.364524,0.824385
5797,-14.6829,83.0721,630.943,0.430086,-0.0229699,-0.371173,0.822635
5798,-15.3065,83.768,631.299,0.43537,-0.0164893,-0.375597,0.81799
5799,-15.9516,83.3614,631.946,0.434325,-0.0195083,-0.37953,0.816663
5800,-15.7396,84.1778,631.409,0.42423,-0.0310161,-0.392033,0.815707
5801,-15.1561,84.4705,630.651,0.418115,-0.0370742,-0.402224,0.813647
5802,-15.8412,84.6344,631.361,0.413045,-0.0337724,-0.403863,0.815566
5803,-15.1737,84.9588,632.031,0.418195,-0.0349538,-0.410007,0.809806
5804,-14.405,85.2141,632.618,0.422303,-0.037959,-0.411798,0.806624
5805,-14.0495,85.3149,631.688,0.422722,-0.0385082,-0.412223,0.806161
5806,-14.4978,85.0116,630.848,0.423448,-0.0370931,-0.41716,0.803302
5807,-13.8868,84.4486,631.404,0.426384,-0.0399237,-0.417984,0.801182
5808,-13.5745,84.747,632.306,0.428065,-0.0408202,-0.417275,0.80061
5809,-13.9538,84.2531,631.524,0.427268,-0.0390597,-0.420984,0.79918
5810,-14.7886,83.8866,631.934,0.427981,-0.041887,-0.423639,0.79725
5811,-15.6639,84.351,631.8,0.429497,-0.040801,-0.423953,0.796324
5812,-16.5557,83.9056,631.879,0.426238,-0.0417035,-0.439962,0.789313
5813,-17.4188,84.3551,632.109,0.426701,-0.0442635,-0.451876,0.782161
5814,-18.2064,83.7999,632.377,0.426952,-0.0495582,-0.460055,0.77692
5815,-19.0566,83.3568,632.661,0.424832,-0.0520138,-0.46351,0.775868
5816,-19.8881,83.6915,632.218,0.414981,-0.0386936,-0.467814,0.779386
5817,-20.7146,83.1481,632.365,0.413823,-0.0383192,-0.473782,0.77641
5818,-20.0386,83.4061,633.055,0.415806,-0.0373667,-0.479489,0.77188
5819,-20.6604,83.2034,633.811,0.419178,-0.039216,-0.47505,0.772709
5820,-21.3424,83.4655,634.494,0.421328,-0.0338279,-0.464429,0.778231
5821,-21.1176,83.8118,633.583,0.422036,-0.0361474,-0.463612,0.77823
5822,-20.9079,83.1886,634.337,0.424206,-0.0420957,-0.463687,0.776705
5823,-21.8206,82.9493,634.668,0.419304,-0.0386583,-0.475038,0.772676
5824,-22.4091,83.7513,634.77,0.419546,-0.0373723,-0.47877,0.770301
5825,-23.206,83.4198,635.275,0.41801,-0.0410421,-0.486287,0.76623
5826,-22.5351,83.0518,634.632,0.409514,-0.0549277,-0.497147,0.762972
5827,-22.0925,83.5881,633.913,0.399164,-0.0601331,-0.506584,0.761856
5828,-22.9038,83.1076,634.246,0.394529,-0.0627264,-0.521934,0.753656
5829,-23.1154,84.0849,634.237,0.393341,-0.0585574,-0.531982,0.747562
5830,-22.872,84.4374,633.333,0.387537,-0.0589425,-0.536666,0.747216
5831,-23.6697,84.3194,632.742,0.374415,-0.0529506,-0.533706,0.756417
5832,-24.0562,84.3666,631.821,0.376026,-0.052792,-0.532248,0.756657
5833,-23.1302,84.0518,632.029,0.377772,-0.0555586,-0.526504,0.759602
5834,-23.2194,84.173,631.041,0.379504,-0.0549958,-0.521081,0.762514
5835,-22.6108,84.1308,630.248,0.382616,-0.0589153,-0.511125,0.767388
5836,-21.8759,83.4679,630.105,0.385358,-0.0830529,-0.494515,0.774633
5837,-21.3474,82.7171,629.709,0.382433,-0.087663,-0.488649,0.779283
5838,-20.6615,81.9946,629.796,0.382221,-0.0918652,-0.483497,0.782112
5839,-20.1715,82.4319,629.042,0.386808,-0.0913346,-0.479328,0.782485
5840,-20.7818,82.946,629.645,0.389092,-0.0895836,-0.474768,0.784332
5841,-20.0471,82.7591,628.992,0.389596,-0.0866073,-0.473565,0.785144
5842,-19.7204,83.3142,628.227,0.392774,-0.080742,-0.471505,0.785425
5843,-19.1325,83.2922,627.419,0.392998,-0.0802916,-0.470796,0.785784
5844,-18.4835,83.5804,628.123,0.395574,-0.0799596,-0.469598,0.785242
5845,-18.4421,82.6115,628.367,0.393567,-0.0748207,-0.479611,0.780692
5846,-17.9715,82.9521,627.553,0.399213,-0.0732221,-0.487788,0.772872
5847,-17.7942,82.127,628.09,0.402309,-0.0686287,-0.498416,0.764865
5848,-18.0485,81.5283,628.849,0.400788,-0.0649989,-0.499589,0.765216
5849,-18.2198,81.0374,629.703,0.399078,-0.0618454,-0.502796,0.764269
5850,-18.5179,80.3515,629.039,0.386955,-0.0574175,-0.505256,0.769211
5851,-17.8659,80.7261,629.699,0.389895,-0.0574287,-0.509109,0.765175
5852,-17.2209,81.1511,630.334,0.389636,-0.0573429,-0.510962,0.764077
5853,-16.5094,81.0604,629.637,0.388527,-0.0574204,-0.511374,0.76436
5854,-16.4849,81.7903,630.32,0.390304,-0.0567841,-0.510955,0.763782
5855,-16.3605,81.6986,629.332,0.390103,-0.0564512,-0.511536,0.763521
5856,-15.4567,82.0415,629.076,0.388525,-0.0550086,-0.514516,0.762427
5857,-15.6356,81.2314,628.518,0.385443,-0.0504301,-0.524462,0.757516
5858,-15.7118,80.5883,629.28,0.382826,-0.0482718,-0.528558,0.756135
5859,-16.252,80.1697,630.01,0.381635,-0.0458932,-0.531526,0.754803
5860,-15.6361,79.5334,630.474,0.384201,-0.0474924,-0.532367,0.752808
5861,-15.1236,78.6748,630.466,0.383701,-0.0522231,-0.533051,0.752266
5862,-14.8097,79.4953,629.988,0.384026,-0.0541324,-0.529245,0.754648
5863,-14.9771,78.58,630.355,0.38131,-0.0549231,-0.525824,0.75835
5864,-15.8429,78.9108,630.73,0.376983,-0.0477538,-0.521198,0.76417
5865,-15.078,79.0401,631.361,0.377671,-0.0485289,-0.522219,0.763084
5866,-15.8948,79.3586,631.842,0.373209,-0.043568,-0.519153,0.767657
5867,-15.635,78.3977,631.938,0.36589,-0.0430704,-0.526564,0.766159
5868,-14.8976,78.729,632.527,0.370774,-0.0413824,-0.534642,0.758269
5869,-15.1413,77.7667,632.648,0.368354,-0.0393892,-0.537494,0.757538
5870,-14.4377,78.043,631.993,0.369655,-0.0389829,-0.537784,0.756719
5871,-14.8721,78.6315,632.675,0.376997,-0.038464,-0.535565,0.754694
5872,-14.5114,78.5569,631.745,0.382758,-0.0415919,-0.532403,0.753866
5873,-14.5999,79.5238,631.506,0.387253,-0.0425151,-0.529686,0.753432
5874,-14.232,79.0524,630.705,0.391145,-0.0444777,-0.526954,0.753225
5875,-13.7324,79.1823,629.848,0.396919,-0.0488829,-0.521312,0.753857
5876,-14.4436,79.0386,630.536,0.40313,-0.0519576,-0.513598,0.755648
5877,-14.0613,78.1412,630.316,0.401562,-0.0547006,-0.513539,0.756329
5878,-14.1488,77.4706,631.053,0.402853,-0.0544077,-0.513194,0.755898
5879,-14.9377,77.6914,631.626,0.403249,-0.0466468,-0.513481,0.75601
5880,-14.5655,76.852,631.23,0.400735,-0.0472494,-0.516184,0.755469
5881,-15.5374,76.6168,631.229,0.39967,-0.0451269,-0.517974,0.754938
5882,-16.0364,76.4059,632.069,0.399983,-0.0442784,-0.520006,0.753424
5883,-16.0959,75.4719,632.421,0.401105,-0.0441737,-0.522433,0.75115
5884,-15.2473,75.107,632.804,0.403865,-0.0471554,-0.523495,0.748747
5885,-14.5283,74.4802,632.504,0.403622,-0.0478734,-0.524247,0.748307
5886,-15.4471,74.7529,632.789,0.402054,-0.0451894,-0.525066,0.748743
5887,-15.8739,75.6223,632.541,0.399652,-0.0440766,-0.525988,0.749447
5888,-16.6545,76.0253,633.018,0.39591,-0.0381777,-0.525571,0.752046
5889,-15.9396,76.1406,633.708,0.393753,-0.0384845,-0.528986,0.750767
5890,-16.6654,75.822,634.318,0.39028,-0.0367135,-0.531919,0.750597
5891,-16.5835,75.0929,634.997,0.391098,-0.035971,-0.536458,0.746968
5892,-17.1842,75.7535,635.448,0.392083,-0.0330711,-0.538191,0.745337
5893,-16.4708,75.0563,635.377,0.39358,-0.0365585,-0.540933,0.742395
5894,-17.2267,75.6605,635.629,0.395836,-0.0359481,-0.540583,0.74148
5895,-16.443,75.7588,635.016,0.397753,-0.0372366,-0.539549,0.741143
5896,-15.7036,75.0864,635.047,0.399716,-0.0442598,-0.542001,0.737904
5897,-16.4568,75.0571,635.704,0.403238,-0.0448726,-0.54163,0.736222
5898,-15.5803,74.6562,635.438,0.40895,-0.0520143,-0.542997,0.73158
5899,-14.8139,74.6121,636.079,0.413997,-0.0570533,-0.542504,0.728726
5900,-14.0776,73.9563,635.912,0.416159,-0.0645718,-0.539937,0.728773
5901,-14.8127,74.043,636.585,0.417626,-0.067705,-0.53483,0.73141
5902,-15.6842,74.4226,636.895,0.416185,-0.0670285,-0.531837,0.73447
5903,-16.4032,74.1972,637.553,0.41325,-0.0663112,-0.531412,0.736498
5904,-16.8656,73.4667,638.055,0.408379,-0.0652257,-0.531788,0.739036
5905,-16.1577,73.4884,638.761,0.410703,-0.0685403,-0.532014,0.737283
5906,-15.6314,73.7318,639.576,0.413535,-0.0703351,-0.531751,0.735719
5907,-14.9961,73.8832,640.333,0.416765,-0.0703737,-0.536776,0.730223
5908,-15.6941,73.4342,640.891,0.411045,-0.0666199,-0.540282,0.731232
5909,-16.3718,72.8526,641.341,0.404522,-0.0641099,-0.544252,0.732149
5910,-17.0614,72.609,642.023,0.401364,-0.0623813,-0.549389,0.730197
5911,-17.5859,71.988,642.605,0.400941,-0.0626131,-0.554076,0.72686
5912,-18.5706,71.8708,642.476,0.401989,-0.0621222,-0.556797,0.724239
5913,-19.4932,71.555,642.255,0.403212,-0.0644981,-0.554935,0.724781
5914,-20.2521,71.3247,642.864,0.404972,-0.067399,-0.551733,0.725979
5915,-20.9792,70.9877,643.462,0.406285,-0.0698409,-0.547655,0.728099
5916,-20.5225,70.199,643.874,0.408308,-0.0762471,-0.545109,0.728236
5917,-21.2084,69.7138,644.416,0.408887,-0.077164,-0.54126,0.730681
5918,-21.9444,69.1993,644.856,0.405551,-0.0742003,-0.539334,0.734263
5919,-22.7533,68.6782,645.128,0.402146,-0.0709249,-0.540783,0.735393
5920,-23.2999,67.9526,645.546,0.399326,-0.0686217,-0.543259,0.735323
5921,-24.0376,67.2946,645.697,0.398991,-0.0680302,-0.544836,0.734392
5922,-24.8309,66.6862,645.675,0.401353,-0.0688667,-0.545754,0.732342
5923,-24.2697,65.9158,645.978,0.405895,-0.0781101,-0.548065,0.727168
5924,-23.8132,65.8274,646.863,0.409669,-0.0805898,-0.546767,0.725756
5925,-24.4182,65.3277,647.483,0.411166,-0.0815524,-0.546562,0.724956
5926,-23.6292,65.6528,648.004,0.412504,-0.0824398,-0.54625,0.724331
5927,-24.3152,65.0709,648.441,0.412038,-0.0831596,-0.54683,0.724076
5928,-25.0525,64.7459,649.033,0.412779,-0.0826146,-0.548522,0.722435
5929,-25.7612,64.2596,649.544,0.411723,-0.0820245,-0.551198,0.721066
5930,-26.2464,63.4793,649.939,0.410484,-0.0831749,-0.555097,0.718646
5931,-27.1254,63.055,650.156,0.409663,-0.0827984,-0.55791,0.716978
5932,-27.8728,62.6322,650.669,0.409665,-0.0836821,-0.557461,0.717223
5933,-28.6996,62.2332,651.065,0.408564,-0.0850188,-0.555924,0.718885
5934,-29.582,61.8595,651.351,0.407429,-0.0852397,-0.555905,0.719517
5935,-30.2816,61.2607,651.741,0.405851,-0.0847538,-0.55647,0.72003
5936,-30.9783,60.6567,652.128,0.404955,-0.0847613,-0.558135,0.719244
5937,-31.7549,60.2825,652.635,0.404469,-0.0840286,-0.559859,0.718263
5938,-32.3103,59.7703,653.29,0.404323,-0.0841254,-0.560149,0.718108
5939,-33.0217,59.2427,653.755,0.40455,-0.086526,-0.557563,0.719706
5940,-33.679,58.6897,654.267,0.403634,-0.0857335,-0.557797,0.720133
5941,-34.2865,58.031,654.711,0.403011,-0.0861841,-0.55691,0.721115
5942,-33.5761,57.9756,655.412,0.405326,-0.0879656,-0.557192,0.719382
5943,-34.2021,57.3517,655.88,0.40409,-0.0885524,-0.55785,0.719495
5944,-34.8351,56.8049,656.428,0.404484,-0.0888342,-0.558679,0.718595
5945,-35.5552,56.2881,656.891,0.404106,-0.0876868,-0.561764,0.716541
5946,-35.0739,56.5259,657.735,0.410057,-0.0903759,-0.561241,0.713228
5947,-35.7794,56.0484,658.259,0.40966,-0.0902012,-0.562664,0.712356
5948,-36.5906,55.5359,658.54,0.408504,-0.0900781,-0.565228,0.711004
5949,-37.3943,55.125,658.97,0.407867,-0.0903929,-0.567056,0.709874
5950,-38.1346,54.7006,659.492,0.407009,-0.0902193,-0.568763,0.709022
5951,-37.5628,54.7585,660.31,0.413738,-0.0949143,-0.567703,0.705355
5952,-37.0909,54.7372,661.192,0.420587,-0.0995069,-0.563576,0.703979
5953,-36.5336,54.7754,662.021,0.427925,-0.10427,-0.560445,0.701362
5954,-35.9839,54.4923,662.807,0.433169,-0.109777,-0.559465,0.698078
5955,-36.6132,53.8609,663.26,0.437408,-0.114225,-0.554366,0.698788
5956,-37.3306,53.2607,663.614,0.441854,-0.11803,-0.552266,0.697019
5957,-37.9576,52.9074,664.308,0.442254,-0.117282,-0.552724,0.69653
5958,-38.6876,52.5383,664.883,0.441843,-0.115597,-0.555179,0.695117
5959,-39.4673,52.0416,665.264,0.441477,-0.116901,-0.557478,0.69329
5960,-40.2363,51.6005,665.727,0.442248,-0.118969,-0.558051,0.691984
5961,-40.9405,50.9762,666.065,0.441794,-0.118642,-0.56098,0.689959
5962,-41.711,50.662,666.62,0.442138,-0.117345,-0.565231,0.686482
5963,-42.5577,50.1788,666.843,0.442298,-0.118111,-0.573441,0.679403
5964,-43.3654,49.852,667.334,0.439649,-0.116514,-0.578293,0.677282
5965,-44.1935,49.5795,667.823,0.438483,-0.1165,-0.581385,0.67539
5966,-45.0174,49.1501,668.193,0.438091,-0.117061,-0.584079,0.67322
5967,-44.5061,49.3036,669.039,0.446732,-0.123244,-0.581716,0.668467
5968,-45.3116,48.7566,669.267,0.442836,-0.123226,-0.584203,0.668893
5969,-46.3024,48.6438,669.192,0.442384,-0.123282,-0.587491,0.666298
5970,-47.2332,48.3295,669.005,0.43938,-0.124206,-0.58978,0.666092
5971,-48.1713,48.0393,669.195,0.438188,-0.125808,-0.590092,0.6663
5972,-49.0771,47.7043,669.454,0.438012,-0.126844,-0.589673,0.66659
5973,-49.9165,47.2035,669.665,0.435236,-0.127881,-0.587402,0.670205
5974,-49.3574,47.1647,670.494,0.440742,-0.133686,-0.585458,0.667168
5975,-50.2162,47.0693,669.99,0.439067,-0.133619,-0.585827,0.667962
5976,-49.9083,46.843,670.914,0.446493,-0.140815,-0.582755,0.664237
5977,-50.5515,46.3549,670.324,0.449568,-0.149248,-0.57623,0.666012
5978,-51.0907,46.1999,669.497,0.452679,-0.155456,-0.570965,0.667019
5979,-51.7084,46.0942,668.717,0.452609,-0.158932,-0.565483,0.670906
5980,-51.5792,46.7785,669.435,0.463676,-0.165722,-0.557232,0.668605
5981,-51.7985,47.5575,670.022,0.503701,-0.168334,-0.527921,0.662758
5982,-52.2288,47.4065,669.132,0.507795,-0.183733,-0.511866,0.668117
5983,-52.0575,48.0944,669.838,0.5262,-0.204241,-0.484928,0.668014
5984,-51.5372,47.243,669.77,0.530604,-0.213108,-0.500648,0.64992
5985,-51.8031,46.3855,669.33,0.530042,-0.193177,-0.526175,0.6363
5986,-51.5999,46.5323,670.298,0.538594,-0.173487,-0.553402,0.611199
5987,-51.4675,46.9847,671.18,0.544064,-0.15759,-0.572441,0.59285
5988,-51.3244,47.3233,672.109,0.542122,-0.139365,-0.594118,0.577671
5989,-51.7316,48.2235,672.264,0.5372,-0.0926722,-0.587233,0.598319
5990,-51.3418,48.3516,673.176,0.542811,-0.0904451,-0.591685,0.589139
5991,-52.0951,49.0074,673.127,0.523214,-0.069598,-0.590891,0.610124
5992,-53.0016,48.7815,673.483,0.517643,-0.0816247,-0.585958,0.618092
5993,-53.9821,48.5881,673.52,0.516561,-0.0982447,-0.572115,0.629441
5994,-54.4349,48.4337,672.642,0.513916,-0.12602,-0.538455,0.655801
5995,-55.0964,47.9646,673.227,0.518525,-0.132848,-0.525097,0.661632
5996,-54.4942,47.2628,673.607,0.5192,-0.140533,-0.517498,0.665491
5997,-53.876,47.0344,674.359,0.524164,-0.142037,-0.518532,0.660456
5998,-53.3658,46.8832,675.206,0.526583,-0.136747,-0.527376,0.652599
5999,-54.3574,46.7774,675.279,0.523726,-0.128724,-0.536803,0.648832
6000,-55.1201,46.3141,675.731,0.522793,-0.122419,-0.545087,0.64388
6001,-55.9534,45.9952,676.182,0.522171,-0.117682,-0.550639,0.640535
6002,-56.8113,46.2333,675.727,0.521722,-0.111351,-0.558195,0.635473
6003,-57.769,45.9883,675.576,0.523903,-0.106017,-0.569971,0.624034
6004,-58.5324,46.0775,676.216,0.525796,-0.098414,-0.574973,0.61908
6005,-59.344,45.4937,676.194,0.521212,-0.0965075,-0.577702,0.620714
6006,-58.7719,45.2956,676.99,0.525383,-0.103173,-0.576851,0.616904
6007,-58.3565,44.9525,677.832,0.528733,-0.107235,-0.575957,0.614179
6008,-59.3441,44.8417,677.943,0.529661,-0.106741,-0.575941,0.61348
6009,-59.0774,44.3275,678.758,0.534098,-0.108519,-0.576579,0.608703
6010,-58.7549,43.8243,679.56,0.539479,-0.110661,-0.577158,0.602997
6011,-58.3072,43.5327,680.405,0.54297,-0.111701,-0.576641,0.60016
6012,-57.7334,43.2803,681.185,0.547438,-0.114193,-0.576306,0.595938
6013,-57.2299,42.8398,681.928,0.549848,-0.115586,-0.576971,0.5928
6014,-56.7854,42.5803,682.785,0.556912,-0.121457,-0.574621,0.587288
6015,-56.6836,42.2552,683.725,0.559312,-0.124,-0.572915,0.586142
6016,-57.5104,42.1248,683.178,0.559649,-0.125172,-0.570973,0.587465
6017,-58.3715,41.6873,683.437,0.558342,-0.121571,-0.571978,0.588486
6018,-57.9652,41.1763,684.195,0.562167,-0.122593,-0.574128,0.582509
6019,-58.207,41.0145,683.238,0.565264,-0.121723,-0.576716,0.577113
6020,-58.6672,41.0727,682.352,0.567838,-0.121928,-0.57794,0.573305
6021,-59.2357,40.3044,682.646,0.566864,-0.124557,-0.575187,0.576464
6022,-59.3678,40.4986,681.674,0.56808,-0.12677,-0.572189,0.577767
6023,-60.2176,40.145,682.065,0.567905,-0.126914,-0.570707,0.579371
6024,-59.7509,39.9055,682.917,0.574014,-0.128732,-0.570714,0.572906
6025,-59.4034,39.5213,683.772,0.578004,-0.127824,-0.57485,0.564906
6026,-58.7233,39.2348,684.447,0.578023,-0.125304,-0.577415,0.562832
6027,-58.281,38.9904,685.31,0.58234,-0.125803,-0.579294,0.556303
6028,-57.6748,38.7118,686.055,0.585071,-0.12688,-0.580464,0.551956
6029,-58.0462,39.0366,685.185,0.585566,-0.124761,-0.583555,0.548645
6030,-58.9368,38.6107,685.025,0.588353,-0.127801,-0.584439,0.544003
6031,-59.6008,38.57,684.278,0.590736,-0.130485,-0.584804,0.540378
6032,-60.4598,38.1058,684.495,0.591446,-0.130711,-0.584417,0.539965
6033,-59.9861,37.6611,685.255,0.597591,-0.136007,-0.583565,0.532765
6034,-59.5828,37.2047,686.048,0.599496,-0.13809,-0.583451,0.530207
6035,-59.225,37.0586,686.97,0.60159,-0.136581,-0.58436,0.527218
6036,-58.9897,36.6811,687.866,0.603601,-0.135682,-0.586461,0.5228
6037,-59.9575,36.6032,687.626,0.599162,-0.131989,-0.591026,0.52371
6038,-60.7932,36.4911,688.164,0.599247,-0.133436,-0.591383,0.522843
6039,-61.7413,36.234,688.351,0.601294,-0.137623,-0.590445,0.520462
6040,-62.3837,35.52,688.629,0.600211,-0.139914,-0.589553,0.522109
6041,-63.2283,35.0928,688.952,0.600068,-0.140533,-0.588961,0.522775
6042,-64.1789,34.8381,689.13,0.600539,-0.142069,-0.587816,0.523108
6043,-65.1396,34.6211,689.303,0.60198,-0.143557,-0.585567,0.523568
6044,-64.9422,34.0936,690.129,0.605675,-0.14732,-0.583772,0.520254
6045,-65.6389,33.4519,690.45,0.606587,-0.147925,-0.583162,0.519705
6046,-65.2303,32.57,690.685,0.609849,-0.154554,-0.583539,0.513498
6047,-66.2006,32.5347,690.924,0.609837,-0.155467,-0.582927,0.51393
6048,-67.1109,32.2384,690.635,0.608195,-0.154623,-0.582807,0.516262
6049,-68.1056,32.3292,690.685,0.607639,-0.154944,-0.583393,0.516159
6050,-67.8419,32.019,691.599,0.612135,-0.158314,-0.583391,0.509787
6051,-68.8173,31.884,691.773,0.613468,-0.158745,-0.584022,0.507321
6052,-69.41,32.2358,692.498,0.614946,-0.156406,-0.58446,0.505753
6053,-70.3575,32.0371,692.748,0.614479,-0.153839,-0.586924,0.504251
6054,-71.1441,31.469,692.99,0.613606,-0.154408,-0.588422,0.503394
6055,-72.0793,31.1223,693.062,0.613819,-0.156341,-0.588478,0.502471
6056,-73.0702,31.047,693.174,0.612552,-0.158353,-0.587582,0.504433
6057,-72.7959,30.6578,694.053,0.617363,-0.166288,-0.583779,0.500413
6058,-73.1478,29.8851,693.525,0.607653,-0.166883,-0.586524,0.50882
6059,-72.8829,29.5804,694.44,0.61243,-0.172859,-0.583013,0.505119
6060,-73.8396,29.2898,694.46,0.610449,-0.172973,-0.583031,0.507452
6061,-74.8316,29.1818,694.525,0.611091,-0.172839,-0.584782,0.504702
6062,-75.7273,28.7471,694.432,0.611758,-0.174283,-0.584718,0.50347
6063,-76.6873,28.4738,694.371,0.612106,-0.174496,-0.585239,0.502367
6064,-77.6337,28.4018,694.056,0.612142,-0.173754,-0.586881,0.500661
6065,-78.6061,28.1692,694.037,0.611771,-0.173873,-0.5877,0.500114
6066,-79.535,28.0725,693.679,0.611493,-0.173293,-0.589962,0.497987
6067,-80.4991,27.816,693.612,0.61138,-0.174099,-0.590915,0.496712
6068,-81.4294,27.4613,693.706,0.611583,-0.173279,-0.59187,0.495612
6069,-82.2756,26.9458,693.572,0.610645,-0.173414,-0.593602,0.494649
6070,-83.2591,26.8317,693.431,0.610426,-0.171983,-0.595131,0.493581
6071,-84.2334,26.663,693.281,0.610379,-0.171393,-0.597107,0.491452
6072,-85.1815,26.3478,693.324,0.610148,-0.170837,-0.598823,0.489842
6073,-86.1569,26.2827,693.113,0.609737,-0.169988,-0.600921,0.488076
6074,-87.1453,26.1778,693.004,0.609006,-0.169454,-0.602114,0.487705
6075,-88.1238,26.0075,693.12,0.609447,-0.171427,-0.600912,0.487946
6076,-89.0386,25.6106,693.195,0.609699,-0.174356,-0.598799,0.489191
6077,-89.9539,25.5782,692.794,0.609189,-0.176842,-0.596286,0.491995
6078,-90.8595,25.1773,692.656,0.610193,-0.180533,-0.59212,0.494435
6079,-91.7346,24.7515,692.425,0.61001,-0.180633,-0.589406,0.497855
6080,-92.6474,24.3759,692.265,0.609445,-0.178552,-0.589794,0.498839
6081,-92.3968,23.7173,692.975,0.612383,-0.180595,-0.590892,0.493173
6082,-93.3886,23.7929,692.871,0.613198,-0.179579,-0.591976,0.491227
6083,-94.2421,23.314,692.666,0.612051,-0.178157,-0.593715,0.491077
6084,-95.2049,23.0466,692.704,0.612606,-0.177336,-0.594497,0.489734
6085,-96.1809,22.8301,692.682,0.613082,-0.176249,-0.596279,0.487357
6086,-97.1538,22.6072,692.745,0.611988,-0.175284,-0.598211,0.486713
6087,-98.0688,22.2106,692.671,0.610966,-0.176107,-0.600995,0.484264
6088,-99.0432,22.0846,692.485,0.610153,-0.175019,-0.603377,0.482719
6089,-99.9976,21.7948,692.413,0.609449,-0.174511,-0.605541,0.481079
6090,-100.933,21.7836,692.061,0.608876,-0.173522,-0.607597,0.479569
6091,-101.927,21.8434,691.966,0.608546,-0.172458,-0.608507,0.479218
6092,-102.859,21.5189,691.806,-0.608007,0.170825,0.609943,-0.47866
6093,-103.808,21.2068,691.745,-0.609204,0.171428,0.609945,-0.476918
6094,-104.784,21.2145,691.529,-0.609016,0.173039,0.609504,-0.47714
6095,-105.664,20.9099,691.165,0.60948,-0.175371,-0.608767,0.476636
6096,-106.533,21.1279,690.721,0.611027,-0.178192,-0.607492,0.475235
6097,-107.062,20.2915,690.576,0.612882,-0.180998,-0.607317,0.471996
6098,-108.03,20.0887,690.427,0.613361,-0.180432,-0.606377,0.4728
6099,-109.01,19.9059,690.495,0.612794,-0.177731,-0.605458,0.475727
6100,-108.878,19.3776,691.334,0.615273,-0.179581,-0.605609,0.471623
6101,-108.631,18.9853,692.22,0.620413,-0.182294,-0.605774,0.463566
6102,-109.605,18.7759,692.136,0.619616,-0.180492,-0.607252,0.463405
6103,-109.617,18.1975,692.952,0.620708,-0.181063,-0.608228,0.46043
6104,-109.517,17.596,693.744,0.624032,-0.183175,-0.609041,0.453982
6105,-110.516,17.5541,693.767,0.623855,-0.18222,-0.610186,0.453072
6106,-111.417,17.1829,693.542,0.623388,-0.182177,-0.611051,0.452566
6107,-112.406,17.0367,693.554,0.624273,-0.182738,-0.610512,0.451846
6108,-113.357,16.9113,693.271,0.624365,-0.18306,-0.610377,0.451771
6109,-114.262,16.4901,693.334,0.624714,-0.183873,-0.610416,0.450904
6110,-115.112,16.07,693.016,0.625303,-0.185051,-0.610487,0.449508
6111,-116.108,16.1436,693.058,0.625726,-0.184595,-0.610679,0.448847
6112,-116.28,15.6423,693.906,0.629732,-0.187579,-0.609133,0.444081
6113,-117,15.6944,693.213,0.630008,-0.18887,-0.607738,0.445054
6114,-117.932,15.3489,693.109,0.631541,-0.190242,-0.60603,0.444626
6115,-117.963,14.5002,693.637,0.632473,-0.191876,-0.604799,0.444275
6116,-117.873,13.8156,694.36,0.635628,-0.195162,-0.60427,0.439029
6117,-118.722,13.9066,693.841,0.636241,-0.195202,-0.603934,0.438585
6118,-118.882,13.5607,694.766,0.639066,-0.196704,-0.60308,0.434967
6119,-119.605,14.0528,694.281,0.63933,-0.197666,-0.602457,0.435007
6120,-120.308,14.3359,693.629,0.638934,-0.198187,-0.602848,0.43481
6121,-120.162,13.7766,694.445,0.642889,-0.204569,-0.601106,0.428388
6122,-121.077,13.8792,694.833,0.642892,-0.204578,-0.601112,0.428371
6123,-122.055,13.717,694.698,0.642954,-0.204694,-0.601251,0.428028
6124,-123.015,13.8509,694.941,0.643367,-0.204216,-0.601967,0.426627
6125,-123.998,13.6697,694.9,0.642889,-0.203854,-0.603093,0.425929
6126,-124.961,13.4134,694.987,0.642847,-0.204881,-0.603339,0.425151
6127,-125.939,13.2081,694.976,0.643124,-0.206405,-0.60185,0.426105
6128,-126.926,13.1735,694.814,0.643275,-0.209828,-0.598796,0.428501
6129,-127.874,12.8606,694.868,0.642809,-0.208494,-0.597599,0.431512
6130,-127.756,12.2486,695.65,0.648227,-0.214338,-0.596291,0.422253
6131,-128.681,12.0219,695.345,0.647024,-0.211728,-0.597279,0.424015
6132,-129.023,11.7474,696.244,0.648996,-0.211054,-0.598134,0.420114
6133,-129.546,11.0855,696.781,0.65038,-0.212984,-0.598121,0.417006
6134,-130.07,11.502,696.038,0.650114,-0.211863,-0.599303,0.416295
6135,-130.998,11.6962,695.722,0.652952,-0.214598,-0.597951,0.412379
6136,-131.993,11.6199,695.647,0.654014,-0.217236,-0.596723,0.41109
6137,-132.435,11.2267,696.453,0.658982,-0.224419,-0.593146,0.404423
6138,-133.424,11.0825,696.487,0.659263,-0.226639,-0.592083,0.404283
6139,-134.381,11.0914,696.195,0.659171,-0.226407,-0.592048,0.404614
6140,-135.297,10.6968,696.119,0.658914,-0.226794,-0.592184,0.404617
6141,-136.198,10.3655,695.84,0.658897,-0.227527,-0.592349,0.40399
6142,-136.726,11.1828,696.072,0.660061,-0.225619,-0.590946,0.405214
6143,-137.709,11.0971,696.232,0.661246,-0.226369,-0.591219,0.402456
6144,-138.355,10.3378,696.308,0.662205,-0.22778,-0.592526,0.398138
6145,-139.283,10.066,696.05,0.660167,-0.224846,-0.597574,0.395638
6146,-140.244,9.84784,695.885,0.658248,-0.222496,-0.600924,0.395089
6147,-141.087,10.2877,696.197,0.656123,-0.212549,-0.603942,0.399474
6148,-141.121,9.95834,697.141,0.659657,-0.217291,-0.60138,0.394943
6149,-141.177,9.10075,696.63,0.657584,-0.219409,-0.605281,0.391252
6150,-141.863,9.47609,696.006,0.658257,-0.219837,-0.606439,0.388074
6151,-142.855,9.48444,696.135,0.659579,-0.222499,-0.60494,0.38665
6152,-143.835,9.67424,696.086,0.660958,-0.225838,-0.602875,0.385582
6153,-144.813,9.59583,695.891,0.662258,-0.228503,-0.600562,0.385391
6154,-144.927,8.95765,696.652,0.665971,-0.235547,-0.596491,0.381049
6155,-145.886,8.68918,696.571,0.666572,-0.237685,-0.59441,0.381921
6156,-146.53,9.03765,695.889,0.66571,-0.237834,-0.593734,0.384377
6157,-147.431,8.95703,695.463,0.666467,-0.239202,-0.592759,0.38372
6158,-148.264,8.99342,694.91,0.667518,-0.240754,-0.592029,0.382046
6159,-148.395,8.45565,695.743,0.670905,-0.242734,-0.591716,0.375284
6160,-149.198,8.89126,695.337,0.670732,-0.241954,-0.592795,0.374394
6161,-149.778,9.67231,695.104,0.670951,-0.243995,-0.592309,0.373445
6162,-150.399,9.88621,694.351,0.669635,-0.24417,-0.592631,0.375176
6163,-150.82,10.1513,693.483,0.667762,-0.244054,-0.592638,0.378565
6164,-151.149,10.472,692.595,0.666652,-0.244782,-0.592057,0.380954
6165,-151.274,9.62342,693.109,0.66812,-0.247882,-0.591467,0.377276
6166,-152.045,9.08006,692.775,0.668737,-0.248738,-0.59226,0.374364
6167,-153.018,8.85791,692.72,0.668875,-0.247996,-0.593118,0.373249
6168,-153.055,8.44658,693.631,0.672032,-0.252604,-0.590478,0.368646
6169,-153.914,8.31,693.137,0.670335,-0.250138,-0.593608,0.368391
6170,-154.904,8.23703,693.018,0.669701,-0.249984,-0.595309,0.366901
6171,-155.888,8.38479,693.121,0.670192,-0.248877,-0.596528,0.364771
6172,-156.421,9.23086,693.111,0.671164,-0.243318,-0.59774,0.364749
6173,-157.317,9.63677,692.931,0.670407,-0.239635,-0.600665,0.363773
6174,-158.312,9.72286,692.974,0.670769,-0.239603,-0.601261,0.36214
6175,-158.613,8.95151,692.414,0.669718,-0.239813,-0.602927,0.361175
6176,-159.606,9.04733,692.494,0.669567,-0.239963,-0.603137,0.361004
6177,-160.597,9.11281,692.383,0.666859,-0.236482,-0.606693,0.362352
6178,-161.557,9.20536,692.12,0.664782,-0.234746,-0.608557,0.364167
6179,-162.462,9.14297,691.699,0.663879,-0.235009,-0.61003,0.363179
6180,-163.026,9.65334,692.349,0.665977,-0.238353,-0.606844,0.362494
6181,-163.96,9.90633,692.095,0.66621,-0.240864,-0.605573,0.362533
6182,-164.915,10.0367,691.831,0.666332,-0.241697,-0.604915,0.362854
6183,-165.793,10.351,691.469,0.666356,-0.242661,-0.603979,0.363724
6184,-166.759,10.2982,691.214,0.666479,-0.244675,-0.602524,0.36456
6185,-167.752,10.19,691.166,0.666502,-0.244622,-0.602536,0.364536
6186,-168.164,9.47937,691.736,0.666446,-0.245162,-0.602425,0.364459
6187,-169.158,9.5899,691.754,0.665975,-0.24502,-0.60384,0.36307
6188,-169.449,10.3927,692.274,0.667211,-0.245887,-0.604919,0.358389
6189,-170.193,10.9705,692.61,0.66412,-0.24859,-0.610038,0.353555
6190,-170.481,11.9194,692.74,0.664982,-0.230973,-0.612789,0.359082
6191,-170.465,12.3084,693.661,0.688225,-0.234973,-0.600373,0.332695
6192,-171.457,12.2499,693.55,0.677734,-0.236532,-0.624077,0.308639
6193,-171.384,12.3762,694.54,0.708294,-0.241251,-0.605558,0.270955
6194,-171.734,13.1945,694.083,0.706326,-0.228298,-0.612662,0.271347
6195,-172.568,13.5127,693.633,0.704158,-0.223595,-0.617155,0.270716
6196,-172.787,12.8576,694.357,0.700149,-0.232712,-0.615579,0.276946
6197,-172.891,12.2467,695.141,0.699097,-0.245521,-0.609909,0.281059
6198,-172.882,11.5782,695.885,0.700697,-0.25471,-0.604912,0.279693
6199,-172.891,10.8508,696.571,0.701845,-0.269031,-0.596942,0.280528
6200,-173.795,10.7615,696.152,0.701104,-0.27949,-0.589048,0.288724
6201,-173.031,10.3926,695.622,0.701524,-0.28597,-0.584484,0.290627
6202,-173.087,9.71274,696.353,0.704445,-0.292801,-0.5797,0.28631
6203,-174.014,9.46023,696.075,0.702081,-0.293746,-0.581865,0.286755
6204,-173.908,8.90879,696.902,0.704558,-0.293765,-0.583944,0.276243
6205,-173.465,9.43625,696.178,0.702131,-0.293426,-0.58665,0.277047
6206,-173.93,9.12136,697.005,0.704228,-0.295262,-0.586845,0.269253
6207,-174.039,8.57882,697.838,0.712538,-0.298069,-0.585147,0.247079
6208,-174.315,8.11198,698.678,0.714312,-0.299172,-0.584549,0.241987
6209,-174.534,7.4032,699.348,0.715595,-0.307943,-0.581408,0.234647
6210,-175.06,6.68271,699.801,0.713955,-0.312701,-0.580252,0.236205
6211,-175.341,6.0208,700.496,0.714434,-0.32075,-0.578167,0.228967
6212,-175.725,5.72675,701.371,0.716373,-0.326751,-0.574468,0.223675
6213,-176.336,5.11102,701.869,0.713787,-0.331125,-0.575129,0.223811
6214,-177.015,4.43217,702.148,0.712364,-0.335033,-0.57568,0.221094
6215,-176.786,5.27421,701.66,0.710012,-0.335004,-0.576614,0.226213
6216,-176.328,6.02804,701.189,0.708736,-0.335626,-0.577972,0.225824
6217,-176.911,5.35974,701.65,0.70727,-0.338375,-0.578755,0.224309
6218,-177.813,5.56147,701.268,0.706772,-0.336488,-0.580447,0.224344
6219,-178.127,6.1042,700.489,0.705296,-0.338505,-0.580761,0.225141
6220,-178.696,5.32563,700.753,0.703861,-0.342851,-0.579627,0.225979
6221,-178.914,4.66364,701.471,0.703138,-0.351558,-0.575694,0.224901
6222,-179.353,4.10073,702.171,0.701698,-0.357967,-0.573609,0.224613
6223,-179.938,3.7408,702.897,0.702586,-0.358792,-0.573044,0.22195
6224,-180.407,3.09736,703.503,0.70266,-0.358303,-0.573668,0.220893
6225,-180.708,2.5608,704.291,0.705869,-0.360693,-0.571393,0.21251
6226,-181.038,2.0467,705.083,0.708401,-0.361517,-0.570407,0.205206
6227,-181.296,1.39157,705.793,0.710394,-0.367026,-0.567448,0.196559
6228,-181.729,0.6406,706.291,0.709543,-0.368533,-0.56762,0.196313
6229,-181.636,0.136664,705.432,0.701521,-0.362821,-0.579238,0.201775
6230,-181.967,-0.362673,706.233,0.703238,-0.368916,-0.574582,0.198022
6231,-182.292,-1.05416,706.878,0.703179,-0.37432,-0.571856,0.19597
6232,-183.239,-0.781071,706.711,0.702273,-0.374998,-0.571431,0.199137
6233,-182.842,-1.62705,707.067,0.702155,-0.377332,-0.569439,0.200842
6234,-183.684,-1.624,706.527,0.702296,-0.377535,-0.569213,0.200609
6235,-184.574,-1.50705,706.086,0.703641,-0.37838,-0.56773,0.198494
6236,-184.816,-2.22714,705.436,0.7035,-0.377974,-0.568327,0.19806
6237,-185.614,-2.02863,704.866,0.703728,-0.375645,-0.569452,0.198448
6238,-186.032,-2.63635,705.542,0.705244,-0.3777,-0.567589,0.194465
6239,-186.473,-3.30143,706.144,0.705001,-0.379273,-0.566875,0.194365
6240,-187.346,-2.84636,706.318,0.705748,-0.379927,-0.565917,0.193166
6241,-187.355,-2.13976,705.61,0.705039,-0.38154,-0.565476,0.193863
6242,-187.345,-1.34971,704.997,0.706513,-0.381492,-0.565055,0.189779
6243,-188.3,-1.5679,705.2,0.706706,-0.383824,-0.564379,0.186341
6244,-189.255,-1.30617,705.061,0.706285,-0.382223,-0.56629,0.185427
6245,-188.443,-1.28491,705.645,0.704882,-0.381871,-0.569338,0.182127
6246,-188.949,-1.4898,706.483,0.70581,-0.387194,-0.566497,0.176054
6247,-189.53,-1.65183,707.281,0.705923,-0.388869,-0.565946,0.17366
6248,-189.604,-1.02397,706.506,0.705349,-0.385991,-0.569262,0.171567
6249,-189.909,-1.55591,707.296,0.712777,-0.387995,-0.564623,0.150366
6250,-190.6,-1.80584,707.974,0.707923,-0.399813,-0.562442,0.150509
6251,-189.675,-1.44833,707.846,0.697883,-0.410863,-0.567348,0.149221
6252,-189.422,-0.57649,707.427,0.695887,-0.402303,-0.573691,0.157392
6253,-188.494,-0.42205,707.767,0.69223,-0.404267,-0.577863,0.15317
6254,-188.258,0.160387,706.989,0.689178,-0.400065,-0.583231,0.157555
6255,-188.712,-0.315659,707.742,0.688384,-0.41397,-0.575863,0.152111
6256,-189.096,-0.948991,708.414,0.686567,-0.42377,-0.572144,0.147295
6257,-189.608,-1.499,709.074,0.683225,-0.428114,-0.57214,0.150257
6258,-190.125,-2.00581,709.763,0.681748,-0.433741,-0.570037,0.148816
6259,-190.581,-2.58841,710.436,0.680131,-0.440553,-0.566887,0.148236
6260,-190.987,-3.25795,711.059,0.679402,-0.449666,-0.561561,0.144442
6261,-191.49,-3.76581,711.758,0.677243,-0.460843,-0.555788,0.141654
6262,-192.186,-3.87722,711.049,0.676114,-0.460652,-0.557213,0.142064
6263,-192.875,-4.27917,711.652,0.676478,-0.46339,-0.555062,0.139835
6264,-193.455,-4.82839,712.254,0.671261,-0.47315,-0.551944,0.144552
6265,-194.029,-5.28521,712.934,0.670648,-0.477459,-0.549198,0.143688
6266,-194.992,-5.25,713.201,0.668038,-0.48047,-0.549936,0.14298
6267,-194.033,-4.96768,713.234,0.663873,-0.484399,-0.551823,0.141849
6268,-193.035,-4.90796,713.234,0.656751,-0.488751,-0.557071,0.139545
6269,-193.028,-4.05792,713.761,0.661609,-0.486177,-0.553293,0.140612
6270,-192.13,-4.04455,714.2,0.659054,-0.487128,-0.556926,0.134859
6271,-193.033,-3.95853,714.62,0.65117,-0.498814,-0.557757,0.126767
6272,-192.069,-3.72375,714.497,0.636544,-0.505267,-0.56753,0.132009
6273,-192.897,-3.34598,714.083,0.631794,-0.50621,-0.574743,0.119409
6274,-193.783,-3.50016,714.521,0.628684,-0.50783,-0.577663,0.114763
6275,-192.982,-3.08774,714.088,0.620003,-0.508538,-0.584028,0.12608
6276,-193.544,-2.26401,714.013,0.620314,-0.506747,-0.586045,0.12235
6277,-194.091,-2.59132,714.783,0.618914,-0.512707,-0.582621,0.120955
6278,-194.773,-1.86116,714.825,0.617902,-0.51308,-0.583035,0.12254
6279,-195.309,-2.28132,715.557,0.61464,-0.521464,-0.578982,0.122771
6280,-194.614,-1.75678,715.065,0.610237,-0.526093,-0.578079,0.129076
6281,-195.111,-2.21858,715.8,0.608725,-0.537726,-0.569938,0.124401
6282,-195.491,-2.74597,716.56,0.605635,-0.545587,-0.565563,0.125223
6283,-196.386,-2.83243,716.998,0.602546,-0.549742,-0.564446,0.126977
6284,-196.952,-2.06509,717.299,0.601182,-0.552493,-0.562984,0.127988
6285,-197.464,-2.36758,718.103,0.599884,-0.561036,-0.55652,0.125155
6286,-197.983,-1.54047,718.317,0.59992,-0.560504,-0.557065,0.124937
6287,-197.074,-1.6469,718.718,0.597994,-0.563545,-0.556719,0.121999
6288,-197.817,-1.12575,718.299,0.597909,-0.564231,-0.556599,0.119773
6289,-197.466,-0.355988,718.832,0.604372,-0.563412,-0.549219,0.125137
6290,-197.99,0.493268,718.772,0.603328,-0.564776,-0.548999,0.124996
6291,-198.713,1.15926,718.586,0.603259,-0.566861,-0.547397,0.122899
6292,-199.489,1.00921,717.974,0.600961,-0.566806,-0.549675,0.124235
6293,-200.292,1.49894,717.633,0.598967,-0.567694,-0.550384,0.126646
6294,-199.7,2.26751,717.389,0.595301,-0.565048,-0.554099,0.138965
6295,-200.588,2.71985,717.302,0.591262,-0.566698,-0.555168,0.145089
6296,-199.753,3.26898,717.259,0.587259,-0.565992,-0.557926,0.153294
6297,-199.899,2.66093,716.478,0.582237,-0.562245,-0.566959,0.153095
6298,-200.695,2.30961,715.986,0.580763,-0.56167,-0.569649,0.150802
6299,-201.446,2.8755,715.645,0.581522,-0.560751,-0.57097,0.146232
6300,-202.229,2.35472,715.305,0.583618,-0.558319,-0.57261,0.140669
6301,-203.019,1.95557,714.839,0.583188,-0.557697,-0.574181,0.138498
6302,-203.804,2.45352,714.471,0.582681,-0.560202,-0.572932,0.13567
6303,-203.909,2.6585,715.444,0.590242,-0.565016,-0.562337,0.127079
6304,-203.533,3.44616,714.956,0.588837,-0.568519,-0.559953,0.128488
6305,-203.212,4.39003,715.033,0.58875,-0.56119,-0.562627,0.147954
6306,-203.76,4.16833,715.84,0.583317,-0.565387,-0.562611,0.153451
6307,-203.063,4.8849,715.87,0.578793,-0.554033,-0.570598,0.180178
6308,-203.479,5.75976,715.623,0.576319,-0.551491,-0.574613,0.183122
6309,-204.071,6.43191,716.069,0.576246,-0.557242,-0.569694,0.1813
6310,-204.715,5.66759,716.041,0.575074,-0.566763,-0.565325,0.16875
6311,-204.927,6.37882,716.711,0.58489,-0.575837,-0.547927,0.161529
6312,-204.011,6.18719,716.36,0.585195,-0.580401,-0.544103,0.156951
6313,-204.505,7.03458,716.555,0.586324,-0.582294,-0.541222,0.155683
6314,-203.969,7.87095,716.673,0.588451,-0.566806,-0.547098,0.182045
6315,-203.71,8.80722,716.436,0.588829,-0.55331,-0.55545,0.196479
6316,-204.065,9.65966,716.053,0.589462,-0.554061,-0.554902,0.194
6317,-204.835,9.19005,715.622,0.588845,-0.555997,-0.555139,0.189603
6318,-205.719,9.4964,715.266,0.588823,-0.556619,-0.555504,0.186755
6319,-206.528,9.7057,714.718,0.589175,-0.555161,-0.557598,0.183719
6320,-207.223,9.43964,714.049,0.58452,-0.55465,-0.562229,0.186005
6321,-207.838,10.2107,713.884,0.583648,-0.554347,-0.562993,0.187334
6322,-208.296,11.0986,713.92,0.584117,-0.55656,-0.55984,0.188753
6323,-208.983,11.8219,713.991,0.582457,-0.561465,-0.556438,0.189415
6324,-209.739,12.4216,713.727,0.582116,-0.562671,-0.55571,0.189022
6325,-210.233,12.1971,714.566,0.583054,-0.567695,-0.551183,0.184302
6326,-211.153,12.5827,714.636,0.583828,-0.565977,-0.553289,0.180793
6327,-211.797,13.3478,714.646,0.584037,-0.564559,-0.554752,0.180065
6328,-210.924,13.5386,714.198,0.583497,-0.567543,-0.55283,0.178341
6329,-210.913,13.8138,713.237,0.586453,-0.570365,-0.548371,0.173338
6330,-210.498,14.08,712.366,0.58501,-0.568646,-0.550631,0.176665
6331,-209.768,14.336,711.733,0.585419,-0.572874,-0.546765,0.17363
6332,-210.573,14.5481,712.287,0.58065,-0.578489,-0.545135,0.176135
6333,-211.483,14.9006,712.07,0.579004,-0.578174,-0.546697,0.177739
6334,-211.088,15.8188,712.1,-0.574848,0.577591,0.548821,-0.186369
6335,-212.065,15.9361,712.28,-0.567633,0.577931,0.55385,-0.192456
6336,-212.648,15.3733,711.694,-0.558101,0.575552,0.565971,-0.192199
6337,-213.32,14.8294,711.191,-0.557379,0.575202,0.568049,-0.189189
6338,-214.121,15.3252,710.857,-0.559351,0.57303,0.570052,-0.183859
6339,-214.888,15.9271,710.633,-0.560348,0.571487,0.57167,-0.180573
6340,-214.046,16.3252,710.998,-0.56352,0.567255,0.574098,-0.176293
6341,-214.804,16.9668,710.879,-0.561306,0.565975,0.577342,-0.176875
6342,-215.694,17.3736,710.675,-0.556911,0.568919,0.578153,-0.178667
6343,-215.994,18.2592,710.32,-0.5574,0.566151,0.580139,-0.179492
6344,-216.641,19.0002,710.502,-0.558892,0.569168,0.576731,-0.176265
6345,-217.175,18.6363,711.264,-0.558073,0.576236,0.571238,-0.173764
6346,-217.484,19.1161,712.086,-0.560007,0.578115,0.568243,-0.1711
6347,-217.317,19.9874,711.624,-0.557586,0.580218,0.567891,-0.173047
6348,-218.095,20.2286,712.205,-0.555905,0.582029,0.567426,-0.173894
6349,-218.658,21.055,712.214,-0.555807,0.580691,0.569054,-0.173363
6350,-219.522,21.3565,711.81,-0.556487,0.578659,0.571258,-0.170707
6351,-219.735,20.4022,711.601,-0.554184,0.579632,0.574117,-0.165218
6352,-220.53,20.9549,711.352,-0.553548,0.579598,0.575839,-0.161431
6353,-221.076,21.7187,711.007,-0.554367,0.580191,0.575415,-0.157966
6354,-220.143,22.0744,710.952,-0.555171,0.581068,0.574784,-0.154172
6355,-220.749,22.8643,710.859,-0.554999,0.582843,0.574134,-0.150468
6356,-219.798,22.7178,711.134,-0.553502,0.583324,0.575223,-0.149953
6357,-220.586,23.1947,710.743,-0.553105,0.584922,0.574649,-0.147376
6358,-221.455,23.6751,710.627,-0.548089,0.58788,0.575521,-0.150901
6359,-221.898,23.3242,711.452,-0.544145,0.592616,0.573706,-0.153537
6360,-222.86,23.5126,711.647,-0.539205,0.595409,0.574521,-0.157072
6361,-223.391,23.9245,712.388,-0.534527,0.600643,0.572246,-0.16138
6362,-224.069,24.5564,712.012,-0.532515,0.599287,0.575029,-0.163172
6363,-224.506,25.3133,711.526,-0.533023,0.59872,0.575581,-0.161641
6364,-224.794,26.2227,711.826,-0.538335,0.605311,0.564288,-0.159289
6365,-225.338,26.4764,712.626,-0.535811,0.608835,0.562322,-0.161307
6366,-226.182,26.4158,712.092,-0.526342,0.60863,0.570088,-0.165934
6367,-226.693,27.269,711.99,-0.522558,0.610695,0.570177,-0.169948
6368,-227.547,27.7434,711.774,-0.512134,0.614848,0.572614,-0.17831
6369,-228.503,27.4913,711.629,-0.51512,0.616884,0.56969,-0.171928
6370,-228.868,28.1464,712.291,-0.519858,0.620811,0.562722,-0.166386
6371,-228.679,28.9644,712.835,-0.527906,0.622963,0.552555,-0.167079
6372,-229.475,29.411,712.425,-0.521113,0.62606,0.554501,-0.170347
6373,-229.629,30.0843,713.149,-0.52808,0.632019,0.543412,-0.162441
6374,-229.198,30.1432,712.248,-0.537637,0.632407,0.537172,-0.149847
6375,-228.793,30.2546,711.341,-0.541629,0.631223,0.535728,-0.145569
6376,-229.243,30.224,712.233,-0.534586,0.653335,0.516315,-0.144185
6377,-229.712,30.3308,713.11,-0.527794,0.66391,0.508178,-0.149704
6378,-230.027,31.2784,713.056,-0.525284,0.663843,0.508981,-0.155969
6379,-230.64,32.0107,712.758,-0.518981,0.666284,0.510799,-0.160653
6380,-231.449,31.6432,712.299,-0.504967,0.667898,0.522059,-0.162405
6381,-231.702,32.6085,712.236,-0.502477,0.667094,0.524352,-0.166003
6382,-231.636,32.6769,711.241,-0.512356,0.666233,0.519381,-0.154495
6383,-231.195,32.7261,710.344,-0.519231,0.664866,0.516814,-0.145795
6384,-231.728,33.5355,710.097,-0.524298,0.655459,0.524386,-0.143193
6385,-231.806,34.5315,710.054,-0.530673,0.646571,0.529313,-0.141985
6386,-232.358,35.349,709.889,-0.531904,0.644194,0.531565,-0.13975
6387,-233.287,35.7028,709.997,-0.525942,0.650033,0.530224,-0.140371
6388,-233.805,35.7913,710.848,-0.51732,0.660638,0.524409,-0.14468
6389,-234.612,35.2421,710.633,-0.517515,0.664929,0.524483,-0.122331
6390,-234.384,35.7898,711.438,-0.533961,0.666798,0.508157,-0.109739
6391,-233.76,35.6744,710.666,-0.54149,0.666468,0.502442,-0.100802
6392,-233.379,36.1423,711.464,-0.55611,0.670514,0.481783,-0.0950701
6393,-233.329,36.4268,710.506,-0.556721,0.671323,0.479775,-0.0959323
6394,-234.043,37.0274,710.147,-0.558191,0.670035,0.47968,-0.0968696
6395,-234.028,37.4803,709.255,-0.553855,0.669585,0.483783,-0.104192
6396,-234.649,38.2292,709.024,-0.551139,0.670219,0.485605,-0.106018
6397,-235.273,38.982,708.813,-0.548443,0.670417,0.487803,-0.108625
6398,-236.019,39.0409,709.475,-0.54429,0.675373,0.485474,-0.10924
6399,-236.547,39.24,710.301,-0.542485,0.6795,0.481543,-0.110033
6400,-237.243,39.8093,709.863,-0.538214,0.679763,0.485108,-0.113658
6401,-237.878,39.9525,710.622,-0.5299,0.68563,0.484681,-0.119173
6402,-238.448,40.0449,711.439,-0.525841,0.694738,0.476452,-0.117573
6403,-239.083,39.9864,712.208,-0.523418,0.699408,0.47274,-0.115664
6404,-239.9,40.0277,712.784,-0.523619,0.702399,0.46914,-0.1112
6405,-240.554,40.7632,712.607,-0.523086,0.702577,0.469481,-0.111148
6406,-240.325,41.5913,713.118,-0.524694,0.705191,0.46404,-0.109861
6407,-240.995,41.5843,713.861,-0.522251,0.708853,0.461238,-0.109732
6408,-241.464,41.9534,714.663,-0.52373,0.711806,0.45548,-0.107599
6409,-242.173,42.5743,714.998,-0.523142,0.71161,0.456444,-0.107667
6410,-242.755,42.9001,715.743,-0.523814,0.714401,0.452035,-0.104473
6411,-242.068,43.0917,715.043,-0.517029,0.716501,0.455425,-0.109064
6412,-242.823,43.115,715.698,-0.514245,0.720593,0.452237,-0.108533
6413,-243.678,43.4662,716.08,-0.509525,0.725277,0.449571,-0.110655
6414,-244.263,43.4372,716.89,-0.502904,0.733576,0.442853,-0.113292
6415,-244.797,43.1289,717.678,-0.490447,0.749183,0.428992,-0.118967
6416,-245.501,43.2149,718.383,-0.489167,0.75493,0.421335,-0.115211
6417,-244.995,43.1602,717.522,-0.489573,0.756009,0.419281,-0.113894
6418,-245.813,43.7323,717.585,-0.488904,0.755972,0.420662,-0.111904
6419,-246.725,43.9368,717.939,-0.489043,0.756455,0.420225,-0.109652
6420,-247.406,44.4504,718.462,-0.487075,0.75556,0.423917,-0.110367
6421,-248.144,45.1081,718.314,-0.487532,0.748989,0.434059,-0.113673
6422,-248.597,45.9796,718.125,-0.487988,0.743712,0.441814,-0.116445
6423,-247.82,45.3561,718.215,-0.485319,0.751516,0.433315,-0.109211
6424,-247.142,45.2701,717.485,-0.476206,0.751761,0.4412,-0.115873
6425,-247.946,45.8565,717.389,-0.469052,0.752433,0.447714,-0.115707
6426,-247.184,45.6252,716.785,-0.462621,0.755028,0.44974,-0.11683
6427,-247.959,46.2363,716.944,-0.456177,0.76032,0.44808,-0.114196
6428,-248.654,46.5272,716.287,-0.454833,0.761737,0.447341,-0.113004
6429,-249.077,46.9357,717.096,-0.455363,0.762756,0.445059,-0.113005
6430,-249.793,47.5081,716.697,-0.459895,0.758459,0.446717,-0.116964
6431,-250.478,47.3724,717.413,-0.461322,0.768884,0.429081,-0.109039
6432,-251.129,47.4284,718.17,-0.463897,0.791343,0.387117,-0.0933634
6433,-251.488,47.5806,717.249,-0.459067,0.795748,0.380555,-0.105929
6434,-252.178,47.5018,717.969,-0.44004,0.828129,0.333559,-0.0964697
6435,-252.984,47.2664,718.512,-0.421659,0.84906,0.30601,-0.0875138
6436,-253.645,46.6519,718.943,-0.41313,0.854629,0.300212,-0.0938382
6437,-253.63,45.6886,719.212,-0.414904,0.854622,0.296974,-0.0963451
6438,-254.116,44.8875,719.561,-0.414768,0.854843,0.296263,-0.0971554
6439,-254.374,43.9619,719.283,-0.412396,0.852297,0.30684,-0.0967905
6440,-254.748,43.157,718.823,-0.410649,0.85153,0.310802,-0.0983163
6441,-255.163,43.7183,718.107,-0.408361,0.853364,0.306812,-0.104297
6442,-255.388,42.7631,717.916,-0.398326,0.855558,0.312459,-0.108291
6443,-255.463,43.216,717.027,-0.396719,0.855889,0.312278,-0.112031
6444,-255.878,44.0042,716.572,-0.402804,0.853211,0.312022,-0.111458
6445,-255.785,44.8446,716.038,-0.414758,0.84805,0.311631,-0.108044
6446,-256.37,45.5527,715.643,-0.422981,0.844273,0.314476,-0.0969312
6447,-256.698,46.3197,715.091,-0.425061,0.843111,0.316788,-0.0901819
6448,-257.103,46.9856,714.464,-0.427701,0.842068,0.317901,-0.0832592
6449,-256.491,47.6418,714.906,-0.430928,0.840371,0.319002,-0.0794704
6450,-256.658,48.3186,714.19,-0.432357,0.838686,0.322403,-0.0756903
6451,-256.926,48.9588,713.469,-0.4337,0.837598,0.324236,-0.0721532
6452,-257.424,49.8192,713.363,-0.432241,0.837659,0.325986,-0.0723105
6453,-258.366,50.0981,713.548,-0.433296,0.837197,0.325905,-0.0717096
6454,-259.091,49.5474,713.134,-0.433781,0.836509,0.326417,-0.0744172
6455,-259.924,49.0793,712.838,-0.42941,0.837648,0.328127,-0.0792841
6456,-260.655,48.421,712.659,-0.424383,0.839785,0.329757,-0.0769479
6457,-261.364,47.7189,712.599,-0.420417,0.841756,0.327954,-0.0845075
6458,-262.164,47.2068,712.284,-0.414152,0.844755,0.32488,-0.0965413
6459,-263.021,46.7066,712.404,-0.405673,0.852176,0.317657,-0.0912108
6460,-263.883,46.2152,712.28,-0.400994,0.854764,0.315458,-0.0952328
6461,-264.749,45.7259,712.385,-0.392629,0.862282,0.305738,-0.0939999
6462,-264.9,45.9087,711.414,-0.385042,0.866372,0.297024,-0.113663
6463,-265.8,45.577,711.698,-0.384174,0.870546,0.288376,-0.106771
6464,-266.711,45.272,711.976,-0.384291,0.872063,0.284242,-0.10504
6465,-267.673,45.1335,712.21,-0.387637,0.873944,0.275914,-0.0991529
6466,-268.616,44.8318,712.35,-0.390375,0.874579,0.271259,-0.0955915
6467,-269.523,44.4344,712.494,-0.39331,0.874656,0.268874,-0.0893994
6468,-270.469,44.2842,712.781,-0.397883,0.874614,0.263673,-0.0849532
6469,-270.899,44.0708,713.659,-0.397379,0.876457,0.25794,-0.0859111
6470,-271.816,43.735,713.872,-0.394599,0.881686,0.24744,-0.0754677
6471,-272.702,43.3273,714.094,-0.388694,0.889055,0.233114,-0.0644682
6472,-272.079,42.7893,713.526,-0.382311,0.891422,0.233784,-0.0674566
6473,-271.448,42.1736,713.054,-0.371063,0.896907,0.230067,-0.0702764
6474,-271.056,42.7078,712.305,-0.366735,0.899056,0.228225,-0.0715346
6475,-270.911,43.3991,711.597,-0.362931,0.90099,0.226684,-0.0715004
6476,-270.688,43.7944,710.706,-0.361652,0.901517,0.226434,-0.0721326
6477,-270.032,43.3753,710.079,-0.357013,0.902983,0.227036,-0.074953
6478,-269.811,43.9725,709.308,-0.357331,0.90259,0.227511,-0.0767112
6479,-270.624,44.1751,709.854,-0.355314,0.903606,0.226315,-0.0776478
6480,-271.606,44.2611,710.019,-0.356332,0.903965,0.223977,-0.0755606
6481,-272.6,44.1839,710.098,-0.356392,0.904331,0.222179,-0.0762069
6482,-272.422,44.0524,709.122,-0.352177,0.905954,0.220073,-0.0823834
6483,-273.322,43.6424,709.273,-0.351452,0.906638,0.21821,-0.0829073
6484,-274.279,43.3567,709.314,-0.350424,0.908158,0.214398,-0.0805276
6485,-274.305,43.5859,708.341,-0.349549,0.908515,0.211049,-0.0887417
6486,-275.183,43.2288,708.022,-0.35085,0.907679,0.211497,-0.0910614
6487,-275.379,43.2548,707.042,-0.34965,0.907739,0.207288,-0.103858
6488,-276.124,42.5886,707.066,-0.350496,0.907353,0.205246,-0.108342
6489,-276.924,42.0129,706.897,-0.350215,0.90607,0.206146,-0.117856
6490,-277.809,41.6271,707.159,-0.345907,0.910072,0.198319,-0.113081
6491,-277.544,41.5173,708.116,-0.339766,0.910597,0.193018,-0.134599
6492,-278.408,41.1325,708.442,-0.334573,0.915199,0.185347,-0.126958
6493,-279.273,40.6406,708.54,-0.331991,0.916739,0.182356,-0.126953
6494,-280.065,40.031,708.566,-0.328482,0.917672,0.181867,-0.130006
6495,-280.664,39.2312,708.525,-0.321804,0.918668,0.188506,-0.130215
6496,-281.533,38.8153,708.795,-0.309738,0.924903,0.180432,-0.12673
6497,-282.354,38.2561,708.909,-0.304504,0.926518,0.178036,-0.130936
6498,-283.158,37.6895,709.088,-0.30009,0.927972,0.175549,-0.134152
6499,-283.928,37.0539,709.14,-0.296103,0.92868,0.179071,-0.133454
6500,-284.787,36.5961,709.369,-0.294157,0.929786,0.176607,-0.133343
6501,-285.659,36.2813,709.745,-0.292042,0.93177,0.170295,-0.132348
6502,-286.465,35.7238,709.944,-0.288502,0.932823,0.169543,-0.133653
6503,-287.347,35.384,710.27,-0.281844,0.936595,0.162034,-0.13076
6504,-288.212,34.9175,710.454,-0.280844,0.935665,0.162326,-0.138955
6505,-289.049,34.4135,710.666,-0.283685,0.934714,0.160458,-0.141726
6506,-289.714,33.6669,710.645,-0.283018,0.934841,0.160318,-0.142375
6507,-289.709,33.5234,711.635,-0.28205,0.934647,0.150469,-0.155696
6508,-290.531,32.9574,711.565,-0.285331,0.933849,0.148787,-0.156121
6509,-291.233,32.3142,711.259,-0.287497,0.933057,0.148925,-0.156755
6510,-291.161,32.7178,710.347,-0.294268,0.930857,0.147733,-0.158386
6511,-291.636,33.5513,710.63,-0.299728,0.930694,0.139687,-0.156391
6512,-291.398,33.3595,709.677,-0.30282,0.929184,0.142846,-0.156564
6513,-291.644,33.5303,708.723,-0.304644,0.928463,0.144082,-0.156171
6514,-291.79,33.4322,707.739,-0.303223,0.92872,0.144829,-0.156713
6515,-291.896,33.3139,706.752,-0.296853,0.930161,0.144915,-0.160247
6516,-292.835,33.658,706.751,-0.287987,0.933787,0.137962,-0.161466
6517,-293.048,33.4475,705.797,-0.257531,0.941348,0.131983,-0.173561
6518,-293.766,33.2534,705.129,-0.245749,0.944156,0.125288,-0.18022
6519,-294.643,32.7813,705.036,-0.240502,0.945937,0.122548,-0.179846
6520,-295.604,32.8673,705.3,-0.239371,0.948064,0.114076,-0.175675
6521,-296.141,32.5355,704.524,-0.236978,0.946903,0.113947,-0.185018
6522,-296.679,32.0565,703.831,-0.236925,0.945546,0.11333,-0.192266
6523,-297.017,31.6128,703.001,-0.235128,0.9445,0.112634,-0.199871
6524,-297.518,31.1398,702.276,-0.235331,0.94235,0.114204,-0.208695
6525,-297.517,30.1773,702.005,-0.241527,0.941313,0.1104,-0.208343
6526,-297.642,29.2404,701.678,-0.255135,0.938851,0.104605,-0.206212
6527,-297.93,28.9153,700.777,-0.262913,0.935478,0.109715,-0.209095
6528,-298.586,29.6317,701.013,-0.273305,0.934104,0.103015,-0.205284
6529,-298.986,30.5219,701.232,-0.270152,0.934951,0.100515,-0.206836
6530,-299.668,31.2112,701.476,-0.259229,0.938843,0.09181,-0.207231
6531,-300.037,30.5239,700.851,-0.243963,0.941472,0.0899803,-0.214512
6532,-300.229,29.6002,700.52,-0.235505,0.943067,0.0861635,-0.218488
6533,-301.212,29.5545,700.702,-0.231454,0.947769,0.0704025,-0.20786
6534,-301.354,28.6387,700.326,-0.217481,0.950193,0.0690508,-0.21229
6535,-301.816,27.8642,699.894,-0.205349,0.952435,0.0633131,-0.216081
6536,-302.363,27.5796,699.107,-0.200556,0.952473,0.0580492,-0.221819
6537,-302.827,26.9921,698.444,-0.19327,0.952627,0.0541664,-0.228506
6538,-303.458,27.7252,698.699,-0.196116,0.952186,0.0524932,-0.228309
6539,-303.988,28.549,698.899,-0.20755,0.95053,0.0483804,-0.225999
6540,-304.102,28.1506,697.989,-0.216501,0.947777,0.0599257,-0.226395
6541,-304.31,27.5855,697.19,-0.218885,0.946526,0.0705578,-0.226273
6542,-304.456,26.9345,696.446,-0.222075,0.945506,0.0743474,-0.226217
6543,-304.614,26.2102,695.775,-0.220201,0.945718,0.073192,-0.227535
6544,-304.731,25.3028,695.371,-0.214617,0.947039,0.0687959,-0.228744
6545,-304.913,24.3511,695.123,-0.209171,0.949026,0.0596103,-0.228133
6546,-305.488,24.6488,694.361,-0.200021,0.95,0.061333,-0.231799
6547,-306.143,25.3901,694.505,-0.206645,0.949522,0.0550181,-0.229519
6548,-306.907,26.0231,694.633,-0.209204,0.950153,0.0475943,-0.226224
6549,-307.229,25.4873,693.852,-0.201232,0.950515,0.0512534,-0.231084
6550,-307.47,24.8925,693.086,-0.200757,0.949459,0.0539125,-0.235196
6551,-307.802,24.2911,692.359,-0.192637,0.950018,0.0553767,-0.239353
6552,-308.296,23.6279,691.797,-0.189222,0.949959,0.0558408,-0.242187
6553,-308.207,22.7442,691.337,-0.183457,0.950484,0.0585721,-0.243914
6554,-308.52,23.6917,691.402,-0.178558,0.952113,0.0511491,-0.24286
6555,-308.757,24.5785,691.005,-0.16722,0.954749,0.0404922,-0.242596
6556,-308.734,23.7662,690.422,-0.161412,0.956083,0.0366722,-0.241883
6557,-308.801,24.6583,689.976,-0.151637,0.958316,0.018355,-0.241453
6558,-309.054,24.0528,689.221,-0.143756,0.959456,0.0191247,-0.241687
6559,-309.201,23.4144,688.465,-0.138425,0.959935,0.0223819,-0.242615
6560,-309.308,22.5292,688.013,-0.134362,0.960803,0.0155389,-0.241997
6561,-309.122,21.5568,687.873,-0.131175,0.961668,0.00536205,-0.240745
6562,-309.184,22.553,687.813,-0.131599,0.96207,-0.00631506,-0.238879
6563,-309.484,21.826,687.195,-0.12909,0.962813,-0.0126048,-0.236998
6564,-309.488,20.8768,686.881,-0.130638,0.962729,-0.0162679,-0.236265
6565,-310.029,20.539,686.111,-0.130803,0.963373,-0.0140992,-0.233673
6566,-310.447,19.9186,685.447,-0.131584,0.963285,-0.0100246,-0.233809
6567,-310.712,20.875,685.325,-0.142559,0.962004,-0.0188324,-0.232101
6568,-311.003,20.1182,684.74,-0.149428,0.961888,-0.0249238,-0.227641
6569,-311.515,19.524,684.12,-0.142609,0.963318,-0.00736801,-0.227216
6570,-311.618,18.7399,683.508,-0.149736,0.962795,-0.0091628,-0.224768
6571,-311.827,19.6965,683.305,-0.15355,0.962546,-0.00816549,-0.223297
6572,-312.256,19.0865,682.639,-0.150482,0.963225,0.00842234,-0.222446
6573,-312.727,18.5214,681.961,-0.150693,0.963902,0.0186535,-0.218714
6574,-313.329,18.1128,681.275,-0.150961,0.964405,0.0232573,-0.215853
6575,-313.454,17.2758,680.742,-0.154803,0.96422,0.0230528,-0.213975
6576,-313.264,16.3422,680.439,-0.156979,0.963972,0.0231152,-0.213498
6577,-313.505,15.5664,679.855,-0.15985,0.964042,0.0206187,-0.211298
6578,-314.016,14.9225,679.286,-0.153909,0.965082,0.0386082,-0.20842
6579,-314.555,14.2382,678.796,-0.153982,0.965328,0.0388517,-0.207176
6580,-315.089,13.9692,677.994,-0.151406,0.96493,0.0524037,-0.207941
6581,-315.456,13.1764,677.507,-0.159263,0.964247,0.0523945,-0.205225
6582,-315.34,14.0838,677.103,-0.166387,0.963827,0.0424798,-0.203836
6583,-315.387,13.2496,676.553,-0.175536,0.963672,0.0342487,-0.198371
6584,-315.168,12.3294,676.229,-0.18101,0.96322,0.0312,-0.196136
6585,-315.827,11.9813,675.562,-0.181344,0.963263,0.0311834,-0.195618
6586,-315.648,11.0041,675.447,-0.196876,0.961202,0.0233118,-0.191799
6587,-315.374,10.0644,675.242,-0.193976,0.962279,0.0177025,-0.189946
6588,-315.722,10.9969,675.34,-0.193685,0.962802,0.0129556,-0.187964
6589,-316.058,11.9357,675.418,-0.196611,0.963434,-0.00117776,-0.18204
6590,-316.406,11.3172,674.714,-0.194272,0.964096,0.00139176,-0.181039
6591,-316.884,10.7898,674.011,-0.194519,0.964807,0.00295987,-0.176921
6592,-316.56,11.7155,673.816,-0.201529,0.963116,-0.0161181,-0.177578
6593,-316.581,10.7714,673.487,-0.211997,0.961566,-0.0262542,-0.172509
6594,-316.145,11.5396,673.956,-0.228187,0.958288,-0.0400191,-0.16737
6595,-315.656,12.4099,673.898,-0.242819,0.953539,-0.0561788,-0.169252
6596,-315.508,13.3976,673.849,-0.253853,0.950104,-0.0680761,-0.16801
6597,-315.262,12.5358,673.405,-0.261317,0.94861,-0.0672487,-0.16532
6598,-315.716,13.3812,673.124,-0.265402,0.947661,-0.0696191,-0.16326
6599,-316.052,14.2701,672.813,-0.264667,0.947667,-0.0733392,-0.162787
6600,-316.622,15.0214,672.481,-0.265517,0.947711,-0.0786233,-0.15863
6601,-317.177,15.8039,672.197,-0.27022,0.946641,-0.0902908,-0.150666
6602,-317.73,16.6313,672.101,-0.277328,0.944696,-0.104252,-0.140609
6603,-317.741,17.3387,672.808,-0.282394,0.94414,-0.104954,-0.133562
6604,-317.507,18.1151,673.393,-0.290873,0.942935,-0.105152,-0.123327
6605,-317.634,18.8717,674.034,-0.2995,0.941791,-0.100605,-0.114928
6606,-317.195,18.0151,673.763,-0.303185,0.941449,-0.097197,-0.110934
6607,-317.508,17.4845,672.975,-0.309127,0.941391,-0.0938805,-0.0970057
6608,-318,16.8595,672.369,-0.312833,0.941596,-0.0868292,-0.0894083
6609,-318.112,16.4988,671.443,-0.317897,0.941625,-0.076981,-0.0797385
6610,-318.189,15.9916,670.584,-0.318023,0.943249,-0.0702741,-0.0648471
6611,-317.663,16.7042,670.121,-0.314131,0.945275,-0.0684137,-0.0556422
6612,-317.785,17.2002,670.981,-0.323654,0.943541,-0.0578421,-0.0404037
6613,-317.206,17.7262,670.358,-0.322974,0.944594,-0.0496992,-0.0309808
6614,-317.334,18.119,671.269,-0.334222,0.941664,-0.0383242,-0.00978132
6615,-317.319,18.3637,672.238,-0.336097,0.941569,-0.0207847,0.00732988
6616,-317.253,19.3588,672.313,-0.337595,0.940977,-0.021814,0.0107393
6617,-316.84,20.2263,672.036,-0.336499,0.941505,-0.00662951,0.0171159
6618,-316.112,20.887,671.852,-0.345248,0.938207,0.00233288,0.0237809
6619,-315.746,21.79,672.077,-0.356615,0.933873,-0.00310302,0.0263984
6620,-315.199,21.4731,671.302,-0.401033,0.914754,0.00193506,0.0489272
6621,-314.247,21.1814,671.206,-0.440849,0.895924,-0.000214613,0.0545204
6622,-315.108,20.6737,671.166,-0.447231,0.891947,-0.00712942,0.0660628
6623,-314.399,21.3787,671.192,-0.449556,0.890309,-0.00797916,0.0720106
6624,-313.669,22.0602,671.245,-0.446047,0.891319,-0.00924296,0.0806685
6625,-312.689,21.9112,671.113,-0.456016,0.885921,-0.00656005,0.0845625
6626,-311.862,21.7642,670.571,-0.458797,0.883467,-0.0132198,0.0938921
6627,-310.882,21.9679,670.572,-0.455013,0.885124,-0.0138335,0.0965809
6628,-310.134,22.5384,670.235,-0.452885,0.887609,-0.0028115,0.0838929
6629,-310.53,23.3498,670.664,-0.447637,0.889827,0.00692897,0.0882142
6630,-311.067,24.0509,671.133,-0.445874,0.889969,0.0136759,0.0946839
6631,-310.343,23.98,670.448,-0.45155,0.885735,0.0349222,0.101765
6632,-309.526,23.9459,669.871,-0.467144,0.875588,0.050718,0.112026
6633,-308.853,23.8733,669.135,-0.482226,0.865048,0.0549172,0.127017
6634,-307.966,24.0697,668.718,-0.504745,0.84988,0.0557223,0.140824
6635,-307.286,24.639,669.181,-0.51504,0.841895,0.0533831,0.15198
6636,-306.468,25.1671,669.406,-0.522101,0.837114,0.0571366,0.152923
6637,-305.77,25.8815,669.459,-0.5444,0.825986,0.0688866,0.128959
6638,-306.224,25.7694,670.343,-0.564922,0.806488,0.0902669,0.149304
6639,-306.758,25.6151,671.174,-0.580633,0.789551,0.110816,0.164908
6640,-306.071,25.8514,670.487,-0.594562,0.773565,0.125753,0.179665
6641,-305.653,26.4465,671.173,-0.589522,0.773918,0.129944,0.191388
6642,-306.526,26.4784,671.66,-0.598054,0.761961,0.126786,0.213712
6643,-305.723,26.7385,671.123,-0.60874,0.748493,0.133197,0.226829
6644,-306.648,26.7745,671.5,-0.621899,0.733651,0.127031,0.242614
6645,-307.526,26.531,671.912,-0.635778,0.715674,0.118886,0.263558
6646,-308.488,26.5148,672.186,-0.645987,0.701866,0.109636,0.2794
6647,-309.481,26.4713,672.078,-0.651387,0.688104,0.0932568,0.305796
6648,-308.512,26.6211,672.272,-0.668239,0.673337,0.0983791,0.300659
6649,-308.872,26.7685,673.193,0.670951,-0.670402,-0.0868314,-0.304706
6650,-309.84,26.5228,673.224,0.677574,-0.66075,-0.085044,-0.311561
6651,-308.864,26.6504,673.397,0.690476,-0.646197,-0.0889537,-0.312667
6652,-307.946,26.8324,673.751,0.698042,-0.637407,-0.0898038,-0.313664
6653,-308.63,26.2728,674.22,0.705278,-0.626018,-0.0904898,-0.32015
6654,-309.5,25.8755,674.51,0.718655,-0.604633,-0.09238,-0.330785
6655,-308.707,26.4575,674.328,0.73126,-0.58754,-0.0933314,-0.333684
6656,-307.875,27.0095,674.273,0.74219,-0.574561,-0.10145,-0.32976
6657,-306.977,27.4483,674.245,0.753538,-0.561966,-0.112495,-0.322055
6658,-306.104,27.9313,674.176,0.766661,-0.544908,-0.124649,-0.315863
6659,-305.401,28.6392,674.115,0.780945,-0.527201,-0.1507,-0.299122
6660,-306.184,28.0386,674.277,0.779291,-0.527653,-0.166197,-0.294394
6661,-305.251,28.2079,674.597,0.773259,-0.536971,-0.173714,-0.289061
6662,-304.416,28.4198,675.104,0.767298,-0.54452,-0.172913,-0.291296
6663,-303.448,28.44,675.353,0.762737,-0.552245,-0.176843,-0.28633
6664,-302.502,28.2691,675.628,0.772844,-0.538121,-0.171421,-0.2894
6665,-301.543,28.3717,675.893,0.792893,-0.512124,-0.1677,-0.284477
6666,-300.639,28.7071,676.158,0.814686,-0.48076,-0.165824,-0.278673
6667,-301.128,29.5601,675.975,0.819444,-0.469802,-0.16181,-0.285684
6668,-301.001,30.4948,676.307,0.826724,-0.462115,-0.162856,-0.276504
6669,-301.933,30.1567,676.439,0.831486,-0.452092,-0.164167,-0.278018
6670,-302.559,29.4359,676.736,0.841204,-0.433522,-0.178253,-0.269556
6671,-302,30.2408,676.537,0.846064,-0.421123,-0.183793,-0.270279
6672,-301.554,31.1316,676.622,0.842089,-0.424047,-0.185174,-0.277092
6673,-300.936,31.8703,676.892,0.845591,-0.419537,-0.185446,-0.273084
6674,-300.106,32.2361,677.312,0.848649,-0.41675,-0.186895,-0.266803
6675,-299.422,32.3779,678.029,0.848834,-0.418076,-0.185793,-0.264903
6676,-298.564,32.7951,678.328,0.854213,-0.411537,-0.189335,-0.255164
6677,-297.78,33.3048,678.681,0.859771,-0.40451,-0.189435,-0.247547
6678,-297.303,32.443,678.854,0.860221,-0.404594,-0.189657,-0.24567
6679,-296.317,32.2897,678.785,0.863114,-0.400348,-0.195412,-0.237845
6680,-295.347,32.0611,678.708,0.866997,-0.392302,-0.20664,-0.227408
6681,-296.091,31.3979,678.633,0.875821,-0.371632,-0.207826,-0.227235
6682,-296.652,30.6202,678.918,0.883691,-0.349011,-0.20708,-0.233238
6683,-297.189,29.7791,678.977,0.888635,-0.332245,-0.205005,-0.240651
6684,-296.684,30.5041,679.445,0.894464,-0.318902,-0.205143,-0.236965
6685,-297.014,29.5963,679.703,0.899334,-0.300517,-0.203232,-0.244098
6686,-296.679,28.8924,680.329,0.900697,-0.293611,-0.202734,-0.247865
6687,-296.723,28.9077,681.328,0.903331,-0.285924,-0.202416,-0.247525
6688,-296.239,29.7259,681.638,0.910271,-0.269125,-0.201158,-0.241896
6689,-295.837,28.8489,681.901,0.908255,-0.270465,-0.200849,-0.248155
6690,-296.045,28.487,680.992,0.909611,-0.265472,-0.20069,-0.24871
6691,-296.319,28.4219,681.952,0.911135,-0.261479,-0.203423,-0.245114
6692,-296.494,27.657,682.572,0.911313,-0.254154,-0.208664,-0.247739
6693,-295.839,27.0309,682.149,0.907098,-0.254159,-0.217099,-0.255821
6694,-295.54,27.8847,682.575,0.906322,-0.254523,-0.217965,-0.257468
6695,-295.967,27.7322,683.467,0.9062,-0.256554,-0.216569,-0.257059
6696,-296.302,28.2873,684.228,0.90668,-0.252048,-0.221261,-0.255826
6697,-295.953,27.6169,684.883,0.904095,-0.245812,-0.226558,-0.266195
6698,-295.67,27.2496,685.769,0.901888,-0.246255,-0.229118,-0.271036
6699,-296.109,28.0085,685.287,0.900725,-0.244805,-0.236101,-0.270224
6700,-295.261,27.5138,685.095,0.898928,-0.24026,-0.250834,-0.266994
6701,-294.821,26.9344,685.781,0.894392,-0.239126,-0.259868,-0.274502
6702,-294.861,27.7841,686.307,0.89689,-0.234255,-0.258984,-0.271367
6703,-294.785,26.824,686.576,0.896457,-0.229727,-0.262844,-0.272953
6704,-294.426,26.2463,687.309,0.895895,-0.224307,-0.269441,-0.272874
6705,-294.435,26.9949,687.972,0.898839,-0.218695,-0.269333,-0.267807
6706,-293.627,26.6171,687.52,0.893206,-0.212881,-0.285984,-0.274003
6707,-294.222,26.6772,688.321,0.894809,-0.212098,-0.281725,-0.273791
6708,-293.899,27.5352,688.721,0.895661,-0.209224,-0.285232,-0.269554
6709,-293.844,27.3073,689.693,0.895161,-0.213374,-0.289035,-0.263851
6710,-294.176,26.3978,689.943,0.897179,-0.206565,-0.294481,-0.256283
6711,-294.594,27.3064,689.956,0.897677,-0.204953,-0.295872,-0.254225
6712,-294.709,28.2882,689.806,0.898325,-0.201266,-0.295756,-0.255016
6713,-295.044,27.3571,689.66,0.899345,-0.191767,-0.294732,-0.259879
6714,-294.56,28.1197,690.089,0.903241,-0.184662,-0.297888,-0.247624
6715,-295.181,27.3363,690.078,0.901343,-0.171015,-0.286097,-0.276557
6716,-295.044,28.0406,690.775,0.902717,-0.170537,-0.290149,-0.268018
6717,-294.446,28.1376,691.57,0.899494,-0.174195,-0.297375,-0.268579
6718,-294.442,28.4991,692.503,0.898004,-0.177059,-0.298548,-0.270386
6719,-294.958,28.5962,693.354,0.903982,-0.177552,-0.286516,-0.263062
6720,-295.534,28.5507,694.17,0.905591,-0.175546,-0.284236,-0.26134
6721,-295.227,29.0144,695.001,0.903722,-0.181054,-0.287299,-0.260703
6722,-295.105,28.7202,695.949,0.897002,-0.192807,-0.301777,-0.259122
6723,-294.326,28.7237,695.322,0.895595,-0.186117,-0.313992,-0.254319
6724,-295.068,28.8305,695.984,0.899735,-0.199982,-0.283224,-0.265081
6725,-295.569,28.0383,695.636,0.904799,-0.171412,-0.272985,-0.278274
6726,-296.175,28.165,694.851,0.901536,-0.174426,-0.276204,-0.28376
6727,-295.456,27.5,695.052,0.867262,-0.195855,-0.323198,-0.324101
6728,-294.929,28.2789,695.391,0.869532,-0.203538,-0.336755,-0.298469
6729,-295.512,27.5283,695.081,0.864089,-0.219841,-0.34015,-0.29886
6730,-296.057,26.809,694.65,0.862223,-0.224906,-0.339848,-0.300818
6731,-296.628,27.5155,694.231,0.861959,-0.212588,-0.338734,-0.311596
6732,-296.219,28.2577,694.763,0.865942,-0.187393,-0.330406,-0.325361
6733,-296.655,27.4536,694.358,0.869995,-0.172708,-0.325915,-0.327201
6734,-295.937,28.0542,694.71,0.872831,-0.155841,-0.314569,-0.339007
6735,-295.351,27.2992,694.416,0.880006,-0.160989,-0.315381,-0.316555
6736,-296.046,27.2539,695.133,0.88243,-0.198985,-0.251525,-0.344177
6737,-296.49,27.1552,696.024,0.894713,-0.200441,-0.204716,-0.342641
6738,-297.472,26.9718,696.069,0.890343,-0.210017,-0.199225,-0.351414
6739,-296.736,26.8207,695.409,0.88518,-0.212875,-0.227206,-0.345714
6740,-297.54,27.4146,695.382,0.884153,-0.215645,-0.240041,-0.337863
6741,-298.354,27.7531,695.855,0.885967,-0.225076,-0.228878,-0.334691
6742,-298.106,27.1204,696.588,0.881318,-0.240541,-0.234433,-0.332355
6743,-297.327,27.1528,695.961,0.874445,-0.259157,-0.267149,-0.311152
6744,-296.538,26.8578,695.423,0.861727,-0.281918,-0.298018,-0.298552
6745,-297.305,27.499,695.385,0.856261,-0.301125,-0.296572,-0.296962
6746,-296.682,27.497,694.602,0.851227,-0.303636,-0.315912,-0.288821
6747,-295.942,27.7975,694,0.85725,-0.2897,-0.325645,-0.274137
6748,-295.177,27.81,693.356,0.860904,-0.272297,-0.334915,-0.269316
6749,-296.049,27.4711,693.001,0.863437,-0.2617,-0.333989,-0.272838
6750,-295.284,26.8364,692.891,0.86584,-0.246875,-0.333228,-0.279881
6751,-294.945,27.5629,693.489,0.873759,-0.226219,-0.329381,-0.27727
6752,-295.825,28.0113,693.647,0.875986,-0.225865,-0.31969,-0.281836
6753,-295.202,27.85,692.881,0.873819,-0.221849,-0.328349,-0.281799
6754,-295.737,27.0129,692.766,0.874471,-0.220633,-0.328518,-0.280531
6755,-295.998,27.4896,691.926,0.873694,-0.223557,-0.327617,-0.281687
6756,-296.898,27.0963,691.74,0.871149,-0.229317,-0.326266,-0.286467
6757,-297.838,27.3628,691.956,0.86988,-0.234092,-0.319493,-0.293998
6758,-298.197,28.0367,691.31,0.869203,-0.232859,-0.318834,-0.297671
6759,-297.547,27.9981,690.551,0.868148,-0.228304,-0.329593,-0.292516
6760,-296.708,27.509,690.315,0.868429,-0.223747,-0.335363,-0.288618
6761,-295.858,27.0317,690.089,0.868873,-0.220132,-0.33942,-0.285298
6762,-295.209,26.3491,690.425,0.868745,-0.2176,-0.346291,-0.279311
6763,-294.822,26.2959,691.346,0.869232,-0.214793,-0.356702,-0.266577
6764,-294.143,25.9804,692.008,0.868525,-0.208318,-0.36359,-0.264709
6765,-294.251,25.4918,692.874,0.867887,-0.201559,-0.369367,-0.264034
6766,-293.836,25.3241,693.768,0.86725,-0.199128,-0.377272,-0.256695
6767,-293.614,25.0533,694.705,0.867409,-0.200921,-0.38679,-0.240053
6768,-294.298,24.6404,695.306,0.867177,-0.203262,-0.388522,-0.236093
6769,-294.609,25.2275,694.559,0.864414,-0.204926,-0.392655,-0.237939
6770,-295.033,25.8576,693.909,0.860717,-0.199593,-0.398472,-0.246068
6771,-294.583,26.5363,694.488,0.863539,-0.196273,-0.404473,-0.228426
6772,-295.349,26.7789,695.083,0.873853,-0.207566,-0.373504,-0.231931
6773,-296.108,26.939,695.714,0.875397,-0.204529,-0.367446,-0.238393
6774,-295.53,27.5828,696.215,0.874723,-0.204743,-0.373246,-0.231577
6775,-296.1,26.8416,695.86,0.870357,-0.218158,-0.370377,-0.24022
6776,-296.024,27.6666,695.3,0.868373,-0.23962,-0.36849,-0.22962
6777,-295.243,27.0432,695.331,0.867289,-0.249111,-0.368272,-0.223896
6778,-294.461,27.1527,694.717,0.864634,-0.254945,-0.371754,-0.221835
6779,-293.958,26.3659,695.074,0.867164,-0.265618,-0.360835,-0.21742
6780,-293.714,26.4857,694.112,0.868717,-0.275139,-0.351739,-0.214266
6781,-292.921,26.0204,693.72,0.869332,-0.281116,-0.347614,-0.210713
6782,-292.399,25.3771,694.28,0.872007,-0.290223,-0.338718,-0.201604
6783,-291.884,25.2526,693.431,0.870624,-0.293105,-0.342826,-0.196399
6784,-291.051,25.106,692.897,0.868372,-0.290547,-0.360948,-0.176718
6785,-290.434,24.4367,693.311,0.874741,-0.291811,-0.348859,-0.167248
6786,-289.891,23.9721,692.612,0.877181,-0.285961,-0.345452,-0.171588
6787,-289.591,23.8688,691.664,0.879769,-0.28041,-0.342139,-0.174117
6788,-290.024,24.5299,691.052,0.882368,-0.27872,-0.336934,-0.173829
6789,-290.634,25.231,690.681,0.884599,-0.273525,-0.332901,-0.178454
6790,-291.266,25.9094,690.307,0.885416,-0.268585,-0.331379,-0.18463
6791,-291.66,26.4666,689.576,0.886941,-0.26032,-0.330782,-0.190138
6792,-291.979,26.8773,690.431,0.888278,-0.253261,-0.329818,-0.195038
6793,-292.858,27.1967,690.785,0.889779,-0.252538,-0.322453,-0.201352
6794,-293.781,27.4284,691.093,0.890182,-0.252398,-0.319062,-0.205112
6795,-294.02,28.09,690.383,0.889906,-0.247683,-0.324786,-0.203062
6796,-294.741,27.8514,689.732,0.888161,-0.251554,-0.332599,-0.193049
6797,-294.938,28.2952,690.606,0.893802,-0.25585,-0.328293,-0.166982
6798,-295.888,28.3094,690.294,0.88937,-0.265406,-0.332617,-0.167171
6799,-296.061,28.9003,689.506,0.887074,-0.268896,-0.334697,-0.169624
6800,-296.3,28.0592,689.021,0.884106,-0.273683,-0.333498,-0.179538
6801,-296.676,28.6503,688.307,0.88296,-0.271017,-0.332919,-0.189989
6802,-296.676,29.6456,688.404,0.885767,-0.261852,-0.33148,-0.192282
6803,-297.493,29.8668,687.87,0.885357,-0.259505,-0.331847,-0.196669
6804,-297.954,30.046,688.739,0.888079,-0.256019,-0.325541,-0.199479
6805,-297.426,30.1461,689.582,0.886531,-0.25308,-0.33158,-0.200171
6806,-297.596,29.8781,690.531,0.886102,-0.246965,-0.336555,-0.2014
6807,-297.271,29.5323,691.411,0.88301,-0.241611,-0.348958,-0.200364
6808,-297.642,30.0502,690.64,0.879108,-0.235868,-0.358276,-0.207785
6809,-297.235,30.8598,691.063,0.885737,-0.226506,-0.370983,-0.162901
6810,-297.822,31.0922,691.837,0.906901,-0.231681,-0.314734,-0.15747
6811,-298.673,30.5744,691.747,0.894063,-0.267018,-0.307728,-0.186165
6812,-299.361,31.2414,691.461,0.892027,-0.27173,-0.307947,-0.188731
6813,-299.56,31.9885,690.826,0.89186,-0.277266,-0.306356,-0.183996
6814,-300.446,32.4198,690.993,0.891059,-0.293696,-0.28998,-0.188862
6815,-301.185,33.0743,690.833,0.887532,-0.320733,-0.270677,-0.190136
6816,-301.024,32.2766,690.252,0.872025,-0.346421,-0.274933,-0.209708
6817,-300.459,31.607,690.735,0.866326,-0.373571,-0.266094,-0.197783
6818,-299.678,31.3421,690.169,0.855319,-0.389741,-0.293383,-0.174523
6819,-299.742,31.5901,691.135,0.85858,-0.409323,-0.277531,-0.135172
6820,-300.167,32.092,690.382,0.863092,-0.406067,-0.27065,-0.130114
6821,-299.794,31.7779,691.255,0.868966,-0.393884,-0.266748,-0.136377
6822,-299.991,32.2001,690.37,0.876728,-0.372865,-0.266662,-0.145641
6823,-299.721,31.7151,691.202,0.880952,-0.360493,-0.267201,-0.15024
6824,-300.44,32.2595,691.634,0.887411,-0.347968,-0.260657,-0.153223
6825,-301.113,32.9388,691.342,0.892436,-0.334761,-0.260229,-0.154189
6826,-301.413,33.8548,691.608,0.899193,-0.319706,-0.258395,-0.14991
6827,-302.256,33.6721,691.104,0.898282,-0.317383,-0.258818,-0.159282
6828,-301.844,34.5821,691.142,0.89661,-0.320726,-0.256446,-0.165711
6829,-301.415,35.4851,691.113,0.892536,-0.330945,-0.254619,-0.170365
6830,-302.226,35.9356,691.486,0.892306,-0.336913,-0.245078,-0.173828
6831,-301.526,35.2577,691.711,0.88999,-0.34001,-0.248855,-0.174305
6832,-301.038,35.0165,690.872,0.881961,-0.344332,-0.275925,-0.165669
6833,-300.95,35.9005,690.413,0.878855,-0.350515,-0.286906,-0.149793
6834,-301.424,36.2698,689.613,0.877283,-0.353663,-0.287606,-0.150266
6835,-302.342,36.1172,689.249,0.87374,-0.359913,-0.287795,-0.155613
6836,-303.227,36.0816,689.714,0.875177,-0.359017,-0.276331,-0.169744
6837,-304.098,36.5155,689.942,0.877785,-0.357416,-0.264251,-0.178657
6838,-304.796,37.0388,690.431,0.885198,-0.337324,-0.264085,-0.181373
6839,-304.985,37.0074,691.413,0.886881,-0.328374,-0.268105,-0.183664
6840,-305.388,37.4626,690.619,0.881635,-0.331669,-0.281938,-0.18228
6841,-305.998,37.8757,691.295,0.880504,-0.343108,-0.271779,-0.182001
6842,-306.392,38.1267,690.411,0.873842,-0.356993,-0.274986,-0.182591
6843,-307.018,38.6467,690.992,0.875885,-0.363189,-0.26382,-0.17697
6844,-306.812,38.6874,690.014,0.87627,-0.36271,-0.262324,-0.178266
6845,-306.196,37.9797,690.36,0.876849,-0.362534,-0.259807,-0.179459
6846,-306.813,38.7647,690.308,0.878064,-0.364378,-0.258406,-0.171636
6847,-307.529,38.1076,690.071,0.877782,-0.366027,-0.259872,-0.167301
6848,-306.651,37.8876,689.646,0.874377,-0.357541,-0.299297,-0.134354
6849,-305.87,37.9077,689.021,0.871181,-0.354856,-0.319314,-0.114716
6850,-306.106,38.5237,689.773,0.8741,-0.354727,-0.314962,-0.104481
6851,-306.222,38.7102,688.797,0.876515,-0.350341,-0.313038,-0.104835
6852,-305.45,38.2569,688.352,0.878652,-0.344878,-0.312032,-0.108005
6853,-304.946,37.9087,687.561,0.879343,-0.338683,-0.314499,-0.114626
6854,-304.899,38.1121,686.583,0.881512,-0.338296,-0.308512,-0.115379
6855,-305.651,38.7312,686.81,0.885592,-0.344967,-0.289656,-0.113247
6856,-305.477,38.8732,685.835,0.884837,-0.349122,-0.284213,-0.120004
6857,-305.219,38.1525,685.192,0.879042,-0.356669,-0.286989,-0.133077
6858,-304.995,38.1994,684.218,0.877301,-0.360433,-0.288165,-0.131876
6859,-305.307,38.7083,683.416,0.875986,-0.36479,-0.286235,-0.132837
6860,-304.93,39.5604,683.053,0.876402,-0.364857,-0.281881,-0.139074
6861,-305.927,39.5751,683.123,0.876987,-0.364224,-0.276672,-0.14727
6862,-306.329,40.1233,682.389,0.878331,-0.356874,-0.277137,-0.156111
6863,-306.951,40.653,682.966,0.886448,-0.356734,-0.253713,-0.150272
6864,-307.883,40.3282,682.805,0.884029,-0.36071,-0.257183,-0.149123
6865,-307.267,40.0037,682.087,0.878831,-0.355841,-0.282335,-0.146011
6866,-306.755,40.8627,682.091,0.877646,-0.35747,-0.284858,-0.144249
6867,-307.38,41.6268,681.931,0.876171,-0.360559,-0.28617,-0.142927
6868,-308.013,42.3214,681.59,0.874393,-0.364333,-0.287244,-0.142091
6869,-308.738,42.9368,681.901,0.874369,-0.36933,-0.28005,-0.143685
6870,-308.521,41.9708,682.042,0.870268,-0.379318,-0.273766,-0.154286
6871,-309.072,42.4658,681.369,0.871552,-0.378702,-0.270312,-0.154637
6872,-308.434,41.9849,681.971,0.872929,-0.376758,-0.267795,-0.155994
6873,-308.386,42.4624,681.093,0.873671,-0.37595,-0.26714,-0.154906
6874,-308.67,42.9547,680.271,0.874159,-0.375036,-0.266685,-0.155155
6875,-307.949,42.2823,680.101,0.877141,-0.367131,-0.264919,-0.160176
6876,-308.326,42.7437,679.297,0.881077,-0.355516,-0.26535,-0.164015
6877,-309.118,43.2816,679.01,0.882525,-0.348739,-0.268734,-0.165263
6878,-309.818,43.9243,679.322,0.889941,-0.356775,-0.236197,-0.157882
6879,-310.326,44.5715,678.754,0.887648,-0.360557,-0.236606,-0.161549
6880,-311.107,43.9474,678.763,0.887414,-0.360456,-0.233545,-0.167407
6881,-311.457,43.0451,678.512,0.884493,-0.364732,-0.229992,-0.178177
6882,-311.194,42.4306,679.256,0.885492,-0.365175,-0.222811,-0.181398
6883,-310.539,41.6901,679.406,0.885056,-0.366327,-0.221653,-0.182618
6884,-310.107,41.0468,680.039,0.884673,-0.369114,-0.218901,-0.182184
6885,-310.39,41.5878,679.246,0.88381,-0.373241,-0.215493,-0.182029
6886,-310.127,41.0641,680.057,0.883066,-0.376245,-0.214329,-0.180823
6887,-310.23,41.4532,679.141,0.884888,-0.374312,-0.213232,-0.177189
6888,-310.644,42.1048,678.506,0.886214,-0.372963,-0.210738,-0.176388
6889,-310.213,41.4909,679.167,0.886983,-0.373481,-0.207183,-0.175638
6890,-309.482,40.954,679.589,0.888148,-0.372862,-0.205993,-0.172434
6891,-309.964,40.0984,679.398,0.88019,-0.390207,-0.204107,-0.177042
6892,-309.447,39.7762,678.604,0.872685,-0.388359,-0.238762,-0.174901
6893,-309.19,38.9195,679.052,0.869243,-0.399151,-0.234018,-0.174158
6894,-308.528,38.3086,678.618,0.865453,-0.398917,-0.245939,-0.177114
6895,-308.21,37.6939,679.34,0.868001,-0.399864,-0.23915,-0.171725
6896,-307.652,36.927,679.658,0.869197,-0.401005,-0.233845,-0.170316
6897,-307.777,35.953,679.847,0.867822,-0.405638,-0.228089,-0.174123
6898,-307.322,35.22,680.354,0.86811,-0.405753,-0.226932,-0.173929
6899,-307.555,35.5416,679.436,0.86784,-0.405778,-0.227974,-0.173856
6900,-306.817,35.8685,680.025,0.864476,-0.41079,-0.231819,-0.173759
6901,-307.485,35.7322,679.294,0.861806,-0.414228,-0.235275,-0.174218
6902,-307.905,36.4368,678.722,0.862998,-0.410216,-0.238115,-0.173951
6903,-308.851,36.1141,678.739,0.861095,-0.412836,-0.230813,-0.186569
6904,-308.846,36.9561,678.199,0.861736,-0.409817,-0.233859,-0.186471
6905,-309.334,37.7622,677.865,0.860564,-0.409982,-0.235951,-0.188868
6906,-309.688,38.3611,677.146,0.859626,-0.410447,-0.236551,-0.191366
6907,-310.253,38.8637,677.801,0.859015,-0.413519,-0.232583,-0.192357
6908,-310.735,39.4794,678.424,0.859261,-0.414095,-0.231325,-0.191531
6909,-311.539,39.2865,678.987,0.860395,-0.411253,-0.230601,-0.193429
6910,-312.222,39.7915,679.515,0.861142,-0.416766,-0.216086,-0.195056
6911,-312.441,40.3806,678.737,0.856668,-0.421797,-0.221041,-0.198367
6912,-313,41.2058,678.659,0.855007,-0.425126,-0.220021,-0.199552
6913,-313.054,41.6226,677.752,0.850953,-0.428682,-0.225387,-0.20325
6914,-313.214,42.1475,676.915,0.848341,-0.43125,-0.228212,-0.205573
6915,-313.855,42.7285,676.414,0.847646,-0.432654,-0.230075,-0.203402
6916,-314.068,43.1633,675.539,0.845885,-0.435914,-0.230428,-0.203375
6917,-314.592,43.967,675.258,0.844702,-0.439434,-0.227271,-0.204266
6918,-315.052,44.7695,674.878,0.845235,-0.438377,-0.229103,-0.202276
6919,-315.538,45.5585,674.503,0.845318,-0.436993,-0.230608,-0.203209
6920,-315.702,46.4613,674.105,0.842493,-0.441427,-0.232205,-0.203542
6921,-315.883,47.1666,674.79,0.84517,-0.441281,-0.231406,-0.193417
6922,-316.266,47.9777,674.348,0.845912,-0.440602,-0.230619,-0.19266
6923,-316.497,48.5655,673.573,0.846576,-0.439654,-0.229553,-0.193182
6924,-317.264,47.9596,673.362,0.846291,-0.438866,-0.22731,-0.19879
6925,-316.715,47.495,672.667,0.846753,-0.424839,-0.244338,-0.206931
6926,-316.33,48.4048,672.821,0.851133,-0.416691,-0.243945,-0.20599
6927,-316.562,49.0019,672.054,0.852477,-0.411902,-0.244305,-0.209607
6928,-316.81,49.6139,671.303,0.850183,-0.414588,-0.245648,-0.212044
6929,-317.031,50.3625,670.677,0.846414,-0.420241,-0.246692,-0.214763
6930,-317.193,51.1404,670.07,0.844332,-0.424722,-0.249592,-0.210757
6931,-317.451,51.9432,670.608,0.849676,-0.427432,-0.247042,-0.185266
6932,-318.291,51.4271,670.442,0.844083,-0.436289,-0.246419,-0.190929
6933,-317.688,50.7304,670.053,0.84209,-0.425781,-0.267074,-0.195618
6934,-318.21,51.5502,669.818,0.845827,-0.425027,-0.255162,-0.197033
6935,-317.556,51.8477,670.514,0.845233,-0.422542,-0.253991,-0.206224
6936,-318.486,51.4921,670.419,0.842854,-0.424707,-0.24744,-0.219075
6937,-318.289,50.9869,671.259,0.843604,-0.420731,-0.250294,-0.220615
6938,-318.143,50.5373,670.378,0.842592,-0.419286,-0.252439,-0.224751
6939,-317.554,50.4633,671.182,0.841875,-0.419562,-0.255342,-0.223639
6940,-317.727,51.1286,670.456,0.840694,-0.419277,-0.258964,-0.224449
6941,-318.252,51.8528,670.009,0.838521,-0.422151,-0.258546,-0.227652
6942,-319.218,51.9862,669.79,0.831699,-0.433037,-0.256514,-0.234427
6943,-318.771,51.111,669.974,0.825412,-0.431269,-0.266185,-0.248693
6944,-319.586,51.5516,669.597,0.825506,-0.429504,-0.2683,-0.24916
6945,-320.429,51.0669,669.366,0.822876,-0.432333,-0.264582,-0.256828
6946,-320.803,51.951,669.646,0.829883,-0.429178,-0.258414,-0.245608
6947,-320.35,51.0727,669.797,0.832608,-0.427289,-0.256864,-0.241266
6948,-320.279,51.0374,668.801,0.833992,-0.428005,-0.255732,-0.236369
6949,-319.599,50.4585,668.351,0.833822,-0.423689,-0.267276,-0.231932
6950,-319.21,49.8094,667.697,0.830663,-0.428805,-0.271858,-0.228513
6951,-318.662,49.2084,667.115,0.824177,-0.428154,-0.292818,-0.227317
6952,-318.269,49.9103,666.521,0.821027,-0.443194,-0.282203,-0.223282
6953,-317.485,49.9716,665.903,0.817584,-0.449679,-0.272862,-0.23429
6954,-318.092,50.6446,666.326,0.817515,-0.463026,-0.24774,-0.236434
6955,-317.658,49.9679,666.921,0.819848,-0.461108,-0.244654,-0.235314
6956,-316.828,49.765,666.402,0.820805,-0.458864,-0.24717,-0.233733
6957,-317.308,50.4453,665.848,0.820069,-0.461138,-0.249495,-0.229327
6958,-318.244,50.1551,665.646,0.812574,-0.472896,-0.248746,-0.232848
6959,-319.16,49.8058,665.448,0.809029,-0.477381,-0.244606,-0.240306
6960,-319.293,50.5236,664.765,0.808816,-0.476562,-0.246733,-0.240473
6961,-319.759,51.1522,664.143,0.804926,-0.482003,-0.248389,-0.240976
6962,-320.247,51.0308,665.008,0.800792,-0.487864,-0.246977,-0.244383
6963,-320.705,51.792,664.549,0.796774,-0.494285,-0.248344,-0.243227
6964,-320.27,51.3174,663.784,0.793328,-0.494236,-0.257909,-0.244633
6965,-320.736,52.1654,664.036,0.789395,-0.506153,-0.248442,-0.242779
6966,-321.307,52.9536,663.805,0.787161,-0.509395,-0.246748,-0.244968
6967,-321.706,53.8658,663.893,0.786344,-0.513961,-0.241077,-0.243698
6968,-322.467,53.2278,663.773,0.778908,-0.524093,-0.238534,-0.248456
6969,-322.189,52.3503,664.164,0.777306,-0.52872,-0.235333,-0.246716
6970,-322.038,51.7419,663.385,0.777077,-0.528343,-0.239251,-0.244467
6971,-322.686,52.4809,663.57,0.771966,-0.536417,-0.235154,-0.247038
6972,-322.927,53.33,663.101,0.766331,-0.542845,-0.239938,-0.245938
6973,-322.512,52.7325,662.415,0.763027,-0.535211,-0.261665,-0.250741
6974,-323.503,52.6878,662.288,0.764992,-0.530714,-0.259674,-0.256317
6975,-323.694,53.5261,661.778,0.771956,-0.519434,-0.257674,-0.26053
6976,-323.892,54.3593,661.262,0.778522,-0.50637,-0.255326,-0.268889
6977,-323.719,53.5573,661.833,0.781013,-0.493709,-0.257531,-0.28275
6978,-323.98,54.4659,661.507,0.783416,-0.48867,-0.260154,-0.282456
6979,-323.706,54.398,660.548,0.782547,-0.485427,-0.270828,-0.280417
6980,-323.573,55.3601,660.786,0.79299,-0.474203,-0.274253,-0.266615
6981,-324.367,54.9116,661.197,0.794972,-0.470706,-0.275912,-0.265193
6982,-324.487,55.5394,660.428,0.795141,-0.47039,-0.275684,-0.265486
6983,-325.024,55.1261,659.693,0.792781,-0.472108,-0.271823,-0.273359
6984,-324.811,55.5214,658.799,0.787509,-0.480742,-0.27126,-0.274106
6985,-324.452,56.2626,658.232,0.787865,-0.484325,-0.27232,-0.265593
6986,-324.225,55.5903,658.936,0.788297,-0.488104,-0.266472,-0.263316
6987,-324.021,55.771,657.974,0.789819,-0.488611,-0.262296,-0.262003
6988,-323.725,55.691,657.022,0.789257,-0.487338,-0.265484,-0.262854
6989,-323.519,55.8751,656.061,0.790293,-0.488082,-0.261413,-0.262444
6990,-323.519,56.2027,655.116,0.790543,-0.488509,-0.259469,-0.262823
6991,-323.776,56.8559,654.404,0.792072,-0.487837,-0.256287,-0.26259
6992,-323.956,57.7296,653.952,0.792742,-0.486355,-0.254517,-0.265026
6993,-323.955,57.0371,653.231,0.782325,-0.489011,-0.259713,-0.285282
6994,-323.839,56.8005,654.195,0.780955,-0.489463,-0.260028,-0.287959
6995,-324.139,57.5271,653.577,0.778945,-0.488927,-0.262032,-0.292462
6996,-324.596,58.2201,654.135,0.782381,-0.489803,-0.24686,-0.295013
6997,-324.304,57.6041,653.404,0.777896,-0.485571,-0.253801,-0.307706
6998,-324.064,56.8552,654.022,0.778556,-0.482921,-0.253229,-0.310666
6999,-323.94,56.5706,653.071,0.77234,-0.480155,-0.261987,-0.322963
7000,-324.248,56.7517,654.005,0.772814,-0.481024,-0.259843,-0.322267
7001,-323.819,56.3014,653.222,0.768055,-0.48056,-0.275147,-0.321633
7002,-323.956,55.4083,652.793,0.766309,-0.485459,-0.277544,-0.316336
7003,-323.65,55.0007,651.933,0.75833,-0.480922,-0.2988,-0.32306
7004,-323.799,55.4761,651.066,0.76076,-0.483051,-0.291976,-0.3204
7005,-323.279,55.4478,650.212,0.761235,-0.48443,-0.285993,-0.32258
7006,-323.323,56.1292,649.482,0.761533,-0.488305,-0.27907,-0.322097
7007,-323.033,56.6031,648.65,0.762341,-0.489415,-0.278132,-0.3193
7008,-323.185,57.4367,648.119,0.762287,-0.492255,-0.275736,-0.317132
7009,-323.311,57.9016,648.995,0.76287,-0.495529,-0.274831,-0.311364
7010,-323.426,58.864,649.242,0.761288,-0.502169,-0.279939,-0.299835
7011,-323.22,58.9918,648.271,0.759761,-0.503384,-0.289222,-0.292777
7012,-323.143,59.5243,647.428,0.760972,-0.50425,-0.284586,-0.292684
7013,-323.952,59.1055,647.016,0.760961,-0.505116,-0.286951,-0.288887
7014,-324.167,59.7194,647.775,0.763138,-0.505239,-0.285418,-0.284414
7015,-324.343,60.5071,647.185,0.767057,-0.501213,-0.282484,-0.283921
7016,-323.53,60.6656,646.624,0.770608,-0.495726,-0.273859,-0.292266
7017,-323.46,60.8274,645.64,0.772681,-0.491466,-0.267351,-0.299914
7018,-324.084,61.609,645.611,0.773548,-0.490044,-0.254848,-0.310697
7019,-324.143,62.1004,644.743,0.777624,-0.484452,-0.250503,-0.312819
7020,-324.058,62.7947,644.028,0.780464,-0.481258,-0.246255,-0.314047
7021,-323.902,63.0726,643.08,0.779405,-0.483023,-0.245298,-0.314715
7022,-323.532,63.8466,642.566,0.776958,-0.488668,-0.245223,-0.312099
7023,-323.666,64.6626,642.004,0.77683,-0.492563,-0.242659,-0.308276
7024,-323.341,64.273,641.142,0.77565,-0.491434,-0.245489,-0.310797
7025,-323.535,65.1863,640.784,0.778041,-0.487763,-0.243104,-0.312473
7026,-322.857,65.0223,641.5,0.779504,-0.485359,-0.239786,-0.315124
7027,-323.045,65.7564,640.847,0.778279,-0.48773,-0.240325,-0.314077
7028,-323.762,66.4274,640.66,0.778695,-0.489582,-0.247729,-0.30426
7029,-323.367,66.9174,639.883,0.777378,-0.493813,-0.247958,-0.300582
7030,-323.147,67.387,639.028,0.773021,-0.502721,-0.249377,-0.295841
7031,-323.012,66.505,638.577,0.76818,-0.500269,-0.251011,-0.310845
7032,-322.594,66.4571,637.669,0.769929,-0.494292,-0.264483,-0.304849
7033,-322.811,67.3024,637.181,0.771835,-0.487227,-0.27006,-0.30651
7034,-323.123,68.2309,636.979,0.772073,-0.484723,-0.267755,-0.311857
7035,-323.234,67.4921,636.314,0.764047,-0.484743,-0.265929,-0.332471
7036,-323.587,66.7491,636.883,0.763512,-0.483802,-0.263516,-0.336964
7037,-324.569,66.5634,636.841,0.759898,-0.486594,-0.258078,-0.345221
7038,-324.423,67.4408,637.298,0.766726,-0.482472,-0.262702,-0.332176
7039,-324.583,67.2197,636.336,0.764872,-0.481132,-0.26113,-0.33955
7040,-323.849,67.8012,636.688,0.765529,-0.478677,-0.257768,-0.344079
7041,-322.937,68.0911,636.976,0.765637,-0.476639,-0.25499,-0.348706
7042,-323.782,68.3532,636.511,0.762879,-0.478929,-0.254486,-0.351965
7043,-323.577,67.4838,636.96,0.760492,-0.4795,-0.253238,-0.357214
7044,-323.629,68.437,636.663,0.761648,-0.474277,-0.2506,-0.363527
7045,-323.833,69.3064,636.213,0.761995,-0.469232,-0.252642,-0.367909
7046,-324.476,69.7507,635.589,0.760264,-0.468739,-0.254492,-0.370832
7047,-323.726,69.9562,636.217,0.759685,-0.469735,-0.259197,-0.367485
7048,-322.952,70.2061,636.799,0.760131,-0.468184,-0.261057,-0.367225
7049,-322.055,70.2227,637.24,0.75372,-0.476801,-0.267987,-0.364348
7050,-321.143,70.3915,637.616,0.750159,-0.482815,-0.272715,-0.360248
7051,-322.079,70.1538,637.356,0.741777,-0.493792,-0.272525,-0.362858
7052,-322.239,70.9047,637.996,0.741347,-0.499365,-0.272605,-0.355985
7053,-323.189,70.6638,637.797,0.741178,-0.501039,-0.275215,-0.351953
7054,-323.452,71.5862,637.513,0.745644,-0.494587,-0.275703,-0.351263
7055,-324.001,72.418,637.593,0.7429,-0.496282,-0.270103,-0.358955
7056,-324.712,72.959,637.143,0.738424,-0.5019,-0.275386,-0.356354
7057,-323.802,72.8727,637.55,0.7343,-0.506783,-0.278799,-0.35531
7058,-324.5,73.5202,637.244,0.731138,-0.508233,-0.281533,-0.357597
7059,-323.737,73.3809,637.875,0.729337,-0.508374,-0.286893,-0.356815
7060,-322.888,73.191,638.368,0.729481,-0.506095,-0.28989,-0.357335
7061,-322.918,72.3269,638.871,0.732887,-0.498153,-0.291091,-0.360536
7062,-323.235,72.8418,639.667,0.738248,-0.487247,-0.295127,-0.361221
7063,-323.544,73.2318,640.535,0.741312,-0.491001,-0.286357,-0.356895
7064,-323.149,73.6602,641.347,0.754283,-0.487788,-0.301267,-0.319935
7065,-324.147,73.7186,641.361,0.750784,-0.492391,-0.311074,-0.311619
7066,-324.055,74.3896,642.097,0.757298,-0.495365,-0.3102,-0.291357
7067,-323.824,73.4184,642.039,0.735626,-0.516271,-0.317473,-0.302539
7068,-324.108,73.7557,642.937,0.734923,-0.533595,-0.293484,-0.298384
7069,-324.256,74.5258,642.316,0.735532,-0.535003,-0.289827,-0.297934
7070,-324.474,74.7511,643.266,0.735996,-0.539929,-0.279628,-0.297649
7071,-323.799,74.0925,642.933,0.735024,-0.544181,-0.275066,-0.296557
7072,-323.106,73.5668,642.439,0.729454,-0.548991,-0.291156,-0.285892
7073,-323.109,73.6247,641.44,0.719521,-0.568218,-0.294768,-0.269314
7074,-322.777,72.7946,640.992,0.707667,-0.586188,-0.294507,-0.262406
7075,-322.024,72.6068,640.362,0.702937,-0.59098,-0.305046,-0.25213
7076,-321.714,71.7372,640.746,0.70471,-0.595424,-0.296078,-0.247371
7077,-321.431,71.1555,639.984,0.71575,-0.584802,-0.285511,-0.253363
7078,-321.749,72.1037,639.977,0.72406,-0.576337,-0.277203,-0.258323
7079,-321.385,71.7631,639.11,0.735517,-0.55932,-0.276242,-0.264321
7080,-321.638,72.7225,638.986,0.743936,-0.548155,-0.275344,-0.265088
7081,-321.324,71.8238,638.68,0.746625,-0.537655,-0.281583,-0.272377
7082,-321.577,72.7894,638.74,0.752587,-0.528407,-0.2802,-0.275475
7083,-321.661,73.3288,637.902,0.754065,-0.524538,-0.280006,-0.279003
7084,-321.936,73.8798,638.69,0.760542,-0.524817,-0.265376,-0.275171
7085,-321.633,73.2652,637.961,0.760272,-0.508792,-0.289486,-0.28163
7086,-321.392,73.0782,637.009,0.759068,-0.500381,-0.308969,-0.279236
7087,-321.739,73.9986,636.828,0.758364,-0.499803,-0.312506,-0.278245
7088,-322.004,74.93,636.578,0.756542,-0.501707,-0.31497,-0.277
7089,-322.512,75.7212,636.918,0.752371,-0.507961,-0.317757,-0.273759
7090,-323.339,76.1136,636.516,0.749142,-0.512012,-0.318563,-0.274132
7091,-323.582,76.9899,636.1,0.745961,-0.516716,-0.315059,-0.278
7092,-323.642,76.3789,635.311,0.740354,-0.518258,-0.317345,-0.287362
7093,-322.801,76.8675,635.081,0.73838,-0.521723,-0.318418,-0.284973
7094,-323.017,76.0917,634.488,0.733501,-0.526717,-0.316864,-0.290072
7095,-322.077,76.3864,634.318,0.729197,-0.533046,-0.315821,-0.290501
7096,-322.696,77.1346,634.555,0.729933,-0.534507,-0.307103,-0.295275
7097,-322.59,76.465,635.29,0.726843,-0.536823,-0.306618,-0.299176
7098,-322.795,77.2725,634.737,0.719303,-0.546222,-0.310622,-0.296241
7099,-322.706,77.223,633.742,0.706702,-0.559299,-0.319673,-0.292517
7100,-323.19,76.3983,633.45,0.709487,-0.554944,-0.314134,-0.299976
7101,-323.042,76.0859,634.388,0.712769,-0.549427,-0.312589,-0.303938
7102,-323.91,76.5306,634.167,0.708015,-0.552901,-0.317579,-0.303577
7103,-323.472,75.9018,634.81,0.711082,-0.54683,-0.31643,-0.308565
7104,-323.611,75.965,635.798,0.7165,-0.53714,-0.315609,-0.313846
7105,-323.762,76.9126,635.516,0.727095,-0.520955,-0.308763,-0.323426
7106,-324.239,77.7652,635.729,0.721923,-0.529718,-0.309716,-0.319845
7107,-324.441,78.6741,635.364,0.71904,-0.533715,-0.313158,-0.316326
7108,-324.688,79.5608,634.974,0.716117,-0.538256,-0.313044,-0.315373
7109,-324.313,78.6912,635.294,0.714132,-0.541292,-0.311514,-0.316193
7110,-324.073,77.7205,635.285,0.712184,-0.544052,-0.310269,-0.317071
7111,-324.329,78.55,635.781,0.712572,-0.546852,-0.308193,-0.313386
7112,-324.326,79.3767,635.218,0.711685,-0.548627,-0.311509,-0.30899
7113,-324.734,80.131,634.704,0.711808,-0.54892,-0.312038,-0.307649
7114,-324.907,81.1151,634.666,0.714355,-0.547343,-0.310548,-0.306059
7115,-324.767,80.751,633.745,0.714821,-0.545178,-0.311746,-0.307616
7116,-324.949,81.6602,633.371,0.715437,-0.545845,-0.310975,-0.305776
7117,-324.728,80.9464,632.706,0.713247,-0.545859,-0.314531,-0.307223
7118,-324.543,80.1843,633.327,0.713494,-0.546266,-0.314278,-0.306185
7119,-324.448,80.1456,634.322,0.714631,-0.546597,-0.313481,-0.303751
7120,-324.224,79.7905,633.414,0.714734,-0.543298,-0.317305,-0.30545
7121,-324.637,80.6977,633.493,0.717333,-0.541051,-0.31454,-0.306206
7122,-325.56,80.3533,633.317,0.715468,-0.542818,-0.308627,-0.313374
7123,-325.865,81.2822,633.107,0.715826,-0.543352,-0.309269,-0.31099
7124,-325.031,81.2033,632.562,0.713296,-0.54705,-0.314937,-0.304565
7125,-325.614,80.4248,632.794,0.708575,-0.555783,-0.315202,-0.299458
7126,-326.015,81.2939,632.505,0.703894,-0.562714,-0.317705,-0.294872
7127,-326.101,82.1299,631.963,0.702534,-0.565412,-0.318531,-0.292049
7128,-325.804,81.1753,631.995,0.703444,-0.564188,-0.318561,-0.292194
7129,-325.113,81.2023,631.273,0.707021,-0.559433,-0.317958,-0.293358
7130,-324.914,80.3735,631.796,0.709853,-0.553868,-0.319369,-0.295537
7131,-325.797,80.6509,631.417,0.711859,-0.550467,-0.322645,-0.2935
7132,-326.014,81.6257,631.365,0.717956,-0.542604,-0.32294,-0.292967
7133,-325.19,81.5494,631.927,0.718288,-0.541671,-0.322117,-0.29478
7134,-325.976,80.9433,632.05,0.719792,-0.539812,-0.322351,-0.294265
7135,-326.94,80.6766,632.034,0.7145,-0.547225,-0.324693,-0.290877
7136,-327.907,80.4251,632.066,0.711213,-0.551452,-0.329558,-0.285427
7137,-327.13,80.9706,632.38,0.711237,-0.551331,-0.331373,-0.283491
7138,-326.357,81.0363,633.011,0.701961,-0.5616,-0.341229,-0.274626
7139,-326.362,80.6767,633.944,0.69687,-0.566235,-0.344347,-0.274181
7140,-326.713,81.4089,634.527,0.691879,-0.57483,-0.341195,-0.272872
7141,-326.696,80.9604,635.421,0.689052,-0.57789,-0.341512,-0.273168
7142,-326.93,81.8896,635.135,0.688784,-0.579469,-0.341593,-0.270383
7143,-326.164,81.5997,634.562,0.690936,-0.575393,-0.348268,-0.265028
7144,-325.7,81.0706,633.852,0.690392,-0.569754,-0.360313,-0.262515
7145,-325.723,80.1123,634.136,0.692734,-0.5688,-0.359512,-0.259494
7146,-325.353,79.2349,634.442,0.694987,-0.568323,-0.355912,-0.259477
7147,-324.995,78.3088,634.56,0.699274,-0.564623,-0.354449,-0.258036
7148,-325.476,78.5951,633.732,0.700521,-0.565162,-0.350616,-0.25871
7149,-325.29,77.9981,632.951,0.701163,-0.559911,-0.356989,-0.259672
7150,-324.628,77.591,632.322,0.701742,-0.55491,-0.367339,-0.254355
7151,-325.591,77.3215,632.36,0.696629,-0.562009,-0.363577,-0.258197
7152,-325.865,76.7006,633.095,0.69758,-0.561183,-0.365063,-0.255314
7153,-326.046,77.6787,633.198,0.698233,-0.561802,-0.364384,-0.253125
7154,-326.41,76.7912,633.481,0.698203,-0.562351,-0.363638,-0.253064
7155,-326.691,77.4533,632.786,0.69972,-0.56371,-0.359757,-0.251393
7156,-326.62,77.1353,631.841,0.699214,-0.56272,-0.361017,-0.253206
7157,-327.283,76.6421,631.277,0.699702,-0.562744,-0.361005,-0.251818
7158,-327.314,77.6395,631.341,0.704088,-0.558691,-0.361236,-0.248259
7159,-327.576,76.7121,631.608,0.707463,-0.555191,-0.361544,-0.24606
7160,-327.622,77.6822,631.846,0.708275,-0.555327,-0.360656,-0.244717
7161,-327.537,76.6903,631.94,0.707826,-0.556162,-0.359619,-0.245644
7162,-327.984,76.6254,631.048,0.709512,-0.554106,-0.355196,-0.251783
7163,-328.23,77.3137,631.73,0.711599,-0.559172,-0.343018,-0.251581
7164,-328.479,78.2288,632.047,0.711848,-0.560414,-0.341023,-0.250824
7165,-327.551,78.3378,631.691,0.710831,-0.561734,-0.342348,-0.24894
7166,-327.594,77.8319,630.829,0.709151,-0.562571,-0.342097,-0.252169
7167,-327.251,76.8936,630.782,0.708609,-0.563749,-0.341695,-0.251604
7168,-327.155,76.9649,629.789,0.705523,-0.565954,-0.34631,-0.249003
7169,-327.181,77.7422,629.161,0.704713,-0.567414,-0.346277,-0.248019
7170,-327.203,78.4328,629.884,0.705941,-0.568608,-0.343284,-0.245943
7171,-327.459,78.3758,628.919,0.705777,-0.568697,-0.3404,-0.25018
7172,-327.685,77.4697,628.561,0.702561,-0.571002,-0.337541,-0.257742
7173,-328.323,78.0642,628.072,0.701752,-0.571947,-0.334884,-0.261291
7174,-327.365,78.3223,627.948,0.700858,-0.572921,-0.333796,-0.262944
7175,-327.501,79.0462,627.272,0.700374,-0.572964,-0.332746,-0.26546
7176,-328.231,79.6699,626.991,0.698864,-0.573432,-0.335424,-0.265057
7177,-327.425,79.2983,627.452,0.694779,-0.57692,-0.336534,-0.266816
7178,-327.187,78.9748,628.367,0.692602,-0.578748,-0.33587,-0.269342
7179,-327.76,79.3044,629.118,0.691302,-0.582871,-0.328407,-0.272969
7180,-328.205,78.6168,628.544,0.689302,-0.584111,-0.327052,-0.276972
7181,-328.779,79.4312,628.459,0.689283,-0.583507,-0.325643,-0.279938
7182,-328.717,78.8837,629.294,0.688347,-0.582667,-0.327667,-0.281624
7183,-328.925,79.8373,629.076,0.687438,-0.582188,-0.330121,-0.281968
7184,-329.096,80.813,629.212,0.687651,-0.581277,-0.331306,-0.281939
7185,-329.132,81.1377,630.158,0.687202,-0.580726,-0.332748,-0.282471
7186,-328.978,80.5596,630.959,0.685723,-0.579935,-0.335577,-0.284336
7187,-329.204,81.3746,631.492,0.685013,-0.582588,-0.334306,-0.282113
7188,-329.455,82.0194,632.214,0.682458,-0.587598,-0.334598,-0.277532
7189,-329.282,81.1152,632.605,0.679589,-0.588547,-0.337544,-0.278989
7190,-330.243,81.3344,632.435,0.676275,-0.591426,-0.3389,-0.279311
7191,-330.489,82.3035,632.441,0.676169,-0.592198,-0.336982,-0.280251
7192,-330.492,82.7514,633.335,0.678328,-0.592057,-0.334446,-0.278363
7193,-330.376,82.6954,634.327,0.678175,-0.592028,-0.333714,-0.279672
7194,-330.597,83.6699,634.289,0.678647,-0.592266,-0.331445,-0.280718
7195,-330.817,84.3673,633.607,0.679947,-0.59227,-0.329631,-0.279699
7196,-330.398,84.2542,632.706,0.680696,-0.590807,-0.334699,-0.274912
7197,-330.493,85.2344,632.533,0.683235,-0.589428,-0.335054,-0.271115
7198,-330.065,85.0841,631.641,0.682595,-0.587066,-0.342843,-0.268096
7199,-329.916,84.6831,630.738,0.681618,-0.588192,-0.342349,-0.268746
7200,-329.906,85.4871,630.143,0.681121,-0.591154,-0.339476,-0.267147
7201,-330.339,86.3741,630.302,0.67995,-0.594516,-0.33564,-0.267513
7202,-330.104,86.3085,629.332,0.679427,-0.595038,-0.337492,-0.265345
7203,-331.048,85.9807,629.372,0.675156,-0.600347,-0.337561,-0.264198
7204,-331.27,86.9299,629.149,0.675879,-0.599612,-0.336931,-0.264821
7205,-331.561,87.7674,628.686,0.679356,-0.5966,-0.335947,-0.263978
7206,-331.541,88.5334,629.329,0.684422,-0.594554,-0.332258,-0.260148
7207,-332.04,89.3978,629.269,0.686024,-0.592665,-0.33271,-0.25966
7208,-331.941,89.6581,630.23,0.687448,-0.591842,-0.332444,-0.258106
7209,-331.999,89.1049,629.399,0.685638,-0.593042,-0.333395,-0.258939
7210,-331.513,88.2321,629.439,0.686079,-0.593975,-0.333448,-0.255541
7211,-331.596,88.1941,628.443,0.684377,-0.597254,-0.334001,-0.251712
7212,-331.141,87.9986,627.574,0.683446,-0.597846,-0.33691,-0.248943
7213,-331.078,87.0605,627.915,0.684071,-0.598773,-0.335721,-0.246594
7214,-331.017,86.1524,627.501,0.682291,-0.596291,-0.339945,-0.251701
7215,-331.558,86.8378,627.014,0.684663,-0.595797,-0.337946,-0.249109
7216,-331.345,85.861,627.003,0.685184,-0.596351,-0.336245,-0.248653
7217,-331.722,86.6846,627.427,0.683947,-0.603846,-0.325555,-0.248196
7218,-331.915,86.7384,626.447,0.6815,-0.6045,-0.326121,-0.252553
7219,-331.414,85.971,626.846,0.67573,-0.608465,-0.328836,-0.255004
7220,-331.008,86.2468,627.718,0.675043,-0.610885,-0.330589,-0.248692
7221,-331.267,85.591,627.008,0.673373,-0.611342,-0.332172,-0.249981
7222,-331.758,86.457,626.915,0.669329,-0.61498,-0.332642,-0.251293
7223,-332.03,87.4117,626.794,0.668559,-0.614887,-0.332669,-0.253522
7224,-332.223,88.3424,626.484,0.668121,-0.614261,-0.332922,-0.255853
7225,-332.532,89.1598,625.998,0.669374,-0.611642,-0.334272,-0.257089
7226,-332.762,89.8676,625.329,0.668858,-0.610031,-0.338084,-0.257275
7227,-332.473,90.7211,624.895,0.671776,-0.604494,-0.338616,-0.261999
7228,-331.943,91.4642,625.304,0.677017,-0.598984,-0.337832,-0.262175
7229,-332.072,91.3176,624.323,0.678167,-0.593428,-0.340628,-0.268149
7230,-331.125,91.3945,624.636,0.67677,-0.595211,-0.341716,-0.266339
7231,-330.782,92.0734,623.987,0.677668,-0.595091,-0.340535,-0.265835
7232,-329.853,92.0423,624.354,0.675793,-0.597294,-0.342401,-0.26326
7233,-329.65,92.9825,624.081,0.674518,-0.598811,-0.343118,-0.262147
7234,-329.272,93.6596,623.449,0.674078,-0.59923,-0.343502,-0.261816
7235,-329.549,94.6027,623.265,0.674725,-0.598798,-0.343202,-0.261535
7236,-329.073,95.4355,622.982,0.673969,-0.598489,-0.344466,-0.262525
7237,-329.131,95.3237,621.99,0.672902,-0.596293,-0.348011,-0.265567
7238,-329.272,96.3107,621.913,0.67616,-0.591824,-0.348798,-0.266255
7239,-329.517,97.269,621.766,0.676108,-0.591312,-0.348547,-0.26785
7240,-328.818,97.9824,621.802,0.675584,-0.591532,-0.349208,-0.267825
7241,-328.098,98.6596,621.958,0.675658,-0.591496,-0.349888,-0.266828
7242,-329.097,98.7136,621.946,0.673234,-0.594592,-0.35032,-0.265504
7243,-329.104,99.5196,621.354,0.673438,-0.596596,-0.349933,-0.260961
7244,-328.806,100.202,620.687,0.672828,-0.600793,-0.349241,-0.253735
7245,-328.693,99.9783,619.719,0.671197,-0.601883,-0.352319,-0.251203
7246,-328.354,100.535,618.961,0.672969,-0.603821,-0.351549,-0.242746
7247,-328.788,100.104,618.17,0.672329,-0.604567,-0.352308,-0.24156
7248,-328.601,100.986,617.737,0.67,-0.609035,-0.354309,-0.233753
7249,-329.595,100.879,617.709,0.664023,-0.615942,-0.353708,-0.233624
7250,-330.569,100.654,617.716,0.659635,-0.621053,-0.352884,-0.233769
7251,-331.069,101.4,618.157,0.658197,-0.623765,-0.350616,-0.234013
7252,-331.124,102.196,617.556,0.65758,-0.624468,-0.350185,-0.234518
7253,-331.571,102.841,616.936,0.656334,-0.62546,-0.349962,-0.235694
7254,-332.538,102.615,616.822,0.652448,-0.629714,-0.348303,-0.237606
7255,-333.058,103.377,616.434,0.651985,-0.630107,-0.347395,-0.239159
7256,-333.994,103.717,616.344,0.648256,-0.633834,-0.345794,-0.241752
7257,-334.584,104.346,615.838,0.645854,-0.635444,-0.346556,-0.242862
7258,-335.551,104.475,615.618,0.644002,-0.636539,-0.347154,-0.244056
7259,-336.381,104.843,616.038,-0.637929,0.644891,0.335727,0.253869
7260,-335.395,105.009,616.072,-0.63422,0.648779,0.336709,0.251949
7261,-335.841,105.328,616.909,-0.632438,0.655764,0.320965,0.258801
7262,-335.808,105.108,617.884,-0.627751,0.658018,0.321553,0.263715
7263,-335.513,104.669,617.035,-0.632807,0.645095,0.339984,0.260419
7264,-336.037,105.45,617.376,0.641291,-0.632893,-0.345307,-0.262592
7265,-335.756,104.746,618.03,0.644327,-0.627875,-0.345135,-0.26739
7266,-336.122,104.935,618.941,0.65116,-0.620878,-0.338578,-0.275437
7267,-336.562,105.786,618.652,0.651102,-0.617845,-0.340808,-0.279614
7268,-336.69,106.227,619.54,0.648757,-0.622727,-0.337274,-0.278517
7269,-336.49,105.248,619.56,0.644108,-0.626637,-0.342445,-0.274195
7270,-336.45,105.914,620.304,0.641507,-0.632089,-0.340968,-0.269581
7271,-336.457,106.882,620.555,-0.635586,0.639642,0.339857,0.267181
7272,-336.731,107.706,620.059,-0.632599,0.645181,0.335994,0.265834
7273,-337.662,107.558,619.727,-0.629595,0.648704,0.339035,0.260478
7274,-337.915,106.623,619.973,-0.628332,0.650591,0.339928,0.257642
7275,-337.874,107.441,619.399,-0.625826,0.653768,0.339448,0.256329
7276,-338.852,107.558,619.571,-0.624675,0.65537,0.335773,0.259861
7277,-339.259,108.451,619.377,-0.63167,0.646845,0.338207,0.26115
7278,-339.244,109.422,619.14,-0.636316,0.640944,0.337593,0.265186
7279,-339.25,109.034,620.061,-0.637388,0.638289,0.336146,0.270796
7280,-338.947,109.968,619.875,0.640346,-0.634125,-0.335483,-0.274396
7281,-338.948,110.695,619.189,0.642853,-0.629656,-0.336281,-0.277829
7282,-338.51,111.563,618.953,0.643906,-0.627573,-0.338644,-0.277232
7283,-338.505,112.364,618.356,0.645171,-0.624086,-0.340456,-0.279929
7284,-338.573,113.25,618.815,0.648323,-0.628094,-0.33114,-0.274813
7285,-338.756,114.109,618.337,0.645479,-0.630296,-0.331247,-0.276332
7286,-338.703,115.077,618.092,0.643937,-0.631238,-0.332859,-0.275843
7287,-337.925,115.042,618.719,0.640809,-0.633936,-0.333856,-0.275734
7288,-337.354,115.684,618.207,0.637791,-0.636842,-0.335842,-0.273615
7289,-336.408,115.735,617.887,-0.634485,0.639886,0.340366,0.268564
7290,-336.613,116.647,617.532,-0.63288,0.642008,0.340057,0.267674
7291,-336.649,117.447,616.933,-0.628351,0.646706,0.341438,0.265266
7292,-337.506,117.652,616.461,-0.627741,0.647604,0.339963,0.266411
7293,-337.434,118.621,616.225,-0.627067,0.648469,0.339635,0.266315
7294,-337.453,118.619,615.225,-0.626301,0.648656,0.340266,0.266854
7295,-338.44,118.709,615.355,-0.627536,0.6485,0.337059,0.268399
7296,-339.427,118.737,615.511,-0.629245,0.647761,0.331768,0.27274
7297,-338.731,119.401,615.24,-0.634088,0.642344,0.330468,0.275894
7298,-339.408,120.054,615.581,-0.635497,0.642619,0.322747,0.281104
7299,-339.944,120.704,616.12,-0.635824,0.645626,0.314639,0.282662
7300,-339.408,121.436,615.699,-0.636745,0.643995,0.314584,0.284365
7301,-340.396,121.39,615.845,-0.632419,0.648356,0.312762,0.286112
7302,-339.645,120.803,616.146,-0.6292,0.651101,0.312541,0.287216
7303,-340.428,121.325,615.809,-0.627245,0.652669,0.311646,0.288901
7304,-341.365,121.024,615.63,-0.626751,0.652834,0.31009,0.291265
7305,-341.327,121.723,614.915,-0.62394,0.654331,0.311556,0.292375
7306,-341.784,122.546,615.253,-0.613028,0.666467,0.310755,0.288875
7307,-341.729,122.89,614.316,-0.609978,0.668818,0.312026,0.288528
7308,-341.644,123.838,614.011,-0.616203,0.662989,0.309459,0.291506
7309,-341.392,124.798,614.138,-0.61874,0.662079,0.308027,0.289708
7310,-340.488,125.223,614.188,-0.619011,0.661932,0.31003,0.28732
7311,-341.453,125.481,614.249,-0.619023,0.661877,0.308494,0.289069
7312,-342.443,125.526,614.381,-0.625351,0.655929,0.300759,0.297047
7313,-343.435,125.533,614.256,-0.629079,0.652097,0.295601,0.302737
7314,-343.406,126.433,613.822,-0.634961,0.645766,0.295235,0.30438
7315,-344.196,126.84,613.364,-0.637891,0.642091,0.294723,0.306517
7316,-344.196,127.775,613.01,-0.639208,0.640476,0.29317,0.308634
7317,-345.169,127.927,612.836,-0.636709,0.642875,0.292843,0.309121
7318,-346.126,128.095,612.6,-0.626957,0.65235,0.296603,0.305599
7319,-347.119,128.21,612.58,-0.623385,0.65592,0.296584,0.305283
7320,-348.117,128.269,612.577,-0.618069,0.661184,0.294901,0.306365
7321,-349.062,128.496,612.341,-0.616455,0.662604,0.294935,0.306517
7322,-349.95,128.895,612.57,-0.614525,0.665075,0.291157,0.308646
7323,-349.111,128.593,613.024,-0.611513,0.666213,0.288937,0.314208
7324,-348.907,127.876,613.69,-0.61051,0.663837,0.288416,0.321581
7325,-349.035,128.522,612.938,-0.610891,0.66097,0.289379,0.32587
7326,-348.434,129.123,613.464,-0.618255,0.654738,0.288978,0.324917
7327,-348.3,129.71,614.263,-0.622415,0.650368,0.288589,0.326093
7328,-349.086,130.264,614.537,-0.618155,0.655047,0.287977,0.325372
7329,-349.291,131.128,614.077,-0.614804,0.655699,0.297742,0.321598
7330,-350.119,131.667,614.233,-0.611966,0.657737,0.300311,0.32046
7331,-350.957,132.194,614.09,-0.608845,0.660221,0.299098,0.322424
7332,-351.943,132.032,614.07,-0.602723,0.665484,0.29182,0.329692
7333,-352.229,131.075,614.126,-0.601414,0.666761,0.290538,0.330634
7334,-353.185,130.79,614.056,-0.596577,0.671758,0.284249,0.334725
7335,-353.375,129.811,613.985,-0.600228,0.673287,0.284252,0.324979
7336,-354.314,129.527,613.792,-0.578355,0.693844,0.274673,0.329609
7337,-354.659,128.758,614.33,-0.575187,0.705337,0.270503,0.313828
7338,-355.654,128.699,614.246,-0.556335,0.721815,0.244814,0.330969
7339,-355.136,129.102,613.491,-0.552037,0.732845,0.240453,0.316822
7340,-355.767,128.434,613.886,-0.549382,0.737637,0.236312,0.313414
7341,-355.153,128.803,613.188,-0.551046,0.740086,0.23026,0.309195
7342,-356.126,128.586,613.111,-0.547362,0.743196,0.225469,0.311799
7343,-357.118,128.593,612.987,-0.539844,0.748323,0.220959,0.315846
7344,-356.218,128.299,613.309,-0.533921,0.753137,0.221982,0.313748
7345,-357.184,128.543,613.223,-0.526393,0.758981,0.215868,0.316636
7346,-358.14,128.835,613.181,-0.516868,0.766174,0.205048,0.32215
7347,-359.11,128.917,612.953,-0.508537,0.771446,0.200245,0.325828
7348,-360.01,129.342,612.853,-0.499512,0.778024,0.197304,0.325941
7349,-360.166,130.249,612.463,-0.502589,0.776574,0.196238,0.325312
7350,-360.268,131.145,612.029,-0.503875,0.775219,0.196115,0.326625
7351,-361.253,131.26,611.907,-0.501686,0.775622,0.190011,0.332591
7352,-361.769,132.043,611.558,-0.502999,0.773534,0.187956,0.336615
7353,-362.256,132.846,611.903,-0.507091,0.770978,0.187117,0.336808
7354,-363.111,133.363,611.873,-0.506135,0.770624,0.186135,0.339589
7355,-362.533,132.66,612.286,-0.502402,0.771794,0.187854,0.341523
7356,-362.464,133.467,611.699,-0.498998,0.774113,0.191967,0.338967
7357,-363.186,134.158,611.735,-0.488633,0.780477,0.189474,0.34087
7358,-363.197,135.139,611.541,-0.485758,0.782122,0.188298,0.341859
7359,-363.688,135.507,612.331,-0.488844,0.780535,0.183422,0.343733
7360,-364.557,135.989,612.214,-0.488564,0.780683,0.182648,0.344208
7361,-365.4,136.52,612.133,-0.481724,0.784948,0.176514,0.347336
7362,-366.302,136.948,612.083,-0.470944,0.791568,0.173793,0.348464
7363,-367.235,137.211,611.837,-0.461042,0.796681,0.16967,0.352068
7364,-368.198,137.431,611.681,-0.445155,0.805503,0.163156,0.355503
7365,-367.473,137.954,611.232,-0.439688,0.811478,0.165981,0.347317
7366,-368.466,137.984,611.119,-0.420376,0.823228,0.162407,0.34526
7367,-368.542,137.209,610.492,-0.423678,0.819558,0.170194,0.346201
7368,-368.627,136.255,610.78,-0.428025,0.8191,0.166806,0.343576
7369,-369.544,136.601,610.584,-0.419813,0.823195,0.159249,0.347486
7370,-369.953,135.699,610.72,-0.416581,0.825886,0.158409,0.345368
7371,-369.695,136.276,611.495,-0.412525,0.829088,0.157562,0.342944
7372,-370.545,136.762,611.292,-0.404538,0.833358,0.154513,0.343494
7373,-370.378,136.637,610.314,-0.402783,0.834414,0.157781,0.341503
7374,-369.997,137.49,609.958,-0.407151,0.834665,0.159045,0.335062
7375,-370.888,137.895,609.754,-0.398103,0.838881,0.150576,0.339292
7376,-370.971,137.216,609.025,-0.400393,0.83355,0.170517,0.3403
7377,-371.839,137.109,608.54,-0.397815,0.8357,0.170005,0.338301
7378,-371.175,137.746,608.15,-0.400492,0.837012,0.167377,0.33317
7379,-372.061,137.355,607.9,-0.395012,0.837947,0.15582,0.342827
7380,-371.941,138.267,608.293,-0.39301,0.840658,0.14563,0.342971
7381,-372.026,139.114,608.818,-0.387317,0.846401,0.130005,0.341599
7382,-372.99,139.295,608.627,-0.373487,0.851621,0.118501,0.348146
7383,-373.711,139.975,608.497,-0.362343,0.856485,0.112479,0.349986
7384,-374.531,140.531,608.358,-0.352345,0.86045,0.11042,0.351123
7385,-375.1,141.341,608.212,-0.343285,0.863682,0.11184,0.351712
7386,-375.664,142.161,608.121,-0.331495,0.867827,0.106961,0.354325
7387,-376.255,142.949,607.947,-0.324397,0.870006,0.0978744,0.358158
7388,-376.211,143.825,608.428,-0.320921,0.873676,0.0710505,0.358681
7389,-376.313,144.745,608.805,-0.312227,0.877898,0.044516,0.360316
7390,-375.985,145.602,608.408,-0.3066,0.878799,0.0423193,0.363204
7391,-375.416,146.41,608.254,-0.307392,0.87797,0.045936,0.3641
7392,-374.817,146.648,607.489,-0.3103,0.875566,0.0467132,0.367309
7393,-374.844,147.564,607.087,-0.307673,0.875507,0.0448274,0.369886
7394,-375.134,148.493,606.859,-0.306856,0.875172,0.0409758,0.371798
7395,-375.564,149.372,606.652,-0.298392,0.87657,0.0308235,0.376347
7396,-375.701,150.116,605.998,-0.294347,0.876849,0.0281913,0.379079
7397,-375.833,151.09,606.179,-0.287168,0.878916,0.0189647,0.38037
7398,-375.049,151.39,606.723,-0.290464,0.881895,0.025313,0.370474
7399,-374.355,151.807,606.136,-0.293468,0.882808,0.0259434,0.365861
7400,-375.145,151.346,606.541,-0.295026,0.884547,0.0256112,0.360389
7401,-375.905,150.83,606.148,-0.29109,0.888242,0.0296088,0.354141
7402,-376.797,151.089,605.777,-0.27553,0.891218,0.0192988,0.359779
7403,-376.091,151.343,605.116,-0.272461,0.894368,0.0213753,0.354139
7404,-376.934,150.973,605.507,-0.270103,0.897777,0.0234585,0.347117
7405,-376.908,150.737,604.535,-0.263529,0.901019,0.0224053,0.343823
7406,-377.546,150.067,604.154,-0.256558,0.902044,0.0229504,0.346363
7407,-376.783,150.661,603.898,-0.252159,0.904042,0.0177484,0.344687
7408,-376.438,151.588,604.046,-0.246555,0.906102,0.00714463,0.343712
7409,-376.807,152.509,603.922,-0.231208,0.908372,-0.0122324,0.348214
7410,-375.857,152.812,603.989,-0.241044,0.908624,-0.00548252,0.340983
7411,-375.402,153.648,604.295,-0.242365,0.908738,-0.0135079,0.339517
7412,-374.779,154.044,603.62,-0.243209,0.907433,-0.0148995,0.342336
7413,-374.46,154.025,604.568,-0.242356,0.907423,-0.0137681,0.343012
7414,-373.893,154.302,603.792,-0.243258,0.906138,-0.0149342,0.345712
7415,-373.461,155.11,603.391,-0.241385,0.906155,-0.0158983,0.346934
7416,-373.29,156.072,603.179,-0.237199,0.906068,-0.0239833,0.349575
7417,-373.101,157.016,603.451,-0.235775,0.905813,-0.0381799,0.349937
7418,-372.267,157.361,603.882,-0.233802,0.908373,-0.0345311,0.344967
7419,-371.515,157.8,603.39,-0.233006,0.908423,-0.0344205,0.345386
7420,-370.915,158.356,602.816,-0.234506,0.907212,-0.0368527,0.347298
7421,-370.552,159.257,603.052,-0.233033,0.907578,-0.0451612,0.346349
7422,-369.788,159.684,602.568,-0.229283,0.907643,-0.0441934,0.348798
7423,-369.05,160.19,603.016,-0.226094,0.908804,-0.0475057,0.347419
7424,-368.483,160.81,602.474,-0.22519,0.908827,-0.045544,0.348207
7425,-368.845,161.713,602.239,-0.218354,0.90891,-0.0553694,0.350912
7426,-368.068,161.983,602.807,-0.222735,0.911812,-0.0499935,0.341304
7427,-368.603,162.718,602.39,-0.217079,0.912524,-0.0552745,0.342229
7428,-369.351,162.055,602.382,-0.215417,0.913286,-0.0626233,0.339974
7429,-370.133,162.519,601.967,-0.205025,0.913294,-0.0723768,0.344414
7430,-369.406,162.906,601.402,-0.206291,0.916507,-0.0736617,0.334713
7431,-370.001,162.645,600.642,-0.20525,0.918251,-0.0710892,0.33111
7432,-369.345,162.814,599.907,-0.205369,0.919968,-0.0733911,0.325725
7433,-370.112,162.245,600.204,-0.205006,0.920419,-0.0791513,0.32332
7434,-369.528,162.648,599.499,-0.203271,0.920704,-0.0800276,0.323389
7435,-369.101,163.193,598.778,-0.20164,0.920958,-0.0787343,0.324004
7436,-368.225,163.54,598.443,-0.201519,0.921374,-0.0753257,0.323706
7437,-368.315,164.458,598.056,-0.199758,0.921663,-0.0753117,0.323979
7438,-368.542,165.384,597.756,-0.195857,0.92132,-0.0816176,0.325805
7439,-368.74,166.289,597.379,-0.195187,0.921214,-0.0839637,0.32591
7440,-368.15,166.792,596.747,-0.195251,0.921455,-0.0820202,0.325684
7441,-367.282,167.103,597.135,-0.194671,0.923658,-0.0784284,0.320636
7442,-367.72,167.894,596.708,-0.191631,0.923037,-0.0856697,0.322398
7443,-367.525,168.829,596.414,-0.190542,0.922236,-0.094415,0.322894
7444,-367.964,169.675,596.108,-0.180423,0.921733,-0.106076,0.326503
7445,-367.52,170.121,595.331,-0.177037,0.921693,-0.107286,0.328069
7446,-367.108,170.556,594.53,-0.174777,0.921804,-0.102511,0.330488
7447,-366.561,171.28,594.11,-0.177219,0.921748,-0.100572,0.329939
7448,-367.23,170.677,593.677,-0.183332,0.91909,-0.0914299,0.336607
7449,-367.682,171.482,593.292,-0.177459,0.917791,-0.103332,0.339838
7450,-367.19,171.985,592.581,-0.180821,0.9188,-0.101723,0.335802
7451,-367.648,172.764,592.154,-0.170456,0.918255,-0.113471,0.338936
7452,-367.021,173.202,591.51,-0.169013,0.920271,-0.112838,0.33437
7453,-367.724,173.732,591.035,-0.161724,0.919784,-0.119391,0.337028
7454,-367.004,174.073,590.43,-0.162216,0.921959,-0.115189,0.332279
7455,-367.711,173.451,590.766,-0.162208,0.922469,-0.115059,0.33091
7456,-367.053,173.822,590.111,-0.161738,0.922091,-0.120033,0.330424
7457,-367.045,174.79,589.863,-0.1539,0.920981,-0.132994,0.332297
7458,-366.558,175.108,589.049,-0.149286,0.921301,-0.132346,0.333772
7459,-366.011,175.575,588.354,-0.147101,0.921159,-0.133382,0.33472
7460,-365.5,175.769,587.516,-0.145916,0.920944,-0.131453,0.336587
7461,-365.523,176.716,587.197,-0.142971,0.920097,-0.137694,0.337669
7462,-364.551,176.927,587.299,-0.141277,0.922032,-0.131844,0.335431
7463,-364.587,177.886,587.017,-0.146568,0.91771,-0.155176,0.335034
7464,-364.543,177.577,586.067,-0.155712,0.914788,-0.162154,0.335593
7465,-363.924,177.564,585.282,-0.159551,0.912327,-0.166092,0.338549
7466,-364.097,178.426,584.807,-0.155381,0.909503,-0.178404,0.341809
7467,-364.178,179.294,584.316,-0.147615,0.908632,-0.184576,0.344281
7468,-364.317,180.159,583.835,-0.137155,0.906341,-0.196095,0.348256
7469,-363.575,180.051,583.173,-0.131837,0.906371,-0.197492,0.34944
7470,-363.902,180.723,582.509,-0.126023,0.902065,-0.211984,0.354204
7471,-363.273,180.361,581.821,-0.127835,0.901771,-0.210724,0.355053
7472,-362.638,179.979,581.15,-0.130898,0.902302,-0.206869,0.354854
7473,-362.425,180.89,580.797,-0.127867,0.899514,-0.220206,0.355014
7474,-361.884,180.188,580.334,-0.129436,0.897505,-0.225274,0.356345
7475,-361.337,180.997,580.122,-0.130865,0.89547,-0.233822,0.355437
7476,-360.82,180.308,579.615,-0.134401,0.892904,-0.239865,0.356544
7477,-360.586,179.357,579.817,-0.140157,0.891622,-0.242593,0.355688
7478,-359.811,179.039,579.271,-0.149582,0.888707,-0.248254,0.35524
7479,-359.808,179.85,578.685,-0.148869,0.885303,-0.257681,0.357318
7480,-359.68,180.759,578.29,-0.140673,0.883536,-0.26555,0.359248
7481,-359.56,181.584,577.737,-0.135284,0.882476,-0.269183,0.361213
7482,-359.067,180.714,577.768,-0.123339,0.882228,-0.270672,0.364963
7483,-358.545,179.862,577.732,-0.120253,0.882236,-0.271157,0.365612
7484,-358.279,178.907,577.859,-0.118367,0.881981,-0.271526,0.366569
7485,-357.699,178.115,577.668,-0.120451,0.881541,-0.271582,0.366907
7486,-357.532,178.978,577.191,-0.11588,0.878235,-0.281392,0.368909
7487,-356.924,178.256,577.522,-0.124416,0.878741,-0.278213,0.367332
7488,-356.209,177.562,577.605,-0.124182,0.877482,-0.280463,0.368706
7489,-355.706,176.707,577.729,-0.122189,0.877027,-0.2822,0.369129
7490,-355.605,175.868,578.263,-0.120898,0.875794,-0.285832,0.369687
7491,-355.445,174.978,578.691,-0.122086,0.875826,-0.285208,0.369703
7492,-355.261,175.807,578.162,-0.112919,0.874794,-0.288346,0.372613
7493,-355.165,176.624,577.594,-0.107584,0.874302,-0.288607,0.375138
7494,-354.934,175.674,577.806,-0.107761,0.875774,-0.282596,0.376228
7495,-354.88,176.011,576.866,-0.104779,0.874213,-0.286433,0.377795
7496,-354.746,175.1,577.257,-0.100054,0.87372,-0.288196,0.378874
7497,-354.85,175.18,576.265,-0.0982949,0.870807,-0.294612,0.381101
7498,-354.794,174.884,575.312,-0.097399,0.86895,-0.299804,0.381518
7499,-354.741,174.047,575.856,-0.0963004,0.868232,-0.302371,0.381406
7500,-354.689,173.191,576.37,-0.0939911,0.866753,-0.30698,0.381666
7501,-353.978,173.893,576.427,-0.0883473,0.86399,-0.324897,0.374376
7502,-353.276,173.23,576.688,-0.0897619,0.862403,-0.328722,0.374359
7503,-352.851,174.111,576.477,-0.0854373,0.861256,-0.334387,0.372994
7504,-352.084,173.481,576.352,-0.0886216,0.862709,-0.329879,0.372908
7505,-351.186,173.141,576.071,-0.0883573,0.862008,-0.331254,0.37337
7506,-350.482,173.702,575.636,-0.081158,0.860487,-0.334397,0.375706
7507,-349.65,174.228,575.455,-0.0747032,0.859391,-0.337738,0.376564
7508,-350.356,173.82,576.035,-0.0713307,0.85863,-0.339281,0.377565
7509,-351.162,174.158,576.52,-0.0692599,0.858193,-0.339648,0.378612
7510,-350.234,174.095,576.153,-0.0661464,0.859178,-0.336448,0.37979
7511,-349.268,173.867,576.034,-0.0649403,0.858928,-0.335457,0.381436
7512,-349.868,174.174,576.773,-0.0663955,0.85682,-0.338871,0.382906
7513,-349.953,174.525,577.705,-0.0663998,0.855523,-0.340504,0.384356
7514,-349.026,174.331,577.383,-0.0675262,0.854407,-0.340712,0.386451
7515,-348.569,174.471,576.505,-0.0679784,0.85443,-0.33944,0.387439
7516,-348.331,175.284,575.973,-0.0665709,0.853948,-0.34025,0.388035
7517,-347.967,174.743,575.214,-0.0673084,0.85443,-0.337851,0.388942
7518,-348.22,173.922,574.702,-0.0679722,0.854417,-0.335602,0.390799
7519,-347.855,174.546,575.394,-0.0655783,0.854257,-0.337527,0.389899
7520,-348.148,174.968,576.251,-0.0709872,0.853836,-0.3401,0.387631
7521,-348.42,175.342,577.138,-0.0780741,0.85191,-0.342813,0.388116
7522,-347.549,175.125,576.698,-0.0851028,0.84867,-0.345042,0.391743
7523,-348.228,175.76,577.066,-0.0948555,0.845969,-0.347571,0.393108
7524,-348.682,176.193,577.844,-0.0948244,0.84509,-0.348812,0.393905
7525,-347.788,175.986,577.448,-0.0961022,0.844878,-0.347909,0.394848
7526,-348.113,176.62,578.149,-0.0944021,0.845057,-0.346774,0.395873
7527,-348.734,175.856,577.975,-0.0944539,0.845581,-0.343179,0.397869
7528,-348.586,176.567,578.662,-0.0888543,0.84631,-0.344524,0.396443
7529,-348.719,175.865,579.362,-0.0823897,0.847981,-0.340032,0.398144
7530,-348.807,176.836,579.139,-0.071628,0.847063,-0.340079,0.402119
7531,-347.969,177.073,578.649,-0.068381,0.846883,-0.338551,0.404347
7532,-348.515,177.504,579.367,-0.0691713,0.846523,-0.337605,0.405756
7533,-349.296,177.71,579.956,-0.0696353,0.845982,-0.336413,0.407788
7534,-348.33,177.57,579.739,-0.0715338,0.845989,-0.336144,0.407667
7535,-348.504,176.649,580.086,-0.0731246,0.846801,-0.333732,0.40768
7536,-348.274,175.784,579.639,-0.0732216,0.847516,-0.333984,0.405968
7537,-348.912,176.552,579.594,-0.0674385,0.850211,-0.332697,0.402376
7538,-349.579,177.294,579.668,-0.065845,0.853993,-0.327404,0.398958
7539,-350.571,177.421,579.636,-0.0626727,0.855041,-0.325,0.399189
7540,-351.129,178.228,579.829,-0.0570715,0.85662,-0.323803,0.397614
7541,-352.097,178.195,579.581,-0.0564151,0.856529,-0.321151,0.400048
7542,-352.593,178.833,578.992,-0.0530719,0.857048,-0.319699,0.400557
7543,-353.452,178.914,579.498,-0.0537084,0.857638,-0.320755,0.398357
7544,-353.661,177.936,579.52,-0.0553985,0.859512,-0.315249,0.398483
7545,-354.506,177.441,579.721,-0.0621875,0.860941,-0.314054,0.395326
7546,-355.01,176.625,580.004,-0.0640113,0.861933,-0.312334,0.394235
7547,-356.001,176.625,580.138,-0.0668557,0.863283,-0.31172,0.391284
7548,-356.359,175.704,579.982,-0.0694399,0.866125,-0.300155,0.39359
7549,-356.721,176.538,580.399,-0.0632901,0.867828,-0.299235,0.39157
7550,-356.4,177.354,580.879,-0.0602103,0.86939,-0.301504,0.386822
7551,-357.351,177.343,581.188,-0.0626169,0.870677,-0.303123,0.382252
7552,-357.981,177.888,581.741,-0.0637422,0.87193,-0.307319,0.375807
7553,-357.653,177.142,581.161,-0.0606904,0.873453,-0.308539,0.371754
7554,-358.188,177.823,581.661,-0.0589876,0.874139,-0.31057,0.368711
7555,-359.165,177.887,581.864,-0.0583907,0.874266,-0.310561,0.368511
7556,-359.452,176.93,581.811,-0.0598681,0.876383,-0.303247,0.369337
7557,-360.072,177.7,581.96,-0.0557954,0.878087,-0.303362,0.365815
7558,-360.668,178.044,582.685,-0.0563571,0.880678,-0.302121,0.360491
7559,-361.283,178.675,583.159,-0.0556162,0.887808,-0.302705,0.34216
7560,-361.943,177.954,582.947,-0.0655457,0.889826,-0.295051,0.341846
7561,-362.779,178.222,582.468,-0.0624392,0.885461,-0.305512,0.344562
7562,-363.541,177.873,581.922,-0.0605896,0.887028,-0.305407,0.340936
7563,-364.062,177.035,581.764,-0.0688569,0.891588,-0.280795,0.348544
7564,-364.753,177.057,581.041,-0.0690135,0.891324,-0.281325,0.348764
7565,-365.325,176.274,580.799,-0.0756223,0.893551,-0.266815,0.353068
7566,-366.144,176.035,580.277,-0.0780911,0.894267,-0.268788,0.349201
7567,-365.714,175.421,579.616,-0.07581,0.897849,-0.269116,0.340142
7568,-366.509,175.243,579.037,-0.0777695,0.899318,-0.268047,0.336644
7569,-366.985,174.375,578.894,-0.0817962,0.900394,-0.261044,0.338312
7570,-367.961,174.182,578.793,-0.0823397,0.900164,-0.262751,0.337472
7571,-368.956,174.184,578.896,-0.0849782,0.901198,-0.260541,0.335766
7572,-369.532,173.426,578.59,-0.0875614,0.901762,-0.257957,0.335584
7573,-370.166,173.855,579.233,-0.0879161,0.90373,-0.260621,0.328055
7574,-371.063,173.642,578.847,-0.0894036,0.904122,-0.261534,0.325837
7575,-371.6,174.032,579.595,-0.0862603,0.907247,-0.261895,0.317605
7576,-372.085,174.486,580.342,-0.0817814,0.911206,-0.261798,0.307373
7577,-372.797,174.852,580.941,-0.0775509,0.914695,-0.260366,0.299212
7578,-373.655,174.605,580.49,-0.0781116,0.915016,-0.258651,0.299574
7579,-374.413,173.99,580.273,-0.0817312,0.915327,-0.254437,0.301262
7580,-375.385,174.212,580.193,-0.0818085,0.913866,-0.259474,0.30138
7581,-375.92,173.414,579.915,-0.0893546,0.915799,-0.246624,0.304147
7582,-376.523,172.617,579.879,-0.0961568,0.917701,-0.234016,0.306293
7583,-376.998,173.09,580.621,-0.0964615,0.919689,-0.236747,0.298025
7584,-377.639,172.328,580.529,-0.101418,0.920536,-0.230144,0.298935
7585,-378.603,172.153,580.731,-0.106737,0.921471,-0.227903,0.295903
7586,-379.115,171.301,580.622,-0.110785,0.922532,-0.21939,0.297538
7587,-379.016,171.007,581.573,-0.100977,0.926894,-0.203687,0.298635
7588,-378.603,171.05,582.483,-0.0927849,0.931418,-0.191238,0.295429
7589,-379.322,170.362,582.571,-0.0901222,0.932465,-0.183607,0.297783
7590,-380.015,169.658,582.413,-0.0900828,0.932715,-0.18122,0.298474
7591,-380.497,170.331,582.973,-0.0877121,0.933027,-0.18638,0.295008
7592,-381.068,170.965,583.495,-0.0835851,0.934021,-0.190911,0.290125
7593,-381.591,170.116,583.565,-0.0904581,0.935123,-0.18273,0.28978
7594,-382.039,170.739,584.207,-0.0920816,0.935499,-0.189103,0.283907
7595,-382.21,169.783,584.445,-0.0944923,0.936279,-0.185237,0.28309
7596,-382.736,170.588,584.718,-0.0827879,0.938147,-0.186871,0.279474
7597,-383.034,169.634,584.736,-0.0817236,0.940644,-0.173303,0.280136
7598,-383.484,168.762,584.93,-0.0832766,0.941682,-0.167979,0.279433
7599,-383.915,167.885,584.716,-0.0842659,0.942113,-0.161947,0.28124
7600,-384.51,168.535,585.19,-0.0820763,0.94334,-0.162991,0.277142
7601,-384.864,169.088,585.944,-0.0810977,0.945907,-0.160247,0.270192
7602,-385.074,169.578,586.79,-0.07969,0.948368,-0.159176,0.262507
7603,-385.396,169.835,587.701,-0.0793217,0.950526,-0.158304,0.255243
7604,-385.778,170.486,588.356,-0.0739554,0.954282,-0.15697,0.243388
7605,-385.864,170.732,589.322,-0.0754991,0.955817,-0.156539,0.237084
7606,-386.609,170.08,589.178,-0.0791297,0.956184,-0.150771,0.238156
7607,-386.958,169.185,588.9,-0.0793755,0.958494,-0.133244,0.239238
7608,-387.106,169.258,589.886,-0.0815096,0.959921,-0.133858,0.232357
7609,-387.31,169.466,590.843,-0.0820129,0.96174,-0.139425,0.221111
7610,-387.313,169.61,591.832,-0.0849838,0.963335,-0.143804,0.209963
7611,-387.649,168.683,591.669,-0.0899959,0.965628,-0.115835,0.214582
7612,-388.192,168.74,590.831,-0.0969327,0.966814,-0.11395,0.207099
7613,-388.288,168.47,589.873,-0.0968599,0.96853,-0.110834,0.20071
7614,-389.136,168.373,589.353,-0.100326,0.969308,-0.109016,0.196196
7615,-388.73,168.599,590.238,-0.103629,0.971104,-0.117732,0.179878
7616,-389.361,168.466,589.474,-0.109566,0.972834,-0.118244,0.166157
7617,-389.663,167.543,589.236,-0.105383,0.976092,-0.0921449,0.166279
7618,-390.475,167.164,588.793,-0.10482,0.976466,-0.103535,0.157502
7619,-389.907,167.378,589.587,-0.11229,0.978,-0.127888,0.120629
7620,-390.889,167.449,589.412,-0.114353,0.97848,-0.125904,0.116828
7621,-391.746,167.916,589.195,-0.115575,0.979797,-0.119094,0.111609
7622,-392.356,168.445,588.604,-0.0815312,0.986402,-0.0943671,0.107042
7623,-392.834,167.699,588.14,-0.0483069,0.990674,-0.0585048,0.113176
7624,-393.649,167.661,587.563,-0.0301002,0.992542,-0.0552778,0.104399
7625,-394.543,167.432,587.175,-0.0264457,0.992734,-0.0558335,0.103263
7626,-393.96,167.507,587.985,-0.038652,0.992986,-0.0676718,0.0889122
7627,-394.343,166.603,587.793,-0.0444233,0.99426,-0.0356464,0.0905655
7628,-395.338,166.693,587.845,-0.0491612,0.993854,-0.037937,0.0916436
7629,-396.203,167.191,587.907,-0.047221,0.99377,-0.0390197,0.0931079
7630,-396.692,166.406,587.526,-0.0369168,0.994542,-0.0240375,0.0945789
7631,-397.015,165.528,587.172,-0.0260699,0.995191,-0.00607807,0.0942233
7632,-396.957,165.301,588.144,-0.0265322,0.995934,-0.00948463,0.0855714
7633,-396.833,164.989,589.086,-0.0393755,0.996448,-0.0163473,0.0726275
7634,-396.654,164.727,590.034,-0.0479884,0.996638,-0.0155185,0.0645734
7635,-396.533,164.544,591.01,-0.0519085,0.996712,-0.0129218,0.060858
7636,-395.553,164.534,590.811,-0.0471659,0.99716,-0.00747606,0.0582333
7637,-395.875,164.037,591.617,-0.039151,0.997497,-0.00275838,0.0588107
7638,-395.885,163.877,592.604,-0.0328138,0.997732,-0.00181083,0.0587505
7639,-396.032,163.805,593.591,-0.0231932,0.99793,-0.00284606,0.0599157
7640,-395.746,162.848,593.54,-0.0116386,0.998148,0.00026761,0.0597012
7641,-395.716,162.82,594.54,-0.00320824,0.998228,-0.00056937,0.0594191
7642,-395.729,163.127,595.491,0.0063815,0.998111,-0.000692031,0.0611075
7643,-395.968,163.396,596.424,0.0150697,0.997834,0.000539656,0.0640264
7644,-395.94,163.741,597.362,0.0264477,0.997562,0.00309555,0.0644994
7645,-396.17,162.78,597.521,0.0272149,0.997479,0.00831817,0.0649996
7646,-396.259,163.4,598.301,0.0244924,0.997608,0.0140142,0.0631037
7647,-396.804,164.038,598.845,0.0151912,0.997736,0.0163958,0.0634345
7648,-397.101,164.064,599.8,0.0060152,0.997776,0.0179171,0.0639212
7649,-397.492,164.431,600.644,-0.00707133,0.997662,0.0173943,0.0657103
7650,-397.867,164.803,601.493,-0.0203608,0.997368,0.0171322,0.0674475
7651,-398.09,165.197,602.385,-0.033864,0.99685,0.0165532,0.0697798
7652,-398.038,165.69,603.253,-0.0404485,0.996475,0.0155315,0.0718311
7653,-398.338,165.985,604.16,-0.0383946,0.99643,0.0153473,0.0736106
7654,-398.689,166.15,605.082,-0.025723,0.996789,0.0148736,0.0743591
7655,-399.006,166.808,605.765,-0.0165395,0.997033,0.0138499,0.0738942
7656,-399.25,167.373,606.553,-0.0111026,0.997113,0.0151678,0.0735737
7657,-399.633,167.868,607.333,-0.00855747,0.997105,0.0148175,0.0740822
7658,-399.536,166.874,607.362,-0.0107696,0.997019,0.0189278,0.0740155
7659,-399.411,165.884,607.296,-0.0172938,0.996758,0.0243046,0.0747281
7660,-399.624,166.845,607.471,-0.0182246,0.996726,0.0228332,0.0753891
7661,-399.233,165.957,607.713,-0.0237094,0.996438,0.0263214,0.0765239
7662,-398.98,164.993,607.632,-0.0245301,0.996011,0.0380291,0.0769015
7663,-398.866,164,607.59,-0.0157825,0.99586,0.0474674,0.0758952
7664,-398.899,163.004,607.509,-0.0119017,0.995825,0.05092,0.0748155
7665,-399.482,163.557,608.103,-0.0106904,0.995973,0.0494853,0.0739967
7666,-400.1,164.262,608.45,-0.0182922,0.99579,0.0485535,0.0755709
7667,-400.031,163.271,608.336,-0.0378125,0.994745,0.0559875,0.076925
7668,-400.331,163.809,609.124,-0.0438102,0.994529,0.0551076,0.0771707
7669,-400.821,164.374,609.788,-0.0531784,0.993887,0.0578152,0.0775753
7670,-401.549,163.711,609.611,-0.0625884,0.991195,0.0765754,0.0880434
7671,-402.426,163.244,609.501,-0.0692116,0.989378,0.0853496,0.0951651
7672,-403.122,163.162,610.214,-0.0746599,0.988584,0.0900984,0.0949227
7673,-403.613,163.063,611.079,-0.076371,0.988473,0.0892318,0.0955365
7674,-403.953,162.878,612.001,-0.0743745,0.988865,0.0840987,0.0976823
7675,-403.771,161.907,611.843,-0.0742027,0.987956,0.0930705,0.0988685
7676,-403.94,161.6,612.779,-0.069023,0.988468,0.0912448,0.0992068
7677,-404.936,161.548,612.709,-0.059815,0.988659,0.0947519,0.0999872
7678,-405.485,161.622,611.876,-0.0528807,0.98902,0.0957678,0.0993579
7679,-405.562,160.652,611.648,-0.0501318,0.98867,0.10055,0.0995387
7680,-405.741,159.715,611.346,-0.0427684,0.988398,0.107212,0.098721
7681,-405.813,159.403,612.294,-0.0392743,0.989105,0.106381,0.0938681
7682,-406.793,159.455,612.103,-0.0376713,0.989162,0.106641,0.0936323
7683,-407.735,159.239,611.845,-0.040169,0.989164,0.106655,0.0925568
7684,-408.574,159.055,611.333,-0.0440543,0.989645,0.103111,0.0896131
7685,-409.415,158.619,611.013,-0.0515121,0.989783,0.100272,0.0873053
7686,-409.354,157.955,611.757,-0.0650845,0.98993,0.0930986,0.0844683
7687,-409.408,156.967,611.613,-0.0773105,0.989088,0.0909519,0.0863469
7688,-409.944,157.168,610.793,-0.0850477,0.989014,0.0837278,0.0872224
7689,-410.489,157.553,610.048,-0.103848,0.987638,0.0758931,0.0895921
7690,-409.629,157.974,609.759,-0.112049,0.987596,0.0685005,0.0860619
7691,-409.9,158.776,609.227,-0.109404,0.987934,0.0701788,0.0842182
7692,-410,158.099,609.956,-0.105252,0.988744,0.0721445,0.0781135
7693,-410.788,158.713,610,-0.0936451,0.989786,0.0762799,0.0757363
7694,-411.62,159.223,609.781,-0.0782019,0.991493,0.0756154,0.071475
7695,-412.515,159.223,609.334,-0.0561547,0.993482,0.0726688,0.067529
7696,-413.423,159.29,608.921,-0.046397,0.994257,0.0708336,0.065449
7697,-414.162,159.41,608.259,-0.0435138,0.994697,0.0679862,0.0637391
7698,-414.835,159.643,607.556,-0.044244,0.994874,0.0655838,0.06299
7699,-415.74,159.949,607.26,-0.0469286,0.994852,0.0606198,0.06627
7700,-416.423,160.399,606.685,-0.0483881,0.994975,0.0585244,0.0652598
7701,-417.271,160.784,606.321,-0.052073,0.994794,0.0549508,0.0682125
7702,-417.931,160.886,605.576,-0.0586934,0.994626,0.0531917,0.0666733
7703,-418.799,161.341,605.378,-0.0643197,0.994343,0.0462359,0.0707608
7704,-419.009,161.071,606.317,-0.0670213,0.994282,0.0444861,0.0702246
7705,-419.054,160.212,606.827,-0.0708219,0.994091,0.0434174,0.0698707
7706,-419.248,159.26,606.587,-0.0705985,0.993944,0.0458472,0.0706349
7707,-418.463,159.619,606.081,-0.0690351,0.994096,0.0454649,0.070285
7708,-418.24,158.654,605.94,-0.0645207,0.994153,0.0518138,0.0693705
7709,-418.599,157.78,605.613,-0.0627534,0.99384,0.0585205,0.0701414
7710,-418.89,158.059,604.698,-0.0644861,0.993865,0.0572433,0.0692655
7711,-419.45,157.648,605.418,-0.0652134,0.993938,0.0557533,0.0687508
7712,-418.502,157.898,605.218,-0.0670141,0.994314,0.053486,0.063145
7713,-419.461,157.861,604.936,-0.063993,0.994582,0.0512232,0.0639358
7714,-419.444,158.13,603.973,-0.0612522,0.994789,0.0502455,0.0641808
7715,-419.813,158.334,603.067,-0.0553094,0.99523,0.0489753,0.0637138
7716,-420.342,158.567,602.25,-0.0436068,0.996073,0.046996,0.0610613
7717,-420.749,158.788,601.364,-0.0301757,0.996738,0.0464824,0.058673
7718,-421.357,158.978,600.593,-0.024639,0.997008,0.04339,0.0590365
7719,-421.797,158.313,601.197,-0.0287069,0.996678,0.0507221,0.0568897
7720,-422.17,159.238,601.264,-0.0282049,0.996672,0.0488442,0.0588526
7721,-422.646,160.118,601.251,-0.0324623,0.996484,0.0482131,0.060342
7722,-423.051,160.718,600.562,-0.0371129,0.996412,0.0481223,0.0589084
7723,-423.143,160.544,601.542,-0.0392204,0.99648,0.0479191,0.0565076
7724,-423.344,159.992,602.351,-0.0418995,0.996525,0.0437486,0.0571774
7725,-423.872,159.298,602.84,-0.0445139,0.996091,0.048591,0.0588151
7726,-424.08,158.376,602.513,-0.0439373,0.995763,0.0546429,0.0594902
7727,-424.631,158.878,601.847,-0.0473933,0.995267,0.0614945,0.0584442
7728,-425.282,158.294,601.362,-0.0534223,0.993056,0.0830696,0.0639234
7729,-425.644,159.156,601.007,-0.0589531,0.99245,0.0871287,0.0630552
7730,-426.371,158.744,601.555,-0.0523532,0.993278,0.0817929,0.0629888
7731,-426.833,158.275,602.308,-0.0475767,0.99362,0.0807599,0.0627221
7732,-426.789,157.773,603.172,-0.0449075,0.99406,0.0778365,0.0613981
7733,-426.658,156.784,603.105,-0.0477216,0.993793,0.0791991,0.0618571
7734,-426.755,156.241,603.939,-0.0490544,0.993854,0.0768984,0.0627184
7735,-427.386,156.505,603.21,-0.0526297,0.993825,0.0745482,0.0631279
7736,-427.73,155.581,603.375,-0.054735,0.993691,0.0739025,0.064192
7737,-427.754,155.084,604.242,-0.0607334,0.993719,0.0702898,0.0623904
7738,-428.137,154.16,604.253,-0.0751995,0.992835,0.068227,0.062999
7739,-428.779,153.683,604.854,-0.0860029,0.991885,0.0687965,0.0635154
7740,-429.236,154.503,604.509,-0.0985342,0.990339,0.0748127,0.0626242
7741,-429.712,155.382,604.502,-0.109032,0.98902,0.0780186,0.0621579
7742,-430.547,155.825,604.177,-0.114609,0.988268,0.0797416,0.0619077
7743,-430.649,155.38,605.066,-0.116157,0.988143,0.0802064,0.0603963
7744,-431.057,154.476,604.938,-0.109327,0.988247,0.0873199,0.0615686
7745,-432.039,154.346,605.08,-0.0873831,0.99017,0.0919697,0.058897
7746,-431.988,154.046,606.033,-0.0782403,0.991882,0.0856084,0.0521549
7747,-432.339,153.73,606.914,-0.0780241,0.992047,0.0864245,0.0478201
7748,-432.649,152.797,606.73,-0.0772369,0.991799,0.0895752,0.0484289
7749,-432.907,152.718,607.693,-0.0721355,0.992722,0.0837613,0.0477891
7750,-433.604,152.724,608.41,-0.0588348,0.993687,0.0839522,0.0455681
7751,-433.893,152.453,609.329,-0.0495926,0.994618,0.0812823,0.0408524
7752,-434.299,151.704,609.852,-0.0443721,0.994557,0.0865668,0.037326
7753,-435.146,152.18,610.089,-0.0488473,0.994004,0.0911547,0.0355172
7754,-435.197,152.442,609.125,-0.0607364,0.993476,0.0925189,0.0275243
7755,-435.573,152.16,610.008,-0.0693037,0.99346,0.087687,0.0233339
7756,-435.871,151.612,610.789,-0.0724116,0.993375,0.0865193,0.0218499
7757,-436.229,151.683,611.72,-0.0691118,0.993955,0.0829844,0.0197448
7758,-436.496,152.647,611.742,-0.067319,0.993784,0.0866374,0.0188733
7759,-437.177,153.357,611.922,-0.0608948,0.993949,0.0897296,0.0174633
7760,-437.491,153.784,612.77,-0.0588457,0.993964,0.0916909,0.0128615
7761,-437.918,153.437,613.604,-0.0590614,0.993784,0.0939182,0.00915461
7762,-438.095,152.458,613.507,-0.0634555,0.992092,0.107826,0.0100252
7763,-438.558,151.888,614.185,-0.0657731,0.991689,0.110215,0.00893959
7764,-438.693,150.938,614.467,-0.0713552,0.990751,0.115121,0.0082614
7765,-439.023,151.879,614.39,-0.0770763,0.990393,0.114473,0.00880183
7766,-439.05,150.885,614.494,-0.0845618,0.989283,0.118761,0.00796203
7767,-439.414,151.494,615.199,-0.0881351,0.989071,0.117946,0.00764919
7768,-439.776,152.374,615.505,-0.0925247,0.98877,0.117048,0.00852256
7769,-440.136,153.106,616.084,-0.0957334,0.988324,0.117958,0.0116622
7770,-439.62,152.285,615.84,-0.0988736,0.987287,0.123968,0.0109697
7771,-438.734,151.867,616.04,-0.107096,0.985583,0.13065,0.0093724
7772,-438.524,150.931,615.755,-0.114971,0.983806,0.13718,0.00943171
7773,-438.822,150.954,616.71,-0.111808,0.984886,0.132124,0.00649008
7774,-439.185,150.987,617.641,-0.106861,0.985926,0.128535,0.00300654
7775,-439.649,150.769,618.499,-0.101429,0.986981,0.124804,-0.00224012
7776,-440.282,149.995,618.489,-0.105158,0.984495,0.140381,0.00230784
7777,-440.957,149.278,618.666,-0.115163,0.982505,0.146277,0.0049451
7778,-441.258,149.191,619.615,-0.124577,0.981166,0.147533,0.00525292
7779,-440.565,148.796,619.012,-0.13254,0.979473,0.151761,0.00591551
7780,-440.002,147.973,619.084,-0.13074,0.97933,0.154237,0.00559884
7781,-440.596,147.169,619.098,-0.135222,0.976588,0.167019,0.00976041
7782,-439.858,146.669,618.644,-0.139225,0.975439,0.170418,0.00960109
7783,-439.192,146.305,619.295,-0.13911,0.9758,0.168335,0.01126
7784,-439.694,145.9,620.059,-0.137956,0.97653,0.164915,0.0126362
7785,-439.449,144.983,619.744,-0.144134,0.975242,0.167159,0.0136404
7786,-439.131,144.077,619.465,-0.15343,0.974468,0.163165,0.0157482
7787,-438.877,143.176,619.115,-0.171329,0.971589,0.162023,0.0202274
7788,-438.518,142.298,618.797,-0.192953,0.967215,0.163182,0.0252202
7789,-437.519,142.321,618.745,-0.191766,0.965478,0.17592,0.0113649
7790,-437.836,143.198,619.106,-0.159262,0.970583,0.180479,0.00565273
7791,-438.393,142.657,618.475,-0.128176,0.969663,0.20814,0.00154947
7792,-438.386,143.376,617.779,-0.121153,0.970245,0.20962,-0.00240518
7793,-439.045,143.754,617.129,-0.110138,0.971183,0.211229,-0.00741359
7794,-439.261,142.899,616.658,-0.104707,0.968876,0.224151,-0.0085342
7795,-440.041,142.591,616.113,-0.098476,0.966849,0.235557,-0.00423482
7796,-440.148,143.446,616.621,-0.0993156,0.966189,0.237893,-0.00470858
7797,-440.469,144.279,617.07,-0.10656,0.96395,0.243794,-0.00320247
7798,-440.335,143.487,617.667,-0.116326,0.963891,0.239547,-0.000673056
7799,-439.577,144.11,617.86,-0.125841,0.965731,0.226968,-0.00362871
7800,-439.166,143.306,617.429,-0.142754,0.962745,0.229661,0.00030482
7801,-438.342,143.86,617.547,-0.151547,0.963196,0.222001,-0.00182805
7802,-437.469,144.299,617.334,-0.156051,0.963539,0.217334,-0.00255047
7803,-436.842,144.528,618.078,-0.156767,0.963892,0.215242,-0.00264765
7804,-436.722,143.539,618.169,-0.155744,0.964172,0.214738,-0.0019974
7805,-437.461,143.788,617.543,-0.15077,0.966077,0.209676,2.12291e-05
7806,-437.586,143.004,618.151,-0.146928,0.967242,0.207016,-8.10586e-05
7807,-437.291,142.199,618.666,-0.144318,0.968059,0.205023,-0.000658894
7808,-438.253,142.099,618.921,-0.142117,0.968645,0.203785,0.000943861
7809,-439.241,141.958,618.856,-0.139029,0.969424,0.202198,0.00219076
7810,-439.915,142.643,618.577,-0.139875,0.969829,0.19964,0.00336646
7811,-440.872,142.581,618.296,-0.13853,0.970308,0.198241,0.00363582
7812,-440.822,142.264,619.243,-0.138608,0.96987,0.20032,0.00337939
7813,-441.531,141.737,618.775,-0.139106,0.966743,0.214496,0.00701914
7814,-442.061,141.151,618.162,-0.140609,0.96451,0.223362,0.00769787
7815,-441.147,141.097,617.761,-0.136816,0.961892,0.23673,-0.00215123
7816,-440.56,140.782,618.507,-0.126821,0.961901,0.242119,-0.0064142
7817,-439.937,140.526,619.246,-0.114319,0.962063,0.247484,-0.010882
7818,-440.075,141.364,619.774,-0.0957869,0.964235,0.246573,-0.0166799
7819,-439.774,140.658,619.134,-0.0869634,0.964573,0.248325,-0.0192492
7820,-440.025,141.459,619.676,-0.0829451,0.964735,0.249023,-0.0198319
7821,-440.386,142.293,620.095,-0.0839072,0.964719,0.248849,-0.0187382
7822,-440.292,143.269,620.289,-0.0888472,0.963355,0.252495,-0.0173063
7823,-440.383,144.1,620.839,-0.105462,0.96308,0.247465,-0.0107926
7824,-440.694,144.598,621.648,-0.110667,0.962213,0.248664,-0.00801593
7825,-440.369,143.8,621.14,-0.10652,0.962642,0.248779,-0.00912004
7826,-440.059,142.957,620.7,-0.101382,0.964122,0.245133,-0.010031
7827,-439.762,142.132,620.219,-0.0910243,0.965838,0.24229,-0.0129203
7828,-440.147,142.046,621.138,-0.0860895,0.967342,0.238008,-0.0137628
7829,-440.721,142.261,621.928,-0.0812198,0.968335,0.235596,-0.014986
7830,-441.044,141.69,622.683,-0.0849066,0.967399,0.238051,-0.0162054
7831,-441.875,141.134,622.699,-0.0983369,0.963925,0.247222,-0.00769637
7832,-442.229,140.362,623.227,-0.114996,0.961144,0.2509,-0.0051837
7833,-442.735,141.127,622.828,-0.140327,0.955584,0.259168,-0.000242261
7834,-443.131,140.26,623.132,-0.156156,0.95137,0.265505,0.00419511
7835,-444.04,139.901,623.341,-0.156334,0.951494,0.264925,0.00577934
7836,-444.589,140.64,622.952,-0.157244,0.951598,0.264022,0.00521756
7837,-445.372,140.276,623.456,-0.15526,0.952194,0.263056,0.00485399
7838,-445.752,139.568,624.052,-0.153612,0.952289,0.263687,0.00426417
7839,-446.733,139.75,623.977,-0.15119,0.952568,0.264078,0.00424695
7840,-447.722,139.854,624.075,-0.148863,0.953517,0.261906,0.00712485
7841,-448.444,139.174,623.943,-0.147211,0.953376,0.263299,0.00870276
7842,-449.001,139.722,623.319,-0.147011,0.952908,0.265109,0.00847572
7843,-448.497,140.275,623.982,-0.148755,0.952771,0.26463,0.00832069
7844,-447.962,141.095,623.778,-0.148718,0.952856,0.264349,0.00825264
7845,-448.532,141.177,622.961,-0.150705,0.952944,0.262839,0.0100456
7846,-447.762,141.728,623.283,-0.152168,0.953537,0.259861,0.00919637
7847,-447.292,142.478,623.747,-0.152146,0.954035,0.258029,0.00946811
7848,-447.003,143.348,623.347,-0.150728,0.954428,0.257407,0.00947883
7849,-447.358,142.65,622.725,-0.149311,0.954325,0.258602,0.00975547
7850,-447.423,141.668,622.547,-0.148979,0.954335,0.258758,0.00968477
7851,-447.139,140.915,621.953,-0.149691,0.954533,0.257554,0.0111737
7852,-446.984,140.166,621.309,-0.150269,0.954422,0.257611,0.0115678
7853,-446.466,141.003,621.483,-0.149511,0.955325,0.254729,0.0106692
7854,-446.238,141.865,621.935,-0.148806,0.95574,0.253511,0.0122165
7855,-445.732,142.36,622.642,-0.148839,0.955886,0.252933,0.0124384
7856,-445.99,143.225,623.073,-0.156112,0.95509,0.251429,0.0147097
7857,-445.867,142.236,623.163,-0.1582,0.954862,0.250938,0.0155653
7858,-446.19,143.008,623.711,-0.158759,0.955576,0.247751,0.017008
7859,-446.696,143.856,623.868,-0.156682,0.957488,0.241595,0.0172971
7860,-447.228,143.654,623.046,-0.143976,0.957503,0.249577,0.0130673
7861,-447.478,144.591,623.291,-0.142987,0.958081,0.247977,0.0119309
7862,-447.09,145.469,623.571,-0.137575,0.960011,0.24362,0.0100193
7863,-447.219,144.669,622.984,-0.134633,0.960254,0.244331,0.00941075
7864,-447.042,145.481,623.541,-0.134641,0.960633,0.242827,0.00952189
7865,-447.252,144.577,623.167,-0.138109,0.960728,0.240428,0.0110598
7866,-446.932,143.758,622.691,-0.149937,0.959423,0.238381,0.0141926
7867,-446.505,143.189,621.988,-0.154832,0.95961,0.234266,0.017188
7868,-446.987,142.475,621.481,-0.15401,0.958764,0.238096,0.0190402
7869,-447.564,143.241,621.766,-0.157132,0.959671,0.232006,0.0226777
7870,-447.944,142.463,621.266,-0.154369,0.959029,0.236431,0.0231121
7871,-448.221,141.503,621.223,-0.15373,0.959343,0.235645,0.0223692
7872,-448.618,141.227,620.349,-0.150401,0.959443,0.237538,0.0206154
7873,-448.177,142.119,620.436,-0.145615,0.960877,0.234959,0.0175181
7874,-448.66,142.986,620.31,-0.147076,0.962366,0.2277,0.0193275
7875,-449.64,142.79,620.258,-0.146728,0.964228,0.217988,0.0348716
7876,-449.286,141.897,619.979,-0.169004,0.963272,0.204314,0.0424296
7877,-448.811,141.099,619.61,-0.1906,0.959779,0.200433,0.0481978
7878,-449.803,140.977,619.64,-0.196125,0.959881,0.191984,0.0574902
7879,-449.246,140.759,620.442,-0.200564,0.958692,0.192592,0.0599322
7880,-449.53,141.645,620.807,-0.195845,0.958892,0.196689,0.059025
7881,-449.925,142.497,621.153,-0.181688,0.961651,0.197609,0.056282
7882,-450.398,141.702,620.773,-0.1569,0.959421,0.228061,0.0536766
7883,-450.72,141.523,619.843,-0.143984,0.959077,0.239155,0.0473854
7884,-451.471,141.253,619.24,-0.136859,0.959333,0.242251,0.0475846
7885,-451.969,141.99,619.696,-0.136298,0.960186,0.238986,0.0484922
7886,-451.778,141.288,619.01,-0.132836,0.959513,0.243973,0.0465391
7887,-452,140.669,618.257,-0.128911,0.957826,0.253088,0.0435603
7888,-452.969,140.549,618.041,-0.125663,0.958683,0.250022,0.0512344
7889,-452.823,140.132,617.144,-0.12781,0.958709,0.248338,0.0535657
7890,-453.198,140.461,616.277,-0.129071,0.95722,0.253388,0.0535268
7891,-453.349,140.474,615.289,-0.133784,0.954588,0.260912,0.0528085
7892,-453.966,140.343,614.513,-0.13608,0.953104,0.264914,0.0538094
7893,-454.249,141.189,614.965,-0.144831,0.951542,0.265421,0.0560709
7894,-454.932,140.916,614.287,-0.144936,0.950784,0.267492,0.0587528
7895,-455.247,140.935,613.339,-0.146834,0.950656,0.266719,0.0596051
7896,-455.721,141.733,613.711,-0.151879,0.951342,0.260569,0.0631241
7897,-456.559,141.785,613.167,-0.151125,0.951603,0.258854,0.0678734
7898,-457.36,141.822,612.569,-0.149699,0.952341,0.256707,0.0688366
7899,-457.968,141.432,611.878,-0.151739,0.94937,0.265139,0.0733001
7900,-457.449,142.201,611.506,-0.152901,0.948921,0.266032,0.0734659
7901,-456.819,142.884,611.875,-0.152655,0.948917,0.266165,0.0735521
7902,-457.448,142.925,611.099,-0.1513,0.948498,0.268091,0.0747446
7903,-458.055,142.612,610.368,-0.152032,0.947461,0.27048,0.0777478
7904,-457.414,143.098,610.963,-0.153496,0.949333,0.263422,0.0762526
7905,-458.112,142.49,611.342,-0.153901,0.949146,0.263717,0.0767436
7906,-458.617,142.424,610.482,-0.153685,0.94773,0.268886,0.0767459
7907,-459.027,141.806,609.811,-0.153196,0.946974,0.271633,0.0773768
7908,-458.554,142.68,609.7,-0.153404,0.947242,0.270643,0.0771475
7909,-459.296,142.53,609.046,-0.153932,0.94701,0.271169,0.0770954
7910,-459.921,142.59,608.268,-0.154687,0.946453,0.272782,0.0767437
7911,-460.519,142.177,607.581,-0.154891,0.943525,0.281725,0.0800037
7912,-461.316,141.985,607.008,-0.153118,0.943126,0.283511,0.0817856
7913,-461.707,141.26,606.44,-0.154561,0.943047,0.282794,0.0824703
7914,-462.697,141.241,606.576,-0.154721,0.942797,0.283621,0.0821855
7915,-463.205,141.592,605.789,-0.153195,0.94186,0.287693,0.0816296
7916,-463.707,142.41,606.071,-0.155294,0.943074,0.281834,0.0840549
7917,-463.974,143.304,606.429,-0.155805,0.943326,0.280691,0.0841053
7918,-464.539,143.723,605.718,-0.152685,0.94362,0.281844,0.08266
7919,-464.843,144.445,605.097,-0.151528,0.9437,0.282688,0.0809765
7920,-465.396,144.945,604.43,-0.151169,0.94369,0.283117,0.0802589
7921,-465.892,145.527,603.786,-0.150003,0.942433,0.288549,0.077839
7922,-466.311,146.067,603.055,-0.149678,0.942305,0.289457,0.0766358
7923,-467.214,146.496,603.035,-0.14683,0.944949,0.281031,0.0808313
7924,-467.12,145.501,602.999,-0.151335,0.944554,0.280307,0.0796428
7925,-467.31,146.474,603.129,-0.154343,0.944763,0.277795,0.0801901
7926,-467.802,146.888,602.363,-0.157907,0.944957,0.274704,0.0816093
7927,-468.766,147.147,602.432,-0.159739,0.948273,0.258042,0.0931467
7928,-468.088,146.702,601.847,-0.170893,0.945917,0.258517,0.0959413
7929,-468.285,147.055,602.762,-0.18613,0.943646,0.25239,0.105769
7930,-467.564,146.79,603.401,-0.191117,0.94219,0.252403,0.109747
7931,-468.256,147.215,602.818,-0.192559,0.942033,0.25092,0.111959
7932,-468.963,147.852,602.511,-0.192317,0.942431,0.248919,0.113479
7933,-469.612,148.376,601.96,-0.192342,0.941932,0.250836,0.113355
7934,-469.987,149.006,601.279,-0.192864,0.940953,0.254018,0.113514
7935,-470.455,149.808,601.65,-0.194595,0.941486,0.249707,0.115688
7936,-470.888,148.972,601.988,-0.191659,0.941983,0.250349,0.115154
7937,-471.335,149.462,601.24,-0.191561,0.940852,0.253473,0.117697
7938,-470.386,149.76,601.344,-0.1951,0.939715,0.254519,0.118707
7939,-469.528,149.912,601.835,-0.199979,0.938012,0.256001,0.120856
7940,-470.066,150.281,601.077,-0.203764,0.936372,0.257166,0.124714
7941,-470.713,150.551,600.363,-0.204066,0.936013,0.257045,0.127138
7942,-471.348,150.929,599.69,-0.202696,0.935972,0.257454,0.128797
7943,-472.058,150.874,598.987,-0.199631,0.936633,0.257618,0.128451
7944,-472.806,151.327,598.503,-0.191181,0.939567,0.252396,0.130228
7945,-473.246,150.532,598.92,-0.183492,0.94163,0.251334,0.128433
7946,-473.974,150.932,598.362,-0.181584,0.942359,0.248884,0.130552
7947,-473.609,150.281,597.697,-0.187666,0.941074,0.247461,0.133883
7948,-472.727,150.67,597.43,-0.190335,0.940697,0.246475,0.13458
7949,-472.373,150.416,598.33,-0.198118,0.937881,0.248622,0.13898
7950,-473.161,150.162,597.77,-0.205076,0.935486,0.249062,0.144141
7951,-473.95,149.692,597.373,-0.20484,0.93408,0.252519,0.147543
7952,-474.275,150.037,596.492,-0.202838,0.933843,0.254821,0.14785
7953,-474.757,150.361,595.678,-0.197932,0.934528,0.255982,0.14817
7954,-474.234,151.167,595.401,-0.194855,0.935397,0.255197,0.148112
7955,-474.919,151.41,594.714,-0.194415,0.935473,0.253741,0.150693
7956,-475.246,152.104,595.356,-0.197509,0.936089,0.247816,0.15269
7957,-475.835,151.759,594.625,-0.191827,0.936612,0.249832,0.15344
7958,-476.462,151.718,593.846,-0.186641,0.937694,0.249875,0.153159
7959,-476.887,152.151,593.052,-0.184321,0.937867,0.251126,0.152861
7960,-477.42,152.225,592.209,-0.181905,0.938051,0.251699,0.153683
7961,-477.847,152.478,591.341,-0.181456,0.938033,0.251959,0.1539
7962,-478.241,152.693,590.447,-0.178251,0.938537,0.252772,0.153236
7963,-478.703,153.536,590.725,-0.179461,0.938926,0.249728,0.154427
7964,-479.429,153.452,590.043,-0.17682,0.938783,0.249446,0.158739
7965,-479.763,153.771,589.156,-0.176262,0.938573,0.250647,0.15871
7966,-480.135,154.076,588.28,-0.177456,0.938364,0.25024,0.159258
7967,-480.537,153.94,587.374,-0.177725,0.939027,0.247148,0.159873
7968,-480.979,154.352,586.577,-0.175514,0.939619,0.245698,0.16107
7969,-481.772,154.094,586.025,-0.174524,0.938283,0.248094,0.166177
7970,-482.294,154.272,585.191,-0.177803,0.936816,0.249828,0.168367
7971,-482.688,153.841,584.379,-0.183915,0.935618,0.248513,0.170401
7972,-482.975,153.956,583.428,-0.181125,0.934994,0.252865,0.17041
7973,-483.382,153.897,582.516,-0.181338,0.934379,0.253156,0.173103
7974,-483.963,154.425,581.897,-0.184641,0.934949,0.243952,0.179624
7975,-484.244,154.557,580.946,-0.183242,0.934736,0.245257,0.180386
7976,-484.631,154.223,580.087,-0.181931,0.935006,0.245261,0.180311
7977,-485.007,154.434,579.185,-0.180469,0.935309,0.244431,0.18133
7978,-484.693,155.349,578.931,-0.181732,0.935588,0.242488,0.181238
7979,-485.034,155.025,578.048,-0.177701,0.936354,0.243544,0.179858
7980,-485.134,155.24,577.077,-0.173638,0.937151,0.245893,0.176452
7981,-485.703,155.187,576.256,-0.162277,0.937888,0.250077,0.177463
7982,-485.98,155.436,575.328,-0.155834,0.938954,0.25255,0.174068
7983,-486.103,155.773,574.395,-0.152359,0.940141,0.250495,0.173707
7984,-486.501,155.804,573.478,-0.156358,0.939311,0.249103,0.176618
7985,-485.884,156.491,573.86,-0.161709,0.93935,0.245126,0.177161
7986,-486.079,155.991,573.016,-0.161949,0.938939,0.244623,0.179791
7987,-486.168,155.893,572.025,-0.166117,0.937877,0.244471,0.18173
7988,-486.601,156.122,571.153,-0.171281,0.936949,0.240074,0.187492
7989,-486.065,156.873,571.538,-0.171832,0.938487,0.234416,0.186452
7990,-485.899,157.219,572.462,-0.171658,0.938882,0.232913,0.186511
7991,-486.238,157.453,571.55,-0.168622,0.939309,0.233699,0.186142
7992,-486.458,157.321,570.584,-0.164839,0.940242,0.232693,0.186084
7993,-486.137,157.529,571.508,-0.164721,0.940451,0.231894,0.186131
7994,-486.33,157.263,570.563,-0.167097,0.940063,0.230811,0.187315
7995,-486.544,157.492,569.614,-0.167848,0.939548,0.232189,0.18752
7996,-486.665,157.372,568.628,-0.168247,0.938817,0.234269,0.188239
7997,-486.623,157.392,567.63,-0.169916,0.938133,0.2354,0.188737
7998,-486.789,157.458,566.646,-0.170353,0.937863,0.235658,0.189364
7999,-486.596,158.424,566.818,-0.169131,0.938666,0.233071,0.189679
8000,-486.21,158.807,567.658,-0.168239,0.94003,0.228491,0.189291
8001,-486.406,158.652,566.69,-0.165022,0.940899,0.227074,0.189509
8002,-486.074,159.507,567.089,-0.163408,0.943147,0.220615,0.187352
8003,-485.765,159.977,567.916,-0.166238,0.943705,0.215718,0.187755
8004,-485.968,159.825,566.949,-0.169132,0.943082,0.214322,0.189886
8005,-486.153,159.124,566.259,-0.171526,0.942514,0.212882,0.192165
8006,-486.449,158.908,565.329,-0.170055,0.942798,0.211658,0.193425
8007,-486.493,158.785,564.337,-0.169373,0.94276,0.211778,0.194077
8008,-486.881,158.129,563.69,-0.164432,0.943127,0.213224,0.194959
8009,-487.241,158.274,562.768,-0.159083,0.944046,0.21189,0.196396
8010,-487.451,158.505,561.818,-0.156208,0.944577,0.212301,0.195709
8011,-488.033,158.611,561.012,-0.152741,0.944435,0.212745,0.198624
8012,-488.185,158.895,560.065,-0.154097,0.944009,0.214476,0.197742
8013,-488.621,158.41,559.307,-0.156843,0.941959,0.217044,0.202499
8014,-488.367,159.22,559.835,-0.161346,0.942067,0.212254,0.203533
8015,-487.735,158.638,559.324,-0.169206,0.940174,0.211013,0.207159
8016,-487.312,159.123,560.089,-0.16615,0.941776,0.207371,0.206033
8017,-487.53,158.665,559.228,-0.160149,0.942431,0.20837,0.206781
8018,-487.594,159.183,558.375,-0.16048,0.942579,0.207412,0.206813
8019,-487.494,159.643,557.493,-0.160677,0.942502,0.206101,0.208316
8020,-487.336,159.719,558.478,-0.161923,0.942372,0.204964,0.209058
8021,-487.321,159.83,557.484,-0.161873,0.942215,0.205027,0.209741
8022,-487.443,159.87,556.492,-0.162812,0.941986,0.204664,0.2104
8023,-487.643,160.2,555.569,-0.1643,0.941645,0.203563,0.211832
8024,-487.018,160.756,556.118,-0.1646,0.942764,0.200291,0.209731
8025,-487,160.588,555.132,-0.16653,0.941982,0.201028,0.21101
8026,-486.307,161.02,555.709,-0.16716,0.942416,0.199252,0.210258
8027,-486.796,160.367,555.131,-0.167731,0.94168,0.20007,0.212316
8028,-487.041,160.586,554.187,-0.16646,0.941882,0.199267,0.21317
8029,-487.773,160.507,553.51,-0.165009,0.941609,0.19911,0.215636
8030,-488.15,160.655,552.596,-0.162193,0.941813,0.19818,0.217728
8031,-488.341,160.871,551.638,-0.16006,0.94199,0.199249,0.217569
8032,-488.433,161.161,550.686,-0.160174,0.941844,0.198836,0.218491
8033,-488.747,160.677,549.869,-0.160678,0.941006,0.201373,0.219407
8034,-488.601,161.34,549.134,-0.161415,0.940788,0.20154,0.219648
8035,-487.885,162.033,549.215,-0.160821,0.94246,0.198806,0.215363
8036,-487.992,161.997,548.221,-0.159484,0.942602,0.198472,0.216046
8037,-488.657,162.262,547.523,-0.156011,0.942954,0.195314,0.219889
8038,-489.06,162.176,546.611,-0.154159,0.94324,0.194856,0.220373
8039,-489.762,162.069,545.908,-0.154058,0.942079,0.196352,0.224054
8040,-489.983,162.152,544.936,-0.153339,0.942044,0.196917,0.224197
8041,-490.69,161.716,544.379,-0.154214,0.941103,0.197311,0.227182
8042,-490.434,161.513,545.325,-0.154452,0.941073,0.197077,0.227346
8043,-490.589,161.752,544.366,-0.153127,0.941308,0.196236,0.227996
8044,-491.334,161.202,543.987,-0.151606,0.941413,0.195506,0.229203
8045,-491.992,160.927,543.286,-0.149786,0.940763,0.197959,0.230958
8046,-492.359,160.917,542.356,-0.149347,0.940455,0.198654,0.231899
8047,-491.438,161.307,542.34,-0.150452,0.940126,0.197328,0.233643
8048,-492.333,161.225,541.901,-0.149724,0.939853,0.196434,0.235951
8049,-492.985,160.618,541.447,-0.149595,0.938471,0.198112,0.240092
8050,-492.455,160.91,542.243,-0.152272,0.937539,0.197685,0.242392
8051,-491.591,161.09,542.714,-0.152506,0.937588,0.197955,0.241835
8052,-491.185,161.245,543.615,-0.156929,0.936343,0.195631,0.24569
8053,-490.254,161.389,543.95,-0.161743,0.935662,0.195429,0.245322
8054,-489.51,161.641,544.568,-0.163084,0.935467,0.193625,0.246608
8055,-489.973,160.875,545.014,-0.163536,0.935197,0.192579,0.248146
8056,-489.11,161.267,545.333,-0.163068,0.935074,0.192061,0.249316
8057,-488.301,161.66,545.771,-0.163205,0.935011,0.190831,0.250404
8058,-487.454,161.91,546.241,-0.164217,0.934813,0.189289,0.25165
8059,-486.723,162.532,545.963,-0.165909,0.933983,0.188451,0.254237
8060,-486.055,162.302,545.255,-0.174784,0.930885,0.187719,0.260126
8061,-485.304,162.775,544.795,-0.177257,0.929787,0.188469,0.261832
8062,-485.331,162.529,545.764,-0.179363,0.928361,0.188506,0.265405
8063,-484.754,162.387,546.568,-0.179816,0.927696,0.187863,0.267868
8064,-484.014,162.053,545.984,-0.184118,0.925313,0.190438,0.271348
8065,-483.776,161.1,545.795,-0.18702,0.924007,0.19132,0.273186
8066,-483.302,161.174,546.673,-0.188078,0.923872,0.190118,0.273755
8067,-482.405,161.592,546.526,-0.186599,0.923618,0.188685,0.276601
8068,-482.546,160.891,547.225,-0.188114,0.921425,0.190136,0.281846
8069,-481.6,160.832,547.545,-0.19151,0.920531,0.190104,0.282502
8070,-480.69,160.422,547.614,-0.184738,0.922021,0.188139,0.283467
8071,-480.908,160.959,546.799,-0.17974,0.922219,0.188913,0.285511
8072,-480.741,160.732,547.759,-0.175988,0.922,0.194181,0.285024
8073,-480.68,161.414,547.03,-0.175329,0.920474,0.199755,0.286507
8074,-481.471,160.811,547.139,-0.181647,0.918352,0.200839,0.288614
8075,-480.738,161.349,546.722,-0.177953,0.919493,0.197547,0.289552
8076,-481.692,161.156,546.494,-0.163919,0.921318,0.196841,0.292501
8077,-480.917,161.146,547.126,-0.156508,0.923546,0.199655,0.287587
8078,-481.87,161.059,546.836,-0.153398,0.923551,0.19924,0.289528
8079,-482.405,160.388,546.323,-0.155196,0.921546,0.2037,0.291846
8080,-482.72,161.065,545.658,-0.152352,0.922094,0.201131,0.293391
8081,-483.562,161.553,545.43,-0.14714,0.922801,0.199944,0.294636
8082,-484.326,160.912,545.508,-0.145028,0.922626,0.203514,0.293787
8083,-485.16,160.459,545.821,-0.143313,0.924354,0.198234,0.292803
8084,-485.892,159.781,545.754,-0.144977,0.922597,0.202191,0.294812
8085,-485.87,160.369,544.946,-0.144331,0.921063,0.205376,0.297711
8086,-486.847,160.559,544.844,-0.132132,0.922453,0.189128,0.309599
8087,-487.338,161.234,545.395,-0.137718,0.921353,0.17642,0.317832
8088,-486.909,162.051,545.01,-0.141176,0.918386,0.181668,0.321922
8089,-486.089,162.242,545.548,-0.143502,0.917535,0.182521,0.322835
8090,-485.25,162.262,546.092,-0.145758,0.915992,0.183893,0.325417
8091,-485.087,162.146,547.072,-0.152781,0.913238,0.18546,0.329026
8092,-484.215,162.041,547.55,-0.161734,0.912135,0.181533,0.329997
8093,-483.269,162.336,547.418,-0.163516,0.910357,0.178395,0.335691
8094,-482.564,162.461,548.116,-0.166172,0.910618,0.176839,0.3345
8095,-481.842,162.681,548.772,-0.165306,0.913326,0.174549,0.328698
8096,-480.931,162.94,549.092,-0.147851,0.914837,0.183805,0.327765
8097,-481.626,162.415,549.583,-0.130112,0.918893,0.181988,0.324941
8098,-482.434,161.826,549.577,-0.118362,0.921364,0.18207,0.322382
8099,-482.49,162.352,548.728,-0.116465,0.921632,0.183905,0.321261
8100,-482.339,162.147,549.695,-0.117676,0.920923,0.185848,0.321734
8101,-483.067,161.463,549.647,-0.123076,0.919057,0.185338,0.325324
8102,-482.387,161.664,550.352,-0.129635,0.919143,0.181246,0.324839
8103,-481.533,162.129,550.587,-0.138058,0.915892,0.178538,0.331973
8104,-481.006,162.41,551.389,-0.146644,0.915214,0.172648,0.333274
8105,-480.207,163.011,551.425,-0.148776,0.913457,0.172563,0.337171
8106,-479.426,163.384,551.924,-0.151732,0.913545,0.166151,0.338831
8107,-478.844,163.751,552.65,-0.155601,0.911977,0.164609,0.342039
8108,-478.737,164.322,553.464,-0.155635,0.911925,0.1623,0.343262
8109,-478.112,164.766,554.106,-0.153139,0.912669,0.161952,0.342573
8110,-477.738,165.241,554.902,-0.148133,0.912891,0.163045,0.343661
8111,-477.682,165.248,553.904,-0.147414,0.911869,0.167084,0.344742
8112,-477.938,165.054,552.957,-0.147934,0.911473,0.167558,0.345335
8113,-478.497,164.225,552.975,-0.150776,0.910392,0.168592,0.346454
8114,-479.024,163.388,553.12,-0.150863,0.90973,0.171004,0.346973
8115,-479.188,163.395,552.133,-0.151438,0.909702,0.170259,0.34716
8116,-478.724,163.873,552.879,-0.151858,0.910079,0.168401,0.346896
8117,-478.289,164.699,553.237,-0.150609,0.910023,0.16764,0.347955
8118,-478.276,164.933,554.209,-0.151945,0.908826,0.169827,0.349438
8119,-477.69,165.402,554.871,-0.152673,0.909044,0.169331,0.348794
8120,-477.092,166.158,554.605,-0.150572,0.908723,0.169734,0.350345
8121,-476.748,167.085,554.751,-0.151725,0.908201,0.170808,0.350677
8122,-477.13,166.603,553.964,-0.152027,0.907103,0.172623,0.352496
8123,-476.473,167.297,553.67,-0.152118,0.90696,0.172039,0.35311
8124,-476.735,166.378,553.376,-0.150971,0.906648,0.17259,0.354134
8125,-476.979,166.572,552.426,-0.149396,0.90643,0.170997,0.356127
8126,-476.704,167.53,552.503,-0.143244,0.907265,0.168538,0.357696
8127,-476.076,168.219,552.864,-0.139792,0.908416,0.163157,0.358635
8128,-475.526,168.737,553.519,-0.138423,0.912117,0.152645,0.354374
8129,-474.707,169.295,553.386,-0.136915,0.912377,0.148234,0.356159
8130,-475.267,168.468,553.427,-0.135667,0.912253,0.145957,0.35789
8131,-474.53,169.12,553.604,-0.132946,0.912965,0.141619,0.358839
8132,-474.985,168.268,553.862,-0.129896,0.912717,0.14033,0.361084
8133,-474.07,168.67,553.913,-0.129478,0.912803,0.1399,0.361183
8134,-473.266,169.261,553.852,-0.128832,0.912804,0.137921,0.362173
8135,-472.559,169.852,554.239,-0.126698,0.914479,0.132731,0.360637
8136,-472.556,170.465,555.029,-0.125934,0.915316,0.128312,0.360381
8137,-471.816,170.985,555.458,-0.125909,0.915687,0.127967,0.359568
8138,-471.087,171.668,555.417,-0.125447,0.915502,0.126968,0.360554
8139,-470.462,172.447,555.446,-0.12512,0.915338,0.126208,0.36135
8140,-471.155,171.729,555.51,-0.125322,0.914982,0.125787,0.362326
8141,-470.33,172.295,555.526,-0.124718,0.915046,0.125961,0.362311
8142,-469.787,172.9,554.944,-0.123952,0.914226,0.129377,0.363438
8143,-469.893,172.006,554.508,-0.128081,0.912103,0.136274,0.364818
8144,-470.075,172.959,554.752,-0.13214,0.910898,0.141131,0.364535
8145,-470.785,172.255,554.724,-0.133179,0.909692,0.148441,0.364266
8146,-471.005,173.216,554.889,-0.13464,0.90901,0.152891,0.363589
8147,-470.722,173.169,553.931,-0.135388,0.90806,0.159329,0.36292
8148,-470.942,172.194,553.961,-0.135658,0.907804,0.158759,0.363709
8149,-471.609,171.472,554.143,-0.135697,0.907653,0.155402,0.365518
8150,-471.016,171.871,554.841,-0.136317,0.909313,0.151277,0.362881
8151,-471.594,171.162,555.245,-0.135348,0.909762,0.145233,0.364584
8152,-472.519,171.124,554.868,-0.124493,0.908349,0.13136,0.377026
8153,-473.354,170.806,554.42,-0.119141,0.908127,0.130287,0.379652
8154,-473.789,171.693,554.576,-0.117657,0.907959,0.127672,0.381402
8155,-473.103,171.481,553.879,-0.12166,0.906514,0.136975,0.380353
8156,-473.002,171.594,552.89,-0.121913,0.905632,0.14374,0.379878
8157,-473.465,170.78,552.539,-0.125585,0.903715,0.148389,0.381456
8158,-474.044,169.973,552.423,-0.130748,0.902476,0.153584,0.380596
8159,-474.86,169.396,552.463,-0.13141,0.902574,0.150538,0.381352
8160,-474.028,169.934,552.596,-0.130764,0.902914,0.149377,0.381227
8161,-474.539,169.901,551.737,-0.129139,0.901396,0.148207,0.385801
8162,-474.979,169.443,552.51,-0.130105,0.901343,0.148226,0.385593
8163,-475.604,168.676,552.37,-0.132396,0.900627,0.150626,0.385556
8164,-476.334,168.057,552.08,-0.134042,0.899902,0.153059,0.385723
8165,-477.017,167.383,551.797,-0.136643,0.899028,0.156335,0.385535
8166,-477.434,166.726,551.169,-0.139725,0.896102,0.165312,0.387492
8167,-477.997,165.903,551.108,-0.14133,0.895437,0.166976,0.387734
8168,-478.882,165.593,551.457,-0.140214,0.895864,0.167988,0.386713
8169,-478.698,164.61,551.452,-0.141967,0.895514,0.169632,0.386168
8170,-478.032,165.336,551.279,-0.140761,0.895705,0.170259,0.385889
8171,-477.795,165.204,552.242,-0.141812,0.896087,0.169857,0.384794
8172,-478.675,164.781,552.456,-0.142122,0.896089,0.168712,0.385178
8173,-479.523,164.335,552.742,-0.142905,0.896038,0.165697,0.386314
8174,-480.177,163.748,553.219,-0.144822,0.895346,0.165417,0.387323
8175,-480.256,163.32,554.119,-0.145882,0.894738,0.165477,0.388304
8176,-481.107,162.882,554.409,-0.147452,0.894235,0.161537,0.390522
8177,-481.836,162.212,554.552,-0.14919,0.893854,0.15842,0.392009
8178,-482.761,161.845,554.457,-0.151154,0.892069,0.156889,0.395919
8179,-483.53,162.014,555.073,-0.167651,0.885638,0.154425,0.404589
8180,-482.642,161.634,554.813,-0.179328,0.880997,0.152518,0.410394
8181,-482.465,160.65,554.835,-0.177922,0.882053,0.150216,0.409586
8182,-482.939,161.531,554.811,-0.179268,0.88143,0.156893,0.407835
8183,-483.141,162.488,554.606,-0.177251,0.882298,0.161856,0.404888
8184,-482.86,161.574,554.314,-0.181155,0.880381,0.167575,0.405007
8185,-482.868,160.574,554.315,-0.180231,0.881065,0.164938,0.405015
8186,-482.994,159.582,554.319,-0.180065,0.881666,0.16637,0.403192
8187,-483.623,160.356,554.245,-0.188832,0.879595,0.163215,0.404989
8188,-482.808,159.831,554.49,-0.17364,0.882423,0.162618,0.405875
8189,-482.324,158.957,554.447,-0.152584,0.886627,0.168663,0.402694
8190,-482.972,159.71,554.333,-0.162418,0.884772,0.166686,0.403752
8191,-483.556,160.517,554.242,-0.183361,0.880175,0.157115,0.408639
8192,-483.343,159.581,553.959,-0.180225,0.880966,0.151944,0.410282
8193,-483.615,158.621,553.904,-0.169581,0.884697,0.153208,0.406301
8194,-484.513,158.736,553.479,-0.161958,0.886578,0.155383,0.404481
8195,-485.217,158.049,553.659,-0.160655,0.888559,0.159039,0.399199
8196,-485.94,157.409,553.401,-0.157366,0.889328,0.164318,0.396649
8197,-486.727,156.791,553.385,-0.162165,0.889962,0.158613,0.395617
8198,-486.538,155.853,553.094,-0.168075,0.888562,0.153863,0.398164
8199,-485.93,155.15,553.462,-0.170564,0.887613,0.1589,0.397243
8200,-486.306,156.045,553.22,-0.172479,0.888174,0.159076,0.395087
8201,-486.702,155.176,553.519,-0.186982,0.887405,0.157344,0.390887
8202,-486.968,155.712,552.718,-0.195898,0.88615,0.164512,0.38639
8203,-487.588,155.01,553.068,-0.195656,0.887801,0.158258,0.385334
8204,-487.324,154.079,552.818,-0.198323,0.887321,0.154606,0.386557
8205,-488.15,154.176,552.263,-0.182755,0.884299,0.130593,0.409342
8206,-487.536,153.439,552.546,-0.153781,0.889344,0.144551,0.405614
8207,-486.652,153.372,553.007,-0.192698,0.889935,0.19669,0.363589
8208,-486.856,152.883,552.159,-0.229102,0.871694,0.213783,0.376775
8209,-485.928,152.856,552.53,-0.250761,0.863845,0.192392,0.392269
8210,-485.372,152.661,553.337,-0.257296,0.863881,0.211281,0.377981
8211,-485.866,153.427,553.748,-0.289236,0.852293,0.202881,0.385718
8212,-486.491,154.177,553.531,-0.315675,0.843034,0.189686,0.391999
8213,-485.998,153.332,553.324,-0.361002,0.822968,0.177744,0.401009
8214,-485.203,152.725,553.352,-0.367739,0.819934,0.17452,0.402516
8215,-484.372,152.223,553.59,-0.369326,0.819402,0.169196,0.404414
8216,-483.66,151.902,554.214,-0.352459,0.826512,0.182508,0.399176
8217,-483.076,151.959,555.024,-0.323841,0.843926,0.211555,0.371698
8218,-483.861,151.503,554.604,-0.298576,0.850663,0.21512,0.37543
8219,-484.568,150.856,554.889,-0.279683,0.859254,0.211044,0.372721
8220,-485.314,150.424,554.381,-0.266191,0.865134,0.218391,0.36468
8221,-485.944,150.42,553.605,-0.259416,0.868096,0.221114,0.360862
8222,-486.597,150.533,552.856,-0.254565,0.869196,0.218375,0.363328
8223,-486.845,149.874,553.567,-0.256121,0.872162,0.217031,0.355855
8224,-486.88,149.481,552.648,-0.255068,0.866666,0.240412,0.35501
8225,-486.288,149.506,553.453,-0.258305,0.869739,0.244184,0.342354
8226,-486.574,149.149,552.564,-0.257957,0.866036,0.25306,0.345542
8227,-486.926,148.882,551.667,-0.261723,0.857912,0.265274,0.35372
8228,-486.319,149.676,551.637,-0.270102,0.853673,0.264667,0.358104
8229,-485.531,150.188,551.98,-0.28145,0.846923,0.255438,0.371831
8230,-484.672,150.441,552.424,-0.302283,0.837611,0.247142,0.38204
8231,-483.917,150.766,552.993,-0.325655,0.828834,0.242939,0.38466
8232,-483.648,151.27,553.815,-0.337021,0.824357,0.235736,0.388947
8233,-482.865,151.73,554.232,-0.339795,0.824314,0.236722,0.386016
8234,-481.896,151.483,554.247,-0.341256,0.822799,0.244343,0.383201
8235,-481.702,150.991,553.398,-0.334373,0.821159,0.264631,0.379292
8236,-481.533,151.249,552.446,-0.325772,0.825212,0.272066,0.372664
8237,-481.527,150.726,551.594,-0.322434,0.825038,0.27685,0.372427
8238,-482.113,150.697,550.784,-0.319391,0.82499,0.275482,0.376153
8239,-482.426,150.204,549.972,-0.31799,0.826338,0.274552,0.375059
8240,-482.443,150.523,549.025,-0.318262,0.826632,0.274236,0.37441
8241,-481.976,149.821,548.487,-0.320284,0.824773,0.280396,0.372217
8242,-482.748,150.422,548.278,-0.323818,0.823469,0.276442,0.374995
8243,-482.778,151.151,547.594,-0.32576,0.823124,0.276056,0.374353
8244,-482.124,151.717,548.096,-0.326094,0.824173,0.275468,0.372182
8245,-482.702,150.98,548.448,-0.326612,0.824718,0.272347,0.372815
8246,-481.997,151.652,548.221,-0.326644,0.824924,0.270982,0.373326
8247,-481.342,150.938,547.974,-0.329283,0.823723,0.27153,0.373262
8248,-481.039,151.813,547.596,-0.330307,0.823449,0.271328,0.373108
8249,-481.796,152.458,547.496,-0.333376,0.822468,0.271242,0.372605
8250,-481.222,151.639,547.487,-0.33462,0.822196,0.274384,0.369778
8251,-480.686,152.433,547.199,-0.334035,0.823574,0.273175,0.368134
8252,-480.506,151.451,547.259,-0.336994,0.822547,0.27516,0.36625
8253,-480.929,150.656,547.695,-0.34266,0.820818,0.274664,0.365241
8254,-480.442,149.809,547.479,-0.352705,0.816743,0.272594,0.366365
8255,-481.076,149.036,547.504,-0.357274,0.814296,0.271455,0.368224
8256,-481.83,149.659,547.711,-0.364679,0.810836,0.264812,0.373402
8257,-480.9,149.951,547.487,-0.367496,0.806837,0.270735,0.375052
8258,-480.592,150.902,547.472,-0.36519,0.805745,0.268851,0.380961
8259,-479.78,151.291,547.037,-0.364013,0.802258,0.266197,0.391173
8260,-479.378,152.019,546.482,-0.353717,0.795127,0.287205,0.400214
8261,-479.122,151.745,547.409,-0.355902,0.79204,0.28671,0.404728
8262,-478.56,151.69,548.234,-0.371053,0.786705,0.281192,0.405396
8263,-477.857,151.417,548.892,-0.381655,0.780085,0.279224,0.409683
8264,-476.959,151.018,549.074,-0.39184,0.774106,0.273577,0.415182
8265,-477.135,150.498,549.91,-0.388389,0.773089,0.279585,0.416317
8266,-477.94,151.015,550.2,-0.380854,0.77648,0.283526,0.414296
8267,-477.985,150.217,550.8,-0.378115,0.77817,0.290057,0.409082
8268,-478.585,149.452,551.035,-0.376941,0.780232,0.291636,0.405095
8269,-479.517,149.797,550.924,-0.365003,0.786417,0.291086,0.404463
8270,-480.503,149.634,550.961,-0.363275,0.788002,0.292569,0.401855
8271,-480.076,148.862,551.431,-0.362705,0.785376,0.289485,0.409668
8272,-479.16,148.598,551.734,-0.377487,0.777189,0.301927,0.402891
8273,-478.586,149.294,551.302,-0.38271,0.766249,0.302109,0.418481
8274,-477.826,149.786,550.878,-0.385841,0.754413,0.296243,0.440712
8275,-477.84,149.866,551.875,-0.389377,0.757533,0.286477,0.438703
8276,-477.318,150.558,552.373,-0.397917,0.75169,0.284833,0.442147
8277,-476.66,150.312,553.084,-0.411699,0.746484,0.302339,0.426447
8278,-477.051,150.902,553.79,-0.418249,0.738696,0.311683,0.426908
8279,-477.515,150.2,554.33,-0.420087,0.729249,0.315538,0.438358
8280,-477.823,149.634,555.095,-0.415362,0.726911,0.31629,0.446133
8281,-477.761,149.634,556.093,-0.405384,0.731729,0.323239,0.44244
8282,-477.449,150.437,555.586,-0.391913,0.738802,0.331157,0.436933
8283,-477.976,149.68,555.971,-0.378153,0.749371,0.335564,0.427597
8284,-477.619,149.543,555.046,-0.365265,0.757418,0.336421,0.423935
8285,-477.155,150.309,554.602,-0.360803,0.761116,0.33295,0.423872
8286,-476.633,151.085,554.248,-0.360644,0.760448,0.333629,0.424671
8287,-476.113,151.806,553.789,-0.362529,0.757569,0.336118,0.426246
8288,-476.649,152.505,554.262,-0.361224,0.759247,0.332545,0.427171
8289,-477.385,153.158,554.443,-0.362597,0.757702,0.330903,0.430016
8290,-477.832,153.936,554.886,-0.377779,0.750458,0.31491,0.441506
8291,-478.074,154.695,555.489,-0.392978,0.743193,0.304559,0.447746
8292,-478.469,155.466,555.989,-0.399479,0.740188,0.292258,0.455108
8293,-477.82,156.221,555.891,-0.405928,0.731438,0.293961,0.462394
8294,-477.065,156.863,555.763,-0.410505,0.724039,0.297287,0.467838
8295,-477.167,157.831,555.992,-0.407564,0.723612,0.299555,0.46962
8296,-476.262,158.051,556.355,-0.415173,0.718315,0.302114,0.469449
8297,-476.133,158.85,556.942,-0.408845,0.72369,0.299732,0.468273
8298,-476.412,159.775,557.199,-0.394438,0.730406,0.302742,0.468265
8299,-475.471,159.523,557.425,-0.396068,0.73054,0.304343,0.465636
8300,-474.571,159.108,557.295,-0.392335,0.732322,0.302069,0.467474
8301,-473.781,158.57,557.001,-0.389166,0.734765,0.30237,0.466093
8302,-472.991,158.109,556.597,-0.3852,0.737974,0.302889,0.463976
8303,-472.158,157.633,556.313,-0.376338,0.743287,0.310996,0.457357
8304,-471.294,157.567,555.814,-0.368697,0.748442,0.315218,0.452256
8305,-470.77,158.302,555.382,-0.365309,0.750848,0.319782,0.44779
8306,-469.941,158.165,554.84,-0.35814,0.75466,0.33041,0.439378
8307,-469.04,158.206,554.409,-0.348822,0.760831,0.332713,0.434466
8308,-469.019,158.913,555.116,-0.341155,0.769471,0.325437,0.430835
8309,-468.224,158.39,554.808,-0.338079,0.771613,0.32725,0.428047
8310,-467.71,159.043,554.252,-0.340387,0.773109,0.325257,0.425025
8311,-468.573,159.548,554.277,-0.345776,0.770822,0.320077,0.428747
8312,-469.387,160.101,554.454,-0.35221,0.769326,0.309808,0.433711
8313,-468.722,160.15,553.709,-0.362078,0.76357,0.316163,0.431162
8314,-469.334,160.935,553.617,-0.364932,0.762579,0.313163,0.432697
8315,-468.428,160.513,553.573,-0.36074,0.765179,0.315039,0.430254
8316,-468.361,160.935,552.669,-0.347513,0.771551,0.31396,0.430551
8317,-467.566,160.373,552.442,-0.333848,0.778208,0.320581,0.424459
8318,-466.734,160.693,551.99,-0.322274,0.785082,0.323558,0.418445
8319,-467.567,160.271,552.347,-0.31598,0.790067,0.324673,0.412963
8320,-466.765,159.932,551.855,-0.313108,0.791714,0.325258,0.411534
8321,-466.041,159.367,551.461,-0.308946,0.793673,0.326724,0.409739
8322,-465.28,159.363,550.812,-0.305873,0.796527,0.320894,0.411113
8323,-464.711,160.144,550.554,-0.307258,0.795449,0.320959,0.412114
8324,-465.248,160.954,550.789,-0.307449,0.794396,0.322031,0.413166
8325,-465.998,161.577,551.011,-0.318111,0.789747,0.322631,0.413538
8326,-466.955,161.868,551.031,-0.327092,0.785168,0.325585,0.412937
8327,-466.388,162.55,550.569,-0.328436,0.784535,0.325694,0.412987
8328,-466.867,163.298,551.028,-0.322065,0.789616,0.31879,0.413707
8329,-466.366,163.432,551.883,-0.321592,0.791484,0.317556,0.411448
8330,-467.075,162.783,552.158,-0.320403,0.791223,0.320185,0.410842
8331,-467.841,163.4,552.338,-0.315109,0.794207,0.317916,0.410939
8332,-468.536,164.076,552.583,-0.313712,0.796173,0.31295,0.412013
8333,-467.921,164.86,552.672,-0.313544,0.797047,0.31228,0.41096
8334,-467.23,165.414,552.207,-0.31151,0.798115,0.310879,0.411495
8335,-468.099,165.908,552.184,-0.302636,0.802159,0.307958,0.412449
8336,-467.536,165.125,552.449,-0.293131,0.805765,0.30852,0.411864
8337,-467.635,166.114,552.335,-0.274237,0.810512,0.309159,0.415072
8338,-467.588,167.096,552.515,-0.269864,0.811002,0.308299,0.417613
8339,-467.85,168.01,552.824,-0.267022,0.81057,0.306628,0.421491
8340,-468.262,168.809,553.264,-0.264794,0.812715,0.297938,0.424984
8341,-468.573,169.596,553.797,-0.268059,0.812438,0.294116,0.426128
8342,-468.655,170.591,553.839,-0.264516,0.81277,0.292218,0.429005
8343,-467.742,170.194,553.742,-0.26036,0.813819,0.293242,0.428859
8344,-467.058,170.708,553.224,-0.256063,0.812269,0.292311,0.434976
8345,-467.325,171.671,553.17,-0.24823,0.812202,0.295534,0.437458
8346,-467.263,170.706,553.425,-0.246142,0.810046,0.300969,0.438928
8347,-467.566,171.609,553.729,-0.24339,0.811074,0.298485,0.440259
8348,-468.034,172.442,554.023,-0.242075,0.81127,0.298327,0.440729
8349,-468.462,173.23,554.467,-0.236845,0.815011,0.293661,0.4398
8350,-468.857,172.821,555.289,-0.23547,0.815864,0.29178,0.440209
8351,-467.878,172.645,555.194,-0.232772,0.817128,0.290229,0.440325
8352,-468.43,173.433,555.466,-0.228963,0.818743,0.288271,0.440608
8353,-468.939,174.286,555.582,-0.217078,0.823274,0.283079,0.441546
8354,-469.047,175.264,555.758,-0.205342,0.827972,0.277085,0.442178
8355,-468.273,174.794,555.333,-0.202321,0.828444,0.279131,0.441399
8356,-468.676,175.664,555.618,-0.1953,0.832059,0.271556,0.442485
8357,-469.04,176.551,555.903,-0.18811,0.835237,0.263658,0.444385
8358,-468.483,177.312,556.237,-0.187818,0.83524,0.263076,0.444848
8359,-468.887,178.169,556.556,-0.184892,0.837476,0.25444,0.446887
8360,-469.221,179.006,556.99,-0.186558,0.838583,0.248462,0.447483
8361,-468.372,179.498,556.796,-0.184754,0.837624,0.248325,0.450096
8362,-467.655,178.816,556.939,-0.17747,0.839603,0.24614,0.45054
8363,-466.686,178.585,557.029,-0.169992,0.841847,0.244926,0.449897
8364,-466.911,179.521,557.302,-0.159827,0.845831,0.238901,0.44939
8365,-467.179,180.412,557.667,-0.15382,0.848559,0.233946,0.44895
8366,-466.483,179.875,557.191,-0.14979,0.84865,0.237739,0.448147
8367,-466.812,180.807,557.339,-0.141889,0.850988,0.230439,0.450094
8368,-466.878,181.805,557.368,-0.131312,0.853227,0.224833,0.451896
8369,-467.145,182.738,557.609,-0.114161,0.858427,0.21015,0.45377
8370,-466.702,183.494,557.127,-0.112793,0.857415,0.210448,0.455882
8371,-466.585,182.502,557.178,-0.109537,0.856494,0.214396,0.456568
8372,-466.826,183.447,557.399,-0.1053,0.857206,0.212624,0.457057
8373,-466.801,184.403,557.69,-0.0970606,0.859449,0.206172,0.457624
8374,-466.733,185.371,557.934,-0.0912969,0.861036,0.200502,0.458345
8375,-466.867,186.352,558.073,-0.0847024,0.863357,0.18812,0.46049
8376,-466.427,187.24,557.939,-0.0765852,0.863363,0.186744,0.462456
8377,-466.215,188.161,557.61,-0.0684866,0.862902,0.185395,0.465121
8378,-465.497,188.442,556.974,-0.0679919,0.861145,0.187982,0.467407
8379,-464.843,188.979,556.441,-0.066988,0.859907,0.188642,0.469559
8380,-464.018,189.364,556.027,-0.067258,0.858181,0.186958,0.473338
8381,-463.048,189.52,555.84,-0.0667122,0.857651,0.186039,0.474735
8382,-462.14,189.939,555.817,-0.0649567,0.857411,0.183937,0.476229
8383,-462.553,189.55,556.642,-0.0619568,0.85715,0.181059,0.478197
8384,-461.79,189.974,556.152,-0.061538,0.855337,0.181782,0.481214
8385,-461.058,190.256,555.532,-0.0614236,0.853629,0.183549,0.483585
8386,-461.119,191.176,555.918,-0.0548212,0.855908,0.173868,0.483928
8387,-460.25,191.665,556,-0.0530425,0.855224,0.174141,0.485236
8388,-459.684,192.464,556.202,-0.0482452,0.85539,0.169963,0.486922
8389,-458.82,192.745,555.785,-0.0461435,0.854259,0.169099,0.489405
8390,-458.057,193.001,555.191,-0.0416796,0.853387,0.16561,0.492511
8391,-457.387,193.728,555.041,-0.037455,0.852532,0.165336,0.494419
8392,-457.233,194.418,555.748,-0.0366492,0.853664,0.162655,0.493415
8393,-457.201,195.395,555.961,-0.0352575,0.8538,0.158863,0.494515
8394,-457.04,196.219,556.505,-0.0333206,0.854905,0.155335,0.49386
8395,-456.932,197.178,556.766,-0.0300326,0.855185,0.150698,0.495022
8396,-456.165,197.649,556.331,-0.0289884,0.852981,0.150545,0.498919
8397,-455.654,197.227,557.08,-0.0305066,0.854139,0.153058,0.496074
8398,-454.837,196.839,556.653,-0.0333707,0.852735,0.153168,0.498267
8399,-454.919,197.757,557.042,-0.032123,0.854331,0.143421,0.498516
8400,-454.035,197.656,556.584,-0.0316696,0.853568,0.143491,0.499829
8401,-453.148,197.68,556.124,-0.0313602,0.852352,0.143317,0.501968
8402,-452.261,197.826,555.686,-0.0315629,0.851338,0.144102,0.503451
8403,-451.441,197.272,555.541,-0.0345157,0.850723,0.143624,0.504431
8404,-451.356,198.263,555.638,-0.0332033,0.850792,0.140809,0.505196
8405,-451.319,199.239,555.852,-0.0286056,0.852154,0.132601,0.505404
8406,-451.239,200.222,556.021,-0.0199556,0.853274,0.124713,0.505937
8407,-451.068,201.062,556.536,-0.0117348,0.855611,0.115608,0.504408
8408,-450.317,200.782,555.938,-0.00934099,0.855217,0.113992,0.505492
8409,-450.318,201.782,555.91,-0.00267644,0.85527,0.109177,0.506543
8410,-450.34,202.771,556.057,-0.00288829,0.855534,0.104444,0.507094
8411,-450.435,203.746,556.256,0.000203171,0.856244,0.0953078,0.507704
8412,-449.697,204.032,555.645,0.00201874,0.856459,0.0934115,0.507688
8413,-449.739,205.031,555.643,0.008076,0.856784,0.0839424,0.508734
8414,-449.536,205.992,555.456,0.0131215,0.856683,0.0777637,0.509779
8415,-449.747,206.908,555.799,0.0158059,0.856471,0.0724743,0.510838
8416,-449.604,207.891,555.908,0.0215918,0.856323,0.0708042,0.511107
8417,-449.599,208.884,556.03,0.0263974,0.856564,0.0612861,0.511708
8418,-449.746,208.038,556.542,0.025886,0.856269,0.0693441,0.511199
8419,-449.671,209.034,556.492,0.0282632,0.855501,0.069213,0.512376
8420,-449.285,209.942,556.33,0.0285653,0.855108,0.0682765,0.513141
8421,-449.264,210.895,556.631,0.0263839,0.855563,0.0583419,0.513723
8422,-449.108,211.856,556.858,0.0364932,0.856752,0.0416059,0.51275
8423,-449.289,210.885,557.012,0.0392365,0.855231,0.0435025,0.514926
8424,-449.806,210.633,557.831,0.0395051,0.854252,0.0434073,0.516534
8425,-449.411,211.42,558.304,0.0440499,0.855444,0.0352499,0.514813
8426,-448.736,210.731,558.038,0.0404584,0.854223,0.0345218,0.51718
8427,-448.239,211.599,558.043,0.0448795,0.852718,0.0340779,0.519324
8428,-447.285,211.876,557.924,0.0463608,0.851369,0.0330732,0.521467
8429,-446.68,212.505,557.436,0.0483114,0.851073,0.0313264,0.521881
8430,-445.717,212.343,557.222,0.0512861,0.853119,0.0302344,0.518308
8431,-444.99,211.847,556.747,0.0611269,0.856334,0.0345523,0.511627
8432,-445.337,212.752,556.5,0.0771299,0.855795,0.0279338,0.510769
8433,-444.527,212.721,555.913,0.0790387,0.85873,0.0291123,0.505459
8434,-445.433,212.786,555.494,0.0848845,0.855638,0.0298752,0.509692
8435,-445.011,212.188,554.813,0.0934092,0.858667,0.0431797,0.502097
8436,-445.036,211.339,554.285,0.101684,0.856675,0.0738541,0.500313
8437,-445.415,210.449,554.032,0.0931713,0.857452,0.0742312,0.500585
8438,-445.136,211.38,554.267,0.0979371,0.857624,0.0690292,0.500125
8439,-445.041,212.355,554.47,0.101157,0.857805,0.0562823,0.500769
8440,-444.532,213.215,554.436,0.101028,0.856992,0.0532155,0.50252
8441,-444.34,214.111,554.837,0.101757,0.857292,0.0427794,0.502858
8442,-444.04,215.046,555.024,0.109042,0.856899,0.0348896,0.50261
8443,-443.852,216.014,555.188,0.126072,0.856903,0.00349152,0.49981
8444,-443.496,216.942,555.298,0.12925,0.857188,0.00106734,0.498521
8445,-443.32,217.927,555.299,0.1349,0.857209,-0.0134488,0.496804
8446,-443.644,217.897,554.353,0.137492,0.857464,-0.0123434,0.49568
8447,-443.193,217.204,553.79,0.146035,0.858505,-0.00709659,0.491521
8448,-443.151,216.385,553.217,0.150959,0.858532,0.00404433,0.490018
8449,-442.45,217.089,553.099,0.143191,0.861583,0.000714007,0.487001
8450,-442.121,216.414,552.437,0.1465,0.862315,0.00296146,0.484707
8451,-442.151,215.499,552.036,0.150215,0.862163,0.0218894,0.483355
8452,-441.856,214.667,551.567,0.152525,0.863335,0.0252189,0.480367
8453,-441.655,214.039,550.814,0.153147,0.863723,0.029065,0.479252
8454,-441.078,214.786,550.484,0.151719,0.865012,0.0263364,0.477537
8455,-440.702,214.063,549.905,0.160279,0.865889,0.0345911,0.4726
8456,-441.291,214.833,550.15,0.164799,0.867161,0.0365804,0.468545
8457,-441.128,214.26,549.347,0.169063,0.86781,0.0455446,0.465025
8458,-440.177,214.262,549.037,0.16874,0.870651,0.0449027,0.459867
8459,-441.113,214.54,549.252,0.170044,0.872329,0.0470167,0.455979
8460,-441.371,214.285,548.32,0.171624,0.872102,0.0468896,0.455834
8461,-440.456,214.639,548.124,0.17179,0.872977,0.0473783,0.454042
8462,-440.361,215.627,548.242,0.178944,0.872829,0.032977,0.452837
8463,-439.46,215.959,547.962,0.178392,0.874135,0.0311709,0.450657
8464,-440.449,216.053,548.08,0.177283,0.875392,0.0306146,0.44869
8465,-439.6,216.056,547.55,0.176605,0.87582,0.0292479,0.448212
8466,-438.867,215.533,547.115,0.177429,0.876322,0.0289472,0.446924
8467,-437.917,215.698,546.85,0.17712,0.876992,0.0295548,0.44569
8468,-438.06,216.685,546.928,0.18048,0.877028,0.0304943,0.444206
8469,-437.394,217.026,546.265,0.178206,0.878084,0.02962,0.443096
8470,-436.947,217.276,545.406,0.178398,0.878359,0.0294169,0.442487
8471,-436.047,217.079,545.017,0.181825,0.879134,0.0296783,0.439525
8472,-435.112,216.769,544.845,0.182443,0.879726,0.0300498,0.438057
8473,-434.39,216.973,544.184,0.183276,0.879991,0.0297134,0.4372
8474,-433.593,216.957,543.58,0.182596,0.880565,0.0293101,0.436353
8475,-433.098,217.29,542.777,0.181158,0.880844,0.0296924,0.436364
8476,-433.248,217.406,543.759,0.185422,0.88051,0.0271385,0.435412
8477,-434.017,216.778,543.642,0.183988,0.881013,0.0285073,0.434916
8478,-433.068,216.492,543.774,0.178524,0.882436,0.0303807,0.43418
8479,-433.808,216.067,544.294,0.179209,0.88126,0.0210466,0.436832
8480,-434.256,216.267,545.165,0.171267,0.880912,0.0115203,0.441054
8481,-433.598,215.869,545.804,0.160286,0.888254,0.0157346,0.430194
8482,-432.983,215.617,546.551,0.151719,0.888169,0.0133097,0.433544
8483,-432.212,215.343,547.126,0.147374,0.888325,0.0138743,0.434703
8484,-431.881,216.228,547.455,0.154008,0.888192,0.00476214,0.432867
8485,-431.787,217.208,547.282,0.166616,0.886654,-0.00704521,0.431317
8486,-431.195,217.285,546.48,0.176866,0.889723,-0.00424461,0.420825
8487,-430.583,217.304,545.69,0.185403,0.892847,0.000610732,0.410426
8488,-429.668,217.131,545.323,0.19329,0.895158,0.000521295,0.40166
8489,-428.966,217.108,544.611,0.200069,0.899239,0.00189884,0.389022
8490,-429.752,217.262,545.21,0.20884,0.901801,0.00524574,0.378303
8491,-429.159,217.144,544.414,0.209305,0.903232,0.0126969,0.374436
8492,-428.338,216.973,543.868,0.202432,0.906384,0.0138524,0.370537
8493,-428.121,217.948,543.909,0.196705,0.907954,0.00383774,0.370015
8494,-427.711,218.855,543.814,0.185834,0.909973,0.0033485,0.370679
8495,-427.177,218.751,542.975,0.177514,0.911187,0.0039959,0.371768
8496,-426.781,219.595,543.337,0.170992,0.912617,-0.0027896,0.371327
8497,-426.426,220.125,544.107,0.161809,0.913159,-8.56962e-05,0.37411
8498,-425.964,220.979,544.348,0.158222,0.914196,-0.0041954,0.373086
8499,-425.63,221.917,544.432,0.154341,0.915097,-0.0232366,0.371801
8500,-425.297,222.855,544.538,0.154499,0.915198,-0.0359801,0.37047
8501,-424.671,223.012,543.774,0.151582,0.915066,-0.0332382,0.372254
8502,-424.27,223.927,543.749,0.149985,0.915403,-0.0447064,0.370869
8503,-423.856,224.836,543.699,0.14876,0.915449,-0.0536378,0.370064
8504,-423.392,225.722,543.699,0.150055,0.914917,-0.0720543,0.367721
8505,-423.419,226.717,543.6,0.163438,0.911137,-0.0952854,0.366113
8506,-424.04,225.994,543.902,0.162803,0.911234,-0.0960937,0.365941
8507,-423.607,226.862,543.66,0.160576,0.911502,-0.0986857,0.365568
8508,-423.186,227.769,543.658,0.1607,0.911126,-0.104272,0.3649
8509,-422.708,228.648,543.664,0.163965,0.910312,-0.121101,0.360254
8510,-422.478,229.571,543.356,0.175659,0.906462,-0.13234,0.360496
8511,-422.067,230.474,543.226,0.176938,0.905277,-0.142665,0.358906
8512,-421.924,230.328,542.247,0.175998,0.90468,-0.139947,0.361929
8513,-421.436,231.192,542.374,0.173091,0.904306,-0.158349,0.356645
8514,-420.548,231.384,542.793,0.169081,0.905196,-0.156748,0.357017
8515,-421.164,231.652,543.533,0.162614,0.90523,-0.155823,0.360325
8516,-420.283,231.693,544.003,0.151153,0.905904,-0.156562,0.363289
8517,-419.718,232.389,544.447,0.144359,0.904667,-0.187587,0.35433
8518,-418.974,232.239,545.098,0.128971,0.90559,-0.191204,0.355968
8519,-419.285,232.716,545.92,0.122514,0.900913,-0.195921,0.367371
8520,-418.531,233.29,546.24,0.131988,0.898882,-0.201422,0.366086
8521,-418.198,233.016,545.338,0.147248,0.896352,-0.19869,0.367957
8522,-417.739,232.587,544.56,0.153757,0.897508,-0.191177,0.366455
8523,-417.537,233.431,544.063,0.160306,0.895592,-0.196053,0.365761
8524,-416.868,232.992,543.462,0.171789,0.896581,-0.192021,0.360221
8525,-416.268,232.404,542.92,0.177544,0.898788,-0.19025,0.352794
8526,-415.781,231.748,542.343,0.177131,0.899237,-0.192586,0.350581
8527,-415.487,230.849,542.021,0.17539,0.899672,-0.194478,0.349295
8528,-414.834,231.541,541.712,0.175485,0.899143,-0.198925,0.348102
8529,-414.319,232.356,541.448,0.171344,0.898781,-0.206906,0.346446
8530,-413.739,233.124,541.176,0.16982,0.897912,-0.214224,0.344998
8531,-413.467,232.396,540.547,0.166029,0.897586,-0.216377,0.346345
8532,-412.882,231.786,540.013,0.166441,0.897188,-0.219047,0.345499
8533,-412.888,230.831,539.717,0.166085,0.896968,-0.219344,0.346053
8534,-412.717,229.935,539.306,0.165214,0.89676,-0.219667,0.346804
8535,-412.449,229.105,538.817,0.164384,0.896809,-0.219485,0.347186
8536,-412.395,228.175,538.453,0.165055,0.89672,-0.218461,0.347743
8537,-411.765,228.897,538.165,0.170239,0.894459,-0.228277,0.344749
8538,-411.208,229.628,537.772,0.172536,0.893349,-0.232125,0.343913
8539,-411.304,228.651,537.581,0.176357,0.893067,-0.229584,0.344413
8540,-411.29,227.673,537.789,0.17939,0.892682,-0.229178,0.344116
8541,-410.835,227.158,537.062,0.180923,0.891912,-0.230018,0.344747
8542,-410.162,227.794,536.686,0.182598,0.890923,-0.233479,0.344096
8543,-409.532,228.509,536.383,0.18607,0.889527,-0.23721,0.343293
8544,-409.025,229.126,535.781,0.188306,0.887853,-0.240921,0.343824
8545,-408.548,229.892,535.351,0.195228,0.884111,-0.248689,0.344074
8546,-407.923,230.587,534.995,0.203538,0.879073,-0.261997,0.342288
8547,-407.227,231.277,534.793,0.212446,0.873505,-0.281213,0.335819
8548,-406.689,231.028,533.988,0.214591,0.871507,-0.282964,0.338168
8549,-405.815,230.897,533.52,0.214271,0.870713,-0.285196,0.33854
8550,-405.064,230.562,532.952,0.211867,0.870828,-0.285768,0.339274
8551,-404.459,230.13,532.282,0.211473,0.869639,-0.286987,0.341533
8552,-403.496,229.915,532.122,0.209955,0.869735,-0.28703,0.342188
8553,-402.56,229.595,531.972,0.210787,0.868908,-0.288357,0.342664
8554,-403.074,229.37,532.8,0.216508,0.866885,-0.284542,0.347376
8555,-402.53,228.801,533.416,0.216531,0.870215,-0.27794,0.344369
8556,-401.933,228.334,532.764,0.214532,0.871282,-0.275043,0.345247
8557,-401.36,227.806,532.137,0.212802,0.871605,-0.27279,0.347284
8558,-400.72,227.252,531.605,0.212336,0.87156,-0.27249,0.347917
8559,-400.15,226.72,530.978,0.209971,0.871044,-0.272865,0.350342
8560,-399.544,226.073,530.515,0.207486,0.869867,-0.27791,0.35078
8561,-398.963,225.492,529.945,0.20618,0.86904,-0.278489,0.353135
8562,-398.459,224.861,529.356,0.20326,0.869563,-0.276663,0.35497
8563,-398.074,224.065,528.889,0.199452,0.870177,-0.275655,0.356407
8564,-397.723,223.308,528.338,0.199308,0.871183,-0.271829,0.356967
8565,-397.346,222.6,527.74,0.201543,0.87349,-0.264408,0.355646
8566,-397.074,223.332,527.115,0.208577,0.869638,-0.273469,0.354176
8567,-396.99,223.952,526.335,0.223152,0.860954,-0.287388,0.355486
8568,-396.56,223.201,525.834,0.239293,0.861873,-0.28152,0.347362
8569,-396.52,222.344,525.321,0.256025,0.86108,-0.27436,0.343102
8570,-396.55,221.425,524.927,0.268304,0.860553,-0.268402,0.339738
8571,-396.195,222.046,524.229,0.274865,0.856719,-0.274589,0.339238
8572,-395.491,222.645,523.848,0.280948,0.852366,-0.28419,0.337307
8573,-394.722,223.202,523.535,0.286292,0.847289,-0.299098,0.332683
8574,-393.874,223.651,523.25,0.295106,0.840079,-0.317119,0.326521
8575,-393.055,224.049,522.837,0.297314,0.836372,-0.327436,0.323839
8576,-392.268,224.401,522.332,0.299337,0.831393,-0.339917,0.321929
8577,-391.582,224.939,521.841,0.30253,0.828527,-0.34332,0.322722
8578,-390.855,225.46,521.394,0.308113,0.821725,-0.357699,0.319196
8579,-390.054,225.9,520.988,0.312936,0.818297,-0.36176,0.318733
8580,-389.21,226.117,520.497,0.319729,0.811126,-0.374198,0.315948
8581,-388.299,226.161,520.088,0.32435,0.805964,-0.383122,0.313746
8582,-388.052,225.396,519.492,0.322688,0.804467,-0.386043,0.315714
8583,-387.089,225.629,519.354,0.326933,0.797586,-0.404509,0.305522
8584,-386.859,224.866,518.75,0.325494,0.796248,-0.406878,0.307398
8585,-386.162,224.25,518.382,0.32574,0.794683,-0.408536,0.308983
8586,-385.423,223.625,518.631,0.326789,0.794748,-0.408486,0.307772
8587,-384.876,222.804,518.466,0.324517,0.79577,-0.407043,0.309444
8588,-384.036,223.143,518.044,0.326317,0.791281,-0.418013,0.304396
8589,-383.416,223.431,517.313,0.327885,0.787986,-0.424196,0.3027
8590,-382.751,223.893,516.727,0.343213,0.772123,-0.449125,0.290374
8591,-382.28,223.096,516.35,0.354136,0.771976,-0.44551,0.283129
8592,-382.92,223.3,515.609,0.362337,0.767165,-0.445124,0.286417
8593,-382.699,223.821,514.784,0.379813,0.745295,-0.465452,0.289191
8594,-382.344,222.997,514.343,0.388142,0.743962,-0.463903,0.284007
8595,-381.545,223.128,513.757,0.389698,0.736671,-0.476597,0.279834
8596,-380.605,223.284,513.454,0.390852,0.729036,-0.494974,0.265974
8597,-379.678,223.359,513.088,0.391031,0.721764,-0.512344,0.252301
8598,-378.829,223.416,512.561,0.389829,0.717856,-0.520984,0.247574
8599,-377.949,223.478,512.091,0.389734,0.713395,-0.529768,0.241912
8600,-377.064,223.512,511.626,0.388951,0.708549,-0.54007,0.23452
8601,-376.221,223.448,511.092,0.390236,0.699319,-0.553927,0.22767
8602,-375.28,223.374,510.761,0.392521,0.689691,-0.568682,0.21646
8603,-375.523,222.511,510.316,0.394991,0.684498,-0.57061,0.223268
8604,-375.817,221.61,509.998,0.392645,0.683287,-0.574548,0.221005
8605,-375.029,221.527,509.388,0.392593,0.67393,-0.588699,0.212422
8606,-374.238,221.462,508.78,0.391838,0.664832,-0.603071,0.201909
8607,-374.665,220.611,508.476,0.388303,0.665245,-0.604167,0.204089
8608,-374.942,219.761,508.028,0.388729,0.662648,-0.606846,0.203777
8609,-374.29,219.611,507.285,0.388289,0.649914,-0.62471,0.191259
8610,-373.536,219.451,506.648,0.388178,0.644361,-0.632965,0.182954
8611,-373.089,219.278,505.77,-0.387239,-0.638284,0.640718,-0.179224
8612,-372.74,219.06,504.859,-0.384723,-0.625639,0.656942,-0.17027
8613,-372.577,218.771,503.916,-0.386703,-0.604449,0.679685,-0.15209
8614,-373.366,219.269,504.277,-0.37591,-0.633314,0.65882,-0.153498
8615,-374.155,219.277,503.664,-0.38428,-0.626607,0.656388,-0.169845
8616,-374.321,218.318,503.433,-0.39968,-0.626161,0.650263,-0.159172
8617,-374.532,217.348,503.318,-0.414617,-0.625007,0.644062,-0.150478
8618,-374.937,216.44,503.208,-0.419466,-0.625278,0.641607,-0.146344
8619,-375.407,215.613,502.9,-0.419148,-0.625115,0.642438,-0.144289
8620,-375.885,214.768,502.661,-0.415401,-0.624181,0.646412,-0.141391
8621,-376.469,213.991,502.426,-0.408718,-0.626341,0.648761,-0.140555
8622,-377.113,213.261,502.195,-0.393751,-0.631249,0.654484,-0.134669
8623,-376.604,212.484,502.565,-0.384581,-0.632789,0.660489,-0.124221
8624,-377.441,212.002,502.823,-0.361085,-0.636729,0.673454,-0.103215
8625,-376.622,211.833,502.274,-0.345073,-0.629143,0.692529,-0.0742076
8626,-377.05,211.02,501.881,-0.33783,-0.63061,0.694934,-0.0725821
8627,-376.366,210.786,501.19,-0.334046,-0.619851,0.707648,-0.0585897
8628,-375.652,210.549,500.531,-0.331012,-0.605346,0.722605,-0.0427683
8629,-375.061,210.257,499.779,-0.328594,-0.591225,0.735938,-0.0295622
8630,-374.565,209.903,498.986,-0.323697,-0.575386,0.750974,-0.0137444
8631,-374.07,209.524,498.204,-0.321187,-0.56184,0.762341,-0.00309615
8632,-373.759,209.055,497.378,-0.318332,-0.55007,0.772048,0.00548739
8633,-373.334,208.635,496.576,-0.313092,-0.53456,0.784686,0.0220392
8634,-372.883,208.173,495.812,-0.306789,-0.518461,0.797141,0.0405652
8635,-372.526,207.692,495.011,-0.298516,-0.500263,0.810696,0.0582892
8636,-371.994,207.2,494.322,-0.290766,-0.485476,0.820776,0.0780697
8637,-371.345,207.491,493.619,-0.280482,-0.488366,0.822235,0.0822056
8638,-370.52,208.056,493.622,-0.274614,-0.48964,0.823325,0.083522
8639,-369.711,208.643,493.595,-0.271105,-0.490601,0.823838,0.0842827
8640,-369.344,208.117,492.828,-0.265175,-0.479234,0.831002,0.0972228
8641,-370.036,207.403,492.928,-0.261559,-0.483043,0.82994,0.0972469
8642,-370.769,206.729,493.015,-0.256774,-0.48651,0.829437,0.096998
8643,-371.334,205.903,493.033,-0.25542,-0.49059,0.828029,0.0919223
8644,-371.135,205.333,492.235,-0.251421,-0.472699,0.838437,0.101811
8645,-372.102,205.077,492.236,-0.246336,-0.477141,0.838507,0.0925221
8646,-371.827,204.453,491.504,-0.243517,-0.460996,0.847037,0.103494
8647,-372.513,203.725,491.509,-0.243942,-0.459118,0.848168,0.101553
8648,-373.218,203.029,491.643,-0.244049,-0.459386,0.84844,0.0977486
8649,-373.793,202.243,491.87,-0.242773,-0.460538,0.84829,0.0967965
8650,-374.325,201.447,492.159,-0.240752,-0.461789,0.848435,0.0945909
8651,-374.781,200.571,492.319,-0.238432,-0.463646,0.848519,0.0905413
8652,-375.338,199.774,492.553,-0.238043,-0.465195,0.848417,0.0843719
8653,-374.886,199.14,493.179,-0.243855,-0.465727,0.846714,0.0819115
8654,-375.581,198.482,493.47,-0.244465,-0.465941,0.847134,0.0741591
8655,-376.109,197.694,493.787,-0.24553,-0.464274,0.848352,0.0668025
8656,-376.739,197.023,494.179,-0.246347,-0.464442,0.848628,0.0586256
8657,-377.265,196.327,494.667,-0.246515,-0.463408,0.849255,0.0570048
8658,-377.875,195.794,495.253,-0.245709,-0.463553,0.849335,0.0581045
8659,-377.753,195.163,494.487,-0.243613,-0.44446,0.859592,0.0648756
8660,-378.322,194.54,495.024,-0.243404,-0.445216,0.859287,0.0645155
8661,-378.197,193.818,494.343,-0.243276,-0.435432,0.864131,0.0670264
8662,-377.926,193.103,493.699,-0.244184,-0.427742,0.867528,0.0693225
8663,-377.949,192.406,492.982,-0.240479,-0.413181,0.875349,0.0722244
8664,-378.434,192.091,493.798,-0.237888,-0.415402,0.875026,0.0719693
8665,-378.833,191.632,494.592,-0.23057,-0.421721,0.873738,0.0746352
8666,-379.332,191.372,495.419,-0.220638,-0.422826,0.87494,0.0837687
8667,-379.782,190.892,496.171,-0.215473,-0.418379,0.877725,0.0901586
8668,-379.723,190.139,495.516,-0.212755,-0.406782,0.883108,0.0968734
8669,-379.845,189.436,494.815,-0.208472,-0.387999,0.891492,0.106007
8670,-380.391,189.536,495.647,-0.209953,-0.386016,0.891868,0.107159
8671,-381.349,189.319,495.458,-0.200385,-0.373856,0.898427,0.1136
8672,-381.809,188.822,494.723,-0.193526,-0.346536,0.91013,0.11884
8673,-381.994,188.241,495.515,-0.210209,-0.343051,0.907885,0.117789
8674,-382.408,187.68,494.798,-0.208617,-0.31725,0.917882,0.115429
8675,-382.765,187.011,494.146,-0.209102,-0.299395,0.924494,0.109315
8676,-383.037,186.388,494.88,-0.209787,-0.301491,0.924027,0.106147
8677,-383.451,185.671,495.441,-0.204152,-0.302854,0.924395,0.109977
8678,-383.467,184.797,494.954,-0.200384,-0.282712,0.930884,0.115651
8679,-383.88,184.049,495.474,-0.195298,-0.282299,0.931789,0.118051
8680,-383.822,183.142,495.058,-0.193271,-0.256796,0.938868,0.123406
8681,-384.292,182.467,495.627,-0.192006,-0.253765,0.94054,0.118833
8682,-384.61,181.54,495.826,-0.191029,-0.249023,0.942317,0.116334
8683,-384.961,180.705,496.25,-0.189789,-0.24645,0.944106,0.109116
8684,-385.053,179.784,495.873,-0.187606,-0.207538,0.95373,0.110143
8685,-385.298,178.883,495.515,-0.183874,-0.173076,0.961276,0.11038
8686,-385.666,178.28,496.222,-0.189537,-0.175417,0.959838,0.109619
8687,-386.005,177.729,496.985,-0.197247,-0.17767,0.957829,0.109956
8688,-386.279,177.185,497.778,-0.202583,-0.17518,0.957017,0.11131
8689,-386.554,176.638,498.568,-0.209812,-0.177177,0.955258,0.109864
8690,-386.865,176.226,499.425,-0.218091,-0.174467,0.954572,0.103876
8691,-387.259,175.842,500.26,-0.221836,-0.17271,0.954246,0.101852
8692,-387.552,175.393,501.104,-0.225825,-0.172158,0.953871,0.0974372
8693,-387.948,174.991,501.929,-0.224266,-0.174534,0.95418,0.0937197
8694,-388.271,174.686,502.826,-0.222726,-0.175174,0.954304,0.0949324
8695,-388.509,174.244,503.691,-0.219584,-0.173626,0.954911,0.0989042
8696,-388.775,173.877,504.582,-0.21452,-0.172844,0.95577,0.103006
8697,-389.135,173.559,505.459,-0.208227,-0.174127,0.956113,0.110312
8698,-389.425,173.221,506.354,-0.202035,-0.17434,0.95605,0.121476
8699,-389.525,172.245,506.165,-0.199089,-0.136076,0.96167,0.130529
8700,-389.722,171.278,505.999,-0.191901,-0.0898867,0.967119,0.140621
8701,-389.988,171.265,506.963,-0.190614,-0.0906161,0.96685,0.14372
8702,-390.087,171.161,507.953,-0.191646,-0.0863299,0.967019,0.143849
8703,-390.369,171.05,508.906,-0.191134,-0.0847959,0.967659,0.141115
8704,-390.676,170.948,509.852,-0.191649,-0.0845227,0.968548,0.134321
8705,-391.025,170.834,510.782,-0.192945,-0.0745643,0.970514,0.123753
8706,-391.29,170.808,511.746,-0.198404,-0.0652517,0.971244,0.114293
8707,-391.559,170.779,512.709,-0.202143,-0.0598388,0.970781,0.114638
8708,-391.839,170.774,513.669,-0.204689,-0.054856,0.96996,0.119462
8709,-392.044,170.816,514.647,-0.205254,-0.0545157,0.969623,0.121367
8710,-392.313,170.817,515.61,-0.202669,-0.0565893,0.969468,0.125916
8711,-392.671,170.845,516.543,-0.19837,-0.0603512,0.969384,0.131535
8712,-392.968,170.891,517.497,-0.197423,-0.0700826,0.968756,0.132756
8713,-393.268,169.943,517.398,-0.190901,-0.0366988,0.971387,0.136442
8714,-393.542,170.1,518.346,-0.190272,-0.0366827,0.971618,0.135679
8715,-393.79,170.305,519.293,-0.190473,-0.0277516,0.971805,0.13618
8716,-394.034,170.497,520.244,-0.192565,-0.0259411,0.971737,0.134066
8717,-394.251,170.647,521.208,-0.197523,-0.0223921,0.971864,0.126343
8718,-394.487,170.816,522.165,-0.20187,-0.0167739,0.972122,0.118094
8719,-394.752,170.993,523.113,-0.204784,-0.0115553,0.972176,0.11315
8720,-394.96,171.206,524.068,-0.207984,-0.00638146,0.971771,0.111185
8721,-395.314,171.486,524.96,-0.209057,-0.00270198,0.972063,0.106685
8722,-395.806,171.687,525.807,-0.207616,0.000976763,0.972427,0.106209
8723,-395.985,171.892,526.77,-0.208704,0.00591393,0.972006,0.107759
8724,-396.193,172.146,527.714,-0.208669,0.00946305,0.971933,0.108235
8725,-396.48,172.267,528.664,-0.206221,0.016161,0.971748,0.113652
8726,-396.791,172.384,529.608,-0.204959,0.0124289,0.971555,0.117975
8727,-396.932,172.705,530.544,-0.201959,0.0101254,0.971482,0.123828
8728,-397.249,172.888,531.475,-0.199996,0.00940452,0.972434,0.119521
8729,-397.64,173.061,532.379,-0.19978,0.00633595,0.972773,0.117309
8730,-397.892,173.284,533.321,-0.199198,0.00839703,0.972835,0.117653
8731,-398.344,173.473,534.192,-0.198637,0.00756346,0.972447,0.121789
8732,-398.681,173.572,535.129,-0.201434,0.00739845,0.971499,0.124738
8733,-398.984,173.798,536.054,-0.201633,0.00670937,0.971633,0.123402
8734,-399.308,173.939,536.99,-0.201402,0.00725114,0.971628,0.123788
8735,-399.798,174.068,537.852,-0.199406,0.0125043,0.971897,0.124486
8736,-400.302,174.159,538.711,-0.196099,0.00941191,0.972651,0.12412
8737,-400.662,174.103,539.642,-0.192938,0.00606041,0.972157,0.132853
8738,-401.088,174.11,540.547,-0.190714,0.00752132,0.970988,0.14406
8739,-401.521,174.11,541.448,-0.186665,0.00531335,0.970761,0.150833
8740,-401.878,174.059,542.381,-0.185707,-0.00314242,0.97051,0.153669
8741,-402.288,174.015,543.292,-0.184238,-0.00642323,0.970925,0.152709
8742,-401.72,173.845,544.097,-0.187125,-0.0069942,0.969493,0.158174
8743,-401.697,172.855,544.232,-0.188504,0.0123112,0.967276,0.169389
8744,-401.933,171.887,544.315,-0.184794,0.0367713,0.965781,0.17823
8745,-402.383,171.766,545.2,-0.178531,0.0352073,0.966952,0.178578
8746,-402.696,171.561,546.127,-0.173142,0.0317212,0.966859,0.18493
8747,-402.747,170.582,546.321,-0.172718,0.0740726,0.963209,0.192121
8748,-403.109,169.673,546.53,-0.162683,0.119712,0.96499,0.167327
8749,-403.675,168.856,546.638,-0.151797,0.15546,0.965376,0.144359
8750,-403.126,168.878,547.473,-0.154957,0.160395,0.966496,0.127072
8751,-403.192,168.997,548.464,-0.170057,0.167475,0.965138,0.107432
8752,-403.224,169.223,549.438,-0.179888,0.169404,0.964276,0.0954641
8753,-403.322,169.454,550.406,-0.192151,0.173742,0.962265,0.0832937
8754,-403.216,169.713,551.366,-0.197481,0.182202,0.960319,0.0747697
8755,-403.82,168.918,551.42,-0.179753,0.240059,0.951285,0.0715372
8756,-404.072,169.252,552.328,-0.181398,0.240199,0.950855,0.0726163
8757,-404.247,169.685,553.212,-0.187517,0.23746,0.949248,0.0858957
8758,-404.534,170.19,554.026,-0.18951,0.232026,0.948544,0.102538
8759,-404.839,170.657,554.856,-0.189371,0.231601,0.947672,0.111433
8760,-405.171,171.204,555.625,-0.186862,0.22908,0.947443,0.122296
8761,-405.44,171.761,556.41,-0.183407,0.22996,0.94722,0.127496
8762,-405.652,170.889,556.852,-0.182289,0.247626,0.942286,0.132475
8763,-405.813,171.616,557.519,-0.181991,0.247859,0.942485,0.131028
8764,-406.224,170.801,557.93,-0.178395,0.264181,0.937937,0.136593
8765,-406.46,171.661,558.383,-0.179273,0.256857,0.939884,0.136031
8766,-406.755,172.445,558.928,-0.182192,0.256696,0.938469,0.142087
8767,-406.933,173.322,559.375,-0.18262,0.25263,0.938549,0.148167
8768,-407.125,174.081,559.998,-0.183908,0.251211,0.937709,0.154182
8769,-407.169,174.908,560.558,-0.183245,0.255047,0.935737,0.160527
8770,-407.449,175.724,561.063,-0.182822,0.256808,0.933756,0.169489
8771,-407.688,176.439,561.721,-0.183332,0.250056,0.935324,0.170385
8772,-407.905,177.141,562.399,-0.181862,0.245299,0.93742,0.167325
8773,-408.222,177.781,563.098,-0.181351,0.240986,0.937923,0.171282
8774,-408.691,178.354,563.771,-0.181658,0.238866,0.937328,0.177085
8775,-409.097,178.869,564.526,-0.181431,0.237822,0.936463,0.183194
8776,-409.34,179.67,565.073,-0.18095,0.240217,0.933816,0.193753
8777,-409.764,180.127,565.855,-0.179889,0.238859,0.934654,0.192378
8778,-410.102,180.356,566.768,-0.178483,0.236947,0.93706,0.184172
8779,-410.47,180.642,567.653,-0.176835,0.239604,0.937476,0.180162
8780,-410.87,179.888,568.174,-0.173885,0.261005,0.931907,0.182179
8781,-411.274,180.041,569.075,-0.17325,0.260904,0.932054,0.182177
8782,-411.766,180.202,569.931,-0.169901,0.260549,0.932975,0.181124
8783,-410.791,180.037,570.085,-0.17374,0.259619,0.932868,0.179362
8784,-411.147,180.204,571.004,-0.170791,0.257482,0.934607,0.17619
8785,-411.498,180.411,571.917,-0.170072,0.252227,0.936539,0.174217
8786,-411.856,180.53,572.844,-0.166244,0.252811,0.937873,0.169831
8787,-412.154,180.575,573.797,-0.163636,0.255788,0.938453,0.164625
8788,-412.422,180.714,574.75,-0.16208,0.259835,0.938838,0.157478
8789,-412.612,180.821,575.726,-0.163564,0.263563,0.9375,0.157721
8790,-412.987,180.074,576.275,-0.161357,0.28678,0.929134,0.168614
8791,-412.192,180.104,576.88,-0.171612,0.284351,0.925535,0.181876
8792,-411.493,180.158,577.593,-0.17633,0.281876,0.924619,0.185833
8793,-411.682,179.382,578.194,-0.176386,0.297729,0.918757,0.190083
8794,-411.669,179.79,579.107,-0.178899,0.295421,0.91828,0.193606
8795,-411.661,180.354,579.932,-0.174676,0.296512,0.92058,0.184666
8796,-411.643,180.828,580.812,-0.178479,0.293443,0.920912,0.184276
8797,-411.483,181.346,581.653,-0.179221,0.291708,0.922291,0.179346
8798,-411.499,181.925,582.467,-0.174833,0.296506,0.922525,0.174544
8799,-411.198,182.536,583.2,-0.174034,0.294653,0.923695,0.172279
8800,-411.053,183.212,583.922,-0.17344,0.288615,0.9258,0.171796
8801,-411.348,182.488,584.544,-0.165126,0.31628,0.920004,0.162153
8802,-411.139,183.239,585.17,-0.164236,0.309378,0.921961,0.165227
8803,-410.823,183.939,585.81,-0.163581,0.310242,0.921291,0.167968
8804,-410.475,184.728,586.317,-0.162489,0.311431,0.920586,0.170674
8805,-410.747,184.102,587.048,-0.160134,0.318826,0.918793,0.168896
8806,-410.523,184.778,587.751,-0.159156,0.317258,0.919479,0.16904
8807,-410.363,185.488,588.436,-0.157655,0.317817,0.919721,0.168081
8808,-410.16,186.28,589.011,-0.156204,0.318063,0.920218,0.166238
8809,-410.519,185.628,589.679,-0.152255,0.334002,0.91564,0.163902
8810,-410.793,184.99,590.398,-0.145762,0.36165,0.907163,0.158171
8811,-410.439,185.655,591.056,-0.145318,0.366936,0.905004,0.158769
8812,-410.243,186.359,591.738,-0.144228,0.369739,0.90395,0.159266
8813,-409.92,186.991,592.443,-0.141637,0.376758,0.901861,0.156971
8814,-409.735,187.69,593.133,-0.139698,0.377481,0.902122,0.155462
8815,-409.113,188.093,593.804,-0.143433,0.376927,0.901947,0.154418
8816,-409.087,188.766,594.543,-0.141986,0.375222,0.902592,0.156128
8817,-409.031,189.295,595.39,-0.140045,0.378133,0.901231,0.1587
8818,-409.002,189.778,596.265,-0.138527,0.376709,0.902478,0.156311
8819,-408.833,190.286,597.11,-0.137209,0.378592,0.902789,0.151039
8820,-408.829,190.762,597.989,-0.137821,0.380515,0.902277,0.148693
8821,-408.749,191.427,598.732,-0.137712,0.379454,0.903604,0.143349
8822,-408.592,192.027,599.516,-0.140419,0.375826,0.90675,0.129775
8823,-408.313,192.778,600.115,-0.144296,0.377918,0.90633,0.122158
8824,-408.103,193.43,600.843,-0.149755,0.379194,0.905951,0.114183
8825,-408.621,192.804,601.426,-0.144707,0.403661,0.896092,0.11462
8826,-408.363,193.617,601.948,-0.147843,0.406719,0.89467,0.110846
8827,-408.114,194.325,602.609,-0.15027,0.407649,0.893915,0.110262
8828,-407.832,195.014,603.277,-0.151324,0.406988,0.894365,0.107583
8829,-407.728,195.814,603.868,-0.152453,0.404417,0.895628,0.105144
8830,-407.516,196.683,604.314,-0.155086,0.405368,0.894237,0.109386
8831,-407.384,197.53,604.829,-0.155418,0.404886,0.893989,0.112676
8832,-407.303,198.421,605.276,-0.156416,0.402377,0.8944,0.116941
8833,-407.195,199.281,605.774,-0.153431,0.40219,0.895168,0.115655
8834,-407.261,200.128,606.302,-0.154893,0.398645,0.896327,0.116995
8835,-407.656,199.554,607.019,-0.149299,0.418765,0.888304,0.115159
8836,-407.692,200.446,607.468,-0.151179,0.420778,0.887466,0.111779
8837,-407.513,201.334,607.892,-0.154858,0.424444,0.885279,0.110216
8838,-407.487,202.171,608.439,-0.155178,0.423455,0.886613,0.102578
8839,-407.376,203.031,608.938,-0.158035,0.421448,0.887233,0.101113
8840,-407.361,203.869,609.483,-0.159847,0.419962,0.887783,0.0996042
8841,-407.338,204.698,610.042,-0.160791,0.420144,0.887583,0.099102
8842,-407.436,205.556,610.545,-0.161882,0.420566,0.886931,0.101349
8843,-407.891,205.071,611.291,-0.159164,0.449046,0.872081,0.111796
8844,-408.136,205.847,611.872,-0.154032,0.455379,0.869735,0.111647
8845,-408.197,206.594,612.534,-0.153738,0.455833,0.869302,0.113555
8846,-408.363,207.355,613.161,-0.154292,0.455212,0.869553,0.113371
8847,-408.42,208.139,613.78,-0.160463,0.454941,0.868518,0.113828
8848,-408.567,208.922,614.385,-0.167108,0.454219,0.868053,0.110652
8849,-409.172,208.431,615.012,-0.162012,0.472343,0.859289,0.110751
8850,-409.287,209.263,615.554,-0.167207,0.471725,0.859422,0.104458
8851,-409.271,210.094,616.11,-0.175904,0.473682,0.857254,0.0989828
8852,-409.393,210.93,616.645,-0.179963,0.47723,0.854847,0.0954025
8853,-409.581,211.668,617.294,-0.188519,0.482119,0.850359,0.0943984
8854,-409.584,212.52,617.817,-0.197974,0.483587,0.847997,0.0886051
8855,-409.685,213.38,618.316,-0.200992,0.480513,0.849423,0.0847922
8856,-410.096,212.923,619.105,-0.19553,0.512114,0.831769,0.087563
8857,-410.107,213.836,619.512,-0.199559,0.510437,0.83254,0.0806682
8858,-410.027,214.744,619.922,-0.200918,0.512431,0.831568,0.0744364
8859,-410.003,215.658,620.327,-0.205003,0.512102,0.831169,0.0698875
8860,-410.025,216.591,620.688,-0.208299,0.513273,0.829914,0.0663711
8861,-410.066,217.494,621.115,-0.212671,0.514122,0.828112,0.0684039
8862,-410.158,218.432,621.449,-0.212244,0.51424,0.828195,0.0678413
8863,-410.232,219.366,621.799,-0.212167,0.514402,0.82801,0.0690994
8864,-410.332,220.277,622.199,-0.211939,0.51471,0.827802,0.0699959
8865,-410.475,221.207,622.537,-0.212723,0.515414,0.826654,0.0757723
8866,-410.55,222.13,622.915,-0.213061,0.518171,0.824439,0.0800286
8867,-410.463,223.052,623.292,-0.21429,0.521322,0.821581,0.0854812
8868,-410.565,223.966,623.685,-0.213448,0.523734,0.819845,0.0894229
8869,-410.744,224.875,624.061,-0.208948,0.53124,0.816496,0.0863667
8870,-410.812,225.832,624.344,-0.206481,0.531053,0.81781,0.0808373
8871,-410.883,226.774,624.67,-0.206232,0.530612,0.818588,0.0763758
8872,-410.862,227.726,624.975,-0.204277,0.539718,0.813648,0.0703721
8873,-410.863,228.69,625.243,-0.204001,0.541089,0.812937,0.0688416
8874,-410.906,229.606,625.641,-0.205101,0.541487,0.8124,0.0687914
8875,-411.236,230.495,625.96,-0.203573,0.540593,0.81333,0.0693719
8876,-411.391,231.377,626.404,-0.20299,0.543235,0.811569,0.0710408
8877,-412.383,231.268,626.47,-0.186606,0.562879,0.800374,0.0880163
8878,-412.435,232.207,626.81,-0.188669,0.55955,0.801994,0.0900674
8879,-412.616,233.136,627.134,-0.189082,0.554447,0.804999,0.0938759
8880,-412.776,234.041,627.527,-0.190174,0.552929,0.80507,0.0998302
8881,-412.956,234.959,627.88,-0.187995,0.552959,0.804807,0.105733
8882,-413.16,235.807,628.37,-0.182507,0.555067,0.804691,0.105187
8883,-413.253,236.683,628.843,-0.176055,0.557934,0.804772,0.100286
8884,-413.332,237.561,629.315,-0.175642,0.558249,0.805723,0.0912118
8885,-413.557,238.423,629.769,-0.178135,0.555598,0.807551,0.0862597
8886,-413.9,239.309,630.082,-0.180477,0.555485,0.807715,0.0803758
8887,-414.173,240.153,630.543,-0.187242,0.554321,0.807717,0.0725347
8888,-414.433,241.073,630.836,-0.192486,0.553498,0.807689,0.0650205
8889,-414.502,241.999,631.207,-0.202346,0.549391,0.808581,0.0585015
8890,-414.689,242.926,631.534,-0.217273,0.54879,0.805351,0.0550599
8891,-414.889,243.784,632.006,-0.22902,0.545757,0.80477,0.0452153
8892,-415.039,244.727,632.303,-0.237259,0.550388,0.799977,0.0286181
8893,-415.77,244.221,632.761,-0.226918,0.571227,0.788352,0.0266351
8894,-416.705,244.359,632.434,-0.218493,0.569155,0.792369,0.0218042
8895,-417.429,244.031,633.04,-0.214577,0.580451,0.785244,0.0206332
8896,-418.129,243.68,633.662,-0.207369,0.597007,0.7747,0.0205212
8897,-418.246,244.672,633.614,-0.212246,0.60195,0.769734,0.0108308
8898,-418.398,245.658,633.682,-0.221329,0.604093,0.765528,0.00717859
8899,-418.646,246.616,633.823,-0.229788,0.605158,0.762213,0.0034633
8900,-418.976,247.554,633.937,-0.24326,0.602602,0.760062,0.00017236
8901,-419.288,248.501,633.865,-0.25557,0.600734,0.757475,-0.00579979
8902,-419.694,249.407,633.983,-0.259125,0.597527,0.758766,-0.00946157
8903,-420.165,249.129,634.82,-0.259076,0.618352,0.741967,-0.00234369
8904,-420.532,250.052,634.701,-0.261995,0.616699,0.742315,-0.00319503
8905,-420.794,251.013,634.612,-0.266796,0.617395,0.740027,0.00192631
8906,-421.157,251.944,634.566,-0.273317,0.61239,0.741783,0.00589709
8907,-421.381,252.918,634.572,-0.278515,0.615105,0.737581,0.00702726
8908,-421.726,253.856,634.606,-0.279508,0.619053,0.733922,0.00248777
8909,-422.083,254.79,634.63,-0.281985,0.626067,0.726987,-0.00376695
8910,-422.364,255.747,634.699,-0.286058,0.629175,0.722581,-0.0136969
8911,-422.822,256.627,634.569,-0.291784,0.632457,0.717055,-0.0263127
8912,-423.33,257.488,634.579,-0.299827,0.633842,0.712514,-0.0259117
8913,-423.821,258.359,634.579,-0.310562,0.624925,0.715987,-0.0195485
8914,-424.16,258.24,635.512,-0.319912,0.637406,0.70097,-0.00321772
8915,-424.582,259.143,635.592,-0.32535,0.634995,0.700583,0.0105587
8916,-425.115,259.989,635.57,-0.32693,0.632377,0.702061,0.018069
8917,-425.445,260.93,635.648,-0.327572,0.630138,0.70367,0.0217192
8918,-425.845,261.838,635.774,-0.325862,0.630909,0.703684,0.024417
8919,-426.236,262.731,635.998,-0.322228,0.633256,0.703307,0.0226721
8920,-426.571,263.654,636.187,-0.312835,0.637238,0.704247,0.00995751
8921,-426.908,264.595,636.197,-0.310752,0.638191,0.704374,0.00165451
8922,-427.144,265.552,636.366,-0.311598,0.639873,0.702354,-0.0129857
8923,-427.357,266.528,636.412,-0.316299,0.636917,0.702663,-0.0235959
8924,-427.482,267.507,636.573,-0.321059,0.635995,0.701236,-0.0264344
8925,-427.822,268.442,636.671,-0.325283,0.635917,0.69938,-0.025831
8926,-427.872,269.439,636.735,-0.332247,0.633823,0.698064,-0.0242268
8927,-428.202,270.371,636.888,-0.333639,0.632182,0.698943,-0.022576
8928,-428.472,271.326,637.009,-0.330541,0.633169,0.699419,-0.0255567
8929,-428.864,272.234,637.154,-0.325248,0.633044,0.701394,-0.0389356
8930,-429.011,273.217,637.045,-0.322159,0.64021,0.695711,-0.0482794
8931,-429.256,274.182,637.14,-0.32433,0.641132,0.693786,-0.0491982
8932,-429.52,275.137,637.279,-0.319148,0.641574,0.695335,-0.0551094
8933,-429.797,276.097,637.232,-0.315602,0.641372,0.696771,-0.0595574
8934,-430.093,277.052,637.221,-0.308995,0.642148,0.698962,-0.0601753
8935,-430.445,277.987,637.253,-0.30685,0.642139,0.699866,-0.0607304
8936,-430.666,278.959,637.166,-0.305779,0.642556,0.700117,-0.0587996
8937,-431.116,279.85,637.115,-0.305524,0.642659,0.700327,-0.056456
8938,-431.327,280.779,636.81,-0.305232,0.642803,0.700234,-0.0575302
8939,-431.22,281.107,635.872,-0.306824,0.64477,0.697947,-0.0547834
8940,-431.263,281.448,636.811,-0.308888,0.652259,0.690138,-0.053447
8941,-431.747,282.301,636.62,-0.311115,0.652406,0.688974,-0.053754
8942,-432.396,282.094,637.351,-0.312097,0.667166,0.675112,-0.0413303
8943,-432.789,281.991,638.265,-0.314312,0.686005,0.655427,-0.03196
8944,-433.428,281.774,639.004,-0.313572,0.704209,0.636677,-0.0201036
8945,-434.095,282.499,638.833,-0.312879,0.707074,0.633791,-0.0214737
8946,-434.676,283.31,638.903,-0.31305,0.708738,0.631774,-0.0234898
8947,-435.255,284.118,639.008,-0.310252,0.709188,0.632487,-0.0275158
8948,-435.894,284.875,638.871,-0.307874,0.70585,0.637163,-0.031827
8949,-436.674,285.498,638.931,-0.313291,0.709191,0.631014,-0.0267951
8950,-437.456,286.019,639.275,-0.320329,0.711867,0.624733,-0.0185266
8951,-438.213,286.657,639.414,-0.323205,0.710128,0.625267,-0.0172465
8952,-439,287.267,639.506,-0.313935,0.707549,0.632547,-0.0265353
8953,-439.377,287.305,640.431,-0.307506,0.718114,0.623692,-0.0275681
8954,-440.182,287.892,640.515,-0.303597,0.714808,0.629194,-0.0315237
8955,-441.025,287.656,640.998,-0.311031,0.734315,0.603356,0.00150574
8956,-440.718,287.455,640.068,-0.361426,0.721085,0.58922,0.0471999
8957,-440.377,287.314,639.139,-0.382506,0.707182,0.591025,0.0653636
8958,-440.821,286.488,639.486,-0.380914,0.720304,0.575997,0.0655274
8959,-441.4,285.704,639.71,-0.380559,0.720588,0.576743,0.0574008
8960,-442,286.494,639.835,-0.380466,0.72063,0.576931,0.0555802
8961,-442.693,286.467,640.555,-0.378645,0.723195,0.574992,0.0547851
8962,-443.317,286.949,641.17,-0.378352,0.721003,0.578024,0.053788
8963,-443.682,287.054,642.095,-0.378869,0.720007,0.578761,0.0555216
8964,-443.978,287.245,643.031,-0.368695,0.722713,0.582301,0.0517349
8965,-444.172,287.493,643.981,-0.350998,0.735641,0.577648,0.0442146
8966,-443.889,286.653,644.443,-0.329365,0.731347,0.594981,0.0514544
8967,-442.893,286.602,644.517,-0.322998,0.722618,0.610734,0.0223361
8968,-442.936,286.486,645.51,-0.306791,0.712028,0.631532,0.00799086
8969,-442.624,286.423,646.457,-0.282271,0.708844,0.646291,-0.0130973
8970,-442.581,285.482,646.793,-0.268395,0.714593,0.645717,-0.0192674
8971,-442.785,284.886,647.569,-0.271911,0.709114,0.650361,-0.0158923
8972,-441.803,284.932,647.388,-0.281111,0.703253,0.652914,-0.0107804
8973,-440.843,284.668,647.489,-0.287105,0.695927,0.658172,-0.00812053
8974,-440.001,285.199,647.581,-0.296561,0.687138,0.66322,-0.00559919
8975,-440.624,285.86,647.163,-0.298668,0.68504,0.664406,0.00907363
8976,-441.34,286.224,646.567,-0.302095,0.683647,0.664194,0.0145235
8977,-441.941,286.75,645.965,-0.306678,0.683395,0.662378,0.0132394
8978,-442.059,285.766,646.094,-0.310838,0.684201,0.659657,0.0100449
8979,-442.627,286.143,645.363,-0.310899,0.682747,0.661153,0.00867901
8980,-443.219,286.654,644.739,-0.316993,0.684267,0.656628,0.0115747
8981,-443.844,287.125,644.116,-0.322259,0.68768,0.650334,0.017673
8982,-444.086,287.456,643.204,-0.321961,0.692312,0.645421,0.0218199
8983,-444.691,288.006,642.629,-0.301288,0.68862,0.659523,0.00762891
8984,-444.731,288.1,643.623,-0.282191,0.71555,0.639012,-0.00440384
8985,-444.663,287.864,642.654,-0.241846,0.737639,0.629534,-0.0329733
8986,-443.957,288.323,643.194,-0.249121,0.782481,0.56009,-0.109374
8987,-444.32,287.601,642.604,-0.202046,0.767403,0.591638,-0.142249
8988,-445.201,287.344,642.206,-0.155499,0.765369,0.609925,-0.134248
8989,-445.125,287.109,641.237,-0.137658,0.689827,0.692522,-0.160007
8990,-445.168,288.097,641.088,-0.535023,0.766889,0.293519,0.198692
8991,-445.168,288.097,641.088,-0.535023,0.766889,0.293519,0.198692
8992,-445.168,288.097,641.088,-0.535023,0.766889,0.293519,0.198692
8993,-445.168,288.097,641.088,-0.535023,0.766889,0.293519,0.198692
8994,-445.168,288.097,641.088,-0.535023,0.766889,0.293519,0.198692
8995,-445.168,288.097,641.088,-0.535023,0.766889,0.293519,0.198692
8996,-445.168,288.097,641.088,-0.535023,0.766889,0.293519,0.198692
8997,-445.168,288.097,641.088,-0.535023,0.766889,0.293519,0.198692
8998,-445.168,288.097,641.088,-0.535023,0.766889,0.293519,0.198692
8999,-445.168,288.097,641.088,-0.535023,0.766889,0.293519,0.198692
9000,-444.951,288.793,640.403,0.195531,-0.577299,0.718172,0.335742
9001,-444.701,287.843,640.589,0.397441,-0.110655,0.624908,0.662787
9002,-444.246,287.091,641.066,0.395471,-0.110337,0.626078,0.662914
9003,-444.732,287.615,641.765,0.399344,-0.110702,0.625795,0.660795
9004,-444.432,287.506,642.713,0.399491,-0.111204,0.626127,0.660307
9005,-443.895,286.666,642.64,0.39971,-0.111534,0.626352,0.659905
9006,-444.132,286.681,641.668,0.39944,-0.11155,0.626393,0.660028
9007,-444.796,286.798,640.93,0.399597,-0.111328,0.626201,0.660152
9008,-444.222,287.507,640.52,0.399523,-0.112118,0.625623,0.660611
9009,-445.085,288.009,640.575,0.399786,-0.111676,0.625237,0.660892
9010,-445.322,287.962,639.604,0.39965,-0.111746,0.625465,0.660747
9011,-445.329,287.825,640.595,0.399745,-0.111654,0.624971,0.661172
9012,-445.329,287.825,640.595,0.399745,-0.111654,0.624971,0.661172
9013,-446.089,287.898,639.948,0.39986,-0.111472,0.624834,0.661263
9014,-446.089,287.898,639.948,0.39986,-0.111472,0.624834,0.661263
9015,-445.407,287.42,639.394,0.399253,-0.111593,0.62522,0.661244
9016,-445.407,287.42,639.394,0.399253,-0.111593,0.62522,0.661244
9017,-445.407,287.42,639.394,0.399253,-0.111593,0.62522,0.661244
9018,-445.944,287.319,638.556,0.399347,-0.111459,0.62541,0.661031
9019,-445.944,287.319,638.556,0.399347,-0.111459,0.62541,0.661031
9020,-445.944,287.319,638.556,0.399347,-0.111459,0.62541,0.661031
9021,-445.944,287.319,638.556,0.399347,-0.111459,0.62541,0.661031
9022,-445.944,287.319,638.556,0.399347,-0.111459,0.62541,0.661031
9023,-445.281,287.183,639.292,0.399218,-0.111587,0.625907,0.660616
9024,-445.281,287.183,639.292,0.399218,-0.111587,0.625907,0.660616
9025,-445.281,287.183,639.292,0.399218,-0.111587,0.625907,0.660616
9026,-445.443,287.288,638.311,0.399168,-0.111637,0.625992,0.660557
9027,-445.443,287.288,638.311,0.399168,-0.111637,0.625992,0.660557
9028,-445.443,287.288,638.311,0.399168,-0.111637,0.625992,0.660557
9029,-446.047,286.948,637.59,0.399016,-0.111177,0.626039,0.660683
9030,-446.047,286.948,637.59,0.399016,-0.111177,0.626039,0.660683
9031,-446.047,286.948,637.59,0.399016,-0.111177,0.626039,0.660683
9032,-446.047,286.948,637.59,0.399016,-0.111177,0.626039,0.660683
9033,-446.57,286.687,636.779,0.398739,-0.110803,0.626433,0.660539
9034,-446.57,286.687,636.779,0.398739,-0.110803,0.626433,0.660539
9035,-446.57,286.687,636.779,0.398739,-0.110803,0.626433,0.660539
9036,-446.042,286.546,637.616,0.398622,-0.11099,0.626041,0.660949
9037,-446.042,286.546,637.616,0.398622,-0.11099,0.626041,0.660949
9038,-446.042,286.546,637.616,0.398622,-0.11099,0.626041,0.660949
9039,-446.042,286.546,637.616,0.398622,-0.11099,0.626041,0.660949
9040,-446.959,286.402,637.989,0.398811,-0.110761,0.626,0.660913
9041,-446.959,286.402,637.989,0.398811,-0.110761,0.626,0.660913
9042,-446.453,286.817,637.233,0.398747,-0.110716,0.625806,0.661142
9043,-446.453,286.817,637.233,0.398747,-0.110716,0.625806,0.661142
9044,-446.453,286.817,637.233,0.398747,-0.110716,0.625806,0.661142
9045,-446.846,287.72,637.405,0.399345,-0.110593,0.626146,0.66048
9046,-446.846,287.72,637.405,0.399345,-0.110593,0.626146,0.66048
9047,-446.846,287.72,637.405,0.399345,-0.110593,0.626146,0.66048
9048,-446.846,287.72,637.405,0.399345,-0.110593,0.626146,0.66048
9049,-446.846,287.72,637.405,0.399345,-0.110593,0.626146,0.66048
9050,-446.817,287.437,636.446,0.399088,-0.110599,0.62633,0.66046
9051,-446.817,287.437,636.446,0.399088,-0.110599,0.62633,0.66046
9052,-446.108,287.781,635.831,0.398808,-0.110825,0.626246,0.660671
9053,-446.108,287.781,635.831,0.398808,-0.110825,0.626246,0.660671
9054,-446.975,287.325,635.633,0.398789,-0.110765,0.626635,0.660324
9055,-446.975,287.325,635.633,0.398789,-0.110765,0.626635,0.660324
9056,-446.975,287.325,635.633,0.398789,-0.110765,0.626635,0.660324
9057,-446.975,287.325,635.633,0.398789,-0.110765,0.626635,0.660324
9058,-446.975,287.325,635.633,0.398789,-0.110765,0.626635,0.660324
9059,-446.486,287.246,636.502,0.398881,-0.110687,0.626084,0.660804
9060,-446.486,287.246,636.502,0.398881,-0.110687,0.626084,0.660804
9061,-446.444,287.196,637.5,0.39887,-0.11077,0.626135,0.660748
9062,-446.444,287.196,637.5,0.39887,-0.11077,0.626135,0.660748
9063,-446.444,287.196,637.5,0.39887,-0.11077,0.626135,0.660748
9064,-445.759,286.962,638.19,0.398756,-0.110763,0.626269,0.66069
9065,-445.759,286.962,638.19,0.398756,-0.110763,0.626269,0.66069
9066,-445.759,286.962,638.19,0.398756,-0.110763,0.626269,0.66069
9067,-445.759,286.962,638.19,0.398756,-0.110763,0.626269,0.66069
9068,-445.759,286.962,638.19,0.398756,-0.110763,0.626269,0.66069
9069,-445.182,286.572,638.908,0.398674,-0.110879,0.626446,0.660553
9070,-445.182,286.572,638.908,0.398674,-0.110879,0.626446,0.660553
9071,-445.182,286.572,638.908,0.398674,-0.110879,0.626446,0.660553
9072,-445.182,286.572,638.908,0.398674,-0.110879,0.626446,0.660553
9073,-445.182,286.572,638.908,0.398674,-0.110879,0.626446,0.660553
9074,-444.736,286.511,639.8,0.398682,-0.110974,0.626492,0.660488
9075,-444.736,286.511,639.8,0.398682,-0.110974,0.626492,0.660488
9076,-444.736,286.511,639.8,0.398682,-0.110974,0.626492,0.660488
9077,-444.234,286.358,640.652,0.398623,-0.111107,0.626508,0.660486
9078,-444.234,286.358,640.652,0.398623,-0.111107,0.626508,0.660486
9079,-444.234,286.358,640.652,0.398623,-0.111107,0.626508,0.660486
9080,-444.596,285.716,641.328,0.398621,-0.11115,0.626534,0.660456
9081,-444.596,285.716,641.328,0.398621,-0.11115,0.626534,0.660456
9082,-444.596,285.716,641.328,0.398621,-0.11115,0.626534,0.660456
9083,-444.596,285.716,641.328,0.398621,-0.11115,0.626534,0.660456
9084,-444.596,285.716,641.328,0.398621,-0.11115,0.626534,0.660456
9085,-444.596,285.716,641.328,0.398621,-0.11115,0.626534,0.660456
9086,-444.596,285.716,641.328,0.398621,-0.11115,0.626534,0.660456
9087,-444.145,285.805,642.216,0.398652,-0.111198,0.626518,0.660444
9088,-444.145,285.805,642.216,0.398652,-0.111198,0.626518,0.660444
9089,-444.145,285.805,642.216,0.398652,-0.111198,0.626518,0.660444
9090,-444.145,285.805,642.216,0.398652,-0.111198,0.626518,0.660444
9091,-444.145,285.805,642.216,0.398652,-0.111198,0.626518,0.660444
9092,-443.926,286.419,641.457,0.398566,-0.111407,0.626543,0.660437
9093,-443.926,286.419,641.457,0.398566,-0.111407,0.626543,0.660437
9094,-443.698,286.162,642.396,0.39854,-0.111278,0.626434,0.660578
9095,-443.698,286.162,642.396,0.39854,-0.111278,0.626434,0.660578
9096,-443.698,286.162,642.396,0.39854,-0.111278,0.626434,0.660578
9097,-443.698,286.162,642.396,0.39854,-0.111278,0.626434,0.660578
9098,-443.698,286.162,642.396,0.39854,-0.111278,0.626434,0.660578
9099,-443.698,286.162,642.396,0.39854,-0.111278,0.626434,0.660578
9100,-443.698,286.162,642.396,0.39854,-0.111278,0.626434,0.660578
9101,-443.698,286.162,642.396,0.39854,-0.111278,0.626434,0.660578
9102,-443.698,286.162,642.396,0.39854,-0.111278,0.626434,0.660578
9103,-443.698,286.162,642.396,0.39854,-0.111278,0.626434,0.660578
9104,-442.857,286.164,642.938,0.398456,-0.111254,0.626286,0.660773
9105,-442.857,286.164,642.938,0.398456,-0.111254,0.626286,0.660773
9106,-442.857,286.164,642.938,0.398456,-0.111254,0.626286,0.660773
9107,-442.857,286.164,642.938,0.398456,-0.111254,0.626286,0.660773
9108,-442.857,286.164,642.938,0.398456,-0.111254,0.626286,0.660773
9109,-442.857,286.164,642.938,0.398456,-0.111254,0.626286,0.660773
9110,-442.857,286.164,642.938,0.398456,-0.111254,0.626286,0.660773
9111,-442.857,286.164,642.938,0.398456,-0.111254,0.626286,0.660773
9112,-442.857,286.164,642.938,0.398456,-0.111254,0.626286,0.660773
9113,-442.857,286.164,642.938,0.398456,-0.111254,0.626286,0.660773
9114,-442.857,286.164,642.938,0.398456,-0.111254,0.626286,0.660773
9115,-442.857,286.164,642.938,0.398456,-0.111254,0.626286,0.660773
9116,-442.857,286.164,642.938,0.398456,-0.111254,0.626286,0.660773
9117,-442.645,287.109,642.69,0.398575,-0.111525,0.62638,0.660567
9118,-442.645,287.109,642.69,0.398575,-0.111525,0.62638,0.660567
9119,-442.645,287.109,642.69,0.398575,-0.111525,0.62638,0.660567
9120,-442.645,287.109,642.69,0.398575,-0.111525,0.62638,0.660567
9121,-442.645,287.109,642.69,0.398575,-0.111525,0.62638,0.660567
9122,-441.93,287.793,642.541,0.398521,-0.112123,0.626315,0.660559
9123,-441.93,287.793,642.541,0.398521,-0.112123,0.626315,0.660559
9124,-441.93,287.793,642.541,0.398521,-0.112123,0.626315,0.660559
9125,-441.93,287.793,642.541,0.398521,-0.112123,0.626315,0.660559
9126,-441.93,287.793,642.541,0.398521,-0.112123,0.626315,0.660559
9127,-442.185,287.822,641.574,0.398508,-0.112224,0.626543,0.660335
9128,-442.185,287.822,641.574,0.398508,-0.112224,0.626543,0.660335
9129,-442.185,287.822,641.574,0.398508,-0.112224,0.626543,0.660335
9130,-442.185,287.822,641.574,0.398508,-0.112224,0.626543,0.660335
9131,-442.185,287.822,641.574,0.398508,-0.112224,0.626543,0.660335
9132,-441.396,287.574,641.013,0.397111,-0.112833,0.627035,0.660605
9133,-441.396,287.574,641.013,0.397111,-0.112833,0.627035,0.660605
9134,-441.396,287.574,641.013,0.397111,-0.112833,0.627035,0.660605
9135,-441.396,287.574,641.013,0.397111,-0.112833,0.627035,0.660605
9136,-441.871,287.733,640.147,0.39714,-0.112774,0.626904,0.660721
9137,-441.871,287.733,640.147,0.39714,-0.112774,0.626904,0.660721
9138,-441.871,287.733,640.147,0.39714,-0.112774,0.626904,0.660721
9139,-441.451,288.635,640.044,0.397179,-0.113289,0.626743,0.660763
9140,-441.451,288.635,640.044,0.397179,-0.113289,0.626743,0.660763
9141,-442.094,288.973,639.357,0.397187,-0.113285,0.626722,0.660778
9142,-442.094,288.973,639.357,0.397187,-0.113285,0.626722,0.660778
9143,-442.094,288.973,639.357,0.397187,-0.113285,0.626722,0.660778
9144,-442.663,289.576,639.915,0.397875,-0.113309,0.626282,0.660778
9145,-442.663,289.576,639.915,0.397875,-0.113309,0.626282,0.660778
9146,-442.663,289.576,639.915,0.397875,-0.113309,0.626282,0.660778
9147,-442.663,289.576,639.915,0.397875,-0.113309,0.626282,0.660778
9148,-442.269,290.488,639.805,0.398091,-0.114128,0.625816,0.660948
9149,-442.269,290.488,639.805,0.398091,-0.114128,0.625816,0.660948
9150,-442.269,290.488,639.805,0.398091,-0.114128,0.625816,0.660948
9151,-442.269,290.488,639.805,0.398091,-0.114128,0.625816,0.660948
9152,-442.269,290.488,639.805,0.398091,-0.114128,0.625816,0.660948
