Timestamp,Pred_X,Pred_Y,Pred_Z,Q_X,Q_Y,Q_Z,Q_W
1653512819.974014044,0.006784091,0.011145506,0.054352280,0.999825120,-0.002771359,0.018171232,-0.003451246
1653512820.041181087,0.006784091,0.011145506,0.054352280,0.999825120,-0.002771359,0.018171232,-0.003451246
1653512820.108040333,0.008776871,0.016908061,0.059011910,0.999805570,-0.002059132,0.019274537,-0.003614231
1653512820.174011230,0.008776871,0.016908061,0.059011910,0.999805570,-0.002059132,0.019274537,-0.003614231
1653512820.253572702,0.010559602,0.018131291,0.065142587,0.999780953,-0.001916576,0.020376202,-0.004378681
1653512820.307587862,0.010559602,0.018131291,0.065142587,0.999780953,-0.001916576,0.020376202,-0.004378681
1653512820.374381781,0.010586294,0.015551902,0.073337033,0.999774098,-0.002676895,0.020703837,-0.003986882
1653512820.440673590,0.010586294,0.015551902,0.073337033,0.999774098,-0.002676895,0.020703837,-0.003986882
1653512820.507613420,0.011778136,0.007008115,0.080576174,0.999770641,-0.004673887,0.020441690,-0.004355026
1653512820.573939562,0.011778136,0.007008115,0.080576174,0.999770641,-0.004673887,0.020441690,-0.004355026
1653512820.640833378,0.017678481,-0.005313016,0.091771573,0.999757051,-0.006871508,0.020451276,-0.004510250
1653512820.707390785,0.017678481,-0.005313016,0.091771573,0.999757051,-0.006871508,0.020451276,-0.004510250
1653512820.774464369,0.028728548,-0.027092012,0.108728617,0.999726832,-0.009286587,0.021312416,-0.002417596
1653512820.840949297,0.028728548,-0.027092012,0.108728617,0.999726832,-0.009286587,0.021312416,-0.002417596
1653512820.907406807,0.044956647,-0.057939008,0.130531102,0.999661922,-0.012355187,0.022782480,0.002093236
1653512820.975776911,0.044956647,-0.057939008,0.130531102,0.999661922,-0.012355187,0.022782480,0.002093236
1653512821.044144869,0.068851344,-0.098025486,0.167602673,0.999523640,-0.015827604,0.025014097,0.008735170
1653512821.107654095,0.068851344,-0.098025486,0.167602673,0.999523640,-0.015827604,0.025014097,0.008735170
1653512821.175495625,0.097433381,-0.141732827,0.211935222,0.999313116,-0.019693913,0.027497770,0.015141923
1653512821.240549326,0.097433381,-0.141732827,0.211935222,0.999313116,-0.019693913,0.027497770,0.015141923
1653512821.308590174,0.130334750,-0.184404865,0.263829857,0.998987734,-0.025643641,0.030549059,0.020801174
1653512821.374742746,0.130334750,-0.184404865,0.263829857,0.998987734,-0.025643641,0.030549059,0.020801174
1653512821.445966959,0.167286485,-0.219157442,0.325850785,0.998660505,-0.031899389,0.033578865,0.023066066
1653512821.508145571,0.167286485,-0.219157442,0.325850785,0.998660505,-0.031899389,0.033578865,0.023066066
1653512821.575905085,0.204671174,-0.238033831,0.387837172,0.998444915,-0.036272202,0.035603821,0.022901330
1653512821.640893459,0.204671174,-0.238033831,0.387837172,0.998444915,-0.036272202,0.035603821,0.022901330
1653512821.708614826,0.240014553,-0.247790471,0.450711638,0.998192370,-0.040961836,0.038147926,0.021882080
1653512821.774208784,0.240014553,-0.247790471,0.450711638,0.998192370,-0.040961836,0.038147926,0.021882080
1653512821.840968847,0.275032848,-0.246475115,0.515530288,0.998068571,-0.043815479,0.039490771,0.019488811
1653512821.908558369,0.275032848,-0.246475115,0.515530288,0.998068571,-0.043815479,0.039490771,0.019488811
1653512821.975950718,0.311761409,-0.234052837,0.587422252,0.998043120,-0.044729762,0.040628400,0.016079793
1653512822.042683601,0.311761409,-0.234052837,0.587422252,0.998043120,-0.044729762,0.040628400,0.016079793
1653512822.108957052,0.349585712,-0.217968524,0.664258718,0.998014092,-0.045736030,0.041536286,0.012283266
1653512822.176400661,0.349585712,-0.217968524,0.664258718,0.998014092,-0.045736030,0.041536286,0.012283266
1653512822.241061449,0.383080125,-0.199490413,0.750403166,0.997940063,-0.046275772,0.043543916,0.008837286
1653512822.307558060,0.383080125,-0.199490413,0.750403166,0.997940063,-0.046275772,0.043543916,0.008837286
1653512822.374436378,0.416896105,-0.183360055,0.846634805,0.997808814,-0.047187030,0.045904346,0.006615232
1653512822.440723658,0.416896105,-0.183360055,0.846634805,0.997808814,-0.047187030,0.045904346,0.006615232
1653512822.508008718,0.450613528,-0.162976578,0.950665355,0.997696161,-0.046695132,0.048831426,0.006114440
1653512822.574147224,0.450613528,-0.162976578,0.950665355,0.997696161,-0.046695132,0.048831426,0.006114440
1653512822.644398451,0.484157890,-0.136816129,1.059420586,0.997636139,-0.044589669,0.051783565,0.007234273
1653512822.707651138,0.484157890,-0.136816129,1.059420586,0.997636139,-0.044589669,0.051783565,0.007234273
1653512822.774382114,0.509251535,-0.111929499,1.152338147,0.997627616,-0.042505190,0.053516198,0.008276035
1653512822.840927124,0.509251535,-0.111929499,1.152338147,0.997627616,-0.042505190,0.053516198,0.008276035
1653512822.907576799,0.528667569,-0.091555826,1.246209145,0.997613311,-0.041121010,0.054604415,0.009751471
1653512822.976459026,0.528667569,-0.091555826,1.246209145,0.997613311,-0.041121010,0.054604415,0.009751471
1653512823.040729761,0.549571395,-0.075813696,1.347974181,0.997624397,-0.041082658,0.053920325,0.012261271
1653512823.107409239,0.549571395,-0.075813696,1.347974181,0.997624397,-0.041082658,0.053920325,0.012261271
1653512823.174751043,0.565012991,-0.068081811,1.449202895,0.997585475,-0.043190431,0.052514728,0.014140602
1653512823.250014544,0.565012991,-0.068081811,1.449202895,0.997585475,-0.043190431,0.052514728,0.014140602
1653512823.309221268,0.577013552,-0.063068919,1.561521769,0.997488916,-0.046304747,0.051344480,0.015345309
1653512823.374339342,0.577013552,-0.063068919,1.561521769,0.997488916,-0.046304747,0.051344480,0.015345309
1653512823.448395729,0.586986780,-0.049485456,1.682046652,0.997368991,-0.049636323,0.050547238,0.015372807
1653512823.508929491,0.586986780,-0.049485456,1.682046652,0.997368991,-0.049636323,0.050547238,0.015372807
1653512823.574589729,0.593453169,-0.023748457,1.796693325,0.997400105,-0.050435930,0.049241371,0.014982820
1653512823.640715837,0.593453169,-0.023748457,1.796693325,0.997400105,-0.050435930,0.049241371,0.014982820
1653512823.707232952,0.595106184,0.014788694,1.918558598,0.997455537,-0.050766278,0.048304755,0.013112583
1653512823.774485350,0.595106184,0.014788694,1.918558598,0.997455537,-0.050766278,0.048304755,0.013112583
1653512823.840898991,0.597224414,0.062339909,2.056326866,0.997626483,-0.050314687,0.046040960,0.009487941
1653512823.909199715,0.597224414,0.062339909,2.056326866,0.997626483,-0.050314687,0.046040960,0.009487941
1653512823.974785089,0.597471714,0.119211249,2.199983597,0.997819602,-0.048453160,0.044515055,0.005176008
1653512824.040499210,0.597471714,0.119211249,2.199983597,0.997819602,-0.048453160,0.044515055,0.005176008
1653512824.107287645,0.593441606,0.176657945,2.346083164,0.997961998,-0.046544407,0.043650690,0.000252716
1653512824.175073385,0.593441606,0.176657945,2.346083164,0.997961998,-0.046544407,0.043650690,0.000252716
1653512824.241208553,0.587843955,0.233472481,2.493863821,0.998102725,-0.044084258,0.042863358,-0.003201456
1653512824.307614326,0.587843955,0.233472481,2.493863821,0.998102725,-0.044084258,0.042863358,-0.003201456
1653512824.374411106,0.581010103,0.276189089,2.644709587,0.998205841,-0.042272031,0.042240638,-0.003734796
1653512824.441324949,0.581010103,0.276189089,2.644709587,0.998205841,-0.042272031,0.042240638,-0.003734796
1653512824.508316278,0.571261048,0.296956539,2.793526649,0.998152435,-0.043230675,0.042485271,-0.004222917
1653512824.575622082,0.571261048,0.296956539,2.793526649,0.998152435,-0.043230675,0.042485271,-0.004222917
1653512824.641423941,0.563035011,0.315962911,2.961690664,0.998126268,-0.043658685,0.042861611,-0.000872810
1653512824.707599640,0.563035011,0.315962911,2.961690664,0.998126268,-0.043658685,0.042861611,-0.000872810
1653512824.776731730,0.553044200,0.328713626,3.135243177,0.998018861,-0.045212649,0.043604352,0.003585175
1653512824.840787888,0.553044200,0.328713626,3.135243177,0.998018861,-0.045212649,0.043604352,0.003585175
1653512824.908487797,0.548722029,0.346352071,3.309863329,0.997928202,-0.046939291,0.043338150,0.007602701
1653512824.974443913,0.548722029,0.346352071,3.309863329,0.997928202,-0.046939291,0.043338150,0.007602701
1653512825.040815830,0.546952069,0.366900653,3.483651161,0.997794926,-0.049049411,0.043648392,0.009711544
1653512825.107818604,0.546952069,0.366900653,3.483651161,0.997794926,-0.049049411,0.043648392,0.009711544
1653512825.175170422,0.546225309,0.392290652,3.656800747,0.997592926,-0.052457068,0.044237584,0.009980003
1653512825.240586758,0.546225309,0.392290652,3.656800747,0.997592926,-0.052457068,0.044237584,0.009980003
1653512825.307919025,0.538613021,0.413241386,3.823462248,0.997380912,-0.055215959,0.045739640,0.009510405
1653512825.374938488,0.538613021,0.413241386,3.823462248,0.997380912,-0.055215959,0.045739640,0.009510405
1653512825.441978216,0.528705955,0.430487126,3.981421232,0.997279584,-0.057021581,0.045887526,0.008733643
1653512825.507482290,0.528705955,0.430487126,3.981421232,0.997279584,-0.057021581,0.045887526,0.008733643
1653512825.573904276,0.519332349,0.454594493,4.122542381,0.997304440,-0.056983337,0.045304555,0.009176432
1653512825.640503645,0.519332349,0.454594493,4.122542381,0.997304440,-0.056983337,0.045304555,0.009176432
1653512825.707729578,0.517492592,0.481802672,4.275747299,0.997398376,-0.057651304,0.042506550,0.008120404
1653512825.777918339,0.517492592,0.481802672,4.275747299,0.997398376,-0.057651304,0.042506550,0.008120404
1653512825.840807438,0.509939075,0.508322775,4.422075272,0.997467339,-0.058426835,0.040075526,0.006262668
1653512825.907316208,0.509939075,0.508322775,4.422075272,0.997467339,-0.058426835,0.040075526,0.006262668
1653512825.974025488,0.495289862,0.534523487,4.569813251,0.997600198,-0.057824757,0.037770815,0.004849439
1653512826.041831493,0.495289862,0.534523487,4.569813251,0.997600198,-0.057824757,0.037770815,0.004849439
1653512826.107412338,0.480320722,0.556969821,4.709236622,0.997654915,-0.057780702,0.036470465,0.003988847
1653512826.173888683,0.480320722,0.556969821,4.709236622,0.997654915,-0.057780702,0.036470465,0.003988847
1653512826.241801977,0.458287597,0.577205300,4.870397568,0.997727036,-0.056842372,0.035928108,0.004346578
1653512826.307502747,0.458287597,0.577205300,4.870397568,0.997727036,-0.056842372,0.035928108,0.004346578
1653512826.374250174,0.436537385,0.589992225,5.034492970,0.997754335,-0.056444023,0.035621580,0.005603776
1653512826.441152334,0.436537385,0.589992225,5.034492970,0.997754335,-0.056444023,0.035621580,0.005603776
1653512826.507391930,0.415098727,0.584684730,5.180320740,0.997722328,-0.057044365,0.035082359,0.008084236
1653512826.574182510,0.415098727,0.584684730,5.180320740,0.997722328,-0.057044365,0.035082359,0.008084236
1653512826.640950441,0.404091716,0.576881528,5.361888409,0.997665882,-0.058002736,0.034241326,0.011227084
1653512826.707667112,0.404091716,0.576881528,5.361888409,0.997665882,-0.058002736,0.034241326,0.011227084
1653512826.779470682,0.403461576,0.572245479,5.555751324,0.997606277,-0.059216905,0.032340609,0.015136605
1653512826.840456247,0.403461576,0.572245479,5.555751324,0.997606277,-0.059216905,0.032340609,0.015136605
1653512826.907319307,0.395914167,0.557452679,5.724813938,0.997498095,-0.060496245,0.031688832,0.018264165
1653512826.974922657,0.395914167,0.557452679,5.724813938,0.997498095,-0.060496245,0.031688832,0.018264165
1653512827.040502787,0.383070379,0.551120937,5.923606396,0.997310817,-0.062358521,0.032324821,0.020920286
1653512827.107527733,0.383070379,0.551120937,5.923606396,0.997310817,-0.062358521,0.032324821,0.020920286
1653512827.173978329,0.373457074,0.551969111,6.124228954,0.997155488,-0.063902587,0.033223055,0.022216884
1653512827.240526915,0.373457074,0.551969111,6.124228954,0.997155488,-0.063902587,0.033223055,0.022216884
1653512827.307351351,0.363824874,0.560250163,6.328329086,0.997032106,-0.065270856,0.033928506,0.022706082
1653512827.375031233,0.363824874,0.560250163,6.328329086,0.997032106,-0.065270856,0.033928506,0.022706082
1653512827.443110466,0.360921144,0.569226921,6.540172100,0.996887326,-0.067308374,0.034653526,0.022007318
1653512827.507909298,0.360921144,0.569226921,6.540172100,0.996887326,-0.067308374,0.034653526,0.022007318
1653512827.574129581,0.358451247,0.581952929,6.747288704,0.996750236,-0.069028124,0.035613779,0.021348195
1653512827.641662359,0.358451247,0.581952929,6.747288704,0.996750236,-0.069028124,0.035613779,0.021348195
1653512827.707229853,0.360636622,0.599328339,6.958169937,0.996672750,-0.070506647,0.035595689,0.020128408
1653512827.773844481,0.360636622,0.599328339,6.958169937,0.996672750,-0.070506647,0.035595689,0.020128408
1653512827.840505838,0.367490470,0.614776492,7.166594028,0.996586323,-0.072356805,0.034956798,0.018926481
1653512827.909805536,0.367490470,0.614776492,7.166594028,0.996586323,-0.072356805,0.034956798,0.018926481
1653512827.974168301,0.370602757,0.622512519,7.375502586,0.996537626,-0.074093834,0.033561081,0.017221097
1653512828.040520906,0.370602757,0.622512519,7.375502586,0.996537626,-0.074093834,0.033561081,0.017221097
1653512828.107309103,0.374343902,0.629070401,7.577605247,0.996517539,-0.075588785,0.031188523,0.016322495
1653512828.174336910,0.374343902,0.629070401,7.577605247,0.996517539,-0.075588785,0.031188523,0.016322495
1653512828.240716457,0.385929137,0.643381536,7.775788307,0.996513069,-0.076995872,0.027782010,0.016170343
1653512828.308930159,0.385929137,0.643381536,7.775788307,0.996513069,-0.076995872,0.027782010,0.016170343
1653512828.374763012,0.402957916,0.659146905,7.980172157,0.996541321,-0.078008398,0.024154352,0.015381779
1653512828.446631670,0.402957916,0.659146905,7.980172157,0.996541321,-0.078008398,0.024154352,0.015381779
1653512828.507409334,0.432068080,0.675983489,8.171823502,0.996554017,-0.078969397,0.020677367,0.014709632
1653512828.574638605,0.432068080,0.675983489,8.171823502,0.996554017,-0.078969397,0.020677367,0.014709632
1653512828.641729355,0.486028045,0.668728054,8.369834900,0.996591747,-0.080066629,0.015300133,0.012654319
1653512828.708127260,0.486028045,0.668728054,8.369834900,0.996591747,-0.080066629,0.015300133,0.012654319
1653512828.773903131,0.554465950,0.652527094,8.552289963,0.996613443,-0.080860905,0.009618247,0.011432034
1653512828.840569973,0.554465950,0.652527094,8.552289963,0.996613443,-0.080860905,0.009618247,0.011432034
1653512828.907662868,0.638403594,0.639831722,8.726004601,0.996608198,-0.081573777,0.003139489,0.010390424
1653512828.974140644,0.638403594,0.639831722,8.726004601,0.996608198,-0.081573777,0.003139489,0.010390424
1653512829.045400858,0.737998307,0.613016784,8.897501945,0.996528566,-0.082644366,-0.004375267,0.009029147
1653512829.107213497,0.737998307,0.613016784,8.897501945,0.996528566,-0.082644366,-0.004375267,0.009029147
1653512829.173899174,0.842109978,0.573631763,9.053942680,0.996427417,-0.083269015,-0.011745690,0.007791483
1653512829.240454197,0.842109978,0.573631763,9.053942680,0.996427417,-0.083269015,-0.011745690,0.007791483
1653512829.309288979,0.959528267,0.543902755,9.275611877,0.996344745,-0.083457544,-0.016875224,0.006869958
1653512829.374239683,0.959528267,0.543902755,9.275611877,0.996344745,-0.083457544,-0.016875224,0.006869958
1653512829.441844702,1.074802399,0.515901446,9.501265526,0.996223032,-0.083825864,-0.021774761,0.006225053
1653512829.508753777,1.074802399,0.515901446,9.501265526,0.996223032,-0.083825864,-0.021774761,0.006225053
1653512829.573857546,1.209889174,0.480254501,9.739575386,0.996148586,-0.083742507,-0.025033208,0.006968362
1653512829.640582085,1.209889174,0.480254501,9.739575386,0.996148586,-0.083742507,-0.025033208,0.006968362
1653512829.708574533,1.373802781,0.419835240,9.956277847,0.996032715,-0.083659053,-0.029433349,0.007324791
1653512829.774174690,1.373802781,0.419835240,9.956277847,0.996032715,-0.083659053,-0.029433349,0.007324791
1653512829.840387106,1.569423676,0.357028544,10.166113853,0.995908499,-0.083365500,-0.033642627,0.009201034
1653512829.907176256,1.569423676,0.357028544,10.166113853,0.995908499,-0.083365500,-0.033642627,0.009201034
1653512829.973890305,1.799936652,0.321409613,10.389207840,0.995793819,-0.082935184,-0.037012536,0.012102579
1653512830.040842295,1.799936652,0.321409613,10.389207840,0.995793819,-0.082935184,-0.037012536,0.012102579
1653512830.108997345,2.061000824,0.261260927,10.639986038,0.995741665,-0.082070135,-0.039525326,0.014170249
1653512830.174177647,2.061000824,0.261260927,10.639986038,0.995741665,-0.082070135,-0.039525326,0.014170249
1653512830.241082430,2.339617252,0.199231684,10.871116638,0.995642364,-0.082177058,-0.041378979,0.015198231
1653512830.307656527,2.339617252,0.199231684,10.871116638,0.995642364,-0.082177058,-0.041378979,0.015198231
1653512830.376114607,2.652364969,0.133769810,11.097322464,0.995644927,-0.081342749,-0.042248707,0.017016107
1653512830.440618515,2.652364969,0.133769810,11.097322464,0.995644927,-0.081342749,-0.042248707,0.017016107
1653512830.507997274,2.987457991,0.070754357,11.310433388,0.995714784,-0.080477998,-0.041413214,0.018982701
1653512830.575540066,2.987457991,0.070754357,11.310433388,0.995714784,-0.080477998,-0.041413214,0.018982701
1653512830.640739679,3.376240730,0.085524224,11.598835945,0.995756626,-0.080041952,-0.039828110,0.021811061
1653512830.707300186,3.376240730,0.085524224,11.598835945,0.995756626,-0.080041952,-0.039828110,0.021811061
1653512830.774061918,3.788808346,0.054568689,11.871257782,0.995851696,-0.078880213,-0.038862724,0.023389285
1653512830.844147444,3.788808346,0.054568689,11.871257782,0.995851696,-0.078880213,-0.038862724,0.023389285
1653512830.907950401,-2.944384813,3.040488720,12.147086143,0.460153133,0.886667609,0.007855603,0.044921108
1653512830.973817825,-2.944384813,3.040488720,12.147086143,0.460153133,0.886667609,0.007855603,0.044921108
1653512831.041761875,-3.238209963,3.408885956,12.394970894,0.459104687,0.887129545,0.008866376,0.046319187
1653512831.109073639,-3.238209963,3.408885956,12.394970894,0.459104687,0.887129545,0.008866376,0.046319187
1653512831.173763514,-3.540843725,3.786916256,12.606356621,0.457708538,0.887757838,0.009016898,0.048037708
1653512831.240648508,-3.540843725,3.786916256,12.606356621,0.457708538,0.887757838,0.009016898,0.048037708
1653512831.307424784,-3.863723278,4.191260815,12.798557281,0.456450194,0.888368547,0.009371672,0.048648629
1653512831.374067068,-3.863723278,4.191260815,12.798557281,0.456450194,0.888368547,0.009371672,0.048648629
1653512831.440702915,-4.201532364,4.617768288,12.983337402,0.455382407,0.888897479,0.009526503,0.048962921
1653512831.508789062,-4.201532364,4.617768288,12.983337402,0.455382407,0.888897479,0.009526503,0.048962921
1653512831.574509621,-4.562313080,5.064838409,13.168395996,0.454667628,0.889268935,0.008948596,0.048969403
1653512831.640490294,-4.562313080,5.064838409,13.168395996,0.454667628,0.889268935,0.008948596,0.048969403
1653512831.707315445,-4.920556545,5.519664288,13.359117508,0.454358339,0.889422655,0.008214105,0.049177349
1653512831.773789644,-4.920556545,5.519664288,13.359117508,0.454358339,0.889422655,0.008214105,0.049177349
1653512831.840819359,-5.330723286,6.007049561,13.541503906,0.454082549,0.889565408,0.008035907,0.049171496
1653512831.910394430,-5.330723286,6.007049561,13.541503906,0.454082549,0.889565408,0.008035907,0.049171496
1653512831.974556684,-5.743668079,6.508258820,13.710383415,0.453529298,0.889876783,0.007743363,0.048687920
1653512832.043035984,-5.743668079,6.508258820,13.710383415,0.453529298,0.889876783,0.007743363,0.048687920
1653512832.107913971,-6.184946537,7.039225578,13.877358437,0.453424543,0.889935076,0.007282824,0.048669327
1653512832.173868895,-6.184946537,7.039225578,13.877358437,0.453424543,0.889935076,0.007282824,0.048669327
1653512832.243492126,-6.656131268,7.597959518,14.044132233,0.454038531,0.889629245,0.006167624,0.048691131
1653512832.307462215,-6.656131268,7.597959518,14.044132233,0.454038531,0.889629245,0.006167624,0.048691131
1653512832.374958754,-7.117455482,8.144165993,14.194766045,0.454586744,0.889386952,0.005918486,0.048027940
1653512832.440762520,-7.117455482,8.144165993,14.194766045,0.454586744,0.889386952,0.005918486,0.048027940
1653512832.507258654,-7.596440792,8.722632408,14.340397835,0.455935150,0.888735831,0.004942231,0.047406472
1653512832.574021339,-7.596440792,8.722632408,14.340397835,0.455935150,0.888735831,0.004942231,0.047406472
1653512832.642671347,-8.118397713,9.332311630,14.481072426,0.456860185,0.888251960,0.003807989,0.047673225
1653512832.707653761,-8.118397713,9.332311630,14.481072426,0.456860185,0.888251960,0.003807989,0.047673225
1653512832.774160385,-8.636085510,9.946605682,14.615065575,0.457849711,0.887785375,0.002631878,0.046945084
1653512832.840868950,-8.636085510,9.946605682,14.615065575,0.457849711,0.887785375,0.002631878,0.046945084
1653512832.907457829,-9.170041084,10.577086449,14.745131493,0.459326893,0.887037992,0.002279256,0.046660509
1653512832.974725246,-9.170041084,10.577086449,14.745131493,0.459326893,0.887037992,0.002279256,0.046660509
1653512833.041891813,-9.732173920,11.235234261,14.869623184,0.459760129,0.886795223,0.001833101,0.047026627
1653512833.108919859,-9.732173920,11.235234261,14.869623184,0.459760129,0.886795223,0.001833101,0.047026627
1653512833.175065041,-10.273379326,11.875009537,14.983777046,0.460368037,0.886443794,0.002612967,0.047664162
1653512833.240771294,-10.273379326,11.875009537,14.983777046,0.460368037,0.886443794,0.002612967,0.047664162
1653512833.307398081,-10.851322174,12.557816505,15.097287178,0.461189866,0.885979354,0.003838730,0.048267767
1653512833.374276161,-10.851322174,12.557816505,15.097287178,0.461189866,0.885979354,0.003838730,0.048267767
1653512833.440831900,-11.441138268,13.250720024,15.208499908,0.461095572,0.885989070,0.005188044,0.048860148
1653512833.508332491,-11.441138268,13.250720024,15.208499908,0.461095572,0.885989070,0.005188044,0.048860148
1653512833.574023247,-12.058251381,13.977188110,15.327819824,0.461319894,0.885863841,0.006197362,0.048895795
1653512833.640842915,-12.058251381,13.977188110,15.327819824,0.461319894,0.885863841,0.006197362,0.048895795
1653512833.707420111,-12.637701035,14.673974037,15.452580452,0.461654305,0.885769367,0.007884440,0.047177449
1653512833.773865700,-12.637701035,14.673974037,15.452580452,0.461654305,0.885769367,0.007884440,0.047177449
1653512833.840772629,-13.307532310,15.462112427,15.575476646,0.461381018,0.885907233,0.009103996,0.047043074
1653512833.908297777,-13.307532310,15.462112427,15.575476646,0.461381018,0.885907233,0.009103996,0.047043074
1653512833.974362612,-13.870384216,16.152454376,15.696762085,0.461993366,0.885611713,0.010963527,0.046193276
1653512834.040502787,-13.870384216,16.152454376,15.696762085,0.461993366,0.885611713,0.010963527,0.046193276
1653512834.107506275,-14.597791672,16.996984482,15.810986519,0.462458640,0.885296226,0.012674315,0.047137465
1653512834.173967838,-14.597791672,16.996984482,15.810986519,0.462458640,0.885296226,0.012674315,0.047137465
1653512834.240401983,-15.250759125,17.772653580,15.927711487,0.462663323,0.885175109,0.014607948,0.046843216
1653512834.307100058,-15.250759125,17.772653580,15.927711487,0.462663323,0.885175109,0.014607948,0.046843216
1653512834.378053188,-15.964598656,18.598917007,16.052867889,0.463714123,0.884622514,0.016885469,0.046120532
1653512834.443595648,-15.964598656,18.598917007,16.052867889,0.463714123,0.884622514,0.016885469,0.046120532
1653512834.507271528,-16.634502411,19.374982834,16.168422699,0.464177042,0.884392381,0.018565362,0.045222417
1653512834.574262857,-16.634502411,19.374982834,16.168422699,0.464177042,0.884392381,0.018565362,0.045222417
1653512834.640794992,-17.379438400,20.228652954,16.288106918,0.464560896,0.884212136,0.019561155,0.044378739
1653512834.707291842,-17.379438400,20.228652954,16.288106918,0.464560896,0.884212136,0.019561155,0.044378739
1653512834.773860931,-18.117225647,21.071638107,16.405679703,0.465526342,0.883743405,0.019975059,0.043402538
1653512834.843935490,-18.117225647,21.071638107,16.405679703,0.465526342,0.883743405,0.019975059,0.043402538
1653512834.907546282,-18.903615952,21.953208923,16.521921158,0.465476662,0.883786917,0.020516276,0.042793423
1653512834.973849297,-18.903615952,21.953208923,16.521921158,0.465476662,0.883786917,0.020516276,0.042793423
1653512835.045139313,-19.731727600,22.876188278,16.645872116,0.465620160,0.883732080,0.021105040,0.042072374
1653512835.107106924,-19.731727600,22.876188278,16.645872116,0.465620160,0.883732080,0.021105040,0.042072374
1653512835.173822403,-20.508304596,23.731985092,16.757209778,0.465233892,0.883947730,0.020989876,0.041871645
1653512835.241779804,-20.508304596,23.731985092,16.757209778,0.465233892,0.883947730,0.020989876,0.041871645
1653512835.307476282,-21.338691711,24.641139984,16.875215530,0.464888811,0.884189844,0.020916443,0.040610671
1653512835.373833656,-21.338691711,24.641139984,16.875215530,0.464888811,0.884189844,0.020916443,0.040610671
1653512835.440548658,-22.066390991,25.455190659,17.001710892,0.464459717,0.884501874,0.020888848,0.038695164
1653512835.507376432,-22.066390991,25.455190659,17.001710892,0.464459717,0.884501874,0.020888848,0.038695164
1653512835.573771954,-23.012208939,26.467660904,17.115535736,0.462892950,0.885340095,0.018773887,0.039377324
1653512835.640853405,-23.012208939,26.467660904,17.115535736,0.462892950,0.885340095,0.018773887,0.039377324
1653512835.707485437,-23.771406174,27.315839767,17.252794266,0.462243050,0.885787904,0.018021731,0.037233431
1653512835.775864363,-23.771406174,27.315839767,17.252794266,0.462243050,0.885787904,0.018021731,0.037233431
1653512835.840435982,-24.654315948,28.289354324,17.377952576,0.461859852,0.886040211,0.016074793,0.036876194
1653512835.907118559,-24.654315948,28.289354324,17.377952576,0.461859852,0.886040211,0.016074793,0.036876194
1653512835.973936558,-25.534521103,29.266595840,17.507400513,0.461430103,0.886291087,0.016095672,0.036212042
1653512836.040410042,-25.534521103,29.266595840,17.507400513,0.461430103,0.886291087,0.016095672,0.036212042
1653512836.108150482,-26.398981094,30.238800049,17.642272949,0.461643308,0.886201024,0.014796366,0.036253154
1653512836.174307108,-26.398981094,30.238800049,17.642272949,0.461643308,0.886201024,0.014796366,0.036253154
1653512836.240762472,-27.229509354,31.177665710,17.775573730,0.461990058,0.886024952,0.013775570,0.036540620
1653512836.307159901,-27.229509354,31.177665710,17.775573730,0.461990058,0.886024952,0.013775570,0.036540620
1653512836.374496460,-28.192153931,32.250099182,17.905803680,0.463489115,0.885226011,0.012481331,0.037375428
1653512836.440512419,-28.192153931,32.250099182,17.905803680,0.463489115,0.885226011,0.012481331,0.037375428
1653512836.507168293,-29.083486557,33.255828857,18.037254333,0.465275466,0.884311199,0.011673496,0.037097286
1653512836.574898720,-29.083486557,33.255828857,18.037254333,0.465275466,0.884311199,0.011673496,0.037097286
1653512836.640424728,-30.023191452,34.309486389,18.170364380,0.467132151,0.883364081,0.009220295,0.037018988
1653512836.707242966,-30.023191452,34.309486389,18.170364380,0.467132151,0.883364081,0.009220295,0.037018988
1653512836.773682833,-30.988111496,35.389442444,18.308481216,0.468612999,0.882607400,0.006706021,0.036892399
1653512836.844734669,-30.988111496,35.389442444,18.308481216,0.468612999,0.882607400,0.006706021,0.036892399
1653512836.907237291,-31.904067993,36.434001923,18.456809998,0.469775826,0.882042468,0.004074099,0.035988308
1653512836.975813866,-31.904067993,36.434001923,18.456809998,0.469775826,0.882042468,0.004074099,0.035988308
1653512837.041021109,-32.879661560,37.544372559,18.608366013,0.471263289,0.881299853,0.002829939,0.034834635
1653512837.107034922,-32.879661560,37.544372559,18.608366013,0.471263289,0.881299853,0.002829939,0.034834635
1653512837.174013615,-33.859737396,38.668834686,18.763374329,0.471841663,0.880987167,0.001512418,0.034996431
1653512837.240339518,-33.859737396,38.668834686,18.763374329,0.471841663,0.880987167,0.001512418,0.034996431
1653512837.307429552,-34.822654724,39.774394989,18.930263519,0.472571820,0.880628169,0.003093335,0.034064159
1653512837.374975920,-34.822654724,39.774394989,18.930263519,0.472571820,0.880628169,0.003093335,0.034064159
1653512837.440667152,-35.824554443,40.921356201,19.102910995,0.473077565,0.880360782,0.003162857,0.033948347
1653512837.507637501,-35.824554443,40.921356201,19.102910995,0.473077565,0.880360782,0.003162857,0.033948347
1653512837.576929808,-36.805084229,42.055622101,19.295129776,0.472321033,0.880867541,0.004666949,0.031038469
1653512837.640337944,-36.805084229,42.055622101,19.295129776,0.472321033,0.880867541,0.004666949,0.031038469
1653512837.707041264,-37.884239197,43.282917023,19.469200134,0.472307533,0.880895734,0.005444470,0.030309523
1653512837.773886204,-37.884239197,43.282917023,19.469200134,0.472307533,0.880895734,0.005444470,0.030309523
1653512837.840894699,-38.846225739,44.424537659,19.666759491,0.473260969,0.880457997,0.006526049,0.027841341
1653512837.907663107,-38.846225739,44.424537659,19.666759491,0.473260969,0.880457997,0.006526049,0.027841341
1653512837.974627256,-39.903720856,45.661437988,19.859722137,0.473620087,0.880315304,0.008118575,0.025749777
1653512838.041607857,-39.903720856,45.661437988,19.859722137,0.473620087,0.880315304,0.008118575,0.025749777
1653512838.107526541,-40.880867004,46.837272644,20.065547943,0.473679483,0.880359054,0.009743614,0.022376725
1653512838.174220085,-40.880867004,46.837272644,20.065547943,0.473679483,0.880359054,0.009743614,0.022376725
1653512838.240753889,-41.954502106,48.118415833,20.275426865,0.473427922,0.880555212,0.010469237,0.019465555
1653512838.307162046,-41.954502106,48.118415833,20.275426865,0.473427922,0.880555212,0.010469237,0.019465555
1653512838.374204636,-43.032878876,49.406539917,20.487480164,0.472634494,0.880995810,0.011889140,0.017933561
1653512838.440301418,-43.032878876,49.406539917,20.487480164,0.472634494,0.880995810,0.011889140,0.017933561
1653512838.507134914,-44.063739777,50.653865814,20.700241089,0.471881866,0.881434083,0.014114117,0.014221095
1653512838.573659182,-44.063739777,50.653865814,20.700241089,0.471881866,0.881434083,0.014114117,0.014221095
1653512838.640378952,-44.977352142,51.794284821,20.921676636,0.470965087,0.881933868,0.014840528,0.012818186
1653512838.707312584,-44.977352142,51.794284821,20.921676636,0.470965087,0.881933868,0.014840528,0.012818186
1653512838.774771452,-46.030120850,53.075382233,21.138216019,0.469762683,0.882568777,0.016106840,0.011657984
1653512838.840499163,-46.030120850,53.075382233,21.138216019,0.469762683,0.882568777,0.016106840,0.011657984
1653512838.907967567,-47.025585175,54.309062958,21.364961624,0.468354344,0.883324265,0.016635101,0.010281475
1653512838.974539518,-47.025585175,54.309062958,21.364961624,0.468354344,0.883324265,0.016635101,0.010281475
1653512839.041153908,-47.979217529,55.517494202,21.589162827,0.466644406,0.884221196,0.017063737,0.010229951
1653512839.107644796,-47.979217529,55.517494202,21.589162827,0.466644406,0.884221196,0.017063737,0.010229951
1653512839.174096346,-49.099418640,56.897167206,21.809110641,0.464875728,0.885147631,0.017293109,0.010253589
1653512839.240467072,-49.099418640,56.897167206,21.809110641,0.464875728,0.885147631,0.017293109,0.010253589
1653512839.310388088,-50.029945374,58.097877502,22.055543900,0.462896943,0.886170805,0.018068932,0.010059401
1653512839.373733521,-50.029945374,58.097877502,22.055543900,0.462896943,0.886170805,0.018068932,0.010059401
1653512839.440487862,-51.138965607,59.464443207,22.282056808,0.460418344,0.887447178,0.018734675,0.010073162
1653512839.512637138,-51.138965607,59.464443207,22.282056808,0.460418344,0.887447178,0.018734675,0.010073162
1653512839.573588848,-52.264179230,60.855323792,22.518701553,0.457980067,0.888668597,0.019567968,0.011811349
1653512839.640308857,-52.264179230,60.855323792,22.518701553,0.457980067,0.888668597,0.019567968,0.011811349
1653512839.707004309,-53.262680054,62.124393463,22.769906998,0.456293374,0.889488041,0.022105031,0.010894984
1653512839.774083853,-53.262680054,62.124393463,22.769906998,0.456293374,0.889488041,0.022105031,0.010894984
1653512839.840900183,-54.380916595,63.510513306,23.024234772,0.454376549,0.890416265,0.023644991,0.011903222
1653512839.910227060,-54.380916595,63.510513306,23.024234772,0.454376549,0.890416265,0.023644991,0.011903222
1653512839.973868608,-55.496265411,64.892776489,23.285249710,0.452724308,0.891205907,0.025549555,0.011831710
1653512840.040332794,-55.496265411,64.892776489,23.285249710,0.452724308,0.891205907,0.025549555,0.011831710
1653512840.107358456,-56.597259521,66.253746033,23.559488297,0.451394200,0.891798019,0.028480915,0.011329859
1653512840.173675776,-56.597259521,66.253746033,23.559488297,0.451394200,0.891798019,0.028480915,0.011329859
1653512840.240712881,-57.776462555,67.699584961,23.838554382,0.449691802,0.892594576,0.030227682,0.011770566
1653512840.307366371,-57.776462555,67.699584961,23.838554382,0.449691802,0.892594576,0.030227682,0.011770566
1653512840.373807669,-58.910930634,69.112281799,24.124132156,0.447695881,0.893587530,0.030909874,0.010690759
1653512840.440238714,-58.910930634,69.112281799,24.124132156,0.447695881,0.893587530,0.030909874,0.010690759
1653512840.507864475,-60.080005646,70.559936523,24.409170151,0.446883500,0.893941224,0.032044340,0.011723402
1653512840.573940039,-60.080005646,70.559936523,24.409170151,0.446883500,0.893941224,0.032044340,0.011723402
1653512840.640575647,-61.181003571,71.944763184,24.699413300,0.446670234,0.894012451,0.033233102,0.011089702
1653512840.707348108,-61.181003571,71.944763184,24.699413300,0.446670234,0.894012451,0.033233102,0.011089702
1653512840.775858879,-62.260875702,73.304130554,24.996469498,0.445748270,0.894468844,0.033033974,0.011949226
1653512840.840457201,-62.260875702,73.304130554,24.996469498,0.445748270,0.894468844,0.033033974,0.011949226
1653512840.907148361,-63.439476013,74.749763489,25.281394958,0.445738882,0.894466817,0.032765754,0.013130144
1653512840.975308895,-63.439476013,74.749763489,25.281394958,0.445738882,0.894466817,0.032765754,0.013130144
1653512841.043230295,-64.659049988,76.234016418,25.592472076,0.445209444,0.894794166,0.031038780,0.012981449
1653512841.107460976,-64.659049988,76.234016418,25.592472076,0.445209444,0.894794166,0.031038780,0.012981449
1653512841.173933268,-65.744628906,77.562416077,25.894653320,0.443842173,0.895521104,0.029543700,0.013163126
1653512841.240349770,-65.744628906,77.562416077,25.894653320,0.443842173,0.895521104,0.029543700,0.013163126
1653512841.308150530,-66.949966431,79.017974854,26.211835861,0.442488790,0.896208465,0.028888892,0.013397289
1653512841.374107361,-66.949966431,79.017974854,26.211835861,0.442488790,0.896208465,0.028888892,0.013397289
1653512841.440967560,-68.029037476,80.342010498,26.537210464,0.440994352,0.896935701,0.029463446,0.012737881
1653512841.507289171,-68.029037476,80.342010498,26.537210464,0.440994352,0.896935701,0.029463446,0.012737881
1653512841.573891401,-69.259597778,81.817169189,26.870910645,0.438445300,0.898122013,0.031172385,0.013071879
1653512841.640605211,-69.259597778,81.817169189,26.870910645,0.438445300,0.898122013,0.031172385,0.013071879
1653512841.707196474,-70.626708984,83.421646118,27.212999344,0.435831666,0.899315059,0.032691069,0.014646465
1653512841.776911497,-70.626708984,83.421646118,27.212999344,0.435831666,0.899315059,0.032691069,0.014646465
1653512841.840792656,-71.706962585,84.738853455,27.561960220,0.432595730,0.900748432,0.036205620,0.014224343
1653512841.908158064,-71.706962585,84.738853455,27.561960220,0.432595730,0.900748432,0.036205620,0.014224343
1653512841.974421263,-73.077842712,86.341392517,27.919225693,0.429544598,0.902050376,0.039260432,0.015973253
1653512842.040669680,-73.077842712,86.341392517,27.919225693,0.429544598,0.902050376,0.039260432,0.015973253
1653512842.107203007,-74.205421448,87.693061829,28.284347534,0.426431715,0.903313994,0.043660622,0.016539760
1653512842.174421549,-74.205421448,87.693061829,28.284347534,0.426431715,0.903313994,0.043660622,0.016539760
1653512842.241288185,-75.496597290,89.192031860,28.651124954,0.423353612,0.904438436,0.049280223,0.018283827
1653512842.308107138,-75.496597290,89.192031860,28.651124954,0.423353612,0.904438436,0.049280223,0.018283827
1653512842.374579906,-76.756317139,90.655517578,29.022773743,0.420400739,0.905550718,0.053370088,0.019817328
1653512842.440378666,-76.756317139,90.655517578,29.022773743,0.420400739,0.905550718,0.053370088,0.019817328
1653512842.507033110,-77.922546387,92.019172668,29.378389359,0.417918801,0.906526566,0.055906203,0.020687506
1653512842.574024677,-77.922546387,92.019172668,29.378389359,0.417918801,0.906526566,0.055906203,0.020687506
1653512842.642196894,-79.253166199,93.522247314,29.751903534,0.415539205,0.907504797,0.057403579,0.021611141
1653512842.707261086,-79.253166199,93.522247314,29.751903534,0.415539205,0.907504797,0.057403579,0.021611141
1653512842.774022102,-80.637168884,95.041351318,30.119283676,0.413331538,0.908479691,0.057842247,0.021815503
1653512842.841087818,-80.637168884,95.041351318,30.119283676,0.413331538,0.908479691,0.057842247,0.021815503
1653512842.906976223,-82.000930786,96.503692627,30.487400055,0.411219865,0.909492612,0.056770939,0.022325680
1653512842.973526716,-82.000930786,96.503692627,30.487400055,0.411219865,0.909492612,0.056770939,0.022325680
1653512843.040812016,-83.345062256,97.928871155,30.854827881,0.408137232,0.911008954,0.054810297,0.021965945
1653512843.107876062,-83.345062256,97.928871155,30.854827881,0.408137232,0.911008954,0.054810297,0.021965945
1653512843.173666239,-84.820365906,99.442222595,31.216638565,0.404547811,0.912752926,0.052213483,0.022291327
1653512843.240511179,-84.820365906,99.442222595,31.216638565,0.404547811,0.912752926,0.052213483,0.022291327
1653512843.307062149,-86.361930847,100.989212036,31.577375412,0.400812030,0.914534450,0.049494117,0.022952259
1653512843.374114990,-86.361930847,100.989212036,31.577375412,0.400812030,0.914534450,0.049494117,0.022952259
1653512843.440768480,-87.843261719,102.475364685,31.939544678,0.397288173,0.916206658,0.047054131,0.022657922
1653512843.507530451,-87.843261719,102.475364685,31.939544678,0.397288173,0.916206658,0.047054131,0.022657922
1653512843.574000597,-89.101036072,103.752532959,32.298332214,0.393179774,0.918120146,0.044789065,0.021423953
1653512843.640501261,-89.101036072,103.752532959,32.298332214,0.393179774,0.918120146,0.044789065,0.021423953
1653512843.707052469,-90.745292664,105.373031616,32.667034149,0.389757067,0.919624269,0.043418940,0.022258176
1653512843.773710728,-90.745292664,105.373031616,32.667034149,0.389757067,0.919624269,0.043418940,0.022258176
1653512843.842285633,-92.299263000,106.903388977,33.036571503,0.386919111,0.920764804,0.044107500,0.023244472
1653512843.908481836,-92.299263000,106.903388977,33.036571503,0.386919111,0.920764804,0.044107500,0.023244472
1653512843.973640203,-93.827056885,108.392486572,33.402172089,0.383981377,0.921952367,0.044692349,0.023764001
1653512844.041793108,-93.827056885,108.392486572,33.402172089,0.383981377,0.921952367,0.044692349,0.023764001
1653512844.107013464,-95.309066772,109.842567444,33.773097992,0.382337421,0.922522485,0.046842024,0.024003360
1653512844.177673817,-95.309066772,109.842567444,33.773097992,0.382337421,0.922522485,0.046842024,0.024003360
1653512844.246352911,-96.750541687,111.254394531,34.166873932,0.380868882,0.923029602,0.049345400,0.022810631
1653512844.307249069,-96.750541687,111.254394531,34.166873932,0.380868882,0.923029602,0.049345400,0.022810631
1653512844.376832724,-98.429939270,112.835922241,34.541835785,0.379709780,0.923400879,0.050942577,0.023582585
1653512844.440930367,-98.429939270,112.835922241,34.541835785,0.379709780,0.923400879,0.050942577,0.023582585
1653512844.507576704,-99.836784363,114.175064087,34.909725189,0.378753901,0.923699498,0.052955292,0.022812940
1653512844.573823452,-99.836784363,114.175064087,34.909725189,0.378753901,0.923699498,0.052955292,0.022812940
1653512844.640365124,-101.350509644,115.584823608,35.282596588,0.377987176,0.923950434,0.054514673,0.021665994
1653512844.706954002,-101.350509644,115.584823608,35.282596588,0.377987176,0.923950434,0.054514673,0.021665994
1653512844.774019241,-103.123031616,117.178298950,35.663505554,0.376418352,0.924557745,0.054796409,0.022350315
1653512844.841531515,-103.123031616,117.178298950,35.663505554,0.376418352,0.924557745,0.054796409,0.022350315
1653512844.907964706,-104.788314819,118.654632568,36.044425964,0.374313593,0.925408840,0.055193417,0.021481827
1653512844.973958254,-104.788314819,118.654632568,36.044425964,0.374313593,0.925408840,0.055193417,0.021481827
1653512845.040398836,-106.523605347,120.164741516,36.424697876,0.372073233,0.926388204,0.054231919,0.020623632
1653512845.107657433,-106.523605347,120.164741516,36.424697876,0.372073233,0.926388204,0.054231919,0.020623632
1653512845.174439430,-108.043617249,121.493545532,36.809349060,0.369825870,0.927357018,0.053646885,0.018967891
1653512845.245048046,-108.043617249,121.493545532,36.809349060,0.369825870,0.927357018,0.053646885,0.018967891
1653512845.308131218,-109.726669312,122.937606812,37.192050934,0.368293941,0.928096056,0.051650230,0.018154183
1653512845.373880386,-109.726669312,122.937606812,37.192050934,0.368293941,0.928096056,0.051650230,0.018154183
1653512845.440932989,-111.503959656,124.447059631,37.569671631,0.367079407,0.928704560,0.049212322,0.018402552
1653512845.507134914,-111.503959656,124.447059631,37.569671631,0.367079407,0.928704560,0.049212322,0.018402552
1653512845.573969603,-113.133934021,125.828491211,37.950687408,0.365423381,0.929476023,0.047026373,0.018126065
1653512845.640743494,-113.133934021,125.828491211,37.950687408,0.365423381,0.929476023,0.047026373,0.018126065
1653512845.707072258,-114.841529846,127.263755798,38.323951721,0.364971250,0.929781854,0.044638969,0.017580751
1653512845.774637222,-114.841529846,127.263755798,38.323951721,0.364971250,0.929781854,0.044638969,0.017580751
1653512845.841050148,-116.533638000,128.682266235,38.696945190,0.363573700,0.930475712,0.041830208,0.016714120
1653512845.906899929,-116.533638000,128.682266235,38.696945190,0.363573700,0.930475712,0.041830208,0.016714120
1653512845.973736763,-118.248268127,130.090942383,39.068717957,0.361916542,0.931235254,0.039534241,0.015948536
1653512846.041572571,-118.248268127,130.090942383,39.068717957,0.361916542,0.931235254,0.039534241,0.015948536
1653512846.107064724,-119.996627808,131.519607544,39.444583893,0.360164195,0.932076812,0.036110085,0.014512346
1653512846.179860830,-119.996627808,131.519607544,39.444583893,0.360164195,0.932076812,0.036110085,0.014512346
1653512846.242972612,-121.587692261,132.836074829,39.831016541,0.357529461,0.933267534,0.032248672,0.012016528
1653512846.307207584,-121.587692261,132.836074829,39.831016541,0.357529461,0.933267534,0.032248672,0.012016528
1653512846.373717070,-123.408279419,134.291137695,40.203189850,0.354685634,0.934504211,0.027948836,0.010902796
1653512846.441307545,-123.408279419,134.291137695,40.203189850,0.354685634,0.934504211,0.027948836,0.010902796
1653512846.507693768,-125.060165405,135.642318726,40.584434509,0.352151066,0.935591757,0.024124401,0.008698068
1653512846.576142788,-125.060165405,135.642318726,40.584434509,0.352151066,0.935591757,0.024124401,0.008698068
1653512846.641020536,-126.867225647,137.086898804,40.966556549,0.349119544,0.936813176,0.021159789,0.006991419
1653512846.706955194,-126.867225647,137.086898804,40.966556549,0.349119544,0.936813176,0.021159789,0.006991419
1653512846.773615360,-128.809371948,138.615524292,41.349983215,0.347387642,0.937505782,0.018923800,0.006832480
1653512846.840895176,-128.809371948,138.615524292,41.349983215,0.347387642,0.937505782,0.018923800,0.006832480
1653512846.907005548,-130.413681030,139.930786133,41.729911804,0.346022874,0.938044906,0.017619004,0.005430670
1653512846.973797083,-130.413681030,139.930786133,41.729911804,0.346022874,0.938044906,0.017619004,0.005430670
1653512847.040257454,-132.308029175,141.431625366,42.111961365,0.344583422,0.938597798,0.016436789,0.005121107
1653512847.107508183,-132.308029175,141.431625366,42.111961365,0.344583422,0.938597798,0.016436789,0.005121107
1653512847.175088882,-134.290252686,142.992233276,42.505992889,0.343243033,0.939106345,0.015432458,0.005032902
1653512847.240442276,-134.290252686,142.992233276,42.505992889,0.343243033,0.939106345,0.015432458,0.005032902
1653512847.307178736,-135.831787109,144.276809692,42.888511658,0.342468530,0.939410448,0.014645650,0.002973538
1653512847.373535156,-135.831787109,144.276809692,42.888511658,0.342468530,0.939410448,0.014645650,0.002973538
1653512847.443248272,-137.910186768,145.901473999,43.290489197,0.341318548,0.939839661,0.013813832,0.003492524
1653512847.507501125,-137.910186768,145.901473999,43.290489197,0.341318548,0.939839661,0.013813832,0.003492524
1653512847.573671579,-139.775833130,147.371032715,43.677387238,0.339193135,0.940621316,0.013023283,0.003152573
1653512847.640265226,-139.775833130,147.371032715,43.677387238,0.339193135,0.940621316,0.013023283,0.003152573
1653512847.707034111,-141.595840454,148.815704346,44.067695618,0.337568402,0.941219032,0.012201997,0.002321188
1653512847.774138212,-141.595840454,148.815704346,44.067695618,0.337568402,0.941219032,0.012201997,0.002321188
1653512847.840818882,-143.689682007,150.426712036,44.466865540,0.335284710,0.942049086,0.011086063,0.002180998
1653512847.907275915,-143.689682007,150.426712036,44.466865540,0.335284710,0.942049086,0.011086063,0.002180998
1653512847.974157572,-145.392471313,151.803619385,44.859619141,0.333369881,0.942738175,0.010416485,0.000861596
1653512848.040925980,-145.392471313,151.803619385,44.859619141,0.333369881,0.942738175,0.010416485,0.000861596
1653512848.108500242,-147.233749390,153.274246216,45.257450104,0.331787199,0.943297386,0.010358101,-0.000130155
1653512848.174121618,-147.233749390,153.274246216,45.257450104,0.331787199,0.943297386,0.010358101,-0.000130155
1653512848.240215540,-149.167297363,154.799728394,45.650016785,0.330665678,0.943690300,0.010427575,-0.000187630
1653512848.307149649,-149.167297363,154.799728394,45.650016785,0.330665678,0.943690300,0.010427575,-0.000187630
1653512848.374223948,-150.981384277,156.266189575,46.044445038,0.329847753,0.943973899,0.010660211,0.000266874
1653512848.440460682,-150.981384277,156.266189575,46.044445038,0.329847753,0.943973899,0.010660211,0.000266874
1653512848.507315636,-152.933761597,157.815338135,46.437358856,0.330185592,0.943848252,0.011277384,0.000861726
1653512848.578948975,-152.933761597,157.815338135,46.437358856,0.330185592,0.943848252,0.011277384,0.000861726
1653512848.647890568,-155.018859863,159.466964722,46.857162476,0.330125511,0.943862975,0.011644137,0.002054448
1653512848.708330631,-155.018859863,159.466964722,46.857162476,0.330125511,0.943862975,0.011644137,0.002054448
1653512848.774948835,-156.739685059,160.865783691,47.229152679,0.329938501,0.943932891,0.011200262,0.002411355
1653512848.842151880,-156.739685059,160.865783691,47.229152679,0.329938501,0.943932891,0.011200262,0.002411355
1653512848.907010794,-158.582122803,162.350662231,47.611732483,0.330032974,0.943900645,0.011060670,0.002727405
1653512848.973612309,-158.582122803,162.350662231,47.611732483,0.330032974,0.943900645,0.011060670,0.002727405
1653512849.040734768,-160.467910767,163.858383179,48.003532410,0.329391509,0.944128811,0.010648827,0.002937290
1653512849.108444452,-160.467910767,163.858383179,48.003532410,0.329391509,0.944128811,0.010648827,0.002937290
1653512849.173638582,-162.523590088,165.450820923,48.401855469,0.328228801,0.944538176,0.010094277,0.003411219
1653512849.240166664,-162.523590088,165.450820923,48.401855469,0.328228801,0.944538176,0.010094277,0.003411219
1653512849.307057142,-162.523590088,165.450820923,48.401855469,0.328228801,0.944538176,0.010094277,0.003411219
1653512849.380886555,-162.523590088,165.450820923,48.401855469,0.328228801,0.944538176,0.010094277,0.003411219
1653512849.440676212,-164.397491455,166.947219849,48.806114197,0.326935142,0.944999278,0.008981206,0.003020567
1653512849.507248163,-164.397491455,166.947219849,48.806114197,0.326935142,0.944999278,0.008981206,0.003020567
1653512849.574264765,-166.440460205,168.533233643,49.220874786,0.325080097,0.945642829,0.008432753,0.003379828
1653512849.641241312,-166.440460205,168.533233643,49.220874786,0.325080097,0.945642829,0.008432753,0.003379828
1653512849.707147360,-168.437469482,170.101348877,49.637771606,0.323774546,0.946091235,0.008147136,0.003886184
1653512849.774319410,-168.437469482,170.101348877,49.637771606,0.323774546,0.946091235,0.008147136,0.003886184
1653512849.843614340,-170.302581787,171.596588135,50.051429749,0.323431134,0.946207643,0.008255207,0.003913413
1653512849.906922340,-170.302581787,171.596588135,50.051429749,0.323431134,0.946207643,0.008255207,0.003913413
1653512849.973924398,-172.356933594,173.214981079,50.485713959,0.322806060,0.946418822,0.008372491,0.004191637
1653512850.040259600,-172.356933594,173.214981079,50.485713959,0.322806060,0.946418822,0.008372491,0.004191637
1653512850.107175112,-174.262466431,174.731918335,50.905246735,0.322625488,0.946472645,0.008773200,0.005041339
1653512850.173993111,-174.262466431,174.731918335,50.905246735,0.322625488,0.946472645,0.008773200,0.005041339
1653512850.240304708,-176.354614258,176.370071411,51.320362091,0.323448807,0.946179807,0.009650517,0.005617516
1653512850.307272434,-176.354614258,176.370071411,51.320362091,0.323448807,0.946179807,0.009650517,0.005617516
1653512850.374688387,-178.418914795,177.992721558,51.739784241,0.324045509,0.945955634,0.011151992,0.006172154
1653512850.440198183,-178.418914795,177.992721558,51.739784241,0.324045509,0.945955634,0.011151992,0.006172154
1653512850.510299921,-180.350173950,179.544601440,52.159187317,0.324629605,0.945736587,0.012523441,0.006412292
1653512850.573478699,-180.350173950,179.544601440,52.159187317,0.324629605,0.945736587,0.012523441,0.006412292
1653512850.640206814,-182.180587769,181.046432495,52.572189331,0.325902343,0.945276380,0.013773289,0.007111156
1653512850.707139015,-182.180587769,181.046432495,52.572189331,0.325902343,0.945276380,0.013773289,0.007111156
1653512850.773489475,-184.434890747,182.781951904,52.966358185,0.326387167,0.945080221,0.014689676,0.008886171
1653512850.840548515,-184.434890747,182.781951904,52.966358185,0.326387167,0.945080221,0.014689676,0.008886171
1653512850.906795979,-186.187362671,184.233016968,53.361614227,0.327403545,0.944695771,0.016256820,0.009617251
1653512850.973838568,-186.187362671,184.233016968,53.361614227,0.327403545,0.944695771,0.016256820,0.009617251
1653512851.040447712,-188.329391479,185.900039673,53.758277893,0.328505933,0.944266796,0.017696995,0.011439502
1653512851.108554363,-188.329391479,185.900039673,53.758277893,0.328505933,0.944266796,0.017696995,0.011439502
1653512851.173966646,-190.371795654,187.512466431,54.155067444,0.329709709,0.943830907,0.017771630,0.012607181
1653512851.240304947,-190.371795654,187.512466431,54.155067444,0.329709709,0.943830907,0.017771630,0.012607181
1653512851.307848215,-192.344085693,189.074539185,54.554706573,0.330524355,0.943540514,0.017222896,0.013724924
1653512851.374533653,-192.344085693,189.074539185,54.554706573,0.330524355,0.943540514,0.017222896,0.013724924
1653512851.440221071,-194.517944336,190.755523682,54.951675415,0.331666976,0.943155348,0.015237550,0.014925823
1653512851.507994652,-194.517944336,190.755523682,54.951675415,0.331666976,0.943155348,0.015237550,0.014925823
1653512851.573522806,-196.336334229,192.225250244,55.343364716,0.332607299,0.942869842,0.012704944,0.014403448
1653512851.640272617,-196.336334229,192.225250244,55.343364716,0.332607299,0.942869842,0.012704944,0.014403448
1653512851.707235336,-198.540664673,193.907775879,55.745456696,0.333257765,0.942667246,0.009973641,0.014774876
1653512851.773508072,-198.540664673,193.907775879,55.745456696,0.333257765,0.942667246,0.009973641,0.014774876
1653512851.841531992,-200.528289795,195.479232788,56.151798248,0.334210396,0.942374706,0.006204684,0.013955868
1653512851.907963514,-200.528289795,195.479232788,56.151798248,0.334210396,0.942374706,0.006204684,0.013955868
1653512851.974639177,-202.639511108,197.122787476,56.557548523,0.334654987,0.942239165,0.002916829,0.013522999
1653512852.040490150,-202.639511108,197.122787476,56.557548523,0.334654987,0.942239165,0.002916829,0.013522999
1653512852.106917858,-205.047485352,198.926803589,56.952812195,0.334677011,0.942217410,-0.000279981,0.014750616
1653512852.173496723,-205.047485352,198.926803589,56.952812195,0.334677011,0.942217410,-0.000279981,0.014750616
1653512852.241298199,-206.814071655,200.375640869,57.331935883,0.334729612,0.942205191,-0.002953050,0.014025795
1653512852.307703972,-206.814071655,200.375640869,57.331935883,0.334729612,0.942205191,-0.002953050,0.014025795
1653512852.374005556,-208.919250488,202.016845703,57.709087372,0.334678859,0.942193449,-0.004765857,0.015454050
1653512852.440462112,-208.919250488,202.016845703,57.709087372,0.334678859,0.942193449,-0.004765857,0.015454050
1653512852.512834787,-211.259353638,203.793914795,58.078639984,0.333995074,0.942384005,-0.006365389,0.017866246
1653512852.573736429,-211.259353638,203.793914795,58.078639984,0.333995074,0.942384005,-0.006365389,0.017866246
1653512852.640156031,-213.337905884,205.440490723,58.459457397,0.334035128,0.942322791,-0.006491124,0.020152384
1653512852.710113049,-213.337905884,205.440490723,58.459457397,0.334035128,0.942322791,-0.006491124,0.020152384
1653512852.774370432,-215.530899048,207.120483398,58.806209564,0.333618343,0.942409456,-0.006854662,0.022720585
1653512852.840499401,-215.530899048,207.120483398,58.806209564,0.333618343,0.942409456,-0.006854662,0.022720585
1653512852.908144474,-217.761825562,208.862960815,59.172817230,0.333539128,0.942391932,-0.007424229,0.024370963
1653512852.975759983,-217.761825562,208.862960815,59.172817230,0.333539128,0.942391932,-0.007424229,0.024370963
1653512853.040182590,-219.591659546,210.391113281,59.539535522,0.334642589,0.941996634,-0.006688342,0.024737390
1653512853.107246161,-219.591659546,210.391113281,59.539535522,0.334642589,0.941996634,-0.006688342,0.024737390
1653512853.173993111,-222.164916992,212.340972900,59.902080536,0.336148232,0.941402733,-0.006322454,0.026931116
1653512853.240641356,-222.164916992,212.340972900,59.902080536,0.336148232,0.941402733,-0.006322454,0.026931116
1653512853.306932688,-224.182754517,213.987503052,60.269878387,0.338098109,0.940702796,-0.005100991,0.027238101
1653512853.373432875,-224.182754517,213.987503052,60.269878387,0.338098109,0.940702796,-0.005100991,0.027238101
1653512853.440228939,-226.260299683,215.668502808,60.633098602,0.340852022,0.939727247,-0.003699040,0.026813582
1653512853.506988525,-226.260299683,215.668502808,60.633098602,0.340852022,0.939727247,-0.003699040,0.026813582
1653512853.573493958,-228.856475830,217.639312744,60.992195129,0.343025178,0.938901246,-0.002971230,0.028095903
1653512853.640175343,-228.856475830,217.639312744,60.992195129,0.343025178,0.938901246,-0.002971230,0.028095903
1653512853.707529068,-230.789566040,219.238861084,61.349090576,0.344198912,0.938500404,-0.002334338,0.027178798
1653512853.773413897,-230.789566040,219.238861084,61.349090576,0.344198912,0.938500404,-0.002334338,0.027178798
1653512853.840670824,-233.319473267,221.172546387,61.698223114,0.344839036,0.938246250,-0.002416830,0.027824383
1653512853.906705379,-233.319473267,221.172546387,61.698223114,0.344839036,0.938246250,-0.002416830,0.027824383
1653512853.973911524,-235.266052246,222.768478394,62.050552368,0.343881369,0.938629568,-0.002721101,0.026697909
1653512854.042279243,-235.266052246,222.768478394,62.050552368,0.343881369,0.938629568,-0.002721101,0.026697909
1653512854.108766556,-237.717971802,224.654266357,62.386009216,0.342427611,0.939148903,-0.003583117,0.027015015
1653512854.174381495,-237.717971802,224.654266357,62.386009216,0.342427611,0.939148903,-0.003583117,0.027015015
1653512854.240505219,-240.232223511,226.585021973,62.727005005,0.341451168,0.939488709,-0.004146503,0.027474623
1653512854.306952000,-240.232223511,226.585021973,62.727005005,0.341451168,0.939488709,-0.004146503,0.027474623
1653512854.373457909,-242.435516357,228.332839966,63.060138702,0.341137052,0.939598143,-0.003728149,0.027693044
1653512854.440415621,-242.435516357,228.332839966,63.060138702,0.341137052,0.939598143,-0.003728149,0.027693044
1653512854.506725788,-244.985366821,230.274627686,63.389274597,0.341860563,0.939291239,-0.003224417,0.029205579
1653512854.573538303,-244.985366821,230.274627686,63.389274597,0.341860563,0.939291239,-0.003224417,0.029205579
1653512854.642292976,-247.180328369,232.031234741,63.726631165,0.343425900,0.938720226,-0.002518728,0.029269507
1653512854.707331419,-247.180328369,232.031234741,63.726631165,0.343425900,0.938720226,-0.002518728,0.029269507
1653512854.774331331,-249.726699829,233.987609863,64.066589355,0.344686031,0.938224077,-0.002116225,0.030374968
1653512854.841635466,-249.726699829,233.987609863,64.066589355,0.344686031,0.938224077,-0.002116225,0.030374968
1653512854.909169197,-252.145599365,235.859481812,64.399932861,0.345182776,0.938005686,-0.001798869,0.031478718
1653512854.973768711,-252.145599365,235.859481812,64.399932861,0.345182776,0.938005686,-0.001798869,0.031478718
1653512855.040339708,-254.584243774,237.750396729,64.739341736,0.345067292,0.938029826,-0.001924885,0.032014646
1653512855.106919765,-254.584243774,237.750396729,64.739341736,0.345067292,0.938029826,-0.001924885,0.032014646
1653512855.173506498,-257.148895264,239.682739258,65.061790466,0.343559951,0.938538551,-0.002425978,0.033257529
1653512855.240131855,-257.148895264,239.682739258,65.061790466,0.343559951,0.938538551,-0.002425978,0.033257529
1653512855.307173014,-259.535675049,241.532684326,65.395019531,0.341245830,0.939371943,-0.002851129,0.033518478
1653512855.373604774,-259.535675049,241.532684326,65.395019531,0.341245830,0.939371943,-0.002851129,0.033518478
1653512855.440690041,-262.144561768,243.506042480,65.721679688,0.339613199,0.939926267,-0.002897462,0.034541830
1653512855.506908655,-262.144561768,243.506042480,65.721679688,0.339613199,0.939926267,-0.002897462,0.034541830
1653512855.573400974,-264.877166748,245.549804688,66.044929504,0.338141143,0.940392733,-0.002228110,0.036291201
1653512855.640138149,-264.877166748,245.549804688,66.044929504,0.338141143,0.940392733,-0.002228110,0.036291201
1653512855.707227945,-267.054382324,247.317489624,66.379486084,0.337644160,0.940573514,-0.001287322,0.036279418
1653512855.773882627,-267.054382324,247.317489624,66.379486084,0.337644160,0.940573514,-0.001287322,0.036279418
1653512855.840077162,-269.282897949,249.130889893,66.709922791,0.338581055,0.940229654,0.000818715,0.036473986
1653512855.910607100,-269.282897949,249.130889893,66.709922791,0.338581055,0.940229654,0.000818715,0.036473986
1653512855.973409176,-272.022644043,251.228713989,67.020889282,0.340010375,0.939640880,0.002685677,0.038220264
1653512856.040306091,-272.022644043,251.228713989,67.020889282,0.340010375,0.939640880,0.002685677,0.038220264
1653512856.107012749,-274.186370850,253.021759033,67.353530884,0.341109872,0.939255834,0.004594963,0.037701249
1653512856.174962997,-274.186370850,253.021759033,67.353530884,0.341109872,0.939255834,0.004594963,0.037701249
1653512856.239984035,-276.734313965,255.013900757,67.671142578,0.342098236,0.938846052,0.006455802,0.038668342
1653512856.307122231,-276.734313965,255.013900757,67.671142578,0.342098236,0.938846052,0.006455802,0.038668342
1653512856.373892784,-279.213684082,256.951690674,67.991333008,0.340872705,0.939272404,0.007229316,0.038998995
1653512856.440026045,-279.213684082,256.951690674,67.991333008,0.340872705,0.939272404,0.007229316,0.038998995
1653512856.506756783,-281.590545654,258.810485840,68.309066772,0.337941855,0.940311491,0.008192700,0.039274551
1653512856.573977709,-281.590545654,258.810485840,68.309066772,0.337941855,0.940311491,0.008192700,0.039274551
1653512856.640237331,-284.415161133,260.896911621,68.605285645,0.334774256,0.941391170,0.008393020,0.040476806
1653512856.707677841,-284.415161133,260.896911621,68.605285645,0.334774256,0.941391170,0.008393020,0.040476806
1653512856.774567842,-286.719390869,262.707092285,68.923782349,0.331054002,0.942714512,0.008999072,0.040145051
1653512856.840320110,-286.719390869,262.707092285,68.923782349,0.331054002,0.942714512,0.008999072,0.040145051
1653512856.906720638,-289.321838379,264.674102783,69.231094360,0.327887207,0.943775117,0.010462898,0.040853400
1653512856.973795891,-289.321838379,264.674102783,69.231094360,0.327887207,0.943775117,0.010462898,0.040853400
1653512857.040126085,-292.252014160,266.818237305,69.524085999,0.325510412,0.944531977,0.011706481,0.042014502
1653512857.107126951,-292.252014160,266.818237305,69.524085999,0.325510412,0.944531977,0.011706481,0.042014502
1653512857.175077200,-294.801422119,268.751770020,69.842864990,0.323135346,0.945326388,0.013457628,0.041957479
1653512857.240763664,-294.801422119,268.751770020,69.842864990,0.323135346,0.945326388,0.013457628,0.041957479
1653512857.307958126,-297.630126953,270.825622559,70.154319763,0.320855439,0.946015179,0.015969263,0.043035012
1653512857.373913765,-297.630126953,270.825622559,70.154319763,0.320855439,0.946015179,0.015969263,0.043035012
1653512857.440680265,-300.625000000,272.971008301,70.456596375,0.318437129,0.946754336,0.018032121,0.043919060
1653512857.507310629,-300.625000000,272.971008301,70.456596375,0.318437129,0.946754336,0.018032121,0.043919060
1653512857.574405193,-303.151062012,274.850799561,70.779327393,0.314945132,0.947876215,0.020551888,0.043793567
1653512857.646928310,-303.151062012,274.850799561,70.779327393,0.314945132,0.947876215,0.020551888,0.043793567
1653512857.707074642,-306.360076904,277.073333740,71.073692322,0.310419232,0.949244618,0.023451960,0.044994820
1653512857.773392200,-306.360076904,277.073333740,71.073692322,0.310419232,0.949244618,0.023451960,0.044994820
1653512857.841518402,-308.824310303,278.883728027,71.396980286,0.306236625,0.950558901,0.026209796,0.044384211
1653512857.906689405,-308.824310303,278.883728027,71.396980286,0.306236625,0.950558901,0.026209796,0.044384211
1653512857.973566532,-311.875152588,280.994354248,71.696578979,0.301529408,0.951911867,0.029636800,0.045447700
1653512858.044623613,-311.875152588,280.994354248,71.696578979,0.301529408,0.951911867,0.029636800,0.045447700
1653512858.108480692,-315.059234619,283.159729004,71.983634949,0.297061175,0.953165948,0.032990724,0.046269774
1653512858.173823118,-315.059234619,283.159729004,71.983634949,0.297061175,0.953165948,0.032990724,0.046269774
1653512858.240159273,-317.439849854,284.910369873,72.325134277,0.293390006,0.954199851,0.037469074,0.044955775
1653512858.306724310,-317.439849854,284.910369873,72.325134277,0.293390006,0.954199851,0.037469074,0.044955775
1653512858.373444319,-320.744750977,287.112243652,72.606201172,0.289790303,0.955097556,0.041123446,0.046033889
1653512858.440096617,-320.744750977,287.112243652,72.606201172,0.289790303,0.955097556,0.041123446,0.046033889
1653512858.506766796,-323.562042236,289.058197021,72.925422668,0.286529124,0.955915034,0.045114227,0.045740895
1653512858.573440075,-323.562042236,289.058197021,72.925422668,0.286529124,0.955915034,0.045114227,0.045740895
1653512858.640243292,-326.113922119,290.856048584,73.258529663,0.284470886,0.956405520,0.049035851,0.044274502
1653512858.706696272,-326.113922119,290.856048584,73.258529663,0.284470886,0.956405520,0.049035851,0.044274502
1653512858.774981737,-329.254272461,292.935913086,73.564315796,0.281666577,0.957077622,0.051977731,0.044324916
1653512858.844526768,-329.254272461,292.935913086,73.564315796,0.281666577,0.957077622,0.051977731,0.044324916
1653512858.906967163,-332.234161377,294.912719727,73.891082764,0.278606057,0.957839251,0.055066995,0.043476764
1653512858.973641872,-332.234161377,294.912719727,73.891082764,0.278606057,0.957839251,0.055066995,0.043476764
1653512859.040619373,-334.860290527,296.663909912,74.234405518,0.275981754,0.958494902,0.057847142,0.042134311
1653512859.106847763,-334.860290527,296.663909912,74.234405518,0.275981754,0.958494902,0.057847142,0.042134311
1653512859.176100969,-337.982788086,298.649169922,74.559593201,0.272426307,0.959467888,0.059215285,0.041217335
1653512859.242381334,-337.982788086,298.649169922,74.559593201,0.272426307,0.959467888,0.059215285,0.041217335
1653512859.306977034,-340.809631348,300.461395264,74.912963867,0.268987894,0.960450590,0.060406156,0.039131656
1653512859.373625517,-340.809631348,300.461395264,74.912963867,0.268987894,0.960450590,0.060406156,0.039131656
1653512859.441655397,-344.021026611,302.435119629,75.228569031,0.266361952,0.961159170,0.061492056,0.037987676
1653512859.506680250,-344.021026611,302.435119629,75.228569031,0.266361952,0.961159170,0.061492056,0.037987676
1653512859.573689461,-346.921997070,304.245544434,75.576202393,0.263566852,0.961911559,0.062770635,0.036310878
1653512859.641187429,-346.921997070,304.245544434,75.576202393,0.263566852,0.961911559,0.062770635,0.036310878
1653512859.707684755,-349.990386963,306.090698242,75.896766663,0.260635644,0.962682903,0.063896820,0.035040800
1653512859.773678303,-349.990386963,306.090698242,75.896766663,0.260635644,0.962682903,0.063896820,0.035040800
1653512859.841224909,-353.265472412,308.002899170,76.211952209,0.258387119,0.963252068,0.064771667,0.034440804
1653512859.906991959,-353.265472412,308.002899170,76.211952209,0.258387119,0.963252068,0.064771667,0.034440804
1653512859.973889589,-356.553070068,309.874114990,76.524589539,0.255052835,0.964114487,0.065517575,0.033744894
1653512860.040323257,-356.553070068,309.874114990,76.524589539,0.255052835,0.964114487,0.065517575,0.033744894
1653512860.108338594,-359.951171875,311.764251709,76.824981689,0.251839399,0.964947879,0.065835051,0.033440724
1653512860.173502207,-359.951171875,311.764251709,76.824981689,0.251839399,0.964947879,0.065835051,0.033440724
1653512860.244174719,-363.188751221,313.561828613,77.146224976,0.249341965,0.965607882,0.066349484,0.032058343
1653512860.306789875,-363.188751221,313.561828613,77.146224976,0.249341965,0.965607882,0.066349484,0.032058343
1653512860.373662949,-366.251800537,315.259277344,77.479804993,0.246080786,0.966432154,0.067186043,0.030645804
1653512860.440873146,-366.251800537,315.259277344,77.479804993,0.246080786,0.966432154,0.067186043,0.030645804
1653512860.506752968,-369.784423828,317.122406006,77.759536743,0.243375614,0.967055857,0.068079814,0.030600941
1653512860.573335886,-369.784423828,317.122406006,77.759536743,0.243375614,0.967055857,0.068079814,0.030600941
1653512860.640436888,-372.766479492,318.736724854,78.085166931,0.240937829,0.967644274,0.068898454,0.029436966
1653512860.707747698,-372.766479492,318.736724854,78.085166931,0.240937829,0.967644274,0.068898454,0.029436966
1653512860.773683548,-376.403350830,320.606781006,78.367080688,0.237747848,0.968375862,0.069599308,0.029665476
1653512860.840067387,-376.403350830,320.606781006,78.367080688,0.237747848,0.968375862,0.069599308,0.029665476
1653512860.907969475,-379.591522217,322.269500732,78.669509888,0.234409362,0.969152331,0.070205837,0.029448116
1653512860.974308252,-379.591522217,322.269500732,78.669509888,0.234409362,0.969152331,0.070205837,0.029448116
1653512861.041777849,-382.746887207,323.889434814,78.975708008,0.231228784,0.969828665,0.071944408,0.028100442
1653512861.107114315,-382.746887207,323.889434814,78.975708008,0.231228784,0.969828665,0.071944408,0.028100442
1653512861.173368692,-386.203613281,325.600708008,79.260383606,0.227278262,0.970720768,0.072525956,0.028031064
1653512861.240031004,-386.203613281,325.600708008,79.260383606,0.227278262,0.970720768,0.072525956,0.028031064
1653512861.307602406,-389.204681396,327.102600098,79.559951782,0.223152384,0.971630454,0.073309302,0.027623031
1653512861.376172781,-389.204681396,327.102600098,79.559951782,0.223152384,0.971630454,0.073309302,0.027623031
1653512861.440446854,-392.753082275,328.790527344,79.827522278,0.219289780,0.972457647,0.074060448,0.027443154
1653512861.507236242,-392.753082275,328.790527344,79.827522278,0.219289780,0.972457647,0.074060448,0.027443154
1653512861.574363947,-396.097625732,330.390899658,80.101684570,0.214687601,0.973473191,0.074390955,0.026928723
1653512861.640126228,-396.097625732,330.390899658,80.101684570,0.214687601,0.973473191,0.074390955,0.026928723
1653512861.706907988,-399.265319824,331.896087646,80.389572144,0.209603429,0.974543214,0.075192526,0.026037497
1653512861.777445316,-399.265319824,331.896087646,80.389572144,0.209603429,0.974543214,0.075192526,0.026037497
1653512861.840940475,-402.954803467,333.546997070,80.630859375,0.204838246,0.975519657,0.075514182,0.026462095
1653512861.908067942,-402.954803467,333.546997070,80.630859375,0.204838246,0.975519657,0.075514182,0.026462095
1653512861.974964619,-406.218078613,335.019805908,80.905738831,0.198919237,0.976705670,0.076322176,0.025537083
1653512862.040082455,-406.218078613,335.019805908,80.905738831,0.198919237,0.976705670,0.076322176,0.025537083
1653512862.106858730,-410.163299561,336.658782959,81.137535095,0.192536145,0.977909088,0.076952726,0.026493834
1653512862.173344851,-410.163299561,336.658782959,81.137535095,0.192536145,0.977909088,0.076952726,0.026493834
1653512862.240098953,-413.743743896,338.149841309,81.388572693,0.186875597,0.978981197,0.077409647,0.026098052
1653512862.308087349,-413.743743896,338.149841309,81.388572693,0.186875597,0.978981197,0.077409647,0.026098052
1653512862.373352766,-417.037536621,339.524261475,81.675422668,0.181332082,0.980020404,0.077981025,0.024446983
1653512862.442991734,-417.037536621,339.524261475,81.675422668,0.181332082,0.980020404,0.077981025,0.024446983
1653512862.510988474,-420.980834961,341.067016602,81.923843384,0.175737247,0.980965197,0.078871794,0.024555821
1653512862.573432684,-420.980834961,341.067016602,81.923843384,0.175737247,0.980965197,0.078871794,0.024555821
1653512862.640456676,-424.413452148,342.448394775,82.233200073,0.171136826,0.981704116,0.080277227,0.022906885
1653512862.707584620,-424.413452148,342.448394775,82.233200073,0.171136826,0.981704116,0.080277227,0.022906885
1653512862.773266554,-427.926788330,343.791015625,82.507751465,0.166473880,0.982401073,0.081738785,0.022211637
1653512862.841132641,-427.926788330,343.791015625,82.507751465,0.166473880,0.982401073,0.081738785,0.022211637
1653512862.906924009,-432.245025635,345.341583252,82.748306274,0.161196351,0.983171344,0.082961611,0.022521598
1653512862.974177837,-432.245025635,345.341583252,82.748306274,0.161196351,0.983171344,0.082961611,0.022521598
1653512863.040174961,-435.212249756,346.515533447,83.096466064,0.155984432,0.984073520,0.082962736,0.019629018
1653512863.106941700,-435.212249756,346.515533447,83.096466064,0.155984432,0.984073520,0.082962736,0.019629018
1653512863.173648119,-438.970855713,347.858062744,83.386894226,0.149895191,0.984877527,0.084770955,0.019014010
1653512863.240165949,-438.970855713,347.858062744,83.386894226,0.149895191,0.984877527,0.084770955,0.019014010
1653512863.306677818,-442.668334961,349.149993896,83.696990967,0.143861100,0.985652506,0.086295791,0.018605461
1653512863.373268843,-442.668334961,349.149993896,83.696990967,0.143861100,0.985652506,0.086295791,0.018605461
1653512863.439958811,-445.620269775,350.221069336,84.058189392,0.138534456,0.986311853,0.087897368,0.016468346
1653512863.506558418,-445.620269775,350.221069336,84.058189392,0.138534456,0.986311853,0.087897368,0.016468346
1653512863.574600220,-449.793640137,351.556182861,84.343238831,0.133327320,0.986866355,0.089757740,0.016191073
1653512863.640001774,-449.793640137,351.556182861,84.343238831,0.133327320,0.986866355,0.089757740,0.016191073
1653512863.707355499,-453.268585205,352.709106445,84.698219299,0.128145486,0.987431049,0.091375850,0.014459532
1653512863.773550510,-453.268585205,352.709106445,84.698219299,0.128145486,0.987431049,0.091375850,0.014459532
1653512863.841645479,-456.690185547,353.806640625,85.046562195,0.123232730,0.987808943,0.094168283,0.013398853
1653512863.906699896,-456.690185547,353.806640625,85.046562195,0.123232730,0.987808943,0.094168283,0.013398853
1653512863.973413706,-460.826721191,355.021392822,85.352386475,0.118276387,0.988147974,0.096804410,0.014254795
1653512864.040096045,-460.826721191,355.021392822,85.352386475,0.118276387,0.988147974,0.096804410,0.014254795
1653512864.112591028,-463.958953857,355.985656738,85.712387085,0.113113396,0.988453507,0.099951379,0.013220407
1653512864.173373461,-463.958953857,355.985656738,85.712387085,0.113113396,0.988453507,0.099951379,0.013220407
1653512864.243988752,-468.186340332,357.134765625,86.029777527,0.108035989,0.988740206,0.102566116,0.014184453
1653512864.307255745,-468.186340332,357.134765625,86.029777527,0.108035989,0.988740206,0.102566116,0.014184453
1653512864.373469353,-472.715759277,358.258483887,86.302406311,0.102267854,0.989040315,0.105255879,0.016176669
1653512864.440333366,-472.715759277,358.258483887,86.302406311,0.102267854,0.989040315,0.105255879,0.016176669
1653512864.508420706,-475.892578125,359.104461670,86.658996582,0.096517205,0.989561200,0.105812050,0.016025936
1653512864.574949741,-475.892578125,359.104461670,86.658996582,0.096517205,0.989561200,0.105812050,0.016025936
1653512864.640060425,-480.040161133,360.094116211,86.967414856,0.091194071,0.990098655,0.105317913,0.017216811
1653512864.706957340,-480.040161133,360.094116211,86.967414856,0.091194071,0.990098655,0.105317913,0.017216811
1653512864.773512363,-483.542297363,360.940063477,87.299972534,0.085587457,0.990731478,0.104025066,0.017455179
1653512864.840103149,-483.542297363,360.940063477,87.299972534,0.085587457,0.990731478,0.104025066,0.017455179
1653512864.906654596,-487.566711426,361.826354980,87.601509094,0.079474807,0.991493285,0.101369083,0.018684724
1653512864.973979235,-487.566711426,361.826354980,87.601509094,0.079474807,0.991493285,0.101369083,0.018684724
1653512865.040711880,-491.931610107,362.719818115,87.887542725,0.073739208,0.992085934,0.099672273,0.019837275
1653512865.106712103,-491.931610107,362.719818115,87.887542725,0.073739208,0.992085934,0.099672273,0.019837275
1653512865.174374342,-495.356170654,363.457305908,88.248847961,0.067491964,0.992636383,0.098754883,0.019112958
1653512865.240088224,-495.356170654,363.457305908,88.248847961,0.067491964,0.992636383,0.098754883,0.019112958
1653512865.307990789,-499.601318359,364.247406006,88.547309875,0.060592227,0.993003666,0.099433690,0.019626290
1653512865.373539209,-499.601318359,364.247406006,88.547309875,0.060592227,0.993003666,0.099433690,0.019626290
1653512865.440047979,-503.464050293,364.950256348,88.878150940,0.054251809,0.993298769,0.100297168,0.018837024
1653512865.508740187,-503.464050293,364.950256348,88.878150940,0.054251809,0.993298769,0.100297168,0.018837024
1653512865.574113607,-507.439880371,365.606567383,89.198387146,0.046984248,0.993504226,0.102024578,0.018244950
1653512865.641381502,-507.439880371,365.606567383,89.198387146,0.046984248,0.993504226,0.102024578,0.018244950
1653512865.707381248,-511.562133789,366.241119385,89.520332336,0.039602887,0.993708611,0.103381790,0.016941138
1653512865.773191929,-511.562133789,366.241119385,89.520332336,0.039602887,0.993708611,0.103381790,0.016941138
1653512865.842298985,-515.269104004,366.810028076,89.865592957,0.032694366,0.993792415,0.105443031,0.013765568
1653512865.906948090,-515.269104004,366.810028076,89.865592957,0.032694366,0.993792415,0.105443031,0.013765568
1653512865.973409653,-519.904724121,367.389343262,90.150856018,0.025411701,0.993646204,0.108936168,0.012423161
1653512866.040848732,-519.904724121,367.389343262,90.150856018,0.025411701,0.993646204,0.108936168,0.012423161
1653512866.106967926,-523.705017090,367.891357422,90.486381531,0.018674348,0.993536294,0.111607015,0.008984300
1653512866.174741030,-523.705017090,367.891357422,90.486381531,0.018674348,0.993536294,0.111607015,0.008984300
1653512866.240095615,-527.666076660,368.355072021,90.834503174,0.013248714,0.993390858,0.113913484,0.004768062
1653512866.306711197,-527.666076660,368.355072021,90.834503174,0.013248714,0.993390858,0.113913484,0.004768062
1653512866.373198748,-532.331665039,368.776550293,91.149673462,0.008953635,0.993429244,0.114082523,0.001844210
1653512866.439948559,-532.331665039,368.776550293,91.149673462,0.008953635,0.993429244,0.114082523,0.001844210
1653512866.507191658,-535.894958496,369.142852783,91.554504395,0.003735121,0.993783951,0.111226767,-0.002852431
1653512866.573571444,-535.894958496,369.142852783,91.554504395,0.003735121,0.993783951,0.111226767,-0.002852431
1653512866.640377522,-540.268981934,369.456176758,91.897621155,-0.002385491,0.994147480,0.107901245,-0.004733334
1653512866.707402945,-540.268981934,369.456176758,91.897621155,-0.002385491,0.994147480,0.107901245,-0.004733334
1653512866.773492098,-544.160156250,369.723815918,92.276947021,-0.010810788,0.994621694,0.102796324,-0.006616342
1653512866.839846849,-544.160156250,369.723815918,92.276947021,-0.010810788,0.994621694,0.102796324,-0.006616342
1653512866.906544685,-547.917297363,369.941802979,92.663421631,-0.021058248,0.995012939,0.097182930,-0.007829116
1653512866.973275900,-547.917297363,369.941802979,92.663421631,-0.021058248,0.995012939,0.097182930,-0.007829116
1653512867.040102005,-552.248474121,370.103088379,93.014587402,-0.032500088,0.995142162,0.092569977,-0.008160767
1653512867.106894970,-552.248474121,370.103088379,93.014587402,-0.032500088,0.995142162,0.092569977,-0.008160767
1653512867.173267841,-556.375854492,370.235137939,93.402465820,-0.043713719,0.994957030,0.089866906,-0.008578476
1653512867.240780830,-556.375854492,370.235137939,93.402465820,-0.043713719,0.994957030,0.089866906,-0.008578476
1653512867.307920694,-560.085388184,370.348968506,93.822364807,-0.054200713,0.994461894,0.089565977,-0.009259575
1653512867.374948502,-560.085388184,370.348968506,93.822364807,-0.054200713,0.994461894,0.089565977,-0.009259575
1653512867.439944744,-565.008361816,370.359008789,94.171211243,-0.063905410,0.993682981,0.091866784,-0.008408669
1653512867.506983280,-565.008361816,370.359008789,94.171211243,-0.063905410,0.993682981,0.091866784,-0.008408669
1653512867.574032545,-568.446411133,370.446166992,94.631385803,-0.072316937,0.992827594,0.094488442,-0.011641015
1653512867.640083790,-568.446411133,370.446166992,94.631385803,-0.072316937,0.992827594,0.094488442,-0.011641015
1653512867.706727743,-572.357177734,370.469970703,95.062934875,-0.079114787,0.992101669,0.096346647,-0.013874703
1653512867.773584366,-572.357177734,370.469970703,95.062934875,-0.079114787,0.992101669,0.096346647,-0.013874703
1653512867.840347767,-577.019165039,370.371978760,95.431015015,-0.084791511,0.991510689,0.097489677,-0.014585414
1653512867.907156229,-577.019165039,370.371978760,95.431015015,-0.084791511,0.991510689,0.097489677,-0.014585414
1653512867.973200798,-580.571411133,370.347412109,95.879966736,-0.090514101,0.990981638,0.097244829,-0.017493458
1653512868.040233612,-580.571411133,370.347412109,95.879966736,-0.090514101,0.990981638,0.097244829,-0.017493458
1653512868.107014656,-585.198547363,370.170257568,96.224853516,-0.097203635,0.990322411,0.097629927,-0.016773395
1653512868.173816204,-585.198547363,370.170257568,96.224853516,-0.097203635,0.990322411,0.097629927,-0.016773395
1653512868.240252018,-588.867492676,370.072937012,96.623657227,-0.104495592,0.989623308,0.096961729,-0.018021522
1653512868.307751179,-588.867492676,370.072937012,96.623657227,-0.104495592,0.989623308,0.096961729,-0.018021522
1653512868.374102354,-593.187805176,369.839294434,96.951431274,-0.113049507,0.988784552,0.096165486,-0.016647749
1653512868.440230370,-593.187805176,369.839294434,96.951431274,-0.113049507,0.988784552,0.096165486,-0.016647749
1653512868.506868601,-597.363647461,369.591491699,97.285110474,-0.122198083,0.987832546,0.094854049,-0.016037505
1653512868.573565722,-597.363647461,369.591491699,97.285110474,-0.122198083,0.987832546,0.094854049,-0.016037505
1653512868.640960693,-601.068420410,369.378234863,97.636138916,-0.130153373,0.986962020,0.093276955,-0.016294682
1653512868.706914902,-601.068420410,369.378234863,97.636138916,-0.130153373,0.986962020,0.093276955,-0.016294682
1653512868.773658752,-605.377197266,369.032836914,97.945785522,-0.137491912,0.986110687,0.091921158,-0.015239542
1653512868.842586756,-605.377197266,369.032836914,97.945785522,-0.137491912,0.986110687,0.091921158,-0.015239542
1653512868.907688379,-609.585754395,368.662200928,98.260192871,-0.143786356,0.985342801,0.090668373,-0.014293399
1653512868.977604389,-609.585754395,368.662200928,98.260192871,-0.143786356,0.985342801,0.090668373,-0.014293399
1653512869.040369987,-613.638244629,368.272064209,98.598091125,-0.149617702,0.984611273,0.089128107,-0.014540131
1653512869.107024670,-613.638244629,368.272064209,98.598091125,-0.149617702,0.984611273,0.089128107,-0.014540131
1653512869.173470974,-617.661376953,367.845489502,98.935379028,-0.155508205,0.983857393,0.087276950,-0.014985449
1653512869.239970684,-617.661376953,367.845489502,98.935379028,-0.155508205,0.983857393,0.087276950,-0.014985449
1653512869.306935549,-621.410644531,367.448181152,99.292465210,-0.161786944,0.983031452,0.084964998,-0.015973410
1653512869.373974085,-621.410644531,367.448181152,99.292465210,-0.161786944,0.983031452,0.084964998,-0.015973410
1653512869.440958261,-625.996154785,366.807586670,99.594200134,-0.168525293,0.981871843,0.085387006,-0.015360662
1653512869.509685993,-625.996154785,366.807586670,99.594200134,-0.168525293,0.981871843,0.085387006,-0.015360662
1653512869.574013472,-630.082519531,366.224578857,99.938095093,-0.176627010,0.980349720,0.086509064,-0.015282002
1653512869.641179323,-630.082519531,366.224578857,99.938095093,-0.176627010,0.980349720,0.086509064,-0.015282002
1653512869.707312346,-634.044921875,365.612670898,100.277069092,-0.184567273,0.978678823,0.088711336,-0.015907191
1653512869.773610830,-634.044921875,365.612670898,100.277069092,-0.184567273,0.978678823,0.088711336,-0.015907191
1653512869.840641260,-638.463378906,364.842407227,100.591468811,-0.192280248,0.976873338,0.092195876,-0.015708288
1653512869.906605959,-638.463378906,364.842407227,100.591468811,-0.192280248,0.976873338,0.092195876,-0.015708288
1653512869.976892710,-642.327636719,364.187408447,100.948928833,-0.199466914,0.975033760,0.096101232,-0.016931223
1653512870.039963007,-642.327636719,364.187408447,100.948928833,-0.199466914,0.975033760,0.096101232,-0.016931223
1653512870.107197046,-646.580749512,363.381134033,101.295829773,-0.206028834,0.973050356,0.101921335,-0.018363608
1653512870.173145294,-646.580749512,363.381134033,101.295829773,-0.206028834,0.973050356,0.101921335,-0.018363608
1653512870.240261316,-650.617980957,362.596771240,101.629135132,-0.210978791,0.971463501,0.106574506,-0.019711239
1653512870.307783604,-650.617980957,362.596771240,101.629135132,-0.210978791,0.971463501,0.106574506,-0.019711239
1653512870.373294592,-654.194885254,361.916351318,102.000236511,-0.215901941,0.969889343,0.110518642,-0.022059353
1653512870.440109015,-654.194885254,361.916351318,102.000236511,-0.215901941,0.969889343,0.110518642,-0.022059353
1653512870.506791830,-658.232360840,361.065765381,102.329269409,-0.220513418,0.968425035,0.113977827,-0.023148188
1653512870.573102951,-658.232360840,361.065765381,102.329269409,-0.220513418,0.968425035,0.113977827,-0.023148188
1653512870.639795542,-662.524719238,360.072204590,102.650177002,-0.224574625,0.967094839,0.117063083,-0.024291590
1653512870.706570148,-662.524719238,360.072204590,102.650177002,-0.224574625,0.967094839,0.117063083,-0.024291590
1653512870.773661375,-665.928771973,359.304687500,103.024742126,-0.228666842,0.965874612,0.118816599,-0.026082451
1653512870.839972973,-665.928771973,359.304687500,103.024742126,-0.228666842,0.965874612,0.118816599,-0.026082451
1653512870.907380104,-669.952148438,358.280761719,103.345428467,-0.233744875,0.964532018,0.119870692,-0.025929071
1653512870.973233700,-669.952148438,358.280761719,103.345428467,-0.233744875,0.964532018,0.119870692,-0.025929071
1653512871.040435076,-673.309265137,357.441192627,103.702140808,-0.239108324,0.963268220,0.119190186,-0.027116068
1653512871.111340046,-673.309265137,357.441192627,103.702140808,-0.239108324,0.963268220,0.119190186,-0.027116068
1653512871.173451424,-677.356445312,356.294830322,103.995452881,-0.244962305,0.961806953,0.119353868,-0.025990937
1653512871.240026712,-677.356445312,356.294830322,103.995452881,-0.244962305,0.961806953,0.119353868,-0.025990937
1653512871.306786776,-681.268859863,355.148529053,104.300003052,-0.251495779,0.960324287,0.117931627,-0.024884267
1653512871.374590158,-681.268859863,355.148529053,104.300003052,-0.251495779,0.960324287,0.117931627,-0.024884267
1653512871.440555096,-684.334472656,354.273590088,104.662315369,-0.257537127,0.958955348,0.115763180,-0.026040429
1653512871.508135557,-684.334472656,354.273590088,104.662315369,-0.257537127,0.958955348,0.115763180,-0.026040429
1653512871.573366165,-689.075866699,352.651641846,104.903282166,-0.263358712,0.957414925,0.116056226,-0.023017447
1653512871.640852928,-689.075866699,352.651641846,104.903282166,-0.263358712,0.957414925,0.116056226,-0.023017447
1653512871.706549644,-692.491882324,351.512542725,105.246719360,-0.269418627,0.955899358,0.114350542,-0.024372203
1653512871.775721550,-692.491882324,351.512542725,105.246719360,-0.269418627,0.955899358,0.114350542,-0.024372203
1653512871.842490196,-696.566223145,350.028686523,105.543838501,-0.275165200,0.954262853,0.114273675,-0.024658611
1653512871.907917261,-696.566223145,350.028686523,105.543838501,-0.275165200,0.954262853,0.114273675,-0.024658611
1653512871.976842642,-700.201599121,348.693389893,105.887481689,-0.281351656,0.952392757,0.114500716,-0.026054682
1653512872.039925814,-700.201599121,348.693389893,105.887481689,-0.281351656,0.952392757,0.114500716,-0.026054682
1653512872.107370853,-703.609558105,347.424194336,106.222808838,-0.287814558,0.950334251,0.115121216,-0.027834246
1653512872.175839424,-703.609558105,347.424194336,106.222808838,-0.287814558,0.950334251,0.115121216,-0.027834246
1653512872.240648746,-707.364562988,345.921661377,106.506896973,-0.293932527,0.948168039,0.117176719,-0.029166548
1653512872.307613611,-707.364562988,345.921661377,106.506896973,-0.293932527,0.948168039,0.117176719,-0.029166548
1653512872.373191357,-711.079895020,344.409973145,106.809120178,-0.300669044,0.945786655,0.118772984,-0.031284757
1653512872.443640471,-711.079895020,344.409973145,106.809120178,-0.300669044,0.945786655,0.118772984,-0.031284757
1653512872.507264376,-714.367370605,343.045379639,107.132980347,-0.307217121,0.943409264,0.120176040,-0.033975478
1653512872.578096390,-714.367370605,343.045379639,107.132980347,-0.307217121,0.943409264,0.120176040,-0.033975478
1653512872.640027285,-718.441528320,341.223907471,107.403373718,-0.313768774,0.940930128,0.122241884,-0.035448197
1653512872.707000494,-718.441528320,341.223907471,107.403373718,-0.313768774,0.940930128,0.122241884,-0.035448197
1653512872.773984432,-721.703857422,339.765289307,107.733940125,-0.320519388,0.938402653,0.123216607,-0.038541835
1653512872.843656778,-721.703857422,339.765289307,107.733940125,-0.320519388,0.938402653,0.123216607,-0.038541835
1653512872.907640457,-724.672180176,338.425537109,108.074081421,-0.327490658,0.935778379,0.123849832,-0.041592285
1653512872.973355293,-724.672180176,338.425537109,108.074081421,-0.327490658,0.935778379,0.123849832,-0.041592285
1653512873.039839268,-728.722167969,336.403381348,108.326736450,-0.334151477,0.932977617,0.126875684,-0.042403881
1653512873.107937574,-728.722167969,336.403381348,108.326736450,-0.334151477,0.932977617,0.126875684,-0.042403881
1653512873.174323797,-731.679077148,334.934814453,108.667976379,-0.340899646,0.930182993,0.128411949,-0.045358416
1653512873.243771315,-731.679077148,334.934814453,108.667976379,-0.340899646,0.930182993,0.128411949,-0.045358416
1653512873.306689501,-735.326416016,332.997741699,108.956329346,-0.348191202,0.927070856,0.130751520,-0.046974566
1653512873.373358488,-735.326416016,332.997741699,108.956329346,-0.348191202,0.927070856,0.130751520,-0.046974566
1653512873.444758892,-738.662048340,331.192413330,109.268501282,-0.355566591,0.923959374,0.131877825,-0.049797177
1653512873.507133245,-738.662048340,331.192413330,109.268501282,-0.355566591,0.923959374,0.131877825,-0.049797177
1653512873.573613882,-741.787780762,329.452484131,109.620178223,-0.362552702,0.920868695,0.133111522,-0.053270519
1653512873.642275333,-741.787780762,329.452484131,109.620178223,-0.362552702,0.920868695,0.133111522,-0.053270519
1653512873.707255125,-745.630187988,327.133026123,109.881301880,-0.369385570,0.917690933,0.135494351,-0.055126000
1653512873.775221109,-745.630187988,327.133026123,109.881301880,-0.369385570,0.917690933,0.135494351,-0.055126000
1653512873.841824293,-748.269531250,325.570709229,110.280685425,-0.375711024,0.914887607,0.135135069,-0.059668910
1653512873.906467676,-748.269531250,325.570709229,110.280685425,-0.375711024,0.914887607,0.135135069,-0.059668910
1653512873.974205256,-751.754150391,323.334991455,110.599105835,-0.382557005,0.911713183,0.136275619,-0.062114093
1653512874.039900541,-751.754150391,323.334991455,110.599105835,-0.382557005,0.911713183,0.136275619,-0.062114093
1653512874.106947422,-754.939270020,321.239379883,110.943527222,-0.389383227,0.908462644,0.137618601,-0.064323172
1653512874.173676014,-754.939270020,321.239379883,110.943527222,-0.389383227,0.908462644,0.137618601,-0.064323172
1653512874.240071058,-757.908264160,319.231933594,111.306373596,-0.395685792,0.905354500,0.138611034,-0.067475997
1653512874.307014227,-757.908264160,319.231933594,111.306373596,-0.395685792,0.905354500,0.138611034,-0.067475997
1653512874.373239040,-760.997802734,317.065490723,111.661598206,-0.402456939,0.901986957,0.139420927,-0.070779867
1653512874.439950228,-760.997802734,317.065490723,111.661598206,-0.402456939,0.901986957,0.139420927,-0.070779867
1653512874.506542683,-763.858154297,315.006500244,112.035179138,-0.409114599,0.898768187,0.139725506,-0.072922796
1653512874.573384285,-763.858154297,315.006500244,112.035179138,-0.409114599,0.898768187,0.139725506,-0.072922796
1653512874.642932653,-766.874023438,312.745361328,112.394615173,-0.415302426,0.895847738,0.139535993,-0.074232347
1653512874.706570148,-766.874023438,312.745361328,112.394615173,-0.415302426,0.895847738,0.139535993,-0.074232347
1653512874.774255276,-770.216613770,310.128448486,112.750617981,-0.422012925,0.892678320,0.139623463,-0.074403070
1653512874.840053558,-770.216613770,310.128448486,112.750617981,-0.422012925,0.892678320,0.139623463,-0.074403070
1653512874.906624317,-772.600585938,308.245910645,113.178634644,-0.428790629,0.889629841,0.137320355,-0.076422803
1653512874.973780394,-772.600585938,308.245910645,113.178634644,-0.428790629,0.889629841,0.137320355,-0.076422803
1653512875.045550823,-775.510498047,305.801910400,113.544586182,-0.436415732,0.886105001,0.136166409,-0.076275788
1653512875.106954575,-775.510498047,305.801910400,113.544586182,-0.436415732,0.886105001,0.136166409,-0.076275788
1653512875.176427603,-778.578186035,303.120025635,113.934020996,-0.444936097,0.882137835,0.134814650,-0.075430170
1653512875.239997864,-778.578186035,303.120025635,113.934020996,-0.444936097,0.882137835,0.134814650,-0.075430170
1653512875.308443308,-780.961425781,301.000732422,114.342048645,-0.453234792,0.878031671,0.133870721,-0.075612091
1653512875.373127222,-780.961425781,301.000732422,114.342048645,-0.453234792,0.878031671,0.133870721,-0.075612091
1653512875.440358162,-783.879211426,298.300384521,114.687904358,-0.462067187,0.873570323,0.133630231,-0.074241467
1653512875.506986618,-783.879211426,298.300384521,114.687904358,-0.462067187,0.873570323,0.133630231,-0.074241467
1653512875.573491812,-786.324340820,296.003021240,115.084930420,-0.470871806,0.869254351,0.131633937,-0.073137820
1653512875.640551329,-786.324340820,296.003021240,115.084930420,-0.470871806,0.869254351,0.131633937,-0.073137820
1653512875.707381725,-789.043273926,293.319305420,115.451278687,-0.479856789,0.864489257,0.131072238,-0.072220653
1653512875.776346445,-789.043273926,293.319305420,115.451278687,-0.479856789,0.864489257,0.131072238,-0.072220653
1653512875.840146065,-791.625610352,290.701751709,115.834999084,-0.488124818,0.860001862,0.130168319,-0.072021939
1653512875.906533957,-791.625610352,290.701751709,115.834999084,-0.488124818,0.860001862,0.130168319,-0.072021939
1653512875.973467350,-794.209594727,288.004760742,116.207252502,-0.496345848,0.855295420,0.129624963,-0.072855115
1653512876.039819479,-794.209594727,288.004760742,116.207252502,-0.496345848,0.855295420,0.129624963,-0.072855115
1653512876.106518030,-797.037963867,284.897552490,116.554656982,-0.504573226,0.850244164,0.130871609,-0.073234767
1653512876.174315214,-797.037963867,284.897552490,116.554656982,-0.504573226,0.850244164,0.130871609,-0.073234767
1653512876.240056515,-799.251892090,282.447998047,116.973236084,-0.511641979,0.845812678,0.130445883,-0.076205648
1653512876.308624268,-799.251892090,282.447998047,116.973236084,-0.511641979,0.845812678,0.130445883,-0.076205648
1653512876.373125076,-801.761474609,279.541778564,117.339179993,-0.518405557,0.841479838,0.130754799,-0.077913746
1653512876.441427231,-801.761474609,279.541778564,117.339179993,-0.518405557,0.841479838,0.130754799,-0.077913746
1653512876.507260323,-804.269592285,276.522125244,117.699325562,-0.525062740,0.837006807,0.131950751,-0.079484411
1653512876.573557377,-804.269592285,276.522125244,117.699325562,-0.525062740,0.837006807,0.131950751,-0.079484411
1653512876.640880585,-806.453552246,273.872100830,118.092376709,-0.531401336,0.832645655,0.132280365,-0.082557395
1653512876.706779003,-806.453552246,273.872100830,118.092376709,-0.531401336,0.832645655,0.132280365,-0.082557395
1653512876.775049925,-809.156494141,270.358703613,118.402908325,-0.537975609,0.827948391,0.134613022,-0.083445095
1653512876.845124006,-809.156494141,270.358703613,118.402908325,-0.537975609,0.827948391,0.134613022,-0.083445095
1653512876.907261610,-811.234436035,267.685119629,118.799842834,-0.544597387,0.823322415,0.134690121,-0.086095676
1653512876.973346472,-811.234436035,267.685119629,118.799842834,-0.544597387,0.823322415,0.134690121,-0.086095676
1653512877.040088892,-813.304077148,264.922515869,119.161201477,-0.551363111,0.818533480,0.134224206,-0.089361876
1653512877.108302355,-813.304077148,264.922515869,119.161201477,-0.551363111,0.818533480,0.134224206,-0.089361876
1653512877.173493862,-815.471496582,261.903137207,119.499961853,-0.558450937,0.813521624,0.134882480,-0.090121247
1653512877.239798307,-815.471496582,261.903137207,119.499961853,-0.558450937,0.813521624,0.134882480,-0.090121247
1653512877.310629606,-817.671875000,258.672668457,119.825843811,-0.565565407,0.808360398,0.135935083,-0.090613917
1653512877.377589703,-817.671875000,258.672668457,119.825843811,-0.565565407,0.808360398,0.135935083,-0.090613917
1653512877.441233397,-819.647399902,255.669082642,120.188163757,-0.572736442,0.803122163,0.135843948,-0.092272319
1653512877.507687330,-819.647399902,255.669082642,120.188163757,-0.572736442,0.803122163,0.135843948,-0.092272319
1653512877.574064493,-821.552795410,252.647888184,120.509811401,-0.579672337,0.798202515,0.135714427,-0.091838293
1653512877.640163183,-821.552795410,252.647888184,120.509811401,-0.579672337,0.798202515,0.135714427,-0.091838293
1653512877.706672430,-823.484558105,249.460845947,120.819664001,-0.586776793,0.792970240,0.135915175,-0.091751441
1653512877.773249388,-823.484558105,249.460845947,120.819664001,-0.586776793,0.792970240,0.135915175,-0.091751441
1653512877.840425730,-825.314270020,246.320007324,121.125358582,-0.593056381,0.788157344,0.136074528,-0.092605852
1653512877.906515598,-825.314270020,246.320007324,121.125358582,-0.593056381,0.788157344,0.136074528,-0.092605852
1653512877.973245144,-827.164001465,243.005386353,121.419097900,-0.599891245,0.783021748,0.135799676,-0.092551909
1653512878.039705992,-827.164001465,243.005386353,121.419097900,-0.599891245,0.783021748,0.135799676,-0.092551909
1653512878.106561899,-828.802368164,239.975616455,121.732200623,-0.606463253,0.778006673,0.134768888,-0.093515992
1653512878.173329592,-828.802368164,239.975616455,121.732200623,-0.606463253,0.778006673,0.134768888,-0.093515992
1653512878.239793777,-830.744995117,236.145156860,121.977058411,-0.612357199,0.773199677,0.135824770,-0.093448013
1653512878.308558702,-830.744995117,236.145156860,121.977058411,-0.612357199,0.773199677,0.135824770,-0.093448013
1653512878.373348475,-832.183532715,233.244796753,122.305465698,-0.618315339,0.768521547,0.134275675,-0.095030904
1653512878.439963102,-832.183532715,233.244796753,122.305465698,-0.618315339,0.768521547,0.134275675,-0.095030904
1653512878.507603168,-833.919555664,229.449752808,122.544151306,-0.624843776,0.763200343,0.134436622,-0.094985612
1653512878.573255301,-833.919555664,229.449752808,122.544151306,-0.624843776,0.763200343,0.134436622,-0.094985612
1653512878.640227795,-835.371276855,226.164962769,122.835494995,-0.630576551,0.758587360,0.132744521,-0.096422501
1653512878.706390381,-835.371276855,226.164962769,122.835494995,-0.630576551,0.758587360,0.132744521,-0.096422501
1653512878.773425102,-836.599182129,223.346115112,123.148040771,-0.636993527,0.753633440,0.129490495,-0.097509466
1653512878.840055466,-836.599182129,223.346115112,123.148040771,-0.636993527,0.753633440,0.129490495,-0.097509466
1653512878.907286167,-838.108459473,219.592208862,123.361335754,-0.643611610,0.748120546,0.129258260,-0.096809559
1653512878.973066092,-838.108459473,219.592208862,123.361335754,-0.643611610,0.748120546,0.129258260,-0.096809559
1653512879.040608406,-839.452270508,216.055694580,123.604972839,-0.649983644,0.742634416,0.128343374,-0.097690068
1653512879.108667612,-839.452270508,216.055694580,123.604972839,-0.649983644,0.742634416,0.128343374,-0.097690068
1653512879.173258066,-840.637512207,212.741333008,123.858085632,-0.656088889,0.737272739,0.127189845,-0.098990194
1653512879.239745617,-840.637512207,212.741333008,123.858085632,-0.656088889,0.737272739,0.127189845,-0.098990194
1653512879.306729078,-841.852233887,209.189743042,124.083389282,-0.662061334,0.732016981,0.125887662,-0.099890947
1653512879.373306513,-841.852233887,209.189743042,124.083389282,-0.662061334,0.732016981,0.125887662,-0.099890947
1653512879.440283298,-842.963623047,205.844879150,124.327827454,-0.667770028,0.726965785,0.124102041,-0.101007856
1653512879.506860495,-842.963623047,205.844879150,124.327827454,-0.667770028,0.726965785,0.124102041,-0.101007856
1653512879.574419737,-844.054748535,202.364074707,124.548408508,-0.673444092,0.721554458,0.123699166,-0.102619372
1653512879.641397476,-844.054748535,202.364074707,124.548408508,-0.673444092,0.721554458,0.123699166,-0.102619372
1653512879.706654549,-845.058288574,199.019958496,124.772445679,-0.678855062,0.716516018,0.122631535,-0.103547402
1653512879.773302078,-845.058288574,199.019958496,124.772445679,-0.678855062,0.716516018,0.122631535,-0.103547402
1653512879.840375662,-845.997619629,195.686370850,124.967475891,-0.683812857,0.712192833,0.121025473,-0.102636047
1653512879.906545639,-845.997619629,195.686370850,124.967475891,-0.683812857,0.712192833,0.121025473,-0.102636047
1653512879.973346949,-846.914916992,192.143203735,125.136459351,-0.688846231,0.707920611,0.118967414,-0.100925833
1653512880.040669680,-846.914916992,192.143203735,125.136459351,-0.688846231,0.707920611,0.118967414,-0.100925833
1653512880.106472969,-847.843139648,188.262649536,125.262054443,-0.693819404,0.703985751,0.116699807,-0.096952893
1653512880.173037529,-847.843139648,188.262649536,125.262054443,-0.693819404,0.703985751,0.116699807,-0.096952893
1653512880.240692854,-848.634338379,184.771728516,125.416709900,-0.698135912,0.700596511,0.113537520,-0.094233513
1653512880.308911562,-848.634338379,184.771728516,125.416709900,-0.698135912,0.700596511,0.113537520,-0.094233513
1653512880.373355150,-849.372619629,181.338226318,125.566078186,0.703018963,-0.696799457,-0.109637581,0.090633728
1653512880.440043211,-849.372619629,181.338226318,125.566078186,0.703018963,-0.696799457,-0.109637581,0.090633728
1653512880.506740808,-849.968750000,178.463699341,125.742759705,0.708009839,-0.692632914,-0.105743513,0.088317811
1653512880.573348045,-849.968750000,178.463699341,125.742759705,0.708009839,-0.692632914,-0.105743513,0.088317811
1653512880.639873505,-850.728759766,174.080596924,125.761207581,0.712839484,-0.688166022,-0.105825283,0.084192447
1653512880.706757545,-850.728759766,174.080596924,125.761207581,0.712839484,-0.688166022,-0.105825283,0.084192447
1653512880.774456501,-851.336547852,170.219146729,125.839302063,0.717861593,-0.683369696,-0.104581453,0.082117558
1653512880.841771603,-851.336547852,170.219146729,125.839302063,0.717861593,-0.683369696,-0.104581453,0.082117558
1653512880.908111334,-851.855041504,166.969528198,125.971008301,0.723202467,-0.678417385,-0.101346977,0.080354378
1653512880.973469734,-851.855041504,166.969528198,125.971008301,0.723202467,-0.678417385,-0.101346977,0.080354378
1653512881.040576220,-852.390441895,163.103408813,126.017959595,0.727919757,-0.673868656,-0.099807449,0.077925324
1653512881.107134104,-852.390441895,163.103408813,126.017959595,0.727919757,-0.673868656,-0.099807449,0.077925324
1653512881.173123121,-852.837402344,159.387130737,126.068412781,0.732540548,-0.669095635,-0.098861240,0.076953292
1653512881.244898796,-852.837402344,159.387130737,126.068412781,0.732540548,-0.669095635,-0.098861240,0.076953292
1653512881.306532383,-853.214111328,156.069183350,126.153358459,0.737116992,-0.664588571,-0.096126288,0.075765297
1653512881.374571800,-853.214111328,156.069183350,126.153358459,0.737116992,-0.664588571,-0.096126288,0.075765297
1653512881.440124512,-853.598632812,151.999206543,126.153518677,0.741211772,-0.660377383,-0.094977349,0.074067988
1653512881.506663322,-853.598632812,151.999206543,126.153518677,0.741211772,-0.660377383,-0.094977349,0.074067988
1653512881.573902607,-853.921936035,148.648742676,126.231315613,0.744996190,-0.656560957,-0.092391632,0.073294982
1653512881.640220881,-853.921936035,148.648742676,126.231315613,0.744996190,-0.656560957,-0.092391632,0.073294982
1653512881.706693888,-854.220458984,144.717315674,126.233818054,0.748740613,-0.652616680,-0.090915836,0.072202750
1653512881.773117304,-854.220458984,144.717315674,126.233818054,0.748740613,-0.652616680,-0.090915836,0.072202750
1653512881.839927912,-854.468200684,141.434600830,126.299095154,0.751751065,-0.649624407,-0.088036612,0.071470775
1653512881.906690359,-854.468200684,141.434600830,126.299095154,0.751751065,-0.649624407,-0.088036612,0.071470775
1653512881.973837376,-854.655639648,137.275405884,126.254562378,0.755085886,-0.646065652,-0.087169938,0.069612101
1653512882.039797783,-854.655639648,137.275405884,126.254562378,0.755085886,-0.646065652,-0.087169938,0.069612101
1653512882.108576775,-854.825683594,133.942718506,126.305999756,0.758327007,-0.642786860,-0.084332272,0.068214692
1653512882.173222542,-854.825683594,133.942718506,126.305999756,0.758327007,-0.642786860,-0.084332272,0.068214692
1653512882.241312981,-854.903015137,129.696899414,126.242256165,0.761804998,-0.639006674,-0.083301388,0.066215478
1653512882.306300163,-854.903015137,129.696899414,126.242256165,0.761804998,-0.639006674,-0.083301388,0.066215478
1653512882.373183250,-854.936645508,125.815055847,126.217742920,0.765612245,-0.634851456,-0.081199370,0.064870611
1653512882.440010071,-854.936645508,125.815055847,126.217742920,0.765612245,-0.634851456,-0.081199370,0.064870611
1653512882.506343126,-855.008544922,122.825477600,126.281959534,0.769417763,-0.630873322,-0.077081822,0.063667707
1653512882.580049992,-855.008544922,122.825477600,126.281959534,0.769417763,-0.630873322,-0.077081822,0.063667707
1653512882.640448332,-854.999938965,119.074043274,126.243446350,0.773224115,-0.626642823,-0.074580491,0.062297471
1653512882.706309080,-854.999938965,119.074043274,126.243446350,0.773224115,-0.626642823,-0.074580491,0.062297471
1653512882.773041487,-854.876037598,114.703674316,126.147483826,0.776831686,-0.622333050,-0.074380077,0.060841288
1653512882.839809895,-854.876037598,114.703674316,126.147483826,0.776831686,-0.622333050,-0.074380077,0.060841288
1653512882.906400204,-854.796875000,111.197410583,126.152549744,0.780365467,-0.618242860,-0.071815975,0.060398340
1653512882.974159479,-854.796875000,111.197410583,126.152549744,0.780365467,-0.618242860,-0.071815975,0.060398340
1653512883.040641308,-854.640869141,107.295989990,126.101715088,0.783259392,-0.614867687,-0.070066735,0.059440423
1653512883.106250763,-854.640869141,107.295989990,126.101715088,0.783259392,-0.614867687,-0.070066735,0.059440423
1653512883.174281836,-854.499816895,103.728263855,126.095466614,0.786234319,-0.611403286,-0.067258857,0.059142623
1653512883.240564585,-854.499816895,103.728263855,126.095466614,0.786234319,-0.611403286,-0.067258857,0.059142623
1653512883.307074785,-854.300231934,100.002357483,126.061080933,0.789243519,-0.607822418,-0.064756133,0.058764309
1653512883.373396397,-854.300231934,100.002357483,126.061080933,0.789243519,-0.607822418,-0.064756133,0.058764309
1653512883.440044880,-853.994018555,95.910079956,125.978668213,0.791704655,-0.604839742,-0.062510513,0.058865104
1653512883.506285906,-853.994018555,95.910079956,125.978668213,0.791704655,-0.604839742,-0.062510513,0.058865104
1653512883.573008299,-853.774353027,92.523124695,125.986259460,0.794465840,-0.601516724,-0.058479462,0.059848197
1653512883.644516230,-853.774353027,92.523124695,125.986259460,0.794465840,-0.601516724,-0.058479462,0.059848197
1653512883.707282543,-853.476074219,88.803382874,125.940902710,0.797188580,-0.598265409,-0.054685403,0.059819896
1653512883.773544312,-853.476074219,88.803382874,125.940902710,0.797188580,-0.598265409,-0.054685403,0.059819896
1653512883.840317488,-853.112548828,84.926536560,125.880027771,0.799387336,-0.595616400,-0.050921410,0.060233053
1653512883.907147646,-853.112548828,84.926536560,125.880027771,0.799387336,-0.595616400,-0.050921410,0.060233053
1653512883.973632574,-852.702880859,81.048797607,125.813667297,0.801603973,-0.592925608,-0.047471475,0.060139325
1653512884.040434837,-852.702880859,81.048797607,125.813667297,0.801603973,-0.592925608,-0.047471475,0.060139325
1653512884.107090950,-852.294372559,77.341537476,125.761497498,0.803648710,-0.590541184,-0.043807570,0.059082232
1653512884.173257113,-852.294372559,77.341537476,125.761497498,0.803648710,-0.590541184,-0.043807570,0.059082232
1653512884.240085840,-851.889587402,73.755386353,125.719314575,0.805313528,-0.588632464,-0.040162995,0.058041718
1653512884.306687117,-851.889587402,73.755386353,125.719314575,0.805313528,-0.588632464,-0.040162995,0.058041718
1653512884.374323368,-851.400939941,69.930053711,125.639396667,0.807183385,-0.586491704,-0.037154730,0.055695675
1653512884.439754725,-851.400939941,69.930053711,125.639396667,0.807183385,-0.586491704,-0.037154730,0.055695675
1653512884.506747961,-850.838989258,65.979759216,125.546783447,0.809086204,-0.584232152,-0.034788717,0.053310614
1653512884.573202133,-850.838989258,65.979759216,125.546783447,0.809086204,-0.584232152,-0.034788717,0.053310614
1653512884.640099049,-850.327026367,62.371887207,125.491523743,0.810827672,-0.582250178,-0.031666555,0.050402958
1653512884.707544088,-850.327026367,62.371887207,125.491523743,0.810827672,-0.582250178,-0.031666555,0.050402958
1653512884.773941755,-849.811279297,58.775829315,125.440185547,0.812637985,-0.580187261,-0.028247071,0.046950836
1653512884.841835260,-849.811279297,58.775829315,125.440185547,0.812637985,-0.580187261,-0.028247071,0.046950836
1653512884.908013582,-849.288024902,55.164085388,125.393196106,0.814338982,-0.578226209,-0.024832880,0.043471582
1653512884.974237680,-849.288024902,55.164085388,125.393196106,0.814338982,-0.578226209,-0.024832880,0.043471582
1653512885.039997339,-848.705383301,51.394515991,125.335708618,0.815373003,-0.577131331,-0.021637416,0.040225420
1653512885.106660843,-848.705383301,51.394515991,125.335708618,0.815373003,-0.577131331,-0.021637416,0.040225420
1653512885.173114777,-848.091003418,47.712154388,125.285942078,0.816359282,-0.576039791,-0.018619403,0.037269093
1653512885.240692616,-848.091003418,47.712154388,125.285942078,0.816359282,-0.576039791,-0.018619403,0.037269093
1653512885.308707714,-847.416687012,43.937294006,125.228561401,0.817389905,-0.574835062,-0.015307095,0.034699582
1653512885.373093367,-847.416687012,43.937294006,125.228561401,0.817389905,-0.574835062,-0.015307095,0.034699582
1653512885.439871550,-846.789184570,40.312370300,125.203605652,0.818159938,-0.573866963,-0.011867342,0.033914790
1653512885.506706953,-846.789184570,40.312370300,125.203605652,0.818159938,-0.573866963,-0.011867342,0.033914790
1653512885.573730230,-846.070922852,36.514953613,125.141899109,0.818931937,-0.572750032,-0.010159463,0.034707986
1653512885.640040874,-846.070922852,36.514953613,125.141899109,0.818931937,-0.572750032,-0.010159463,0.034707986
1653512885.709414721,-845.265014648,32.512199402,125.068901062,0.819750309,-0.571438193,-0.008997296,0.037241448
1653512885.773339033,-845.265014648,32.512199402,125.068901062,0.819750309,-0.571438193,-0.008997296,0.037241448
1653512885.840298653,-844.657287598,29.114143372,125.082633972,0.819942415,-0.571036100,-0.005615314,0.039757758
1653512885.906369209,-844.657287598,29.114143372,125.082633972,0.819942415,-0.571036100,-0.005615314,0.039757758
1653512885.973086834,-843.917602539,25.430164337,125.035530090,0.820128381,-0.570713997,-0.002515475,0.040849082
1653512886.039966106,-843.917602539,25.430164337,125.035530090,0.820128381,-0.570713997,-0.002515475,0.040849082
1653512886.106321812,-843.121826172,21.581811905,124.989875793,0.819853127,-0.571113467,0.000960093,0.040857907
1653512886.173016787,-843.121826172,21.581811905,124.989875793,0.819853127,-0.571113467,0.000960093,0.040857907
1653512886.240726709,-842.287963867,17.673246384,124.942718506,0.819296300,-0.571946740,0.004133019,0.040167030
1653512886.306504965,-842.287963867,17.673246384,124.942718506,0.819296300,-0.571946740,0.004133019,0.040167030
1653512886.373756170,-841.437316895,13.764802933,124.898643494,0.818713546,-0.572844326,0.006672107,0.038897194
1653512886.439655542,-841.437316895,13.764802933,124.898643494,0.818713546,-0.572844326,0.006672107,0.038897194
1653512886.506991863,-840.966430664,10.847332001,124.964630127,0.818371415,-0.573351026,0.010197844,0.037852865
1653512886.573174238,-840.966430664,10.847332001,124.964630127,0.818371415,-0.573351026,0.010197844,0.037852865
1653512886.640841484,-840.172180176,7.144820690,124.909744263,0.817727923,-0.574369073,0.010695498,0.036150295
1653512886.706629992,-840.172180176,7.144820690,124.909744263,0.817727923,-0.574369073,0.010695498,0.036150295
1653512886.772922516,-839.215454102,3.075822353,124.824249268,0.817541718,-0.574751258,0.010575273,0.034274489
1653512886.839991093,-839.215454102,3.075822353,124.824249268,0.817541718,-0.574751258,0.010575273,0.034274489
1653512886.906347752,-838.431823730,-0.492706597,124.804641724,0.817455590,-0.574964285,0.011589046,0.032374635
1653512886.973078966,-838.431823730,-0.492706597,124.804641724,0.817455590,-0.574964285,0.011589046,0.032374635
1653512887.040136099,-837.784240723,-3.761996746,124.824905396,0.817168057,-0.575431585,0.013966304,0.030328339
1653512887.109222651,-837.784240723,-3.761996746,124.824905396,0.817168057,-0.575431585,0.013966304,0.030328339
1653512887.173294306,-837.050842285,-7.249516487,124.814102173,0.817344487,-0.575253427,0.015763788,0.027981862
1653512887.239916801,-837.050842285,-7.249516487,124.814102173,0.817344487,-0.575253427,0.015763788,0.027981862
1653512887.308935881,-836.298828125,-10.751232147,124.801437378,0.817537665,-0.575035512,0.017472586,0.025709787
1653512887.373458147,-836.298828125,-10.751232147,124.801437378,0.817537665,-0.575035512,0.017472586,0.025709787
1653512887.440004826,-835.389343262,-14.647593498,124.754150391,0.817735374,-0.574791551,0.018472187,0.024130689
1653512887.506543398,-835.389343262,-14.647593498,124.754150391,0.817735374,-0.574791551,0.018472187,0.024130689
1653512887.573743105,-834.705749512,-17.940406799,124.770050049,0.818207741,-0.574115753,0.020169973,0.022810241
1653512887.639956951,-834.705749512,-17.940406799,124.770050049,0.818207741,-0.574115753,0.020169973,0.022810241
1653512887.706678629,-833.950866699,-21.398229599,124.766036987,0.818671584,-0.573450804,0.021290235,0.021857571
1653512887.773088932,-833.950866699,-21.398229599,124.766036987,0.818671584,-0.573450804,0.021290235,0.021857571
1653512887.839931965,-833.095214844,-25.042819977,124.731788635,0.818809152,-0.573256910,0.022163242,0.020901261
1653512887.907653809,-833.095214844,-25.042819977,124.731788635,0.818809152,-0.573256910,0.022163242,0.020901261
1653512887.977065086,-832.284362793,-28.559562683,124.709060669,0.819217086,-0.572673976,0.022708932,0.020301711
1653512888.039676905,-832.284362793,-28.559562683,124.709060669,0.819217086,-0.572673976,0.022708932,0.020301711
1653512888.107297421,-831.256958008,-32.569343567,124.635368347,0.819460809,-0.572347164,0.022614243,0.019781083
1653512888.173295498,-831.256958008,-32.569343567,124.635368347,0.819460809,-0.572347164,0.022614243,0.019781083
1653512888.239687920,-830.640014648,-35.622123718,124.650527954,0.819380760,-0.572407544,0.023908356,0.019827245
1653512888.309564590,-830.640014648,-35.622123718,124.650527954,0.819380760,-0.572407544,0.023908356,0.019827245
1653512888.373536110,-829.695739746,-39.451107025,124.570739746,0.819620848,-0.572076440,0.023701148,0.019709220
1653512888.439815760,-829.695739746,-39.451107025,124.570739746,0.819620848,-0.572076440,0.023701148,0.019709220
1653512888.506204844,-828.828186035,-43.113517761,124.521621704,0.819776714,-0.571843505,0.023950698,0.019684540
1653512888.574615240,-828.828186035,-43.113517761,124.521621704,0.819776714,-0.571843505,0.023950698,0.019684540
1653512888.640065908,-828.118957520,-46.425354004,124.505348206,0.819545269,-0.572140634,0.024395233,0.020137917
1653512888.706323147,-828.118957520,-46.425354004,124.505348206,0.819545269,-0.572140634,0.024395233,0.020137917
1653512888.773492575,-827.164611816,-50.272277832,124.426971436,0.819866061,-0.571743488,0.023241831,0.019718988
1653512888.840099573,-827.164611816,-50.272277832,124.426971436,0.819866061,-0.571743488,0.023241831,0.019718988
1653512888.906356335,-826.337280273,-53.786220551,124.388511658,0.820207834,-0.571260393,0.023086356,0.019688619
1653512888.973457575,-826.337280273,-53.786220551,124.388511658,0.820207834,-0.571260393,0.023086356,0.019688619
1653512889.040653706,-825.498107910,-57.315811157,124.342750549,0.820120990,-0.571421802,0.022679649,0.019086411
1653512889.109344006,-825.498107910,-57.315811157,124.342750549,0.820120990,-0.571421802,0.022679649,0.019086411
1653512889.174730539,-824.534667969,-61.100505829,124.270721436,0.820570230,-0.570824742,0.022311185,0.018051054
1653512889.239877701,-824.534667969,-61.100505829,124.270721436,0.820570230,-0.570824742,0.022311185,0.018051054
1653512889.306556463,-823.806457520,-64.424148560,124.246360779,0.821172714,-0.569991529,0.022285797,0.016982444
1653512889.373603821,-823.806457520,-64.424148560,124.246360779,0.821172714,-0.569991529,0.022285797,0.016982444
1653512889.440481424,-823.190063477,-67.523056030,124.232604980,0.821706653,-0.569258273,0.022531336,0.015349152
1653512889.507755280,-823.190063477,-67.523056030,124.232604980,0.821706653,-0.569258273,0.022531336,0.015349152
1653512889.573055983,-822.192810059,-71.393722534,124.124877930,0.822461188,-0.568281770,0.020682210,0.013624840
1653512889.639686823,-822.192810059,-71.393722534,124.124877930,0.822461188,-0.568281770,0.020682210,0.013624840
1653512889.706963301,-821.127746582,-75.359146118,124.008514404,0.823188543,-0.567327440,0.018837102,0.012057721
1653512889.772994995,-821.127746582,-75.359146118,124.008514404,0.823188543,-0.567327440,0.018837102,0.012057721
1653512889.840451241,-820.489990234,-78.478828430,123.982124329,0.823783457,-0.566497684,0.018662151,0.010629142
1653512889.907860279,-820.489990234,-78.478828430,123.982124329,0.823783457,-0.566497684,0.018662151,0.010629142
1653512889.978733301,-819.613769531,-82.089057922,123.881683350,0.824594080,-0.565397322,0.017182779,0.008677204
1653512890.040423870,-819.613769531,-82.089057922,123.881683350,0.824594080,-0.565397322,0.017182779,0.008677204
1653512890.108516455,-818.611877441,-86.025932312,123.758224487,0.825352669,-0.564350247,0.015731627,0.007367686
1653512890.173145056,-818.611877441,-86.025932312,123.758224487,0.825352669,-0.564350247,0.015731627,0.007367686
1653512890.239512444,-818.099182129,-88.826553345,123.730865479,0.825691044,-0.563848376,0.015866447,0.007588218
1653512890.306272745,-818.099182129,-88.826553345,123.730865479,0.825691044,-0.563848376,0.015866447,0.007588218
1653512890.372860670,-817.072204590,-92.659919739,123.584510803,0.826395035,-0.562876463,0.014160618,0.006390932
1653512890.439715624,-817.072204590,-92.659919739,123.584510803,0.826395035,-0.562876463,0.014160618,0.006390932
1653512890.508437872,-816.389465332,-95.859870911,123.523468018,0.826885521,-0.562148511,0.014391892,0.006499389
1653512890.579605103,-816.389465332,-95.859870911,123.523468018,0.826885521,-0.562148511,0.014391892,0.006499389
1653512890.640834093,-815.390991211,-99.712646484,123.391052246,0.827142298,-0.561779082,0.014146954,0.006301120
1653512890.706453800,-815.390991211,-99.712646484,123.391052246,0.827142298,-0.561779082,0.014146954,0.006301120
1653512890.774117231,-814.268615723,-103.745193481,123.235092163,0.827725947,-0.560931802,0.013613181,0.006316657
1653512890.841426611,-814.268615723,-103.745193481,123.235092163,0.827725947,-0.560931802,0.013613181,0.006316657
1653512890.908212900,-813.743652344,-106.631553650,123.198554993,0.828162313,-0.560222507,0.015232163,0.008118100
1653512890.973234892,-813.743652344,-106.631553650,123.198554993,0.828162313,-0.560222507,0.015232163,0.008118100
1653512891.040030241,-812.786865234,-110.366493225,123.049362183,0.828347623,-0.559934795,0.014805981,0.009699292
1653512891.107073307,-812.786865234,-110.366493225,123.049362183,0.828347623,-0.559934795,0.014805981,0.009699292
1653512891.173048019,-811.979003906,-113.788093567,122.927192688,0.828652024,-0.559444904,0.014598032,0.012003740
1653512891.240793705,-811.979003906,-113.788093567,122.927192688,0.828652024,-0.559444904,0.014598032,0.012003740
1653512891.306348324,-811.024291992,-117.522994995,122.758338928,0.828754723,-0.559288442,0.013167771,0.013736338
1653512891.373228312,-811.024291992,-117.522994995,122.758338928,0.828754723,-0.559288442,0.013167771,0.013736338
1653512891.439678669,-810.244140625,-120.959930420,122.613967896,0.828690827,-0.559373438,0.011557552,0.015468931
1653512891.506158590,-810.244140625,-120.959930420,122.613967896,0.828690827,-0.559373438,0.011557552,0.015468931
1653512891.573468924,-809.673095703,-123.987167358,122.495780945,0.829177678,-0.558623493,0.010234213,0.017303247
1653512891.641502857,-809.673095703,-123.987167358,122.495780945,0.829177678,-0.558623493,0.010234213,0.017303247
1653512891.706547260,-808.859375000,-127.463714600,122.315856934,0.829484820,-0.558157206,0.007924771,0.018779105
1653512891.773877144,-808.859375000,-127.463714600,122.315856934,0.829484820,-0.558157206,0.007924771,0.018779105
1653512891.839588404,-807.682312012,-131.586334229,122.072830200,0.829685330,-0.557855904,0.004644582,0.019935073
1653512891.907247782,-807.682312012,-131.586334229,122.072830200,0.829685330,-0.557855904,0.004644582,0.019935073
1653512891.972831964,-806.992736816,-134.743652344,121.938072205,0.829890490,-0.557526827,0.002845952,0.020917926
1653512892.039609432,-806.992736816,-134.743652344,121.938072205,0.829890490,-0.557526827,0.002845952,0.020917926
1653512892.107004404,-806.215820312,-138.050537109,121.772331238,0.830211282,-0.557019949,0.001385468,0.021818085
1653512892.173166275,-806.215820312,-138.050537109,121.772331238,0.830211282,-0.557019949,0.001385468,0.021818085
1653512892.240040064,-805.028259277,-142.138305664,121.529663086,0.830364645,-0.556768775,-0.000904419,0.022411129
1653512892.306945086,-805.028259277,-142.138305664,121.529663086,0.830364645,-0.556768775,-0.000904419,0.022411129
1653512892.373026609,-804.320007324,-145.252105713,121.392898560,0.830757618,-0.556171000,-0.001257151,0.022672303
1653512892.439833403,-804.320007324,-145.252105713,121.392898560,0.830757618,-0.556171000,-0.001257151,0.022672303
1653512892.506297112,-803.386779785,-148.833038330,121.196815491,0.831017494,-0.555805564,-0.002050063,0.022042459
1653512892.573039055,-803.386779785,-148.833038330,121.196815491,0.831017494,-0.555805564,-0.002050063,0.022042459
1653512892.640028238,-802.625427246,-152.064529419,121.036384583,0.831152976,-0.555610478,-0.002128406,0.021845462
1653512892.706538200,-802.625427246,-152.064529419,121.036384583,0.831152976,-0.555610478,-0.002128406,0.021845462
1653512892.772993565,-801.352050781,-156.289978027,120.765106201,0.831315041,-0.555393755,-0.003970471,0.020912098
1653512892.839539289,-801.352050781,-156.289978027,120.765106201,0.831315041,-0.555393755,-0.003970471,0.020912098
1653512892.906290770,-800.418945312,-159.789459229,120.574073792,0.831537664,-0.555057645,-0.004071275,0.020966297
1653512892.972955942,-800.418945312,-159.789459229,120.574073792,0.831537664,-0.555057645,-0.004071275,0.020966297
1653512893.042364597,-799.621948242,-163.012222290,120.406929016,0.831569135,-0.555023193,-0.003034540,0.020804387
1653512893.106508255,-799.621948242,-163.012222290,120.406929016,0.831569135,-0.555023193,-0.003034540,0.020804387
1653512893.172822952,-798.796264648,-166.288894653,120.229057312,0.831898093,-0.554542899,-0.001849825,0.020597624
1653512893.242372751,-798.796264648,-166.288894653,120.229057312,0.831898093,-0.554542899,-0.001849825,0.020597624
1653512893.308541059,-797.570983887,-170.241180420,119.966880798,0.831999004,-0.554387987,-0.001567501,0.020716077
1653512893.372889280,-797.570983887,-170.241180420,119.966880798,0.831999004,-0.554387987,-0.001567501,0.020716077
1653512893.440227509,-796.518920898,-173.876007080,119.749130249,0.831895173,-0.554532349,-0.000121765,0.021077322
1653512893.508074999,-796.518920898,-173.876007080,119.749130249,0.831895173,-0.554532349,-0.000121765,0.021077322
1653512893.573474407,-795.711486816,-176.979583740,119.580299377,0.832010746,-0.554317415,0.002755071,0.021971226
1653512893.640502930,-795.711486816,-176.979583740,119.580299377,0.832010746,-0.554317415,0.002755071,0.021971226
1653512893.707462311,-794.555480957,-180.736129761,119.336387634,0.832416594,-0.553690970,0.004989754,0.022001695
1653512893.775568962,-794.555480957,-180.736129761,119.336387634,0.832416594,-0.553690970,0.004989754,0.022001695
1653512893.843784571,-793.255493164,-184.784164429,119.073097229,0.832462549,-0.553594410,0.007434485,0.022002017
1653512893.906590462,-793.255493164,-184.784164429,119.073097229,0.832462549,-0.553594410,0.007434485,0.022002017
1653512893.973955631,-792.333007812,-188.138244629,118.892272949,0.832903922,-0.552854419,0.011128300,0.022343161
1653512894.040601969,-792.333007812,-188.138244629,118.892272949,0.832903922,-0.552854419,0.011128300,0.022343161
1653512894.107101917,-791.385620117,-191.440170288,118.698913574,0.833449423,-0.552002966,0.013063510,0.022003390
1653512894.172922373,-791.385620117,-191.440170288,118.698913574,0.833449423,-0.552002966,0.013063510,0.022003390
1653512894.240687609,-790.407531738,-194.803390503,118.501144409,0.833734274,-0.551571071,0.014894285,0.020849286
1653512894.307144165,-790.407531738,-194.803390503,118.501144409,0.833734274,-0.551571071,0.014894285,0.020849286
1653512894.374088049,-789.162109375,-198.676208496,118.255096436,0.834343851,-0.550630569,0.016997606,0.019684151
1653512894.440068483,-789.162109375,-198.676208496,118.255096436,0.834343851,-0.550630569,0.016997606,0.019684151
1653512894.506605387,-788.133239746,-202.111923218,118.062217712,0.834899902,-0.549773812,0.018437793,0.018733958
1653512894.573358059,-788.133239746,-202.111923218,118.062217712,0.834899902,-0.549773812,0.018437793,0.018733958
1653512894.639908314,-787.188171387,-205.363586426,117.881958008,0.835493743,-0.548875928,0.019607846,0.017348532
1653512894.706698418,-787.188171387,-205.363586426,117.881958008,0.835493743,-0.548875928,0.019607846,0.017348532
1653512894.778779984,-786.187072754,-208.732879639,117.688949585,0.836372852,-0.547521889,0.020735659,0.016440216
1653512894.840237379,-786.187072754,-208.732879639,117.688949585,0.836372852,-0.547521889,0.020735659,0.016440216
1653512894.906392574,-784.969238281,-212.576004028,117.468536377,0.837329626,-0.546034038,0.022192847,0.015276428
1653512894.974612713,-784.969238281,-212.576004028,117.468536377,0.837329626,-0.546034038,0.022192847,0.015276428
1653512895.039730072,-784.273254395,-215.313583374,117.364784241,0.838336945,-0.544387996,0.024807727,0.014746284
1653512895.106176376,-784.273254395,-215.313583374,117.364784241,0.838336945,-0.544387996,0.024807727,0.014746284
1653512895.172784567,-783.064025879,-219.058898926,117.161750793,0.839330614,-0.542804837,0.025615664,0.015193006
1653512895.239576101,-783.064025879,-219.058898926,117.161750793,0.839330614,-0.542804837,0.025615664,0.015193006
1653512895.307473421,-781.864257812,-222.747879028,116.982627869,0.840546787,-0.540825665,0.026827885,0.016401447
1653512895.374248266,-781.864257812,-222.747879028,116.982627869,0.840546787,-0.540825665,0.026827885,0.016401447
1653512895.440640688,-780.903625488,-226.003814697,116.856529236,0.841534376,-0.539116383,0.028700927,0.018700229
1653512895.506961346,-780.903625488,-226.003814697,116.856529236,0.841534376,-0.539116383,0.028700927,0.018700229
1653512895.573197126,-779.825317383,-229.451538086,116.704948425,0.842601538,-0.537341118,0.029254589,0.020769551
1653512895.639565468,-779.825317383,-229.451538086,116.704948425,0.842601538,-0.537341118,0.029254589,0.020769551
1653512895.707537413,-778.637939453,-233.097381592,116.534614563,0.843692541,-0.535589457,0.028284257,0.022951763
1653512895.773396492,-778.637939453,-233.097381592,116.534614563,0.843692541,-0.535589457,0.028284257,0.022951763
1653512895.842411518,-777.725097656,-236.263870239,116.422332764,0.844155788,-0.534809828,0.027178949,0.025313707
1653512895.906319618,-777.725097656,-236.263870239,116.422332764,0.844155788,-0.534809828,0.027178949,0.025313707
1653512895.972844839,-776.758361816,-239.553741455,116.299697876,0.844928086,-0.533577919,0.025131041,0.027559048
1653512896.039707899,-776.758361816,-239.553741455,116.299697876,0.844928086,-0.533577919,0.025131041,0.027559048
1653512896.106584311,-775.569152832,-243.170684814,116.134475708,0.845172226,-0.533261001,0.021897355,0.028932992
1653512896.172726870,-775.569152832,-243.170684814,116.134475708,0.845172226,-0.533261001,0.021897355,0.028932992
1653512896.239628077,-774.390502930,-246.778335571,115.997444153,0.845021725,-0.533519804,0.019965017,0.029938525
1653512896.306124449,-774.390502930,-246.778335571,115.997444153,0.845021725,-0.533519804,0.019965017,0.029938525
1653512896.372852087,-773.246887207,-250.291076660,115.881866455,0.844888926,-0.533735633,0.018984038,0.030472586
1653512896.440117121,-773.246887207,-250.291076660,115.881866455,0.844888926,-0.533735633,0.018984038,0.030472586
1653512896.510214567,-772.172180176,-253.647277832,115.796760559,0.844295442,-0.534652054,0.018765677,0.030986970
1653512896.574506044,-772.172180176,-253.647277832,115.796760559,0.844295442,-0.534652054,0.018765677,0.030986970
1653512896.640123367,-771.104431152,-257.035858154,115.722061157,0.843445420,-0.536009371,0.018898733,0.030603597
1653512896.708611727,-771.104431152,-257.035858154,115.722061157,0.843445420,-0.536009371,0.018898733,0.030603597
1653512896.773552656,-770.025939941,-260.339538574,115.643951416,0.843126833,-0.536488771,0.018930549,0.030961957
1653512896.840133429,-770.025939941,-260.339538574,115.643951416,0.843126833,-0.536488771,0.018930549,0.030961957
1653512896.906774759,-768.911987305,-263.728576660,115.566177368,0.842770696,-0.537012994,0.018907512,0.031576525
1653512896.972937346,-768.911987305,-263.728576660,115.566177368,0.842770696,-0.537012994,0.018907512,0.031576525
1653512897.041209936,-767.827148438,-267.068298340,115.490745544,0.842153490,-0.537925780,0.018805368,0.032553606
1653512897.107223749,-767.827148438,-267.068298340,115.490745544,0.842153490,-0.537925780,0.018805368,0.032553606
1653512897.173012018,-766.636169434,-270.545227051,115.399963379,0.841967285,-0.538175344,0.018092453,0.033631958
1653512897.240578413,-766.636169434,-270.545227051,115.399963379,0.841967285,-0.538175344,0.018092453,0.033631958
1653512897.306508303,-765.197631836,-274.431671143,115.268264771,0.841410100,-0.539026201,0.017317444,0.034350459
1653512897.373143435,-765.197631836,-274.431671143,115.268264771,0.841410100,-0.539026201,0.017317444,0.034350459
1653512897.439541578,-764.474121094,-277.073577881,115.260551453,0.840678394,-0.540069938,0.017748214,0.035627458
1653512897.506334782,-764.474121094,-277.073577881,115.260551453,0.840678394,-0.540069938,0.017748214,0.035627458
1653512897.572846174,-763.287841797,-280.487304688,115.154869080,0.840138793,-0.540882111,0.017427159,0.036189184
1653512897.640284061,-763.287841797,-280.487304688,115.154869080,0.840138793,-0.540882111,0.017427159,0.036189184
1653512897.709722042,-762.141662598,-283.808166504,115.061309814,0.839663029,-0.541589439,0.017081447,0.036811903
1653512897.773420572,-762.141662598,-283.808166504,115.061309814,0.839663029,-0.541589439,0.017081447,0.036811903
1653512897.843810081,-761.167846680,-286.833038330,114.998229980,0.838903785,-0.542681277,0.018029325,0.037582073
1653512897.907631636,-761.167846680,-286.833038330,114.998229980,0.838903785,-0.542681277,0.018029325,0.037582073
1653512897.973240137,-759.806335449,-290.493621826,114.860450745,0.838484466,-0.543332160,0.018371215,0.037369058
1653512898.039583683,-759.806335449,-290.493621826,114.860450745,0.838484466,-0.543332160,0.018371215,0.037369058
1653512898.106421947,-758.824035645,-293.426910400,114.786819458,0.838046074,-0.543982387,0.019979352,0.036915194
1653512898.175235748,-758.824035645,-293.426910400,114.786819458,0.838046074,-0.543982387,0.019979352,0.036915194
1653512898.240536213,-757.721496582,-296.587554932,114.690986633,0.837616861,-0.544610679,0.022140406,0.036152713
1653512898.306650162,-757.721496582,-296.587554932,114.690986633,0.837616861,-0.544610679,0.022140406,0.036152713
1653512898.374673367,-756.306945801,-300.272338867,114.547424316,0.837500036,-0.544793844,0.024233209,0.034728929
1653512898.440202951,-756.306945801,-300.272338867,114.547424316,0.837500036,-0.544793844,0.024233209,0.034728929
1653512898.507028103,-755.710266113,-302.537261963,114.538314819,0.837354124,-0.544939041,0.027642218,0.033398133
1653512898.572864771,-755.710266113,-302.537261963,114.538314819,0.837354124,-0.544939041,0.027642218,0.033398133
1653512898.639571905,-754.219482422,-306.275207520,114.373641968,0.837239087,-0.545102179,0.029568754,0.031938143
1653512898.706278086,-754.219482422,-306.275207520,114.373641968,0.837239087,-0.545102179,0.029568754,0.031938143
1653512898.772792339,-752.875122070,-309.709869385,114.254020691,0.837559462,-0.544450343,0.031488229,0.032809410
1653512898.840162992,-752.875122070,-309.709869385,114.254020691,0.837559462,-0.544450343,0.031488229,0.032809410
1653512898.906986713,-751.759765625,-312.764770508,114.166091919,0.838130951,-0.543442488,0.032568585,0.033854209
1653512898.974074602,-751.759765625,-312.764770508,114.166091919,0.838130951,-0.543442488,0.032568585,0.033854209
1653512899.039737225,-750.542480469,-315.992675781,114.058647156,0.838831246,-0.542228162,0.033045489,0.035479195
1653512899.106146097,-750.542480469,-315.992675781,114.058647156,0.838831246,-0.542228162,0.033045489,0.035479195
1653512899.172845125,-749.514465332,-318.894897461,113.980957031,0.839850068,-0.540483713,0.033575997,0.037442055
1653512899.240392208,-749.514465332,-318.894897461,113.980957031,0.839850068,-0.540483713,0.033575997,0.037442055
1653512899.306344032,-748.240905762,-322.206481934,113.864219666,0.840943873,-0.538738310,0.032817747,0.038696665
1653512899.373126507,-748.240905762,-322.206481934,113.864219666,0.840943873,-0.538738310,0.032817747,0.038696665
1653512899.439665079,-747.240356445,-325.057373047,113.794052124,0.841492295,-0.537812293,0.031796422,0.040467419
1653512899.507762671,-747.240356445,-325.057373047,113.794052124,0.841492295,-0.537812293,0.031796422,0.040467419
1653512899.577184439,-746.008789062,-328.275512695,113.682624817,0.842247069,-0.536649823,0.030555543,0.041148331
1653512899.640469790,-746.008789062,-328.275512695,113.682624817,0.842247069,-0.536649823,0.030555543,0.041148331
1653512899.706173897,-744.800231934,-331.473693848,113.575874329,0.842738032,-0.535933137,0.028614998,0.041826922
1653512899.773267031,-744.800231934,-331.473693848,113.575874329,0.842738032,-0.535933137,0.028614998,0.041826922
1653512899.840321064,-743.550170898,-334.613861084,113.457771301,0.842741728,-0.535958409,0.026777791,0.042637248
1653512899.906937361,-743.550170898,-334.613861084,113.457771301,0.842741728,-0.535958409,0.026777791,0.042637248
1653512899.973325491,-742.276733398,-337.828643799,113.340293884,0.842976749,-0.535625696,0.025624907,0.042880557
1653512900.041031361,-742.276733398,-337.828643799,113.340293884,0.842976749,-0.535625696,0.025624907,0.042880557
1653512900.108273983,-741.533264160,-340.173522949,113.306465149,0.842775166,-0.535945058,0.025322307,0.043031458
1653512900.173417807,-741.533264160,-340.173522949,113.306465149,0.842775166,-0.535945058,0.025322307,0.043031458
1653512900.240643263,-740.151428223,-343.546142578,113.176109314,0.842327476,-0.536767066,0.023751043,0.042443018
1653512900.306321859,-740.151428223,-343.546142578,113.176109314,0.842327476,-0.536767066,0.023751043,0.042443018
1653512900.373233080,-738.962829590,-346.574859619,113.080665588,0.841921747,-0.537471533,0.023050733,0.041961264
1653512900.439500809,-738.962829590,-346.574859619,113.080665588,0.841921747,-0.537471533,0.023050733,0.041961264
1653512900.508196115,-737.766418457,-349.605438232,112.982879639,0.841498137,-0.538238466,0.021921044,0.041227955
1653512900.573543310,-737.766418457,-349.605438232,112.982879639,0.841498137,-0.538238466,0.021921044,0.041227955
1653512900.639484644,-736.505187988,-352.733551025,112.874015808,0.840891123,-0.539273322,0.021048667,0.040538609
1653512900.706456661,-736.505187988,-352.733551025,112.874015808,0.840891123,-0.539273322,0.021048667,0.040538609
1653512900.772740841,-735.432617188,-355.507934570,112.783447266,0.840730369,-0.539560139,0.020771213,0.040197380
1653512900.840209723,-735.432617188,-355.507934570,112.783447266,0.840730369,-0.539560139,0.020771213,0.040197380
1653512900.906502485,-733.958740234,-358.885803223,112.633026123,0.840521753,-0.539952099,0.019785279,0.039792679
1653512900.974004745,-733.958740234,-358.885803223,112.633026123,0.840521753,-0.539952099,0.019785279,0.039792679
1653512901.039527893,-732.672058105,-361.944610596,112.503356934,0.840288997,-0.540325046,0.020021424,0.039526638
1653512901.106127501,-732.672058105,-361.944610596,112.503356934,0.840288997,-0.540325046,0.020021424,0.039526638
1653512901.173472166,-731.803161621,-364.326293945,112.420234680,0.840619862,-0.539841235,0.021007877,0.038579643
1653512901.239626646,-731.803161621,-364.326293945,112.420234680,0.840619862,-0.539841235,0.021007877,0.038579643
1653512901.308218718,-730.372131348,-367.559387207,112.251884460,0.840931296,-0.539429843,0.021356644,0.037335314
1653512901.373203516,-730.372131348,-367.559387207,112.251884460,0.840931296,-0.539429843,0.021356644,0.037335314
1653512901.439951420,-728.962402344,-370.737762451,112.094894409,0.841487467,-0.538624704,0.022253014,0.035875078
1653512901.506369352,-728.962402344,-370.737762451,112.094894409,0.841487467,-0.538624704,0.022253014,0.035875078
1653512901.573533058,-727.813171387,-373.498596191,111.974769592,0.842255473,-0.537433863,0.024262879,0.034378435
1653512901.644564152,-727.813171387,-373.498596191,111.974769592,0.842255473,-0.537433863,0.024262879,0.034378435
1653512901.706513643,-726.627929688,-376.318206787,111.842323303,0.843017995,-0.536289752,0.025880529,0.032314345
1653512901.773259640,-726.627929688,-376.318206787,111.842323303,0.843017995,-0.536289752,0.025880529,0.032314345
1653512901.839900732,-725.329528809,-379.293884277,111.693328857,0.843493164,-0.535617113,0.027135272,0.029953483
1653512901.906353235,-725.329528809,-379.293884277,111.693328857,0.843493164,-0.535617113,0.027135272,0.029953483
1653512901.974219799,-724.125976562,-382.122863770,111.555198669,0.844261646,-0.534443021,0.028527183,0.027912915
1653512902.039474010,-724.125976562,-382.122863770,111.555198669,0.844261646,-0.534443021,0.028527183,0.027912915
1653512902.107125282,-722.868652344,-385.031127930,111.408508301,0.845021248,-0.533246696,0.030123934,0.026069317
1653512902.172961473,-722.868652344,-385.031127930,111.408508301,0.845021248,-0.533246696,0.030123934,0.026069317
1653512902.239654303,-721.758178711,-387.686492920,111.281349182,0.845328391,-0.532741070,0.031017309,0.025394043
1653512902.306545734,-721.758178711,-387.686492920,111.281349182,0.845328391,-0.532741070,0.031017309,0.025394043
1653512902.372852564,-720.669799805,-390.307067871,111.153488159,0.846125126,-0.531504452,0.031014537,0.024766726
1653512902.440060854,-720.669799805,-390.307067871,111.153488159,0.846125126,-0.531504452,0.031014537,0.024766726
1653512902.506299734,-719.292907715,-393.354553223,110.987449646,0.846714199,-0.530627370,0.029918674,0.024789408
1653512902.573381662,-719.292907715,-393.354553223,110.987449646,0.846714199,-0.530627370,0.029918674,0.024789408
1653512902.639909267,-718.122741699,-396.110626221,110.851745605,0.847130656,-0.529970586,0.029083768,0.025592161
1653512902.706548214,-718.122741699,-396.110626221,110.851745605,0.847130656,-0.529970586,0.029083768,0.025592161
1653512902.773133039,-717.013305664,-398.758178711,110.724052429,0.847733259,-0.529083252,0.027066417,0.026203770
1653512902.840031147,-717.013305664,-398.758178711,110.724052429,0.847733259,-0.529083252,0.027066417,0.026203770
1653512902.907064199,-715.502075195,-401.962646484,110.548355103,0.848231316,-0.528354108,0.024669528,0.027147692
1653512902.974637747,-715.502075195,-401.962646484,110.548355103,0.848231316,-0.528354108,0.024669528,0.027147692
1653512903.041766167,-714.309570312,-404.715789795,110.421897888,0.848447084,-0.527997792,0.023288734,0.028522380
1653512903.106225729,-714.309570312,-404.715789795,110.421897888,0.848447084,-0.527997792,0.023288734,0.028522380
1653512903.172952652,-712.969177246,-407.668792725,110.275611877,0.848910391,-0.527270138,0.021117089,0.029856961
1653512903.244158030,-712.969177246,-407.668792725,110.275611877,0.848910391,-0.527270138,0.021117089,0.029856961
1653512903.306153536,-711.765808105,-410.410980225,110.148498535,0.849238455,-0.526709259,0.019612290,0.031413518
1653512903.375301123,-711.765808105,-410.410980225,110.148498535