Timestamp,Pred_X,Pred_Y,Pred_Z,Q_X,Q_Y,Q_Z,Q_W
1653512819.974014044,0.006784089,0.011145506,0.054352280,0.999825120,-0.002771361,0.018171232,-0.003451247
1653512820.041181087,0.006784089,0.011145506,0.054352280,0.999825120,-0.002771361,0.018171232,-0.003451247
1653512820.108040333,0.008776871,0.016908063,0.059011910,0.999805570,-0.002059131,0.019274537,-0.003614231
1653512820.174011230,0.008776871,0.016908063,0.059011910,0.999805570,-0.002059131,0.019274537,-0.003614231
1653512820.253572702,0.010559601,0.018131295,0.065142587,0.999780953,-0.001916576,0.020376202,-0.004378680
1653512820.307587862,0.010559601,0.018131295,0.065142587,0.999780953,-0.001916576,0.020376202,-0.004378680
1653512820.374381781,0.010586292,0.015551904,0.073337026,0.999774098,-0.002676895,0.020703839,-0.003986881
1653512820.440673590,0.010586292,0.015551904,0.073337026,0.999774098,-0.002676895,0.020703839,-0.003986881
1653512820.507613420,0.011778135,0.007008118,0.080576174,0.999770641,-0.004673887,0.020441690,-0.004355025
1653512820.573939562,0.011778135,0.007008118,0.080576174,0.999770641,-0.004673887,0.020441690,-0.004355025
1653512820.640833378,0.017678481,-0.005313013,0.091771573,0.999757051,-0.006871508,0.020451276,-0.004510249
1653512820.707390785,0.017678481,-0.005313013,0.091771573,0.999757051,-0.006871508,0.020451276,-0.004510249
1653512820.774464369,0.028728548,-0.027092008,0.108728610,0.999726832,-0.009286587,0.021312416,-0.002417595
1653512820.840949297,0.028728548,-0.027092008,0.108728610,0.999726832,-0.009286587,0.021312416,-0.002417595
1653512820.907406807,0.044956647,-0.057939008,0.130531102,0.999661922,-0.012355187,0.022782478,0.002093237
1653512820.975776911,0.044956647,-0.057939008,0.130531102,0.999661922,-0.012355187,0.022782478,0.002093237
1653512821.044144869,0.068851344,-0.098025486,0.167602658,0.999523640,-0.015827604,0.025014097,0.008735170
1653512821.107654095,0.068851344,-0.098025486,0.167602658,0.999523640,-0.015827604,0.025014097,0.008735170
1653512821.175495625,0.097433381,-0.141732827,0.211935222,0.999313116,-0.019693911,0.027497772,0.015141923
1653512821.240549326,0.097433381,-0.141732827,0.211935222,0.999313116,-0.019693911,0.027497772,0.015141923
1653512821.308590174,0.130334750,-0.184404865,0.263829857,0.998987734,-0.025643641,0.030549061,0.020801174
1653512821.374742746,0.130334750,-0.184404865,0.263829857,0.998987734,-0.025643641,0.030549061,0.020801174
1653512821.445966959,0.167286485,-0.219157428,0.325850755,0.998660505,-0.031899389,0.033578865,0.023066068
1653512821.508145571,0.167286485,-0.219157428,0.325850755,0.998660505,-0.031899389,0.033578865,0.023066068
1653512821.575905085,0.204671174,-0.238033816,0.387837142,0.998444915,-0.036272202,0.035603825,0.022901330
1653512821.640893459,0.204671174,-0.238033816,0.387837142,0.998444915,-0.036272202,0.035603825,0.022901330
1653512821.708614826,0.240014538,-0.247790471,0.450711608,0.998192370,-0.040961836,0.038147930,0.021882080
1653512821.774208784,0.240014538,-0.247790471,0.450711608,0.998192370,-0.040961836,0.038147930,0.021882080
1653512821.840968847,0.275032848,-0.246475115,0.515530288,0.998068571,-0.043815475,0.039490771,0.019488811
1653512821.908558369,0.275032848,-0.246475115,0.515530288,0.998068571,-0.043815475,0.039490771,0.019488811
1653512821.975950718,0.311761409,-0.234052822,0.587422252,0.998043120,-0.044729762,0.040628403,0.016079791
1653512822.042683601,0.311761409,-0.234052822,0.587422252,0.998043120,-0.044729762,0.040628403,0.016079791
1653512822.108957052,0.349585682,-0.217968509,0.664258718,0.998014092,-0.045736030,0.041536290,0.012283265
1653512822.176400661,0.349585682,-0.217968509,0.664258718,0.998014092,-0.045736030,0.041536290,0.012283265
1653512822.241061449,0.383080125,-0.199490398,0.750403166,0.997940063,-0.046275772,0.043543916,0.008837285
1653512822.307558060,0.383080125,-0.199490398,0.750403166,0.997940063,-0.046275772,0.043543916,0.008837285
1653512822.374436378,0.416896105,-0.183360040,0.846634805,0.997808814,-0.047187030,0.045904346,0.006615230
1653512822.440723658,0.416896105,-0.183360040,0.846634805,0.997808814,-0.047187030,0.045904346,0.006615230
1653512822.508008718,0.450613528,-0.162976578,0.950665295,0.997696161,-0.046695132,0.048831426,0.006114438
1653512822.574147224,0.450613528,-0.162976578,0.950665295,0.997696161,-0.046695132,0.048831426,0.006114438
1653512822.644398451,0.484157830,-0.136816144,1.059420466,0.997636139,-0.044589669,0.051783569,0.007234269
1653512822.707651138,0.484157830,-0.136816144,1.059420466,0.997636139,-0.044589669,0.051783569,0.007234269
1653512822.774382114,0.509251535,-0.111929506,1.152338147,0.997627616,-0.042505190,0.053516202,0.008276032
1653512822.840927124,0.509251535,-0.111929506,1.152338147,0.997627616,-0.042505190,0.053516202,0.008276032
1653512822.907576799,0.528667569,-0.091555826,1.246209145,0.997613311,-0.041121010,0.054604419,0.009751468
1653512822.976459026,0.528667569,-0.091555826,1.246209145,0.997613311,-0.041121010,0.054604419,0.009751468
1653512823.040729761,0.549571395,-0.075813696,1.347974181,0.997624397,-0.041082658,0.053920325,0.012261267
1653512823.107409239,0.549571395,-0.075813696,1.347974181,0.997624397,-0.041082658,0.053920325,0.012261267
1653512823.174751043,0.565012991,-0.068081819,1.449202776,0.997585475,-0.043190431,0.052514728,0.014140598
1653512823.250014544,0.565012991,-0.068081819,1.449202776,0.997585475,-0.043190431,0.052514728,0.014140598
1653512823.309221268,0.577013493,-0.063068926,1.561521769,0.997488916,-0.046304744,0.051344484,0.015345305
1653512823.374339342,0.577013493,-0.063068926,1.561521769,0.997488916,-0.046304744,0.051344484,0.015345305
1653512823.448395729,0.586986780,-0.049485467,1.682046652,0.997368991,-0.049636323,0.050547242,0.015372803
1653512823.508929491,0.586986780,-0.049485467,1.682046652,0.997368991,-0.049636323,0.050547242,0.015372803
1653512823.574589729,0.593453169,-0.023748465,1.796693325,0.997400105,-0.050435930,0.049241375,0.014982816
1653512823.640715837,0.593453169,-0.023748465,1.796693325,0.997400105,-0.050435930,0.049241375,0.014982816
1653512823.707232952,0.595106184,0.014788684,1.918558598,0.997455537,-0.050766278,0.048304755,0.013112578
1653512823.774485350,0.595106184,0.014788684,1.918558598,0.997455537,-0.050766278,0.048304755,0.013112578
1653512823.840898991,0.597224414,0.062339898,2.056326866,0.997626483,-0.050314687,0.046040963,0.009487935
1653512823.909199715,0.597224414,0.062339898,2.056326866,0.997626483,-0.050314687,0.046040963,0.009487935
1653512823.974785089,0.597471714,0.119211234,2.199983597,0.997819602,-0.048453160,0.044515058,0.005176002
1653512824.040499210,0.597471714,0.119211234,2.199983597,0.997819602,-0.048453160,0.044515058,0.005176002
1653512824.107287645,0.593441606,0.176657930,2.346083164,0.997961998,-0.046544407,0.043650694,0.000252710
1653512824.175073385,0.593441606,0.176657930,2.346083164,0.997961998,-0.046544407,0.043650694,0.000252710
1653512824.241208553,0.587843955,0.233472466,2.493863821,0.998102725,-0.044084258,0.042863362,-0.003201462
1653512824.307614326,0.587843955,0.233472466,2.493863821,0.998102725,-0.044084258,0.042863362,-0.003201462
1653512824.374411106,0.581010103,0.276189059,2.644709587,0.998205841,-0.042272031,0.042240642,-0.003734802
1653512824.441324949,0.581010103,0.276189059,2.644709587,0.998205841,-0.042272031,0.042240642,-0.003734802
1653512824.508316278,0.571260989,0.296956509,2.793526649,0.998152435,-0.043230675,0.042485274,-0.004222924
1653512824.575622082,0.571260989,0.296956509,2.793526649,0.998152435,-0.043230675,0.042485274,-0.004222924
1653512824.641423941,0.563035011,0.315962881,2.961690664,0.998126268,-0.043658681,0.042861614,-0.000872818
1653512824.707599640,0.563035011,0.315962881,2.961690664,0.998126268,-0.043658681,0.042861614,-0.000872818
1653512824.776731730,0.553044200,0.328713596,3.135243177,0.998018861,-0.045212649,0.043604355,0.003585166
1653512824.840787888,0.553044200,0.328713596,3.135243177,0.998018861,-0.045212649,0.043604355,0.003585166
1653512824.908487797,0.548721969,0.346352041,3.309863567,0.997928202,-0.046939291,0.043338154,0.007602691
1653512824.974443913,0.548721969,0.346352041,3.309863567,0.997928202,-0.046939291,0.043338154,0.007602691
1653512825.040815830,0.546952069,0.366900623,3.483651161,0.997794926,-0.049049411,0.043648396,0.009711533
1653512825.107818604,0.546952069,0.366900623,3.483651161,0.997794926,-0.049049411,0.043648396,0.009711533
1653512825.175170422,0.546225250,0.392290592,3.656800985,0.997592926,-0.052457064,0.044237588,0.009979990
1653512825.240586758,0.546225250,0.392290592,3.656800985,0.997592926,-0.052457064,0.044237588,0.009979990
1653512825.307919025,0.538613021,0.413241327,3.823462248,0.997380912,-0.055215955,0.045739643,0.009510391
1653512825.374938488,0.538613021,0.413241327,3.823462248,0.997380912,-0.055215955,0.045739643,0.009510391
1653512825.441978216,0.528705955,0.430487037,3.981421232,0.997279584,-0.057021581,0.045887530,0.008733628
1653512825.507482290,0.528705955,0.430487037,3.981421232,0.997279584,-0.057021581,0.045887530,0.008733628
1653512825.573904276,0.519332349,0.454594404,4.122542381,0.997304440,-0.056983333,0.045304559,0.009176414
1653512825.640503645,0.519332349,0.454594404,4.122542381,0.997304440,-0.056983333,0.045304559,0.009176414
1653512825.707729578,0.517492533,0.481802583,4.275747299,0.997398376,-0.057651300,0.042506553,0.008120385
1653512825.777918339,0.517492533,0.481802583,4.275747299,0.997398376,-0.057651300,0.042506553,0.008120385
1653512825.840807438,0.509939015,0.508322656,4.422075272,0.997467339,-0.058426831,0.040075529,0.006262647
1653512825.907316208,0.509939015,0.508322656,4.422075272,0.997467339,-0.058426831,0.040075529,0.006262647
1653512825.974025488,0.495289803,0.534523368,4.569813251,0.997600198,-0.057824753,0.037770819,0.004849416
1653512826.041831493,0.495289803,0.534523368,4.569813251,0.997600198,-0.057824753,0.037770819,0.004849416
1653512826.107412338,0.480320662,0.556969643,4.709236622,0.997654915,-0.057780698,0.036470469,0.003988823
1653512826.173888683,0.480320662,0.556969643,4.709236622,0.997654915,-0.057780698,0.036470469,0.003988823
1653512826.241801977,0.458287507,0.577205122,4.870397568,0.997727036,-0.056842368,0.035928112,0.004346552
1653512826.307502747,0.458287507,0.577205122,4.870397568,0.997727036,-0.056842368,0.035928112,0.004346552
1653512826.374250174,0.436537296,0.589991987,5.034492970,0.997754335,-0.056444019,0.035621587,0.005603747
1653512826.441152334,0.436537296,0.589991987,5.034492970,0.997754335,-0.056444019,0.035621587,0.005603747
1653512826.507391930,0.415098637,0.584684491,5.180320740,0.997722328,-0.057044361,0.035082363,0.008084204
1653512826.574182510,0.415098637,0.584684491,5.180320740,0.997722328,-0.057044361,0.035082363,0.008084204
1653512826.640950441,0.404091626,0.576881289,5.361888409,0.997665882,-0.058002733,0.034241334,0.011227050
1653512826.707667112,0.404091626,0.576881289,5.361888409,0.997665882,-0.058002733,0.034241334,0.011227050
1653512826.779470682,0.403461456,0.572245181,5.555751324,0.997606277,-0.059216898,0.032340616,0.015136567
1653512826.840456247,0.403461456,0.572245181,5.555751324,0.997606277,-0.059216898,0.032340616,0.015136567
1653512826.907319307,0.395914078,0.557452381,5.724813938,0.997498095,-0.060496241,0.031688839,0.018264126
1653512826.974922657,0.395914078,0.557452381,5.724813938,0.997498095,-0.060496241,0.031688839,0.018264126
1653512827.040502787,0.383070230,0.551120579,5.923606396,0.997310817,-0.062358513,0.032324828,0.020920243
1653512827.107527733,0.383070230,0.551120579,5.923606396,0.997310817,-0.062358513,0.032324828,0.020920243
1653512827.173978329,0.373456925,0.551968753,6.124228954,0.997155488,-0.063902587,0.033223066,0.022216840
1653512827.240526915,0.373456925,0.551968753,6.124228954,0.997155488,-0.063902587,0.033223066,0.022216840
1653512827.307351351,0.363824725,0.560249686,6.328329086,0.997032106,-0.065270849,0.033928517,0.022706034
1653512827.375031233,0.363824725,0.560249686,6.328329086,0.997032106,-0.065270849,0.033928517,0.022706034
1653512827.443110466,0.360920966,0.569226444,6.540172100,0.996887326,-0.067308374,0.034653537,0.022007266
1653512827.507909298,0.360920966,0.569226444,6.540172100,0.996887326,-0.067308374,0.034653537,0.022007266
1653512827.574129581,0.358451039,0.581952393,6.747288704,0.996750236,-0.069028117,0.035613790,0.021348141
1653512827.641662359,0.358451039,0.581952393,6.747288704,0.996750236,-0.069028117,0.035613790,0.021348141
1653512827.707229853,0.360636443,0.599327803,6.958169937,0.996672750,-0.070506647,0.035595700,0.020128351
1653512827.773844481,0.360636443,0.599327803,6.958169937,0.996672750,-0.070506647,0.035595700,0.020128351
1653512827.840505838,0.367490262,0.614775896,7.166594028,0.996586323,-0.072356798,0.034956809,0.018926419
1653512827.909805536,0.367490262,0.614775896,7.166594028,0.996586323,-0.072356798,0.034956809,0.018926419
1653512827.974168301,0.370602518,0.622511864,7.375502586,0.996537626,-0.074093826,0.033561092,0.017221034
1653512828.040520906,0.370602518,0.622511864,7.375502586,0.996537626,-0.074093826,0.033561092,0.017221034
1653512828.107309103,0.374343663,0.629069626,7.577605247,0.996517539,-0.075588778,0.031188536,0.016322430
1653512828.174336910,0.374343663,0.629069626,7.577605247,0.996517539,-0.075588778,0.031188536,0.016322430
1653512828.240716457,0.385928899,0.643380761,7.775787830,0.996513069,-0.076995865,0.027782023,0.016170276
1653512828.308930159,0.385928899,0.643380761,7.775787830,0.996513069,-0.076995865,0.027782023,0.016170276
1653512828.374763012,0.402957648,0.659146011,7.980172157,0.996541321,-0.078008391,0.024154365,0.015381708
1653512828.446631670,0.402957648,0.659146011,7.980172157,0.996541321,-0.078008391,0.024154365,0.015381708
1653512828.507409334,0.432067811,0.675982535,8.171823502,0.996554017,-0.078969389,0.020677380,0.014709558
1653512828.574638605,0.432067811,0.675982535,8.171823502,0.996554017,-0.078969389,0.020677380,0.014709558
1653512828.641729355,0.486027747,0.668727040,8.369833946,0.996591747,-0.080066621,0.015300146,0.012654244
1653512828.708127260,0.486027747,0.668727040,8.369833946,0.996591747,-0.080066621,0.015300146,0.012654244
1653512828.773903131,0.554465652,0.652526081,8.552289963,0.996613443,-0.080860898,0.009618260,0.011431957
1653512828.840569973,0.554465652,0.652526081,8.552289963,0.996613443,-0.080860898,0.009618260,0.011431957
1653512828.907662868,0.638403296,0.639830649,8.726003647,0.996608198,-0.081573769,0.003139502,0.010390347
1653512828.974140644,0.638403296,0.639830649,8.726003647,0.996608198,-0.081573769,0.003139502,0.010390347
1653512829.045400858,0.737997949,0.613015711,8.897501945,0.996528625,-0.082644358,-0.004375255,0.009029068
1653512829.107213497,0.737997949,0.613015711,8.897501945,0.996528625,-0.082644358,-0.004375255,0.009029068
1653512829.173899174,0.842109680,0.573630631,9.053942680,0.996427417,-0.083269000,-0.011745679,0.007791404
1653512829.240454197,0.842109680,0.573630631,9.053942680,0.996427417,-0.083269000,-0.011745679,0.007791404
1653512829.309288979,0.959527850,0.543901563,9.275611877,0.996344745,-0.083457530,-0.016875211,0.006869877
1653512829.374239683,0.959527850,0.543901563,9.275611877,0.996344745,-0.083457530,-0.016875211,0.006869877
1653512829.441844702,1.074802041,0.515900195,9.501264572,0.996223032,-0.083825849,-0.021774748,0.006224971
1653512829.508753777,1.074802041,0.515900195,9.501264572,0.996223032,-0.083825849,-0.021774748,0.006224971
1653512829.573857546,1.209888816,0.480253190,9.739575386,0.996148586,-0.083742492,-0.025033193,0.006968277
1653512829.640582085,1.209888816,0.480253190,9.739575386,0.996148586,-0.083742492,-0.025033193,0.006968277
1653512829.708574533,1.373802304,0.419833869,9.956277847,0.996032715,-0.083659038,-0.029433336,0.007324704
1653512829.774174690,1.373802304,0.419833869,9.956277847,0.996032715,-0.083659038,-0.029433336,0.007324704
1653512829.840387106,1.569423199,0.357027173,10.166113853,0.995908499,-0.083365485,-0.033642612,0.009200946
1653512829.907176256,1.569423199,0.357027173,10.166113853,0.995908499,-0.083365485,-0.033642612,0.009200946
1653512829.973890305,1.799936175,0.321408153,10.389207840,0.995793819,-0.082935169,-0.037012521,0.012102489
1653512830.040842295,1.799936175,0.321408153,10.389207840,0.995793819,-0.082935169,-0.037012521,0.012102489
1653512830.108997345,2.061000347,0.261259407,10.639985085,0.995741665,-0.082070120,-0.039525311,0.014170160
1653512830.174177647,2.061000347,0.261259407,10.639985085,0.995741665,-0.082070120,-0.039525311,0.014170160
1653512830.241082430,2.339616776,0.199230134,10.871116638,0.995642364,-0.082177043,-0.041378964,0.015198139
1653512830.307656527,2.339616776,0.199230134,10.871116638,0.995642364,-0.082177043,-0.041378964,0.015198139
1653512830.376114607,2.652364492,0.133768171,11.097322464,0.995644927,-0.081342734,-0.042248692,0.017016012
1653512830.440618515,2.652364492,0.133768171,11.097322464,0.995644927,-0.081342734,-0.042248692,0.017016012
1653512830.507997274,2.987457275,0.070752680,11.310433388,0.995714784,-0.080477983,-0.041413199,0.018982606
1653512830.575540066,2.987457275,0.070752680,11.310433388,0.995714784,-0.080477983,-0.041413199,0.018982606
1653512830.640739679,3.376240015,0.085522518,11.598834991,0.995756626,-0.080041938,-0.039828092,0.021810962
1653512830.707300186,3.376240015,0.085522518,11.598834991,0.995756626,-0.080041938,-0.039828092,0.021810962
1653512830.774061918,3.788807631,0.054566927,11.871257782,0.995851696,-0.078880198,-0.038862705,0.023389185
1653512830.844147444,3.788807631,0.054566927,11.871257782,0.995851696,-0.078880198,-0.038862705,0.023389185
1653512830.907950401,-2.944384098,3.040488243,12.147085190,0.460152954,0.886667728,0.007855527,0.044921044
1653512830.973817825,-2.944384098,3.040488243,12.147085190,0.460152954,0.886667728,0.007855527,0.044921044
1653512831.041761875,-3.238209486,3.408885002,12.394970894,0.459104478,0.887129664,0.008866299,0.046319120
1653512831.109073639,-3.238209486,3.408885002,12.394970894,0.459104478,0.887129664,0.008866299,0.046319120
1653512831.173763514,-3.540843248,3.786915541,12.606356621,0.457708329,0.887757957,0.009016819,0.048037641
1653512831.240648508,-3.540843248,3.786915541,12.606356621,0.457708329,0.887757957,0.009016819,0.048037641
1653512831.307424784,-3.863722801,4.191259861,12.798557281,0.456449986,0.888368666,0.009371590,0.048648562
1653512831.374067068,-3.863722801,4.191259861,12.798557281,0.456449986,0.888368666,0.009371590,0.048648562
1653512831.440702915,-4.201532364,4.617767334,12.983336449,0.455382198,0.888897598,0.009526419,0.048962850
1653512831.508789062,-4.201532364,4.617767334,12.983336449,0.455382198,0.888897598,0.009526419,0.048962850
1653512831.574509621,-4.562312603,5.064836979,13.168395996,0.454667419,0.889269054,0.008948510,0.048969328
1653512831.640490294,-4.562312603,5.064836979,13.168395996,0.454667419,0.889269054,0.008948510,0.048969328
1653512831.707315445,-4.920556545,5.519662380,13.359117508,0.454358131,0.889422715,0.008214016,0.049177274
1653512831.773789644,-4.920556545,5.519662380,13.359117508,0.454358131,0.889422715,0.008214016,0.049177274
1653512831.840819359,-5.330723763,6.007048130,13.541503906,0.454082340,0.889565527,0.008035814,0.049171422
1653512831.910394430,-5.330723763,6.007048130,13.541503906,0.454082340,0.889565527,0.008035814,0.049171422
1653512831.974556684,-5.743668556,6.508256912,13.710383415,0.453529090,0.889876902,0.007743267,0.048687845
1653512832.043035984,-5.743668556,6.508256912,13.710383415,0.453529090,0.889876902,0.007743267,0.048687845
1653512832.107913971,-6.184947014,7.039223194,13.877357483,0.453424364,0.889935195,0.007282726,0.048669253
1653512832.173868895,-6.184947014,7.039223194,13.877357483,0.453424364,0.889935195,0.007282726,0.048669253
1653512832.243492126,-6.656132221,7.597957134,14.044132233,0.454038322,0.889629304,0.006167523,0.048691057
1653512832.307462215,-6.656132221,7.597957134,14.044132233,0.454038322,0.889629304,0.006167523,0.048691057
1653512832.374958754,-7.117456436,8.144163132,14.194766045,0.454586536,0.889387071,0.005918381,0.048027869
1653512832.440762520,-7.117456436,8.144163132,14.194766045,0.454586536,0.889387071,0.005918381,0.048027869
1653512832.507258654,-7.596441746,8.722628593,14.340397835,0.455934942,0.888735950,0.004942122,0.047406401
1653512832.574021339,-7.596441746,8.722628593,14.340397835,0.455934942,0.888735950,0.004942122,0.047406401
1653512832.642671347,-8.118398666,9.332307816,14.481072426,0.456859976,0.888252079,0.003807877,0.047673155
1653512832.707653761,-8.118398666,9.332307816,14.481072426,0.456859976,0.888252079,0.003807877,0.047673155
1653512832.774160385,-8.636086464,9.946602821,14.615065575,0.457849503,0.887785494,0.002631762,0.046945013
1653512832.840868950,-8.636086464,9.946602821,14.615065575,0.457849503,0.887785494,0.002631762,0.046945013
1653512832.907457829,-9.170042038,10.577082634,14.745130539,0.459326684,0.887038112,0.002279136,0.046660438
1653512832.974725246,-9.170042038,10.577082634,14.745130539,0.459326684,0.887038112,0.002279136,0.046660438
1653512833.041891813,-9.732174873,11.235230446,14.869623184,0.459759921,0.886795342,0.001832977,0.047026560
1653512833.108919859,-9.732174873,11.235230446,14.869623184,0.459759921,0.886795342,0.001832977,0.047026560
1653512833.175065041,-10.273381233,11.875004768,14.983776093,0.460367829,0.886443913,0.002612840,0.047664098
1653512833.240771294,-10.273381233,11.875004768,14.983776093,0.460367829,0.886443913,0.002612840,0.047664098
1653512833.307398081,-10.851324081,12.557811737,15.097287178,0.461189687,0.885979474,0.003838601,0.048267707
1653512833.374276161,-10.851324081,12.557811737,15.097287178,0.461189687,0.885979474,0.003838601,0.048267707
1653512833.440831900,-11.441140175,13.250715256,15.208498955,0.461095363,0.885989189,0.005187913,0.048860088
1653512833.508332491,-11.441140175,13.250715256,15.208498955,0.461095363,0.885989189,0.005187913,0.048860088
1653512833.574023247,-12.058253288,13.977182388,15.327819824,0.461319685,0.885863960,0.006197227,0.048895735
1653512833.640842915,-12.058253288,13.977182388,15.327819824,0.461319685,0.885863960,0.006197227,0.048895735
1653512833.707420111,-12.637703896,14.673968315,15.452579498,0.461654127,0.885769486,0.007884302,0.047177389
1653512833.773865700,-12.637703896,14.673968315,15.452579498,0.461654127,0.885769486,0.007884302,0.047177389
1653512833.840772629,-13.307535172,15.462106705,15.575475693,0.461380810,0.885907352,0.009103853,0.047043018
1653512833.908297777,-13.307535172,15.462106705,15.575475693,0.461380810,0.885907352,0.009103853,0.047043018
1653512833.974362612,-13.870387077,16.152446747,15.696761131,0.461993158,0.885611832,0.010963383,0.046193220
1653512834.040502787,-13.870387077,16.152446747,15.696761131,0.461993158,0.885611832,0.010963383,0.046193220
1653512834.107506275,-14.597794533,16.996976852,15.810985565,0.462458462,0.885296345,0.012674167,0.047137409
1653512834.173967838,-14.597794533,16.996976852,15.810985565,0.462458462,0.885296345,0.012674167,0.047137409
1653512834.240401983,-15.250762939,17.772645950,15.927710533,0.462663114,0.885175228,0.014607797,0.046843164
1653512834.307100058,-15.250762939,17.772645950,15.927710533,0.462663114,0.885175228,0.014607797,0.046843164
1653512834.378053188,-15.964601517,18.598907471,16.052867889,0.463713914,0.884622633,0.016885316,0.046120480
1653512834.443595648,-15.964601517,18.598907471,16.052867889,0.463713914,0.884622633,0.016885316,0.046120480
1653512834.507271528,-16.634506226,19.374973297,16.168422699,0.464176834,0.884392500,0.018565208,0.045222364
1653512834.574262857,-16.634506226,19.374973297,16.168422699,0.464176834,0.884392500,0.018565208,0.045222364
1653512834.640794992,-17.379442215,20.228643417,16.288106918,0.464560717,0.884212196,0.019560996,0.044378694
1653512834.707291842,-17.379442215,20.228643417,16.288106918,0.464560717,0.884212196,0.019560996,0.044378694
1653512834.773860931,-18.117227554,21.071628571,16.405677795,0.465526134,0.883743525,0.019974899,0.043402493
1653512834.843935490,-18.117227554,21.071628571,16.405677795,0.465526134,0.883743525,0.019974899,0.043402493
1653512834.907546282,-18.903619766,21.953197479,16.521919250,0.465476453,0.883787036,0.020516114,0.042793375
1653512834.973849297,-18.903619766,21.953197479,16.521919250,0.465476453,0.883787036,0.020516114,0.042793375
1653512835.045139313,-19.731731415,22.876176834,16.645870209,0.465619951,0.883732200,0.021104876,0.042072330
1653512835.107106924,-19.731731415,22.876176834,16.645870209,0.465619951,0.883732200,0.021104876,0.042072330
1653512835.173822403,-20.508308411,23.731973648,16.757207870,0.465233684,0.883947849,0.020989712,0.041871596
1653512835.241779804,-20.508308411,23.731973648,16.757207870,0.465233684,0.883947849,0.020989712,0.041871596
1653512835.307476282,-21.338695526,24.641128540,16.875213623,0.464888632,0.884189963,0.020916278,0.040610626
1653512835.373833656,-21.338695526,24.641128540,16.875213623,0.464888632,0.884189963,0.020916278,0.040610626
1653512835.440548658,-22.066394806,25.455179214,17.001708984,0.464459509,0.884501934,0.020888681,0.038695119
1653512835.507376432,-22.066394806,25.455179214,17.001708984,0.464459509,0.884501934,0.020888681,0.038695119
1653512835.573771954,-23.012212753,26.467647552,17.115533829,0.462892741,0.885340214,0.018773718,0.039377280
1653512835.640853405,-23.012212753,26.467647552,17.115533829,0.462892741,0.885340214,0.018773718,0.039377280
1653512835.707485437,-23.771409988,27.315826416,17.252792358,0.462242842,0.885788023,0.018021559,0.037233386
1653512835.775864363,-23.771409988,27.315826416,17.252792358,0.462242842,0.885788023,0.018021559,0.037233386
1653512835.840435982,-24.654321671,28.289339066,17.377950668,0.461859673,0.886040270,0.016074620,0.036876153
1653512835.907118559,-24.654321671,28.289339066,17.377950668,0.461859673,0.886040270,0.016074620,0.036876153
1653512835.973936558,-25.534524918,29.266580582,17.507398605,0.461429924,0.886291206,0.016095497,0.036212001
1653512836.040410042,-25.534524918,29.266580582,17.507398605,0.461429924,0.886291206,0.016095497,0.036212001
1653512836.108150482,-26.398984909,30.238782883,17.642271042,0.461643130,0.886201143,0.014796190,0.036253117
1653512836.174307108,-26.398984909,30.238782883,17.642271042,0.461643130,0.886201143,0.014796190,0.036253117
1653512836.240762472,-27.229513168,31.177648544,17.775571823,0.461989880,0.886025071,0.013775393,0.036540583
1653512836.307159901,-27.229513168,31.177648544,17.775571823,0.461989880,0.886025071,0.013775393,0.036540583
1653512836.374496460,-28.192159653,32.250080109,17.905799866,0.463488907,0.885226130,0.012481153,0.037375391
1653512836.440512419,-28.192159653,32.250080109,17.905799866,0.463488907,0.885226130,0.012481153,0.037375391
1653512836.507168293,-29.083490372,33.255809784,18.037250519,0.465275288,0.884311259,0.011673317,0.037097249
1653512836.574898720,-29.083490372,33.255809784,18.037250519,0.465275288,0.884311259,0.011673317,0.037097249
1653512836.640424728,-30.023197174,34.309471130,18.170362473,0.467131972,0.883364201,0.009220114,0.037018951
1653512836.707242966,-30.023197174,34.309471130,18.170362473,0.467131972,0.883364201,0.009220114,0.037018951
1653512836.773682833,-30.988117218,35.389423370,18.308477402,0.468612790,0.882607520,0.006705838,0.036892366
1653512836.844734669,-30.988117218,35.389423370,18.308477402,0.468612790,0.882607520,0.006705838,0.036892366
1653512836.907237291,-31.904071808,36.433982849,18.456806183,0.469775617,0.882042587,0.004073914,0.035988271
1653512836.975813866,-31.904071808,36.433982849,18.456806183,0.469775617,0.882042587,0.004073914,0.035988271
1653512837.041021109,-32.879665375,37.544349670,18.608362198,0.471263111,0.881299973,0.002829753,0.034834601
1653512837.107034922,-32.879665375,37.544349670,18.608362198,0.471263111,0.881299973,0.002829753,0.034834601
1653512837.174013615,-33.859741211,38.668811798,18.763370514,0.471841484,0.880987287,0.001512230,0.034996398
1653512837.240339518,-33.859741211,38.668811798,18.763370514,0.471841484,0.880987287,0.001512230,0.034996398
1653512837.307429552,-34.822658539,39.774372101,18.930257797,0.472571611,0.880628228,0.003093143,0.034064125
1653512837.374975920,-34.822658539,39.774372101,18.930257797,0.472571611,0.880628228,0.003093143,0.034064125
1653512837.440667152,-35.824558258,40.921333313,19.102907181,0.473077387,0.880360901,0.003162666,0.033948313
1653512837.507637501,-35.824558258,40.921333313,19.102907181,0.473077387,0.880360901,0.003162666,0.033948313
1653512837.576929808,-36.805088043,42.055595398,19.295125961,0.472320855,0.880867660,0.004666755,0.031038439
1653512837.640337944,-36.805088043,42.055595398,19.295125961,0.472320855,0.880867660,0.004666755,0.031038439
1653512837.707041264,-37.884243011,43.282890320,19.469196320,0.472307354,0.880895853,0.005444276,0.030309493
1653512837.773886204,-37.884243011,43.282890320,19.469196320,0.472307354,0.880895853,0.005444276,0.030309493
1653512837.840894699,-38.846229553,44.424510956,19.666755676,0.473260790,0.880458117,0.006525853,0.027841311
1653512837.907663107,-38.846229553,44.424510956,19.666755676,0.473260790,0.880458117,0.006525853,0.027841311
1653512837.974627256,-39.903724670,45.661411285,19.859716415,0.473619878,0.880315423,0.008118378,0.025749747
1653512838.041607857,-39.903724670,45.661411285,19.859716415,0.473619878,0.880315423,0.008118378,0.025749747
1653512838.107526541,-40.880870819,46.837242126,20.065540314,0.473679304,0.880359173,0.009743416,0.022376694
1653512838.174220085,-40.880870819,46.837242126,20.065540314,0.473679304,0.880359173,0.009743416,0.022376694
1653512838.240753889,-41.954505920,48.118385315,20.275421143,0.473427713,0.880555332,0.010469037,0.019465523
1653512838.307162046,-41.954505920,48.118385315,20.275421143,0.473427713,0.880555332,0.010469037,0.019465523
1653512838.374204636,-43.032882690,49.406505585,20.487474442,0.472634315,0.880995929,0.011888938,0.017933527
1653512838.440301418,-43.032882690,49.406505585,20.487474442,0.472634315,0.880995929,0.011888938,0.017933527
1653512838.507134914,-44.063743591,50.653831482,20.700235367,0.471881688,0.881434202,0.014113914,0.014221062
1653512838.573659182,-44.063743591,50.653831482,20.700235367,0.471881688,0.881434202,0.014113914,0.014221062
1653512838.640378952,-44.977355957,51.794250488,20.921670914,0.470964879,0.881933987,0.014840324,0.012818150
1653512838.707312584,-44.977355957,51.794250488,20.921670914,0.470964879,0.881933987,0.014840324,0.012818150
1653512838.774771452,-46.030124664,53.075347900,21.138208389,0.469762474,0.882568896,0.016106635,0.011657950
1653512838.840499163,-46.030124664,53.075347900,21.138208389,0.469762474,0.882568896,0.016106635,0.011657950
1653512838.907967567,-47.025588989,54.309028625,21.364953995,0.468354136,0.883324385,0.016634893,0.010281441
1653512838.974539518,-47.025588989,54.309028625,21.364953995,0.468354136,0.883324385,0.016634893,0.010281441
1653512839.041153908,-47.979221344,55.517456055,21.589155197,0.466644228,0.884221315,0.017063528,0.010229916
1653512839.107644796,-47.979221344,55.517456055,21.589155197,0.466644228,0.884221315,0.017063528,0.010229916
1653512839.174096346,-49.099422455,56.897129059,21.809103012,0.464875549,0.885147750,0.017292898,0.010253554
1653512839.240467072,-49.099422455,56.897129059,21.809103012,0.464875549,0.885147750,0.017292898,0.010253554
1653512839.310388088,-50.029949188,58.097839355,22.055534363,0.462896734,0.886170924,0.018068720,0.010059367
1653512839.373733521,-50.029949188,58.097839355,22.055534363,0.462896734,0.886170924,0.018068720,0.010059367
1653512839.440487862,-51.138969421,59.464405060,22.282047272,0.460418165,0.887447298,0.018734461,0.010073127
1653512839.512637138,-51.138969421,59.464405060,22.282047272,0.460418165,0.887447298,0.018734461,0.010073127
1653512839.573588848,-52.264183044,60.855281830,22.518692017,0.457979858,0.888668716,0.019567752,0.011811315
1653512839.640308857,-52.264183044,60.855281830,22.518692017,0.457979858,0.888668716,0.019567752,0.011811315
1653512839.707004309,-53.262683868,62.124351501,22.769897461,0.456293195,0.889488161,0.022104813,0.010894949
1653512839.774083853,-53.262683868,62.124351501,22.769897461,0.456293195,0.889488161,0.022104813,0.010894949
1653512839.840900183,-54.380920410,63.510471344,23.024225235,0.454376370,0.890416384,0.023644771,0.011903188
1653512839.910227060,-54.380920410,63.510471344,23.024225235,0.454376370,0.890416384,0.023644771,0.011903188
1653512839.973868608,-55.496269226,64.892730713,23.285240173,0.452724129,0.891205966,0.025549337,0.011831675
1653512840.040332794,-55.496269226,64.892730713,23.285240173,0.452724129,0.891205966,0.025549337,0.011831675
1653512840.107358456,-56.597263336,66.253700256,23.559476852,0.451393992,0.891798139,0.028480694,0.011329826
1653512840.173675776,-56.597263336,66.253700256,23.559476852,0.451393992,0.891798139,0.028480694,0.011329826
1653512840.240712881,-57.776466370,67.699539185,23.838542938,0.449691594,0.892594635,0.030227460,0.011770532
1653512840.307366371,-57.776466370,67.699539185,23.838542938,0.449691594,0.892594635,0.030227460,0.011770532
1653512840.373807669,-58.910934448,69.112236023,24.124120712,0.447695702,0.893587649,0.030909650,0.010690725
1653512840.440238714,-58.910934448,69.112236023,24.124120712,0.447695702,0.893587649,0.030909650,0.010690725
1653512840.507864475,-60.080009460,70.559890747,24.409156799,0.446883291,0.893941283,0.032044116,0.011723368
1653512840.573940039,-60.080009460,70.559890747,24.409156799,0.446883291,0.893941283,0.032044116,0.011723368
1653512840.640575647,-61.181007385,71.944717407,24.699399948,0.446670055,0.894012570,0.033232879,0.011089666
1653512840.707348108,-61.181007385,71.944717407,24.699399948,0.446670055,0.894012570,0.033232879,0.011089666
1653512840.775858879,-62.260879517,73.304077148,24.996456146,0.445748061,0.894468904,0.033033751,0.011949191
1653512840.840457201,-62.260879517,73.304077148,24.996456146,0.445748061,0.894468904,0.033033751,0.011949191
1653512840.907148361,-63.439479828,74.749710083,25.281381607,0.445738703,0.894466877,0.032765530,0.013130110
1653512840.975308895,-63.439479828,74.749710083,25.281381607,0.445738703,0.894466877,0.032765530,0.013130110
1653512841.043230295,-64.659049988,76.233963013,25.592458725,0.445209235,0.894794285,0.031038556,0.012981414
1653512841.107460976,-64.659049988,76.233963013,25.592458725,0.445209235,0.894794285,0.031038556,0.012981414
1653512841.173933268,-65.744628906,77.562362671,25.894638062,0.443841994,0.895521164,0.029543476,0.013163092
1653512841.240349770,-65.744628906,77.562362671,25.894638062,0.443841994,0.895521164,0.029543476,0.013163092
1653512841.308150530,-66.949966431,79.017913818,26.211820602,0.442488581,0.896208584,0.028888669,0.013397255
1653512841.374107361,-66.949966431,79.017913818,26.211820602,0.442488581,0.896208584,0.028888669,0.013397255
1653512841.440967560,-68.029037476,80.341949463,26.537195206,0.440994173,0.896935761,0.029463222,0.012737846
1653512841.507289171,-68.029037476,80.341949463,26.537195206,0.440994173,0.896935761,0.029463222,0.012737846
1653512841.573891401,-69.259597778,81.817108154,26.870893478,0.438445121,0.898122072,0.031172162,0.013071844
1653512841.640605211,-69.259597778,81.817108154,26.870893478,0.438445121,0.898122072,0.031172162,0.013071844
1653512841.707196474,-70.626708984,83.421577454,27.212982178,0.435831457,0.899315119,0.032690842,0.014646432
1653512841.776911497,-70.626708984,83.421577454,27.212982178,0.435831457,0.899315119,0.032690842,0.014646432
1653512841.840792656,-71.706962585,84.738784790,27.561943054,0.432595551,0.900748551,0.036205396,0.014224307
1653512841.908158064,-71.706962585,84.738784790,27.561943054,0.432595551,0.900748551,0.036205396,0.014224307
1653512841.974421263,-73.077842712,86.341323853,27.919206619,0.429544389,0.902050495,0.039260209,0.015973220
1653512842.040669680,-73.077842712,86.341323853,27.919206619,0.429544389,0.902050495,0.039260209,0.015973220
1653512842.107203007,-74.205421448,87.692993164,28.284328461,0.426431507,0.903314114,0.043660399,0.016539723
1653512842.174421549,-74.205421448,87.692993164,28.284328461,0.426431507,0.903314114,0.043660399,0.016539723
1653512842.241288185,-75.496597290,89.191963196,28.651105881,0.423353404,0.904438555,0.049279995,0.018283788
1653512842.308107138,-75.496597290,89.191963196,28.651105881,0.423353404,0.904438555,0.049279995,0.018283788
1653512842.374579906,-76.756309509,90.655448914,29.022752762,0.420400530,0.905550838,0.053369861,0.019817291
1653512842.440378666,-76.756309509,90.655448914,29.022752762,0.420400530,0.905550838,0.053369861,0.019817291
1653512842.507033110,-77.922546387,92.019096375,29.378368378,0.417918622,0.906526685,0.055905975,0.020687468
1653512842.574024677,-77.922546387,92.019096375,29.378368378,0.417918622,0.906526685,0.055905975,0.020687468
1653512842.642196894,-79.253158569,93.522171021,29.751882553,0.415538996,0.907504916,0.057403348,0.021611104
1653512842.707261086,-79.253158569,93.522171021,29.751882553,0.415538996,0.907504916,0.057403348,0.021611104
1653512842.774022102,-80.637168884,95.041275024,30.119262695,0.413331360,0.908479810,0.057842020,0.021815468
1653512842.841087818,-80.637168884,95.041275024,30.119262695,0.413331360,0.908479810,0.057842020,0.021815468
1653512842.906976223,-82.000923157,96.503608704,30.487377167,0.411219686,0.909492731,0.056770712,0.022325646
1653512842.973526716,-82.000923157,96.503608704,30.487377167,0.411219686,0.909492731,0.056770712,0.022325646
1653512843.040812016,-83.345054626,97.928787231,30.854804993,0.408137053,0.911009073,0.054810066,0.021965910
1653512843.107876062,-83.345054626,97.928787231,30.854804993,0.408137053,0.911009073,0.054810066,0.021965910
1653512843.173666239,-84.820358276,99.442138672,31.216613770,0.404547602,0.912753046,0.052213255,0.022291292
1653512843.240511179,-84.820358276,99.442138672,31.216613770,0.404547602,0.912753046,0.052213255,0.022291292
1653512843.307062149,-86.361915588,100.989120483,31.577348709,0.400811821,0.914534569,0.049493890,0.022952225
1653512843.374114990,-86.361915588,100.989120483,31.577348709,0.400811821,0.914534569,0.049493890,0.022952225
1653512843.440768480,-87.843246460,102.475273132,31.939519882,0.397287995,0.916206777,0.047053903,0.022657886
1653512843.507530451,-87.843246460,102.475273132,31.939519882,0.397287995,0.916206777,0.047053903,0.022657886
1653512843.574000597,-89.101020813,103.752441406,32.298305511,0.393179566,0.918120265,0.044788841,0.021423912
1653512843.640501261,-89.101020813,103.752441406,32.298305511,0.393179566,0.918120265,0.044788841,0.021423912
1653512843.707052469,-90.745277405,105.372932434,32.667003632,0.389756858,0.919624388,0.043418717,0.022258136
1653512843.773710728,-90.745277405,105.372932434,32.667003632,0.389756858,0.919624388,0.043418717,0.022258136
1653512843.842285633,-92.299240112,106.903289795,33.036544800,0.386918902,0.920764923,0.044107277,0.023244431
1653512843.908481836,-92.299240112,106.903289795,33.036544800,0.386918902,0.920764923,0.044107277,0.023244431
1653512843.973640203,-93.827033997,108.392387390,33.402141571,0.383981198,0.921952486,0.044692133,0.023763958
1653512844.041793108,-93.827033997,108.392387390,33.402141571,0.383981198,0.921952486,0.044692133,0.023763958
1653512844.107013464,-95.309043884,109.842453003,33.773067474,0.382337213,0.922522604,0.046841811,0.024003316
1653512844.177673817,-95.309043884,109.842453003,33.773067474,0.382337213,0.922522604,0.046841811,0.024003316
1653512844.246352911,-96.750511169,111.254280090,34.166843414,0.380868673,0.923029661,0.049345188,0.022810582
1653512844.307249069,-96.750511169,111.254280090,34.166843414,0.380868673,0.923029661,0.049345188,0.022810582
1653512844.376832724,-98.429908752,112.835807800,34.541801453,0.379709572,0.923400998,0.050942369,0.023582542
1653512844.440930367,-98.429908752,112.835807800,34.541801453,0.379709572,0.923400998,0.050942369,0.023582542
1653512844.507576704,-99.836746216,114.174942017,34.909690857,0.378753692,0.923699617,0.052955087,0.022812892
1653512844.573823452,-99.836746216,114.174942017,34.909690857,0.378753692,0.923699617,0.052955087,0.022812892
1653512844.640365124,-101.350471497,115.584701538,35.282562256,0.377986968,0.923950553,0.054514471,0.021665949
1653512844.706954002,-101.350471497,115.584701538,35.282562256,0.377986968,0.923950553,0.054514471,0.021665949
1653512844.774019241,-103.122985840,117.178169250,35.663467407,0.376418144,0.924557865,0.054796208,0.022350276
1653512844.841531515,-103.122985840,117.178169250,35.663467407,0.376418144,0.924557865,0.054796208,0.022350276
1653512844.907964706,-104.788269043,118.654502869,36.044387817,0.374313384,0.925408959,0.055193223,0.021481786
1653512844.973958254,-104.788269043,118.654502869,36.044387817,0.374313384,0.925408959,0.055193223,0.021481786
1653512845.040398836,-106.523551941,120.164604187,36.424659729,0.372073025,0.926388264,0.054231729,0.020623591
1653512845.107657433,-106.523551941,120.164604187,36.424659729,0.372073025,0.926388264,0.054231729,0.020623591
1653512845.174439430,-108.043563843,121.493400574,36.809310913,0.369825661,0.927357137,0.053646699,0.018967845
1653512845.245048046,-108.043563843,121.493400574,36.809310913,0.369825661,0.927357137,0.053646699,0.018967845
1653512845.308131218,-109.726608276,122.937461853,37.192008972,0.368293732,0.928096116,0.051650047,0.018154137
1653512845.373880386,-109.726608276,122.937461853,37.192008972,0.368293732,0.928096116,0.051650047,0.018154137
1653512845.440932989,-111.503898621,124.446907043,37.569625854,0.367079198,0.928704679,0.049212143,0.018402508
1653512845.507134914,-111.503898621,124.446907043,37.569625854,0.367079198,0.928704679,0.049212143,0.018402508
1653512845.573969603,-113.133865356,125.828330994,37.950641632,0.365423173,0.929476142,0.047026198,0.018126016
1653512845.640743494,-113.133865356,125.828330994,37.950641632,0.365423173,0.929476142,0.047026198,0.018126016
1653512845.707072258,-114.841453552,127.263587952,38.323905945,0.364971042,0.929781914,0.044638801,0.017580703
1653512845.774637222,-114.841453552,127.263587952,38.323905945,0.364971042,0.929781914,0.044638801,0.017580703
1653512845.841050148,-116.533561707,128.682098389,38.696899414,0.363573492,0.930475771,0.041830048,0.016714074
1653512845.906899929,-116.533561707,128.682098389,38.696899414,0.363573492,0.930475771,0.041830048,0.016714074
1653512845.973736763,-118.248184204,130.090774536,39.068668365,0.361916333,0.931235313,0.039534081,0.015948495
1653512846.041572571,-118.248184204,130.090774536,39.068668365,0.361916333,0.931235313,0.039534081,0.015948495
1653512846.107064724,-119.996528625,131.519424438,39.444534302,0.360163987,0.932076931,0.036109928,0.014512308
1653512846.179860830,-119.996528625,131.519424438,39.444534302,0.360163987,0.932076931,0.036109928,0.014512308
1653512846.242972612,-121.587600708,132.835891724,39.830966949,0.357529253,0.933267653,0.032248512,0.012016496
1653512846.307207584,-121.587600708,132.835891724,39.830966949,0.357529253,0.933267653,0.032248512,0.012016496
1653512846.373717070,-123.408180237,134.290939331,40.203136444,0.354685426,0.934504271,0.027948679,0.010902775
1653512846.441307545,-123.408180237,134.290939331,40.203136444,0.354685426,0.934504271,0.027948679,0.010902775
1653512846.507693768,-125.060066223,135.642120361,40.584381104,0.352150857,0.935591877,0.024124242,0.008698055
1653512846.576142788,-125.060066223,135.642120361,40.584381104,0.352150857,0.935591877,0.024124242,0.008698055
1653512846.641020536,-126.867118835,137.086700439,40.966503143,0.349119335,0.936813235,0.021159634,0.006991416
1653512846.706955194,-126.867118835,137.086700439,40.966503143,0.349119335,0.936813235,0.021159634,0.006991416
1653512846.773615360,-128.809249878,138.615310669,41.349925995,0.347387433,0.937505841,0.018923653,0.006832487
1653512846.840895176,-128.809249878,138.615310669,41.349925995,0.347387433,0.937505841,0.018923653,0.006832487
1653512846.907005548,-130.413558960,139.930587769,41.729854584,0.346022666,0.938044965,0.017618857,0.005430677
1653512846.973797083,-130.413558960,139.930587769,41.729854584,0.346022666,0.938044965,0.017618857,0.005430677
1653512847.040257454,-132.307907104,141.431396484,42.111900330,0.344583213,0.938597918,0.016436648,0.005121122
1653512847.107508183,-132.307907104,141.431396484,42.111900330,0.344583213,0.938597918,0.016436648,0.005121122
1653512847.175088882,-134.290115356,142.992004395,42.505931854,0.343242824,0.939106405,0.015432323,0.005032924
1653512847.240442276,-134.290115356,142.992004395,42.505931854,0.343242824,0.939106405,0.015432323,0.005032924
1653512847.307178736,-135.831649780,144.276580811,42.888450623,0.342468321,0.939410508,0.014645518,0.002973555
1653512847.373535156,-135.831649780,144.276580811,42.888450623,0.342468321,0.939410508,0.014645518,0.002973555
1653512847.443248272,-137.910049438,145.901229858,43.290420532,0.341318339,0.939839780,0.013813709,0.003492551
1653512847.507501125,-137.910049438,145.901229858,43.290420532,0.341318339,0.939839780,0.013813709,0.003492551
1653512847.573671579,-139.775680542,147.370788574,43.677318573,0.339192927,0.940621376,0.013023170,0.003152600
1653512847.640265226,-139.775680542,147.370788574,43.677318573,0.339192927,0.940621376,0.013023170,0.003152600
1653512847.707034111,-141.595687866,148.815444946,44.067626953,0.337568194,0.941219151,0.012201892,0.002321213
1653512847.774138212,-141.595687866,148.815444946,44.067626953,0.337568194,0.941219151,0.012201892,0.002321213
1653512847.840818882,-143.689514160,150.426452637,44.466793060,0.335284472,0.942049205,0.011085971,0.002181030
1653512847.907275915,-143.689514160,150.426452637,44.466793060,0.335284472,0.942049205,0.011085971,0.002181030
1653512847.974157572,-145.392303467,151.803359985,44.859546661,0.333369672,0.942738235,0.010416402,0.000861618
1653512848.040925980,-145.392303467,151.803359985,44.859546661,0.333369672,0.942738235,0.010416402,0.000861618
1653512848.108500242,-147.233566284,153.273971558,45.257373810,0.331786990,0.943297446,0.010358025,-0.000130135
1653512848.174121618,-147.233566284,153.273971558,45.257373810,0.331786990,0.943297446,0.010358025,-0.000130135
1653512848.240215540,-149.167098999,154.799438477,45.649936676,0.330665469,0.943690419,0.010427511,-0.000187609
1653512848.307149649,-149.167098999,154.799438477,45.649936676,0.330665469,0.943690419,0.010427511,-0.000187609
1653512848.374223948,-150.981170654,156.265899658,46.044364929,0.329847544,0.943973958,0.010660156,0.000266891
1653512848.440460682,-150.981170654,156.265899658,46.044364929,0.329847544,0.943973958,0.010660156,0.000266891
1653512848.507315636,-152.933547974,157.815032959,46.437278748,0.330185384,0.943848372,0.011277339,0.000861749
1653512848.578948975,-152.933547974,157.815032959,46.437278748,0.330185384,0.943848372,0.011277339,0.000861749
1653512848.647890568,-155.018630981,159.466644287,46.857078552,0.330125302,0.943863034,0.011644106,0.002054470
1653512848.708330631,-155.018630981,159.466644287,46.857078552,0.330125302,0.943863034,0.011644106,0.002054470
1653512848.774948835,-156.739440918,160.865463257,47.229064941,0.329938293,0.943932950,0.011200243,0.002411371
1653512848.842151880,-156.739440918,160.865463257,47.229064941,0.329938293,0.943932950,0.011200243,0.002411371
1653512848.907010794,-158.581878662,162.350341797,47.611640930,0.330032766,0.943900764,0.011060663,0.002727423
1653512848.973612309,-158.581878662,162.350341797,47.611640930,0.330032766,0.943900764,0.011060663,0.002727423
1653512849.040734768,-160.467651367,163.858047485,48.003444672,0.329391301,0.944128871,0.010648831,0.002937309
1653512849.108444452,-160.467651367,163.858047485,48.003444672,0.329391301,0.944128871,0.010648831,0.002937309
1653512849.173638582,-162.523330688,165.450469971,48.401763916,0.328228593,0.944538236,0.010094292,0.003411248
1653512849.240166664,-162.523330688,165.450469971,48.401763916,0.328228593,0.944538236,0.010094292,0.003411248
1653512849.307057142,-162.523330688,165.450469971,48.401763916,0.328228593,0.944538236,0.010094292,0.003411248
1653512849.380886555,-162.523330688,165.450469971,48.401763916,0.328228593,0.944538236,0.010094292,0.003411248
1653512849.440676212,-164.397216797,166.946853638,48.806018829,0.326934934,0.944999337,0.008981233,0.003020589
1653512849.507248163,-164.397216797,166.946853638,48.806018829,0.326934934,0.944999337,0.008981233,0.003020589
1653512849.574264765,-166.440170288,168.532852173,49.220779419,0.325079888,0.945642948,0.008432796,0.003379854
1653512849.641241312,-166.440170288,168.532852173,49.220779419,0.325079888,0.945642948,0.008432796,0.003379854
1653512849.707147360,-168.437164307,170.100967407,49.637672424,0.323774308,0.946091294,0.008147195,0.003886207
1653512849.774319410,-168.437164307,170.100967407,49.637672424,0.323774308,0.946091294,0.008147195,0.003886207
1653512849.843614340,-170.302276611,171.596191406,50.051326752,0.323430896,0.946207702,0.008255280,0.003913424
1653512849.906922340,-170.302276611,171.596191406,50.051326752,0.323430896,0.946207702,0.008255280,0.003913424
1653512849.973924398,-172.356597900,173.214569092,50.485610962,0.322805852,0.946418881,0.008372581,0.004191641
1653512850.040259600,-172.356597900,173.214569092,50.485610962,0.322805852,0.946418881,0.008372581,0.004191641
1653512850.107175112,-174.262130737,174.731506348,50.905139923,0.322625279,0.946472704,0.008773306,0.005041332
1653512850.173993111,-174.262130737,174.731506348,50.905139923,0.322625279,0.946472704,0.008773306,0.005041332
1653512850.240304708,-176.354248047,176.369644165,51.320255280,0.323448598,0.946179867,0.009650644,0.005617510
1653512850.307272434,-176.354248047,176.369644165,51.320255280,0.323448598,0.946179867,0.009650644,0.005617510
1653512850.374688387,-178.418533325,177.992263794,51.739673615,0.324045300,0.945955694,0.011152137,0.006172140
1653512850.440198183,-178.418533325,177.992263794,51.739673615,0.324045300,0.945955694,0.011152137,0.006172140
1653512850.510299921,-180.349777222,179.544128418,52.159072876,0.324629396,0.945736647,0.012523604,0.006412261
1653512850.573478699,-180.349777222,179.544128418,52.159072876,0.324629396,0.945736647,0.012523604,0.006412261
1653512850.640206814,-182.180175781,181.045944214,52.572071075,0.325902134,0.945276439,0.013773462,0.007111112
1653512850.707139015,-182.180175781,181.045944214,52.572071075,0.325902134,0.945276439,0.013773462,0.007111112
1653512850.773489475,-184.434463501,182.781448364,52.966239929,0.326386958,0.945080340,0.014689871,0.008886146
1653512850.840548515,-184.434463501,182.781448364,52.966239929,0.326386958,0.945080340,0.014689871,0.008886146
1653512850.906795979,-186.186904907,184.232498169,53.361492157,0.327403337,0.944695890,0.016257023,0.009617204
1653512850.973838568,-186.186904907,184.232498169,53.361492157,0.327403337,0.944695890,0.016257023,0.009617204
1653512851.040447712,-188.328933716,185.899505615,53.758152008,0.328505725,0.944266856,0.017697211,0.011439466
1653512851.108554363,-188.328933716,185.899505615,53.758152008,0.328505725,0.944266856,0.017697211,0.011439466
1653512851.173966646,-190.371307373,187.511932373,54.154941559,0.329709500,0.943830967,0.017771861,0.012607142
1653512851.240304947,-190.371307373,187.511932373,54.154941559,0.329709500,0.943830967,0.017771861,0.012607142
1653512851.307848215,-192.343582153,189.073974609,54.554576874,0.330524147,0.943540573,0.017223136,0.013724879
1653512851.374533653,-192.343582153,189.073974609,54.554576874,0.330524147,0.943540573,0.017223136,0.013724879
1653512851.440221071,-194.517425537,190.754943848,54.951541901,0.331666768,0.943155468,0.015237808,0.014925785
1653512851.507994652,-194.517425537,190.754943848,54.951541901,0.331666768,0.943155468,0.015237808,0.014925785
1653512851.573522806,-196.335784912,192.224670410,55.343227386,0.332607120,0.942869902,0.012705209,0.014403393
1653512851.640272617,-196.335784912,192.224670410,55.343227386,0.332607120,0.942869902,0.012705209,0.014403393
1653512851.707235336,-198.540115356,193.907165527,55.745319366,0.333257556,0.942667305,0.009973918,0.014774832
1653512851.773508072,-198.540115356,193.907165527,55.745319366,0.333257556,0.942667305,0.009973918,0.014774832
1653512851.841531992,-200.527709961,195.478607178,56.151657104,0.334210187,0.942374825,0.006204972,0.013955813
1653512851.907963514,-200.527709961,195.478607178,56.151657104,0.334210187,0.942374825,0.006204972,0.013955813
1653512851.974639177,-202.638900757,197.122146606,56.557403564,0.334654778,0.942239225,0.002917128,0.013522944
1653512852.040490150,-202.638900757,197.122146606,56.557403564,0.334654778,0.942239225,0.002917128,0.013522944
1653512852.106917858,-205.046859741,198.926132202,56.952663422,0.334676802,0.942217469,-0.000279661,0.014750579
1653512852.173496723,-205.046859741,198.926132202,56.952663422,0.334676802,0.942217469,-0.000279661,0.014750579
1653512852.241298199,-206.813415527,200.374954224,57.331783295,0.334729403,0.942205250,-0.002952721,0.014025723
1653512852.307703972,-206.813415527,200.374954224,57.331783295,0.334729403,0.942205250,-0.002952721,0.014025723
1653512852.374005556,-208.918579102,202.016128540,57.708934784,0.334678650,0.942193568,-0.004765518,0.015453981
1653512852.440462112,-208.918579102,202.016128540,57.708934784,0.334678650,0.942193568,-0.004765518,0.015453981
1653512852.512834787,-211.258651733,203.793197632,58.078483582,0.333994865,0.942384064,-0.006365036,0.017866200
1653512852.573736429,-211.258651733,203.793197632,58.078483582,0.333994865,0.942384064,-0.006365036,0.017866200
1653512852.640156031,-213.337188721,205.439743042,58.459297180,0.334034950,0.942322910,-0.006490760,0.020152321
1653512852.710113049,-213.337188721,205.439743042,58.459297180,0.334034950,0.942322910,-0.006490760,0.020152321
1653512852.774370432,-215.530151367,207.119720459,58.806045532,0.333618134,0.942409515,-0.006854283,0.022720536
1653512852.840499401,-215.530151367,207.119720459,58.806045532,0.333618134,0.942409515,-0.006854283,0.022720536
1653512852.908144474,-217.761062622,208.862167358,59.172653198,0.333538920,0.942392051,-0.007423834,0.024370918
1653512852.975759983,-217.761062622,208.862167358,59.172653198,0.333538920,0.942392051,-0.007423834,0.024370918
1653512853.040182590,-219.590866089,210.390304565,59.539363861,0.334642380,0.941996694,-0.006687941,0.024737315
1653512853.107246161,-219.590866089,210.390304565,59.539363861,0.334642380,0.941996694,-0.006687941,0.024737315
1653512853.173993111,-222.164093018,212.340133667,59.901905060,0.336148053,0.941402793,-0.006322032,0.026931088
1653512853.240641356,-222.164093018,212.340133667,59.901905060,0.336148053,0.941402793,-0.006322032,0.026931088
1653512853.306932688,-224.181900024,213.986648560,60.269702911,0.338097900,0.940702856,-0.005100558,0.027238050
1653512853.373432875,-224.181900024,213.986648560,60.269702911,0.338097900,0.940702856,-0.005100558,0.027238050
1653512853.440228939,-226.259414673,215.667617798,60.632919312,0.340851814,0.939727306,-0.003698597,0.026813529
1653512853.506988525,-226.259414673,215.667617798,60.632919312,0.340851814,0.939727306,-0.003698597,0.026813529
1653512853.573493958,-228.855575562,217.638412476,60.992012024,0.343024969,0.938901305,-0.002970768,0.028095890
1653512853.640175343,-228.855575562,217.638412476,60.992012024,0.343024969,0.938901305,-0.002970768,0.028095890
1653512853.707529068,-230.788635254,219.237930298,61.348903656,0.344198734,0.938500464,-0.002333869,0.027178755
1653512853.773413897,-230.788635254,219.237930298,61.348903656,0.344198734,0.938500464,-0.002333869,0.027178755
1653512853.840670824,-233.318511963,221.171600342,61.698032379,0.344838858,0.938246310,-0.002416343,0.027824372
1653512853.906705379,-233.318511963,221.171600342,61.698032379,0.344838858,0.938246310,-0.002416343,0.027824372
1653512853.973911524,-235.265060425,222.767501831,62.050357819,0.343881190,0.938629627,-0.002720611,0.026697868
1653512854.042279243,-235.265060425,222.767501831,62.050357819,0.343881190,0.938629627,-0.002720611,0.026697868
1653512854.108766556,-237.716949463,224.653259277,62.385810852,0.342427433,0.939148962,-0.003582610,0.027015002
1653512854.174381495,-237.716949463,224.653259277,62.385810852,0.342427433,0.939148962,-0.003582610,0.027015002
1653512854.240505219,-240.231155396,226.583984375,62.726802826,0.341450989,0.939488769,-0.004145981,0.027474629
1653512854.306952000,-240.231155396,226.583984375,62.726802826,0.341450989,0.939488769,-0.004145981,0.027474629
1653512854.373457909,-242.434432983,228.331771851,63.059932709,0.341136843,0.939598262,-0.003727613,0.027693029
1653512854.440415621,-242.434432983,228.331771851,63.059932709,0.341136843,0.939598262,-0.003727613,0.027693029
1653512854.506725788,-244.984222412,230.273544312,63.389060974,0.341860384,0.939291298,-0.003223863,0.029205587
1653512854.573538303,-244.984222412,230.273544312,63.389060974,0.341860384,0.939291298,-0.003223863,0.029205587
1653512854.642292976,-247.179153442,232.030105591,63.726417542,0.343425691,0.938720286,-0.002518163,0.029269490
1653512854.707331419,-247.179153442,232.030105591,63.726417542,0.343425691,0.938720286,-0.002518163,0.029269490
1653512854.774331331,-249.725494385,233.986450195,64.066368103,0.344685853,0.938224137,-0.002115646,0.030374968
1653512854.841635466,-249.725494385,233.986450195,64.066368103,0.344685853,0.938224137,-0.002115646,0.030374968
1653512854.909169197,-252.144348145,235.858291626,64.399711609,0.345182598,0.938005805,-0.001798273,0.031478718
1653512854.973768711,-252.144348145,235.858291626,64.399711609,0.345182598,0.938005805,-0.001798273,0.031478718
1653512855.040339708,-254.582946777,237.749176025,64.739112854,0.345067084,0.938029885,-0.001924274,0.032014642
1653512855.106919765,-254.582946777,237.749176025,64.739112854,0.345067084,0.938029885,-0.001924274,0.032014642
1653512855.173506498,-257.147583008,239.681488037,65.061561584,0.343559772,0.938538611,-0.002425349,0.033257548
1653512855.240131855,-257.147583008,239.681488037,65.061561584,0.343559772,0.938538611,-0.002425349,0.033257548
1653512855.307173014,-259.534271240,241.531387329,65.394783020,0.341245621,0.939372003,-0.002850485,0.033518478
1653512855.373604774,-259.534271240,241.531387329,65.394783020,0.341245621,0.939372003,-0.002850485,0.033518478
1653512855.440690041,-262.143127441,243.504714966,65.721435547,0.339612991,0.939926326,-0.002896804,0.034541849
1653512855.506908655,-262.143127441,243.504714966,65.721435547,0.339612991,0.939926326,-0.002896804,0.034541849
1653512855.573400974,-264.875701904,245.548431396,66.044677734,0.338140965,0.940392852,-0.002227436,0.036291245
1653512855.640138149,-264.875701904,245.548431396,66.044677734,0.338140965,0.940392852,-0.002227436,0.036291245
1653512855.707227945,-267.052856445,247.316055298,66.379234314,0.337643951,0.940573633,-0.001286639,0.036279403
1653512855.773882627,-267.052856445,247.316055298,66.379234314,0.337643951,0.940573633,-0.001286639,0.036279403
1653512855.840077162,-269.281311035,249.129425049,66.709663391,0.338580877,0.940229774,0.000819395,0.036473941
1653512855.910607100,-269.281311035,249.129425049,66.709663391,0.338580877,0.940229774,0.000819395,0.036473941
1653512855.973409176,-272.020996094,251.227203369,67.020629883,0.340010166,0.939640939,0.002686361,0.038220264
1653512856.040306091,-272.020996094,251.227203369,67.020629883,0.340010166,0.939640939,0.002686361,0.038220264
1653512856.107012749,-274.184692383,253.020202637,67.353263855,0.341109693,0.939255893,0.004595637,0.037701208
1653512856.174962997,-274.184692383,253.020202637,67.353263855,0.341109693,0.939255893,0.004595637,0.037701208
1653512856.239984035,-276.732574463,255.012313843,67.670867920,0.342098027,0.938846111,0.006456474,0.038668316
1653512856.307122231,-276.732574463,255.012313843,67.670867920,0.342098027,0.938846111,0.006456474,0.038668316
1653512856.373892784,-279.211883545,256.950073242,67.991058350,0.340872526,0.939272463,0.007229981,0.038998980
1653512856.440026045,-279.211883545,256.950073242,67.991058350,0.340872526,0.939272463,0.007229981,0.038998980
1653512856.506756783,-281.588714600,258.808807373,68.308784485,0.337941647,0.940311551,0.008193355,0.039274536
1653512856.573977709,-281.588714600,258.808807373,68.308784485,0.337941647,0.940311551,0.008193355,0.039274536
1653512856.640237331,-284.413269043,260.895202637,68.604995728,0.334774077,0.941391230,0.008393669,0.040476847
1653512856.707677841,-284.413269043,260.895202637,68.604995728,0.334774077,0.941391230,0.008393669,0.040476847
1653512856.774567842,-286.717468262,262.705322266,68.923484802,0.331053793,0.942714572,0.008999707,0.040145073
1653512856.840320110,-286.717468262,262.705322266,68.923484802,0.331053793,0.942714572,0.008999707,0.040145073
1653512856.906720638,-289.319854736,264.672302246,69.230789185,0.327886999,0.943775177,0.010463519,0.040853441
1653512856.973795891,-289.319854736,264.672302246,69.230789185,0.327886999,0.943775177,0.010463519,0.040853441
1653512857.040126085,-292.249969482,266.816406250,69.523780823,0.325510234,0.944532037,0.011707097,0.042014599
1653512857.107126951,-292.249969482,266.816406250,69.523780823,0.325510234,0.944532037,0.011707097,0.042014599
1653512857.175077200,-294.799316406,268.749877930,69.842552185,0.323135138,0.945326447,0.013458238,0.041957557
1653512857.240763664,-294.799316406,268.749877930,69.842552185,0.323135138,0.945326447,0.013458238,0.041957557
1653512857.307958126,-297.627960205,270.823699951,70.153999329,0.320855260,0.946015239,0.015969872,0.043035109
1653512857.373913765,-297.627960205,270.823699951,70.153999329,0.320855260,0.946015239,0.015969872,0.043035109
1653512857.440680265,-300.622772217,272.969024658,70.456268311,0.318436921,0.946754396,0.018032733,0.043919191
1653512857.507310629,-300.622772217,272.969024658,70.456268311,0.318436921,0.946754396,0.018032733,0.043919191
1653512857.574405193,-303.148773193,274.848754883,70.778991699,0.314944923,0.947876275,0.020552499,0.043793652
1653512857.646928310,-303.148773193,274.848754883,70.778991699,0.314944923,0.947876275,0.020552499,0.043793652
1653512857.707074642,-306.357727051,277.071258545,71.073356628,0.310419023,0.949244678,0.023452580,0.044994961
1653512857.773392200,-306.357727051,277.071258545,71.073356628,0.310419023,0.949244678,0.023452580,0.044994961
1653512857.841518402,-308.821868896,278.881561279,71.396636963,0.306236446,0.950558960,0.026210416,0.044384278
1653512857.906689405,-308.821868896,278.881561279,71.396636963,0.306236446,0.950558960,0.026210416,0.044384278
1653512857.973566532,-311.872650146,280.992156982,71.696228027,0.301529199,0.951911926,0.029637424,0.045447797
1653512858.044623613,-311.872650146,280.992156982,71.696228027,0.301529199,0.951911926,0.029637424,0.045447797
1653512858.108480692,-315.056610107,283.157470703,71.983268738,0.297060966,0.953166008,0.032991357,0.046269923
1653512858.173823118,-315.056610107,283.157470703,71.983268738,0.297060966,0.953166008,0.032991357,0.046269923
1653512858.240159273,-317.437164307,284.908020020,72.324768066,0.293389797,0.954199910,0.037469704,0.044955805
1653512858.306724310,-317.437164307,284.908020020,72.324768066,0.293389797,0.954199910,0.037469704,0.044955805
1653512858.373444319,-320.741943359,287.109832764,72.605827332,0.289790094,0.955097556,0.041124083,0.046033997
1653512858.440096617,-320.741943359,287.109832764,72.605827332,0.289790094,0.955097556,0.041124083,0.046033997
1653512858.506766796,-323.559143066,289.055725098,72.925041199,0.286528915,0.955915034,0.045114867,0.045740958
1653512858.573440075,-323.559143066,289.055725098,72.925041199,0.286528915,0.955915034,0.045114867,0.045740958
1653512858.640243292,-326.110931396,290.853515625,73.258140564,0.284470677,0.956405580,0.049036477,0.044274490
1653512858.706696272,-326.110931396,290.853515625,73.258140564,0.284470677,0.956405580,0.049036477,0.044274490
1653512858.774981737,-329.251190186,292.933319092,73.563919067,0.281666338,0.957077622,0.051978353,0.044324942
1653512858.844526768,-329.251190186,292.933319092,73.563919067,0.281666338,0.957077622,0.051978353,0.044324942
1653512858.906967163,-332.230957031,294.910034180,73.890670776,0.278605819,0.957839310,0.055067606,0.043476775
1653512858.973641872,-332.230957031,294.910034180,73.890670776,0.278605819,0.957839310,0.055067606,0.043476775
1653512859.040619373,-334.857025146,296.661163330,74.233993530,0.275981545,0.958494961,0.057847723,0.042134255
1653512859.106847763,-334.857025146,296.661163330,74.233993530,0.275981545,0.958494961,0.057847723,0.042134255
1653512859.176100969,-337.979400635,298.646362305,74.559173584,0.272426069,0.959467888,0.059215851,0.041217308
1653512859.242381334,-337.979400635,298.646362305,74.559173584,0.272426069,0.959467888,0.059215851,0.041217308
1653512859.306977034,-340.806182861,300.458526611,74.912528992,0.268987685,0.960450590,0.060406689,0.039131586
1653512859.373625517,-340.806182861,300.458526611,74.912528992,0.268987685,0.960450590,0.060406689,0.039131586
1653512859.441655397,-344.017486572,302.432159424,75.228126526,0.266361713,0.961159229,0.061492570,0.037987661
1653512859.506680250,-344.017486572,302.432159424,75.228126526,0.266361713,0.961159229,0.061492570,0.037987661
1653512859.573689461,-346.918365479,304.242553711,75.575752258,0.263566613,0.961911619,0.062771112,0.036310818
1653512859.641187429,-346.918365479,304.242553711,75.575752258,0.263566613,0.961911619,0.062771112,0.036310818
1653512859.707684755,-349.986633301,306.087615967,75.896308899,0.260635406,0.962682962,0.063897274,0.035040747
1653512859.773678303,-349.986633301,306.087615967,75.896308899,0.260635406,0.962682962,0.063897274,0.035040747
1653512859.841224909,-353.261596680,307.999755859,76.211479187,0.258386880,0.963252127,0.064772099,0.034440778
1653512859.906991959,-353.261596680,307.999755859,76.211479187,0.258386880,0.963252127,0.064772099,0.034440778
1653512859.973889589,-356.549072266,309.870880127,76.524108887,0.255052596,0.964114547,0.065517984,0.033744879
1653512860.040323257,-356.549072266,309.870880127,76.524108887,0.255052596,0.964114547,0.065517984,0.033744879
1653512860.108338594,-359.947082520,311.760986328,76.824493408,0.251839131,0.964947879,0.065835446,0.033440739
1653512860.173502207,-359.947082520,311.760986328,76.824493408,0.251839131,0.964947879,0.065835446,0.033440739
1653512860.244174719,-363.184509277,313.558471680,77.145721436,0.249341726,0.965607941,0.066349864,0.032058321
1653512860.306789875,-363.184509277,313.558471680,77.145721436,0.249341726,0.965607941,0.066349864,0.032058321
1653512860.373662949,-366.247436523,315.255828857,77.479293823,0.246080548,0.966432214,0.067186385,0.030645709
1653512860.440873146,-366.247436523,315.255828857,77.479293823,0.246080548,0.966432214,0.067186385,0.030645709
1653512860.506752968,-369.779937744,317.118896484,77.759017944,0.243375361,0.967055917,0.068080142,0.030600915
1653512860.573335886,-369.779937744,317.118896484,77.759017944,0.243375361,0.967055917,0.068080142,0.030600915
1653512860.640436888,-372.761840820,318.733123779,78.084632874,0.240937576,0.967644334,0.068898745,0.029436851
1653512860.707747698,-372.761840820,318.733123779,78.084632874,0.240937576,0.967644334,0.068898745,0.029436851
1653512860.773683548,-376.398559570,320.603088379,78.366531372,0.237747595,0.968375921,0.069599591,0.029665435
1653512860.840067387,-376.398559570,320.603088379,78.366531372,0.237747595,0.968375921,0.069599591,0.029665435
1653512860.907969475,-379.586578369,322.265747070,78.668952942,0.234409109,0.969152331,0.070206076,0.029448036
1653512860.974308252,-379.586578369,322.265747070,78.668952942,0.234409109,0.969152331,0.070206076,0.029448036
1653512861.041777849,-382.741821289,323.885620117,78.975143433,0.231228530,0.969828725,0.071944602,0.028100330
1653512861.107114315,-382.741821289,323.885620117,78.975143433,0.231228530,0.969828725,0.071944602,0.028100330
1653512861.173368692,-386.198425293,325.596801758,79.259803772,0.227278009,0.970720828,0.072526120,0.028030993
1653512861.240031004,-386.198425293,325.596801758,79.259803772,0.227278009,0.970720828,0.072526120,0.028030993
1653512861.307602406,-389.199340820,327.098602295,79.559356689,0.223152116,0.971630514,0.073309399,0.027622938
1653512861.376172781,-389.199340820,327.098602295,79.559356689,0.223152116,0.971630514,0.073309399,0.027622938
1653512861.440446854,-392.747650146,328.786468506,79.826911926,0.219289497,0.972457707,0.074060515,0.027443158
1653512861.507236242,-392.747650146,328.786468506,79.826911926,0.219289497,0.972457707,0.074060515,0.027443158
1653512861.574363947,-396.092071533,330.386779785,80.101058960,0.214687318,0.973473251,0.074390978,0.026928784
1653512861.640126228,-396.092071533,330.386779785,80.101058960,0.214687318,0.973473251,0.074390978,0.026928784
1653512861.706907988,-399.259643555,331.891937256,80.388931274,0.209603146,0.974543333,0.075192489,0.026037572
1653512861.777445316,-399.259643555,331.891937256,80.388931274,0.209603146,0.974543333,0.075192489,0.026037572
1653512861.840940475,-402.948974609,333.542785645,80.630203247,0.204837933,0.975519776,0.075514115,0.026462307
1653512861.908067942,-402.948974609,333.542785645,80.630203247,0.204837933,0.975519776,0.075514115,0.026462307
1653512861.974964619,-406.212158203,335.015502930,80.905067444,0.198918924,0.976705730,0.076322049,0.025537312
1653512862.040082455,-406.212158203,335.015502930,80.905067444,0.198918924,0.976705730,0.076322049,0.025537312
1653512862.106858730,-410.157257080,336.654449463,81.136840820,0.192535803,0.977909148,0.076952577,0.026494214
1653512862.173344851,-410.157257080,336.654449463,81.136840820,0.192535803,0.977909148,0.076952577,0.026494214
1653512862.240098953,-413.737548828,338.145416260,81.387870789,0.186875239,0.978981256,0.077409469,0.026098482
1653512862.308087349,-413.737548828,338.145416260,81.387870789,0.186875239,0.978981256,0.077409469,0.026098482
1653512862.373352766,-417.031188965,339.519775391,81.674697876,0.181331739,0.980020463,0.077980779,0.024447378
1653512862.442991734,-417.031188965,339.519775391,81.674697876,0.181331739,0.980020463,0.077980779,0.024447378
1653512862.510988474,-420.974334717,341.062469482,81.923103333,0.175736874,0.980965257,0.078871541,0.024556328
1653512862.573432684,-420.974334717,341.062469482,81.923103333,0.175736874,0.980965257,0.078871541,0.024556328
1653512862.640456676,-424.406799316,342.443756104,82.232444763,0.171136454,0.981704235,0.080276914,0.022907341
1653512862.707584620,-424.406799316,342.443756104,82.232444763,0.171136454,0.981704235,0.080276914,0.022907341
1653512862.773266554,-427.919952393,343.786346436,82.506973267,0.166473493,0.982401133,0.081738442,0.022212135
1653512862.841132641,-427.919952393,343.786346436,82.506973267,0.166473493,0.982401133,0.081738442,0.022212135
1653512862.906924009,-432.238037109,345.336822510,82.747505188,0.161195934,0.983171403,0.082961306,0.022522293
1653512862.974177837,-432.238037109,345.336822510,82.747505188,0.161195934,0.983171403,0.082961306,0.022522293
1653512863.040174961,-435.205108643,346.510711670,83.095649719,0.155984029,0.984073639,0.082962349,0.019629557
1653512863.106941700,-435.205108643,346.510711670,83.095649719,0.155984029,0.984073639,0.082962349,0.019629557
1653512863.173648119,-438.963531494,347.853179932,83.386054993,0.149894789,0.984877646,0.084770545,0.019014644
1653512863.240165949,-438.963531494,347.853179932,83.386054993,0.149894789,0.984877646,0.084770545,0.019014644
1653512863.306677818,-442.660888672,349.145050049,83.696128845,0.143860683,0.985652566,0.086295351,0.018606152
1653512863.373268843,-442.660888672,349.145050049,83.696128845,0.143860683,0.985652566,0.086295351,0.018606152
1653512863.439958811,-445.612670898,350.216064453,84.057304382,0.138534039,0.986311913,0.087896824,0.016468994
1653512863.506558418,-445.612670898,350.216064453,84.057304382,0.138534039,0.986311913,0.087896824,0.016468994
1653512863.574600220,-449.785919189,351.551116943,84.342338562,0.133326873,0.986866474,0.089757212,0.016191946
1653512863.640001774,-449.785919189,351.551116943,84.342338562,0.133326873,0.986866474,0.089757212,0.016191946
1653512863.707355499,-453.260711670,352.704010010,84.697288513,0.128145024,0.987431169,0.091375269,0.014460458
1653512863.773550510,-453.260711670,352.704010010,84.697288513,0.128145024,0.987431169,0.091375269,0.014460458
1653512863.841645479,-456.682220459,353.801452637,85.045608521,0.123232253,0.987809062,0.094167665,0.013399858
1653512863.906699896,-456.682220459,353.801452637,85.045608521,0.123232253,0.987809062,0.094167665,0.013399858
1653512863.973413706,-460.818603516,355.016174316,85.351402283,0.118275873,0.988148093,0.096803807,0.014256012
1653512864.040096045,-460.818603516,355.016174316,85.351402283,0.118275873,0.988148093,0.096803807,0.014256012
1653512864.112591028,-463.950744629,355.980377197,85.711380005,0.113112882,0.988453627,0.099950708,0.013221630
1653512864.173373461,-463.950744629,355.980377197,85.711380005,0.113112882,0.988453627,0.099950708,0.013221630
1653512864.243988752,-468.178009033,357.129455566,86.028739929,0.108035438,0.988740325,0.102565452,0.014185878
1653512864.307255745,-468.178009033,357.129455566,86.028739929,0.108035438,0.988740325,0.102565452,0.014185878
1653512864.373469353,-472.707275391,358.253143311,86.301330566,0.102267258,0.989040434,0.105255254,0.016178340
1653512864.440333366,-472.707275391,358.253143311,86.301330566,0.102267258,0.989040434,0.105255254,0.016178340
1653512864.508420706,-475.883941650,359.099090576,86.657890320,0.096516609,0.989561319,0.105811350,0.016027523
1653512864.574949741,-475.883941650,359.099090576,86.657890320,0.096516609,0.989561319,0.105811350,0.016027523
1653512864.640060425,-480.031372070,360.088684082,86.966285706,0.091193452,0.990098774,0.105317220,0.017218530
1653512864.706957340,-480.031372070,360.088684082,86.966285706,0.091193452,0.990098774,0.105317220,0.017218530
1653512864.773512363,-483.533386230,360.934600830,87.298812866,0.085586831,0.990731597,0.104024321,0.017456923
1653512864.840103149,-483.533386230,360.934600830,87.298812866,0.085586831,0.990731597,0.104024321,0.017456923
1653512864.906654596,-487.557647705,361.820831299,87.600318909,0.079474166,0.991493404,0.101368323,0.018686600
1653512864.973979235,-487.557647705,361.820831299,87.600318909,0.079474166,0.991493404,0.101368323,0.018686600
1653512865.040711880,-491.922393799,362.714263916,87.886314392,0.073738538,0.992085993,0.099671520,0.019839330
1653512865.106712103,-491.922393799,362.714263916,87.886314392,0.073738538,0.992085993,0.099671520,0.019839330
1653512865.174374342,-495.346801758,363.451721191,88.247596741,0.067491300,0.992636502,0.098754063,0.019114967
1653512865.240088224,-495.346801758,363.451721191,88.247596741,0.067491300,0.992636502,0.098754063,0.019114967
1653512865.307990789,-499.591796875,364.241790771,88.546020508,0.060591534,0.993003786,0.099432863,0.019628465
1653512865.373539209,-499.591796875,364.241790771,88.546020508,0.060591534,0.993003786,0.099432863,0.019628465
1653512865.440047979,-503.454406738,364.944610596,88.876823425,0.054251101,0.993298829,0.100296296,0.018839253
1653512865.508740187,-503.454406738,364.944610596,88.876823425,0.054251101,0.993298829,0.100296296,0.018839253
1653512865.574113607,-507.430084229,365.600891113,89.197029114,0.046983521,0.993504286,0.102023676,0.018247254
1653512865.641381502,-507.430084229,365.600891113,89.197029114,0.046983521,0.993504286,0.102023676,0.018247254
1653512865.707381248,-511.552154541,366.235412598,89.518936157,0.039602146,0.993708730,0.103380866,0.016943507
1653512865.773191929,-511.552154541,366.235412598,89.518936157,0.039602146,0.993708730,0.103380866,0.016943507
1653512865.842298985,-515.258972168,366.804290771,89.864166260,0.032693613,0.993792534,0.105442040,0.013767936
1653512865.906948090,-515.258972168,366.804290771,89.864166260,0.032693613,0.993792534,0.105442040,0.013767936
1653512865.973409653,-519.894409180,367.383575439,90.149391174,0.025410919,0.993646324,0.108935185,0.012425694
1653512866.040848732,-519.894409180,367.383575439,90.149391174,0.025410919,0.993646324,0.108935185,0.012425694
1653512866.106967926,-523.694519043,367.885589600,90.484886169,0.018673562,0.993536413,0.111605972,0.008986816
1653512866.174741030,-523.694519043,367.885589600,90.484886169,0.018673562,0.993536413,0.111605972,0.008986816
1653512866.240095615,-527.655395508,368.349243164,90.832969666,0.013247920,0.993391037,0.113912404,0.004770604
1653512866.306711197,-527.655395508,368.349243164,90.832969666,0.013247920,0.993391037,0.113912404,0.004770604
1653512866.373198748,-532.320861816,368.770721436,91.148101807,0.008952823,0.993429363,0.114081457,0.001846900
1653512866.439948559,-532.320861816,368.770721436,91.148101807,0.008952823,0.993429363,0.114081457,0.001846900
1653512866.507191658,-535.883911133,369.136993408,91.552902222,0.003734338,0.993784070,0.111225605,-0.002849865
1653512866.573571444,-535.883911133,369.136993408,91.552902222,0.003734338,0.993784070,0.111225605,-0.002849865
1653512866.640377522,-540.257751465,369.450317383,91.895980835,-0.002386276,0.994147599,0.107900076,-0.004730689
1653512866.707402945,-540.257751465,369.450317383,91.895980835,-0.002386276,0.994147599,0.107900076,-0.004730689
1653512866.773492098,-544.148742676,369.717926025,92.275276184,-0.010811553,0.994621813,0.102795079,-0.006613728
1653512866.839846849,-544.148742676,369.717926025,92.275276184,-0.010811553,0.994621813,0.102795079,-0.006613728
1653512866.906544685,-547.905700684,369.935882568,92.661712646,-0.021058997,0.995013058,0.097181603,-0.007826523
1653512866.973275900,-547.905700684,369.935882568,92.661712646,-0.021058997,0.995013058,0.097181603,-0.007826523
1653512867.040102005,-552.236694336,370.097167969,93.012840271,-0.032500841,0.995142281,0.092568628,-0.008158079
1653512867.106894970,-552.236694336,370.097167969,93.012840271,-0.032500841,0.995142281,0.092568628,-0.008158079
1653512867.173267841,-556.363891602,370.229217529,93.400672913,-0.043714471,0.994957149,0.089865491,-0.008575762
1653512867.240780830,-556.363891602,370.229217529,93.400672913,-0.043714471,0.994957149,0.089865491,-0.008575762
1653512867.307920694,-560.073242188,370.343017578,93.820541382,-0.054201465,0.994462013,0.089564472,-0.009256886
1653512867.374948502,-560.073242188,370.343017578,93.820541382,-0.054201465,0.994462013,0.089564472,-0.009256886
1653512867.439944744,-564.995971680,370.353088379,94.169334412,-0.063906193,0.993683100,0.091865316,-0.008405780
1653512867.506983280,-564.995971680,370.353088379,94.169334412,-0.063906193,0.993683100,0.091865316,-0.008405780
1653512867.574032545,-568.433837891,370.440216064,94.629486084,-0.072317719,0.992827773,0.094486833,-0.011638262
1653512867.640083790,-568.433837891,370.440216064,94.629486084,-0.072317719,0.992827773,0.094486833,-0.011638262
1653512867.706727743,-572.344421387,370.464019775,95.060989380,-0.079115577,0.992101789,0.096345015,-0.013871903
1653512867.773584366,-572.344421387,370.464019775,95.060989380,-0.079115577,0.992101789,0.096345015,-0.013871903
1653512867.840347767,-577.006164551,370.366058350,95.429023743,-0.084792323,0.991510808,0.097488068,-0.014582455
1653512867.907156229,-577.006164551,370.366058350,95.429023743,-0.084792323,0.991510808,0.097488068,-0.014582455
1653512867.973200798,-580.558227539,370.341461182,95.877937317,-0.090514898,0.990981817,0.097243108,-0.017490622
1653512868.040233612,-580.558227539,370.341461182,95.877937317,-0.090514898,0.990981817,0.097243108,-0.017490622
1653512868.107014656,-585.185180664,370.164337158,96.222778320,-0.097204454,0.990322530,0.097628251,-0.016770413
1653512868.173816204,-585.185180664,370.164337158,96.222778320,-0.097204454,0.990322530,0.097628251,-0.016770413
1653512868.240252018,-588.853881836,370.066986084,96.621543884,-0.104496405,0.989623487,0.096959941,-0.018018655
1653512868.307751179,-588.853881836,370.066986084,96.621543884,-0.104496405,0.989623487,0.096959941,-0.018018655
1653512868.374102354,-593.174011230,369.833374023,96.949264526,-0.113050334,0.988784671,0.096163705,-0.016644813
1653512868.440230370,-593.174011230,369.833374023,96.949264526,-0.113050334,0.988784671,0.096163705,-0.016644813
1653512868.506868601,-597.349609375,369.585571289,97.282905579,-0.122198902,0.987832665,0.094852217,-0.016034573
1653512868.573565722,-597.349609375,369.585571289,97.282905579,-0.122198902,0.987832665,0.094852217,-0.016034573
1653512868.640960693,-601.054199219,369.372314453,97.633895874,-0.130154192,0.986962140,0.093275040,-0.016291829
1653512868.706914902,-601.054199219,369.372314453,97.633895874,-0.130154192,0.986962140,0.093275040,-0.016291829
1653512868.773658752,-605.362792969,369.026947021,97.943496704,-0.137492731,0.986110747,0.091919243,-0.015236614
1653512868.842586756,-605.362792969,369.026947021,97.943496704,-0.137492731,0.986110747,0.091919243,-0.015236614
1653512868.907688379,-609.571044922,368.656311035,98.257865906,-0.143787175,0.985342920,0.090666436,-0.014290447
1653512868.977604389,-609.571044922,368.656311035,98.257865906,-0.143787175,0.985342920,0.090666436,-0.014290447
1653512869.040369987,-613.623291016,368.266204834,98.595718384,-0.149618506,0.984611332,0.089126118,-0.014537228
1653512869.107024670,-613.623291016,368.266204834,98.595718384,-0.149618506,0.984611332,0.089126118,-0.014537228
1653512869.173470974,-617.646179199,367.839660645,98.932968140,-0.155509010,0.983857512,0.087274924,-0.014982590
1653512869.239970684,-617.646179199,367.839660645,98.932968140,-0.155509010,0.983857512,0.087274924,-0.014982590
1653512869.306935549,-621.395202637,367.442352295,99.290023804,-0.161787733,0.983031511,0.084962904,-0.015970642
1653512869.373974085,-621.395202637,367.442352295,99.290023804,-0.161787733,0.983031511,0.084962904,-0.015970642
1653512869.440958261,-625.980407715,366.801849365,99.591705322,-0.168526068,0.981871963,0.085384957,-0.015357822
1653512869.509685993,-625.980407715,366.801849365,99.591705322,-0.168526068,0.981871963,0.085384957,-0.015357822
1653512869.574013472,-630.066467285,366.218902588,99.935562134,-0.176627785,0.980349779,0.086506933,-0.015279308
1653512869.641179323,-630.066467285,366.218902588,99.935562134,-0.176627785,0.980349779,0.086506933,-0.015279308
1653512869.707312346,-634.028564453,365.607025146,100.274497986,-0.184568048,0.978678882,0.088709138,-0.015904639
1653512869.773610830,-634.028564453,365.607025146,100.274497986,-0.184568048,0.978678882,0.088709138,-0.015904639
1653512869.840641260,-638.446655273,364.836822510,100.588867188,-0.192281023,0.976873398,0.092193700,-0.015705770
1653512869.906605959,-638.446655273,364.836822510,100.588867188,-0.192281023,0.976873398,0.092193700,-0.015705770
1653512869.976892710,-642.310546875,364.181884766,100.946289062,-0.199467674,0.975033879,0.096098967,-0.016928898
1653512870.039963007,-642.310546875,364.181884766,100.946289062,-0.199467674,0.975033879,0.096098967,-0.016928898
1653512870.107197046,-646.563293457,363.375671387,101.293151855,-0.206029609,0.973050416,0.101919077,-0.018361369
1653512870.173145294,-646.563293457,363.375671387,101.293151855,-0.206029609,0.973050416,0.101919077,-0.018361369
1653512870.240261316,-650.600219727,362.591400146,101.626426697,-0.210979566,0.971463621,0.106572233,-0.019709080
1653512870.307783604,-650.600219727,362.591400146,101.626426697,-0.210979566,0.971463621,0.106572233,-0.019709080
1653512870.373294592,-654.176818848,361.911010742,101.997489929,-0.215902716,0.969889522,0.110516280,-0.022057356
1653512870.440109015,-654.176818848,361.911010742,101.997489929,-0.215902716,0.969889522,0.110516280,-0.022057356
1653512870.506791830,-658.213928223,361.060485840,102.326484680,-0.220514193,0.968425155,0.113975503,-0.023146173
1653512870.573102951,-658.213928223,361.060485840,102.326484680,-0.220514193,0.968425155,0.113975503,-0.023146173
1653512870.639795542,-662.505920410,360.067047119,102.647354126,-0.224575400,0.967094958,0.117060803,-0.024289569
1653512870.706570148,-662.505920410,360.067047119,102.647354126,-0.224575400,0.967094958,0.117060803,-0.024289569
1653512870.773661375,-665.909667969,359.299560547,103.021888733,-0.228667602,0.965874791,0.118814193,-0.026080636
1653512870.839972973,-665.909667969,359.299560547,103.021888733,-0.228667602,0.965874791,0.118814193,-0.026080636
1653512870.907380104,-669.932678223,358.275726318,103.342529297,-0.233745649,0.964532197,0.119868323,-0.025927275
1653512870.973233700,-669.932678223,358.275726318,103.342529297,-0.233745649,0.964532197,0.119868323,-0.025927275
1653512871.040435076,-673.289489746,357.436187744,103.699211121,-0.239109084,0.963268399,0.119187661,-0.027114376
1653512871.111340046,-673.289489746,357.436187744,103.699211121,-0.239109084,0.963268399,0.119187661,-0.027114376
1653512871.173451424,-677.336303711,356.289916992,103.992477417,-0.244963080,0.961807072,0.119351409,-0.025989164
1653512871.240026712,-677.336303711,356.289916992,103.992477417,-0.244963080,0.961807072,0.119351409,-0.025989164
1653512871.306786776,-681.248352051,355.143737793,104.296989441,-0.251496583,0.960324466,0.117929153,-0.024882466
1653512871.374590158,-681.248352051,355.143737793,104.296989441,-0.251496583,0.960324466,0.117929153,-0.024882466
1653512871.440555096,-684.313781738,354.268798828,104.659263611,-0.257537901,0.958955526,0.115760498,-0.026038710
1653512871.508135557,-684.313781738,354.268798828,104.659263611,-0.257537901,0.958955526,0.115760498,-0.026038710
1653512871.573366165,-689.054748535,352.647033691,104.900184631,-0.263359517,0.957415044,0.116053812,-0.023015475
1653512871.640852928,-689.054748535,352.647033691,104.900184631,-0.263359517,0.957415044,0.116053812,-0.023015475
1653512871.706549644,-692.470397949,351.508026123,105.243591309,-0.269419432,0.955899477,0.114347965,-0.024370365
1653512871.775721550,-692.470397949,351.508026123,105.243591309,-0.269419432,0.955899477,0.114347965,-0.024370365
1653512871.842490196,-696.544372559,350.024322510,105.540672302,-0.275166005,0.954262972,0.114271171,-0.024656709
1653512871.907917261,-696.544372559,350.024322510,105.540672302,-0.275166005,0.954262972,0.114271171,-0.024656709
1653512871.976842642,-700.179382324,348.689147949,105.884277344,-0.281352460,0.952392876,0.114498101,-0.026052881
1653512872.039925814,-700.179382324,348.689147949,105.884277344,-0.281352460,0.952392876,0.114498101,-0.026052881
1653512872.107370853,-703.586975098,347.420043945,106.219566345,-0.287815362,0.950334370,0.115118489,-0.027832489
1653512872.175839424,-703.586975098,347.420043945,106.219566345,-0.287815362,0.950334370,0.115118489,-0.027832489
1653512872.240648746,-707.341613770,345.917663574,106.503616333,-0.293933362,0.948168159,0.117174037,-0.029164692
1653512872.307613611,-707.341613770,345.917663574,106.503616333,-0.293933362,0.948168159,0.117174037,-0.029164692
1653512872.373191357,-711.056640625,344.406097412,106.805793762,-0.300669909,0.945786774,0.118770301,-0.031282831
1653512872.443640471,-711.056640625,344.406097412,106.805793762,-0.300669909,0.945786774,0.118770301,-0.031282831
1653512872.507264376,-714.343750000,343.041595459,107.129608154,-0.307217985,0.943409383,0.120173253,-0.033973563
1653512872.578096390,-714.343750000,343.041595459,107.129608154,-0.307217985,0.943409383,0.120173253,-0.033973563
1653512872.640027285,-718.417480469,341.220336914,107.399955750,-0.313769668,0.940930247,0.122239247,-0.035446126
1653512872.707000494,-718.417480469,341.220336914,107.399955750,-0.313769668,0.940930247,0.122239247,-0.035446126
1653512872.773984432,-721.679504395,339.761810303,107.730484009,-0.320520282,0.938402772,0.123213828,-0.038539834
1653512872.843656778,-721.679504395,339.761810303,107.730484009,-0.320520282,0.938402772,0.123213828,-0.038539834
1653512872.907640457,-724.647521973,338.422119141,108.070579529,-0.327491552,0.935778558,0.123846896,-0.041590247
1653512872.973355293,-724.647521973,338.422119141,108.070579529,-0.327491552,0.935778558,0.123846896,-0.041590247
1653512873.039839268,-728.697204590,336.400177002,108.323188782,-0.334152430,0.932977796,0.126872912,-0.042401642
1653512873.107937574,-728.697204590,336.400177002,108.323188782,-0.334152430,0.932977796,0.126872912,-0.042401642
1653512873.174323797,-731.653869629,334.931701660,108.664382935,-0.340900600,0.930183172,0.128408998,-0.045356181
1653512873.243771315,-731.653869629,334.931701660,108.664382935,-0.340900600,0.930183172,0.128408998,-0.045356181
1653512873.306689501,-735.300903320,332.994812012,108.952690125,-0.348192155,0.927070975,0.130748674,-0.046972170
1653512873.373358488,-735.300903320,332.994812012,108.952690125,-0.348192155,0.927070975,0.130748674,-0.046972170
1653512873.444758892,-738.636230469,331.189605713,109.264823914,-0.355567604,0.923959494,0.131874979,-0.049794674
1653512873.507133245,-738.636230469,331.189605713,109.264823914,-0.355567604,0.923959494,0.131874979,-0.049794674
1653512873.573613882,-741.761657715,329.449768066,109.616447449,-0.362553716,0.920868814,0.133108631,-0.053267945
1653512873.642275333,-741.761657715,329.449768066,109.616447449,-0.362553716,0.920868814,0.133108631,-0.053267945
1653512873.707255125,-745.603759766,327.130554199,109.877525330,-0.369386643,0.917691112,0.135491669,-0.055123206
1653512873.775221109,-745.603759766,327.130554199,109.877525330,-0.369386643,0.917691112,0.135491669,-0.055123206
1653512873.841824293,-748.242797852,325.568328857,110.276870728,-0.375712097,0.914887786,0.135132164,-0.059666153
1653512873.906467676,-748.242797852,325.568328857,110.276870728,-0.375712097,0.914887786,0.135132164,-0.059666153
1653512873.974205256,-751.727172852,323.332794189,110.595237732,-0.382558107,0.911713362,0.136272848,-0.062111184
1653512874.039900541,-751.727172852,323.332794189,110.595237732,-0.382558107,0.911713362,0.136272848,-0.062111184
1653512874.106947422,-754.911987305,321.237335205,110.939613342,-0.389384359,0.908462763,0.137615830,-0.064320147
1653512874.173676014,-754.911987305,321.237335205,110.939613342,-0.389384359,0.908462763,0.137615830,-0.064320147
1653512874.240071058,-757.880798340,319.230041504,111.302413940,-0.395686924,0.905354619,0.138608247,-0.067472897
1653512874.307014227,-757.880798340,319.230041504,111.302413940,-0.395686924,0.905354619,0.138608247,-0.067472897
1653512874.373239040,-760.970031738,317.063720703,111.657592773,-0.402458102,0.901987076,0.139418185,-0.070776656
1653512874.439950228,-760.970031738,317.063720703,111.657592773,-0.402458102,0.901987076,0.139418185,-0.070776656
1653512874.506542683,-763.830139160,315.004852295,112.031127930,-0.409115791,0.898768365,0.139722824,-0.072919451
1653512874.573384285,-763.830139160,315.004852295,112.031127930,-0.409115791,0.898768365,0.139722824,-0.072919451
1653512874.642932653,-766.845886230,312.743865967,112.390510559,-0.415303648,0.895847857,0.139533445,-0.074228816
1653512874.706570148,-766.845886230,312.743865967,112.390510559,-0.415303648,0.895847857,0.139533445,-0.074228816
1653512874.774255276,-770.188232422,310.127136230,112.746459961,-0.422014207,0.892678380,0.139621109,-0.074399330
1653512874.840053558,-770.188232422,310.127136230,112.746459961,-0.422014207,0.892678380,0.139621109,-0.074399330
1653512874.906624317,-772.572021484,308.244659424,113.174423218,-0.428791910,0.889629900,0.137318000,-0.076419003
1653512874.973780394,-772.572021484,308.244659424,113.174423218,-0.428791910,0.889629900,0.137318000,-0.076419003
1653512875.045550823,-775.481811523,305.800781250,113.540328979,-0.436417043,0.886105001,0.136164248,-0.076271825
1653512875.106954575,-775.481811523,305.800781250,113.540328979,-0.436417043,0.886105001,0.136164248,-0.076271825
1653512875.176427603,-778.549316406,303.119049072,113.929718018,-0.444937408,0.882137835,0.134812608,-0.075426057
1653512875.239997864,-778.549316406,303.119049072,113.929718018,-0.444937408,0.882137835,0.134812608,-0.075426057
1653512875.308443308,-780.932434082,300.999816895,114.337699890,-0.453236163,0.878031671,0.133868739,-0.075607881
1653512875.373127222,-780.932434082,300.999816895,114.337699890,-0.453236163,0.878031671,0.133868739,-0.075607881
1653512875.440358162,-783.850097656,298.299591064,114.683502197,-0.462068558,0.873570204,0.133628502,-0.074237071
1653512875.506986618,-783.850097656,298.299591064,114.683502197,-0.462068558,0.873570204,0.133628502,-0.074237071
1653512875.573491812,-786.295104980,296.002288818,115.080474854,-0.470873207,0.869254172,0.131632343,-0.073133275
1653512875.640551329,-786.295104980,296.002288818,115.080474854,-0.470873207,0.869254172,0.131632343,-0.073133275
1653512875.707381725,-789.013977051,293.318664551,115.446777344,-0.479858190,0.864489079,0.131070867,-0.072215967
1653512875.776346445,-789.013977051,293.318664551,115.446777344,-0.479858190,0.864489079,0.131070867,-0.072215967
1653512875.840146065,-791.596252441,290.701171875,115.830451965,-0.488126248,0.860001624,0.130167127,-0.072017103
1653512875.906533957,-791.596252441,290.701171875,115.830451965,-0.488126248,0.860001624,0.130167127,-0.072017103
1653512875.973467350,-794.180114746,288.004241943,116.202651978,-0.496347308,0.855295181,0.129624009,-0.072850138
1653512876.039819479,-794.180114746,288.004241943,116.202651978,-0.496347308,0.855295181,0.129624009,-0.072850138
1653512876.106518030,-797.008422852,284.897216797,116.550018311,-0.504574656,0.850243866,0.130870759,-0.073229715
1653512876.174315214,-797.008422852,284.897216797,116.550018311,-0.504574656,0.850243866,0.130870759,-0.073229715
1653512876.240056515,-799.222290039,282.447692871,116.968559265,-0.511643469,0.845812380,0.130445093,-0.076200552
1653512876.308624268,-799.222290039,282.447692871,116.968559265,-0.511643469,0.845812380,0.130445093,-0.076200552
1653512876.373125076,-801.731811523,279.541534424,117.334457397,-0.518407047,0.841479480,0.130754188,-0.077908598
1653512876.441427231,-801.731811523,279.541534424,117.334457397,-0.518407047,0.841479480,0.130754188,-0.077908598
1653512876.507260323,-804.239807129,276.522003174,117.694564819,-0.525064230,0.837006450,0.131950170,-0.079479240
1653512876.573557377,-804.239807129,276.522003174,117.694564819,-0.525064230,0.837006450,0.131950170,-0.079479240
1653512876.640880585,-806.423706055,273.872009277,118.087577820,-0.531402886,0.832645297,0.132279873,-0.082552180
1653512876.706779003,-806.423706055,273.872009277,118.087577820,-0.531402886,0.832645297,0.132279873,-0.082552180
1653512876.775049925,-809.126586914,270.358856201,118.398071289,-0.537977099,0.827947974,0.134612471,-0.083439924
1653512876.845124006,-809.126586914,270.358856201,118.398071289,-0.537977099,0.827947974,0.134612471,-0.083439924
1653512876.907261610,-811.204406738,267.685333252,118.794967651,-0.544598877,0.823322058,0.134689584,-0.086090483
1653512876.973346472,-811.204406738,267.685333252,118.794967651,-0.544598877,0.823322058,0.134689584,-0.086090483
1653512877.040088892,-813.273986816,264.922790527,119.156288147,-0.551364601,0.818533063,0.134223774,-0.089356743
1653512877.108302355,-813.273986816,264.922790527,119.156288147,-0.551364601,0.818533063,0.134223774,-0.089356743
1653512877.173493862,-815.441345215,261.903503418,119.495010376,-0.558452427,0.813521206,0.134882078,-0.090116136
1653512877.239798307,-815.441345215,261.903503418,119.495010376,-0.558452427,0.813521206,0.134882078,-0.090116136
1653512877.310629606,-817.641662598,258.673217773,119.820854187,-0.565566897,0.808359981,0.135934561,-0.090608813
1653512877.377589703,-817.641662598,258.673217773,119.820854187,-0.565566897,0.808359981,0.135934561,-0.090608813
1653512877.441233397,-819.617065430,255.669738770,120.183143616,-0.572737932,0.803121805,0.135843351,-0.092267230
1653512877.507687330,-819.617065430,255.669738770,120.183143616,-0.572737932,0.803121805,0.135843351,-0.092267230
1653512877.574064493,-821.522399902,252.648666382,120.504753113,-0.579673886,0.798202097,0.135713816,-0.091833249
1653512877.640163183,-821.522399902,252.648666382,120.504753113,-0.579673886,0.798202097,0.135713816,-0.091833249
1653512877.706672430,-823.454101562,249.461746216,120.814575195,-0.586778283,0.792969823,0.135914490,-0.091746412
1653512877.773249388,-823.454101562,249.461746216,120.814575195,-0.586778283,0.792969823,0.135914490,-0.091746412
1653512877.840425730,-825.283752441,246.321029663,121.120239258,-0.593057930,0.788156927,0.136073813,-0.092600837
1653512877.906515598,-825.283752441,246.321029663,121.120239258,-0.593057930,0.788156927,0.136073813,-0.092600837
1653512877.973245144,-827.133422852,243.006546021,121.413940430,-0.599892735,0.783021331,0.135798886,-0.092546925
1653512878.039705992,-827.133422852,243.006546021,121.413940430,-0.599892735,0.783021331,0.135798886,-0.092546925
1653512878.106561899,-828.771667480,239.976867676,121.727020264,-0.606464744,0.778006256,0.134768113,-0.093511038
1653512878.173329592,-828.771667480,239.976867676,121.727020264,-0.606464744,0.778006256,0.134768113,-0.093511038
1653512878.239793777,-830.714294434,236.146697998,121.971855164,-0.612358689,0.773199320,0.135823742,-0.093443163
1653512878.308558702,-830.714294434,236.146697998,121.971855164,-0.612358689,0.773199320,0.135823742,-0.093443163
1653512878.373348475,-832.152709961,233.246414185,122.300231934,-0.618316770,0.768521130,0.134274617,-0.095026068
1653512878.439963102,-832.152709961,233.246414185,122.300231934,-0.618316770,0.768521130,0.134274617,-0.095026068
1653512878.507603168,-833.888610840,229.451690674,122.538887024,-0.624845147,0.763200045,0.134435281,-0.094980977
1653512878.573255301,-833.888610840,229.451690674,122.538887024,-0.624845147,0.763200045,0.134435281,-0.094980977
1653512878.640227795,-835.340270996,226.167114258,122.830207825,-0.630577922,0.758587062,0.132742971,-0.096417949
1653512878.706390381,-835.340270996,226.167114258,122.830207825,-0.630577922,0.758587062,0.132742971,-0.096417949
1653512878.773425102,-836.568115234,223.348342896,123.142723083,-0.636994898,0.753633082,0.129489034,-0.097505003
1653512878.840055466,-836.568115234,223.348342896,123.142723083,-0.636994898,0.753633082,0.129489034,-0.097505003
1653512878.907286167,-838.077270508,219.594711304,123.355995178,-0.643612921,0.748120248,0.129256606,-0.096805267
1653512878.973066092,-838.077270508,219.594711304,123.355995178,-0.643612921,0.748120248,0.129256606,-0.096805267
1653512879.040608406,-839.421020508,216.058441162,123.599617004,-0.649984956,0.742634177,0.128341511,-0.097685814
1653512879.108667612,-839.421020508,216.058441162,123.599617004,-0.649984956,0.742634177,0.128341511,-0.097685814
1653512879.173258066,-840.606140137,212.744293213,123.852699280,-0.656090140,0.737272501,0.127187878,-0.098986052
1653512879.239745617,-840.606140137,212.744293213,123.852699280,-0.656090140,0.737272501,0.127187878,-0.098986052
1653512879.306729078,-841.820800781,209.192962646,124.077987671,-0.662062585,0.732016802,0.125885576,-0.099886917
1653512879.373306513,-841.820800781,209.192962646,124.077987671,-0.662062585,0.732016802,0.125885576,-0.099886917
1653512879.440283298,-842.932128906,205.848266602,124.322402954,-0.667771280,0.726965606,0.124099970,-0.101003870
1653512879.506860495,-842.932128906,205.848266602,124.322402954,-0.667771280,0.726965606,0.124099970,-0.101003870
1653512879.574419737,-844.023193359,202.367675781,124.542953491,-0.673445284,0.721554279,0.123697050,-0.102615498
1653512879.641397476,-844.023193359,202.367675781,124.542953491,-0.673445284,0.721554279,0.123697050,-0.102615498
1653512879.706654549,-845.026672363,199.023712158,124.766967773,-0.678856254,0.716515839,0.122629464,-0.103543572
1653512879.773302078,-845.026672363,199.023712158,124.766967773,-0.678856254,0.716515839,0.122629464,-0.103543572
1653512879.840375662,-845.965942383,195.690231323,124.961982727,-0.683814049,0.712192595,0.121023498,-0.102632269
1653512879.906545639,-845.965942383,195.690231323,124.961982727,-0.683814049,0.712192595,0.121023498,-0.102632269
1653512879.973346949,-846.883178711,192.147247314,125.130950928,-0.688847363,0.707920372,0.118965402,-0.100922130
1653512880.040669680,-846.883178711,192.147247314,125.130950928,-0.688847363,0.707920372,0.118965402,-0.100922130
1653512880.106472969,-847.811401367,188.266983032,125.256530762,-0.693820477,0.703985512,0.116697632,-0.096949250
1653512880.173037529,-847.811401367,188.266983032,125.256530762,-0.693820477,0.703985512,0.116697632,-0.096949250
1653512880.240692854,-848.602539062,184.776275635,125.411170959,-0.698136985,0.700596333,0.113535278,-0.094229884
1653512880.308911562,-848.602539062,184.776275635,125.411170959,-0.698136985,0.700596333,0.113535278,-0.094229884
1653512880.373355150,-849.340759277,181.342926025,125.560523987,0.703020036,-0.696799219,-0.109635353,0.090630189
1653512880.440043211,-849.340759277,181.342926025,125.560523987,0.703020036,-0.696799219,-0.109635353,0.090630189
1653512880.506740808,-849.936828613,178.468444824,125.737174988,0.708010852,-0.692632616,-0.105741531,0.088314287
1653512880.573348045,-849.936828613,178.468444824,125.737174988,0.708010852,-0.692632616,-0.105741531,0.088314287
1653512880.639873505,-850.696838379,174.085708618,125.755615234,0.712840497,-0.688165784,-0.105823010,0.084189102
1653512880.706757545,-850.696838379,174.085708618,125.755615234,0.712840497,-0.688165784,-0.105823010,0.084189102
1653512880.774456501,-851.304626465,170.224563599,125.833702087,0.717862606,-0.683369458,-0.104578927,0.082114153
1653512880.841771603,-851.304626465,170.224563599,125.833702087,0.717862606,-0.683369458,-0.104578927,0.082114153
1653512880.908111334,-851.823059082,166.975082397,125.965393066,0.723203421,-0.678417087,-0.101344556,0.080351025
1653512880.973469734,-851.823059082,166.975082397,125.965393066,0.723203421,-0.678417087,-0.101344556,0.080351025
1653512881.040576220,-852.358459473,163.109237671,126.012336731,0.727920651,-0.673868418,-0.099804923,0.077922121
1653512881.107134104,-852.358459473,163.109237671,126.012336731,0.727920651,-0.673868418,-0.099804923,0.077922121
1653512881.173123121,-852.805358887,159.393218994,126.062782288,0.732541442,-0.669095457,-0.098858558,0.076950148
1653512881.244898796,-852.805358887,159.393218994,126.062782288,0.732541442,-0.669095457,-0.098858558,0.076950148
1653512881.306532383,-853.182006836,156.075454712,126.147712708,0.737117827,-0.664588332,-0.096123636,0.075762205
1653512881.374571800,-853.182006836,156.075454712,126.147712708,0.737117827,-0.664588332,-0.096123636,0.075762205
1653512881.440124512,-853.566528320,152.005783081,126.147865295,0.741212606,-0.660377204,-0.094974540,0.074065030
1653512881.506663322,-853.566528320,152.005783081,126.147865295,0.741212606,-0.660377204,-0.094974540,0.074065030
1653512881.573902607,-853.889831543,148.655487061,126.225654602,0.744997025,-0.656560779,-0.092388891,0.073292010
1653512881.640220881,-853.889831543,148.655487061,126.225654602,0.744997025,-0.656560779,-0.092388891,0.073292010
1653512881.706693888,-854.188354492,144.724334717,126.228149414,0.748741448,-0.652616501,-0.090913005,0.072199918
1653512881.773117304,-854.188354492,144.724334717,126.228149414,0.748741448,-0.652616501,-0.090913005,0.072199918
1653512881.839927912,-854.435974121,141.441772461,126.293418884,0.751751840,-0.649624169,-0.088033862,0.071467958
1653512881.906690359,-854.435974121,141.441772461,126.293418884,0.751751840,-0.649624169,-0.088033862,0.071467958
1653512881.973837376,-854.623474121,137.282913208,126.248886108,0.755086660,-0.646065474,-0.087167032,0.069609419
1653512882.039797783,-854.623474121,137.282913208,126.248886108,0.755086660,-0.646065474,-0.087167032,0.069609419
1653512882.108576775,-854.793518066,133.950378418,126.300315857,0.758327782,-0.642786622,-0.084329456,0.068211980
1653512882.173222542,-854.793518066,133.950378418,126.300315857,0.758327782,-0.642786622,-0.084329456,0.068211980
1653512882.241312981,-854.870849609,129.704895020,126.236572266,0.761805713,-0.639006436,-0.083298422,0.066212907
1653512882.306300163,-854.870849609,129.704895020,126.236572266,0.761805713,-0.639006436,-0.083298422,0.066212907
1653512882.373183250,-854.904479980,125.823356628,126.212051392,0.765612900,-0.634851277,-0.081196256,0.064868055
1653512882.440010071,-854.904479980,125.823356628,126.212051392,0.765612900,-0.634851277,-0.081196256,0.064868055
1653512882.506343126,-854.976318359,122.833908081,126.276260376,0.769418418,-0.630873144,-0.077078871,0.063665189
1653512882.580049992,-854.976318359,122.833908081,126.276260376,0.769418418,-0.630873144,-0.077078871,0.063665189
1653512882.640448332,-854.967651367,119.082710266,126.237739563,0.773224771,-0.626642644,-0.074577570,0.062295102
1653512882.706309080,-854.967651367,119.082710266,126.237739563,0.773224771,-0.626642644,-0.074577570,0.062295102
1653512882.773041487,-854.843872070,114.712684631,126.141784668,0.776832342,-0.622332871,-0.074377000,0.060838953
1653512882.839809895,-854.843872070,114.712684631,126.141784668,0.776832342,-0.622332871,-0.074377000,0.060838953
1653512882.906400204,-854.764648438,111.206657410,126.146850586,0.780366063,-0.618242681,-0.071812898,0.060396004
1653512882.974159479,-854.764648438,111.206657410,126.146850586,0.780366063,-0.618242681,-0.071812898,0.060396004
1653512883.040641308,-854.608703613,107.305526733,126.096015930,0.783259988,-0.614867508,-0.070063621,0.059438206
1653512883.106250763,-854.608703613,107.305526733,126.096015930,0.783259988,-0.614867508,-0.070063621,0.059438206
1653512883.174281836,-854.467590332,103.738037109,126.089767456,0.786234915,-0.611403108,-0.067255758,0.059140455
1653512883.240564585,-854.467590332,103.738037109,126.089767456,0.786234915,-0.611403108,-0.067255758,0.059140455
1653512883.307074785,-854.268066406,100.012374878,126.055374146,0.789244056,-0.607822239,-0.064753063,0.058762219
1653512883.373396397,-854.268066406,100.012374878,126.055374146,0.789244056,-0.607822239,-0.064753063,0.058762219
1653512883.440044880,-853.961853027,95.920402527,125.972969055,0.791705191,-0.604839563,-0.062507391,0.058863074
1653512883.506285906,-853.961853027,95.920402527,125.972969055,0.791705191,-0.604839563,-0.062507391,0.058863074
1653512883.573008299,-853.742187500,92.533653259,125.980560303,0.794466317,-0.601516604,-0.058476403,0.059846181
1653512883.644516230,-853.742187500,92.533653259,125.980560303,0.794466317,-0.601516604,-0.058476403,0.059846181
1653512883.707282543,-853.443908691,88.814147949,125.935195923,0.797189057,-0.598265231,-0.054682415,0.059817970
1653512883.773544312,-853.443908691,88.814147949,125.935195923,0.797189057,-0.598265231,-0.054682415,0.059817970
1653512883.840317488,-853.080383301,84.937576294,125.874328613,0.799387813,-0.595616221,-0.050918423,0.060231183
1653512883.907147646,-853.080383301,84.937576294,125.874328613,0.799387813,-0.595616221,-0.050918423,0.060231183
1653512883.973632574,-852.670776367,81.060104370,125.807975769,0.801604450,-0.592925429,-0.047468495,0.060137495
1653512884.040434837,-852.670776367,81.060104370,125.807975769,0.801604450,-0.592925429,-0.047468495,0.060137495
1653512884.107090950,-852.262329102,77.353111267,125.755805969,0.803649127,-0.590541065,-0.043804597,0.059080452
1653512884.173257113,-852.262329102,77.353111267,125.755805969,0.803649127,-0.590541065,-0.043804597,0.059080452
1653512884.240085840,-851.857543945,73.767211914,125.713623047,0.805313945,-0.588632286,-0.040160041,0.058039997
1653512884.306687117,-851.857543945,73.767211914,125.713623047,0.805313945,-0.588632286,-0.040160041,0.058039997
1653512884.374323368,-851.368896484,69.942146301,125.633705139,0.807183743,-0.586491525,-0.037151802,0.055694003
1653512884.439754725,-851.368896484,69.942146301,125.633705139,0.807183743,-0.586491525,-0.037151802,0.055694003
1653512884.506747961,-850.807006836,65.992141724,125.541099548,0.809086561,-0.584231973,-0.034785785,0.053308971
1653512884.573202133,-850.807006836,65.992141724,125.541099548,0.809086561,-0.584231973,-0.034785785,0.053308971
1653512884.640099049,-850.295043945,62.384521484,125.485839844,0.810827971,-0.582249999,-0.031663653,0.050401341
1653512884.707544088,-850.295043945,62.384521484,125.485839844,0.810827971,-0.582249999,-0.031663653,0.050401341
1653512884.773941755,-849.779357910,58.788711548,125.434501648,0.812638283,-0.580187082,-0.028244227,0.046949267
1653512884.841835260,-849.779357910,58.788711548,125.434501648,0.812638283,-0.580187082,-0.028244227,0.046949267
1653512884.908013582,-849.256103516,55.177200317,125.387504578,0.814339280,-0.578226030,-0.024830103,0.043470055
1653512884.974237680,-849.256103516,55.177200317,125.387504578,0.814339280,-0.578226030,-0.024830103,0.043470055
1653512885.039997339,-848.673461914,51.407867432,125.330024719,0.815373302,-0.577131093,-0.021634709,0.040223923
1653512885.106660843,-848.673461914,51.407867432,125.330024719,0.815373302,-0.577131093,-0.021634709,0.040223923
1653512885.173114777,-848.059143066,47.725749969,125.280258179,0.816359580,-0.576039553,-0.018616738,0.037267614
1653512885.240692616,-848.059143066,47.725749969,125.280258179,0.816359580,-0.576039553,-0.018616738,0.037267614
1653512885.308707714,-847.384826660,43.951133728,125.222877502,0.817390203,-0.574834824,-0.015304479,0.034698118
1653512885.373093367,-847.384826660,43.951133728,125.222877502,0.817390203,-0.574834824,-0.015304479,0.034698118
1653512885.439871550,-846.757385254,40.326446533,125.197921753,0.818160176,-0.573866725,-0.011864786,0.033913340
1653512885.506706953,-846.757385254,40.326446533,125.197921753,0.818160176,-0.573866725,-0.011864786,0.033913340
1653512885.573730230,-846.039123535,36.529273987,125.136222839,0.818932235,-0.572749794,-0.010156970,0.034706563
1653512885.640040874,-846.039123535,36.529273987,125.136222839,0.818932235,-0.572749794,-0.010156970,0.034706563
1653512885.709414721,-845.233337402,32.526779175,125.063232422,0.819750547,-0.571437955,-0.008994849,0.037240025
1653512885.773339033,-845.233337402,32.526779175,125.063232422,0.819750547,-0.571437955,-0.008994849,0.037240025
1653512885.840298653,-844.625549316,29.128955841,125.076957703,0.819942653,-0.571035862,-0.005612899,0.039756343
1653512885.906369209,-844.625549316,29.128955841,125.076957703,0.819942653,-0.571035862,-0.005612899,0.039756343
1653512885.973086834,-843.885986328,25.445192337,125.029853821,0.820128560,-0.570713818,-0.002513170,0.040847711
1653512886.039966106,-843.885986328,25.445192337,125.029853821,0.820128560,-0.570713818,-0.002513170,0.040847711
1653512886.106321812,-843.090209961,21.597053528,124.984199524,0.819853306,-0.571113229,0.000962305,0.040856529
1653512886.173016787,-843.090209961,21.597053528,124.984199524,0.819853306,-0.571113229,0.000962305,0.040856529
1653512886.240726709,-842.256408691,17.688707352,124.937049866,0.819296539,-0.571946561,0.004135151,0.040165648
1653512886.306504965,-842.256408691,17.688707352,124.937049866,0.819296539,-0.571946561,0.004135151,0.040165648
1653512886.373756170,-841.405822754,13.780497551,124.892974854,0.818713725,-0.572844088,0.006674192,0.038895812
1653512886.439655542,-841.405822754,13.780497551,124.892974854,0.818713725,-0.572844088,0.006674192,0.038895812
1653512886.506991863,-840.934936523,10.863256454,124.958961487,0.818371594,-0.573350847,0.010199962,0.037851520
1653512886.573174238,-840.934936523,10.863256454,124.958961487,0.818371594,-0.573350847,0.010199962,0.037851520
1653512886.640841484,-840.140747070,7.160936832,124.904067993,0.817728102,-0.574368834,0.010697480,0.036148969
1653512886.706629992,-840.140747070,7.160936832,124.904067993,0.817728102,-0.574368834,0.010697480,0.036148969
1653512886.772922516,-839.184020996,3.092124701,124.818565369,0.817541897,-0.574751019,0.010577106,0.034273125
1653512886.839991093,-839.184020996,3.092124701,124.818565369,0.817541897,-0.574751019,0.010577106,0.034273125
1653512886.906347752,-838.400390625,-0.476206988,124.798957825,0.817455769,-0.574964046,0.011590818,0.032373264
1653512886.973078966,-838.400390625,-0.476206988,124.798957825,0.817455769,-0.574964046,0.011590818,0.032373264
1653512887.040136099,-837.752807617,-3.745286942,124.819213867,0.817168176,-0.575431406,0.013968058,0.030326989
1653512887.109222651,-837.752807617,-3.745286942,124.819213867,0.817168176,-0.575431406,0.013968058,0.030326989
1653512887.173294306,-837.019470215,-7.232614040,124.808410645,0.817344666,-0.575253248,0.015765470,0.027980529
1653512887.239916801,-837.019470215,-7.232614040,124.808410645,0.817344666,-0.575253248,0.015765470,0.027980529
1653512887.308935881,-836.267456055,-10.734156609,124.795738220,0.817537844,-0.575035274,0.017474184,0.025708424
1653512887.373458147,-836.267456055,-10.734156609,124.795738220,0.817537844,-0.575035274,0.017474184,0.025708424
1653512887.440004826,-835.358032227,-14.630344391,124.748443604,0.817735553,-0.574791312,0.018473670,0.024129320
1653512887.506543398,-835.358032227,-14.630344391,124.748443604,0.817735553,-0.574791312,0.018473670,0.024129320
1653512887.573743105,-834.674438477,-17.922966003,124.764343262,0.818207920,-0.574115574,0.020171450,0.022808868
1653512887.639956951,-834.674438477,-17.922966003,124.764343262,0.818207920,-0.574115574,0.020171450,0.022808868
1653512887.706678629,-833.919616699,-21.380615234,124.760330200,0.818671703,-0.573450565,0.021291649,0.021856196
1653512887.773088932,-833.919616699,-21.380615234,124.760330200,0.818671703,-0.573450565,0.021291649,0.021856196
1653512887.839931965,-833.063964844,-25.025054932,124.726066589,0.818809330,-0.573256671,0.022164550,0.020899853
1653512887.907653809,-833.063964844,-25.025054932,124.726066589,0.818809330,-0.573256671,0.022164550,0.020899853
1653512887.977065086,-832.253173828,-28.541650772,124.703338623,0.819217265,-0.572673738,0.022710135,0.020300280
1653512888.039676905,-832.253173828,-28.541650772,124.703338623,0.819217265,-0.572673738,0.022710135,0.020300280
1653512888.107297421,-831.225769043,-32.551315308,124.629631042,0.819460928,-0.572346985,0.022615284,0.019779637
1653512888.173295498,-831.225769043,-32.551315308,124.629631042,0.819460928,-0.572346985,0.022615284,0.019779637
1653512888.239687920,-830.608825684,-35.603935242,124.644790649,0.819380939,-0.572407365,0.023909396,0.019825792
1653512888.309564590,-830.608825684,-35.603935242,124.644790649,0.819380939,-0.572407365,0.023909396,0.019825792
1653512888.373536110,-829.664550781,-39.432815552,124.564987183,0.819621027,-0.572076261,0.023702027,0.019707767
1653512888.439815760,-829.664550781,-39.432815552,124.564987183,0.819621027,-0.572076261,0.023702027,0.019707767
1653512888.506204844,-828.796997070,-43.095100403,124.515861511,0.819776893,-0.571843326,0.023951514,0.019683056
1653512888.574615240,-828.796997070,-43.095100403,124.515861511,0.819776893,-0.571843326,0.023951514,0.019683056
1653512888.640065908,-828.087768555,-46.406791687,124.499580383,0.819545388,-0.572140455,0.024396027,0.020136423
1653512888.706323147,-828.087768555,-46.406791687,124.499580383,0.819545388,-0.572140455,0.024396027,0.020136423
1653512888.773492575,-827.133483887,-50.253608704,124.421195984,0.819866240,-0.571743250,0.023242505,0.019717485
1653512888.840099573,-827.133483887,-50.253608704,124.421195984,0.819866240,-0.571743250,0.023242505,0.019717485
1653512888.906356335,-826.306213379,-53.767429352,124.382728577,0.820208013,-0.571260214,0.023086995,0.019687088
1653512888.973457575,-826.306213379,-53.767429352,124.382728577,0.820208013,-0.571260214,0.023086995,0.019687088
1653512889.040653706,-825.467041016,-57.296897888,124.336959839,0.820121169,-0.571421623,0.022680212,0.019084869
1653512889.109344006,-825.467041016,-57.296897888,124.336959839,0.820121169,-0.571421623,0.022680212,0.019084869
1653512889.174730539,-824.503601074,-61.081501007,124.264915466,0.820570350,-0.570824564,0.022311648,0.018049490
1653512889.239877701,-824.503601074,-61.081501007,124.264915466,0.820570350,-0.570824564,0.022311648,0.018049490
1653512889.306556463,-823.775451660,-64.404991150,124.240547180,0.821172833,-0.569991350,0.022286270,0.016980879
1653512889.373603821,-823.775451660,-64.404991150,124.240547180,0.821172833,-0.569991350,0.022286270,0.016980879
1653512889.440481424,-823.158996582,-67.503746033,124.226791382,0.821706772,-0.569258034,0.022531830,0.015347577
1653512889.507755280,-823.158996582,-67.503746033,124.226791382,0.821706772,-0.569258034,0.022531830,0.015347577
1653512889.573055983,-822.161743164,-71.374336243,124.119049072,0.822461367,-0.568281591,0.020682575,0.013623246
1653512889.639686823,-822.161743164,-71.374336243,124.119049072,0.822461367,-0.568281591,0.020682575,0.013623246
1653512889.706963301,-821.096740723,-75.339691162,124.002677917,0.823188663,-0.567327261,0.018837374,0.012056072
1653512889.772994995,-821.096740723,-75.339691162,124.002677917,0.823188663,-0.567327261,0.018837374,0.012056072
1653512889.840451241,-820.458984375,-78.459205627,123.976280212,0.823783576,-0.566497445,0.018662503,0.010627498
1653512889.907860279,-820.458984375,-78.459205627,123.976280212,0.823783576,-0.566497445,0.018662503,0.010627498
1653512889.978733301,-819.582824707,-82.069328308,123.875823975,0.824594200,-0.565397084,0.017183064,0.008675554
1653512890.040423870,-819.582824707,-82.069328308,123.875823975,0.824594200,-0.565397084,0.017183064,0.008675554
1653512890.108516455,-818.580932617,-86.006118774,123.752357483,0.825352848,-0.564350009,0.015731847,0.007366015
1653512890.173145056,-818.580932617,-86.006118774,123.752357483,0.825352848,-0.564350009,0.015731847,0.007366015
1653512890.239512444,-818.068237305,-88.806556702,123.724990845,0.825691164,-0.563848197,0.015866749,0.007586536
1653512890.306272745,-818.068237305,-88.806556702,123.724990845,0.825691164,-0.563848197,0.015866749,0.007586536
1653512890.372860670,-817.041259766,-92.639884949,123.578628540,0.826395154,-0.562876225,0.014160753,0.006389225
1653512890.439715624,-817.041259766,-92.639884949,123.578628540,0.826395154,-0.562876225,0.014160753,0.006389225
1653512890.508437872,-816.358581543,-95.839706421,123.517570496,0.826885700,-0.562148333,0.014392043,0.006497653
1653512890.579605103,-816.358581543,-95.839706421,123.517570496,0.826885700,-0.562148333,0.014392043,0.006497653
1653512890.640834093,-815.360046387,-99.692420959,123.385147095,0.827142477,-0.561778903,0.014147005,0.006299376
1653512890.706453800,-815.360046387,-99.692420959,123.385147095,0.827142477,-0.561778903,0.014147005,0.006299376
1653512890.774117231,-814.237731934,-103.724914551,123.229179382,0.827726126,-0.560931623,0.013613167,0.006314883
1653512890.841426611,-814.237731934,-103.724914551,123.229179382,0.827726126,-0.560931623,0.013613167,0.006314883
1653512890.908212900,-813.712829590,-106.611076355,123.192642212,0.828162432,-0.560222328,0.015232272,0.008116331
1653512890.973234892,-813.712829590,-106.611076355,123.192642212,0.828162432,-0.560222328,0.015232272,0.008116331
1653512891.040030241,-812.755981445,-110.345947266,123.043426514,0.828347743,-0.559934616,0.014806008,0.009697519
1653512891.107073307,-812.755981445,-110.345947266,123.043426514,0.828347743,-0.559934616,0.014806008,0.009697519
1653512891.173048019,-811.948120117,-113.767448425,122.921249390,0.828652203,-0.559444726,0.014598043,0.012001936
1653512891.240793705,-811.948120117,-113.767448425,122.921249390,0.828652203,-0.559444726,0.014598043,0.012001936
1653512891.306348324,-810.993469238,-117.502288818,122.752388000,0.828754902,-0.559288263,0.013167716,0.013734515
1653512891.373228312,-810.993469238,-117.502288818,122.752388000,0.828754902,-0.559288263,0.013167716,0.013734515
1653512891.439678669,-810.213317871,-120.939140320,122.608001709,0.828691006,-0.559373260,0.011557498,0.015467087
1653512891.506158590,-810.213317871,-120.939140320,122.608001709,0.828691006,-0.559373260,0.011557498,0.015467087
1653512891.573468924,-809.642272949,-123.966247559,122.489807129,0.829177856,-0.558623314,0.010234189,0.017301368
1653512891.641502857,-809.642272949,-123.966247559,122.489807129,0.829177856,-0.558623314,0.010234189,0.017301368
1653512891.706547260,-808.828552246,-127.442741394,122.309867859,0.829484999,-0.558157027,0.007924663,0.018777184
1653512891.773877144,-808.828552246,-127.442741394,122.309867859,0.829484999,-0.558157027,0.007924663,0.018777184
1653512891.839588404,-807.651489258,-131.565383911,122.066818237,0.829685509,-0.557855725,0.004644352,0.019933106
1653512891.907247782,-807.651489258,-131.565383911,122.066818237,0.829685509,-0.557855725,0.004644352,0.019933106
1653512891.972831964,-806.961914062,-134.722625732,121.932052612,0.829890668,-0.557526648,0.002845729,0.020915940
1653512892.039609432,-806.961914062,-134.722625732,121.932052612,0.829890668,-0.557526648,0.002845729,0.020915940
1653512892.107004404,-806.184936523,-138.029449463,121.766296387,0.830211461,-0.557019770,0.001385188,0.021816092
1653512892.173166275,-806.184936523,-138.029449463,121.766296387,0.830211461,-0.557019770,0.001385188,0.021816092
1653512892.240040064,-804.997436523,-142.117233276,121.523612976,0.830364823,-0.556768596,-0.000904786,0.022409113
1653512892.306945086,-804.997436523,-142.117233276,121.523612976,0.830364823,-0.556768596,-0.000904786,0.022409113
1653512892.373026609,-804.289184570,-145.230941772,121.386840820,0.830757797,-0.556170821,-0.001257493,0.022670267
1653512892.439833403,-804.289184570,-145.230941772,121.386840820,0.830757797,-0.556170821,-0.001257493,0.022670267
1653512892.506297112,-803.355895996,-148.811828613,121.190742493,0.831017673,-0.555805385,-0.002050453,0.022040427
1653512892.573039055,-803.355895996,-148.811828613,121.190742493,0.831017673,-0.555805385,-0.002050453,0.022040427
1653512892.640028238,-802.594604492,-152.043258667,121.030296326,0.831153154,-0.555610299,-0.002128781,0.021843402
1653512892.706538200,-802.594604492,-152.043258667,121.030296326,0.831153154,-0.555610299,-0.002128781,0.021843402
1653512892.772993565,-801.321228027,-156.268722534,120.758995056,0.831315219,-0.555393577,-0.003970901,0.020910036
1653512892.839539289,-801.321228027,-156.268722534,120.758995056,0.831315219,-0.555393577,-0.003970901,0.020910036
1653512892.906290770,-800.388122559,-159.768127441,120.567955017,0.831537783,-0.555057466,-0.004071654,0.020964235
1653512892.972955942,-800.388122559,-159.768127441,120.567955017,0.831537783,-0.555057466,-0.004071654,0.020964235
1653512893.042364597,-799.591186523,-162.990814209,120.400810242,0.831569314,-0.555023015,-0.003034910,0.020802328
1653512893.106508255,-799.591186523,-162.990814209,120.400810242,0.831569314,-0.555023015,-0.003034910,0.020802328
1653512893.172822952,-798.765441895,-166.267410278,120.222923279,0.831898272,-0.554542720,-0.001850221,0.020595545
1653512893.242372751,-798.765441895,-166.267410278,120.222923279,0.831898272,-0.554542720,-0.001850221,0.020595545
1653512893.308541059,-797.540161133,-170.219726562,119.960731506,0.831999183,-0.554387808,-0.001567962,0.020713983
1653512893.372889280,-797.540161133,-170.219726562,119.960731506,0.831999183,-0.554387808,-0.001567962,0.020713983
1653512893.440227509,-796.488159180,-173.854507446,119.742965698,0.831895351,-0.554532170,-0.000122219,0.021075219
1653512893.508074999,-796.488159180,-173.854507446,119.742965698,0.831895351,-0.554532170,-0.000122219,0.021075219
1653512893.573474407,-795.680664062,-176.958007812,119.574119568,0.832010925,-0.554317236,0.002754604,0.021969108
1653512893.640502930,-795.680664062,-176.958007812,119.574119568,0.832010925,-0.554317236,0.002754604,0.021969108
1653512893.707462311,-794.524719238,-180.714569092,119.330192566,0.832416713,-0.553690791,0.004989232,0.021999577
1653512893.775568962,-794.524719238,-180.714569092,119.330192566,0.832416713,-0.553690791,0.004989232,0.021999577
1653512893.843784571,-793.224731445,-184.762619019,119.066886902,0.832462728,-0.553594232,0.007433954,0.021999905
1653512893.906590462,-793.224731445,-184.762619019,119.066886902,0.832462728,-0.553594232,0.007433954,0.021999905
1653512893.973955631,-792.302246094,-188.116607666,118.886054993,0.832904100,-0.552854240,0.011127807,0.022341071
1653512894.040601969,-792.302246094,-188.116607666,118.886054993,0.832904100,-0.552854240,0.011127807,0.022341071
1653512894.107101917,-791.354858398,-191.418472290,118.692680359,0.833449543,-0.552002847,0.013063014,0.022001332
1653512894.172922373,-791.354858398,-191.418472290,118.692680359,0.833449543,-0.552002847,0.013063014,0.022001332
1653512894.240687609,-790.376770020,-194.781631470,118.494895935,0.833734393,-0.551570952,0.014893788,0.020847226
1653512894.307144165,-790.376770020,-194.781631470,118.494895935,0.833734393,-0.551570952,0.014893788,0.020847226
1653512894.374088049,-789.131347656,-198.654464722,118.248832703,0.834343970,-0.550630450,0.016997091,0.019682094
1653512894.440068483,-789.131347656,-198.654464722,118.248832703,0.834343970,-0.550630450,0.016997091,0.019682094
1653512894.506605387,-788.102478027,-202.090103149,118.055946350,0.834900022,-0.549773693,0.018437302,0.018731916
1653512894.573358059,-788.102478027,-202.090103149,118.055946350,0.834900022,-0.549773693,0.018437302,0.018731916
1653512894.639908314,-787.157470703,-205.341705322,117.875679016,0.835493863,-0.548875809,0.019607348,0.017346501
1653512894.706698418,-787.157470703,-205.341705322,117.875679016,0.835493863,-0.548875809,0.019607348,0.017346501
1653512894.778779984,-786.156311035,-208.710983276,117.682655334,0.836372972,-0.547521830,0.020735137,0.016438177
1653512894.840237379,-786.156311035,-208.710983276,117.682655334,0.836372972,-0.547521830,0.020735137,0.016438177
1653512894.906392574,-784.938476562,-212.554107666,117.462219238,0.837329745,-0.546033919,0.022192299,0.015274379
1653512894.974612713,-784.938476562,-212.554107666,117.462219238,0.837329745,-0.546033919,0.022192299,0.015274379
1653512895.039730072,-784.242492676,-215.291610718,117.358451843,0.838337064,-0.544387877,0.024807176,0.014744208
1653512895.106176376,-784.242492676,-215.291610718,117.358451843,0.838337064,-0.544387877,0.024807176,0.014744208
1653512895.172784567,-783.033264160,-219.036987305,117.155403137,0.839330733,-0.542804778,0.025615053,0.015190924
1653512895.239576101,-783.033264160,-219.036987305,117.155403137,0.839330733,-0.542804778,0.025615053,0.015190924
1653512895.307473421,-781.833496094,-222.726013184,116.976257324,0.840546906,-0.540825546,0.026827270,0.016399350
1653512895.374248266,-781.833496094,-222.726013184,116.976257324,0.840546906,-0.540825546,0.026827270,0.016399350
1653512895.440640688,-780.872863770,-225.981903076,116.850143433,0.841534495,-0.539116263,0.028700320,0.018698147
1653512895.506961346,-780.872863770,-225.981903076,116.850143433,0.841534495,-0.539116263,0.028700320,0.018698147
1653512895.573197126,-779.794494629,-229.429641724,116.698554993,0.842601657,-0.537341058,0.029253960,0.020767471
1653512895.639565468,-779.794494629,-229.429641724,116.698554993,0.842601657,-0.537341058,0.029253960,0.020767471
1653512895.707537413,-778.607177734,-233.075515747,116.528205872,0.843692720,-0.535589397,0.028283611,0.022949666
1653512895.773396492,-778.607177734,-233.075515747,116.528205872,0.843692720,-0.535589397,0.028283611,0.022949666
1653512895.842411518,-777.694274902,-236.241973877,116.415901184,0.844155908,-0.534809709,0.027178312,0.025311615
1653512895.906319618,-777.694274902,-236.241973877,116.415901184,0.844155908,-0.534809709,0.027178312,0.025311615
1653512895.972844839,-776.727539062,-239.531845093,116.293251038,0.844928265,-0.533577859,0.025130386,0.027556935
1653512896.039707899,-776.727539062,-239.531845093,116.293251038,0.844928265,-0.533577859,0.025130386,0.027556935
1653512896.106584311,-775.538330078,-243.148834229,116.128005981,0.845172346,-0.533260942,0.021896675,0.028930873
1653512896.172726870,-775.538330078,-243.148834229,116.128005981,0.845172346,-0.533260942,0.021896675,0.028930873
1653512896.239628077,-774.359680176,-246.756530762,115.990959167,0.845021844,-0.533519745,0.019964337,0.029936397
1653512896.306124449,-774.359680176,-246.756530762,115.990959167,0.845021844,-0.533519745,0.019964337,0.029936397
1653512896.372852087,-773.216064453,-250.269287109,115.875373840,0.844889045,-0.533735573,0.018983364,0.030470483
1653512896.440117121,-773.216064453,-250.269287109,115.875373840,0.844889045,-0.533735573,0.018983364,0.030470483
1653512896.510214567,-772.141357422,-253.625503540,115.790252686,0.844295621,-0.534651995,0.018765004,0.030984884
1653512896.574506044,-772.141357422,-253.625503540,115.790252686,0.844295621,-0.534651995,0.018765004,0.030984884
1653512896.640123367,-771.073547363,-257.014068604,115.715538025,0.843445599,-0.536009312,0.018898046,0.030601518
1653512896.708611727,-771.073547363,-257.014068604,115.715538025,0.843445599,-0.536009312,0.018898046,0.030601518
1653512896.773552656,-769.995056152,-260.317779541,115.637413025,0.843126953,-0.536488652,0.018929843,0.030959884
1653512896.840133429,-769.995056152,-260.317779541,115.637413025,0.843126953,-0.536488652,0.018929843,0.030959884
1653512896.906774759,-768.881103516,-263.706848145,115.559623718,0.842770875,-0.537012935,0.018906793,0.031574462
1653512896.972937346,-768.881103516,-263.706848145,115.559623718,0.842770875,-0.537012935,0.018906793,0.031574462
1653512897.041209936,-767.796264648,-267.046569824,115.484176636,0.842153609,-0.537925661,0.018804641,0.032551549
1653512897.107223749,-767.796264648,-267.046569824,115.484176636,0.842153609,-0.537925661,0.018804641,0.032551549
1653512897.173012018,-766.605224609,-270.523529053,115.393371582,0.841967404,-0.538175225,0.018091725,0.033629917
1653512897.240578413,-766.605224609,-270.523529053,115.393371582,0.841967404,-0.538175225,0.018091725,0.033629917
1653512897.306508303,-765.166748047,-274.410064697,115.261657715,0.841410220,-0.539026141,0.017316718,0.034348425
1653512897.373143435,-765.166748047,-274.410064697,115.261657715,0.841410220,-0.539026141,0.017316718,0.034348425
1653512897.439541578,-764.443237305,-277.051879883,115.253936768,0.840678513,-0.540069878,0.017747534,0.035625454
1653512897.506334782,-764.443237305,-277.051879883,115.253936768,0.840678513,-0.540069878,0.017747534,0.035625454
1653512897.572846174,-763.256958008,-280.465606689,115.148239136,0.840138972,-0.540882051,0.017426433,0.036187183
1653512897.640284061,-763.256958008,-280.465606689,115.148239136,0.840138972,-0.540882051,0.017426433,0.036187183
1653512897.709722042,-762.110717773,-283.786499023,115.054664612,0.839663208,-0.541589320,0.017080706,0.036809903
1653512897.773420572,-762.110717773,-283.786499023,115.054664612,0.839663208,-0.541589320,0.017080706,0.036809903
1653512897.843810081,-761.136901855,-286.811340332,114.991569519,0.838903904,-0.542681217,0.018028570,0.037580073
1653512897.907631636,-761.136901855,-286.811340332,114.991569519,0.838903904,-0.542681217,0.018028570,0.037580073
1653512897.973240137,-759.775390625,-290.472015381,114.853775024,0.838484585,-0.543332100,0.018370407,0.037367053
1653512898.039583683,-759.775390625,-290.472015381,114.853775024,0.838484585,-0.543332100,0.018370407,0.037367053
1653512898.106421947,-758.793090820,-293.405303955,114.780128479,0.838046253,-0.543982327,0.019978553,0.036913201
1653512898.175235748,-758.793090820,-293.405303955,114.780128479,0.838046253,-0.543982327,0.019978553,0.036913201
1653512898.240536213,-757.690490723,-296.566009521,114.684288025,0.837617040,-0.544610620,0.022139577,0.036150720
1653512898.306650162,-757.690490723,-296.566009521,114.684288025,0.837617040,-0.544610620,0.022139577,0.036150720
1653512898.374673367,-756.275939941,-300.250885010,114.540702820,0.837500155,-0.544793785,0.024232352,0.034726936
1653512898.440202951,-756.275939941,-300.250885010,114.540702820,0.837500155,-0.544793785,0.024232352,0.034726936
1653512898.507028103,-755.679260254,-302.515716553,114.531585693,0.837354243,-0.544939041,0.027641399,0.033396117
1653512898.572864771,-755.679260254,-302.515716553,114.531585693,0.837354243,-0.544939041,0.027641399,0.033396117
1653512898.639571905,-754.188415527,-306.253784180,114.366889954,0.837239206,-0.545102119,0.029567836,0.031936102
1653512898.706278086,-754.188415527,-306.253784180,114.366889954,0.837239206,-0.545102119,0.029567836,0.031936102
1653512898.772792339,-752.843994141,-309.688537598,114.247245789,0.837559581,-0.544450343,0.031487312,0.032807369
1653512898.840162992,-752.843994141,-309.688537598,114.247245789,0.837559581,-0.544450343,0.031487312,0.032807369
1653512898.906986713,-751.728698730,-312.743469238,114.159309387,0.838131070,-0.543442488,0.032567680,0.033852186
1653512898.974074602,-751.728698730,-312.743469238,114.159309387,0.838131070,-0.543442488,0.032567680,0.033852186
1653512899.039737225,-750.511352539,-315.971405029,114.051849365,0.838831365,-0.542228162,0.033044577,0.035477187
1653512899.106146097,-750.511352539,-315.971405029,114.051849365,0.838831365,-0.542228162,0.033044577,0.035477187
1653512899.172845125,-749.483337402,-318.873626709,113.974143982,0.839850187,-0.540483713,0.033575088,0.037440047
1653512899.240392208,-749.483337402,-318.873626709,113.974143982,0.839850187,-0.540483713,0.033575088,0.037440047
1653512899.306344032,-748.209716797,-322.185333252,113.857391357,0.840943992,-0.538738251,0.032816820,0.038694665
1653512899.373126507,-748.209716797,-322.185333252,113.857391357,0.840943992,-0.538738251,0.032816820,0.038694665
1653512899.439665079,-747.209167480,-325.036193848,113.787216187,0.841492414,-0.537812293,0.031795513,0.040465426
1653512899.507762671,-747.209167480,-325.036193848,113.787216187,0.841492414,-0.537812293,0.031795513,0.040465426
1653512899.577184439,-745.977539062,-328.254425049,113.675765991,0.842247188,-0.536649823,0.030554611,0.041146342
1653512899.640469790,-745.977539062,-328.254425049,113.675765991,0.842247188,-0.536649823,0.030554611,0.041146342
1653512899.706173897,-744.768981934,-331.452636719,113.569000244,0.842738152,-0.535933137,0.028614067,0.041824933
1653512899.773267031,-744.768981934,-331.452636719,113.569000244,0.842738152,-0.535933137,0.028614067,0.041824933
1653512899.840321064,-743.518859863,-334.592895508,113.450881958,0.842741847,-0.535958409,0.026776854,0.042635255
1653512899.906937361,-743.518859863,-334.592895508,113.450881958,0.842741847,-0.535958409,0.026776854,0.042635255
1653512899.973325491,-742.245422363,-337.807769775,113.333389282,0.842976868,-0.535625637,0.025623962,0.042878568
1653512900.041031361,-742.245422363,-337.807769775,113.333389282,0.842976868,-0.535625637,0.025623962,0.042878568
1653512900.108273983,-741.501892090,-340.152587891,113.299552917,0.842775285,-0.535945058,0.025321374,0.043029439
1653512900.173417807,-741.501892090,-340.152587891,113.299552917,0.842775285,-0.535945058,0.025321374,0.043029439
1653512900.240643263,-740.120056152,-343.525360107,113.169166565,0.842327654,-0.536767006,0.023750028,0.042440992
1653512900.306321859,-740.120056152,-343.525360107,113.169166565,0.842327654,-0.536767006,0.023750028,0.042440992
1653512900.373233080,-738.931396484,-346.554168701,113.073707581,0.841921926,-0.537471533,0.023049712,0.041959226
1653512900.439500809,-738.931396484,-346.554168701,113.073707581,0.841921926,-0.537471533,0.023049712,0.041959226
1653512900.508196115,-737.734924316,-349.584808350,112.975914001,0.841498256,-0.538238406,0.021920020,0.041225921
1653512900.573543310,-737.734924316,-349.584808350,112.975914001,0.841498256,-0.538238406,0.021920020,0.041225921
1653512900.639484644,-736.473693848,-352.713012695,112.867034912,0.840891242,-0.539273262,0.021047639,0.040536579
1653512900.706456661,-736.473693848,-352.713012695,112.867034912,0.840891242,-0.539273262,0.021047639,0.040536579
1653512900.772740841,-735.401123047,-355.487457275,112.776443481,0.840730548,-0.539560139,0.020770198,0.040195353
1653512900.840209723,-735.401123047,-355.487457275,112.776443481,0.840730548,-0.539560139,0.020770198,0.040195353
1653512900.906502485,-733.927185059,-358.865447998,112.626007080,0.840521872,-0.539952099,0.019784240,0.039790649
1653512900.974004745,-733.927185059,-358.865447998,112.626007080,0.840521872,-0.539952099,0.019784240,0.039790649
1653512901.039527893,-732.640441895,-361.924346924,112.496322632,0.840289116,-0.540325046,0.020020405,0.039524633
1653512901.106127501,-732.640441895,-361.924346924,112.496322632,0.840289116,-0.540325046,0.020020405,0.039524633
1653512901.173472166,-731.771606445,-364.305999756,112.413192749,0.840619981,-0.539841235,0.021006886,0.038577642
1653512901.239626646,-731.771606445,-364.305999756,112.413192749,0.840619981,-0.539841235,0.021006886,0.038577642
1653512901.308218718,-730.340515137,-367.539215088,112.244819641,0.840931416,-0.539429843,0.021355594,0.037333302
1653512901.373203516,-730.340515137,-367.539215088,112.244819641,0.840931416,-0.539429843,0.021355594,0.037333302
1653512901.439951420,-728.930725098,-370.717712402,112.087806702,0.841487586,-0.538624704,0.022251960,0.035873070
1653512901.506369352,-728.930725098,-370.717712402,112.087806702,0.841487586,-0.538624704,0.022251960,0.035873070
1653512901.573533058,-727.781433105,-373.478607178,111.967681885,0.842255592,-0.537433863,0.024261847,0.034376454
1653512901.644564152,-727.781433105,-373.478607178,111.967681885,0.842255592,-0.537433863,0.024261847,0.034376454
1653512901.706513643,-726.596191406,-376.298248291,111.835220337,0.843018055,-0.536289752,0.025879508,0.032312389
1653512901.773259640,-726.596191406,-376.298248291,111.835220337,0.843018055,-0.536289752,0.025879508,0.032312389
1653512901.839900732,-725.297790527,-379.274017334,111.686203003,0.843493283,-0.535617113,0.027134247,0.029951531
1653512901.906353235,-725.297790527,-379.274017334,111.686203003,0.843493283,-0.535617113,0.027134247,0.029951531
1653512901.974219799,-724.094177246,-382.103057861,111.548057556,0.844261706,-0.534443021,0.028526176,0.027910979
1653512902.039474010,-724.094177246,-382.103057861,111.548057556,0.844261706,-0.534443021,0.028526176,0.027910979
1653512902.107125282,-722.836791992,-385.011413574,111.401351929,0.845021307,-0.533246696,0.030122926,0.026067385
1653512902.172961473,-722.836791992,-385.011413574,111.401351929,0.845021307,-0.533246696,0.030122926,0.026067385
1653512902.239654303,-721.726257324,-387.666839600,111.274177551,0.845328450,-0.532741070,0.031016303,0.025392108
1653512902.306545734,-721.726257324,-387.666839600,111.274177551,0.845328450,-0.532741070,0.031016303,0.025392108
1653512902.372852564,-720.637817383,-390.287506104,111.146301270,0.846125185,-0.531504452,0.031013517,0.024764780
1653512902.440060854,-720.637817383,-390.287506104,111.146301270,0.846125185,-0.531504452,0.031013517,0.024764780
1653512902.506299734,-719.260925293,-393.335144043,110.980239868,0.846714318,-0.530627370,0.029917618,0.024787461
1653512902.573381662,-719.260925293,-393.335144043,110.980239868,0.846714318,-0.530627370,0.029917618,0.024787461
1653512902.639909267,-718.090637207,-396.091308594,110.844528198,0.847130716,-0.529970586,0.029082712,0.025590209
1653512902.706548214,-718.090637207,-396.091308594,110.844528198,0.847130716,-0.529970586,0.029082712,0.025590209
1653512902.773133039,-716.981140137,-398.738952637,110.716812134,0.847733378,-0.529083252,0.027065359,0.026201811
1653512902.840031147,-716.981140137,-398.738952637,110.716812134,0.847733378,-0.529083252,0.027065359,0.026201811
1653512902.907064199,-715.469848633,-401.943634033,110.541091919,0.848231375,-0.528354108,0.024668438,0.027145738
1653512902.974637747,-715.469848633,-401.943634033,110.541091919,0.848231375,-0.528354108,0.024668438,0.027145738
1653512903.041766167,-714.277343750,-404.696868896,110.414627075,0.848447144,-0.527997792,0.023287667,0.028520441
1653512903.106225729,-714.277343750,-404.696868896,110.414627075,0.848447144,-0.527997792,0.023287667,0.028520441
1653512903.172952652,-712.936889648,-407.649993896,110.268318176,0.848910451,-0.527270138,0.021116028,0.029855037
1653512903.244158030,-712.936889648,-407.649993896,110.268318176,0.848910451,-0.527270138,0.021116028,0.029855037
1653512903.306153536,-711.733459473,-410.392303467,110.141189575,0.849238515,-0.526709259,0.019611245,0.031411603
1653512903.375301123,-711.733459473,-410.392303467,110.141189575,0.849238515,-0.526709259,0.019611245,0.031411603
1653512903.440308809,-710.451354980,-413.261779785,110.005897522,0.849380970,-0.526437640,0.017857626,0.033113215
1653512903.506619930,-710.451354980,-413.261779785,110.005897522,0.849380970,-0.526437640,0.017857626,0.033113215
1653512903.572774887,-709.468872070,-415.706420898,109.913673401,0.849696577,-0.525885403,0.016126115,0.034644492
1653512903.640069485,-709.468872070,-415.706420898,109.913673401,0.849696577,-0.525885403,0.016126115,0.034644492
1653512903.706090927,-708.075195312,-418.703216553,109.761604309,0.849816620,-0.525729477,0.013631412,0.035134103
1653512903.772874355,-708.075195312,-418.703216553,109.761604309,0.849816620,-0.525729477,0.013631412,0.035134103
1653512903.839690208,-706.839416504,-421.460784912,109.637435913,0.849726617,-0.525876343,0.011962526,0.035716452
1653512903.906087399,-706.839416504,-421.460784912,109.637435913,0.849726617,-0.525876343,0.011962526,0.035716452
1653512903.972834349,-705.291748047,-424.633453369,109.482482910,0.849904835,-0.525644660,0.010269789,0.035411526
1653512904.039438486,-705.291748047,-424.633453369,109.482482910,0.849904835,-0.525644660,0.010269789,0.035411526
1653512904.107198715,-704.278442383,-427.040222168,109.397155762,0.849946201,-0.525574803,0.009648093,0.035629220
1653512904.172852993,-704.278442383,-427.040222168,109.397155762,0.849946201,-0.525574803,0.009648093,0.035629220
1653512904.240577936,-702.987243652,-429.802185059,109.271316528,0.849874496,-0.525760651,0.009157124,0.034715712
1653512904.306544781,-702.987243652,-429.802185059,109.271316528,0.849874496,-0.525760651,0.009157124,0.034715712
1653512904.374307632,-701.633911133,-432.619995117,109.138114929,0.850097537,-0.525526524,0.008591819,0.032897130
1653512904.441233397,-701.633911133,-432.619995117,109.138114929,0.850097537,-0.525526524,0.008591819,0.032897130
1653512904.506463289,-700.161254883,-435.623474121,109.008575439,0.850468934,-0.525045812,0.008645078,0.030898841
1653512904.572736502,-700.161254883,-435.623474121,109.008575439,0.850468934,-0.525045812,0.008645078,0.030898841
1653512904.642598629,-699.161865234,-437.933227539,108.939277649,0.850528181,-0.525023580,0.009171557,0.029460577
1653512904.706084013,-699.161865234,-437.933227539,108.939277649,0.850528181,-0.525023580,0.009171557,0.029460577
1653512904.773181915,-697.468322754,-441.204620361,108.791999817,0.851128817,-0.524153948,0.009649827,0.027372628
1653512904.839930534,-697.468322754,-441.204620361,108.791999817,0.851128817,-0.524153948,0.009649827,0.027372628
1653512904.906084061,-696.051208496,-444.039123535,108.688766479,0.851592720,-0.523494661,0.010534275,0.025143834
1653512904.973244905,-696.051208496,-444.039123535,108.688766479,0.851592720,-0.523494661,0.010534275,0.025143834
1653512905.048066378,-694.704467773,-446.780487061,108.591804504,0.851933777,-0.523012280,0.011370345,0.023188993
1653512905.112336874,-694.704467773,-446.780487061,108.591804504,0.851933777,-0.523012280,0.011370345,0.023188993
1653512905.173950672,-693.279174805,-449.691070557,108.499275208,0.852762580,-0.521682620,0.013448922,0.021502113
1653512905.239861250,-693.279174805,-449.691070557,108.499275208,0.852762580,-0.521682620,0.013448922,0.021502113
1653512905.307983160,-691.923583984,-452.366790771,108.411643982,0.853384197,-0.520743966,0.013116394,0.019725172
1653512905.374003172,-691.923583984,-452.366790771,108.411643982,0.853384197,-0.520743966,0.013116394,0.019725172
1653512905.439565659,-690.498352051,-455.172241211,108.314514160,0.853891373,-0.519964755,0.013259344,0.018176476
1653512905.506168842,-690.498352051,-455.172241211,108.314514160,0.853891373,-0.519964755,0.013259344,0.018176476
1653512905.576164722,-689.244567871,-457.721557617,108.237663269,0.854819775,-0.518471062,0.014286141,0.016334565
1653512905.639851093,-689.244567871,-457.721557617,108.237663269,0.854819775,-0.518471062,0.014286141,0.016334565
1653512905.707422733,-687.911254883,-460.428283691,108.152832031,0.855868697,-0.516775787,0.014975874,0.014398418
1653512905.773281574,-687.911254883,-460.428283691,108.152832031,0.855868697,-0.516775787,0.014975874,0.014398418
1653512905.840586424,-686.132507324,-463.689880371,108.015434265,0.856825233,-0.515234888,0.015099992,0.012472732
1653512905.908202171,-686.132507324,-463.689880371,108.015434265,0.856825233,-0.515234888,0.015099992,0.012472732
1653512905.972700596,-685.163146973,-465.912719727,107.972167969,0.858084202,-0.513155639,0.015795529,0.010643137
1653512906.040423870,-685.163146973,-465.912719727,107.972167969,0.858084202,-0.513155639,0.015795529,0.010643137
1653512906.106458902,-683.820678711,-468.605957031,107.875816345,0.859234095,-0.511287391,0.015019736,0.008743563
1653512906.172761917,-683.820678711,-468.605957031,107.875816345,0.859234095,-0.511287391,0.015019736,0.008743563
1653512906.242607117,-682.480285645,-471.299957275,107.779937744,0.860094845,-0.509881377,0.014107934,0.007666880
1653512906.306228876,-682.480285645,-471.299957275,107.779937744,0.860094845,-0.509881377,0.014107934,0.007666880
1653512906.373282433,-681.053405762,-474.105560303,107.683105469,0.860988379,-0.508385003,0.013655291,0.007568835
1653512906.439496994,-681.053405762,-474.105560303,107.683105469,0.860988379,-0.508385003,0.013655291,0.007568835
1653512906.506470680,-679.731262207,-476.763427734,107.592124939,0.861966729,-0.506738186,0.013142034,0.007552949
1653512906.572789431,-679.731262207,-476.763427734,107.592124939,0.861966729,-0.506738186,0.013142034,0.007552949
1653512906.639482260,-678.268920898,-479.646820068,107.499160767,0.862609029,-0.505657375,0.012630736,0.007531398
1653512906.707440853,-678.268920898,-479.646820068,107.499160767,0.862609029,-0.505657375,0.012630736,0.007531398
1653512906.772889614,-677.351501465,-481.837677002,107.458145142,0.863081992,-0.504857838,0.011999166,0.008003456
1653512906.840641022,-677.351501465,-481.837677002,107.458145142,0.863081992,-0.504857838,0.011999166,0.008003456
1653512906.906176090,-676.035949707,-484.522705078,107.363586426,0.863705039,-0.503818393,0.010550565,0.008326259
1653512906.973564863,-676.035949707,-484.522705078,107.363586426,0.863705039,-0.503818393,0.010550565,0.008326259
1653512907.040056705,-674.638122559,-487.308593750,107.259536743,0.863890290,-0.503525674,0.008887462,0.008746295
1653512907.106795549,-674.638122559,-487.308593750,107.259536743,0.863890290,-0.503525674,0.008887462,0.008746295
1653512907.172965765,-673.124206543,-490.250854492,107.144866943,0.864415646,-0.502636433,0.007313147,0.009417498
1653512907.239933968,-673.124206543,-490.250854492,107.144866943,0.864415646,-0.502636433,0.007313147,0.009417498
1653512907.307882547,-671.750976562,-493.015930176,107.043411255,0.864872098,-0.501846552,0.006204734,0.010380779
1653512907.374316931,-671.750976562,-493.015930176,107.043411255,0.864872098,-0.501846552,0.006204734,0.010380779
1653512907.439993382,-670.438537598,-495.697204590,106.950187683,0.864817202,-0.501924396,0.005220758,0.011654353
1653512907.506979942,-670.438537598,-495.697204590,106.950187683,0.864817202,-0.501924396,0.005220758,0.011654353
1653512907.573344946,-669.181518555,-498.293945312,106.861000061,0.865155995,-0.501328707,0.005114590,0.012187010
1653512907.639450073,-669.181518555,-498.293945312,106.861000061,0.865155995,-0.501328707,0.005114590,0.012187010
1653512907.706394196,-667.989257812,-500.820251465,106.787605286,0.865484953,-0.500742137,0.005146612,0.012906569
1653512907.773133993,-667.989257812,-500.820251465,106.787605286,0.865484953,-0.500742137,0.005146612,0.012906569
1653512907.841750145,-666.645690918,-503.524597168,106.699676514,0.865418434,-0.500824273,0.004887661,0.014217667
1653512907.906123877,-666.645690918,-503.524597168,106.699676514,0.865418434,-0.500824273,0.004887661,0.014217667
1653512907.972597122,-664.811645508,-506.851196289,106.569252014,0.865496099,-0.500670910,0.003871456,0.015171575
1653512908.039330482,-664.811645508,-506.851196289,106.569252014,0.865496099,-0.500670910,0.003871456,0.015171575
1653512908.105836868,-663.742187500,-509.187377930,106.528717041,0.865474701,-0.500677645,0.004016551,0.016102573
1653512908.172896624,-663.742187500,-509.187377930,106.528717041,0.865474701,-0.500677645,0.004016551,0.016102573
1653512908.239529848,-662.396179199,-511.878631592,106.457389832,0.865289211,-0.500976503,0.004220367,0.016711846
1653512908.306117058,-662.396179199,-511.878631592,106.457389832,0.865289211,-0.500976503,0.004220367,0.016711846
1653512908.373267174,-660.996826172,-514.621154785,106.387557983,0.865244627,-0.501014113,0.004254096,0.017847748
1653512908.439706802,-660.996826172,-514.621154785,106.387557983,0.865244627,-0.501014113,0.004254096,0.017847748
1653512908.506121397,-659.442382812,-517.529724121,106.312438965,0.865327120,-0.500846803,0.004308209,0.018518772
1653512908.572911024,-659.442382812,-517.529724121,106.312438965,0.865327120,-0.500846803,0.004308209,0.018518772
1653512908.639347076,-657.896850586,-520.406433105,106.247375488,0.865446746,-0.500615954,0.005018670,0.018982649
1653512908.706495285,-657.896850586,-520.406433105,106.247375488,0.865446746,-0.500615954,0.005018670,0.018982649
1653512908.773624182,-656.867553711,-522.653320312,106.249977112,0.865895808,-0.499810129,0.006134131,0.019406077
1653512908.839426041,-656.867553711,-522.653320312,106.249977112,0.865895808,-0.499810129,0.006134131,0.019406077
1653512908.906979561,-655.165222168,-525.708862305,106.182556152,0.866326392,-0.499027669,0.006225829,0.020278931
1653512908.975592613,-655.165222168,-525.708862305,106.182556152,0.866326392,-0.499027669,0.006225829,0.020278931
1653512909.043893814,-653.618652344,-528.573242188,106.146652222,0.866870999,-0.498055637,0.006501792,0.020809572
1653512909.106344461,-653.618652344,-528.573242188,106.146652222,0.866870999,-0.498055637,0.006501792,0.020809572
1653512909.172961235,-652.352111816,-531.101562500,106.150100708,0.867774785,-0.496438622,0.006353444,0.021799741
1653512909.239454031,-652.352111816,-531.101562500,106.150100708,0.867774785,-0.496438622,0.006353444,0.021799741
1653512909.306258678,-650.933044434,-533.746887207,106.132385254,0.868508339,-0.495116204,0.005867746,0.022777591
1653512909.374457598,-650.933044434,-533.746887207,106.132385254,0.868508339,-0.495116204,0.005867746,0.022777591
1653512909.439943552,-649.415893555,-536.514099121,106.121131897,0.868998647,-0.494205862,0.006130484,0.023756649
1653512909.506306171,-649.415893555,-536.514099121,106.121131897,0.868998647,-0.494205862,0.006130484,0.023756649
1653512909.572782516,-647.750671387,-539.459350586,106.105743408,0.869862616,-0.492676616,0.006471626,0.023809386
1653512909.639871120,-647.750671387,-539.459350586,106.105743408,0.869862616,-0.492676616,0.006471626,0.023809386
1653512909.706027508,-646.496887207,-541.899780273,106.141967773,0.870613754,-0.491356611,0.007701570,0.023260269
1653512909.773156404,-646.496887207,-541.899780273,106.141967773,0.870613754,-0.491356611,0.007701570,0.023260269
1653512909.839455128,-645.302612305,-544.264038086,106.185775757,0.871043801,-0.490590513,0.009039748,0.022845814
1653512909.906032562,-645.302612305,-544.264038086,106.185775757,0.871043801,-0.490590513,0.009039748,0.022845814
1653512909.973375320,-643.783020020,-547.025878906,106.193557739,0.871818602,-0.489264399,0.009461527,0.021520756
1653512910.039677143,-643.783020020,-547.025878906,106.193557739,0.871818602,-0.489264399,0.009461527,0.021520756
1653512910.108219385,-642.262145996,-549.789245605,106.204887390,0.872245491,-0.488531023,0.010121297,0.020561919
1653512910.174879789,-642.262145996,-549.789245605,106.204887390,0.872245491,-0.488531023,0.010121297,0.020561919
1653512910.244743109,-641.373840332,-551.815429688,106.284736633,0.872373044,-0.488306403,0.011585572,0.019696793
1653512910.306171894,-641.373840332,-551.815429688,106.284736633,0.872373044,-0.488306403,0.011585572,0.019696793
1653512910.372764111,-639.524414062,-554.982238770,106.260520935,0.872799397,-0.487581640,0.010928521,0.019129511
1653512910.439341784,-639.524414062,-554.982238770,106.260520935,0.872799397,-0.487581640,0.010928521,0.019129511
1653512910.506181717,-638.459960938,-557.136169434,106.302787781,0.872992098,-0.487203687,0.010997882,0.019911421
1653512910.572911024,-638.459960938,-557.136169434,106.302787781,0.872992098,-0.487203687,0.010997882,0.019911421
1653512910.641343117,-636.813720703,-559.991333008,106.280540466,0.872871637,-0.487388074,0.010068357,0.021131681
1653512910.706329346,-636.813720703,-559.991333008,106.280540466,0.872871637,-0.487388074,0.010068357,0.021131681
1653512910.772689819,-635.640441895,-562.272460938,106.300010681,0.872726262,-0.487584800,0.009333641,0.022864437
1653512910.841441870,-635.640441895,-562.272460938,106.300010681,0.872726262,-0.487584800,0.009333641,0.022864437
1653512910.910069466,-633.862304688,-565.246582031,106.241813660,0.872248411,-0.488399625,0.008372113,0.024051618
1653512910.972791195,-633.862304688,-565.246582031,106.241813660,0.872248411,-0.488399625,0.008372113,0.024051618
1653512911.039506435,-632.471374512,-567.819152832,106.216056824,0.871456802,-0.489747018,0.008534035,0.025259171
1653512911.107188940,-632.471374512,-567.819152832,106.216056824,0.871456802,-0.489747018,0.008534035,0.025259171
1653512911.173186541,-631.158142090,-570.246520996,106.172103882,0.870895386,-0.490699917,0.009086072,0.025927305
1653512911.240326881,-631.158142090,-570.246520996,106.172103882,0.870895386,-0.490699917,0.009086072,0.025927305
1653512911.306689262,-629.433349609,-573.161254883,106.079261780,0.870501816,-0.491410047,0.009523639,0.025535371
1653512911.373726130,-629.433349609,-573.161254883,106.079261780,0.870501816,-0.491410047,0.009523639,0.025535371
1653512911.440350056,-628.044494629,-575.668029785,106.006996155,0.870255649,-0.491908669,0.010789985,0.023759594
1653512911.507137775,-628.044494629,-575.668029785,106.006996155,0.870255649,-0.491908669,0.010789985,0.023759594
1653512911.573760033,-626.207763672,-578.683410645,105.882278442,0.870497704,-0.491580546,0.011446105,0.021244414
1653512911.639563322,-626.207763672,-578.683410645,105.882278442,0.870497704,-0.491580546,0.011446105,0.021244414
1653512911.706436872,-624.777404785,-581.202087402,105.792526245,0.870880961,-0.490966588,0.012699355,0.018891336
1653512911.772929192,-624.777404785,-581.202087402,105.792526245,0.870880961,-0.490966588,0.012699355,0.018891336
1653512911.844499350,-623.117675781,-583.964721680,105.680137634,0.871174872,-0.490499347,0.014693739,0.015775969
1653512911.906616926,-623.117675781,-583.964721680,105.680137634,0.871174872,-0.490499347,0.014693739,0.015775969
1653512911.973061085,-621.606445312,-586.568603516,105.588134766,0.871889710,-0.489261568,0.017007511,0.011922806
1653512912.039544821,-621.606445312,-586.568603516,105.588134766,0.871889710,-0.489261568,0.017007511,0.011922806
1653512912.106898785,-620.305541992,-588.880310059,105.512107849,0.872629523,-0.487941563,0.018913738,0.008543854
1653512912.173158407,-620.305541992,-588.880310059,105.512107849,0.872629523,-0.487941563,0.018913738,0.008543854
1653512912.239499569,-618.575927734,-591.707458496,105.400291443,0.873302758,-0.486754209,0.019181626,0.006689206
1653512912.308140516,-618.575927734,-591.707458496,105.400291443,0.873302758,-0.486754209,0.019181626,0.006689206
1653512912.373183966,-616.800170898,-594.587097168,105.292915344,0.874414384,-0.484773815,0.019120069,0.005317736
1653512912.440394402,-616.800170898,-594.587097168,105.292915344,0.874414384,-0.484773815,0.019120069,0.005317736
1653512912.505802393,-615.302856445,-597.174255371,105.213111877,0.875646114,-0.482558429,0.018904468,0.004881078
1653512912.572605371,-615.302856445,-597.174255371,105.213111877,0.875646114,-0.482558429,0.018904468,0.004881078
1653512912.639494419,-614.121337891,-599.422424316,105.164596558,0.876598358,-0.480803192,0.019463178,0.004975406
1653512912.706792831,-614.121337891,-599.422424316,105.164596558,0.876598358,-0.480803192,0.019463178,0.004975406
1653512912.772672653,-612.494262695,-602.158630371,105.074119568,0.877727509,-0.478816241,0.017543184,0.004656489
1653512912.839321852,-612.494262695,-602.158630371,105.074119568,0.877727509,-0.478816241,0.017543184,0.004656489
1653512912.906238079,-610.936950684,-604.778564453,104.999786377,0.878651917,-0.477163315,0.016141413,0.005043762
1653512912.974078178,-610.936950684,-604.778564453,104.999786377,0.878651917,-0.477163315,0.016141413,0.005043762
1653512913.039982557,-609.274658203,-607.573242188,104.918823242,0.879206598,-0.476175129,0.014697286,0.006086947
1653512913.106087923,-609.274658203,-607.573242188,104.918823242,0.879206598,-0.476175129,0.014697286,0.006086947
1653512913.172527313,-607.855468750,-610.112182617,104.861389160,0.879622281,-0.475443184,0.012690815,0.007576248
1653512913.239908218,-607.855468750,-610.112182617,104.861389160,0.879622281,-0.475443184,0.012690815,0.007576248
1653512913.305881500,-606.697631836,-612.355468750,104.813362122,0.879862428,-0.474998653,0.010389806,0.010507638
1653512913.372740746,-606.697631836,-612.355468750,104.813362122,0.879862428,-0.474998653,0.010389806,0.010507638
1653512913.439573288,-605.018310547,-615.166137695,104.717407227,0.879610181,-0.475442737,0.007921237,0.013320166
1653512913.506171465,-605.018310547,-615.166137695,104.717407227,0.879610181,-0.475442737,0.007921237,0.013320166
1653512913.574150562,-603.743835449,-617.525146484,104.656646729,0.879415154,-0.475757420,0.006095535,0.015706053
1653512913.639557362,-603.743835449,-617.525146484,104.656646729,0.879415154,-0.475757420,0.006095535,0.015706053
1653512913.707387209,-601.918029785,-620.502014160,104.530853271,0.878790975,-0.476905614,0.003791450,0.016523387
1653512913.772632837,-601.918029785,-620.502014160,104.530853271,0.878790975,-0.476905614,0.003791450,0.016523387
1653512913.839420080,-600.582946777,-622.910583496,104.442871094,0.877869070,-0.478611141,0.002932333,0.016392574
1653512913.908086777,-600.582946777,-622.910583496,104.442871094,0.877869070,-0.478611141,0.002932333,0.016392574
1653512913.972871542,-599.166076660,-625.414367676,104.333953857,0.877151489,-0.479961812,0.003506928,0.015153013
1653512914.039205074,-599.166076660,-625.414367676,104.333953857,0.877151489,-0.479961812,0.003506928,0.015153013
1653512914.106119156,-597.332336426,-628.348999023,104.181991577,0.876137853,-0.481835216,0.003839802,0.014231853
1653512914.172949076,-597.332336426,-628.348999023,104.181991577,0.876137853,-0.481835216,0.003839802,0.014231853
1653512914.239736080,-595.713256836,-631.056823730,104.049484253,0.875303805,-0.483383596,0.005169183,0.012520917
1653512914.306177139,-595.713256836,-631.056823730,104.049484253,0.875303805,-0.483383596,0.005169183,0.012520917
1653512914.372565031,-594.359252930,-633.493286133,103.933502197,0.874650419,-0.484579265,0.006667410,0.011185526
1653512914.439256191,-594.359252930,-633.493286133,103.933502197,0.874650419,-0.484579265,0.006667410,0.011185526
1653512914.506479025,-592.872070312,-636.066162109,103.793708801,0.874346197,-0.485130876,0.007263480,0.010677704
1653512914.572632313,-592.872070312,-636.066162109,103.793708801,0.874346197,-0.485130876,0.007263480,0.010677704
1653512914.639455557,-591.032531738,-639.003356934,103.615982056,0.873902977,-0.485937953,0.007325262,0.010210150
1653512914.707041025,-591.032531738,-639.003356934,103.615982056,0.873902977,-0.485937953,0.007325262,0.010210150
1653512914.774123430,-589.492004395,-641.601562500,103.460174561,0.873909950,-0.485922068,0.007867017,0.009964016
1653512914.839275360,-589.492004395,-641.601562500,103.460174561,0.873909950,-0.485922068,0.007867017,0.009964016
1653512914.907511950,-587.940917969,-644.202514648,103.299095154,0.874007940,-0.485733628,0.008582391,0.009966107
1653512914.974782944,-587.940917969,-644.202514648,103.299095154,0.874007940,-0.485733628,0.008582391,0.009966107
1653512915.040304899,-586.101867676,-647.089111328,103.106819153,0.873915017,-0.485896319,0.008609924,0.010156383
1653512915.108234644,-586.101867676,-647.089111328,103.106819153,0.873915017,-0.485896319,0.008609924,0.010156383
1653512915.174732447,-584.560668945,-649.643066406,102.936805725,0.874339879,-0.485120714,0.009584255,0.009790010
1653512915.241042137,-584.560668945,-649.643066406,102.936805725,0.874339879,-0.485120714,0.009584255,0.009790010
1653512915.306010246,-582.355712891,-652.926452637,102.702713013,0.874627233,-0.484589666,0.010169088,0.009833481
1653512915.372567177,-582.355712891,-652.926452637,102.702713013,0.874627233,-0.484589666,0.010169088,0.009833481
1653512915.439926147,-581.554138184,-654.694702148,102.605926514,0.874741554,-0.484328657,0.012088761,0.010337223
1653512915.506031036,-581.554138184,-654.694702148,102.605926514,0.874741554,-0.484328657,0.012088761,0.010337223
1653512915.572537422,-579.573242188,-657.734558105,102.381523132,0.875059962,-0.483752221,0.012364876,0.010047192
1653512915.639326811,-579.573242188,-657.734558105,102.381523132,0.875059962,-0.483752221,0.012364876,0.010047192
1653512915.705958128,-577.673583984,-660.688049316,102.167030334,0.875517249,-0.482935876,0.012262128,0.009599145
1653512915.772783279,-577.673583984,-660.688049316,102.167030334,0.875517249,-0.482935876,0.012262128,0.009599145
1653512915.839733362,-576.217834473,-663.188354492,101.992462158,0.875709951,-0.482560664,0.013225509,0.009612927
1653512915.905893564,-576.217834473,-663.188354492,101.992462158,0.875709951,-0.482560664,0.013225509,0.009612927
1653512915.973493338,-574.899841309,-665.549438477,101.817276001,0.876093149,-0.481878102,0.013132720,0.009047115
1653512916.039428234,-574.899841309,-665.549438477,101.817276001,0.876093149,-0.481878102,0.013132720,0.009047115
1653512916.106724739,-572.983215332,-668.517089844,101.576660156,0.876681685,-0.480814815,0.012468325,0.009531288
1653512916.173190594,-572.983215332,-668.517089844,101.576660156,0.876681685,-0.480814815,0.012468325,0.009531288
1653512916.241775751,-571.355285645,-671.152038574,101.368606567,0.876980186,-0.480262905,0.012024780,0.010425488
1653512916.306301594,-571.355285645,-671.152038574,101.368606567,0.876980186,-0.480262905,0.012024780,0.010425488
1653512916.373219490,-569.900756836,-673.644042969,101.170280457,0.877599478,-0.479130387,0.012207355,0.010205546
1653512916.439396143,-569.900756836,-673.644042969,101.170280457,0.877599478,-0.479130387,0.012207355,0.010205546
1653512916.506415129,-568.512145996,-676.063659668,100.973587036,0.877997756,-0.478410095,0.011752103,0.010274752
1653512916.573314667,-568.512145996,-676.063659668,100.973587036,0.877997756,-0.478410095,0.011752103,0.010274752
1653512916.640112638,-566.850524902,-678.779296875,100.750831604,0.878072441,-0.478274345,0.010888252,0.011129105
1653512916.705946207,-566.850524902,-678.779296875,100.750831604,0.878072441,-0.478274345,0.010888252,0.011129105
1653512916.773091316,-565.309570312,-681.361145020,100.542221069,0.878214717,-0.478015214,0.009849969,0.011974038
1653512916.841082096,-565.309570312,-681.361145020,100.542221069,0.878214717,-0.478015214,0.009849969,0.011974038
1653512916.905794144,-563.650207520,-684.053527832,100.321151733,0.878162026,-0.478116304,0.008361215,0.012897820
1653512916.973143578,-563.650207520,-684.053527832,100.321151733,0.878162026,-0.478116304,0.008361215,0.012897820
1653512917.041004419,-562.021423340,-686.713317871,100.098114014,0.877641439,-0.479056686,0.006935353,0.014214491
1653512917.106071949,-562.021423340,-686.713317871,100.098114014,0.877641439,-0.479056686,0.006935353,0.014214491
1653512917.172998667,-560.375427246,-689.418334961,99.872741699,0.877509117,-0.479283482,0.006126607,0.015084621
1653512917.239789963,-560.375427246,-689.418334961,99.872741699,0.877509117,-0.479283482,0.006126607,0.015084621
1653512917.306140423,-558.525390625,-692.290588379,99.622650146,0.877353132,-0.479539722,0.005587773,0.016184181
1653512917.372506142,-558.525390625,-692.290588379,99.622650146,0.877353132,-0.479539722,0.005587773,0.016184181
1653512917.439262629,-557.302124023,-694.515625000,99.451080322,0.876792669,-0.480527937,0.005401511,0.017271932
1653512917.506694078,-557.302124023,-694.515625000,99.451080322,0.876792669,-0.480527937,0.005401511,0.017271932
1653512917.572580576,-556.002197266,-696.818786621,99.269378662,0.876519740,-0.480998367,0.005525738,0.017976234
1653512917.640163183,-556.002197266,-696.818786621,99.269378662,0.876519740,-0.480998367,0.005525738,0.017976234
1653512917.707667112,-553.826232910,-700.027770996,98.994567871,0.876255095,-0.481481105,0.004596999,0.018217683
1653512917.772503853,-553.826232910,-700.027770996,98.994567871,0.876255095,-0.481481105,0.004596999,0.018217683
1653512917.839243889,-551.846252441,-703.043090820,98.755516052,0.875942469,-0.482045501,0.004950454,0.018231761
1653512917.905831337,-551.846252441,-703.043090820,98.755516052,0.875942469,-0.482045501,0.004950454,0.018231761
1653512917.974476814,-550.470764160,-705.399230957,98.592376709,0.875921667,-0.482111752,0.004896094,0.017478043
1653512918.040600777,-550.470764160,-705.399230957,98.592376709,0.875921667,-0.482111752,0.004896094,0.017478043
1653512918.106445789,-548.804443359,-708.058715820,98.401206970,0.876300156,-0.481449753,0.005328052,0.016605727
1653512918.172746420,-548.804443359,-708.058715820,98.401206970,0.876300156,-0.481449753,0.005328052,0.016605727
1653512918.242866516,-547.053710938,-710.761840820,98.209693909,0.876484036,-0.481143057,0.005579286,0.015682392
1653512918.306033850,-547.053710938,-710.761840820,98.209693909,0.876484036,-0.481143057,0.005579286,0.015682392
1653512918.373003960,-545.173645020,-713.611022949,98.017166138,0.876909256,-0.480387241,0.005676416,0.015032544
1653512918.439371586,-545.173645020,-713.611022949,98.017166138,0.876909256,-0.480387241,0.005676416,0.015032544
1653512918.505864382,-543.117797852,-716.595642090,97.812957764,0.877355754,-0.479606301,0.005664770,0.013878727
1653512918.572522879,-543.117797852,-716.595642090,97.812957764,0.877355754,-0.479606301,0.005664770,0.013878727
1653512918.639315367,-541.962707520,-718.691711426,97.724571228,0.877938628,-0.478559196,0.006044460,0.012973570
1653512918.706596851,-541.962707520,-718.691711426,97.724571228,0.877938628,-0.478559196,0.006044460,0.012973570
1653512918.773922920,-540.099243164,-721.512878418,97.552299500,0.878635705,-0.477303743,0.005572209,0.012222750
1653512918.839183331,-540.099243164,-721.512878418,97.552299500,0.878635705,-0.477303743,0.005572209,0.012222750
1653512918.906341791,-538.318054199,-724.263916016,97.399055481,0.879589617,-0.475569904,0.004630002,0.011574984
1653512918.972676277,-538.318054199,-724.263916016,97.399055481,0.879589617,-0.475569904,0.004630002,0.011574984
1653512919.039188862,-536.778259277,-726.754699707,97.273612976,0.880317450,-0.474233896,0.003338983,0.011499079
1653512919.109936237,-536.778259277,-726.754699707,97.273612976,0.880317450,-0.474233896,0.003338983,0.011499079
1653512919.172969341,-534.994445801,-729.482482910,97.121360779,0.881071687,-0.472834110,0.001890078,0.011705584
1653512919.239584684,-534.994445801,-729.482482910,97.121360779,0.881071687,-0.472834110,0.001890078,0.011705584
1653512919.306104183,-533.175903320,-732.212402344,96.972030640,0.881647110,-0.471748918,0.000185980,0.012300518
1653512919.372863054,-533.175903320,-732.212402344,96.972030640,0.881647110,-0.471748918,0.000185980,0.012300518
1653512919.439282179,-531.384094238,-734.933654785,96.822013855,0.882106960,-0.470870435,-0.000433262,0.012968233
1653512919.506232977,-531.384094238,-734.933654785,96.822013855,0.882106960,-0.470870435,-0.000433262,0.012968233
1653512919.573919773,-529.606140137,-737.637145996,96.676841736,0.882546067,-0.470019847,-0.000655423,0.013904508
1653512919.639784336,-529.606140137,-737.637145996,96.676841736,0.882546067,-0.470019847,-0.000655423,0.013904508
1653512919.706546545,-527.896179199,-740.277770996,96.546852112,0.882761717,-0.469607502,-0.000153514,0.014158725
1653512919.772476435,-527.896179199,-740.277770996,96.546852112,0.882761717,-0.469607502,-0.000153514,0.014158725
1653512919.839409351,-526.266479492,-742.822753906,96.432868958,0.882729471,-0.469661981,0.001394543,0.014296795
1653512919.905869246,-526.266479492,-742.822753906,96.432868958,0.882729471,-0.469661981,0.001394543,0.014296795
1653512919.973426342,-524.634887695,-745.336181641,96.328880310,0.882930100,-0.469269395,0.003578168,0.014418469
1653512920.039250612,-524.634887695,-745.336181641,96.328880310,0.882930100,-0.469269395,0.003578168,0.014418469
1653512920.105711937,-522.591430664,-748.262878418,96.181953430,0.882932901,-0.469254404,0.005902620,0.013962775
1653512920.172508240,-522.591430664,-748.262878418,96.181953430,0.882932901,-0.469254404,0.005902620,0.013962775
1653512920.239482164,-520.555541992,-751.178710938,96.043128967,0.882678270,-0.469699413,0.008967355,0.013457215
1653512920.305770159,-520.555541992,-751.178710938,96.043128967,0.882678270,-0.469699413,0.008967355,0.013457215
1653512920.373007059,-518.747924805,-753.870727539,95.930130005,0.882425964,-0.470127225,0.011212490,0.013382435
1653512920.439539433,-518.747924805,-753.870727539,95.930130005,0.882425964,-0.470127225,0.011212490,0.013382435
1653512920.505796909,-516.706542969,-756.778991699,95.779579163,0.882103145,-0.470730960,0.012059743,0.012686298
1653512920.572622776,-516.706542969,-756.778991699,95.779579163,0.882103145,-0.470730960,0.012059743,0.012686298
1653512920.639565468,-514.957153320,-759.406677246,95.653739929,0.881708026,-0.471474618,0.012888830,0.011685953
1653512920.707080364,-514.957153320,-759.406677246,95.653739929,0.881708026,-0.471474618,0.012888830,0.011685953
1653512920.772423267,-513.226440430,-762.011596680,95.525512695,0.881607294,-0.471678704,0.013200768,0.010653240
1653512920.841373920,-513.226440430,-762.011596680,95.525512695,0.881607294,-0.471678704,0.013200768,0.010653240
1653512920.906025410,-511.615417480,-764.512329102,95.410263062,0.881297946,-0.472276062,0.013747856,0.008956290
1653512920.972832441,-511.615417480,-764.512329102,95.410263062,0.881297946,-0.472276062,0.013747856,0.008956290
1653512921.039474010,-509.804046631,-767.219238281,95.274955750,0.880641460,-0.473519892,0.014170693,0.006980235
1653512921.105691195,-509.804046631,-767.219238281,95.274955750,0.880641460,-0.473519892,0.014170693,0.006980235
1653512921.172873259,-508.007965088,-769.862304688,95.144958496,0.880364716,-0.474039733,0.014805197,0.005007366
1653512921.239418745,-508.007965088,-769.862304688,95.144958496,0.880364716,-0.474039733,0.014805197,0.005007366
1653512921.306933880,-506.131988525,-772.628662109,95.012870789,0.879953980,-0.474794030,0.015713530,0.002170879
1653512921.372714996,-506.131988525,-772.628662109,95.012870789,0.879953980,-0.474794030,0.015713530,0.002170879
1653512921.442794561,-504.829895020,-774.839721680,94.946166992,0.879437745,-0.475712866,0.016881378,0.001244702
1653512921.506202698,-504.829895020,-774.839721680,94.946166992,0.879437745,-0.475712866,0.016881378,0.001244702
1653512921.572450161,-503.028930664,-777.542358398,94.815956116,0.879241884,-0.476087064,0.016311819,0.002960564
1653512921.639368534,-503.028930664,-777.542358398,94.815956116,0.879241884,-0.476087064,0.016311819,0.002960564
1653512921.705907583,-500.945007324,-780.469177246,94.645462036,0.879174292,-0.476237923,0.014502807,0.006298089
1653512921.773189783,-500.945007324,-780.469177246,94.645462036,0.879174292,-0.476237923,0.014502807,0.006298089
1653512921.844346523,-499.473358154,-782.840820312,94.544639587,0.878922284,-0.476674110,0.013933378,0.009123804
1653512921.905968666,-499.473358154,-782.840820312,94.544639587,0.878922284,-0.476674110,0.013933378,0.009123804
1653512921.974344015,-497.998657227,-785.259399414,94.442794800,0.878752112,-0.476992816,0.013359407,0.009700372
1653512922.040787458,-497.998657227,-785.259399414,94.442794800,0.878752112,-0.476992816,0.013359407,0.009700372
1653512922.105770826,-496.021118164,-788.117004395,94.278770447,0.878396273,-0.477672666,0.013407806,0.008310763
1653512922.172457218,-496.021118164,-788.117004395,94.278770447,0.878396273,-0.477672666,0.013407806,0.008310763
1653512922.239957333,-494.827819824,-790.237365723,94.205703735,0.877917230,-0.478572875,0.013606546,0.006644504
1653512922.305803537,-494.827819824,-790.237365723,94.205703735,0.877917230,-0.478572875,0.013606546,0.006644504
1653512922.373822212,-492.715209961,-793.246765137,94.030647278,0.877871573,-0.478703171,0.012284591,0.005822056
1653512922.439493179,-492.715209961,-793.246765137,94.030647278,0.877871573,-0.478703171,0.012284591,0.005822056
1653512922.506784439,-491.455841064,-795.429321289,93.955268860,0.877890527,-0.478683770,0.011398491,0.006333190
1653512922.573450089,-491.455841064,-795.429321289,93.955268860,0.877890527,-0.478683770,0.011398491,0.006333190
1653512922.639379025,-489.470642090,-798.286987305,93.789192200,0.877731562,-0.479003876,0.009459373,0.007285285
1653512922.706277132,-489.470642090,-798.286987305,93.789192200,0.877731562,-0.479003876,0.009459373,0.007285285
1653512922.774163961,-487.639495850,-800.978820801,93.642517090,0.877869606,-0.478771269,0.007025551,0.008582656
1653512922.839086771,-487.639495850,-800.978820801,93.642517090,0.877869606,-0.478771269,0.007025551,0.008582656
1653512922.907784224,-485.848724365,-803.653198242,93.504669189,0.877840281,-0.478826582,0.004670940,0.009986089
1653512922.972805500,-485.848724365,-803.653198242,93.504669189,0.877840281,-0.478826582,0.004670940,0.009986089
1653512923.039676189,-484.192932129,-806.227539062,93.374595642,0.877695799,-0.479068875,0.002324270,0.011733709
1653512923.111053228,-484.192932129,-806.227539062,93.374595642,0.877695799,-0.479068875,0.002324270,0.011733709
1653512923.173169374,-482.599090576,-808.713073730,93.252357483,0.877846956,-0.478762686,-0.000731670,0.013057019
1653512923.239092350,-482.599090576,-808.713073730,93.252357483,0.877846956,-0.478762686,-0.000731670,0.013057019
1653512923.306591034,-481.004180908,-811.205383301,93.118385315,0.877655327,-0.479053468,-0.003200834,0.014787857
1653512923.372632742,-481.004180908,-811.205383301,93.118385315,0.877655327,-0.479053468,-0.003200834,0.014787857
1653512923.441957712,-479.530822754,-813.600891113,93.001075745,0.877285838,-0.479655117,-0.005130726,0.016560214
1653512923.506458998,-479.530822754,-813.600891113,93.001075745,0.877285838,-0.479655117,-0.005130726,0.016560214
1653512923.573024511,-477.732757568,-816.301635742,92.856887817,0.877143502,-0.479812771,-0.006322402,0.018948253
1653512923.639057398,-477.732757568,-816.301635742,92.856887817,0.877143502,-0.479812771,-0.006322402,0.018948253
1653512923.707801580,-475.778198242,-819.098327637,92.696807861,0.876895428,-0.480159283,-0.007879883,0.020962140
1653512923.772765875,-475.778198242,-819.098327637,92.696807861,0.876895428,-0.480159283,-0.007879883,0.020962140
1653512923.841588736,-473.766632080,-821.948547363,92.538261414,0.876475573,-0.480830938,-0.007822961,0.023044026
1653512923.906193972,-473.766632080,-821.948547363,92.538261414,0.876475573,-0.480830938,-0.007822961,0.023044026
1653512923.972409248,-471.589965820,-824.942993164,92.356521606,0.876217246,-0.481225967,-0.007340600,0.024719475
1653512924.039275408,-471.589965820,-824.942993164,92.356521606,0.876217246,-0.481225967,-0.007340600,0.024719475
1653512924.105877876,-470.152069092,-827.207824707,92.257812500,0.875958860,-0.481667906,-0.006239231,0.025557483
1653512924.172615051,-470.152069092,-827.207824707,92.257812500,0.875958860,-0.481667906,-0.006239231,0.025557483
1653512924.239169598,-468.432159424,-829.760253906,92.119422913,0.875394702,-0.482671082,-0.005921691,0.026031543
1653512924.306250572,-468.432159424,-829.760253906,92.119422913,0.875394702,-0.482671082,-0.005921691,0.026031543
1653512924.372355223,-466.905700684,-832.119934082,91.997833252,0.875106692,-0.483177841,-0.005363938,0.026432177
1653512924.440770388,-466.905700684,-832.119934082,91.997833252,0.875106692,-0.483177841,-0.005363938,0.026432177
1653512924.506376505,-464.927093506,-834.893493652,91.814208984,0.874829590,-0.483637899,-0.005831766,0.027083861
1653512924.572611332,-464.927093506,-834.893493652,91.814208984,0.874829590,-0.483637899,-0.005831766,0.027083861
1653512924.641292810,-462.828796387,-837.765075684,91.613159180,0.874486566,-0.484217018,-0.007329271,0.027449101
1653512924.709180593,-462.828796387,-837.765075684,91.613159180,0.874486566,-0.484217018,-0.007329271,0.027449101
1653512924.772542953,-461.065368652,-840.324035645,91.442054749,0.874485791,-0.484200895,-0.008183477,0.027515523
1653512924.842007875,-461.065368652,-840.324035645,91.442054749,0.874485791,-0.484200895,-0.008183477,0.027515523
1653512924.906510115,-459.144195557,-842.972167969,91.247673035,0.874685049,-0.483782530,-0.009111264,0.028240360
1653512924.972670794,-459.144195557,-842.972167969,91.247673035,0.874685049,-0.483782530,-0.009111264,0.028240360
1653512925.039157391,-457.513946533,-845.347656250,91.080688477,0.874648392,-0.483817875,-0.009950738,0.028486075
1653512925.105864525,-457.513946533,-845.347656250,91.080688477,0.874648392,-0.483817875,-0.009950738,0.028486075
1653512925.173124075,-455.778350830,-847.800903320,90.902496338,0.875100195,-0.482981622,-0.010248979,0.028694376
1653512925.239217520,-455.778350830,-847.800903320,90.902496338,0.875100195,-0.482981622,-0.010248979,0.028694376
1653512925.305675507,-454.056304932,-850.252075195,90.724243164,0.875544250,-0.482175410,-0.010578938,0.028587976
1653512925.373811722,-454.056304932,-850.252075195,90.724243164,0.875544250,-0.482175410,-0.010578938,0.028587976
1653512925.439395666,-451.997955322,-852.993408203,90.508224487,0.875859976,-0.481574148,-0.010802809,0.028965103
1653512925.506114244,-451.997955322,-852.993408203,90.508224487,0.875859976,-0.481574148,-0.010802809,0.028965103
1653512925.572581530,-449.999969482,-855.663208008,90.300338745,0.876613677,-0.480188698,-0.010894097,0.029130563
1653512925.640736341,-449.999969482,-855.663208008,90.300338745,0.876613677,-0.480188698,-0.010894097,0.029130563
1653512925.705787420,-447.885467529,-858.414855957,90.080078125,0.877561688,-0.478437722,-0.011174611,0.029291628
1653512925.772432327,-447.885467529,-858.414855957,90.080078125,0.877561688,-0.478437722,-0.011174611,0.029291628
1653512925.839762926,-446.043945312,-860.893554688,89.887931824,0.878244638,-0.477145284,-0.010166880,0.030254694
1653512925.906600475,-446.043945312,-860.893554688,89.887931824,0.878244638,-0.477145284,-0.010166880,0.030254694
1653512925.972927809,-444.238952637,-863.323425293,89.698165894,0.879224002,-0.475311428,-0.009021280,0.031028965
1653512926.039314985,-444.238952637,-863.323425293,89.698165894,0.879224002,-0.475311428,-0.009021280,0.031028965
1653512926.105939150,-441.793701172,-866.335693359,89.434906006,0.880033016,-0.473809153,-0.007585688,0.031451993
1653512926.172435760,-441.793701172,-866.335693359,89.434906006,0.880033016,-0.473809153,-0.007585688,0.031451993
1653512926.240677118,-440.604766846,-868.211059570,89.325698853,0.880471885,-0.473014563,-0.005664534,0.031534649
1653512926.305638790,-440.604766846,-868.211059570,89.325698853,0.880471885,-0.473014563,-0.005664534,0.031534649
1653512926.373110056,-438.616851807,-870.805908203,89.111587524,0.880954683,-0.472096294,-0.005664443,0.031809259
1653512926.439147234,-438.616851807,-870.805908203,89.111587524,0.880954683,-0.472096294,-0.005664443,0.031809259
1653512926.505773306,-436.556060791,-873.431640625,88.883445740,0.881258428,-0.471518695,-0.006206963,0.031861320
1653512926.572821379,-436.556060791,-873.431640625,88.883445740,0.881258428,-0.471518695,-0.006206963,0.031861320
1653512926.641239643,-434.314636230,-876.210510254,88.633712769,0.881421685,-0.471233785,-0.006121521,0.031575806
1653512926.706659079,-434.314636230,-876.210510254,88.633712769,0.881421685,-0.471233785,-0.006121521,0.031575806
1653512926.772786617,-432.438385010,-878.670898438,88.431106567,0.881854057,-0.470469981,-0.005918450,0.030926106
1653512926.840284586,-432.438385010,-878.670898438,88.431106567,0.881854057,-0.470469981,-0.005918450,0.030926106
1653512926.906200171,-430.662811279,-880.995971680,88.238723755,0.882213354,-0.469878018,-0.005993941,0.029636616
1653512926.972521305,-430.662811279,-880.995971680,88.238723755,0.882213354,-0.469878018,-0.005993941,0.029636616
1653512927.040838003,-428.557678223,-883.613830566,88.006523132,0.882610321,-0.469216555,-0.005966367,0.028271677
1653512927.105794430,-428.557678223,-883.613830566,88.006523132,0.882610321,-0.469216555,-0.005966367,0.028271677
1653512927.173547745,-426.627563477,-886.063171387,87.801048279,0.883340836,-0.467945814,-0.005690732,0.026519850
1653512927.239129066,-426.627563477,-886.063171387,87.801048279,0.883340836,-0.467945814,-0.005690732,0.026519850
1653512927.305943489,-424.787750244,-888.421264648,87.609748840,0.884029865,-0.466774672,-0.005160739,0.024207132
1653512927.373144865,-424.787750244,-888.421264648,87.609748840,0.884029865,-0.466774672,-0.005160739,0.024207132
1653512927.444530249,-422.917205811,-890.806823730,87.418273926,0.884638906,-0.465712637,-0.005092865,0.022357522
1653512927.506713867,-422.917205811,-890.806823730,87.418273926,0.884638906,-0.465712637,-0.005092865,0.022357522
1653512927.574090958,-420.356353760,-893.826477051,87.151206970,0.885640085,-0.463891059,-0.004709507,0.020605922
1653512927.639252663,-420.356353760,-893.826477051,87.151206970,0.885640085,-0.463891059,-0.004709507,0.020605922
1653512927.706695080,-418.807128906,-895.904296875,87.010070801,0.886596322,-0.462158859,-0.004038075,0.018435266
1653512927.772329807,-418.807128906,-895.904296875,87.010070801,0.886596322,-0.462158859,-0.004038075,0.018435266
1653512927.839855194,-416.898651123,-898.291442871,86.823616028,0.887550235,-0.460397393,-0.002993246,0.016728606
1653512927.906061649,-416.898651123,-898.291442871,86.823616028,0.887550235,-0.460397393,-0.002993246,0.016728606
1653512927.972581148,-414.736724854,-900.875366211,86.601715088,0.888878882,-0.457902670,-0.003992926,0.014267811
1653512928.039350986,-414.736724854,-900.875366211,86.601715088,0.888878882,-0.457902670,-0.003992926,0.014267811
1653512928.105602980,-412.498535156,-903.514465332,86.372512817,0.889974117,-0.455827981,-0.003958109,0.012299076
1653512928.173058033,-412.498535156,-903.514465332,86.372512817,0.889974117,-0.455827981,-0.003958109,0.012299076
1653512928.242154837,-410.687622070,-905.797058105,86.194686890,0.890945435,-0.453987956,-0.003549963,0.009925351
1653512928.305571795,-410.687622070,-905.797058105,86.194686890,0.890945435,-0.453987956,-0.003549963,0.009925351
1653512928.372351170,-408.502624512,-908.412475586,85.977027893,0.892295778,-0.451369613,-0.002778201,0.008124691
1653512928.441496372,-408.502624512,-908.412475586,85.977027893,0.892295778,-0.451369613,-0.002778201,0.008124691
1653512928.506081820,-406.831878662,-910.564880371,85.825683594,0.893571496,-0.448872238,-0.001690585,0.006387395
1653512928.572496176,-406.831878662,-910.564880371,85.825683594,0.893571496,-0.448872238,-0.001690585,0.006387395
1653512928.640275002,-404.696411133,-913.140563965,85.626586914,0.894747257,-0.446551114,-0.000624196,0.004367682
1653512928.708433628,-404.696411133,-913.140563965,85.626586914,0.894747257,-0.446551114,-0.000624196,0.004367682
1653512928.772433043,-402.446929932,-915.809082031,85.411598206,0.896057427,-0.443926752,-0.000355582,0.003166048
1653512928.839380026,-402.446929932,-915.809082031,85.411598206,0.896057427,-0.443926752,-0.000355582,0.003166048
1653512928.905907631,-400.554779053,-918.162353516,85.250244141,0.897367239,-0.441278338,-0.000132571,0.002334075
1653512928.974132776,-400.554779053,-918.162353516,85.250244141,0.897367239,-0.441278338,-0.000132571,0.002334075
1653512929.039644718,-398.615692139,-920.567443848,85.087287903,0.898306131,-0.439366013,0.000405797,0.001847943
1653512929.105972767,-398.615692139,-920.567443848,85.087287903,0.898306131,-0.439366013,0.000405797,0.001847943
1653512929.173579693,-396.472503662,-923.137695312,84.912757874,0.899408817,-0.437102616,0.000978988,0.002032761
1653512929.239336491,-396.472503662,-923.137695312,84.912757874,0.899408817,-0.437102616,0.000978988,0.002032761
1653512929.305671692,-394.686340332,-925.419189453,84.784858704,0.900213540,-0.435437679,0.001844246,0.002489951
1653512929.372503281,-394.686340332,-925.419189453,84.784858704,0.900213540,-0.435437679,0.001844246,0.002489951
1653512929.440111399,-392.642364502,-927.897094727,84.628936768,0.900851429,-0.434113503,0.002619517,0.002297583
1653512929.505503893,-392.642364502,-927.897094727,84.628936768,0.900851429,-0.434113503,0.002619517,0.002297583
1653512929.572893620,-390.435699463,-930.531921387,84.456809998,0.901662529,-0.432423711,0.002974604,0.002355007
1653512929.639415741,-390.435699463,-930.531921387,84.456809998,0.901662529,-0.432423711,0.002974604,0.002355007
1653512929.707620621,-388.642211914,-932.831726074,84.342788696,0.902262211,-0.431166410,0.003018775,0.003049301
1653512929.772404671,-388.642211914,-932.831726074,84.342788696,0.902262211,-0.431166410,0.003018775,0.003049301
1653512929.840112686,-386.471221924,-935.440246582,84.179611206,0.902535260,-0.430592328,0.002273537,0.003895262
1653512929.905775309,-386.471221924,-935.440246582,84.179611206,0.902535260,-0.430592328,0.002273537,0.003895262
1653512929.974684000,-384.081939697,-938.214233398,83.985717773,0.903125703,-0.429348171,0.000413476,0.004894393
1653512930.039931059,-384.081939697,-938.214233398,83.985717773,0.903125703,-0.429348171,0.000413476,0.004894393
1653512930.105600119,-382.454010010,-940.401428223,83.883125305,0.903389394,-0.428775847,-0.000548017,0.006215255
1653512930.173787832,-382.454010010,-940.401428223,83.883125305,0.903389394,-0.428775847,-0.000548017,0.006215255
1653512930.239509106,-380.340881348,-942.938293457,83.709594727,0.903491974,-0.428530276,-0.002359213,0.007645167
1653512930.305922985,-380.340881348,-942.938293457,83.709594727,0.903491974,-0.428530276,-0.002359213,0.007645167
1653512930.372457027,-378.242309570,-945.490966797,83.544998169,0.903709471,-0.428044826,-0.003710925,0.008549424
1653512930.440064907,-378.242309570,-945.490966797,83.544998169,0.903709471,-0.428044826,-0.003710925,0.008549424
1653512930.506669760,-376.169586182,-948.018310547,83.377540588,0.903834343,-0.427739620,-0.005478574,0.009604236
1653512930.576173782,-376.169586182,-948.018310547,83.377540588,0.903834343,-0.427739620,-0.005478574,0.009604236
1653512930.639259100,-374.283294678,-950.405883789,83.238357544,0.903633714,-0.428117216,-0.006777249,0.010760696
1653512930.708253860,-374.283294678,-950.405883789,83.238357544,0.903633714,-0.428117216,-0.006777249,0.010760696
1653512930.772372484,-372.321716309,-952.844177246,83.092582703,0.903426111,-0.428513974,-0.007399232,0.011931015
1653512930.839055300,-372.321716309,-952.844177246,83.092582703,0.903426111,-0.428513974,-0.007399232,0.011931015
1653512930.905791998,-370.089843750,-955.492614746,82.918441772,0.903327584,-0.428673863,-0.008938700,0.012573314
1653512930.972577333,-370.089843750,-955.492614746,82.918441772,0.903327584,-0.428673863,-0.008938700,0.012573314
1653512931.040364027,-367.979370117,-958.048767090,82.762695312,0.903106451,-0.429106325,-0.009160348,0.013511049
1653512931.107045412,-367.979370117,-958.048767090,82.762695312,0.903106451,-0.429106325,-0.009160348,0.013511049
1653512931.173436880,-366.222167969,-960.322204590,82.656501770,0.902967811,-0.429359674,-0.009340755,0.014567032
1653512931.239196301,-366.222167969,-960.322204590,82.656501770,0.902967811,-0.429359674,-0.009340755,0.014567032
1653512931.305557013,-363.829406738,-963.068725586,82.466270447,0.902778685,-0.429703891,-0.010011555,0.015652303
1653512931.372458696,-363.829406738,-963.068725586,82.466270447,0.902778685,-0.429703891,-0.010011555,0.015652303
1653512931.439106703,-361.667846680,-965.624511719,82.303657532,0.902413189,-0.430426002,-0.009949542,0.016878234
1653512931.505669594,-361.667846680,-965.624511719,82.303657532,0.902413189,-0.430426002,-0.009949542,0.016878234
1653512931.572637081,-359.807647705,-967.946960449,82.175338745,0.902369797,-0.430483520,-0.009051112,0.018187875
1653512931.639204979,-359.807647705,-967.946960449,82.175338745,0.902369797,-0.430483520,-0.009051112,0.018187875
1653512931.705500841,-357.426574707,-970.670898438,81.989990234,0.902235925,-0.430767059,-0.008433657,0.018411936
1653512931.772379398,-357.426574707,-970.670898438,81.989990234,0.902235925,-0.430767059,-0.008433657,0.018411936
1653512931.839519501,-355.430175781,-973.088439941,81.855216980,0.902193189,-0.430907756,-0.007364562,0.017653778
1653512931.905961514,-355.430175781,-973.088439941,81.855216980,0.902193189,-0.430907756,-0.007364562,0.017653778
1653512931.972706795,-353.315917969,-975.591308594,81.717117310,0.902613342,-0.430087090,-0.005693868,0.016789556
1653512932.039953232,-353.315917969,-975.591308594,81.717117310,0.902613342,-0.430087090,-0.005693868,0.016789556
1653512932.106145144,-351.142486572,-978.136169434,81.577880859,0.903068602,-0.429195344,-0.004304895,0.015489087
1653512932.172815561,-351.142486572,-978.136169434,81.577880859,0.903068602,-0.429195344,-0.004304895,0.015489087
1653512932.239120007,-349.020843506,-980.621582031,81.451316833,0.903645635,-0.428029776,-0.003275990,0.014297171
1653512932.307193518,-349.020843506,-980.621582031,81.451316833,0.903645635,-0.428029776,-0.003275990,0.014297171
1653512932.373113871,-346.597015381,-983.315734863,81.291915894,0.904513001,-0.426243693,-0.002823341,0.012828217
1653512932.439192295,-346.597015381,-983.315734863,81.291915894,0.904513001,-0.426243693,-0.002823341,0.012828217
1653512932.506284237,-344.485321045,-985.776977539,81.181327820,0.905364335,-0.424463421,-0.001620030,0.011984492
1653512932.575577259,-344.485321045,-985.776977539,81.181327820,0.905364335,-0.424463421,-0.001620030,0.011984492
1653512932.640465498,-342.535644531,-988.102478027,81.097892761,0.905884564,-0.423374921,-0.000713617,0.011241372
1653512932.705582857,-342.535644531,-988.102478027,81.097892761,0.905884564,-0.423374921,-0.000713617,0.011241372
1653512932.772522926,-340.140655518,-990.765075684,80.963432312,0.906754255,-0.421520054,-0.000775955,0.010814537
1653512932.839208603,-340.140655518,-990.765075684,80.963432312,0.906754255,-0.421520054,-0.000775955,0.010814537
1653512932.905947685,-338.153411865,-993.116943359,80.868186951,0.907482207,-0.419951588,-0.000709348,0.010780117
1653512932.972223759,-338.153411865,-993.116943359,80.868186951,0.907482207,-0.419951588,-0.000709348,0.010780117
1653512933.040643692,-336.208068848,-995.479248047,80.770057678,0.908105135,-0.418572903,-0.000355694,0.011902556
1653512933.107693911,-336.208068848,-995.479248047,80.770057678,0.908105135,-0.418572903,-0.000355694,0.011902556
1653512933.173909903,-334.061096191,-997.991882324,80.628982544,0.908728778,-0.417110503,-0.002924462,0.014909362
1653512933.239153385,-334.061096191,-997.991882324,80.628982544,0.908728778,-0.417110503,-0.002924462,0.014909362
1653512933.319144726,-332.080871582,-1000.351684570,80.493034363,0.909182966,-0.415933132,-0.004592227,0.019101324
1653512933.374365807,-332.080871582,-1000.351684570,80.493034363,0.909182966,-0.415933132,-0.004592227,0.019101324
1653512933.439165354,-329.280639648,-1003.388000488,80.252464294,0.909383118,-0.415343821,-0.005979519,0.021819917
1653512933.505861044,-329.280639648,-1003.388000488,80.252464294,0.909383118,-0.415343821,-0.005979519,0.021819917
1653512933.574169636,-327.600402832,-1005.406066895,80.113586426,0.909533978,-0.414993256,-0.006559082,0.022035442
1653512933.639078379,-327.600402832,-1005.406066895,80.113586426,0.909533978,-0.414993256,-0.006559082,0.022035442
1653512933.706134319,-325.671813965,-1007.702392578,79.946067810,0.909459531,-0.415238172,-0.003244686,0.021214789
1653512933.773470402,-325.671813965,-1007.702392578,79.946067810,0.909459531,-0.415238172,-0.003244686,0.021214789
1653512933.840558290,-323.104827881,-1010.440612793,79.689193726,0.909032166,-0.416267335,-0.001566146,0.019481089
1653512933.908273935,-323.104827881,-1010.440612793,79.689193726,0.909032166,-0.416267335,-0.001566146,0.019481089
1653512933.972315550,-321.048400879,-1012.823913574,79.488052368,0.908514261,-0.417464197,0.000892138,0.018019803
1653512934.041601419,-321.048400879,-1012.823913574,79.488052368,0.908514261,-0.417464197,0.000892138,0.018019803
1653512934.105666637,-319.356872559,-1014.927490234,79.319725037,0.907903135,-0.418815613,0.003100179,0.017198188
1653512934.172793150,-319.356872559,-1014.927490234,79.319725037,0.907903135,-0.418815613,0.003100179,0.017198188
1653512934.239002228,-316.936798096,-1017.587707520,79.056221008,0.907108307,-0.420530885,0.004581211,0.016951617
1653512934.306082726,-316.936798096,-1017.587707520,79.056221008,0.907108307,-0.420530885,0.004581211,0.016951617
1653512934.372776747,-313.901855469,-1020.696960449,78.722373962,0.906299055,-0.422275960,0.005106819,0.016703717
1653512934.439256430,-313.901855469,-1020.696960449,78.722373962,0.906299055,-0.422275960,0.005106819,0.016703717
1653512934.506122351,-312.305267334,-1022.741699219,78.551780701,0.905188382,-0.424689710,0.006599347,0.015136616
1653512934.572541475,-312.305267334,-1022.741699219,78.551780701,0.905188382,-0.424689710,0.006599347,0.015136616
1653512934.639714718,-310.014739990,-1025.268066406,78.294281006,0.904022574,-0.427232981,0.006905143,0.012940480
1653512934.705626249,-310.014739990,-1025.268066406,78.294281006,0.904022574,-0.427232981,0.006905143,0.012940480
1653512934.772669554,-307.802825928,-1027.714111328,78.063140869,0.903326392,-0.428764015,0.008009826,0.009933002
1653512934.839069366,-307.802825928,-1027.714111328,78.063140869,0.903326392,-0.428764015,0.008009826,0.009933002
1653512934.906248331,-305.566894531,-1030.174926758,77.831733704,0.902858019,-0.429791987,0.009685265,0.005693465
1653512934.972480774,-305.566894531,-1030.174926758,77.831733704,0.902858019,-0.429791987,0.009685265,0.005693465
1653512935.040945292,-302.946838379,-1032.910156250,77.579742432,0.902390182,-0.430804789,0.009930365,0.000736876
1653512935.105808020,-302.946838379,-1032.910156250,77.579742432,0.902390182,-0.430804789,0.009930365,0.000736876
1653512935.172356606,-301.257659912,-1034.972412109,77.454849243,0.902665198,-0.430215240,0.009850986,-0.003651903
1653512935.239166021,-301.257659912,-1034.972412109,77.454849243,0.902665198,-0.430215240,0.009850986,-0.003651903
1653512935.305889130,-298.650146484,-1037.696166992,77.218254089,0.903184235,-0.429118693,0.008244807,-0.006886313
1653512935.372561932,-298.650146484,-1037.696166992,77.218254089,0.903184235,-0.429118693,0.008244807,-0.006886313
1653512935.440461636,-296.198608398,-1040.339721680,77.004844666,0.903975964,-0.427452773,0.006181501,-0.008563406
1653512935.505866051,-296.198608398,-1040.339721680,77.004844666,0.903975964,-0.427452773,0.006181501,-0.008563406
1653512935.572466135,-293.958618164,-1042.840698242,76.830650330,0.904980481,-0.425354064,0.003501578,-0.008486648
1653512935.639048815,-293.958618164,-1042.840698242,76.830650330,0.904980481,-0.425354064,0.003501578,-0.008486648
1653512935.706188202,-291.674987793,-1045.335327148,76.655090332,0.905908346,-0.423415422,0.001048469,-0.006955374
1653512935.772179127,-291.674987793,-1045.335327148,76.655090332,0.905908346,-0.423415422,0.001048469,-0.006955374
1653512935.838921547,-289.440429688,-1047.837524414,76.502761841,0.906852305,-0.421425700,-0.000690954,-0.004338686
1653512935.905562401,-289.440429688,-1047.837524414,76.502761841,0.906852305,-0.421425700,-0.000690954,-0.004338686
1653512935.972590685,-286.976196289,-1050.511230469,76.329856873,0.907673776,-0.419671297,-0.002081508,-0.000111894
1653512936.039142370,-286.976196289,-1050.511230469,76.329856873,0.907673776,-0.419671297,-0.002081508,-0.000111894
1653512936.105679750,-284.967620850,-1052.870117188,76.225563049,0.908092916,-0.418731809,-0.002189703,0.005116548
1653512936.172418833,-284.967620850,-1052.870117188,76.225563049,0.908092916,-0.418731809,-0.002189703,0.005116548
1653512936.239297152,-282.683654785,-1055.428710938,76.094314575,0.907847881,-0.419193983,-0.000831441,0.009379944
1653512936.305535555,-282.683654785,-1055.428710938,76.094314575,0.907847881,-0.419193983,-0.000831441,0.009379944
1653512936.372306108,-280.176727295,-1058.141723633,75.947158813,0.907085538,-0.420759678,0.000619120,0.012519225
1653512936.439627647,-280.176727295,-1058.141723633,75.947158813,0.907085538,-0.420759678,0.000619120,0.012519225
1653512936.505566359,-278.112152100,-1060.542114258,75.859291077,0.905970633,-0.423105538,0.002300103,0.013914507
1653512936.572577715,-278.112152100,-1060.542114258,75.859291077,0.905970633,-0.423105538,0.002300103,0.013914507
1653512936.640460730,-275.880432129,-1063.055053711,75.744483948,0.904332459,-0.426546305,0.003135368,0.015205225
1653512936.705783129,-275.880432129,-1063.055053711,75.744483948,0.904332459,-0.426546305,0.003135368,0.015205225
1653512936.772526979,-273.254699707,-1065.863891602,75.577819824,0.903102577,-0.429080307,0.003770828,0.016781699
1653512936.839615583,-273.254699707,-1065.863891602,75.577819824,0.903102577,-0.429080307,0.003770828,0.016781699
1653512936.906434059,-270.881042480,-1068.456542969,75.438545227,0.902233243,-0.430834085,0.004021733,0.018467022
1653512936.972921133,-270.881042480,-1068.456542969,75.438545227,0.902233243,-0.430834085,0.004021733,0.018467022
1653512937.038964987,-268.825531006,-1070.831420898,75.341629028,0.901685119,-0.431932122,0.005121729,0.019295750
1653512937.106098175,-268.825531006,-1070.831420898,75.341629028,0.901685119,-0.431932122,0.005121729,0.019295750
1653512937.172260523,-266.437927246,-1073.427124023,75.203056335,0.901676834,-0.431965619,0.005889544,0.018705238
1653512937.239146471,-266.437927246,-1073.427124023,75.203056335,0.901676834,-0.431965619,0.005889544,0.018705238
1653512937.306322098,-264.057922363,-1076.014404297,75.072067261,0.901907682,-0.431535602,0.007026216,0.017035786
1653512937.372202873,-264.057922363,-1076.014404297,75.072067261,0.901907682,-0.431535602,0.007026216,0.017035786
1653512937.439831257,-261.924560547,-1078.424560547,74.982475281,0.902388096,-0.430594772,0.008761359,0.014391363
1653512937.507078171,-261.924560547,-1078.424560547,74.982475281,0.902388096,-0.430594772,0.008761359,0.014391363
1653512937.573050499,-259.371948242,-1081.117675781,74.851287842,0.903216302,-0.428928196,0.009629016,0.011323336
1653512937.642552376,-259.371948242,-1081.117675781,74.851287842,0.903216302,-0.428928196,0.009629016,0.011323336
1653512937.705846310,-257.402313232,-1083.383666992,74.798225403,0.904067516,-0.427171230,0.010234104,0.009048759
1653512937.772341013,-257.402313232,-1083.383666992,74.798225403,0.904067516,-0.427171230,0.010234104,0.009048759
1653512937.839201689,-254.886337280,-1086.031005859,74.674385071,0.904752016,-0.425765753,0.010428814,0.006210858
1653512937.906503916,-254.886337280,-1086.031005859,74.674385071,0.904752016,-0.425765753,0.010428814,0.006210858
1653512937.972159624,-252.698944092,-1088.441406250,74.592712402,0.905938148,-0.423265070,0.010211238,0.004294105
1653512938.039915800,-252.698944092,-1088.441406250,74.592712402,0.905938148,-0.423265070,0.010211238,0.004294105
1653512938.108172178,-250.209609985,-1091.064819336,74.477134705,0.906848609,-0.421337157,0.009496930,0.003226267
1653512938.172341347,-250.209609985,-1091.064819336,74.477134705,0.906848609,-0.421337157,0.009496930,0.003226267
1653512938.239795446,-248.248138428,-1093.338989258,74.427619934,0.907622039,-0.419693500,0.008302554,0.003262321
1653512938.305807114,-248.248138428,-1093.338989258,74.427619934,0.907622039,-0.419693500,0.008302554,0.003262321
1653512938.372114897,-245.766952515,-1095.945312500,74.309150696,0.908616424,-0.417565227,0.006415758,0.003786389
1653512938.439017296,-245.766952515,-1095.945312500,74.309150696,0.908616424,-0.417565227,0.006415758,0.003786389
1653512938.505662203,-243.326965332,-1098.531372070,74.196296692,0.909297884,-0.416081131,0.004744084,0.005601285
1653512938.573637247,-243.326965332,-1098.531372070,74.196296692,0.909297884,-0.416081131,0.004744084,0.005601285
1653512938.638949633,-241.034881592,-1101.026733398,74.107910156,0.909792602,-0.414972782,0.003710520,0.007828468
1653512938.706473589,-241.034881592,-1101.026733398,74.107910156,0.909792602,-0.414972782,0.003710520,0.007828468
1653512938.772507668,-238.851821899,-1103.462524414,74.033363342,0.910372078,-0.413636059,0.003234301,0.010838618
1653512938.838877439,-238.851821899,-1103.462524414,74.033363342,0.910372078,-0.413636059,0.003234301,0.010838618
1653512938.906012774,-236.563156128,-1105.972900391,73.942207336,0.910642922,-0.412941664,0.002883788,0.014153572
1653512938.972275019,-236.563156128,-1105.972900391,73.942207336,0.910642922,-0.412941664,0.002883788,0.014153572
1653512939.040955067,-234.463287354,-1108.334228516,73.864311218,0.910753310,-0.412591159,0.003078074,0.016956285
1653512939.107268810,-234.463287354,-1108.334228516,73.864311218,0.910753310,-0.412591159,0.003078074,0.016956285
1653512939.172276258,-231.690963745,-1111.158081055,73.706398010,0.910742700,-0.412457585,0.003884109,0.020282935
1653512939.239827156,-231.690963745,-1111.158081055,73.706398010,0.910742700,-0.412457585,0.003884109,0.020282935
1653512939.306775808,-229.563461304,-1113.497802734,73.614837646,0.910300970,-0.413223088,0.005338041,0.023882514
1653512939.372159719,-229.563461304,-1113.497802734,73.614837646,0.910300970,-0.413223088,0.005338041,0.023882514
1653512939.440534353,-227.166183472,-1116.064697266,73.489448547,0.909642935,-0.414442897,0.007184794,0.027113887
1653512939.506469727,-227.166183472,-1116.064697266,73.489448547,0.909642935,-0.414442897,0.007184794,0.027113887
1653512939.573281050,-224.825973511,-1118.581298828,73.358261108,0.908789754,-0.416094929,0.008062897,0.030018849
1653512939.641962767,-224.825973511,-1118.581298828,73.358261108,0.908789754,-0.416094929,0.008062897,0.030018849
1653512939.708607912,-222.611816406,-1120.996337891,73.228813171,0.907807887,-0.418052673,0.008743194,0.032254912
1653512939.772164822,-222.611816406,-1120.996337891,73.228813171,0.907807887,-0.418052673,0.008743194,0.032254912
1653512939.839864016,-220.385375977,-1123.415649414,73.096183777,0.906664014,-0.420402706,0.008833876,0.033820786
1653512939.905759573,-220.385375977,-1123.415649414,73.096183777,0.906664014,-0.420402706,0.008833876,0.033820786
1653512939.972521305,-217.934509277,-1125.933837891,72.921745300,0.906129181,-0.421511561,0.008668403,0.034391746
1653512940.039271355,-217.934509277,-1125.933837891,72.921745300,0.906129181,-0.421511561,0.008668403,0.034391746
1653512940.105779886,-215.138854980,-1128.678955078,72.700660706,0.905868351,-0.422149897,0.007974686,0.033592224
1653512940.172433615,-215.138854980,-1128.678955078,72.700660706,0.905868351,-0.422149897,0.007974686,0.033592224
1653512940.241317034,-212.763977051,-1131.118408203,72.528572083,0.905907929,-0.422191441,0.008092542,0.031933740
1653512940.307395220,-212.763977051,-1131.118408203,72.528572083,0.905907929,-0.422191441,0.008092542,0.031933740
1653512940.372834921,-210.523300171,-1133.468872070,72.378288269,0.906466722,-0.421182930,0.010072568,0.028663868
1653512940.440925121,-210.523300171,-1133.468872070,72.378288269,0.906466722,-0.421182930,0.010072568,0.028663868
1653512940.505516529,-208.582199097,-1135.581176758,72.266921997,0.907516956,-0.419149816,0.011794254,0.024234589
1653512940.572339058,-208.582199097,-1135.581176758,72.266921997,0.907516956,-0.419149816,0.011794254,0.024234589
1653512940.638778925,-206.464599609,-1137.799926758,72.133544922,0.908745706,-0.416638970,0.013313828,0.020393617
1653512940.706552744,-206.464599609,-1137.799926758,72.133544922,0.908745706,-0.416638970,0.013313828,0.020393617
1653512940.772696733,-203.205642700,-1140.786376953,71.875656128,0.910448372,-0.413054764,0.012748269,0.017522367
1653512940.839621782,-203.205642700,-1140.786376953,71.875656128,0.910448372,-0.413054764,0.012748269,0.017522367
1653512940.905500889,-201.149597168,-1142.954467773,71.757400513,0.912248731,-0.409051865,0.012975638,0.017619107
1653512940.972679615,-201.149597168,-1142.954467773,71.757400513,0.912248731,-0.409051865,0.012975638,0.017619107
1653512941.040346146,-198.632736206,-1145.412231445,71.588424683,0.913830221,-0.405470163,0.012513951,0.018753676
1653512941.105923414,-198.632736206,-1145.412231445,71.588424683,0.913830221,-0.405470163,0.012513951,0.018753676
1653512941.172254801,-196.103088379,-1147.879150391,71.423583984,0.915273488,-0.402174443,0.011590967,0.019895934
1653512941.239115238,-196.103088379,-1147.879150391,71.423583984,0.915273488,-0.402174443,0.011590967,0.019895934
1653512941.305517197,-193.912475586,-1150.095581055,71.295112610,0.916373312,-0.399628460,0.011318359,0.020711789
1653512941.373679876,-193.912475586,-1150.095581055,71.295112610,0.916373312,-0.399628460,0.011318359,0.020711789
1653512941.439087152,-191.306900024,-1152.586914062,71.115524292,0.917174399,-0.397797704,0.010455247,0.020946926
1653512941.505604029,-191.306900024,-1152.586914062,71.115524292,0.917174399,-0.397797704,0.010455247,0.020946926
1653512941.572142124,-189.302001953,-1154.697265625,71.000076294,0.918062687,-0.395730883,0.011019419,0.020894736
1653512941.638990164,-189.302001953,-1154.697265625,71.000076294,0.918062687,-0.395730883,0.011019419,0.020894736
1653512941.710382938,-186.720306396,-1157.186523438,70.816917419,0.918747544,-0.394156873,0.009908852,0.021098984
1653512941.772772551,-186.720306396,-1157.186523438,70.816917419,0.918747544,-0.394156873,0.009908852,0.021098984
1653512941.839200497,-183.745529175,-1159.943725586,70.591796875,0.919188678,-0.393111110,0.008095409,0.022142906
1653512941.906411886,-183.745529175,-1159.943725586,70.591796875,0.919188678,-0.393111110,0.008095409,0.022142906
1653512941.973418236,-181.612106323,-1162.089721680,70.449882507,0.919631243,-0.392068863,0.007827020,0.022340171
1653512942.038770914,-181.612106323,-1162.089721680,70.449882507,0.919631243,-0.392068863,0.007827020,0.022340171
1653512942.106172800,-179.062408447,-1164.536621094,70.255371094,0.919975936,-0.391285568,0.006671466,0.022256397
1653512942.174011469,-179.062408447,-1164.536621094,70.255371094,0.919975936,-0.391285568,0.006671466,0.022256397
1653512942.239271402,-176.627822876,-1166.886108398,70.069923401,0.919920206,-0.391434848,0.005273896,0.022311738
1653512942.306101322,-176.627822876,-1166.886108398,70.069923401,0.919920206,-0.391434848,0.005273896,0.022311738
1653512942.373180151,-174.130676270,-1169.272460938,69.876022339,0.920222700,-0.390726358,0.004862317,0.022348940
1653512942.438869238,-174.130676270,-1169.272460938,69.876022339,0.920222700,-0.390726358,0.004862317,0.022348940
1653512942.506347418,-171.713897705,-1171.593872070,69.690254211,0.920666456,-0.389710009,0.003807573,0.022019183
1653512942.576726913,-171.713897705,-1171.593872070,69.690254211,0.920666456,-0.389710009,0.003807573,0.022019183
1653512942.639224529,-169.317977905,-1173.903198242,69.504096985,0.920898855,-0.389180541,0.003428767,0.021726467
1653512942.707224131,-169.317977905,-1173.903198242,69.504096985,0.920898855,-0.389180541,0.003428767,0.021726467
1653512942.772523642,-167.243606567,-1176.000244141,69.353988647,0.921452880,-0.387863636,0.003575032,0.021763287
1653512942.839087486,-167.243606567,-1176.000244141,69.353988647,0.921452880,-0.387863636,0.003575032,0.021763287
1653512942.905658484,-164.202011108,-1178.706787109,69.095436096,0.922106206,-0.386342764,0.002842027,0.021245345
1653512942.975009918,-164.202011108,-1178.706787109,69.095436096,0.922106206,-0.386342764,0.002842027,0.021245345
1653512943.039239168,-161.873596191,-1180.968261719,68.915054321,0.922550023,-0.385322094,0.002907361,0.020491708
1653512943.105740786,-161.873596191,-1180.968261719,68.915054321,0.922550023,-0.385322094,0.002907361,0.020491708
1653512943.172180891,-160.145553589,-1182.838134766,68.799667358,0.923200309,-0.383803397,0.002918183,0.019688541
1653512943.238902330,-160.145553589,-1182.838134766,68.799667358,0.923200309,-0.383803397,0.002918183,0.019688541
1653512943.305926085,-157.402587891,-1185.324340820,68.564186096,0.923923016,-0.382096410,0.002210923,0.019071614
1653512943.373713970,-157.402587891,-1185.324340820,68.564186096,0.923923016,-0.382096410,0.002210923,0.019071614
1653512943.439956665,-154.931320190,-1187.645874023,68.362319946,0.924533784,-0.380648226,0.002439960,0.018393165
1653512943.506055117,-154.931320190,-1187.645874023,68.362319946,0.924533784,-0.380648226,0.002439960,0.018393165
1653512943.572995186,-152.699417114,-1189.798461914,68.185646057,0.925228715,-0.378963500,0.002537431,0.018223695
1653512943.639068127,-152.699417114,-1189.798461914,68.185646057,0.925228715,-0.378963500,0.002537431,0.018223695
1653512943.705833673,-150.239044189,-1192.087890625,67.988555908,0.925806761,-0.377557755,0.003113191,0.017953105
1653512943.772137642,-150.239044189,-1192.087890625,67.988555908,0.925806761,-0.377557755,0.003113191,0.017953105
1653512943.839257002,-148.285675049,-1194.056152344,67.845359802,0.926264465,-0.376424313,0.004301448,0.017897988
1653512943.906232119,-148.285675049,-1194.056152344,67.845359802,0.926264465,-0.376424313,0.004301448,0.017897988
1653512943.973878860,-145.571487427,-1196.495483398,67.622550964,0.926880538,-0.374927104,0.004637429,0.017339291
1653512944.039274454,-145.571487427,-1196.495483398,67.622550964,0.926880538,-0.374927104,0.004637429,0.017339291
1653512944.106670618,-143.238540649,-1198.694946289,67.449089050,0.927443743,-0.373547703,0.005405596,0.016763821
1653512944.172158718,-143.238540649,-1198.694946289,67.449089050,0.927443743,-0.373547703,0.005405596,0.016763821
1653512944.239894152,-141.069351196,-1200.771362305,67.286750793,0.927893043,-0.372423142,0.005836062,0.016776605
1653512944.305751085,-141.069351196,-1200.771362305,67.286750793,0.927893043,-0.372423142,0.005836062,0.016776605
1653512944.372131348,-138.357223511,-1203.176391602,67.060829163,0.928510249,-0.370891184,0.005766712,0.016589802
1653512944.438749552,-138.357223511,-1203.176391602,67.060829163,0.928510249,-0.370891184,0.005766712,0.016589802
1653512944.508995056,-135.916778564,-1205.399658203,66.864044189,0.929215491,-0.369089574,0.006010978,0.017183509
1653512944.576169014,-135.916778564,-1205.399658203,66.864044189,0.929215491,-0.369089574,0.006010978,0.017183509
1653512944.639642239,-133.882324219,-1207.403930664,66.717247009,0.929802477,-0.367609680,0.006673992,0.016909184
1653512944.705826283,-133.882324219,-1207.403930664,66.717247009,0.929802477,-0.367609680,0.006673992,0.016909184
1653512944.772325277,-131.031875610,-1209.868164062,66.476142883,0.930525541,-0.365752488,0.007118175,0.017222563
1653512944.838681221,-131.031875610,-1209.868164062,66.476142883,0.930525541,-0.365752488,0.007118175,0.017222563
1653512944.905601263,-129.427368164,-1211.591674805,66.381935120,0.931046665,-0.364396304,0.008195034,0.017328911
1653512944.972112894,-129.427368164,-1211.591674805,66.381935120,0.931046665,-0.364396304,0.008195034,0.017328911
1653512945.039255381,-126.703506470,-1213.981933594,66.159835815,0.931351006,-0.363605946,0.008336693,0.017506611
1653512945.108562469,-126.703506470,-1213.981933594,66.159835815,0.931351006,-0.363605946,0.008336693,0.017506611
1653512945.172346354,-124.324485779,-1216.152587891,65.978408813,0.931929350,-0.362104267,0.007950486,0.018026140
1653512945.239848375,-124.324485779,-1216.152587891,65.978408813,0.931929350,-0.362104267,0.007950486,0.018026140
1653512945.305820704,-121.778305054,-1218.409667969,65.772636414,0.932322800,-0.361071944,0.007684427,0.018498939
1653512945.372587204,-121.778305054,-1218.409667969,65.772636414,0.932322800,-0.361071944,0.007684427,0.018498939
1653512945.439058065,-119.600303650,-1220.451293945,65.605285645,0.932527721,-0.360483348,0.007632656,0.019635104
1653512945.505804062,-119.600303650,-1220.451293945,65.605285645,0.932527721,-0.360483348,0.007632656,0.019635104
1653512945.572285891,-117.341705322,-1222.535400391,65.422515869,0.932938755,-0.359376609,0.007221772,0.020533124
1653512945.638855457,-117.341705322,-1222.535400391,65.422515869,0.932938755,-0.359376609,0.007221772,0.020533124
1653512945.705799341,-114.760536194,-1224.793823242,65.198326111,0.933301508,-0.358380526,0.006042284,0.021798449
1653512945.772214890,-114.760536194,-1224.793823242,65.198326111,0.933301508,-0.358380526,0.006042284,0.021798449
1653512945.841076136,-112.810340881,-1226.685546875,65.041267395,0.933481216,-0.357876033,0.006375039,0.022291329
1653512945.905803919,-112.810340881,-1226.685546875,65.041267395,0.933481216,-0.357876033,0.006375039,0.022291329
1653512945.972134590,-110.210327148,-1228.967529297,64.803947449,0.933810592,-0.357000917,0.005656860,0.022719072
1653512946.038840771,-110.210327148,-1228.967529297,64.803947449,0.933810592,-0.357000917,0.005656860,0.022719072
1653512946.106919765,-107.963783264,-1231.021972656,64.599792480,0.934182882,-0.356011152,0.005077841,0.023078345
1653512946.174456120,-107.963783264,-1231.021972656,64.599792480,0.934182882,-0.356011152,0.005077841,0.023078345
1653512946.238749504,-105.520446777,-1233.192382812,64.370758057,0.934316039,-0.355617702,0.004494754,0.023861233
1653512946.308119297,-105.520446777,-1233.192382812,64.370758057,0.934316039,-0.355617702,0.004494754,0.023861233
1653512946.372978687,-103.309074402,-1235.207519531,64.163825989,0.934659064,-0.354717255,0.004238166,0.023876898
1653512946.438907862,-103.309074402,-1235.207519531,64.163825989,0.934659064,-0.354717255,0.004238166,0.023876898
1653512946.505423546,-101.100166321,-1237.216674805,63.954738617,0.935064018,-0.353682905,0.003311538,0.023510028
1653512946.572332859,-101.100166321,-1237.216674805,63.954738617,0.935064018,-0.353682905,0.003311538,0.023510028
1653512946.639314890,-98.800483704,-1239.241210938,63.731002808,0.935218632,-0.353289157,0.002006044,0.023428122
1653512946.710056305,-98.800483704,-1239.241210938,63.731002808,0.935218632,-0.353289157,0.002006044,0.023428122
1653512946.772004843,-96.058891296,-1241.515991211,63.459030151,0.935487926,-0.352582932,0.001220831,0.023370074
1653512946.842635870,-96.058891296,-1241.515991211,63.459030151,0.935487926,-0.352582932,0.001220831,0.023370074
1653512946.907450199,-93.620552063,-1243.605590820,63.224308014,0.935940385,-0.351407081,0.000786067,0.022978788
1653512946.972641706,-93.620552063,-1243.605590820,63.224308014,0.935940385,-0.351407081,0.000786067,0.022978788
1653512947.039281845,-91.775032043,-1245.372314453,63.058830261,0.936128795,-0.350924253,0.000485836,0.022689329
1653512947.106762171,-91.775032043,-1245.372314453,63.058830261,0.936128795,-0.350924253,0.000485836,0.022689329
1653512947.172504902,-88.969406128,-1247.666992188,62.776317596,0.936495185,-0.349961728,-0.000211169,0.022438273
1653512947.238898754,-88.969406128,-1247.666992188,62.776317596,0.936495185,-0.349961728,-0.000211169,0.022438273
1653512947.306369066,-86.607620239,-1249.703125000,62.543579102,0.936801970,-0.349120170,-0.001131235,0.022714153
1653512947.372112513,-86.607620239,-1249.703125000,62.543579102,0.936801970,-0.349120170,-0.001131235,0.022714153
1653512947.441575289,-83.898406982,-1251.928100586,62.265693665,0.937012196,-0.348530531,-0.002640380,0.022969916
1653512947.505305290,-83.898406982,-1251.928100586,62.265693665,0.937012196,-0.348530531,-0.002640380,0.022969916
1653512947.572127581,-81.851585388,-1253.775390625,62.072795868,0.937483728,-0.347216725,-0.003331925,0.023530291
1653512947.639849663,-81.851585388,-1253.775390625,62.072795868,0.937483728,-0.347216725,-0.003331925,0.023530291
1653512947.706120729,-78.880584717,-1256.097534180,61.774700165,0.937765896,-0.346391588,-0.005118828,0.024121251
1653512947.772338867,-78.880584717,-1256.097534180,61.774700165,0.937765896,-0.346391588,-0.005118828,0.024121251
1653512947.840967894,-76.305679321,-1258.194458008,61.534217834,0.937858403,-0.346109927,-0.006268199,0.024295349
1653512947.905771971,-76.305679321,-1258.194458008,61.534217834,0.937858403,-0.346109927,-0.006268199,0.024295349
1653512947.971958160,-74.209785461,-1260.034790039,61.355133057,0.938014090,-0.345765114,-0.005843055,0.023280106
1653512948.041350603,-74.209785461,-1260.034790039,61.355133057,0.938014090,-0.345765114,-0.005843055,0.023280106
1653512948.108435154,-71.912666321,-1261.971313477,61.165256500,0.938078463,-0.345638305,-0.005326107,0.022685334
1653512948.172233105,-71.912666321,-1261.971313477,61.165256500,0.938078463,-0.345638305,-0.005326107,0.022685334
1653512948.238740921,-69.339775085,-1264.081542969,60.954807281,0.937971592,-0.345925957,-0.005270223,0.022731047
1653512948.305250168,-69.339775085,-1264.081542969,60.954807281,0.937971592,-0.345925957,-0.005270223,0.022731047
1653512948.372152805,-66.617591858,-1266.227905273,60.724586487,0.938069642,-0.345607579,-0.005896296,0.023365073
1653512948.439276695,-66.617591858,-1266.227905273,60.724586487,0.938069642,-0.345607579,-0.005896296,0.023365073
1653512948.505378723,-64.043106079,-1268.296020508,60.523235321,0.938335598,-0.344782263,-0.006322243,0.024728933
1653512948.572111368,-64.043106079,-1268.296020508,60.523235321,0.938335598,-0.344782263,-0.006322243,0.024728933
1653512948.641099691,-61.780227661,-1270.186523438,60.360614777,0.938539326,-0.344050109,-0.007185768,0.026866924
1653512948.706501484,-61.780227661,-1270.186523438,60.360614777,0.938539326,-0.344050109,-0.007185768,0.026866924
1653512948.772305012,-59.240943909,-1272.227294922,60.170143127,0.938866019,-0.342880517,-0.008970832,0.029717058
1653512948.839702129,-59.240943909,-1272.227294922,60.170143127,0.938866019,-0.342880517,-0.008970832,0.029717058
1653512948.905394077,-56.504611969,-1274.337768555,59.957077026,0.939355016,-0.341239989,-0.010688040,0.032452729
1653512948.972111702,-56.504611969,-1274.337768555,59.957077026,0.939355016,-0.341239989,-0.010688040,0.032452729
1653512949.039857388,-54.474502563,-1276.073364258,59.826210022,0.939842105,-0.339539498,-0.011897725,0.035612471
1653512949.105808258,-54.474502563,-1276.073364258,59.826210022,0.939842105,-0.339539498,-0.011897725,0.035612471
1653512949.172181129,-52.178924561,-1277.938720703,59.664916992,0.940576911,-0.337189227,-0.012144830,0.038353968
1653512949.238659620,-52.178924561,-1277.938720703,59.664916992,0.940576911,-0.337189227,-0.012144830,0.038353968
1653512949.306149006,-49.456073761,-1280.015625000,59.450332642,0.941363633,-0.334699661,-0.013821804,0.040244371
1653512949.372203827,-49.456073761,-1280.015625000,59.450332642,0.941363633,-0.334699661,-0.013821804,0.040244371
1653512949.438696146,-46.736759186,-1282.088378906,59.240097046,0.942105532,-0.332341462,-0.014505383,0.042142112
1653512949.505748272,-46.736759186,-1282.088378906,59.240097046,0.942105532,-0.332341462,-0.014505383,0.042142112
1653512949.573240757,-44.329128265,-1283.958007812,59.061122894,0.942813873,-0.330116272,-0.015360427,0.043466263
1653512949.639579296,-44.329128265,-1283.958007812,59.061122894,0.942813873,-0.330116272,-0.015360427,0.043466263
1653512949.705716133,-41.905735016,-1285.831787109,58.876331329,0.943827212,-0.327170372,-0.015665324,0.043638684
1653512949.772083998,-41.905735016,-1285.831787109,58.876331329,0.943827212,-0.327170372,-0.015665324,0.043638684
1653512949.839516163,-39.359546661,-1287.728393555,58.673820496,0.944638968,-0.324785024,-0.016011041,0.043767415
1653512949.905570030,-39.359546661,-1287.728393555,58.673820496,0.944638968,-0.324785024,-0.016011041,0.043767415
1653512949.971997261,-36.584823608,-1289.727172852,58.447139740,0.945600271,-0.322033703,-0.015983667,0.043347288
1653512950.038649321,-36.584823608,-1289.727172852,58.447139740,0.945600271,-0.322033703,-0.015983667,0.043347288
1653512950.106895447,-33.916229248,-1291.635009766,58.232784271,0.946609676,-0.319152921,-0.015209040,0.042897303
1653512950.172301054,-33.916229248,-1291.635009766,58.232784271,0.946609676,-0.319152921,-0.015209040,0.042897303
1653512950.238733053,-31.416568756,-1293.474243164,58.046649933,0.947562456,-0.316582114,-0.013405330,0.041489858
1653512950.305701256,-31.416568756,-1293.474243164,58.046649933,0.947562456,-0.316582114,-0.013405330,0.041489858
1653512950.372252464,-28.956287384,-1295.283447266,57.863460541,0.948653698,-0.313430786,-0.012291708,0.040819712
1653512950.439545155,-28.956287384,-1295.283447266,57.863460541,0.948653698,-0.313430786,-0.012291708,0.040819712
1653512950.505589485,-26.481319427,-1297.081054688,57.694065094,0.949852109,-0.309840798,-0.010501083,0.040858183
1653512950.572116137,-26.481319427,-1297.081054688,57.694065094,0.949852109,-0.309840798,-0.010501083,0.040858183
1653512950.641334057,-23.480640411,-1299.119750977,57.464656830,0.950751543,-0.307110846,-0.009470652,0.040800773
1653512950.707270145,-23.480640411,-1299.119750977,57.464656830,0.950751543,-0.307110846,-0.009470652,0.040800773
1653512950.772381306,-20.702629089,-1301.029052734,57.272247314,0.951794982,-0.303871214,-0.009684194,0.040679101
1653512950.841667414,-20.702629089,-1301.029052734,57.272247314,0.951794982,-0.303871214,-0.009684194,0.040679101
1653512950.906358480,-18.738338470,-1302.522949219,57.167388916,0.953048766,-0.300013900,-0.009688749,0.039948128
1653512950.973188400,-18.738338470,-1302.522949219,57.167388916,0.953048766,-0.300013900,-0.009688749,0.039948128
1653512951.039374352,-15.450050354,-1304.626220703,56.918106079,0.954020262,-0.296856582,-0.010341663,0.040182106
1653512951.106009722,-15.450050354,-1304.626220703,56.918106079,0.954020262,-0.296856582,-0.010341663,0.040182106
1653512951.172183752,-13.002655029,-1306.311401367,56.768020630,0.955218315,-0.292928576,-0.011077377,0.040349416
1653512951.239702463,-13.002655029,-1306.311401367,56.768020630,0.955218315,-0.292928576,-0.011077377,0.040349416
1653512951.305901289,-10.273224831,-1308.112548828,56.594181061,0.956584930,-0.288401932,-0.011425280,0.040485818
1653512951.373790979,-10.273224831,-1308.112548828,56.594181061,0.956584930,-0.288401932,-0.011425280,0.040485818
1653512951.438868999,-8.121867180,-1309.646606445,56.495548248,0.957798541,-0.284319103,-0.011879805,0.040539864
1653512951.506714582,-8.121867180,-1309.646606445,56.495548248,0.957798541,-0.284319103,-0.011879805,0.040539864
1653512951.573206663,-4.863328934,-1311.659667969,56.274879456,0.958950281,-0.280191451,-0.013785595,0.041437119
1653512951.639303207,-4.863328934,-1311.659667969,56.274879456,0.958950281,-0.280191451,-0.013785595,0.041437119
1653512951.705791712,-1.736620307,-1313.602783203,56.077499390,0.960078359,-0.276043028,-0.015916847,0.042384516
1653512951.772519350,-1.736620307,-1313.602783203,56.077499390,0.960078359,-0.276043028,-0.015916847,0.042384516
1653512951.838784933,0.540696919,-1315.156616211,55.990314484,0.961075723,-0.272353142,-0.016675904,0.043348800
1653512951.905629158,0.540696919,-1315.156616211,55.990314484,0.961075723,-0.272353142,-0.016675904,0.043348800
1653512951.972113848,3.468547583,-1316.962280273,55.838977814,0.961934447,-0.268823951,-0.017677613,0.045862366
1653512952.038999796,3.468547583,-1316.962280273,55.838977814,0.961934447,-0.268823951,-0.017677613,0.045862366
1653512952.106034279,6.063807011,-1318.602050781,55.741798401,0.962736785,-0.265384346,-0.018111520,0.048795708
1653512952.174278259,6.063807011,-1318.602050781,55.741798401,0.962736785,-0.265384346,-0.018111520,0.048795708
1653512952.239121437,9.449321747,-1320.554931641,55.560451508,0.963262677,-0.262828916,-0.018124459,0.052129436
1653512952.306555986,9.449321747,-1320.554931641,55.560451508,0.963262677,-0.262828916,-0.018124459,0.052129436
1653512952.372044563,12.076659203,-1322.176025391,55.476070404,0.963906169,-0.259896219,-0.017069507,0.055203822
1653512952.439828634,12.076659203,-1322.176025391,55.476070404,0.963906169,-0.259896219,-0.017069507,0.055203822
1653512952.505728960,14.626272202,-1323.749511719,55.404140472,0.964542031,-0.256983429,-0.015655722,0.058078416
1653512952.572412014,14.626272202,-1323.749511719,55.404140472,0.964542031,-0.256983429,-0.015655722,0.058078416
1653512952.638752699,17.725738525,-1325.525146484,55.274097443,0.964847744,-0.255111098,-0.014762538,0.061394338
1653512952.706718683,17.725738525,-1325.525146484,55.274097443,0.964847744,-0.255111098,-0.014762538,0.061394338
1653512952.772372961,20.707221985,-1327.234375000,55.150325775,0.965366602,-0.252329409,-0.014074340,0.064800814
1653512952.838895321,20.707221985,-1327.234375000,55.150325775,0.965366602,-0.252329409,-0.014074340,0.064800814
1653512952.907169342,23.499708176,-1328.854248047,55.043937683,0.965820551,-0.249757469,-0.013614122,0.068018220
1653512952.972512245,23.499708176,-1328.854248047,55.043937683,0.965820551,-0.249757469,-0.013614122,0.068018220
1653512953.038920164,26.266407013,-1330.437988281,54.941368103,0.966230452,-0.247478887,-0.013148196,0.070569068
1653512953.105389833,26.266407013,-1330.437988281,54.941368103,0.966230452,-0.247478887,-0.013148196,0.070569068
1653512953.172461033,29.687623978,-1332.219482422,54.764026642,0.966689825,-0.245144844,-0.014524568,0.072137877
1653512953.238539219,29.687623978,-1332.219482422,54.764026642,0.966689825,-0.245144844,-0.014524568,0.072137877
1653512953.305603981,32.275703430,-1333.664794922,54.686191559,0.967273712,-0.242957607,-0.013961783,0.071820535
1653512953.371941328,32.275703430,-1333.664794922,54.686191559,0.967273712,-0.242957607,-0.013961783,0.071820535
1653512953.438550711,35.178932190,-1335.186767578,54.577842712,0.967929602,-0.240945756,-0.013256806,0.069869243
1653512953.506660938,35.178932190,-1335.186767578,54.577842712,0.967929602,-0.240945756,-0.013256806,0.069869243
1653512953.572003126,38.074039459,-1336.690307617,54.472610474,0.968763769,-0.238630280,-0.012930031,0.066220939
1653512953.639987230,38.074039459,-1336.690307617,54.472610474,0.968763769,-0.238630280,-0.012930031,0.066220939
1653512953.705469608,40.991539001,-1338.183837891,54.365043640,0.969624758,-0.236163750,-0.013113185,0.062310480
1653512953.772404909,40.991539001,-1338.183837891,54.365043640,0.969624758,-0.236163750,-0.013113185,0.062310480
1653512953.839502573,43.882404327,-1339.651611328,54.265029907,0.970519662,-0.233669087,-0.012823835,0.057670802
1653512953.905591965,43.882404327,-1339.651611328,54.265029907,0.970519662,-0.233669087,-0.012823835,0.057670802
1653512953.972594500,46.702548981,-1341.081298828,54.173957825,0.971622825,-0.229671270,-0.013346980,0.054973312
1653512954.038667917,46.702548981,-1341.081298828,54.173957825,0.971622825,-0.229671270,-0.013346980,0.054973312
1653512954.106036186,49.819618225,-1342.566162109,54.046558380,0.972765565,-0.224464238,-0.015086144,0.055815775
1653512954.172235489,49.819618225,-1342.566162109,54.046558380,0.972765565,-0.224464238,-0.015086144,0.055815775
1653512954.238680840,53.056823730,-1344.055908203,53.903926849,0.973888755,-0.219123855,-0.016431283,0.057056800
1653512954.305398941,53.056823730,-1344.055908203,53.903926849,0.973888755,-0.219123855,-0.016431283,0.057056800
1653512954.372252226,55.960151672,-1345.411621094,53.801879883,0.975228667,-0.212927997,-0.016130533,0.057710957
1653512954.438990593,55.960151672,-1345.411621094,53.801879883,0.975228667,-0.212927997,-0.016130533,0.057710957
1653512954.505403519,59.155036926,-1346.832885742,53.673656464,0.976505876,-0.206780329,-0.016245246,0.058431748
1653512954.571968794,59.155036926,-1346.832885742,53.673656464,0.976505876,-0.206780329,-0.016245246,0.058431748
1653512954.639720917,62.089542389,-1348.165649414,53.577545166,0.977624953,-0.201617658,-0.015130500,0.058058430
1653512954.706075907,62.089542389,-1348.165649414,53.577545166,0.977624953,-0.201617658,-0.015130500,0.058058430
1653512954.772414446,64.932884216,-1349.466186523,53.495800018,0.978728235,-0.196355447,-0.013564470,0.057893384
1653512954.842853546,64.932884216,-1349.466186523,53.495800018,0.978728235,-0.196355447,-0.013564470,0.057893384
1653512954.907303333,68.453155518,-1350.928833008,53.336498260,0.979541957,-0.192110598,-0.013679464,0.058343247
1653512954.976553679,68.453155518,-1350.928833008,53.336498260,0.979541957,-0.192110598,-0.013679464,0.058343247
1653512955.048486233,71.442474365,-1352.244873047,53.243148804,0.980210066,-0.188659787,-0.011484738,0.058854278
1653512955.107452631,71.442474365,-1352.244873047,53.243148804,0.980210066,-0.188659787,-0.011484738,0.058854278
1653512955.172401428,74.989585876,-1353.706298828,53.112087250,0.980815649,-0.185125366,-0.010476294,0.060162831
1653512955.238689184,74.989585876,-1353.706298828,53.112087250,0.980815649,-0.185125366,-0.010476294,0.060162831
1653512955.306649685,78.161788940,-1354.988403320,52.988620758,0.981194198,-0.182614937,-0.009467822,0.061807167
1653512955.372012377,78.161788940,-1354.988403320,52.988620758,0.981194198,-0.182614937,-0.009467822,0.061807167
1653512955.439156055,81.034034729,-1356.207519531,52.913997650,0.981610537,-0.180078954,-0.007701609,0.062873125
1653512955.508534908,81.034034729,-1356.207519531,52.913997650,0.981610537,-0.180078954,-0.007701609,0.062873125
1653512955.572334528,84.261337280,-1357.479980469,52.800834656,0.982072175,-0.177347437,-0.006823337,0.063526101
1653512955.642072201,84.261337280,-1357.479980469,52.800834656,0.982072175,-0.177347437,-0.006823337,0.063526101
1653512955.705445290,87.812522888,-1358.777099609,52.668224335,0.982566953,-0.174179569,-0.005760477,0.064734101
1653512955.772117138,87.812522888,-1358.777099609,52.668224335,0.982566953,-0.174179569,-0.005760477,0.064734101
1653512955.838603020,90.813278198,-1359.941772461,52.606937408,0.983144879,-0.170971379,-0.004172307,0.064634092
1653512955.905221462,90.813278198,-1359.941772461,52.606937408,0.983144879,-0.170971379,-0.004172307,0.064634092
1653512955.972575426,94.275749207,-1361.193115234,52.515010834,0.983698726,-0.167740151,-0.003444993,0.064716592
1653512956.042177439,94.275749207,-1361.193115234,52.515010834,0.983698726,-0.167740151,-0.003444993,0.064716592
1653512956.105420589,97.730674744,-1362.412109375,52.438476562,0.984174490,-0.164622501,-0.003477600,0.065481700
1653512956.176570654,97.730674744,-1362.412109375,52.438476562,0.984174490,-0.164622501,-0.003477600,0.065481700
1653512956.238542318,100.785133362,-1363.529785156,52.402717590,0.984584033,-0.162160605,-0.003138006,0.065485775
1653512956.305636168,100.785133362,-1363.529785156,52.402717590,0.984584033,-0.162160605,-0.003138006,0.065485775
1653512956.372024775,104.253616333,-1364.705078125,52.330146790,0.985079110,-0.158805430,-0.003838903,0.066220790
1653512956.439631462,104.253616333,-1364.705078125,52.330146790,0.985079110,-0.158805430,-0.003838903,0.066220790
1653512956.506538391,107.375686646,-1365.786987305,52.293609619,0.985555112,-0.155295417,-0.005310848,0.067351244
1653512956.571928978,107.375686646,-1365.786987305,52.293609619,0.985555112,-0.155295417,-0.005310848,0.067351244
1653512956.639463663,110.914054871,-1366.922119141,52.208118439,0.986090183,-0.151384711,-0.007057276,0.068257041
1653512956.705377340,110.914054871,-1366.922119141,52.208118439,0.986090183,-0.151384711,-0.007057276,0.068257041
1653512956.773554325,114.024108887,-1367.945678711,52.174999237,0.986851394,-0.146428972,-0.006454015,0.068126835
1653512956.840004206,114.024108887,-1367.945678711,52.174999237,0.986851394,-0.146428972,-0.006454015,0.068126835
1653512956.911803722,117.700859070,-1369.035400391,52.103500366,0.987649858,-0.140771180,-0.006340591,0.068490751
1653512956.972113609,117.700859070,-1369.035400391,52.103500366,0.987649858,-0.140771180,-0.006340591,0.068490751
1653512957.039558887,120.124504089,-1369.927490234,52.195075989,0.988659859,-0.133969530,-0.002439023,0.067807712
1653512957.105948925,120.124504089,-1369.927490234,52.195075989,0.988659859,-0.133969530,-0.002439023,0.067807712
1653512957.172056913,123.934249878,-1370.960083008,52.126464844,0.989423037,-0.127257228,-0.000255944,0.069624484
1653512957.238553286,123.934249878,-1370.960083008,52.126464844,0.989423037,-0.127257228,-0.000255944,0.069624484
1653512957.306165457,127.460250854,-1371.945922852,52.111598969,0.990026772,-0.120840847,0.003394044,0.072339065
1653512957.373032808,127.460250854,-1371.945922852,52.111598969,0.990026772,-0.120840847,0.003394044,0.072339065
1653512957.439032555,130.188568115,-1372.808227539,52.180786133,0.990402758,-0.115542322,0.008114696,0.075409099
1653512957.505434513,130.188568115,-1372.808227539,52.180786133,0.990402758,-0.115542322,0.008114696,0.075409099
1653512957.572915792,133.904556274,-1373.757446289,52.138504028,0.990493596,-0.110754147,0.011051577,0.080832034
1653512957.638607025,133.904556274,-1373.757446289,52.138504028,0.990493596,-0.110754147,0.011051577,0.080832034
1653512957.707321405,137.370834351,-1374.656372070,52.124305725,0.990474105,-0.106771909,0.013901412,0.085834824
1653512957.772122860,137.370834351,-1374.656372070,52.124305725,0.990474105,-0.106771909,0.013901412,0.085834824
1653512957.838665009,140.603240967,-1375.488647461,52.132015228,0.990462244,-0.103899464,0.016177835,0.089037873
1653512957.906899929,140.603240967,-1375.488647461,52.132015228,0.990462244,-0.103899464,0.016177835,0.089037873
1653512957.972618580,144.011596680,-1376.294067383,52.110115051,0.990655422,-0.100861728,0.018149273,0.089996070
1653512958.038630009,144.011596680,-1376.294067383,52.110115051,0.990655422,-0.100861728,0.018149273,0.089996070
1653512958.105282545,147.484466553,-1377.082763672,52.093120575,0.990966141,-0.098096609,0.019628953,0.089318588
1653512958.172021866,147.484466553,-1377.082763672,52.093120575,0.990966141,-0.098096609,0.019628953,0.089318588
1653512958.239003181,150.810195923,-1377.821777344,52.090831757,0.991361141,-0.095445216,0.020323619,0.087636918
1653512958.305298567,150.810195923,-1377.821777344,52.090831757,0.991361141,-0.095445216,0.020323619,0.087636918
1653512958.372356415,154.611190796,-1378.569702148,52.052986145,0.991742373,-0.092150122,0.019970218,0.086929075
1653512958.438787222,154.611190796,-1378.569702148,52.052986145,0.991742373,-0.092150122,0.019970218,0.086929075
1653512958.505815506,157.819091797,-1379.240356445,52.071971893,0.992135704,-0.087854639,0.019464610,0.087002613
1653512958.571969509,157.819091797,-1379.240356445,52.071971893,0.992135704,-0.087854639,0.019464610,0.087002613
1653512958.639353037,161.361312866,-1379.908935547,52.053070068,0.992353499,-0.083514921,0.018067231,0.089069210
1653512958.705347776,161.361312866,-1379.908935547,52.053070068,0.992353499,-0.083514921,0.018067231,0.089069210
1653512958.771977663,164.802429199,-1380.527221680,52.037792206,0.992486060,-0.078393199,0.016452534,0.092494242
1653512958.838646173,164.802429199,-1380.527221680,52.037792206,0.992486060,-0.078393199,0.016452534,0.092494242
1653512958.906430721,167.894561768,-1381.092285156,52.046581268,0.992592275,-0.072548181,0.015637459,0.096191354
1653512958.972024202,167.894561768,-1381.092285156,52.046581268,0.992592275,-0.072548181,0.015637459,0.096191354
1653512959.040052176,171.672546387,-1381.650146484,51.990356445,0.992649972,-0.066854745,0.014270424,0.099864006
1653512959.105923176,171.672546387,-1381.650146484,51.990356445,0.992649972,-0.066854745,0.014270424,0.099864006
1653512959.172644377,174.643798828,-1382.144042969,52.000629425,0.992885053,-0.060845997,0.015115542,0.101235054
1653512959.240818501,174.643798828,-1382.144042969,52.000629425,0.992885053,-0.060845997,0.015115542,0.101235054
1653512959.307173729,178.092971802,-1382.621459961,51.950683594,0.993056476,-0.055914182,0.016120443,0.102237567
1653512959.372574091,178.092971802,-1382.621459961,51.950683594,0.993056476,-0.055914182,0.016120443,0.102237567
1653512959.438515663,181.567840576,-1383.066528320,51.895614624,0.993163764,-0.051415164,0.018664325,0.103120796
1653512959.505841970,181.567840576,-1383.066528320,51.895614624,0.993163764,-0.051415164,0.018664325,0.103120796
1653512959.572227478,184.766937256,-1383.472167969,51.847881317,0.993372202,-0.046931297,0.022020061,0.102587514
1653512959.639412165,184.766937256,-1383.472167969,51.847881317,0.993372202,-0.046931297,0.022020061,0.102587514
1653512959.706299782,188.366058350,-1383.836059570,51.760303497,0.993569434,-0.043038245,0.026038626,0.101436988
1653512959.772007942,188.366058350,-1383.836059570,51.760303497,0.993569434,-0.043038245,0.026038626,0.101436988
1653512959.838937998,191.555130005,-1384.164062500,51.702697754,0.993816555,-0.039852101,0.029818598,0.099253781
1653512959.905253649,191.555130005,-1384.164062500,51.702697754,0.993816555,-0.039852101,0.029818598,0.099253781
1653512959.973448038,195.401184082,-1384.424804688,51.570598602,0.994071603,-0.036208175,0.032148045,0.097350739
1653512960.038719416,195.401184082,-1384.424804688,51.570598602,0.994071603,-0.036208175,0.032148045,0.097350739
1653512960.105815172,198.328674316,-1384.696166992,51.524421692,0.994388044,-0.032784648,0.036315378,0.093801588
1653512960.172377110,198.328674316,-1384.696166992,51.524421692,0.994388044,-0.032784648,0.036315378,0.093801588
1653512960.238603354,201.617202759,-1384.907470703,51.433670044,0.994574606,-0.029824086,0.038147002,0.092069194
1653512960.305379868,201.617202759,-1384.907470703,51.433670044,0.994574606,-0.029824086,0.038147002,0.092069194
1653512960.372190714,205.203674316,-1385.059692383,51.304611206,0.994754016,-0.025552403,0.038111497,0.091427669
1653512960.438966513,205.203674316,-1385.059692383,51.304611206,0.994754016,-0.025552403,0.038111497,0.091427669
1653512960.505315542,208.194274902,-1385.224975586,51.225605011,0.994983196,-0.021147307,0.038279790,0.089977123
1653512960.572458744,208.194274902,-1385.224975586,51.225605011,0.994983196,-0.021147307,0.038279790,0.089977123
1653512960.639086246,211.908340454,-1385.299438477,51.070640564,0.995116711,-0.016705912,0.037175708,0.089898013
1653512960.707194805,211.908340454,-1385.299438477,51.070640564,0.995116711,-0.016705912,0.037175708,0.089898013
1653512960.772087336,215.070831299,-1385.379028320,50.968612671,0.995322824,-0.011035906,0.035888080,0.089009866
1653512960.838959694,215.070831299,-1385.379028320,50.968612671,0.995322824,-0.011035906,0.035888080,0.089009866
1653512960.905121088,218.548629761,-1385.388793945,50.837272644,0.995491445,-0.005001244,0.034543522,0.088196188
1653512960.978944302,218.548629761,-1385.388793945,50.837272644,0.995491445,-0.005001244,0.034543522,0.088196188
1653512961.038900614,221.601165771,-1385.404174805,50.752670288,0.995573044,0.000686195,0.034403604,0.087465838
1653512961.106779814,221.601165771,-1385.404174805,50.752670288,0.995573044,0.000686195,0.034403604,0.087465838
1653512961.171935320,224.816024780,-1385.367553711,50.651664734,0.995590270,0.006830378,0.033888966,0.087205984
1653512961.241158962,224.816024780,-1385.367553711,50.651664734,0.995590270,0.006830378,0.033888966,0.087205984
1653512961.306840181,228.107162476,-1385.287475586,50.539913177,0.995526910,0.013134888,0.033434812,0.087382682
1653512961.372328758,228.107162476,-1385.287475586,50.539913177,0.995526910,0.013134888,0.033434812,0.087382682
1653512961.438749313,231.500427246,-1385.166259766,50.429954529,0.995390415,0.019092159,0.033881076,0.087666988
1653512961.505386353,231.500427246,-1385.166259766,50.429954529,0.995390415,0.019092159,0.033881076,0.087666988
1653512961.571862698,234.609054565,-1385.044433594,50.344928741,0.995167613,0.025134346,0.034428418,0.088455483
1653512961.638911009,234.609054565,-1385.044433594,50.344928741,0.995167613,0.025134346,0.034428418,0.088455483
1653512961.705178976,237.700653076,-1384.886718750,50.257984161,0.994865000,0.030955009,0.034939528,0.089803115
1653512961.773215294,237.700653076,-1384.886718750,50.257984161,0.994865000,0.030955009,0.034939528,0.089803115
1653512961.838739157,241.105789185,-1384.641479492,50.142398834,0.994479954,0.036001962,0.035711031,0.091859430
1653512961.906201363,241.105789185,-1384.641479492,50.142398834,0.994479954,0.036001962,0.035711031,0.091859430
1653512961.971981525,244.440078735,-1384.375488281,50.034679413,0.994050622,0.040949162,0.036792848,0.093982853
1653512962.039092779,244.440078735,-1384.375488281,50.034679413,0.994050622,0.040949162,0.036792848,0.093982853
1653512962.105813503,247.376678467,-1384.140380859,49.964584351,0.993655741,0.045552686,0.038327377,0.095416397
1653512962.176065207,247.376678467,-1384.140380859,49.964584351,0.993655741,0.045552686,0.038327377,0.095416397
1653512962.238702774,250.796310425,-1383.769531250,49.840312958,0.993294597,0.049587697,0.039247371,0.096780822
1653512962.305228949,250.796310425,-1383.769531250,49.840312958,0.993294597,0.049587697,0.039247371,0.096780822
1653512962.374119759,253.939895630,-1383.421752930,49.740592957,0.992924809,0.053917926,0.041242924,0.097427987
1653512962.438625097,253.939895630,-1383.421752930,49.740592957,0.992924809,0.053917926,0.041242924,0.097427987
1653512962.505554914,256.895782471,-1383.092651367,49.663928986,0.992633939,0.057887245,0.042865656,0.097414069
1653512962.571910858,256.895782471,-1383.092651367,49.663928986,0.992633939,0.057887245,0.042865656,0.097414069
1653512962.640056849,260.174530029,-1382.635131836,49.543960571,0.992345572,0.061035823,0.044058152,0.097897030
1653512962.705719233,260.174530029,-1382.635131836,49.543960571,0.992345572,0.061035823,0.044058152,0.097897030
1653512962.772812366,263.449523926,-1382.145141602,49.432102203,0.992112577,0.065000318,0.044902381,0.097321011
1653512962.839924335,263.449523926,-1382.145141602,49.432102203,0.992112577,0.065000318,0.044902381,0.097321011
1653512962.905331612,266.483123779,-1381.673706055,49.338024139,0.991978824,0.068564795,0.045282293,0.096054018
1653512962.972506285,266.483123779,-1381.673706055,49.338024139,0.991978824,0.068564795,0.045282293,0.096054018
1653512963.042455196,269.391082764,-1381.194091797,49.250709534,0.991969943,0.071650632,0.045765229,0.093634382
1653512963.105417252,269.391082764,-1381.194091797,49.250709534,0.991969943,0.071650632,0.045765229,0.093634382
1653512963.171936750,272.683044434,-1380.576049805,49.128269196,0.991910219,0.076006450,0.044900384,0.091220327
1653512963.239744425,272.683044434,-1380.576049805,49.128269196,0.991910219,0.076006450,0.044900384,0.091220327
1653512963.305435181,275.879943848,-1379.903442383,48.991886139,0.991823375,0.079957902,0.043523476,0.089435875
1653512963.372199297,275.879943848,-1379.903442383,48.991886139,0.991823375,0.079957902,0.043523476,0.089435875
1653512963.438608646,278.732727051,-1379.313476562,48.895259857,0.991790295,0.084426455,0.043111376,0.085823342
1653512963.505722523,278.732727051,-1379.313476562,48.895259857,0.991790295,0.084426455,0.043111376,0.085823342
1653512963.572054386,281.814117432,-1378.614257812,48.768081665,0.991646707,0.089682616,0.041185610,0.083051473
1653512963.639145136,281.814117432,-1378.614257812,48.768081665,0.991646707,0.089682616,0.041185610,0.083051473
1653512963.705969095,284.884582520,-1377.882934570,48.646881104,0.991442382,0.095079146,0.039792128,0.080115810
1653512963.772110224,284.884582520,-1377.882934570,48.646881104,0.991442382,0.095079146,0.039792128,0.080115810
1653512963.839684248,287.997863770,-1377.100708008,48.524662018,0.991242886,0.100099139,0.038559169,0.077012673
1653512963.905133486,287.997863770,-1377.100708008,48.524662018,0.991242886,0.100099139,0.038559169,0.077012673
1653512963.972781658,290.767608643,-1376.409179688,48.443767548,0.990968525,0.105934918,0.038416259,0.072687075
1653512964.038599730,290.767608643,-1376.409179688,48.443767548,0.990968525,0.105934918,0.038416259,0.072687075
1653512964.105397940,293.900817871,-1375.541381836,48.317321777,0.990621746,0.111155301,0.038277011,0.069626823
1653512964.172074556,293.900817871,-1375.541381836,48.317321777,0.990621746,0.111155301,0.038277011,0.069626823
1653512964.238612413,296.973266602,-1374.651977539,48.194225311,0.990281045,0.115801178,0.038765300,0.066563889
1653512964.309671164,296.973266602,-1374.651977539,48.194225311,0.990281045,0.115801178,0.038765300,0.066563889
1653512964.372541904,299.912292480,-1373.797363281,48.087181091,0.989835143,0.120694645,0.040082298,0.063659996
1653512964.439566851,299.912292480,-1373.797363281,48.087181091,0.989835143,0.120694645,0.040082298,0.063659996
1653512964.506928444,303.134826660,-1372.796997070,47.946430206,0.989410579,0.124396332,0.041516420,0.062198248
1653512964.572777987,303.134826660,-1372.796997070,47.946430206,0.989410579,0.124396332,0.041516420,0.062198248
1653512964.639859438,305.473388672,-1372.168823242,47.901027679,0.989120662,0.127385005,0.043845851,0.059084080
1653512964.705096960,305.473388672,-1372.168823242,47.901027679,0.989120662,0.127385005,0.043845851,0.059084080
1653512964.772776842,308.658081055,-1371.146362305,47.737533569,0.988784492,0.129613012,0.044371873,0.059470978
1653512964.839304447,308.658081055,-1371.146362305,47.737533569,0.988784492,0.129613012,0.044371873,0.059470978
1653512964.905985594,311.536407471,-1370.236206055,47.602954865,0.988520682,0.131181538,0.045425698,0.059622310
1653512964.972127676,311.536407471,-1370.236206055,47.602954865,0.988520682,0.131181538,0.045425698,0.059622310
1653512965.038521051,314.385864258,-1369.316772461,47.461341858,0.988491714,0.131931752,0.045723509,0.058202747
1653512965.105852842,314.385864258,-1369.316772461,47.461341858,0.988491714,0.131931752,0.045723509,0.058202747
1653512965.171841621,317.197723389,-1368.380493164,47.304508209,0.988761067,0.132106289,0.044687446,0.053875480
1653512965.239132643,317.197723389,-1368.380493164,47.304508209,0.988761067,0.132106289,0.044687446,0.053875480
1653512965.306450605,320.183715820,-1367.311523438,47.116397858,0.989169121,0.131464645,0.043829959,0.048378605
1653512965.371954441,320.183715820,-1367.311523438,47.116397858,0.989169121,0.131464645,0.043829959,0.048378605
1653512965.438901424,323.072631836,-1366.270751953,46.938438416,0.989587367,0.130249441,0.043629024,0.042993460
1653512965.505761385,323.072631836,-1366.270751953,46.938438416,0.989587367,0.130249441,0.043629024,0.042993460
1653512965.574717522,325.662048340,-1365.357177734,46.786579132,0.989836454,0.129767969,0.043356121,0.038786042
1653512965.638534069,325.662048340,-1365.357177734,46.786579132,0.989836454,0.129767969,0.043356121,0.038786042
1653512965.706056595,328.878356934,-1364.102783203,46.553264618,0.989955127,0.129514888,0.043092292,0.036848854
1653512965.771875381,328.878356934,-1364.102783203,46.553264618,0.989955127,0.129514888,0.043092292,0.036848854
1653512965.838573217,331.477416992,-1363.151000977,46.383163452,0.990050912,0.129462585,0.043401193,0.033984061
1653512965.906949520,331.477416992,-1363.151000977,46.383163452,0.990050912,0.129462585,0.043401193,0.033984061
1653512965.972320080,334.398956299,-1362.009155273,46.164291382,0.989975035,0.130807817,0.042608112,0.031989880
1653512966.040009022,334.398956299,-1362.009155273,46.164291382,0.989975035,0.130807817,0.042608112,0.031989880
1653512966.105864048,337.258758545,-1360.883056641,45.940998077,0.989777267,0.133057043,0.041788153,0.029841011
1653512966.172031403,337.258758545,-1360.883056641,45.940998077,0.989777267,0.133057043,0.041788153,0.029841011
1653512966.238556385,339.924774170,-1359.858886719,45.736251831,0.989459574,0.136036992,0.041300852,0.027531283
1653512966.305941820,339.924774170,-1359.858886719,45.736251831,0.989459574,0.136036992,0.041300852,0.027531283
1653512966.372683048,342.757995605,-1358.708862305,45.498851776,0.988976479,0.140030235,0.040741328,0.025636397
1653512966.438589096,342.757995605,-1358.708862305,45.498851776,0.988976479,0.140030235,0.040741328,0.025636397
1653512966.505369902,345.617584229,-1357.521484375,45.251327515,0.988379657,0.144550696,0.040099949,0.024550412
1653512966.571834087,345.617584229,-1357.521484375,45.251327515,0.988379657,0.144550696,0.040099949,0.024550412
1653512966.639793158,347.962707520,-1356.632812500,45.067832947,0.987752855,0.149214655,0.040083155,0.021740876
1653512966.705560923,347.962707520,-1356.632812500,45.067832947,0.987752855,0.149214655,0.040083155,0.021740876
1653512966.773266315,350.773254395,-1355.445190430,44.819053650,0.986902893,0.155087963,0.039408740,0.020428110
1653512966.839886665,350.773254395,-1355.445190430,44.819053650,0.986902893,0.155087963,0.039408740,0.020428110
1653512966.905617952,353.414215088,-1354.351196289,44.592884064,0.986070931,0.160575762,0.039023217,0.018888548
1653512966.972531080,353.414215088,-1354.351196289,44.592884064,0.986070931,0.160575762,0.039023217,0.018888548
1653512967.038534880,356.007720947,-1353.276611328,44.371982574,0.985243797,0.165837780,0.038838405,0.016854182
1653512967.105097055,356.007720947,-1353.276611328,44.371982574,0.985243797,0.165837780,0.038838405,0.016854182
1653512967.172780275,358.735321045,-1352.111816406,44.131019592,0.984286427,0.171568304,0.038793150,0.015479187
1653512967.238317966,358.735321045,-1352.111816406,44.131019592,0.984286427,0.171568304,0.038793150,0.015479187
1653512967.305174828,361.419952393,-1350.978515625,43.896064758,0.983312428,0.177073181,0.039206274,0.014303604
1653512967.372591257,361.419952393,-1350.978515625,43.896064758,0.983312428,0.177073181,0.039206274,0.014303604
1653512967.438420534,363.803100586,-1350.030883789,43.702953339,0.982389808,0.182075426,0.039976493,0.012677448
1653512967.505051851,363.803100586,-1350.030883789,43.702953339,0.982389808,0.182075426,0.039976493,0.012677448
1653512967.573020935,366.797454834,-1348.653198242,43.421455383,0.981351316,0.187461451,0.040430218,0.013158738
1653512967.639042377,366.797454834,-1348.653198242,43.421455383,0.981351316,0.187461451,0.040430218,0.013158738
1653512967.705877781,369.285705566,-1347.630249023,43.218151093,0.980304778,0.192642525,0.041758128,0.012149660
1653512967.774103642,369.285705566,-1347.630249023,43.218151093,0.980304778,0.192642525,0.041758128,0.012149660
1653512967.838548183,371.672729492,-1346.655761719,43.020832062,0.979433477,0.196791068,0.042836651,0.012180905
1653512967.907038927,371.672729492,-1346.655761719,43.020832062,0.979433477,0.196791068,0.042836651,0.012180905
1653512967.973424196,374.522796631,-1345.349121094,42.743015289,0.978462934,0.201481745,0.042683240,0.013910307
1653512968.038418531,374.522796631,-1345.349121094,42.743015289,0.978462934,0.201481745,0.042683240,0.013910307
1653512968.108704567,376.985321045,-1344.317749023,42.522777557,0.977602839,0.205357835,0.043232791,0.015867572
1653512968.171831131,376.985321045,-1344.317749023,42.522777557,0.977602839,0.205357835,0.043232791,0.015867572
1653512968.238510132,379.671356201,-1343.114746094,42.262111664,0.976800025,0.209018409,0.042843774,0.018367825
1653512968.305526257,379.671356201,-1343.114746094,42.262111664,0.976800025,0.209018409,0.042843774,0.018367825
1653512968.373297453,382.136108398,-1342.051513672,42.028869629,0.975988865,0.212688893,0.042479083,0.020117188
1653512968.438789129,382.136108398,-1342.051513672,42.028869629,0.975988865,0.212688893,0.042479083,0.020117188
1653512968.505155802,384.649047852,-1340.968383789,41.790000916,0.975270331,0.215777725,0.041566234,0.023664717
1653512968.573001146,384.649047852,-1340.968383789,41.790000916,0.975270331,0.215777725,0.041566234,0.023664717
1653512968.638712883,387.304779053,-1339.730224609,41.518196106,0.974650085,0.218194842,0.040483143,0.028449792
1653512968.705925941,387.304779053,-1339.730224609,41.518196106,0.974650085,0.218194842,0.040483143,0.028449792
1653512968.772119045,389.993835449,-1338.451416016,41.244289398,0.973912120,0.221010625,0.039734438,0.032721009
1653512968.838437080,389.993835449,-1338.451416016,41.244289398,0.973912120,0.221010625,0.039734438,0.032721009
1653512968.905156612,392.228729248,-1337.492797852,41.046325684,0.973248959,0.223582774,0.039417457,0.035263550
1653512968.974408150,392.228729248,-1337.492797852,41.046325684,0.973248959,0.223582774,0.039417457,0.035263550
1653512969.038419247,395.131530762,-1336.017944336,40.737766266,0.972606361,0.225797370,0.039127074,0.039006826
1653512969.105440617,395.131530762,-1336.017944336,40.737766266,0.972606361,0.225797370,0.039127074,0.039006826
1653512969.173227310,397.574066162,-1334.864624023,40.506904602,0.971783280,0.228773534,0.039797097,0.041425478
1653512969.239502668,397.574066162,-1334.864624023,40.506904602,0.971783280,0.228773534,0.039797097,0.041425478
1653512969.305319786,400.064666748,-1333.663208008,40.263484955,0.971065879,0.231382042,0.040406719,0.043135565
1653512969.373808146,400.064666748,-1333.663208008,40.263484955,0.971065879,0.231382042,0.040406719,0.043135565
1653512969.438648701,402.624572754,-1332.370239258,40.001293182,0.970346928,0.233806103,0.041673157,0.044998951
1653512969.505226851,402.624572754,-1332.370239258,40.001293182,0.970346928,0.233806103,0.041673157,0.044998951
1653512969.571817875,405.056854248,-1331.151245117,39.756752014,0.969508886,0.236747339,0.043276690,0.046155851
1653512969.639270306,405.056854248,-1331.151245117,39.756752014,0.969508886,0.236747339,0.043276690,0.046155851
1653512969.708478928,408.031311035,-1329.473754883,39.415271759,0.968617618,0.239771351,0.045180343,0.047417022
1653512969.771958590,408.031311035,-1329.473754883,39.415271759,0.968617618,0.239771351,0.045180343,0.047417022
1653512969.838284016,410.665740967,-1328.036254883,39.131961823,0.967757761,0.242700025,0.047717992,0.047587324
1653512969.906304598,410.665740967,-1328.036254883,39.131961823,0.967757761,0.242700025,0.047717992,0.047587324
1653512969.972177744,412.806335449,-1326.928222656,38.909378052,0.966850579,0.246065021,0.049598403,0.046818130
1653512970.038704157,412.806335449,-1326.928222656,38.909378052,0.966850579,0.246065021,0.049598403,0.046818130
1653512970.105712891,415.365631104,-1325.465942383,38.607654572,0.965777695,0.250090927,0.050806940,0.046331555
1653512970.172095299,415.365631104,-1325.465942383,38.607654572,0.965777695,0.250090927,0.050806940,0.046331555
1653512970.242136002,418.010620117,-1323.898803711,38.283580780,0.964863837,0.253557354,0.051162157,0.046139538
1653512970.305367231,418.010620117,-1323.898803711,38.283580780,0.964863837,0.253557354,0.051162157,0.046139538
1653512970.372176170,420.600463867,-1322.360351562,37.963138580,0.963725030,0.258049160,0.050806273,0.045424376
1653512970.439018250,420.600463867,-1322.360351562,37.963138580,0.963725030,0.258049160,0.050806273,0.045424376
1653512970.504971027,422.944549561,-1320.964355469,37.670272827,0.962654471,0.262353420,0.049594700,0.044804413
1653512970.572894573,422.944549561,-1320.964355469,37.670272827,0.962654471,0.262353420,0.049594700,0.044804413
1653512970.640090942,425.490570068,-1319.382568359,37.338031769,0.961540639,0.266629815,0.048703052,0.044454250
1653512970.705724955,425.490570068,-1319.382568359,37.338031769,0.961540639,0.266629815,0.048703052,0.044454250
1653512970.772322893,428.020477295,-1317.794067383,37.004165649,0.960359335,0.271146864,0.047198091,0.044290666
1653512970.838439226,428.020477295,-1317.794067383,37.004165649,0.960359335,0.271146864,0.047198091,0.044290666
1653512970.906437159,430.451354980,-1316.241210938,36.682994843,0.959165275,0.275582522,0.046168145,0.043871555
1653512970.972100258,430.451354980,-1316.241210938,36.682994843,0.959165275,0.275582522,0.046168145,0.043871555
1653512971.039512157,432.783416748,-1314.766601562,36.383300781,0.958174229,0.279359341,0.045534521,0.042274613
1653512971.105374575,432.783416748,-1314.766601562,36.383300781,0.958174229,0.279359341,0.045534521,0.042274613
1653512971.171958447,434.988342285,-1313.378906250,36.111709595,0.957008064,0.283714235,0.045039538,0.040164657
1653512971.238650799,434.988342285,-1313.378906250,36.111709595,0.957008064,0.283714235,0.045039538,0.040164657
1653512971.305609465,437.422149658,-1311.766235352,35.793334961,0.955909610,0.287719190,0.044383816,0.038529694
1653512971.372278929,437.422149658,-1311.766235352,35.793334961,0.955909610,0.287719190,0.044383816,0.038529694
1653512971.438410044,439.696594238,-1310.275756836,35.510757446,0.954923034,0.291222274,0.044705264,0.036235157
1653512971.505598783,439.696594238,-1310.275756836,35.510757446,0.954923034,0.291222274,0.044705264,0.036235157
1653512971.571920395,441.862426758,-1308.866577148,35.250122070,0.953770220,0.295356005,0.044408608,0.033392932
1653512971.638365030,441.862426758,-1308.866577148,35.250122070,0.953770220,0.295356005,0.044408608,0.033392932
1653512971.706236362,444.206054688,-1307.266601562,34.955448151,0.952671468,0.299109340,0.044114247,0.031696077
1653512971.773511410,444.206054688,-1307.266601562,34.955448151,0.952671468,0.299109340,0.044114247,0.031696077
1653512971.838931322,446.414154053,-1305.772216797,34.684665680,0.951757133,0.302225471,0.044315621,0.029227640
1653512971.905517578,446.414154053,-1305.772216797,34.684665680,0.951757133,0.302225471,0.044315621,0.029227640
1653512971.972457170,448.742706299,-1304.125366211,34.387218475,0.950605810,0.305914938,0.045115270,0.027004400
1653512972.039921999,448.742706299,-1304.125366211,34.387218475,0.950605810,0.305914938,0.045115270,0.027004400
1653512972.105165482,450.916412354,-1302.602905273,34.122802734,0.949578702,0.309171349,0.045919742,0.024590494
1653512972.171954870,450.916412354,-1302.602905273,34.122802734,0.949578702,0.309171349,0.045919742,0.024590494
1653512972.238601446,453.001281738,-1301.143554688,33.879047394,0.948649406,0.312046081,0.047053985,0.021849828
1653512972.305332184,453.001281738,-1301.143554688,33.879047394,0.948649406,0.312046081,0.047053985,0.021849828
1653512972.372501850,455.373809814,-1299.386718750,33.577541351,0.947520912,0.315437287,0.048149105,0.019625232
1653512972.438351393,455.373809814,-1299.386718750,33.577541351,0.947520912,0.315437287,0.048149105,0.019625232
1653512972.511132717,457.634460449,-1297.721435547,33.301246643,0.946631670,0.318086386,0.049038187,0.017458979
1653512972.572363377,457.634460449,-1297.721435547,33.301246643,0.946631670,0.318086386,0.049038187,0.017458979
1653512972.639080286,459.842468262,-1296.114135742,33.044937134,0.945733249,0.320749700,0.049936950,0.014648126
1653512972.705188036,459.842468262,-1296.114135742,33.044937134,0.945733249,0.320749700,0.049936950,0.014648126
1653512972.772030830,461.961608887,-1294.523925781,32.786666870,0.944900930,0.323272973,0.049945708,0.012735552
1653512972.838727236,461.961608887,-1294.523925781,32.786666870,0.944900930,0.323272973,0.049945708,0.012735552
1653512972.905128956,464.320861816,-1292.689086914,32.482700348,0.944158196,0.325433344,0.050262369,0.011494905
1653512972.972567558,464.320861816,-1292.689086914,32.482700348,0.944158196,0.325433344,0.050262369,0.011494905
1653512973.038493395,466.472320557,-1291.042236328,32.219455719,0.943418801,0.327504009,0.050972596,0.010195058
1653512973.105128765,466.472320557,-1291.042236328,32.219455719,0.943418801,0.327504009,0.050972596,0.010195058
1653512973.171892405,468.676757812,-1289.328247070,31.942434311,0.942547500,0.330103517,0.050644327,0.008427985
1653512973.241794825,468.676757812,-1289.328247070,31.942434311,0.942547500,0.330103517,0.050644327,0.008427985
1653512973.305729866,470.797546387,-1287.697265625,31.684020996,0.941704392,0.332543939,0.050624777,0.006673615
1653512973.372564077,470.797546387,-1287.697265625,31.684020996,0.941704392,0.332543939,0.050624777,0.006673615
1653512973.438379049,472.868804932,-1286.113769531,31.433227539,0.941106915,0.334263623,0.050592240,0.005105074
1653512973.506119490,472.868804932,-1286.113769531,31.433227539,0.941106915,0.334263623,0.050592240,0.005105074
1653512973.573707104,475.007781982,-1284.437255859,31.163213730,0.940252185,0.336805850,0.049734224,0.003759053
1653512973.638645887,475.007781982,-1284.437255859,31.163213730,0.940252185,0.336805850,0.049734224,0.003759053
1653512973.705117941,477.178161621,-1282.726684570,30.885307312,0.939418316,0.339311957,0.048527561,0.002377750
1653512973.772370815,477.178161621,-1282.726684570,30.885307312,0.939418316,0.339311957,0.048527561,0.002377750
1653512973.838585377,479.159240723,-1281.194946289,30.637844086,0.938719213,0.341343611,0.047846012,0.001242162
1653512973.905225754,479.159240723,-1281.194946289,30.637844086,0.938719213,0.341343611,0.047846012,0.001242162
1653512973.972672462,481.310302734,-1279.458496094,30.359079361,0.937615037,0.344340891,0.048020873,0.001153862
1653512974.040969610,481.310302734,-1279.458496094,30.359079361,0.937615037,0.344340891,0.048020873,0.001153862
1653512974.105368137,483.396209717,-1277.770263672,30.090553284,0.936494946,0.347420752,0.047636230,0.002609637
1653512974.172095299,483.396209717,-1277.770263672,30.090553284,0.936494946,0.347420752,0.047636230,0.002609637
1653512974.239480734,485.515197754,-1276.012573242,29.814849854,0.935385883,0.350386083,0.047544423,0.004729508
1653512974.305069447,485.515197754,-1276.012573242,29.814849854,0.935385883,0.350386083,0.047544423,0.004729508
1653512974.372090340,487.459838867,-1274.446289062,29.579187393,0.933749259,0.354655206,0.047934841,0.005850127
1653512974.442576647,487.459838867,-1274.446289062,29.579187393,0.933749259,0.354655206,0.047934841,0.005850127
1653512974.506726742,489.583251953,-1272.638916016,29.299678802,0.932120800,0.358807206,0.048410077,0.008043302
1653512974.572891474,489.583251953,-1272.638916016,29.299678802,0.932120800,0.358807206,0.048410077,0.008043302
1653512974.638438702,491.725646973,-1270.799194336,29.022338867,0.930275440,0.363455921,0.048906073,0.009777475
1653512974.705677748,491.725646973,-1270.799194336,29.022338867,0.930275440,0.363455921,0.048906073,0.009777475
1653512974.772833109,493.699401855,-1269.136352539,28.780593872,0.928184867,0.368712306,0.049109105,0.010602480
1653512974.838515282,493.699401855,-1269.136352539,28.780593872,0.928184867,0.368712306,0.049109105,0.010602480
1653512974.905668497,495.703643799,-1267.433349609,28.536825180,0.925780535,0.374536008,0.050187614,0.011593705
1653512974.971914291,495.703643799,-1267.433349609,28.536825180,0.925780535,0.374536008,0.050187614,0.011593705
1653512975.038716078,497.715545654,-1265.684204102,28.291084290,0.923514366,0.379906297,0.051047996,0.013657912
1653512975.104952812,497.715545654,-1265.684204102,28.291084290,0.923514366,0.379906297,0.051047996,0.013657912
1653512975.172004461,499.753723145,-1263.863647461,28.042093277,0.920876145,0.385952860,0.052649718,0.015986051
1653512975.240394354,499.753723145,-1263.863647461,28.042093277,0.920876145,0.385952860,0.052649718,0.015986051
1653512975.305459261,501.719268799,-1262.103881836,27.816244125,0.918287516,0.391797572,0.053734448,0.018850183
1653512975.371838093,501.719268799,-1262.103881836,27.816244125,0.918287516,0.391797572,0.053734448,0.018850183
1653512975.438224554,503.576904297,-1260.455078125,27.612304688,0.915855289,0.397191823,0.054431967,0.022020800
1653512975.505227804,503.576904297,-1260.455078125,27.612304688,0.915855289,0.397191823,0.054431967,0.022020800
1653512975.573048830,505.455535889,-1258.764526367,27.400928497,0.913354099,0.402685940,0.054634694,0.025365839
1653512975.638487101,505.455535889,-1258.764526367,27.400928497,0.913354099,0.402685940,0.054634694,0.025365839
1653512975.706127167,507.404724121,-1256.978515625,27.175912857,0.910876453,0.407940567,0.055253666,0.028906772
1653512975.773121834,507.404724121,-1256.978515625,27.175912857,0.910876453,0.407940567,0.055253666,0.028906772
1653512975.839393616,509.254516602,-1255.276367188,26.972721100,0.908673584,0.412441403,0.055874098,0.032901678
1653512975.905498266,509.254516602,-1255.276367188,26.972721100,0.908673584,0.412441403,0.055874098,0.032901678
1653512975.971952677,511.127441406,-1253.496093750,26.766632080,0.906262279,0.417248428,0.057097759,0.036500953
1653512976.038265944,511.127441406,-1253.496093750,26.766632080,0.906262279,0.417248428,0.057097759,0.036500953
1653512976.105659962,513.102416992,-1251.518554688,26.527780533,0.903987229,0.421681225,0.058271624,0.039955176
1653512976.172235012,513.102416992,-1251.518554688,26.527780533,0.903987229,0.421681225,0.058271624,0.039955176
1653512976.239913464,515.013427734,-1249.586181641,26.304702759,0.902104974,0.425266922,0.060521454,0.041131463
1653512976.305525780,515.013427734,-1249.586181641,26.304702759,0.902104974,0.425266922,0.060521454,0.041131463
1653512976.372610807,516.889160156,-1247.644775391,26.085395813,0.900136590,0.428947836,0.063154183,0.042064261
1653512976.439426422,516.889160156,-1247.644775391,26.085395813,0.900136590,0.428947836,0.063154183,0.042064261
1653512976.504995823,518.596557617,-1245.881835938,25.900238037,0.898116231,0.432804644,0.066053659,0.041283019
1653512976.571917295,518.596557617,-1245.881835938,25.900238037,0.898116231,0.432804644,0.066053659,0.041283019
1653512976.638600588,520.378173828,-1243.970458984,25.691907883,0.896370709,0.436151445,0.068568878,0.039872691
1653512976.705318689,520.378173828,-1243.970458984,25.691907883,0.896370709,0.436151445,0.068568878,0.039872691
1653512976.772234440,522.155090332,-1242.025390625,25.480079651,0.894268215,0.440089911,0.071344659,0.038924798
1653512976.838767767,522.155090332,-1242.025390625,25.480079651,0.894268215,0.440089911,0.071344659,0.038924798
1653512976.905127048,523.966064453,-1239.975585938,25.249366760,0.892307103,0.443873972,0.073083401,0.037719194
1653512976.971697092,523.966064453,-1239.975585938,25.249366760,0.892307103,0.443873972,0.073083401,0.037719194
1653512977.039764881,525.814697266,-1237.803222656,25.000877380,0.890183866,0.448015660,0.074352235,0.036420196
1653512977.105042934,525.814697266,-1237.803222656,25.000877380,0.890183866,0.448015660,0.074352235,0.036420196
1653512977.171810865,527.452453613,-1235.903930664,24.795392990,0.887710631,0.452867508,0.075120166,0.035182651
1653512977.239161253,527.452453613,-1235.903930664,24.795392990,0.887710631,0.452867508,0.075120166,0.035182651
1653512977.305154085,529.073181152,-1233.952392578,24.582839966,0.885293961,0.457636952,0.074980497,0.034654923
1653512977.372614861,529.073181152,-1233.952392578,24.582839966,0.885293961,0.457636952,0.074980497,0.034654923
1653512977.438439608,530.588073730,-1232.113037109,24.385543823,0.882780075,0.462535411,0.074895598,0.033926163
1653512977.505106926,530.588073730,-1232.113037109,24.385543823,0.882780075,0.462535411,0.074895598,0.033926163
1653512977.573255062,532.279174805,-1229.939941406,24.138544083,0.880086839,0.467811257,0.074038856,0.033436630
1653512977.639937878,532.279174805,-1229.939941406,24.138544083,0.880086839,0.467811257,0.074038856,0.033436630
1653512977.705401897,533.695983887,-1228.161621094,23.954841614,0.877420247,0.472939342,0.073750108,0.031983696
1653512977.771698713,533.695983887,-1228.161621094,23.954841614,0.877420247,0.472939342,0.073750108,0.031983696
1653512977.838946819,535.261352539,-1226.083862305,23.726097107,0.875060141,0.477326840,0.073779233,0.031391948
1653512977.904869318,535.261352539,-1226.083862305,23.726097107,0.875060141,0.477326840,0.073779233,0.031391948
1653512977.971742153,536.837036133,-1223.941406250,23.490795135,0.872619748,0.481724739,0.074252479,0.031025184
1653512978.040720940,536.837036133,-1223.941406250,23.490795135,0.872619748,0.481724739,0.074252479,0.031025184
1653512978.108136892,538.191955566,-1222.121459961,23.306449890,0.870216668,0.485956103,0.075166129,0.030326769
1653512978.171625614,538.191955566,-1222.121459961,23.306449890,0.870216668,0.485956103,0.075166129,0.030326769
1653512978.239262104,539.592834473,-1220.198364258,23.110795975,0.867936134,0.489909053,0.075834073,0.030416358
1653512978.305153847,539.592834473,-1220.198364258,23.110795975,0.867936134,0.489909053,0.075834073,0.030416358
1653512978.371606112,540.918273926,-1218.331420898,22.927717209,0.865690887,0.493727714,0.076571099,0.030806415
1653512978.438257456,540.918273926,-1218.331420898,22.927717209,0.865690887,0.493727714,0.076571099,0.030806415
1653512978.505175352,542.279724121,-1216.319091797,22.731206894,0.863330185,0.497707605,0.077038549,0.031830408
1653512978.571756601,542.279724121,-1216.319091797,22.731206894,0.863330185,0.497707605,0.077038549,0.031830408
1653512978.639295816,543.534606934,-1214.455688477,22.562160492,0.860673547,0.502117634,0.078318529,0.031386726
1653512978.705454588,543.534606934,-1214.455688477,22.562160492,0.860673547,0.502117634,0.078318529,0.031386726
1653512978.772555113,544.780883789,-1212.539916992,22.390859604,0.857760191,0.507048428,0.078842796,0.030547038
1653512978.838471651,544.780883789,-1212.539916992,22.390859604,0.857760191,0.507048428,0.078842796,0.030547038
1653512978.905374765,545.979675293,-1210.652954102,22.227125168,0.854509830,0.512492895,0.079241253,0.029746067
1653512978.972338676,545.979675293,-1210.652954102,22.227125168,0.854509830,0.512492895,0.079241253,0.029746067
1653512979.038645744,547.181396484,-1208.700805664,22.055356979,0.851031482,0.518342793,0.079053201,0.028579867
1653512979.105947018,547.181396484,-1208.700805664,22.055356979,0.851031482,0.518342793,0.079053201,0.028579867
1653512979.172588110,548.289062500,-1206.872070312,21.904321671,0.847178876,0.524798572,0.078181885,0.027605435
1653512979.240050316,548.289062500,-1206.872070312,21.904321671,0.847178876,0.524798572,0.078181885,0.027605435
1653512979.305100679,549.359252930,-1205.069702148,21.760683060,0.842974067,0.531934023,0.075645559,0.026807649
1653512979.371827364,549.359252930,-1205.069702148,21.760683060,0.842974067,0.531934023,0.075645559,0.026807649
1653512979.438670397,550.436157227,-1203.167724609,21.604560852,0.838601410,0.539084792,0.073606819,0.026782384
1653512979.505769491,550.436157227,-1203.167724609,21.604560852,0.838601410,0.539084792,0.073606819,0.026782384
1653512979.571820736,551.590820312,-1200.997802734,21.415510178,0.833851874,0.546612144,0.072015472,0.026831888
1653512979.638541460,551.590820312,-1200.997802734,21.415510178,0.833851874,0.546612144,0.072015472,0.026831888
1653512979.705292463,552.606811523,-1199.075561523,21.265087128,0.828934371,0.554151833,0.071328707,0.026377084
1653512979.771607399,552.606811523,-1199.075561523,21.265087128,0.828934371,0.554151833,0.071328707,0.026377084
1653512979.840573311,553.470031738,-1197.461669922,21.156501770,0.824028552,0.561540961,0.070935130,0.024837004
1653512979.905570030,553.470031738,-1197.461669922,21.156501770,0.824028552,0.561540961,0.070935130,0.024837004
1653512979.972732544,554.543151855,-1195.309692383,20.990835190,0.819145083,0.568563759,0.071744740,0.024274636
1653512980.038268805,554.543151855,-1195.309692383,20.990835190,0.819145083,0.568563759,0.071744740,0.024274636
1653512980.105320454,555.432739258,-1193.565185547,20.880266190,0.814373255,0.575256884,0.073023550,0.023308806
1653512980.171750546,555.432739258,-1193.565185547,20.880266190,0.814373255,0.575256884,0.073023550,0.023308806
1653512980.238275290,556.360900879,-1191.661865234,20.750225067,0.809734404,0.581569076,0.074514113,0.023563400
1653512980.307190180,556.360900879,-1191.661865234,20.750225067,0.809734404,0.581569076,0.074514113,0.023563400
1653512980.372462034,557.276611328,-1189.746582031,20.613855362,0.805325031,0.587495148,0.075488217,0.024548516
1653512980.438207150,557.276611328,-1189.746582031,20.613855362,0.805325031,0.587495148,0.075488217,0.024548516
1653512980.505365849,558.123291016,-1187.968872070,20.487392426,0.801054955,0.593162358,0.075938493,0.026509253
1653512980.572546005,558.123291016,-1187.968872070,20.487392426,0.801054955,0.593162358,0.075938493,0.026509253
1653512980.638144493,559.067932129,-1185.787597656,20.303997040,0.796825945,0.598669648,0.075988963,0.029812612
1653512980.705167770,559.067932129,-1185.787597656,20.303997040,0.796825945,0.598669648,0.075988963,0.029812612
1653512980.772065878,559.869689941,-1183.972778320,20.173618317,0.791994870,0.604903579,0.077162489,0.029693998
1653512980.841410637,559.869689941,-1183.972778320,20.173618317,0.791994870,0.604903579,0.077162489,0.029693998
1653512980.913619757,560.583984375,-1182.328491211,20.062772751,0.786343992,0.612219334,0.077373102,0.029395139
1653512980.973651886,560.583984375,-1182.328491211,20.062772751,0.786343992,0.612219334,0.077373102,0.029395139
1653512981.038504362,561.416015625,-1180.210327148,19.908494949,0.780234158,0.620048642,0.076788902,0.029628009
1653512981.106380939,561.416015625,-1180.210327148,19.908494949,0.780234158,0.620048642,0.076788902,0.029628009
1653512981.171664000,562.095703125,-1178.412963867,19.787822723,0.773952901,0.627740085,0.078602597,0.027584041
1653512981.238515854,562.095703125,-1178.412963867,19.787822723,0.773952901,0.627740085,0.078602597,0.027584041
1653512981.305208921,562.831848145,-1176.339721680,19.645414352,0.766881824,0.636358202,0.078901097,0.026740965
1653512981.371705770,562.831848145,-1176.339721680,19.645414352,0.766881824,0.636358202,0.078901097,0.026740965
1653512981.438236713,563.498596191,-1174.388061523,19.516834259,0.759133220,0.645578444,0.079305045,0.025610885
1653512981.505383730,563.498596191,-1174.388061523,19.516834259,0.759133220,0.645578444,0.079305045,0.025610885
1653512981.571848869,564.099731445,-1172.587036133,19.404657364,0.750708699,0.655311584,0.080035239,0.024443962
1653512981.638628483,564.099731445,-1172.587036133,19.404657364,0.750708699,0.655311584,0.080035239,0.024443962
1653512981.705254793,564.737731934,-1170.498413086,19.260940552,0.741726100,0.665333271,0.080894418,0.025101885
1653512981.772854328,564.737731934,-1170.498413086,19.260940552,0.741726100,0.665333271,0.080894418,0.025101885
1653512981.840142965,565.313598633,-1168.588134766,19.136556625,0.732778072,0.675022781,0.082091413,0.025328474
1653512981.913704395,565.313598633,-1168.588134766,19.136556625,0.732778072,0.675022781,0.082091413,0.025328474
1653512981.971711636,565.824523926,-1166.878540039,19.034151077,0.723834932,0.684552193,0.082861990,0.024191573
1653512982.038666010,565.824523926,-1166.878540039,19.034151077,0.723834932,0.684552193,0.082861990,0.024191573
1653512982.104847670,566.390502930,-1164.687622070,18.894346237,0.715362072,0.693261564,0.083959840,0.024419142
1653512982.171927691,566.390502930,-1164.687622070,18.894346237,0.715362072,0.693261564,0.083959840,0.024419142
1653512982.238473654,566.871154785,-1162.878784180,18.798231125,0.707194388,0.701652884,0.083907247,0.022778479
1653512982.305049419,566.871154785,-1162.878784180,18.798231125,0.707194388,0.701652884,0.083907247,0.022778479
1653512982.371637344,567.350769043,-1160.932617188,18.686758041,0.698866487,0.709987223,0.084047042,0.020972304
1653512982.438925028,567.350769043,-1160.932617188,18.686758041,0.698866487,0.709987223,0.084047042,0.020972304
1653512982.505170345,567.795532227,-1159.049804688,18.596178055,0.690779924,0.717883945,0.084193230,0.019421848
1653512982.572844267,567.795532227,-1159.049804688,18.596178055,0.690779924,0.717883945,0.084193230,0.019421848
1653512982.639064074,568.219726562,-1157.090332031,18.498172760,0.682294071,0.725940943,0.084597118,0.018108213
1653512982.704753399,568.219726562,-1157.090332031,18.498172760,0.682294071,0.725940943,0.084597118,0.018108213
1653512982.771691561,568.602294922,-1155.275024414,18.415927887,0.672904551,0.734521806,0.086112916,0.016176952
1653512982.839657784,568.602294922,-1155.275024414,18.415927887,0.672904551,0.734521806,0.086112916,0.016176952
1653512982.906646967,568.972534180,-1153.256469727,18.309459686,0.662754774,0.743467331,0.088186949,0.015344418
1653512982.971713066,568.972534180,-1153.256469727,18.309459686,0.662754774,0.743467331,0.088186949,0.015344418
1653512983.039287806,569.299743652,-1151.450195312,18.216373444,0.652108550,0.752580404,0.090482272,0.013789041
1653512983.105298281,569.299743652,-1151.450195312,18.216373444,0.652108550,0.752580404,0.090482272,0.013789041
1653512983.179340124,569.619018555,-1149.321899414,18.080118179,0.643097639,0.760136724,0.091981538,0.012528993
1653512983.238537073,569.619018555,-1149.321899414,18.080118179,0.643097639,0.760136724,0.091981538,0.012528993
1653512983.304990053,569.915161133,-1147.256958008,17.955404282,0.635021687,0.766734540,0.093446478,0.011548638
1653512983.376074314,569.915161133,-1147.256958008,17.955404282,0.635021687,0.766734540,0.093446478,0.011548638
1653512983.438403845,570.151611328,-1145.619018555,17.861356735,0.627838671,0.772222579,0.096814543,0.010856578
1653512983.505892038,570.151611328,-1145.619018555,17.861356735,0.627838671,0.772222579,0.096814543,0.010856578
1653512983.571981430,570.376525879,-1143.434326172,17.711227417,0.620763898,0.777939260,0.096499100,0.012271952
1653512983.638098717,570.376525879,-1143.434326172,17.711227417,0.620763898,0.777939260,0.096499100,0.012271952
1653512983.705019474,570.564453125,-1141.389892578,17.574201584,0.614382148,0.783162415,0.095205262,0.011275056
1653512983.771708250,570.564453125,-1141.389892578,17.574201584,0.614382148,0.783162415,0.095205262,0.011275056
1653512983.838240147,570.733154297,-1139.607055664,17.462949753,0.607053220,0.789207637,0.092399843,0.009996797
1653512983.904858351,570.733154297,-1139.607055664,17.462949753,0.607053220,0.789207637,0.092399843,0.009996797
1653512983.972710848,570.870361328,-1137.735961914,17.348613739,0.597829700,0.796530366,0.089687042,0.009758607
1653512984.038580656,570.870361328,-1137.735961914,17.348613739,0.597829700,0.796530366,0.089687042,0.009758607
1653512984.105433226,570.974304199,-1135.592285156,17.214555740,0.588434279,0.803418994,0.090253450,0.010832498
1653512984.171731710,570.974304199,-1135.592285156,17.214555740,0.588434279,0.803418994,0.090253450,0.010832498
1653512984.239676237,571.060363770,-1133.764526367,17.112174988,0.579892635,0.809401929,0.092137896,0.010180034
1653512984.305311918,571.060363770,-1133.764526367,17.112174988,0.579892635,0.809401929,0.092137896,0.010180034
1653512984.372393131,571.088195801,-1131.592407227,16.978956223,0.572308183,0.814494312,0.094501175,0.011485667
1653512984.438219070,571.088195801,-1131.592407227,16.978956223,0.572308183,0.814494312,0.094501175,0.011485667
1653512984.504871845,571.119018555,-1129.761718750,16.878715515,0.565719068,0.818883538,0.096144520,0.012159191
1653512984.572000265,571.119018555,-1129.761718750,16.878715515,0.565719068,0.818883538,0.096144520,0.012159191
1653512984.638386965,571.095642090,-1127.743652344,16.755172729,0.561010897,0.821964622,0.097368836,0.012661670
1653512984.705232143,571.095642090,-1127.743652344,16.755172729,0.561010897,0.821964622,0.097368836,0.012661670
1653512984.772055864,571.047912598,-1125.723632812,16.633430481,0.556396306,0.825021684,0.098033004,0.012321719
1653512984.838567972,571.047912598,-1125.723632812,16.633430481,0.556396306,0.825021684,0.098033004,0.012321719
1653512984.904883146,571.061950684,-1124.293701172,16.560192108,0.552161157,0.827930331,0.097574688,0.011342301
1653512984.971564054,571.061950684,-1124.293701172,16.560192108,0.552161157,0.827930331,0.097574688,0.011342301
1653512985.038232803,570.961425781,-1122.289184570,16.431741714,0.548184097,0.830592155,0.097265922,0.012258418
1653512985.105052948,570.961425781,-1122.289184570,16.431741714,0.548184097,0.830592155,0.097265922,0.012258418
1653512985.172070742,570.807434082,-1120.103637695,16.290170670,0.544414580,0.833215117,0.096115276,0.011278650
1653512985.238639593,570.807434082,-1120.103637695,16.290170670,0.544414580,0.833215117,0.096115276,0.011278650
1653512985.304763794,570.709228516,-1118.459472656,16.202426910,0.541647196,0.835033357,0.096199736,0.009118452
1653512985.372284412,570.709228516,-1118.459472656,16.202426910,0.541647196,0.835033357,0.096199736,0.009118452
1653512985.438583612,570.516723633,-1116.470458984,16.072484970,0.540501118,0.835880101,0.095273279,0.009272937
1653512985.505475283,570.516723633,-1116.470458984,16.072484970,0.540501118,0.835880101,0.095273279,0.009272937
1653512985.572317362,570.302429199,-1114.495605469,15.935937881,0.539379239,0.836634040,0.095041052,0.008980370
1653512985.638292551,570.302429199,-1114.495605469,15.935937881,0.539379239,0.836634040,0.095041052,0.008980370
1653512985.704994917,570.145751953,-1112.959106445,15.834058762,0.537900388,0.837609231,0.094896473,0.008279661
1653512985.771413088,570.145751953,-1112.959106445,15.834058762,0.537900388,0.837609231,0.094896473,0.008279661
1653512985.838331461,569.818298340,-1110.779785156,15.670583725,0.537175775,0.837965250,0.095711932,0.009782817
1653512985.904814959,569.818298340,-1110.779785156,15.670583725,0.537175775,0.837965250,0.095711932,0.009782817
1653512985.972532511,569.662170410,-1109.381103516,15.581215858,0.537310421,0.837839484,0.096116371,0.009176577
1653512986.038180828,569.662170410,-1109.381103516,15.581215858,0.537310421,0.837839484,0.096116371,0.009176577
1653512986.105338097,569.340270996,-1107.416625977,15.431328773,0.537237525,0.837907434,0.095884845,0.009650018
1653512986.173968077,569.340270996,-1107.416625977,15.431328773,0.537237525,0.837907434,0.095884845,0.009650018
1653512986.238059759,568.883117676,-1105.054199219,15.243310928,0.537373006,0.837886691,0.095260330,0.010078901
1653512986.305212498,568.883117676,-1105.054199219,15.243310928,0.537373006,0.837886691,0.095260330,0.010078901
1653512986.371530294,568.709716797,-1103.840820312,15.171842575,0.538383007,0.837381184,0.094191343,0.008030625
1653512986.438386202,568.709716797,-1103.840820312,15.171842575,0.538383007,0.837381184,0.094191343,0.008030625
1653512986.504965544,568.252624512,-1101.765014648,15.009163857,0.538941979,0.837129951,0.093254231,0.007660282
1653512986.574990511,568.252624512,-1101.765014648,15.009163857,0.538941979,0.837129951,0.093254231,0.007660282
1653512986.638289213,567.857604980,-1100.010375977,14.883268356,0.538734317,0.837497592,0.091267370,0.005774399
1653512986.704921961,567.857604980,-1100.010375977,14.883268356,0.538734317,0.837497592,0.091267370,0.005774399
1653512986.771554708,567.466247559,-1098.357055664,14.756644249,0.538548112,0.837964296,0.088098802,0.004513281
1653512986.838293076,567.466247559,-1098.357055664,14.756644249,0.538548112,0.837964296,0.088098802,0.004513281
1653512986.905043602,566.950073242,-1096.423095703,14.599570274,0.537648857,0.838837981,0.085197069,0.005094250
1653512986.972157240,566.950073242,-1096.423095703,14.599570274,0.537648857,0.838837981,0.085197069,0.005094250
1653512987.038214684,566.554565430,-1094.875122070,14.479496956,0.535700738,0.840295613,0.083101541,0.004707424
1653512987.104723930,566.554565430,-1094.875122070,14.479496956,0.535700738,0.840295613,0.083101541,0.004707424
1653512987.171597719,566.055603027,-1093.150878906,14.335225105,0.533123851,0.842068315,0.081724115,0.004599808
1653512987.239071846,566.055603027,-1093.150878906,14.335225105,0.533123851,0.842068315,0.081724115,0.004599808
1653512987.304830313,565.422546387,-1091.151367188,14.166683197,0.529781699,0.844336689,0.080025390,0.004774650
1653512987.374302387,565.422546387,-1091.151367188,14.166683197,0.529781699,0.844336689,0.080025390,0.004774650
1653512987.438054800,564.910156250,-1089.533325195,14.039048195,0.526218116,0.846812069,0.077408433,0.003436119
1653512987.504743576,564.910156250,-1089.533325195,14.039048195,0.526218116,0.846812069,0.077408433,0.003436119
1653512987.571573257,564.213378906,-1087.572021484,13.876739502,0.521869123,0.849623680,0.076038703,0.003215783
1653512987.638792753,564.213378906,-1087.572021484,13.876739502,0.521869123,0.849623680,0.076038703,0.003215783
1653512987.704832792,563.691223145,-1086.085815430,13.776363373,0.516328216,0.853096008,0.075013757,0.002299361
1653512987.771955967,563.691223145,-1086.085815430,13.776363373,0.516328216,0.853096008,0.075013757,0.002299361
1653512987.842143536,562.974182129,-1084.233764648,13.642354012,0.510451376,0.856602669,0.075262509,0.002619129
1653512987.905296087,562.974182129,-1084.233764648,13.642354012,0.510451376,0.856602669,0.075262509,0.002619129
1653512987.971415520,562.239501953,-1082.397827148,13.524353027,0.504957557,0.859549880,0.078668661,0.001756826
1653512988.038406610,562.239501953,-1082.397827148,13.524353027,0.504957557,0.859549880,0.078668661,0.001756826
1653512988.104806185,561.590026855,-1080.788696289,13.427474022,0.500227034,0.862106979,0.080893353,0.000842474
1653512988.171473265,561.590026855,-1080.788696289,13.427474022,0.500227034,0.862106979,0.080893353,0.000842474
1653512988.238441467,560.861389160,-1079.054321289,13.317481995,0.496505290,0.864046335,0.083102763,-0.000640296
1653512988.304987907,560.861389160,-1079.054321289,13.317481995,0.496505290,0.864046335,0.083102763,-0.000640296
1653512988.371607780,560.027099609,-1077.154785156,13.185874939,0.493535131,0.865541160,0.085196994,-0.001739627
1653512988.438327789,560.027099609,-1077.154785156,13.185874939,0.493535131,0.865541160,0.085196994,-0.001739627
1653512988.504765749,559.414489746,-1075.701171875,13.096929550,0.490947813,0.866926730,0.086025804,-0.002810565
1653512988.575938463,559.414489746,-1075.701171875,13.096929550,0.490947813,0.866926730,0.086025804,-0.002810565
1653512988.642119408,558.484313965,-1073.750244141,12.943837166,0.488292277,0.868268609,0.087583378,-0.003070830
1653512988.704946041,558.484313965,-1073.750244141,12.943837166,0.488292277,0.868268609,0.087583378,-0.003070830
1653512988.773265123,557.745239258,-1072.154907227,12.836265564,0.484500706,0.870609879,0.085301913,-0.004587694
1653512988.840379715,557.745239258,-1072.154907227,12.836265564,0.484500706,0.870609879,0.085301913,-0.004587694
1653512988.904964209,556.941223145,-1070.535644531,12.721346855,0.479998261,0.873261809,0.083510935,-0.006432282
1653512988.971514702,556.941223145,-1070.535644531,12.721346855,0.479998261,0.873261809,0.083510935,-0.006432282
1653512989.040518999,556.168518066,-1069.010742188,12.612676620,0.474940687,0.876222968,0.081107594,-0.009283118
1653512989.104753494,556.168518066,-1069.010742188,12.612676620,0.474940687,0.876222968,0.081107594,-0.009283118
1653512989.172756910,555.199401855,-1067.235351562,12.472419739,0.468639553,0.879806578,0.078651458,-0.011459013
1653512989.238219738,555.199401855,-1067.235351562,12.472419739,0.468639553,0.879806578,0.078651458,-0.011459013
1653512989.304747105,554.394165039,-1065.754882812,12.374989510,0.461878240,0.883577943,0.075968318,-0.013687350
1653512989.371629715,554.394165039,-1065.754882812,12.374989510,0.461878240,0.883577943,0.075968318,-0.013687350
1653512989.438212872,553.483337402,-1064.126586914,12.252612114,0.455985606,0.886616707,0.075721048,-0.015946703
1653512989.504727364,553.483337402,-1064.126586914,12.252612114,0.455985606,0.886616707,0.075721048,-0.015946703
1653512989.573599339,552.568664551,-1062.526123047,12.132403374,0.451297849,0.888836682,0.077516705,-0.017053224
1653512989.638259411,552.568664551,-1062.526123047,12.132403374,0.451297849,0.888836682,0.077516705,-0.017053224
1653512989.706996918,551.523254395,-1060.767578125,11.991147995,0.447285682,0.890704215,0.079565145,-0.015842060
1653512989.771784306,551.523254395,-1060.767578125,11.991147995,0.447285682,0.890704215,0.079565145,-0.015842060
1653512989.839789152,550.644531250,-1059.274780273,11.882020950,0.444343865,0.892082512,0.080435358,-0.016656272
1653512989.905484915,550.644531250,-1059.274780273,11.882020950,0.444343865,0.892082512,0.080435358,-0.016656272
1653512989.971984386,549.638977051,-1057.650268555,11.752743721,0.442249805,0.893209040,0.079141863,-0.018147646
1653512990.038418293,549.638977051,-1057.650268555,11.752743721,0.442249805,0.893209040,0.079141863,-0.018147646
1653512990.104805708,548.544982910,-1055.952392578,11.607912064,0.440315694,0.894347012,0.076648258,-0.019762201
1653512990.171681881,548.544982910,-1055.952392578,11.607912064,0.440315694,0.894347012,0.076648258,-0.019762201
1653512990.238287210,547.586853027,-1054.457397461,11.492788315,0.438043684,0.895650804,0.073633581,-0.022482501
1653512990.304970980,547.586853027,-1054.457397461,11.492788315,0.438043684,0.895650804,0.073633581,-0.022482501
1653512990.372891665,546.452331543,-1052.788818359,11.351339340,0.435445905,0.897029638,0.071405254,-0.025020301
1653512990.439856291,546.452331543,-1052.788818359,11.351339340,0.435445905,0.897029638,0.071405254,-0.025020301
1653512990.504721880,545.471740723,-1051.323120117,11.241775513,0.431553662,0.898871243,0.070752122,-0.028036326
1653512990.572552919,545.471740723,-1051.323120117,11.241775513,0.431553662,0.898871243,0.070752122,-0.028036326
1653512990.638033390,544.404418945,-1049.807861328,11.114361763,0.427065790,0.900951803,0.070724733,-0.029978305
1653512990.704680443,544.404418945,-1049.807861328,11.114361763,0.427065790,0.900951803,0.070724733,-0.029978305
1653512990.772369862,543.127746582,-1048.090820312,10.956256866,0.422403187,0.903083742,0.070876442,-0.031492911
1653512990.838733196,543.127746582,-1048.090820312,10.956256866,0.422403187,0.903083742,0.070876442,-0.031492911
1653512990.905481100,542.167968750,-1046.746337891,10.849519730,0.417566806,0.905330598,0.069815710,-0.033767540
1653512990.971750975,542.167968750,-1046.746337891,10.849519730,0.417566806,0.905330598,0.069815710,-0.033767540
1653512991.038215876,541.014221191,-1045.222534180,10.705554008,0.412715346,0.907614708,0.068051368,-0.035645712
1653512991.105070829,541.014221191,-1045.222534180,10.705554008,0.412715346,0.907614708,0.068051368,-0.035645712
1653512991.171529293,539.966491699,-1043.828002930,10.579173088,0.408693880,0.909518063,0.065753788,-0.037717812
1653512991.238102913,539.966491699,-1043.828002930,10.579173088,0.408693880,0.909518063,0.065753788,-0.037717812
1653512991.304782629,538.736083984,-1042.262329102,10.425656319,0.405460000,0.910983801,0.064568691,-0.039263025
1653512991.371834040,538.736083984,-1042.262329102,10.425656319,0.405460000,0.910983801,0.064568691,-0.039263025
1653512991.439472914,537.605529785,-1040.811157227,10.286354065,0.403025568,0.912070990,0.063337125,-0.041052550
1653512991.505193233,537.605529785,-1040.811157227,10.286354065,0.403025568,0.912070990,0.063337125,-0.041052550
1653512991.573064089,536.573242188,-1039.454956055,10.161795616,0.400198549,0.913293779,0.062576309,-0.042659525
1653512991.638746977,536.573242188,-1039.454956055,10.161795616,0.400198549,0.913293779,0.062576309,-0.042659525
1653512991.705263615,535.431884766,-1038.020019531,10.015766144,0.397740752,0.914340734,0.062472716,-0.043364823
1653512991.772422075,535.431884766,-1038.020019531,10.015766144,0.397740752,0.914340734,0.062472716,-0.043364823
1653512991.838058949,534.160522461,-1036.488159180,9.847517014,0.395868719,0.915128350,0.062838852,-0.043351099
1653512991.905065536,534.160522461,-1036.488159180,9.847517014,0.395868719,0.915128350,0.062838852,-0.043351099
1653512991.971558809,533.136779785,-1035.206176758,9.710802078,0.393768877,0.915961742,0.063058555,-0.044539046
1653512992.040899038,533.136779785,-1035.206176758,9.710802078,0.393768877,0.915961742,0.063058555,-0.044539046
1653512992.104912996,531.901794434,-1033.757690430,9.541151047,0.391252637,0.917079151,0.062697530,-0.044228960
1653512992.171661854,531.901794434,-1033.757690430,9.541151047,0.391252637,0.917079151,0.062697530,-0.044228960
1653512992.238309860,530.736755371,-1032.388671875,9.385131836,0.388722807,0.918221891,0.061596293,-0.044374220
1653512992.305243492,530.736755371,-1032.388671875,9.385131836,0.388722807,0.918221891,0.061596293,-0.044374220
1653512992.371894836,529.559692383,-1031.025512695,9.234923363,0.386182994,0.919363320,0.060145967,-0.044903226
1653512992.438023329,529.559692383,-1031.025512695,9.234923363,0.386182994,0.919363320,0.060145967,-0.044903226
1653512992.504758835,528.377075195,-1029.673461914,9.090325356,0.383168638,0.920767605,0.057555187,-0.045344803
1653512992.572231531,528.377075195,-1029.673461914,9.090325356,0.383168638,0.920767605,0.057555187,-0.045344803
1653512992.638621807,527.198608398,-1028.358276367,8.951784134,0.380042851,0.922141850,0.055481017,-0.046299793
1653512992.704674959,527.198608398,-1028.358276367,8.951784134,0.380042851,0.922141850,0.055481017,-0.046299793
1653512992.775064468,526.031188965,-1027.060791016,8.819305420,0.376946181,0.923430979,0.053287715,-0.048447892
1653512992.838116646,526.031188965,-1027.060791016,8.819305420,0.376946181,0.923430979,0.053287715,-0.048447892
1653512992.904703617,524.640258789,-1025.589843750,8.663089752,0.373539180,0.924824119,0.051711727,-0.049947567
1653512992.972961426,524.640258789,-1025.589843750,8.663089752,0.373539180,0.924824119,0.051711727,-0.049947567
1653512993.037928104,523.570922852,-1024.412963867,8.543936729,0.370487511,0.925998032,0.051414121,-0.051218029
1653512993.105121613,523.570922852,-1024.412963867,8.543936729,0.370487511,0.925998032,0.051414121,-0.051218029
1653512993.171752214,522.313659668,-1023.090148926,8.388806343,0.367829978,0.927018940,0.051614299,-0.051701039
1653512993.238880157,522.313659668,-1023.090148926,8.388806343,0.367829978,0.927018940,0.051614299,-0.051701039
1653512993.304916143,521.157897949,-1021.849731445,8.243967056,0.365303844,0.928044200,0.051293295,-0.051537018
1653512993.371842861,521.157897949,-1021.849731445,8.243967056,0.365303844,0.928044200,0.051293295,-0.051537018
1653512993.438040257,520.049499512,-1020.650329590,8.099724770,0.362690508,0.929133713,0.050685488,-0.050961830
1653512993.504780531,520.049499512,-1020.650329590,8.099724770,0.362690508,0.929133713,0.050685488,-0.050961830
1653512993.571409225,518.817321777,-1019.367614746,7.937021732,0.360154420,0.930141926,0.050748713,-0.050491557
1653512993.638526678,518.817321777,-1019.367614746,7.937021732,0.360154420,0.930141926,0.050748713,-0.050491557
1653512993.704815149,517.599975586,-1018.104492188,7.779290676,0.357981950,0.930985034,0.050667129,-0.050484344
1653512993.771510601,517.599975586,-1018.104492188,7.779290676,0.357981950,0.930985034,0.050667129,-0.050484344
1653512993.839307785,516.406127930,-1016.870483398,7.625739098,0.355872244,0.931720555,0.051157109,-0.051328748
1653512993.904986382,516.406127930,-1016.870483398,7.625739098,0.355872244,0.931720555,0.051157109,-0.051328748
1653512993.971404791,515.354370117,-1015.755493164,7.489625454,0.353719890,0.932530820,0.051004615,-0.051643346
1653512994.038265944,515.354370117,-1015.755493164,7.489625454,0.353719890,0.932530820,0.051004615,-0.051643346
1653512994.104812145,513.989501953,-1014.441711426,7.309854984,0.351749897,0.933265805,0.051840913,-0.050984509
1653512994.173690081,513.989501953,-1014.441711426,7.309854984,0.351749897,0.933265805,0.051840913,-0.050984509
1653512994.237947226,512.692321777,-1013.193603516,7.137209415,0.350052744,0.933870316,0.052629072,-0.050788682
1653512994.304841280,512.692321777,-1013.193603516,7.137209415,0.350052744,0.933870316,0.052629072,-0.050788682
1653512994.371435642,511.578094482,-1012.083190918,6.984040737,0.347839475,0.934732854,0.051629290,-0.051152639
1653512994.438112497,511.578094482,-1012.083190918,6.984040737,0.347839475,0.934732854,0.051629290,-0.051152639
1653512994.504729033,510.355957031,-1010.903381348,6.808623314,0.345491409,0.935723066,0.050386671,-0.050191142
1653512994.571455717,510.355957031,-1010.903381348,6.808623314,0.345491409,0.935723066,0.050386671,-0.050191142
1653512994.639071703,509.060211182,-1009.679138184,6.619945049,0.344095647,0.936273932,0.049695350,-0.050196491
1653512994.704674482,509.060211182,-1009.679138184,6.619945049,0.344095647,0.936273932,0.049695350,-0.050196491
1653512994.772435904,507.738739014,-1008.447509766,6.426321983,0.343121648,0.936665654,0.048719544,-0.050511777
1653512994.838790894,507.738739014,-1008.447509766,6.426321983,0.343121648,0.936665654,0.048719544,-0.050511777
1653512994.904986620,506.543975830,-1007.311462402,6.250428677,0.341893971,0.937204599,0.047171298,-0.050308790
1653512994.972625256,506.543975830,-1007.311462402,6.250428677,0.341893971,0.937204599,0.047171298,-0.050308790
1653512995.038314819,505.268951416,-1006.136901855,6.062722206,0.340950340,0.937598348,0.046356864,-0.050132822
1653512995.105075359,505.268951416,-1006.136901855,6.062722206,0.340950340,0.937598348,0.046356864,-0.050132822
1653512995.171494961,503.970275879,-1004.955383301,5.877515793,0.340509713,0.937755167,0.045823742,-0.050680917
1653512995.240976334,503.970275879,-1004.955383301,5.877515793,0.340509713,0.937755167,0.045823742,-0.050680917
1653512995.305555582,502.715545654,-1003.816772461,5.692658901,0.339618474,0.938114166,0.044851143,-0.050887343
1653512995.371704578,502.715545654,-1003.816772461,5.692658901,0.339618474,0.938114166,0.044851143,-0.050887343
1653512995.438042164,501.473297119,-1002.699279785,5.507951260,0.338913232,0.938407779,0.043687958,-0.051186044
1653512995.504707813,501.473297119,-1002.699279785,5.507951260,0.338913232,0.938407779,0.043687958,-0.051186044
1653512995.571804285,500.336791992,-1001.661987305,5.342405796,0.338781714,0.938518941,0.041831534,-0.051567722
1653512995.639519215,500.336791992,-1001.661987305,5.342405796,0.338781714,0.938518941,0.041831534,-0.051567722
1653512995.705320120,498.912475586,-1000.452941895,5.134675503,0.338393033,0.938656986,0.040324271,-0.052793913
1653512995.772505045,498.912475586,-1000.452941895,5.134675503,0.338393033,0.938656986,0.040324271,-0.052793913
1653512995.838066816,497.611083984,-999.325683594,4.939404011,0.337989509,0.938865840,0.037647597,-0.053634867
1653512995.904762983,497.611083984,-999.325683594,4.939404011,0.337989509,0.938865840,0.037647597,-0.053634867
1653512995.971569538,496.323150635,-998.218444824,4.746575356,0.337220997,0.939142704,0.035493914,-0.055074565
1653512996.037989140,496.323150635,-998.218444824,4.746575356,0.337220997,0.939142704,0.035493914,-0.055074565
1653512996.104862452,495.147521973,-997.179748535,4.568140030,0.336307466,0.939471185,0.033304799,-0.056409348
1653512996.171698809,495.147521973,-997.179748535,4.568140030,0.336307466,0.939471185,0.033304799,-0.056409348
1653512996.237940788,493.780517578,-996.031311035,4.359688759,0.335220456,0.939855218,0.032098386,-0.057176556
1653512996.304811001,493.780517578,-996.031311035,4.359688759,0.335220456,0.939855218,0.032098386,-0.057176556
1653512996.372017384,492.538513184,-994.964294434,4.169581890,0.334128767,0.940295279,0.029975202,-0.057482097
1653512996.438388109,492.538513184,-994.964294434,4.169581890,0.334128767,0.940295279,0.029975202,-0.057482097
1653512996.504993677,491.251312256,-993.862609863,3.976081133,0.333135486,0.940737009,0.028172011,-0.056929789
1653512996.571323395,491.251312256,-993.862609863,3.976081133,0.333135486,0.940737009,0.028172011,-0.056929789
1653512996.640495062,490.035125732,-992.807983398,3.793406963,0.332809269,0.940941155,0.026801981,-0.056119032
1653512996.704679012,490.035125732,-992.807983398,3.793406963,0.332809269,0.940941155,0.026801981,-0.056119032
1653512996.771484852,488.786773682,-991.735168457,3.611318350,0.332552552,0.941095233,0.025346803,-0.055732496
1653512996.839174747,488.786773682,-991.735168457,3.611318350,0.332552552,0.941095233,0.025346803,-0.055732496
1653512996.904666185,487.448913574,-990.615539551,3.415271282,0.332792699,0.941076994,0.024451200,-0.055002142
1653512996.971971989,487.448913574,-990.615539551,3.415271282,0.332792699,0.941076994,0.024451200,-0.055002142
1653512997.038716555,486.347869873,-989.616455078,3.257205009,0.334007472,0.940644860,0.023893381,-0.055275533
1653512997.104618549,486.347869873,-989.616455078,3.257205009,0.334007472,0.940644860,0.023893381,-0.055275533
1653512997.172584772,485.025451660,-988.491088867,3.067492008,0.335212499,0.940205634,0.024525747,-0.055176701
1653512997.237959623,485.025451660,-988.491088867,3.067492008,0.335212499,0.940205634,0.024525747,-0.055176701
1653512997.304567814,483.820129395,-987.431518555,2.901418924,0.336545765,0.939690590,0.025199756,-0.055529710
1653512997.371359348,483.820129395,-987.431518555,2.901418924,0.336545765,0.939690590,0.025199756,-0.055529710
1653512997.438137293,482.520538330,-986.329162598,2.724769831,0.337937802,0.939094424,0.026575759,-0.056510285
1653512997.504647255,482.520538330,-986.329162598,2.724769831,0.337937802,0.939094424,0.026575759,-0.056510285
1653512997.574231148,481.299255371,-985.266906738,2.561208725,0.339929670,0.938342333,0.027527312,-0.056601334
1653512997.637998819,481.299255371,-985.266906738,2.561208725,0.339929670,0.938342333,0.027527312,-0.056601334
1653512997.705234289,480.081054688,-984.201538086,2.397750378,0.342175037,0.937485278,0.028573301,-0.056755196
1653512997.771732330,480.081054688,-984.201538086,2.397750378,0.342175037,0.937485278,0.028573301,-0.056755196
1653512997.838040829,478.663391113,-983.052978516,2.203373432,0.344504356,0.936596811,0.029549375,-0.056833360
1653512997.905097485,478.663391113,-983.052978516,2.203373432,0.344504356,0.936596811,0.029549375,-0.056833360
1653512997.971542358,477.488433838,-982.034667969,2.047521353,0.346140951,0.935923278,0.030553710,-0.057450365
1653512998.039137602,477.488433838,-982.034667969,2.047521353,0.346140951,0.935923278,0.030553710,-0.057450365
1653512998.104700804,476.298370361,-981.012939453,1.890354395,0.347106487,0.935503781,0.031268034,-0.058069125
1653512998.173099518,476.298370361,-981.012939453,1.890354395,0.347106487,0.935503781,0.031268034,-0.058069125
1653512998.238136053,474.935821533,-979.902160645,1.705815434,0.347760558,0.935172737,0.032337882,-0.058896221
1653512998.304692507,474.935821533,-979.902160645,1.705815434,0.347760558,0.935172737,0.032337882,-0.058896221
1653512998.372908831,473.593292236,-978.806579590,1.523216724,0.347646415,0.935145855,0.032739948,-0.059768423
1653512998.437889099,473.593292236,-978.806579590,1.523216724,0.347646415,0.935145855,0.032739948,-0.059768423
1653512998.504698038,472.491333008,-977.842712402,1.372327566,0.346915871,0.935358882,0.033380892,-0.060322832
1653512998.572678566,472.491333008,-977.842712402,1.372327566,0.346915871,0.935358882,0.033380892,-0.060322832
1653512998.638727665,471.172271729,-976.775634766,1.192451000,0.346330732,0.935532033,0.034583215,-0.060323220
1653512998.704923868,471.172271729,-976.775634766,1.192451000,0.346330732,0.935532033,0.034583215,-0.060323220
1653512998.771330595,469.964874268,-975.771606445,1.029912710,0.345263749,0.935912013,0.035141390,-0.060222026
1653512998.837964296,469.964874268,-975.771606445,1.029912710,0.345263749,0.935912013,0.035141390,-0.060222026
1653512998.904681921,468.713134766,-974.743530273,0.855186224,0.344183624,0.936367393,0.035442270,-0.059140474
1653512998.971443415,468.713134766,-974.743530273,0.855186224,0.344183624,0.936367393,0.035442270,-0.059140474
1653512999.037881851,467.443664551,-973.707397461,0.672706306,0.344585329,0.936250448,0.036693580,-0.057875749
1653512999.104515314,467.443664551,-973.707397461,0.672706306,0.344585329,0.936250448,0.036693580,-0.057875749
1653512999.171307564,466.420715332,-972.808288574,0.521390259,0.344729036,0.936172724,0.037509616,-0.057754517
1653512999.239604950,466.420715332,-972.808288574,0.521390259,0.344729036,0.936172724,0.037509616,-0.057754517
1653512999.304535627,465.051757812,-971.729736328,0.322531432,0.345485330,0.935905337,0.038170353,-0.057132691
1653512999.371323347,465.051757812,-971.729736328,0.322531432,0.345485330,0.935905337,0.038170353,-0.057132691
1653512999.441348553,463.845092773,-970.738159180,0.147394925,0.346185625,0.935653687,0.038296491,-0.056930024
1653512999.504595757,463.845092773,-970.738159180,0.147394925,0.346185625,0.935653687,0.038296491,-0.056930024
1653512999.572347403,462.671417236,-969.760681152,-0.024432307,0.347364098,0.935255110,0.038016729,-0.056487508
1653512999.638147831,462.671417236,-969.760681152,-0.024432307,0.347364098,0.935255110,0.038016729,-0.056487508
1653512999.704633236,461.447113037,-968.775695801,-0.205911666,0.348955512,0.934675634,0.037919540,-0.056335349
1653512999.771947861,461.447113037,-968.775695801,-0.205911666,0.348955512,0.934675634,0.037919540,-0.056335349
1653512999.837999821,460.275604248,-967.813903809,-0.385204613,0.350441873,0.934131861,0.037310116,-0.056533780
1653512999.904704571,460.275604248,-967.813903809,-0.385204613,0.350441873,0.934131861,0.037310116,-0.056533780
1653512999.979657888,459.122863770,-966.867248535,-0.564925194,0.352472126,0.933408260,0.036962323,-0.056090951
1653513000.039044142,459.122863770,-966.867248535,-0.564925194,0.352472126,0.933408260,0.036962323,-0.056090951
1653513000.104960918,457.934082031,-965.886047363,-0.746376574,0.354387015,0.932725906,0.036208414,-0.055867586
1653513000.172086239,457.934082031,-965.886047363,-0.746376574,0.354387015,0.932725906,0.036208414,-0.055867586
1653513000.238021374,456.689636230,-964.921447754,-0.939261734,0.356140941,0.932085931,0.035702769,-0.055719946
1653513000.304904222,456.689636230,-964.921447754,-0.939261734,0.356140941,0.932085931,0.035702769,-0.055719946
1653513000.371258259,455.596984863,-964.025390625,-1.113522530,0.357926816,0.931454003,0.034983352,-0.055298924
1653513000.439853430,455.596984863,-964.025390625,-1.113522530,0.357926816,0.931454003,0.034983352,-0.055298924
1653513000.504588127,454.363189697,-963.061157227,-1.306023598,0.359680295,0.930813074,0.033844907,-0.055422120
1653513000.571429729,454.363189697,-963.061157227,-1.306023598,0.359680295,0.930813074,0.033844907,-0.055422120
1653513000.639382124,453.282440186,-962.184631348,-1.475962162,0.360758722,0.930447876,0.032337502,-0.055445213
1653513000.704680443,453.282440186,-962.184631348,-1.475962162,0.360758722,0.930447876,0.032337502,-0.055445213
1653513000.773924112,451.972137451,-961.188110352,-1.673411250,0.361751795,0.930075586,0.030499345,-0.056256440
1653513000.839157343,451.972137451,-961.188110352,-1.673411250,0.361751795,0.930075586,0.030499345,-0.056256440
1653513000.905523300,450.818725586,-960.279479980,-1.852133274,0.362218946,0.929871202,0.029469270,-0.057170868
1653513000.971355677,450.818725586,-960.279479980,-1.852133274,0.362218946,0.929871202,0.029469270,-0.057170868
1653513001.038026094,449.715484619,-959.395751953,-2.024322748,0.362887949,0.929645002,0.027549559,-0.057563305
1653513001.104484797,449.715484619,-959.395751953,-2.024322748,0.362887949,0.929645002,0.027549559,-0.057563305
1653513001.171574593,448.402862549,-958.403320312,-2.227602720,0.362678021,0.929754615,0.026587654,-0.057568423
1653513001.239049435,448.402862549,-958.403320312,-2.227602720,0.362678021,0.929754615,0.026587654,-0.057568423
1653513001.304619789,447.359222412,-957.552734375,-2.396135807,0.362432897,0.929839373,0.026643131,-0.057717226
1653513001.371322632,447.359222412,-957.552734375,-2.396135807,0.362432897,0.929839373,0.026643131,-0.057717226
1653513001.438452959,446.142425537,-956.617675781,-2.591584682,0.361479759,0.930260181,0.025118219,-0.057597455
1653513001.504544258,446.142425537,-956.617675781,-2.591584682,0.361479759,0.930260181,0.025118219,-0.057597455
1653513001.571331263,445.052520752,-955.737060547,-2.777909756,0.360938400,0.930496573,0.024546353,-0.057420544
1653513001.637951374,445.052520752,-955.737060547,-2.777909756,0.360938400,0.930496573,0.024546353,-0.057420544
1653513001.704586267,443.938293457,-954.848571777,-2.971457005,0.360560089,0.930710077,0.023632608,-0.056715343
1653513001.772369623,443.938293457,-954.848571777,-2.971457005,0.360560089,0.930710077,0.023632608,-0.056715343
1653513001.837838173,442.841674805,-953.964477539,-3.159133673,0.360633582,0.930726647,0.022987014,-0.056239448
1653513001.905114651,442.841674805,-953.964477539,-3.159133673,0.360633582,0.930726647,0.022987014,-0.056239448
1653513001.971369982,441.744018555,-953.077148438,-3.353768110,0.360179961,0.930996835,0.022444353,-0.054877587
1653513002.037947893,441.744018555,-953.077148438,-3.353768110,0.360179961,0.930996835,0.022444353,-0.054877587
1653513002.104752541,440.655426025,-952.192138672,-3.545026302,0.359416962,0.931386113,0.021176379,-0.053767584
1653513002.174499989,440.655426025,-952.192138672,-3.545026302,0.359416962,0.931386113,0.021176379,-0.053767584
1653513002.237895250,439.677673340,-951.356994629,-3.716959715,0.359020680,0.931597650,0.020590594,-0.052971054
1653513002.304627895,439.677673340,-951.356994629,-3.716959715,0.359020680,0.931597650,0.020590594,-0.052971054
1653513002.372524977,438.419067383,-950.377258301,-3.923269272,0.359464854,0.931377172,0.020444322,-0.053885184
1653513002.438208342,438.419067383,-950.377258301,-3.923269272,0.359464854,0.931377172,0.020444322,-0.053885184
1653513002.504603386,437.438476562,-949.534423828,-4.074675560,0.359522641,0.931355655,0.019878831,-0.054082762
1653513002.572186947,437.438476562,-949.534423828,-4.074675560,0.359522641,0.931355655,0.019878831,-0.054082762
1653513002.637950420,436.475433350,-948.699707031,-4.218163013,0.360703260,0.930783749,0.019469624,-0.056175869
1653513002.705096006,436.475433350,-948.699707031,-4.218163013,0.360703260,0.930783749,0.019469624,-0.056175869
1653513002.771561384,435.422424316,-947.808898926,-4.376224041,0.361915797,0.930203140,0.019727182,-0.057878748
1653513002.840157032,435.422424316,-947.808898926,-4.376224041,0.361915797,0.930203140,0.019727182,-0.057878748
1653513002.906319857,434.218780518,-946.837829590,-4.553304195,0.362778783,0.929716051,0.020156762,-0.060110863
1653513002.971750736,434.218780518,-946.837829590,-4.553304195,0.362778783,0.929716051,0.020156762,-0.060110863
1653513003.038213730,433.247528076,-945.972961426,-4.702170372,0.365337789,0.928572357,0.021733297,-0.061720222
1653513003.104865789,433.247528076,-945.972961426,-4.702170372,0.365337789,0.928572357,0.021733297,-0.061720222
1653513003.173648834,432.202453613,-945.070190430,-4.864271641,0.367796868,0.927501321,0.024142599,-0.062321257
1653513003.237938881,432.202453613,-945.070190430,-4.864271641,0.367796868,0.927501321,0.024142599,-0.062321257
1653513003.304514408,431.164001465,-944.155334473,-5.030446053,0.369830161,0.926622391,0.026883684,-0.062240686
1653513003.373740911,431.164001465,-944.155334473,-5.030446053,0.369830161,0.926622391,0.026883684,-0.062240686
1653513003.439920187,430.221405029,-943.304443359,-5.184934139,0.372113049,0.925672293,0.029800082,-0.061437774
1653513003.505736828,430.221405029,-943.304443359,-5.184934139,0.372113049,0.925672293,0.029800082,-0.061437774
1653513003.572120905,429.094726562,-942.341186523,-5.365610123,0.374634773,0.924673557,0.032137360,-0.059956457
1653513003.637900114,429.094726562,-942.341186523,-5.365610123,0.374634773,0.924673557,0.032137360,-0.059956457
1653513003.704510212,428.256347656,-941.547485352,-5.499324799,0.375524163,0.924339831,0.033917960,-0.058540665
1653513003.772584438,428.256347656,-941.547485352,-5.499324799,0.375524163,0.924339831,0.033917960,-0.058540665
1653513003.839160681,427.222290039,-940.655700684,-5.656344891,0.377030075,0.923764706,0.035416353,-0.057033189
1653513003.904804707,427.222290039,-940.655700684,-5.656344891,0.377030075,0.923764706,0.035416353,-0.057033189
1653513003.971769333,426.153076172,-939.742797852,-5.811210632,0.377287567,0.923644841,0.036217317,-0.056768186
1653513004.038069487,426.153076172,-939.742797852,-5.811210632,0.377287567,0.923644841,0.036217317,-0.056768186
1653513004.104518414,425.171112061,-938.890136719,-5.948204041,0.376633197,0.923866451,0.037744660,-0.056511324
1653513004.171569347,425.171112061,-938.890136719,-5.948204041,0.376633197,0.923866451,0.037744660,-0.056511324
1653513004.238700628,424.349700928,-938.136169434,-6.063561916,0.375434041,0.924332857,0.038921393,-0.056064006
1653513004.306221485,424.349700928,-938.136169434,-6.063561916,0.375434041,0.924332857,0.038921393,-0.056064006
1653513004.371337414,423.195831299,-937.205017090,-6.220595360,0.374008328,0.924943149,0.040626999,-0.054290138
1653513004.439930677,423.195831299,-937.205017090,-6.220595360,0.374008328,0.924943149,0.040626999,-0.054290138
1653513004.504823685,422.233428955,-936.398925781,-6.353572369,0.372061402,0.925702274,0.041802146,-0.053834822
1653513004.571995974,422.233428955,-936.398925781,-6.353572369,0.372061402,0.925702274,0.041802146,-0.053834822
1653513004.637818575,421.195281982,-935.559570312,-6.495382309,0.369995475,0.926564455,0.042351630,-0.052801788
1653513004.704994678,421.195281982,-935.559570312,-6.495382309,0.369995475,0.926564455,0.042351630,-0.052801788
1653513004.771264553,420.187408447,-934.743041992,-6.626212120,0.368342847,0.927182794,0.043606140,-0.052480198
1653513004.838391304,420.187408447,-934.743041992,-6.626212120,0.368342847,0.927182794,0.043606140,-0.052480198
1653513004.904451370,419.185119629,-933.930358887,-6.753420830,0.366534263,0.927910924,0.044067975,-0.051883765
1653513004.972299814,419.185119629,-933.930358887,-6.753420830,0.366534263,0.927910924,0.044067975,-0.051883765
1653513005.038523197,418.106689453,-933.085205078,-6.883607864,0.365588129,0.928308070,0.044953048,-0.050681867
1653513005.105537653,418.106689453,-933.085205078,-6.883607864,0.365588129,0.928308070,0.044953048,-0.050681867
1653513005.171448469,417.195587158,-932.331970215,-6.993000031,0.365383178,0.928369880,0.045733809,-0.050327606
1653513005.237995625,417.195587158,-932.331970215,-6.993000031,0.365383178,0.928369880,0.045733809,-0.050327606
1653513005.304613829,416.110595703,-931.492370605,-7.122789383,0.365397334,0.928491056,0.044740733,-0.048861261
1653513005.371319532,416.110595703,-931.492370605,-7.122789383,0.365397334,0.928491056,0.044740733,-0.048861261
1653513005.438782692,415.095611572,-930.702270508,-7.242117882,0.364868790,0.928728759,0.042499878,-0.050273523
1653513005.504572153,415.095611572,-930.702270508,-7.242117882,0.364868790,0.928728759,0.042499878,-0.050273523
1653513005.571792364,414.064636230,-929.907592773,-7.364567280,0.364767641,0.928901076,0.039065994,-0.050608192
1653513005.639149666,414.064636230,-929.907592773,-7.364567280,0.364767641,0.928901076,0.039065994,-0.050608192
1653513005.705611467,413.112182617,-929.167907715,-7.478621006,0.363625497,0.929447651,0.035884552,-0.051145945
1653513005.771266699,413.112182617,-929.167907715,-7.478621006,0.363625497,0.929447651,0.035884552,-0.051145945
1653513005.837967396,412.169433594,-928.433959961,-7.590400696,0.363632917,0.929554820,0.034753658,-0.049911205
1653513005.904926062,412.169433594,-928.433959961,-7.590400696,0.363632917,0.929554820,0.034753658,-0.049911205
1653513005.971451283,411.192993164,-927.686828613,-7.708875179,0.361445844,0.930423975,0.033787686,-0.050264511
1653513006.037740946,411.192993164,-927.686828613,-7.708875179,0.361445844,0.930423975,0.033787686,-0.050264511
1653513006.104932785,410.256652832,-926.955749512,-7.821671486,0.360309035,0.930948794,0.032848556,-0.049322221
1653513006.171397448,410.256652832,-926.955749512,-7.821671486,0.360309035,0.930948794,0.032848556,-0.049322221
1653513006.238602638,409.250396729,-926.191467285,-7.938122749,0.358955771,0.931506038,0.031658512,-0.049446449
1653513006.305391550,409.250396729,-926.191467285,-7.938122749,0.358955771,0.931506038,0.031658512,-0.049446449
1653513006.371114492,408.400756836,-925.509704590,-8.036973000,0.358063072,0.931832969,0.031217122,-0.050036285
1653513006.437994242,408.400756836,-925.509704590,-8.036973000,0.358063072,0.931832969,0.031217122,-0.050036285
1653513006.504848719,407.395446777,-924.752319336,-8.145912170,0.356816858,0.932263136,0.030193452,-0.051531594
1653513006.571990013,407.395446777,-924.752319336,-8.145912170,0.356816858,0.932263136,0.030193452,-0.051531594
1653513006.637875795,406.444427490,-924.018066406,-8.253392220,0.356409162,0.932410419,0.029926302,-0.051843084
1653513006.710135698,406.444427490,-924.018066406,-8.253392220,0.356409162,0.932410419,0.029926302,-0.051843084
1653513006.771658897,405.591064453,-923.332214355,-8.351353645,0.356564373,0.932323635,0.029804375,-0.052404366
1653513006.843979120,405.591064453,-923.332214355,-8.351353645,0.356564373,0.932323635,0.029804375,-0.052404366
1653513006.904550314,404.618530273,-922.583923340,-8.464462280,0.357250839,0.932040036,0.030426553,-0.052416164
1653513006.971361637,404.618530273,-922.583923340,-8.464462280,0.357250839,0.932040036,0.030426553,-0.052416164
1653513007.040639162,403.763153076,-921.898742676,-8.571154594,0.357599556,0.931967854,0.030325202,-0.051369440
1653513007.104534864,403.763153076,-921.898742676,-8.571154594,0.357599556,0.931967854,0.030325202,-0.051369440
1653513007.171241283,402.811187744,-921.161987305,-8.687406540,0.357629150,0.931976318,0.030280042,-0.051035888
1653513007.238110781,402.811187744,-921.161987305,-8.687406540,0.357629150,0.931976318,0.030280042,-0.051035888
1653513007.304477692,401.916870117,-920.470886230,-8.796181679,0.358614117,0.931622028,0.030562976,-0.050420094
1653513007.371492147,401.916870117,-920.470886230,-8.796181679,0.358614117,0.931622028,0.030562976,-0.050420094
1653513007.438739777,400.952148438,-919.737121582,-8.913398743,0.358898342,0.931599677,0.029220359,-0.049600393
1653513007.504578590,400.952148438,-919.737121582,-8.913398743,0.358898342,0.931599677,0.029220359,-0.049600393
1653513007.571315289,400.084014893,-919.051147461,-9.021656990,0.359006912,0.931597114,0.028173197,-0.049467936
1653513007.639438152,400.084014893,-919.051147461,-9.021656990,0.359006912,0.931597114,0.028173197,-0.049467936
1653513007.704501152,399.175140381,-918.353271484,-9.134062767,0.359145314,0.931578219,0.027003232,-0.049472436
1653513007.771579742,399.175140381,-918.353271484,-9.134062767,0.359145314,0.931578219,0.027003232,-0.049472436
1653513007.840424299,398.299743652,-917.669982910,-9.243028641,0.358693898,0.931761622,0.025818555,-0.049923573
1653513007.904624701,398.299743652,-917.669982910,-9.243028641,0.358693898,0.931761622,0.025818555,-0.049923573
1653513007.971587658,397.368225098,-916.954162598,-9.356566429,0.358791918,0.931744516,0.025019266,-0.049945746
1653513008.038654566,397.368225098,-916.954162598,-9.356566429,0.358791918,0.931744516,0.025019266,-0.049945746
1653513008.104542255,396.446746826,-916.249145508,-9.468628883,0.358691573,0.931793451,0.024306990,-0.050105233
1653513008.171405077,396.446746826,-916.249145508,-9.468628883,0.358691573,0.931793451,0.024306990,-0.050105233
1653513008.238262892,395.613342285,-915.581604004,-9.572381973,0.358022630,0.932124197,0.022900868,-0.049394656
1653513008.304470301,395.613342285,-915.581604004,-9.572381973,0.358022630,0.932124197,0.022900868,-0.049394656
1653513008.371243238,394.736236572,-914.892944336,-9.676143646,0.356931537,0.932581961,0.022310015,-0.048919078
1653513008.437933683,394.736236572,-914.892944336,-9.676143646,0.356931537,0.932581961,0.022310015,-0.048919078
1653513008.505364180,393.841064453,-914.199096680,-9.774526596,0.356998026,0.932596445,0.021543913,-0.048498381
1653513008.571619272,393.841064453,-914.199096680,-9.774526596,0.356998026,0.932596445,0.021543913,-0.048498381
1653513008.640809298,393.055084229,-913.555358887,-9.856287003,0.355918765,0.933020651,0.020546276,-0.048705187
1653513008.705635786,393.055084229,-913.555358887,-9.856287003,0.355918765,0.933020651,0.020546276,-0.048705187
1653513008.771546841,392.139099121,-912.842956543,-9.944095612,0.355825394,0.933068633,0.019438699,-0.048921492
1653513008.838915825,392.139099121,-912.842956543,-9.944095612,0.355825394,0.933068633,0.019438699,-0.048921492
1653513008.904946089,391.305206299,-912.169982910,-10.019063950,0.356472611,0.932771921,0.020278033,-0.049524024
1653513008.971160412,391.305206299,-912.169982910,-10.019063950,0.356472611,0.932771921,0.020278033,-0.049524024
1653513009.038590908,390.503143311,-911.504333496,-10.092697144,0.356286436,0.932848096,0.020142658,-0.049484283
1653513009.107595682,390.503143311,-911.504333496,-10.092697144,0.356286436,0.932848096,0.020142658,-0.049484283
1653513009.171573162,389.650421143,-910.811401367,-10.174468040,0.354446381,0.933593512,0.018862233,-0.049144406
1653513009.238368034,389.650421143,-910.811401367,-10.174468040,0.354446381,0.933593512,0.018862233,-0.049144406
1653513009.305642128,388.846557617,-910.142639160,-10.252408028,0.354087114,0.933700681,0.019782955,-0.049335379
1653513009.371199846,388.846557617,-910.142639160,-10.252408028,0.354087114,0.933700681,0.019782955,-0.049335379
1653513009.437945843,388.041809082,-909.464355469,-10.331205368,0.355071157,0.933353603,0.020817578,-0.048396140
1653513009.504431725,388.041809082,-909.464355469,-10.331205368,0.355071157,0.933353603,0.020817578,-0.048396140
1653513009.571270466,387.179443359,-908.751098633,-10.415083885,0.355426073,0.933298051,0.021211796,-0.046659004
1653513009.638135433,387.179443359,-908.751098633,-10.415083885,0.355426073,0.933298051,0.021211796,-0.046659004
1653513009.704738855,386.425903320,-908.091369629,-10.488126755,0.355924010,0.933113873,0.022676755,-0.045851722
1653513009.774400711,386.425903320,-908.091369629,-10.488126755,0.355924010,0.933113873,0.022676755,-0.045851722
1653513009.840566158,385.654174805,-907.420654297,-10.560414314,0.357150733,0.932694793,0.023811292,-0.044235814
1653513009.904859304,385.654174805,-907.420654297,-10.560414314,0.357150733,0.932694793,0.023811292,-0.044235814
1653513009.971590996,384.838806152,-906.715087891,-10.626273155,0.358186364,0.932292461,0.023576830,-0.044468034
1653513010.038007498,384.838806152,-906.715087891,-10.626273155,0.358186364,0.932292461,0.023576830,-0.044468034
1653513010.105017424,384.118865967,-906.069763184,-10.683442116,0.359641194,0.931741476,0.024516711,-0.043760333
1653513010.171124458,384.118865967,-906.069763184,-10.683442116,0.359641194,0.931741476,0.024516711,-0.043760333
1653513010.238442898,383.275360107,-905.348266602,-10.748400688,0.361203283,0.931104183,0.025366731,-0.043974139
1653513010.304813385,383.275360107,-905.348266602,-10.748400688,0.361203283,0.931104183,0.025366731,-0.043974139
1653513010.376020908,382.577941895,-904.704711914,-10.798995972,0.363162518,0.930348694,0.026012287,-0.043447372
1653513010.437782288,382.577941895,-904.704711914,-10.798995972,0.363162518,0.930348694,0.026012287,-0.043447372
1653513010.504386187,381.770965576,-903.998352051,-10.854440689,0.363791227,0.930097997,0.026546249,-0.043231618
1653513010.572290897,381.770965576,-903.998352051,-10.854440689,0.363791227,0.930097997,0.026546249,-0.043231618
1653513010.639981508,381.062377930,-903.360351562,-10.904896736,0.365275472,0.929471016,0.027604869,-0.043536324
1653513010.704807758,381.062377930,-903.360351562,-10.904896736,0.365275472,0.929471016,0.027604869,-0.043536324
1653513010.771637678,380.271545410,-902.670166016,-10.963059425,0.366614342,0.928963184,0.028603019,-0.042463642
1653513010.842170954,380.271545410,-902.670166016,-10.963059425,0.366614342,0.928963184,0.028603019,-0.042463642
1653513010.905705214,379.455322266,-901.969177246,-11.026654243,0.367436081,0.928649783,0.028998580,-0.041944534
1653513010.984351635,379.455322266,-901.969177246,-11.026654243,0.367436081,0.928649783,0.028998580,-0.041944534
1653513011.038056374,378.802185059,-901.355712891,-11.078539848,0.369099259,0.927968144,0.029476020,-0.042095110
1653513011.105136395,378.802185059,-901.355712891,-11.078539848,0.369099259,0.927968144,0.029476020,-0.042095110
1653513011.171185970,378.111877441,-900.719543457,-11.135084152,0.370470464,0.927478909,0.028562678,-0.041456316
1653513011.238344669,378.111877441,-900.719543457,-11.135084152,0.370470464,0.927478909,0.028562678,-0.041456316
1653513011.305542707,377.307891846,-900.015869141,-11.199383736,0.370880932,0.927333534,0.028988391,-0.040737156
1653513011.371309280,377.307891846,-900.015869141,-11.199383736,0.370880932,0.927333534,0.028988391,-0.040737156
1653513011.446251392,376.651336670,-899.401245117,-11.253153801,0.371521592,0.927051544,0.029310007,-0.041086145
1653513011.505802155,376.651336670,-899.401245117,-11.253153801,0.371521592,0.927051544,0.029310007,-0.041086145
1653513011.571326971,375.874084473,-898.715332031,-11.311159134,0.371699601,0.927050769,0.029215895,-0.039531074
1653513011.637858868,375.874084473,-898.715332031,-11.311159134,0.371699601,0.927050769,0.029215895,-0.039531074
1653513011.705077887,375.144683838,-898.087402344,-11.362343788,0.370307505,0.927628279,0.028602608,-0.039496701
1653513011.771333456,375.144683838,-898.087402344,-11.362343788,0.370307505,0.927628279,0.028602608,-0.039496701
1653513011.837745905,374.442443848,-897.469848633,-11.411659241,0.369166762,0.928075910,0.028883573,-0.039456006
1653513011.904301405,374.442443848,-897.469848633,-11.411659241,0.369166762,0.928075910,0.028883573,-0.039456006
1653513011.971679688,373.608398438,-896.786254883,-11.473929405,0.367892623,0.928693354,0.028006691,-0.037406731
1653513012.042042732,373.608398438,-896.786254883,-11.473929405,0.367892623,0.928693354,0.028006691,-0.037406731
1653513012.104590654,372.935058594,-896.205017090,-11.527716637,0.366630584,0.929145277,0.028609587,-0.038111668
1653513012.171571016,372.935058594,-896.205017090,-11.527716637,0.366630584,0.929145277,0.028609587,-0.038111668
1653513012.237702370,372.150817871,-895.553344727,-11.589417458,0.366443276,0.929190874,0.028776843,-0.038671594
1653513012.304968357,372.150817871,-895.553344727,-11.589417458,0.366443276,0.929190874,0.028776843,-0.038671594
1653513012.371472597,371.366546631,-894.901550293,-11.652860641,0.365577966,0.929570496,0.029284371,-0.037334614
1653513012.440306902,371.366546631,-894.901550293,-11.652860641,0.365577966,0.929570496,0.029284371,-0.037334614
1653513012.504516840,370.611724854,-894.260314941,-11.718644142,0.365683317,0.929509640,0.029813806,-0.037398141
1653513012.571226358,370.611724854,-894.260314941,-11.718644142,0.365683317,0.929509640,0.029813806,-0.037398141
1653513012.637980223,369.837951660,-893.611022949,-11.787008286,0.366023600,0.929321885,0.030518025,-0.038160823
1653513012.705829144,369.837951660,-893.611022949,-11.787008286,0.366023600,0.929321885,0.030518025,-0.038160823
1653513012.776406527,369.111724854,-892.984680176,-11.857338905,0.365520388,0.929540277,0.030972168,-0.037288986
1653513012.838165998,369.111724854,-892.984680176,-11.857338905,0.365520388,0.929540277,0.030972168,-0.037288986
1653513012.904815197,368.332550049,-892.326354980,-11.925615311,0.365257174,0.929537117,0.032656543,-0.038489964
1653513012.971910238,368.332550049,-892.326354980,-11.925615311,0.365257174,0.929537117,0.032656543,-0.038489964
1653513013.037955046,367.620574951,-891.720275879,-11.997690201,0.367717266,0.928467810,0.034788925,-0.039003223
1653513013.104628086,367.620574951,-891.720275879,-11.997690201,0.367717266,0.928467810,0.034788925,-0.039003223
1653513013.173112154,366.887786865,-891.100524902,-12.072152138,0.367274523,0.928591669,0.035310894,-0.039750073
1653513013.237854958,366.887786865,-891.100524902,-12.072152138,0.367274523,0.928591669,0.035310894,-0.039750073
1653513013.304610014,366.172882080,-890.496704102,-12.150989532,0.367362231,0.928465188,0.036854934,-0.040485371
1653513013.371972084,366.172882080,-890.496704102,-12.150989532,0.367362231,0.928465188,0.036854934,-0.040485371
1653513013.442133188,365.488830566,-889.912109375,-12.230048180,0.368691504,0.927902102,0.038207099,-0.040055670
1653513013.504471302,365.488830566,-889.912109375,-12.230048180,0.368691504,0.927902102,0.038207099,-0.040055670
1653513013.571367025,364.665557861,-889.246093750,-12.320711136,0.368604362,0.927866578,0.039494343,-0.040430233
1653513013.637973547,364.665557861,-889.246093750,-12.320711136,0.368604362,0.927866578,0.039494343,-0.040430233
1653513013.704574347,364.049987793,-888.716796875,-12.402925491,0.368507594,0.927929819,0.039438538,-0.039912190
1653513013.771283150,364.049987793,-888.716796875,-12.402925491,0.368507594,0.927929819,0.039438538,-0.039912190
1653513013.837654352,363.307586670,-888.108764648,-12.493869781,0.370357513,0.927255154,0.038556397,-0.039326094
1653513013.904603243,363.307586670,-888.108764648,-12.493869781,0.370357513,0.927255154,0.038556397,-0.039326094
1653513013.972225904,362.628753662,-887.548461914,-12.583902359,0.370441258,0.927344263,0.035125397,-0.039649136
1653513014.037760973,362.628753662,-887.548461914,-12.583902359,0.370441258,0.927344263,0.035125397,-0.039649136
1653513014.104761600,361.861175537,-886.936828613,-12.678788185,0.371081263,0.927168131,0.031593382,-0.040740512
1653513014.175702095,361.861175537,-886.936828613,-12.678788185,0.371081263,0.927168131,0.031593382,-0.040740512
1653513014.238179684,361.196472168,-886.382934570,-12.766696930,0.373503178,0.926301658,0.030439697,-0.039166633
1653513014.304357529,361.196472168,-886.382934570,-12.766696930,0.373503178,0.926301658,0.030439697,-0.039166633
1653513014.371910572,360.511962891,-885.807189941,-12.860190392,0.374712199,0.925795257,0.030085025,-0.039860260
1653513014.437697649,360.511962891,-885.807189941,-12.860190392,0.374712199,0.925795257,0.030085025,-0.039860260
1653513014.504321814,359.834777832,-885.228332520,-12.957710266,0.376978993,0.924899042,0.031045975,-0.038531862
1653513014.571823120,359.834777832,-885.228332520,-12.957710266,0.376978993,0.924899042,0.031045975,-0.038531862
1653513014.639780998,359.245208740,-884.702880859,-13.052988052,0.379737020,0.923809052,0.033106662,-0.035784449
1653513014.704623938,359.245208740,-884.702880859,-13.052988052,0.379737020,0.923809052,0.033106662,-0.035784449
1653513014.772293568,358.450531006,-884.063232422,-13.169185638,0.382128239,0.922833800,0.033697203,-0.034932006
1653513014.844882250,358.450531006,-884.063232422,-13.169185638,0.382128239,0.922833800,0.033697203,-0.034932006
1653513014.907150030,357.873992920,-883.560485840,-13.267604828,0.384152204,0.922072947,0.032518756,-0.033927407
1653513014.971303463,357.873992920,-883.560485840,-13.267604828,0.384152204,0.922072947,0.032518756,-0.033927407
1653513015.038478851,357.154693604,-882.990661621,-13.385018349,0.385171473,0.921793044,0.029250257,-0.032937717
1653513015.107809544,357.154693604,-882.990661621,-13.385018349,0.385171473,0.921793044,0.029250257,-0.032937717
1653513015.171119928,356.404968262,-882.415222168,-13.499116898,0.385716319,0.921633065,0.026073558,-0.033697922
1653513015.239701271,356.404968262,-882.415222168,-13.499116898,0.385716319,0.921633065,0.026073558,-0.033697922
1653513015.304663181,355.797576904,-881.923034668,-13.603668213,0.385147691,0.921944618,0.023591341,-0.033509329
1653513015.373568535,355.797576904,-881.923034668,-13.603668213,0.385147691,0.921944618,0.023591341,-0.033509329
1653513015.438402891,355.087738037,-881.376953125,-13.716449738,0.383225977,0.922807395,0.021224873,-0.033375192
1653513015.504231930,355.087738037,-881.376953125,-13.716449738,0.383225977,0.922807395,0.021224873,-0.033375192
1653513015.571161270,354.405761719,-880.847778320,-13.823268890,0.380246758,0.924037337,0.020329757,-0.033971544
1653513015.637943029,354.405761719,-880.847778320,-13.823268890,0.380246758,0.924037337,0.020329757,-0.033971544
1653513015.704455614,353.639251709,-880.278503418,-13.933696747,0.376672417,0.925540507,0.019542973,-0.033328358
1653513015.771497011,353.639251709,-880.278503418,-13.933696747,0.376672417,0.925540507,0.019542973,-0.033328358
1653513015.837988615,352.924621582,-879.729064941,-14.035388947,0.373257756,0.926917017,0.019548036,-0.033487011
1653513015.904464722,352.924621582,-879.729064941,-14.035388947,0.373257756,0.926917017,0.019548036,-0.033487011
1653513015.971299887,352.252288818,-879.197875977,-14.128442764,0.370610654,0.927946031,0.020089786,-0.034062609
1653513016.038980246,352.252288818,-879.197875977,-14.128442764,0.370610654,0.927946031,0.020089786,-0.034062609
1653513016.104522705,351.582519531,-878.665832520,-14.216053009,0.368158668,0.928927124,0.019649336,-0.034169268
1653513016.171110868,351.582519531,-878.665832520,-14.216053009,0.368158668,0.928927124,0.019649336,-0.034169268
1653513016.239522457,350.865844727,-878.101745605,-14.305446625,0.367708445,0.929033816,0.019690489,-0.036040362
1653513016.304405451,350.865844727,-878.101745605,-14.305446625,0.367708445,0.929033816,0.019690489,-0.036040362
1653513016.371828079,350.244506836,-877.580444336,-14.380241394,0.367791176,0.928973138,0.018794201,-0.037220642
1653513016.439524174,350.244506836,-877.580444336,-14.380241394,0.367791176,0.928973138,0.018794201,-0.037220642
1653513016.510436058,349.495697021,-876.990478516,-14.470019341,0.367648363,0.929028451,0.018529523,-0.037383191
1653513016.572389841,349.495697021,-876.990478516,-14.470019341,0.367648363,0.929028451,0.018529523,-0.037383191
1653513016.637727022,348.863647461,-876.445922852,-14.545351028,0.367745727,0.928980052,0.017341327,-0.038189854
1653513016.704492331,348.863647461,-876.445922852,-14.545351028,0.367745727,0.928980052,0.017341327,-0.038189854
1653513016.771409750,348.205322266,-875.902038574,-14.628085136,0.369184792,0.928450286,0.016604465,-0.037508957
1653513016.837813616,348.205322266,-875.902038574,-14.628085136,0.369184792,0.928450286,0.016604465,-0.037508957
1653513016.913240194,347.528076172,-875.335754395,-14.716020584,0.370066792,0.928151190,0.015077009,-0.036859881
1653513016.973277092,347.528076172,-875.335754395,-14.716020584,0.370066792,0.928151190,0.015077009,-0.036859881
1653513017.041416883,346.897979736,-874.778564453,-14.795473099,0.371155143,0.927705824,0.014010384,-0.037543356
1653513017.104393482,346.897979736,-874.778564453,-14.795473099,0.371155143,0.927705824,0.014010384,-0.037543356
1653513017.171113729,346.151794434,-874.186767578,-14.892138481,0.373080701,0.926981270,0.015635364,-0.035665873
1653513017.238548517,346.151794434,-874.186767578,-14.892138481,0.373080701,0.926981270,0.015635364,-0.035665873
1653513017.304400206,345.547149658,-873.660278320,-14.983428955,0.373683453,0.926740587,0.017219987,-0.034871347
1653513017.370951414,345.547149658,-873.660278320,-14.983428955,0.373683453,0.926740587,0.017219987,-0.034871347
1653513017.438704967,344.918365479,-873.109497070,-15.073053360,0.375066131,0.926114202,0.020237643,-0.035047010
1653513017.504674196,344.918365479,-873.109497070,-15.073053360,0.375066131,0.926114202,0.020237643,-0.035047010
1653513017.571335793,344.226165771,-872.526123047,-15.168774605,0.375592589,0.925850511,0.022859331,-0.034763351
1653513017.637989044,344.226165771,-872.526123047,-15.168774605,0.375592589,0.925850511,0.022859331,-0.034763351
1653513017.704338312,343.604461670,-871.979736328,-15.255422592,0.376735032,0.925369322,0.022981741,-0.035130210
1653513017.771319628,343.604461670,-871.979736328,-15.255422592,0.376735032,0.925369322,0.022981741,-0.035130210
1653513017.837659836,342.955993652,-871.423889160,-15.347572327,0.378354669,0.924695730,0.021924280,-0.036123585
1653513017.905365705,342.955993652,-871.423889160,-15.347572327,0.378354669,0.924695730,0.021924280,-0.036123585
1653513017.971331120,342.300537109,-870.862243652,-15.438241959,0.379470587,0.924260736,0.019792605,-0.036774613
1653513018.037720919,342.300537109,-870.862243652,-15.438241959,0.379470587,0.924260736,0.019792605,-0.036774613
1653513018.105198145,341.657104492,-870.301879883,-15.532595634,0.379949421,0.924094439,0.018693130,-0.036584586
1653513018.171208143,341.657104492,-870.301879883,-15.532595634,0.379949421,0.924094439,0.018693130,-0.036584586
1653513018.237750530,341.060119629,-869.763000488,-15.622440338,0.380805403,0.923776090,0.019791221,-0.035118051
1653513018.307677269,341.060119629,-869.763000488,-15.622440338,0.380805403,0.923776090,0.019791221,-0.035118051
1653513018.371018648,340.380889893,-869.183532715,-15.714248657,0.381674320,0.923382461,0.022221064,-0.034580551
1653513018.437639236,340.380889893,-869.183532715,-15.714248657,0.381674320,0.923382461,0.022221064,-0.034580551
1653513018.505445957,339.936431885,-868.734130859,-15.785034180,0.381947875,0.923311651,0.023123095,-0.032813773
1653513018.571474791,339.936431885,-868.734130859,-15.785034180,0.381947875,0.923311651,0.023123095,-0.032813773
1653513018.637744188,339.192260742,-868.120727539,-15.893165588,0.382964730,0.922909498,0.023108495,-0.032280527
1653513018.707771778,339.192260742,-868.120727539,-15.893165588,0.382964730,0.922909498,0.023108495,-0.032280527
1653513018.771557093,338.553588867,-867.568054199,-15.986742973,0.384442985,0.922328055,0.022268588,-0.031916056
1653513018.840554714,338.553588867,-867.568054199,-15.986742973,0.384442985,0.922328055,0.022268588,-0.031916056
1653513018.904440880,338.014282227,-867.077941895,-16.065254211,0.384162068,0.922477067,0.020920176,-0.031905517
1653513018.971185207,338.014282227,-867.077941895,-16.065254211,0.384162068,0.922477067,0.020920176,-0.031905517
1653513019.037860394,337.296295166,-866.486755371,-16.157131195,0.385416925,0.921930909,0.019210245,-0.033587210
1653513019.104912758,337.296295166,-866.486755371,-16.157131195,0.385416925,0.921930909,0.019210245,-0.033587210
1653513019.170954704,336.727844238,-865.982666016,-16.231748581,0.384903878,0.922133386,0.018390009,-0.034363750
1653513019.238155603,336.727844238,-865.982666016,-16.231748581,0.384903878,0.922133386,0.018390009,-0.034363750
1653513019.304641962,336.044952393,-865.414672852,-16.318735123,0.384075910,0.922460854,0.016736500,-0.035658542
1653513019.371498823,336.044952393,-865.414672852,-16.318735123,0.384075910,0.922460854,0.016736500,-0.035658542
1653513019.437552691,335.432556152,-864.880249023,-16.391372681,0.385128438,0.921953380,0.017434442,-0.037068680
1653513019.504712105,335.432556152,-864.880249023,-16.391372681,0.385128438,0.921953380,0.017434442,-0.037068680
1653513019.571778536,334.766296387,-864.312500000,-16.468616486,0.384445786,0.922149479,0.018761823,-0.038597193
1653513019.639094830,334.766296387,-864.312500000,-16.468616486,0.384445786,0.922149479,0.018761823,-0.038597193
1653513019.704362869,334.225769043,-863.814208984,-16.534002304,0.383298576,0.922602355,0.019150116,-0.038991690
1653513019.771352291,334.225769043,-863.814208984,-16.534002304,0.383298576,0.922602355,0.019150116,-0.038991690
1653513019.837571383,333.567413330,-863.240844727,-16.619848251,0.383054405,0.922704756,0.020310065,-0.038376994
1653513019.908330202,333.567413330,-863.240844727,-16.619848251,0.383054405,0.922704756,0.020310065,-0.038376994
1653513019.972781658,333.027832031,-862.730224609,-16.698169708,0.381649166,0.923285484,0.021033017,-0.038018741
1653513020.037665129,333.027832031,-862.730224609,-16.698169708,0.381649166,0.923285484,0.021033017,-0.038018741
1653513020.108499050,332.358551025,-862.135559082,-16.793003082,0.381061763,0.923545182,0.021814134,-0.037153721
1653513020.171168089,332.358551025,-862.135559082,-16.793003082,0.381061763,0.923545182,0.021814134,-0.037153721
1653513020.237602711,331.820007324,-861.614501953,-16.872333527,0.381574214,0.923319995,0.023126746,-0.036693599
1653513020.304285526,331.820007324,-861.614501953,-16.872333527,0.381574214,0.923319995,0.023126746,-0.036693599
1653513020.371251822,331.230773926,-861.068969727,-16.957855225,0.381593585,0.923305273,0.024152916,-0.036198966
1653513020.437810898,331.230773926,-861.068969727,-16.957855225,0.381593585,0.923305273,0.024152916,-0.036198966
1653513020.504584789,330.677612305,-860.536437988,-17.042310715,0.381498635,0.923337162,0.024287865,-0.036295254
1653513020.571336746,330.677612305,-860.536437988,-17.042310715,0.381498635,0.923337162,0.024287865,-0.036295254
1653513020.638390064,330.093505859,-859.991455078,-17.128042221,0.382467985,0.922892272,0.025388936,-0.036653504
1653513020.705070734,330.093505859,-859.991455078,-17.128042221,0.382467985,0.922892272,0.025388936,-0.036653504
1653513020.771017551,329.477081299,-859.424621582,-17.215456009,0.383430213,0.922470391,0.026168179,-0.036672037
1653513020.838037014,329.477081299,-859.424621582,-17.215456009,0.383430213,0.922470391,0.026168179,-0.036672037
1653513020.904458523,328.963073730,-858.920654297,-17.291522980,0.383504927,0.922443807,0.026106253,-0.036604233
1653513020.971084118,328.963073730,-858.920654297,-17.291522980,0.383504927,0.922443807,0.026106253,-0.036604233
1653513021.038479567,328.362640381,-858.368530273,-17.377895355,0.384495616,0.921993256,0.027757604,-0.036346436
1653513021.104824066,328.362640381,-858.368530273,-17.377895355,0.384495616,0.921993256,0.027757604,-0.036346436
1653513021.170984983,327.739562988,-857.801696777,-17.468051910,0.385273993,0.921672821,0.027520541,-0.036411632
1653513021.237808228,327.739562988,-857.801696777,-17.468051910,0.385273993,0.921672821,0.027520541,-0.036411632
1653513021.304473877,327.155944824,-857.267456055,-17.553331375,0.385104567,0.921724498,0.028377511,-0.036237430
1653513021.371452570,327.155944824,-857.267456055,-17.553331375,0.385104567,0.921724498,0.028377511,-0.036237430
1653513021.440427780,326.503540039,-856.694152832,-17.650209427,0.386168927,0.921281815,0.028821891,-0.035814323
1653513021.505750418,326.503540039,-856.694152832,-17.650209427,0.386168927,0.921281815,0.028821891,-0.035814323
1653513021.571160316,325.934753418,-856.168273926,-17.736722946,0.386657119,0.921017826,0.029935768,-0.036418568
1653513021.639019489,325.934753418,-856.168273926,-17.736722946,0.386657119,0.921017826,0.029935768,-0.036418568
1653513021.704896688,325.361785889,-855.649597168,-17.824182510,0.385640442,0.921429753,0.030134730,-0.036613941
1653513021.771370411,325.361785889,-855.649597168,-17.824182510,0.385640442,0.921429753,0.030134730,-0.036613941
1653513021.840680122,324.748291016,-855.104553223,-17.914531708,0.385438859,0.921514869,0.030508257,-0.036283504
1653513021.904381514,324.748291016,-855.104553223,-17.914531708,0.385438859,0.921514869,0.030508257,-0.036283504
1653513021.970997334,324.205169678,-854.607055664,-17.997335434,0.384867281,0.921690047,0.031985208,-0.036628108
1653513022.040201902,324.205169678,-854.607055664,-17.997335434,0.384867281,0.921690047,0.031985208,-0.036628108
1653513022.104652882,323.617218018,-854.086181641,-18.088821411,0.383707434,0.922199905,0.031919889,-0.036015391
1653513022.172911882,323.617218018,-854.086181641,-18.088821411,0.383707434,0.922199905,0.031919889,-0.036015391
1653513022.237632275,323.038848877,-853.571655273,-18.180109024,0.382376879,0.922775090,0.032105282,-0.035260331
1653513022.309223890,323.038848877,-853.571655273,-18.180109024,0.382376879,0.922775090,0.032105282,-0.035260331
1653513022.372268438,322.522216797,-853.106384277,-18.266420364,0.381089061,0.923325181,0.031813432,-0.035066877
1653513022.438038349,322.522216797,-853.106384277,-18.266420364,0.381089061,0.923325181,0.031813432,-0.035066877
1653513022.505976677,321.878997803,-852.569335938,-18.365667343,0.379177481,0.924146116,0.031393260,-0.034537524
1653513022.570956230,321.878997803,-852.569335938,-18.365667343,0.379177481,0.924146116,0.031393260,-0.034537524
1653513022.637526751,321.370239258,-852.117614746,-18.448255539,0.377662569,0.924806893,0.029764308,-0.034889057
1653513022.704504967,321.370239258,-852.117614746,-18.448255539,0.377662569,0.924806893,0.029764308,-0.034889057
1653513022.771280050,320.844940186,-851.663452148,-18.529859543,0.376128167,0.925414622,0.029157314,-0.035850149
1653513022.837946653,320.844940186,-851.663452148,-18.529859543,0.376128167,0.925414622,0.029157314,-0.035850149
1653513022.905048609,320.188537598,-851.127929688,-18.623275757,0.374125600,0.926242054,0.027545562,-0.036699783
1653513022.971174479,320.188537598,-851.127929688,-18.623275757,0.374125600,0.926242054,0.027545562,-0.036699783
1653513023.037845373,319.659942627,-850.667724609,-18.698291779,0.372816503,0.926749110,0.026290743,-0.038115375
1653513023.104432106,319.659942627,-850.667724609,-18.698291779,0.372816503,0.926749110,0.026290743,-0.038115375
1653513023.172020435,319.067749023,-850.171691895,-18.778949738,0.371938050,0.927081168,0.025669167,-0.039035086
1653513023.237658501,319.067749023,-850.171691895,-18.778949738,0.371938050,0.927081168,0.025669167,-0.039035086
1653513023.304723978,318.568298340,-849.726867676,-18.848049164,0.370415866,0.927650690,0.024644827,-0.040606644
1653513023.371042013,318.568298340,-849.726867676,-18.848049164,0.370415866,0.927650690,0.024644827,-0.040606644
1653513023.438334227,317.926513672,-849.202880859,-18.937364578,0.369577020,0.927956045,0.025225287,-0.040915620
1653513023.506004095,317.926513672,-849.202880859,-18.937364578,0.369577020,0.927956045,0.025225287,-0.040915620
1653513023.571055889,317.356811523,-848.717712402,-19.014287949,0.369425088,0.927956164,0.024894757,-0.042458840
1653513023.637704372,317.356811523,-848.717712402,-19.014287949,0.369425088,0.927956164,0.024894757,-0.042458840
1653513023.704249144,316.874847412,-848.280212402,-19.077676773,0.369418234,0.927910388,0.025144480,-0.043362189
1653513023.773630142,316.874847412,-848.280212402,-19.077676773,0.369418234,0.927910388,0.025144480,-0.043362189
1653513023.837577820,316.345733643,-847.812438965,-19.147720337,0.369725436,0.927704811,0.026164761,-0.044522550
1653513023.904296875,316.345733643,-847.812438965,-19.147720337,0.369725436,0.927704811,0.026164761,-0.044522550
1653513023.970884323,315.739593506,-847.293762207,-19.230890274,0.371583939,0.926902831,0.028088558,-0.044581708
1653513024.037693262,315.739593506,-847.293762207,-19.230890274,0.371583939,0.926902831,0.028088558,-0.044581708
1653513024.106426239,315.226226807,-846.831237793,-19.306936264,0.372794509,0.926412761,0.029020309,-0.044062246
1653513024.170970201,315.226226807,-846.831237793,-19.306936264,0.372794509,0.926412761,0.029020309,-0.044062246
1653513024.238425732,314.700500488,-846.357360840,-19.388666153,0.375241667,0.925410807,0.029838635,-0.043797296
1653513024.305066109,314.700500488,-846.357360840,-19.388666153,0.375241667,0.925410807,0.029838635,-0.043797296
1653513024.370963573,314.162994385,-845.875549316,-19.472442627,0.377591819,0.924553990,0.029369967,-0.041973021
1653513024.439887285,314.162994385,-845.875549316,-19.472442627,0.377591819,0.924553990,0.029369967,-0.041973021
1653513024.504148483,313.668029785,-845.421752930,-19.548191071,0.380561054,0.923338711,0.030007659,-0.041454494
1653513024.571080446,313.668029785,-845.421752930,-19.548191071,0.380561054,0.923338711,0.030007659,-0.041454494
1653513024.637744427,313.082855225,-844.912109375,-19.631269455,0.383919150,0.921979845,0.029703859,-0.040949736
1653513024.704403400,313.082855225,-844.912109375,-19.631269455,0.383919150,0.921979845,0.029703859,-0.040949736
1653513024.771421909,312.660949707,-844.497375488,-19.697502136,0.387055546,0.920630395,0.030381778,-0.041286994
1653513024.838207245,312.660949707,-844.497375488,-19.697502136,0.387055546,0.920630395,0.030381778,-0.041286994
1653513024.904675484,312.113952637,-844.010742188,-19.775741577,0.390109599,0.919347107,0.030528612,-0.041029088
1653513024.971906662,312.113952637,-844.010742188,-19.775741577,0.390109599,0.919347107,0.030528612,-0.041029088
1653513025.037743807,311.574249268,-843.533142090,-19.852550507,0.392856807,0.918137133,0.030913480,-0.041618049
1653513025.112992764,311.574249268,-843.533142090,-19.852550507,0.392856807,0.918137133,0.030913480,-0.041618049
1653513025.171362400,311.091064453,-843.096618652,-19.922296524,0.394837409,0.917243838,0.031025993,-0.042479783
1653513025.237906694,311.091064453,-843.096618652,-19.922296524,0.394837409,0.917243838,0.031025993,-0.042479783
1653513025.304203033,310.581481934,-842.650390625,-19.995121002,0.395907521,0.916799486,0.030598016,-0.042423021
1653513025.371058702,310.581481934,-842.650390625,-19.995121002,0.395907521,0.916799486,0.030598016,-0.042423021
1653513025.438220263,310.084075928,-842.217712402,-20.071596146,0.397073835,0.916316211,0.029815177,-0.042521160
1653513025.504237413,310.084075928,-842.217712402,-20.071596146,0.397073835,0.916316211,0.029815177,-0.042521160
1653513025.571066141,309.585357666,-841.786376953,-20.147069931,0.397648811,0.916103125,0.028665949,-0.042529415
1653513025.637732267,309.585357666,-841.786376953,-20.147069931,0.397648811,0.916103125,0.028665949,-0.042529415
1653513025.704990864,309.042419434,-841.327331543,-20.230152130,0.397457719,0.916279376,0.027184397,-0.041478869
1653513025.771756649,309.042419434,-841.327331543,-20.230152130,0.397457719,0.916279376,0.027184397,-0.041478869
1653513025.837750673,308.591278076,-840.923828125,-20.300359726,0.397498876,0.916295469,0.026284941,-0.041308429
1653513025.904324293,308.591278076,-840.923828125,-20.300359726,0.397498876,0.916295469,0.026284941,-0.041308429
1653513025.970901966,308.072509766,-840.479431152,-20.377773285,0.396789432,0.916614413,0.025725195,-0.041405100
1653513026.038943291,308.072509766,-840.479431152,-20.377773285,0.396789432,0.916614413,0.025725195,-0.041405100
1653513026.104558706,307.601165771,-840.060241699,-20.446123123,0.396260113,0.916879773,0.025049802,-0.041011505
1653513026.171055555,307.601165771,-840.060241699,-20.446123123,0.396260113,0.916879773,0.025049802,-0.041011505
1653513026.237758160,307.118652344,-839.636230469,-20.515777588,0.395851403,0.917058825,0.025359286,-0.040763598
1653513026.304394484,307.118652344,-839.636230469,-20.515777588,0.395851403,0.917058825,0.025359286,-0.040763598
1653513026.372607470,306.658416748,-839.224792480,-20.581815720,0.395025671,0.917420149,0.026055310,-0.040200934
1653513026.437472820,306.658416748,-839.224792480,-20.581815720,0.395025671,0.917420149,0.026055310,-0.040200934
1653513026.505290508,306.177276611,-838.797241211,-20.646907806,0.394582063,0.917623699,0.026835134,-0.039390083
1653513026.571554422,306.177276611,-838.797241211,-20.646907806,0.394582063,0.917623699,0.026835134,-0.039390083
1653513026.637861729,305.709594727,-838.372558594,-20.711547852,0.394354999,0.917766452,0.027583292,-0.037789248
1653513026.704520226,305.709594727,-838.372558594,-20.711547852,0.394354999,0.917766452,0.027583292,-0.037789248
1653513026.774666786,305.277465820,-837.967590332,-20.771127701,0.393701643,0.918035150,0.028961917,-0.037036758
1653513026.838135719,305.277465820,-837.967590332,-20.771127701,0.393701643,0.918035150,0.028961917,-0.037036758
1653513026.904439449,304.783416748,-837.526123047,-20.836008072,0.392645925,0.918429911,0.030965010,-0.036835141
1653513026.976902008,304.783416748,-837.526123047,-20.836008072,0.392645925,0.918429911,0.030965010,-0.036835141
1653513027.037509441,304.332794189,-837.117675781,-20.896760941,0.392471611,0.918476284,0.032281473,-0.036403280
1653513027.105474234,304.332794189,-837.117675781,-20.896760941,0.392471611,0.918476284,0.032281473,-0.036403280
1653513027.171103954,303.864074707,-836.696777344,-20.959665298,0.391916871,0.918707192,0.033087034,-0.035826400
1653513027.239358664,303.864074707,-836.696777344,-20.959665298,0.391916871,0.918707192,0.033087034,-0.035826400
1653513027.304413557,303.428009033,-836.295104980,-21.019670486,0.391390651,0.918899179,0.034028560,-0.035772786
1653513027.370867968,303.428009033,-836.295104980,-21.019670486,0.391390651,0.918899179,0.034028560,-0.035772786
1653513027.437688112,302.926025391,-835.856384277,-21.088235855,0.391118824,0.918994069,0.034529928,-0.035827391
1653513027.504492044,302.926025391,-835.856384277,-21.088235855,0.391118824,0.918994069,0.034529928,-0.035827391
1653513027.571300745,302.537170410,-835.487365723,-21.142536163,0.391029537,0.919042349,0.034290202,-0.035794441
1653513027.638066769,302.537170410,-835.487365723,-21.142536163,0.391029537,0.919042349,0.034290202,-0.035794441
1653513027.704219103,302.084503174,-835.077453613,-21.205167770,0.391031176,0.919081509,0.033417724,-0.035595629
1653513027.771419525,302.084503174,-835.077453613,-21.205167770,0.391031176,0.919081509,0.033417724,-0.035595629
1653513027.837956667,301.639404297,-834.673400879,-21.269151688,0.391061395,0.919074178,0.033158403,-0.035695929
1653513027.905025959,301.639404297,-834.673400879,-21.269151688,0.391061395,0.919074178,0.033158403,-0.035695929
1653513027.971098661,301.158447266,-834.251037598,-21.338384628,0.390292466,0.919380486,0.033223875,-0.036158439
1653513028.039329767,301.158447266,-834.251037598,-21.338384628,0.390292466,0.919380486,0.033223875,-0.036158439
1653513028.104820728,300.693176270,-833.847717285,-21.405717850,0.389567196,0.919701815,0.033155479,-0.035869837
1653513028.170936584,300.693176270,-833.847717285,-21.405717850,0.389567196,0.919701815,0.033155479,-0.035869837
1653513028.237520218,300.297241211,-833.484924316,-21.464105606,0.389618307,0.919696808,0.032726321,-0.035837539
1653513028.304184437,300.297241211,-833.484924316,-21.464105606,0.389618307,0.919696808,0.032726321,-0.035837539
1653513028.371089697,299.821472168,-833.075317383,-21.538177490,0.389221132,0.919872224,0.032472268,-0.035882223
1653513028.437474012,299.821472168,-833.075317383,-21.538177490,0.389221132,0.919872224,0.032472268,-0.035882223
1653513028.504615068,299.385375977,-832.685363770,-21.608072281,0.389054805,0.919946611,0.032343708,-0.035895966
1653513028.571133137,299.385375977,-832.685363770,-21.608072281,0.389054805,0.919946611,0.032343708,-0.035895966
1653513028.637874842,298.935974121,-832.288635254,-21.678556442,0.389341533,0.919872582,0.031975310,-0.035002645
1653513028.705336809,298.935974121,-832.288635254,-21.678556442,0.389341533,0.919872582,0.031975310,-0.035002645
1653513028.772676706,298.528747559,-831.918762207,-21.744260788,0.389343113,0.919903338,0.031795323,-0.034334838
1653513028.841311216,298.528747559,-831.918762207,-21.744260788,0.389343113,0.919903338,0.031795323,-0.034334838
1653513028.904124498,298.077514648,-831.517578125,-21.815578461,0.389268726,0.919990361,0.031005157,-0.033559464
1653513028.971698999,298.077514648,-831.517578125,-21.815578461,0.389268726,0.919990361,0.031005157,-0.033559464
1653513029.037907362,297.645843506,-831.135375977,-21.885719299,0.389177501,0.920065641,0.030789435,-0.032742407
1653513029.105159283,297.645843506,-831.135375977,-21.885719299,0.389177501,0.920065641,0.030789435,-0.032742407
1653513029.170886040,297.205535889,-830.752014160,-21.956315994,0.388873637,0.920202434,0.030676216,-0.032615270
1653513029.237468243,297.205535889,-830.752014160,-21.956315994,0.388873637,0.920202434,0.030676216,-0.032615270
1653513029.304245949,296.784912109,-830.386474609,-22.021968842,0.388362706,0.920410097,0.030578157,-0.032933518
1653513029.371406555,296.784912109,-830.386474609,-22.021968842,0.388362706,0.920410097,0.030578157,-0.032933518
1653513029.437877417,296.403381348,-830.048461914,-22.084995270,0.388005704,0.920520961,0.030927509,-0.033707965
1653513029.504214287,296.403381348,-830.048461914,-22.084995270,0.388005704,0.920520961,0.030927509,-0.033707965
1653513029.570940495,295.917907715,-829.648986816,-22.163013458,0.387037545,0.920951426,0.030280918,-0.033666804
1653513029.642240286,295.917907715,-829.648986816,-22.163013458,0.387037545,0.920951426,0.030280918,-0.033666804
1653513029.705929756,295.528778076,-829.312255859,-22.230205536,0.385914207,0.921419621,0.030662587,-0.033405811
1653513029.771024466,295.528778076,-829.312255859,-22.230205536,0.385914207,0.921419621,0.030662587,-0.033405811
1653513029.837855577,295.042388916,-828.918151855,-22.309139252,0.384964675,0.921839476,0.030499415,-0.032923486
1653513029.904483795,295.042388916,-828.918151855,-22.309139252,0.384964675,0.921839476,0.030499415,-0.032923486
1653513029.970976591,294.638458252,-828.573852539,-22.379585266,0.383756638,0.922367930,0.030289901,-0.032414861
1653513030.037544012,294.638458252,-828.573852539,-22.379585266,0.383756638,0.922367930,0.030289901,-0.032414861
1653513030.104489803,294.217803955,-828.216369629,-22.453208923,0.382438540,0.922950983,0.029941969,-0.031713560
1653513030.170972586,294.217803955,-828.216369629,-22.453208923,0.382438540,0.922950983,0.029941969,-0.031713560
1653513030.238442183,293.739776611,-827.823608398,-22.529798508,0.381956309,0.923149347,0.029703090,-0.031974807
1653513030.304354191,293.739776611,-827.823608398,-22.529798508,0.381956309,0.923149347,0.029703090,-0.031974807
1653513030.370745897,293.362915039,-827.484313965,-22.595443726,0.381856561,0.923192441,0.029324614,-0.032270573
1653513030.437515259,293.362915039,-827.484313965,-22.595443726,0.381856561,0.923192441,0.029324614,-0.032270573
1653513030.505502224,292.958312988,-827.134826660,-22.665378571,0.381529510,0.923362255,0.028367998,-0.032135405
1653513030.571221352,292.958312988,-827.134826660,-22.665378571,0.381529510,0.923362255,0.028367998,-0.032135405
1653513030.639263153,292.518554688,-826.763061523,-22.739467621,0.382065535,0.923159003,0.027157253,-0.032647900
1653513030.704522610,292.518554688,-826.763061523,-22.739467621,0.382065535,0.923159003,0.027157253,-0.032647900
1653513030.772163153,292.103759766,-826.406066895,-22.810258865,0.383103341,0.922760785,0.025295977,-0.033234261
1653513030.838406563,292.103759766,-826.406066895,-22.810258865,0.383103341,0.922760785,0.025295977,-0.033234261
1653513030.905807495,291.658172607,-826.026062012,-22.891704559,0.383940518,0.922435880,0.023975424,-0.033568725
1653513030.971869230,291.658172607,-826.026062012,-22.891704559,0.383940518,0.922435880,0.023975424,-0.033568725
1653513031.037637234,291.289764404,-825.687194824,-22.967147827,0.385111898,0.921984911,0.022996226,-0.033223368
1653513031.104672670,291.289764404,-825.687194824,-22.967147827,0.385111898,0.921984911,0.022996226,-0.033223368
1653513031.174837828,290.870208740,-825.315368652,-23.051362991,0.386366367,0.921449125,0.022736339,-0.033698153
1653513031.237492323,290.870208740,-825.315368652,-23.051362991,0.386366367,0.921449125,0.022736339,-0.033698153
1653513031.304180861,290.445953369,-824.930603027,-23.137287140,0.387768537,0.920839548,0.023060430,-0.034034312
1653513031.371032238,290.445953369,-824.930603027,-23.137287140,0.387768537,0.920839548,0.023060430,-0.034034312
1653513031.437633991,290.028167725,-824.553833008,-23.227052689,0.389746070,0.919997931,0.023518102,-0.033892043
1653513031.504045010,290.028167725,-824.553833008,-23.227052689,0.389746070,0.919997931,0.023518102,-0.033892043
1653513031.571094751,289.632598877,-824.181579590,-23.313842773,0.391277552,0.919309974,0.024799313,-0.034001216
1653513031.637516737,289.632598877,-824.181579590,-23.313842773,0.391277552,0.919309974,0.024799313,-0.034001216
1653513031.704601526,289.186279297,-823.777160645,-23.408422470,0.392867327,0.918594360,0.026302591,-0.033879504
1653513031.771252871,289.186279297,-823.777160645,-23.408422470,0.392867327,0.918594360,0.026302591,-0.033879504
1653513031.837354898,288.853057861,-823.436401367,-23.488800049,0.395030469,0.917638719,0.028015269,-0.033245757
1653513031.904629230,288.853057861,-823.436401367,-23.488800049,0.395030469,0.917638719,0.028015269,-0.033245757
1653513031.971690893,288.473937988,-823.070983887,-23.573213577,0.396706581,0.916922152,0.029038228,-0.032163177
1653513032.040683508,288.473937988,-823.070983887,-23.573213577,0.396706581,0.916922152,0.029038228,-0.032163177
1653513032.104469776,288.059051514,-822.687316895,-23.663238525,0.398327053,0.916225374,0.029752737,-0.031326756
1653513032.170774698,288.059051514,-822.687316895,-23.663238525,0.398327053,0.916225374,0.029752737,-0.031326756
1653513032.238514185,287.653961182,-822.309143066,-23.748521805,0.400699437,0.915207446,0.029445231,-0.031117238
1653513032.304582596,287.653961182,-822.309143066,-23.748521805,0.400699437,0.915207446,0.029445231,-0.031117238
1653513032.370718956,287.302490234,-821.964843750,-23.820594788,0.402755439,0.914341748,0.028309703,-0.031076351
1653513032.438642263,287.302490234,-821.964843750,-23.820594788,0.402755439,0.914341748,0.028309703,-0.031076351
1653513032.504634857,286.907470703,-821.601928711,-23.901426315,0.404449373,0.913655102,0.026189644,-0.031131966
1653513032.571791410,286.907470703,-821.601928711,-23.901426315,0.404449373,0.913655102,0.026189644,-0.031131966
1653513032.638928652,286.491912842,-821.228576660,-23.979251862,0.406296730,0.912881672,0.023901299,-0.031602453
1653513032.704391003,286.491912842,-821.228576660,-23.979251862,0.406296730,0.912881672,0.023901299,-0.031602453
1653513032.771640539,286.131256104,-820.886962891,-24.044002533,0.406826526,0.912680745,0.021645198,-0.032210592
1653513032.838913202,286.131256104,-820.886962891,-24.044002533,0.406826526,0.912680745,0.021645198,-0.032210592
1653513032.904256821,285.736450195,-820.529907227,-24.114356995,0.407263726,0.912570059,0.019575354,-0.031126995
1653513032.971078634,285.736450195,-820.529907227,-24.114356995,0.407263726,0.912570059,0.019575354,-0.031126995
1653513033.037600994,285.367034912,-820.187988281,-24.179578781,0.407226712,0.912605166,0.019276295,-0.030767463
1653513033.105004311,285.367034912,-820.187988281,-24.179578781,0.407226712,0.912605166,0.019276295,-0.030767463
1653513033.170728445,285.004455566,-819.845642090,-24.247344971,0.407063335,0.912710667,0.018617636,-0.030199636
1653513033.237564325,285.004455566,-819.845642090,-24.247344971,0.407063335,0.912710667,0.018617636,-0.030199636
1653513033.304854155,284.609008789,-819.482238770,-24.323556900,0.406348199,0.913069367,0.019079976,-0.028659828
1653513033.370713711,284.609008789,-819.482238770,-24.323556900,0.406348199,0.913069367,0.019079976,-0.028659828
1653513033.437546730,284.275299072,-819.157043457,-24.386074066,0.406227082,0.913160503,0.019495100,-0.027155094
1653513033.505286455,284.275299072,-819.157043457,-24.386074066,0.406227082,0.913160503,0.019495100,-0.027155094
1653513033.571000814,283.863494873,-818.777465820,-24.459737778,0.405958503,0.913297892,0.019850016,-0.026279546
1653513033.637489319,283.863494873,-818.777465820,-24.459737778,0.405958503,0.913297892,0.019850016,-0.026279546
1653513033.705093622,283.510131836,-818.429626465,-24.521993637,0.405478805,0.913514853,0.020698112,-0.025477618
1653513033.771356106,283.510131836,-818.429626465,-24.521993637,0.405478805,0.913514853,0.020698112,-0.025477618
1653513033.838866949,283.166809082,-818.084411621,-24.579559326,0.405594140,0.913472891,0.020954914,-0.024931641
1653513033.904342890,283.166809082,-818.084411621,-24.579559326,0.405594140,0.913472891,0.020954914,-0.024931641
1653513033.971035242,282.842559814,-817.748657227,-24.633239746,0.405546099