Timestamp,Pred_X,Pred_Y,Pred_Z,Q_X,Q_Y,Q_Z,Q_W
1653512819.974014044,0.006784089,0.011145506,0.054352280,-0.999825092,0.002771361,-0.018171231,0.003451247
1653512820.041181087,0.006784089,0.011145506,0.054352280,-0.999825092,0.002771361,-0.018171231,0.003451247
1653512820.108040333,0.008776871,0.016908063,0.059011910,-0.999805576,0.002059131,-0.019274537,0.003614231
1653512820.174011230,0.008776871,0.016908063,0.059011910,-0.999805576,0.002059131,-0.019274537,0.003614231
1653512820.253572702,0.010559601,0.018131295,0.065142587,-0.999780958,0.001916576,-0.020376202,0.004378680
1653512820.307587862,0.010559601,0.018131295,0.065142587,-0.999780958,0.001916576,-0.020376202,0.004378680
1653512820.374381781,0.010586292,0.015551904,0.073337026,-0.999774120,0.002676895,-0.020703839,0.003986881
1653512820.440673590,0.010586292,0.015551904,0.073337026,-0.999774120,0.002676895,-0.020703839,0.003986881
1653512820.507613420,0.011778135,0.007008118,0.080576174,-0.999770637,0.004673887,-0.020441690,0.004355025
1653512820.573939562,0.011778135,0.007008118,0.080576174,-0.999770637,0.004673887,-0.020441690,0.004355025
1653512820.640833378,0.017678481,-0.005313013,0.091771573,-0.999757063,0.006871508,-0.020451276,0.004510249
1653512820.707390785,0.017678481,-0.005313013,0.091771573,-0.999757063,0.006871508,-0.020451276,0.004510249
1653512820.774464369,0.028728548,-0.027092008,0.108728610,-0.999726810,0.009286587,-0.021312416,0.002417595
1653512820.840949297,0.028728548,-0.027092008,0.108728610,-0.999726810,0.009286587,-0.021312416,0.002417595
1653512820.907406807,0.044968441,-0.057961360,0.130545437,-0.999661973,0.012356483,-0.022779789,-0.002082734
1653512820.975776911,0.044968441,-0.057961360,0.130545437,-0.999661973,0.012356483,-0.022779789,-0.002082734
1653512821.044144869,0.068851814,-0.098026261,0.167599902,-0.999523639,0.015827527,-0.025014844,-0.008731627
1653512821.107654095,0.068851814,-0.098026261,0.167599902,-0.999523639,0.015827527,-0.025014844,-0.008731627
1653512821.175495625,0.097433932,-0.141733795,0.211932689,-0.999313166,0.019693865,-0.027498640,-0.015138458
1653512821.240549326,0.097433932,-0.141733795,0.211932689,-0.999313166,0.019693865,-0.027498640,-0.015138458
1653512821.308590174,0.130335271,-0.184406623,0.263827205,-0.998987772,0.025643608,-0.030549874,-0.020797642
1653512821.374742746,0.130335271,-0.184406623,0.263827205,-0.998987772,0.025643608,-0.030549874,-0.020797642
1653512821.445966959,0.167286977,-0.219159648,0.325848073,-0.998660579,0.031899370,-0.033579700,-0.023062576
1653512821.508145571,0.167286977,-0.219159648,0.325848073,-0.998660579,0.031899370,-0.033579700,-0.023062576
1653512821.575905085,0.204671606,-0.238036484,0.387834400,-0.998444952,0.036272190,-0.035604685,-0.022897891
1653512821.640893459,0.204671606,-0.238036484,0.387834400,-0.998444952,0.036272190,-0.035604685,-0.022897891
1653512821.708614826,0.240014315,-0.247793153,0.450708330,-0.998192423,0.040961836,-0.038148865,-0.021878721
1653512821.774208784,0.240014315,-0.247793153,0.450708330,-0.998192423,0.040961836,-0.038148865,-0.021878721
1653512821.840968847,0.275032401,-0.246478274,0.515527070,-0.998068594,0.043815480,-0.039491766,-0.019485522
1653512821.908558369,0.275032401,-0.246478274,0.515527070,-0.998068594,0.043815480,-0.039491766,-0.019485522
1653512821.975950718,0.311760753,-0.234056517,0.587419391,-0.998043105,0.044729765,-0.040629457,-0.016076572
1653512822.042683601,0.311760753,-0.234056517,0.587419391,-0.998043105,0.044729765,-0.040629457,-0.016076572
1653512822.108957052,0.349585265,-0.217973024,0.664256752,-0.998014054,0.045736038,-0.041537472,-0.012280084
1653512822.176400661,0.349585265,-0.217973024,0.664256752,-0.998014054,0.045736038,-0.041537472,-0.012280084
1653512822.241061449,0.383078754,-0.199495047,0.750400484,-0.997940047,0.046275771,-0.043545044,-0.008834240
1653512822.307558060,0.383078754,-0.199495047,0.750400484,-0.997940047,0.046275771,-0.043545044,-0.008834240
1653512822.374436378,0.416894257,-0.183365121,0.846631885,-0.997808772,0.047187035,-0.045905505,-0.006612291
1653512822.440723658,0.416894257,-0.183365121,0.846631885,-0.997808772,0.047187035,-0.045905505,-0.006612291
1653512822.508008718,0.450612426,-0.162982225,0.950664639,-0.997696139,0.046695146,-0.048832632,-0.006111566
1653512822.574147224,0.450612426,-0.162982225,0.950664639,-0.997696139,0.046695146,-0.048832632,-0.006111566
1653512822.644398451,0.484187216,-0.136816472,1.059476256,-0.997636155,0.044589696,-0.051783689,-0.007232601
1653512822.707651138,0.484187216,-0.136816472,1.059476256,-0.997636155,0.044589696,-0.051783689,-0.007232601
1653512822.774382114,0.509254754,-0.111936860,1.152340293,-0.997627603,0.042505178,-0.053516555,-0.008273661
1653512822.840927124,0.509254754,-0.111936860,1.152340293,-0.997627603,0.042505178,-0.053516555,-0.008273661
1653512822.907576799,0.528668821,-0.091564380,1.246207476,-0.997613309,0.041121025,-0.054604959,-0.009749116
1653512822.976459026,0.528668821,-0.091564380,1.246207476,-0.997613309,0.041121025,-0.054604959,-0.009749116
1653512823.040729761,0.549573064,-0.075822182,1.347973347,-0.997624414,0.041082670,-0.053920844,-0.012259088
1653512823.107409239,0.549573064,-0.075822182,1.347973347,-0.997624414,0.041082670,-0.053920844,-0.012259088
1653512823.174751043,0.564906299,-0.068051584,1.449270606,-0.997582132,0.043191105,-0.052575033,-0.014152162
1653512823.250014544,0.564906299,-0.068051584,1.449270606,-0.997582132,0.043191105,-0.052575033,-0.014152162
1653512823.309221268,0.576891184,-0.063037403,1.561588168,-0.997485620,0.046305521,-0.051404267,-0.015357044
1653512823.374339342,0.576891184,-0.063037403,1.561588168,-0.997485620,0.046305521,-0.051404267,-0.015357044
1653512823.448395729,0.586853206,-0.049449265,1.682116747,-0.997365768,0.049637113,-0.050606288,-0.015384618
1653512823.508929491,0.586853206,-0.049449265,1.682116747,-0.997365768,0.049637113,-0.050606288,-0.015384618
1653512823.574589729,0.593305349,-0.023708448,1.796764851,-0.997397010,0.050436743,-0.049300030,-0.014994858
1653512823.640715837,0.593305349,-0.023708448,1.796764851,-0.997397010,0.050436743,-0.049300030,-0.014994858
1653512823.707232952,0.594953477,0.014838455,1.918644428,-0.997452505,0.050766889,-0.048362862,-0.013124624
1653512823.774485350,0.594953477,0.014838455,1.918644428,-0.997452505,0.050766889,-0.048362862,-0.013124624
1653512823.840898991,0.597132623,0.062376428,2.056452513,-0.997624415,0.050316547,-0.046082773,-0.009494717
1653512823.909199715,0.597132623,0.062376428,2.056452513,-0.997624415,0.050316547,-0.046082773,-0.009494717
1653512823.974785089,0.597305655,0.119243465,2.200063467,-0.997817267,0.048454325,-0.044564817,-0.005182319
1653512824.040499210,0.597305655,0.119243465,2.200063467,-0.997817267,0.048454325,-0.044564817,-0.005182319
1653512824.107287645,0.593259811,0.176693156,2.346169710,-0.997959792,0.046545222,-0.043700434,-0.000258896
1653512824.175073385,0.593259811,0.176693156,2.346169710,-0.997959792,0.046545222,-0.043700434,-0.000258896
1653512824.241208553,0.587652862,0.233515352,2.493958235,-0.998100624,0.044084906,-0.042912169,0.003195377
1653512824.307614326,0.587652862,0.233515352,2.493958235,-0.998100624,0.044084906,-0.042912169,0.003195377
1653512824.374411106,0.581066906,0.276240140,2.645499945,-0.998206406,0.042270527,-0.042225407,0.003766810
1653512824.441324949,0.581066906,0.276240140,2.645499945,-0.998206406,0.042270527,-0.042225407,0.003766810
1653512824.508316278,0.571233213,0.296828806,2.793624163,-0.998152711,0.043229367,-0.042476325,0.004260207
1653512824.575622082,0.571233213,0.296828806,2.793624163,-0.998152711,0.043229367,-0.042476325,0.004260207
1653512824.641423941,0.563289762,0.315163106,2.960953951,-0.998132069,0.043653757,-0.042728850,0.000983714
1653512824.707599640,0.563289762,0.315163106,2.960953951,-0.998132069,0.043653757,-0.042728850,0.000983714
1653512824.776731730,0.553485513,0.328170955,3.135138035,-0.998025689,0.045206728,-0.043462987,-0.003470559
1653512824.840787888,0.553485513,0.328170955,3.135138035,-0.998025689,0.045206728,-0.043462987,-0.003470559
1653512824.908487797,0.549734592,0.345378965,3.309813499,-0.997942673,0.046926259,-0.043054159,-0.007395009
1653512824.974443913,0.549734592,0.345378965,3.309813499,-0.997942673,0.046926259,-0.043054159,-0.007395009
1653512825.040815830,0.548041224,0.365873188,3.483603954,-0.997809735,0.049035722,-0.043368609,-0.009507589
1653512825.107818604,0.548041224,0.365873188,3.483603954,-0.997809735,0.049035722,-0.043368609,-0.009507589
1653512825.175170422,0.547381699,0.391198546,3.656743050,-0.997607850,0.052443390,-0.043961709,-0.009779428
1653512825.240586758,0.547381699,0.391198546,3.656743050,-0.997607850,0.052443390,-0.043961709,-0.009779428
1653512825.307919025,0.540718436,0.411248684,3.823321342,-0.997407781,0.055191874,-0.045253097,-0.009150586
1653512825.374938488,0.540718436,0.411248684,3.823321342,-0.997407781,0.055191874,-0.045253097,-0.009150586
1653512825.441978216,0.531189978,0.428119421,3.981196404,-0.997309279,0.056995236,-0.045346295,-0.008334147
1653512825.507482290,0.531189978,0.428119421,3.981196404,-0.997309279,0.056995236,-0.045346295,-0.008334147
1653512825.573904276,0.521929741,0.451985121,4.121942997,-0.997333550,0.056956668,-0.044774690,-0.008772410
1653512825.640503645,0.521929741,0.451985121,4.121942997,-0.997333550,0.056956668,-0.044774690,-0.008772410
1653512825.707729578,0.520169556,0.479059279,4.275089741,-0.997425044,0.057623805,-0.041990557,-0.007718216
1653512825.777918339,0.520169556,0.479059279,4.275089741,-0.997425044,0.057623805,-0.041990557,-0.007718216
1653512825.840807438,0.512679279,0.505465865,4.421390533,-0.997491405,0.058399024,-0.039573557,-0.005863890
1653512825.907316208,0.512679279,0.505465865,4.421390533,-0.997491405,0.058399024,-0.039573557,-0.005863890
1653512825.974025488,0.499136209,0.530507028,4.568894863,-0.997631000,0.057786210,-0.037076812,-0.004295628
1653512826.041831493,0.499136209,0.530507028,4.568894863,-0.997631000,0.057786210,-0.037076812,-0.004295628
1653512826.107412338,0.484136969,0.552956223,4.708739281,-0.997683219,0.057741810,-0.035808191,-0.003442717
1653512826.173888683,0.484136969,0.552956223,4.708739281,-0.997683219,0.057741810,-0.035808191,-0.003442717
1653512826.241801977,0.462088227,0.572922051,4.869671345,-0.997753919,0.056803178,-0.035299487,-0.003802903
1653512826.307502747,0.462088227,0.572922051,4.869671345,-0.997753919,0.056803178,-0.035299487,-0.003802903
1653512826.374250174,0.440608084,0.585265517,5.033633232,-0.997782628,0.056401192,-0.034977849,-0.005028123
1653512826.441152334,0.440608084,0.585265517,5.033633232,-0.997782628,0.056401192,-0.034977849,-0.005028123
1653512826.507391930,0.419259816,0.579702556,5.178722382,-0.997750969,0.056999294,-0.034462902,-0.007509549
1653512826.574182510,0.419259816,0.579702556,5.178722382,-0.997750969,0.056999294,-0.034462902,-0.007509549
1653512826.640950441,0.408216596,0.571568310,5.359959126,-0.997694930,0.057954968,-0.033656039,-0.010645146
1653512826.707667112,0.408216596,0.571568310,5.359959126,-0.997694930,0.057954968,-0.033656039,-0.010645146
1653512826.779470682,0.407538742,0.566725135,5.553763866,-0.997635687,0.059165602,-0.031790556,-0.014554303
1653512826.840456247,0.407538742,0.566725135,5.553763866,-0.997635687,0.059165602,-0.031790556,-0.014554303
1653512826.907319307,0.400107086,0.551976383,5.723165035,-0.997528191,0.060443137,-0.031157540,-0.017701503
1653512826.974922657,0.400107086,0.551976383,5.723165035,-0.997528191,0.060443137,-0.031157540,-0.017701503
1653512827.040502787,0.387251973,0.545508206,5.921785831,-0.997341725,0.062305407,-0.031820322,-0.020371233
1653512827.107527733,0.387251973,0.545508206,5.921785831,-0.997341725,0.062305407,-0.031820322,-0.020371233
1653512827.173978329,0.377421349,0.546346128,6.122844696,-0.997185888,0.063850112,-0.032760479,-0.021684555
1653512827.240526915,0.377421349,0.546346128,6.122844696,-0.997185888,0.063850112,-0.032760479,-0.021684555
1653512827.307351351,0.367601067,0.554472208,6.326787949,-0.997061346,0.065219870,-0.033508225,-0.022186455
1653512827.375031233,0.367601067,0.554472208,6.326787949,-0.997061346,0.065219870,-0.033508225,-0.022186455
1653512827.443110466,0.364548892,0.563348353,6.538484097,-0.996914917,0.067259341,-0.034270775,-0.021502186
1653512827.507909298,0.364548892,0.563348353,6.538484097,-0.996914917,0.067259341,-0.034270775,-0.021502186
1653512827.574129581,0.361948669,0.576005101,6.745505810,-0.996776311,0.068981135,-0.035263495,-0.020858423
1653512827.641662359,0.361948669,0.576005101,6.745505810,-0.996776311,0.068981135,-0.035263495,-0.020858423
1653512827.707229853,0.363989711,0.593289256,6.956250668,-0.996696879,0.070461302,-0.035275288,-0.019651745
1653512827.773844481,0.363989711,0.593289256,6.956250668,-0.996696879,0.070461302,-0.035275288,-0.019651745
1653512827.840505838,0.370705187,0.608672798,7.164580345,-0.996608481,0.072312704,-0.034662726,-0.018463556
1653512827.909805536,0.370705187,0.608672798,7.164580345,-0.996608481,0.072312704,-0.034662726,-0.018463556
1653512827.974168301,0.373703420,0.616356969,7.373383045,-0.996557596,0.074050494,-0.033289541,-0.016771683
1653512828.040520906,0.373703420,0.616356969,7.373383045,-0.996557596,0.074050494,-0.033289541,-0.016771683
1653512828.107309103,0.377347708,0.622865379,7.575374603,-0.996535744,0.075545566,-0.030935845,-0.015885608
1653512828.174336910,0.377347708,0.622865379,7.575374603,-0.996535744,0.075545566,-0.030935845,-0.015885608
1653512828.240716457,0.388821006,0.637120366,7.773442268,-0.996529785,0.076952288,-0.027546943,-0.015744803
1653512828.308930159,0.388821006,0.637120366,7.773442268,-0.996529785,0.076952288,-0.027546943,-0.015744803
1653512828.374763012,0.405984819,0.652289093,7.977635384,-0.996558008,0.077960320,-0.023909140,-0.014922424
1653512828.446631670,0.405984819,0.652289093,7.977635384,-0.996558008,0.077960320,-0.023909140,-0.014922424
1653512828.507409334,0.435286939,0.669093311,8.168923378,-0.996569429,0.078921905,-0.020425823,-0.014265048
1653512828.574638605,0.435286939,0.669093311,8.168923378,-0.996569429,0.078921905,-0.020425823,-0.014265048
1653512828.641729355,0.489278376,0.661761701,8.366818428,-0.996604866,0.080018528,-0.015048315,-0.012219845
1653512828.708127260,0.489278376,0.661761701,8.366818428,-0.996604866,0.080018528,-0.015048315,-0.012219845
1653512828.773903131,0.558056116,0.645539284,8.549221039,-0.996624678,0.080812344,-0.009345135,-0.011012944
1653512828.840569973,0.558056116,0.645539284,8.549221039,-0.996624678,0.080812344,-0.009345135,-0.011012944
1653512828.907662868,0.642644644,0.633203387,8.722999573,-0.996617267,0.081523263,-0.002839136,-0.009995965
1653512828.974140644,0.642644644,0.633203387,8.722999573,-0.996617267,0.081523263,-0.002839136,-0.009995965
1653512829.045400858,0.741777480,0.606071413,8.894462585,-0.996535115,0.082592807,0.004657135,-0.008631549
1653512829.107213497,0.741777480,0.606071413,8.894462585,-0.996535115,0.082592807,0.004657135,-0.008631549
1653512829.173899174,0.845923007,0.566721559,9.050918579,-0.996431434,0.083216095,0.012026862,-0.007404968
1653512829.240454197,0.845923007,0.566721559,9.050918579,-0.996431434,0.083216095,0.012026862,-0.007404968
1653512829.309288979,0.963390052,0.537343919,9.272611618,-0.996346358,0.083408661,0.017155357,-0.006528758
1653512829.374239683,0.963390052,0.537343919,9.272611618,-0.996346358,0.083408661,0.017155357,-0.006528758
1653512829.441844702,1.079315782,0.509976506,9.498675346,-0.996221564,0.083782563,0.022085624,-0.005941561
1653512829.508753777,1.079315782,0.509976506,9.498675346,-0.996221564,0.083782563,0.022085624,-0.005941561
1653512829.573857546,1.214245558,0.474345684,9.736903191,-0.996146682,0.083699748,0.025324510,-0.006693939
1653512829.640582085,1.214245558,0.474345684,9.736903191,-0.996146682,0.083699748,0.025324510,-0.006693939
1653512829.708574533,1.378016114,0.413943619,9.953560829,-0.996030110,0.083615938,0.029708517,-0.007056809
1653512829.774174690,1.378016114,0.413943619,9.953560829,-0.996030110,0.083615938,0.029708517,-0.007056809
1653512829.840387106,1.573702574,0.351092637,10.163519859,-0.995905369,0.083321372,0.033914656,-0.008935348
1653512829.907176256,1.573702574,0.351092637,10.163519859,-0.995905369,0.083321372,0.033914656,-0.008935348
1653512829.973890305,1.803908587,0.315435559,10.386346817,-0.995791246,0.082890852,0.037265260,-0.011840645
1653512830.040842295,1.803908587,0.315435559,10.386346817,-0.995791246,0.082890852,0.037265260,-0.011840645
1653512830.108997345,2.065494537,0.255662650,10.637654305,-0.995738131,0.082026920,0.039786129,-0.013936353
1653512830.174177647,2.065494537,0.255662650,10.637654305,-0.995738131,0.082026920,0.039786129,-0.013936353
1653512830.241082430,2.343858957,0.193382859,10.868106842,-0.995639149,0.082133859,0.041629072,-0.014957758
1653512830.307656527,2.343858957,0.193382859,10.868106842,-0.995639149,0.082133859,0.041629072,-0.014957758
1653512830.376114607,2.656418562,0.127593085,11.093894005,-0.995642794,0.081298233,0.042485834,-0.016762372
1653512830.440618515,2.656418562,0.127593085,11.093894005,-0.995642794,0.081298233,0.042485834,-0.016762372
1653512830.507997274,2.991669655,0.064573921,11.307048798,-0.995713248,0.080434085,0.041646597,-0.018736243
1653512830.575540066,2.991669655,0.064573921,11.307048798,-0.995713248,0.080434085,0.041646597,-0.018736243
1653512830.640739679,3.379327297,0.079162404,11.594746590,-0.995758660,0.079997920,0.040006932,-0.021551570
1653512830.707300186,3.379327297,0.079162404,11.594746590,-0.995758660,0.079997920,0.040006932,-0.021551570
1653512830.774061918,3.787351370,0.047871541,11.866536140,-0.995866885,0.078833758,0.038754757,-0.023074977
1653512830.844147444,3.787351370,0.047871541,11.866536140,-0.995866885,0.078833758,0.038754757,-0.023074977
1653512830.907950401,2.927861214,3.055510759,12.143788338,-0.946279063,-0.320154642,0.025514970,-0.037495692
1653512830.973817825,2.927861214,3.055510759,12.143788338,-0.946279063,-0.320154642,0.025514970,-0.037495692
1653512831.041761875,3.284452438,3.363177061,12.391823769,-0.945844337,-0.321214224,0.025756912,-0.039198141
1653512831.109073639,3.284452438,3.363177061,12.391823769,-0.945844337,-0.321214224,0.025756912,-0.039198141
1653512831.173763514,3.650347710,3.680139780,12.603277206,-0.945273918,-0.322634751,0.026844255,-0.040539156
1653512831.240648508,3.650347710,3.680139780,12.603277206,-0.945273918,-0.322634751,0.026844255,-0.040539156
1653512831.307424784,4.041731358,4.018290520,12.795455933,-0.944790656,-0.323946712,0.027016690,-0.041221868
1653512831.374067068,4.041731358,4.018290520,12.795455933,-0.944790656,-0.323946712,0.027016690,-0.041221868
1653512831.440702915,4.454678059,4.372217178,12.980185509,-0.944387940,-0.325067529,0.027127632,-0.041552515
1653512831.508789062,4.454678059,4.372217178,12.980185509,-0.944387940,-0.325067529,0.027127632,-0.041552515
1653512831.574509621,4.887257099,4.749883652,13.165196419,-0.944130284,-0.325830066,0.027552986,-0.041153478
1653512831.640490294,4.887257099,4.749883652,13.165196419,-0.944130284,-0.325830066,0.027552986,-0.041153478
1653512831.707315445,5.328633308,5.126180172,13.356423378,-0.944012877,-0.326154946,0.028249951,-0.040799271
1653512831.773789644,5.328633308,5.126180172,13.356423378,-0.944012877,-0.326154946,0.028249951,-0.040799271
1653512831.840819359,5.799254894,5.554567337,13.538756371,-0.943913361,-0.326448239,0.028374313,-0.040669558
1653512831.910394430,5.799254894,5.554567337,13.538756371,-0.943913361,-0.326448239,0.028374313,-0.040669558
1653512831.974556684,6.284094334,5.986683846,13.707701683,-0.943730204,-0.327055315,0.028259921,-0.040118580
1653512832.043035984,6.284094334,5.986683846,13.707701683,-0.943730204,-0.327055315,0.028259921,-0.040118580
1653512832.107913971,6.797066212,6.447801113,13.874557495,-0.943695329,-0.327169069,0.028580072,-0.039783240
1653512832.173868895,6.797066212,6.447801113,13.874557495,-0.943695329,-0.327169069,0.028580072,-0.039783240
1653512832.243492126,7.336662769,6.939956188,14.041238785,-0.943925734,-0.326522260,0.029402036,-0.039024893
1653512832.307462215,7.336662769,6.939956188,14.041238785,-0.943925734,-0.326522260,0.029402036,-0.039024893
1653512832.374958754,7.864551544,7.422276020,14.191877365,-0.944152651,-0.325966655,0.029131690,-0.038377795
1653512832.440762520,7.864551544,7.422276020,14.191877365,-0.944152651,-0.325966655,0.029131690,-0.038377795
1653512832.507258654,8.423838615,7.923305511,14.337450981,-0.944672837,-0.324561631,0.029412173,-0.037254558
1653512832.574021339,8.423838615,7.923305511,14.337450981,-0.944672837,-0.324561631,0.029412173,-0.037254558
1653512832.642671347,9.012511253,8.468391418,14.478051186,-0.945003827,-0.323571122,0.030419205,-0.036662896
1653512832.707653761,9.012511253,8.468391418,14.478051186,-0.945003827,-0.323571122,0.030419205,-0.036662896
1653512832.774160385,9.606006622,9.009423256,14.611968994,-0.945393196,-0.322547969,0.030767931,-0.035324886
1653512832.840868950,9.606006622,9.009423256,14.611968994,-0.945393196,-0.322547969,0.030767931,-0.035324886
1653512832.907457829,10.215158463,9.567489624,14.741990089,-0.945939455,-0.320985010,0.030831811,-0.034879352
1653512832.974725246,10.215158463,9.567489624,14.741990089,-0.945939455,-0.320985010,0.030831811,-0.034879352
1653512833.041891813,10.850808144,10.154752731,14.866414070,-0.946083054,-0.320509637,0.031412209,-0.034838217
1653512833.108919859,10.850808144,10.154752731,14.866414070,-0.946083054,-0.320509637,0.031412209,-0.034838217
1653512833.175065041,11.469341278,10.720272064,14.983398438,-0.946291827,-0.319827445,0.031144225,-0.035668199
1653512833.240771294,11.469341278,10.720272064,14.983398438,-0.946291827,-0.319827445,0.031144225,-0.035668199
1653512833.307398081,12.129221916,11.324372292,15.096837997,-0.946561538,-0.318922617,0.030711706,-0.036965002
1653512833.374276161,12.129221916,11.324372292,15.096837997,-0.946561538,-0.318922617,0.030711706,-0.036965002
1653512833.440831900,12.798593521,11.940731049,15.208013535,-0.946499477,-0.318995360,0.030171549,-0.038345497
1653512833.508332491,12.798593521,11.940731049,15.208013535,-0.946499477,-0.318995360,0.030171549,-0.038345497
1653512833.574023247,13.500404358,12.585597992,15.327261925,-0.946573480,-0.318749661,0.029487831,-0.039086687
1653512833.640842915,13.500404358,12.585597992,15.327261925,-0.946573480,-0.318749661,0.029487831,-0.039086687
1653512833.707420111,14.174000740,13.191673279,15.451889992,-0.946748193,-0.318449437,0.027098924,-0.039031573
1653512833.773865700,14.174000740,13.191673279,15.451889992,-0.946748193,-0.318449437,0.027098924,-0.039031573
1653512833.840772629,14.935371399,13.891567230,15.574645996,-0.946646265,-0.318737981,0.026142746,-0.039793279
1653512833.908297777,14.935371399,13.891567230,15.574645996,-0.946646265,-0.318737981,0.026142746,-0.039793279
1653512833.974362612,15.603206635,14.480878830,15.695728302,-0.946882218,-0.318100969,0.024229500,-0.040481729
1653512834.040502787,15.603206635,14.480878830,15.695728302,-0.946882218,-0.318100969,0.024229500,-0.040481729
1653512834.107506275,16.418649673,15.240465164,15.809780121,-0.946998950,-0.317551075,0.023663690,-0.042359576
1653512834.173967838,16.418649673,15.240465164,15.809780121,-0.946998950,-0.317551075,0.023663690,-0.042359576
1653512834.240401983,17.168132782,15.923002243,15.926289558,-0.947062393,-0.317322112,0.022078423,-0.043497649
1653512834.307100058,17.168132782,15.923002243,15.926289558,-0.947062393,-0.317322112,0.022078423,-0.043497649
1653512834.378053188,17.965797424,16.668340683,16.051242828,-0.947436774,-0.316195585,0.019945850,-0.044565399
1653512834.443595648,17.965797424,16.668340683,16.051242828,-0.947436774,-0.316195585,0.019945850,-0.044565399
1653512834.507271528,18.715021133,17.367834091,16.166578293,-0.947610804,-0.315708938,0.018121824,-0.045091357
1653512834.574262857,18.715021133,17.367834091,16.166578293,-0.947610804,-0.315708938,0.018121824,-0.045091357
1653512834.640794992,19.538805008,18.145242691,16.286045074,-0.947762257,-0.315312835,0.016827276,-0.045181435
1653512834.707291842,19.538805008,18.145242691,16.286045074,-0.947762257,-0.315312835,0.016827276,-0.045181435
1653512834.773860931,20.352161407,18.915077209,16.403387070,-0.948132777,-0.314305850,0.015859755,-0.044772060
1653512834.843935490,20.352161407,18.915077209,16.403387070,-0.948132777,-0.314305850,0.015859755,-0.044772060
1653512834.907546282,21.202173233,19.734979630,16.519399643,-0.948126762,-0.314371745,0.015052877,-0.044715324
1653512834.973849297,21.202173233,19.734979630,16.519399643,-0.948126762,-0.314371745,0.015052877,-0.044715324
1653512835.045139313,22.091920853,20.598178864,16.643117905,-0.948191891,-0.314232889,0.014132740,-0.044610482
1653512835.107106924,22.091920853,20.598178864,16.643117905,-0.948191891,-0.314232889,0.014132740,-0.044610482
1653512835.173822403,22.916557312,21.407285690,16.754255295,-0.948062513,-0.314656427,0.014079528,-0.044391117
1653512835.241779804,22.916557312,21.407285690,16.754255295,-0.948062513,-0.314656427,0.014079528,-0.044391117
1653512835.307476282,23.792419434,22.272232056,16.872051239,-0.947981183,-0.315070004,0.013261421,-0.043436207
1653512835.373833656,23.792419434,22.272232056,16.872051239,-0.947981183,-0.315070004,0.013261421,-0.043436207
1653512835.440548658,24.577203751,23.030822754,16.998323441,-0.947887606,-0.315592619,0.011958039,-0.042040329
1653512835.507376432,24.577203751,23.030822754,16.998323441,-0.947887606,-0.315592619,0.011958039,-0.042040329
1653512835.573771954,25.551853180,24.015188217,17.111932755,-0.947338349,-0.317282858,0.013957450,-0.041071039
1653512835.640853405,25.551853180,24.015188217,17.111932755,-0.947338349,-0.317282858,0.013957450,-0.041071039
1653512835.707485437,26.369508743,24.806568146,17.248952866,-0.947179638,-0.318056144,0.013017038,-0.039007426
1653512835.775864363,26.369508743,24.806568146,17.248952866,-0.947179638,-0.318056144,0.013017038,-0.039007426
1653512835.840435982,27.307634354,25.726505280,17.373863220,-0.947077388,-0.318503378,0.014175582,-0.037404183
1653512835.907118559,27.307634354,25.726505280,17.373863220,-0.947077388,-0.318503378,0.014175582,-0.037404183
1653512835.973936558,28.249553680,26.643829346,17.503055573,-0.946941379,-0.318981947,0.013702931,-0.036942832
1653512836.040410042,28.249553680,26.643829346,17.503055573,-0.946941379,-0.318981947,0.013702931,-0.036942832
1653512836.108150482,29.187026978,27.545200348,17.637668610,-0.947031893,-0.318769508,0.014670433,-0.036074537
1653512836.174307108,29.187026978,27.545200348,17.637668610,-0.947031893,-0.318769508,0.014670433,-0.036074537
1653512836.240762472,30.092533112,28.411420822,17.770713806,-0.947159087,-0.318402819,0.015607295,-0.035576968
1653512836.307159901,30.092533112,28.411420822,17.770713806,-0.947159087,-0.318402819,0.015607295,-0.035576968
1653512836.374496460,31.126388550,29.414867401,17.900676727,-0.947685176,-0.316788046,0.017120609,-0.035284936
1653512836.440512419,31.126388550,29.414867401,17.900676727,-0.947685176,-0.316788046,0.017120609,-0.035284936
1653512836.507168293,32.096321106,30.344434738,18.031860352,-0.948338122,-0.314890454,0.017511851,-0.034527433
1653512836.574898720,32.096321106,30.344434738,18.031860352,-0.948338122,-0.314890454,0.017511851,-0.034527433
1653512836.640424728,33.112258911,31.324192047,18.164697647,-0.949018892,-0.312920689,0.019227330,-0.032773387
1653512836.707242966,33.112258911,31.324192047,18.164697647,-0.949018892,-0.312920689,0.019227330,-0.032773387
1653512836.773682833,34.153480530,32.330158234,18.302539825,-0.949560753,-0.311348614,0.020952677,-0.030941924
1653512836.844734669,34.153480530,32.330158234,18.302539825,-0.949560753,-0.311348614,0.020952677,-0.030941924
1653512836.907237291,35.161209106,33.285793304,18.450588226,-0.950006220,-0.310135207,0.022224006,-0.028468016
1653512836.975813866,35.161209106,33.285793304,18.450588226,-0.950006220,-0.310135207,0.022224006,-0.028468016
1653512837.041021109,36.232376099,34.303565979,18.601856232,-0.950563179,-0.308568325,0.022322014,-0.026776088
1653512837.107034922,36.232376099,34.303565979,18.601856232,-0.950563179,-0.308568325,0.022322014,-0.026776088
1653512837.174013615,37.317466736,35.326381683,18.756580353,-0.950762800,-0.307941940,0.023384510,-0.025981233
1653512837.240339518,37.317466736,35.326381683,18.756580353,-0.950762800,-0.307941940,0.023384510,-0.025981233
1653512837.307429552,38.384338379,36.331325531,18.923185349,-0.951040745,-0.307176918,0.021599280,-0.026406702
1653512837.374975920,38.384338379,36.331325531,18.923185349,-0.951040745,-0.307176918,0.021599280,-0.026406702
1653512837.440667152,39.491077423,37.376846313,19.095546722,-0.951219934,-0.306633627,0.021469017,-0.026373041
1653512837.507637501,39.491077423,37.376846313,19.095546722,-0.951219934,-0.306633627,0.021469017,-0.026373041
1653512837.576929808,40.585964203,38.400520325,19.287471771,-0.951026492,-0.307522653,0.018367533,-0.025319245
1653512837.640337944,40.585964203,38.400520325,19.287471771,-0.951026492,-0.307522653,0.018367533,-0.025319245
1653512837.707041264,41.770015717,39.526401520,19.461256027,-0.951036667,-0.307551793,0.017300993,-0.025334337
1653512837.773886204,41.770015717,39.526401520,19.461256027,-0.951036667,-0.307551793,0.017300993,-0.025334337
1653512837.840894699,42.873031616,40.531929016,19.659057617,-0.951421316,-0.306574791,0.014792197,-0.024301585
1653512837.907663107,42.873031616,40.531929016,19.659057617,-0.951421316,-0.306574791,0.014792197,-0.024301585
1653512837.974627256,44.067565918,41.636608124,19.852067947,-0.951582069,-0.306222198,0.012183818,-0.023897389
1653512838.041607857,44.067565918,41.636608124,19.852067947,-0.951582069,-0.306222198,0.012183818,-0.023897389
1653512838.107526541,45.204151154,42.658546448,20.057548523,-0.951655700,-0.306211684,0.008678208,-0.022594741
1653512838.174220085,45.204151154,42.658546448,20.057548523,-0.951655700,-0.306211684,0.008678208,-0.022594741
1653512838.240753889,46.442211151,43.780994415,20.267055511,-0.951610601,-0.306526415,0.006140352,-0.021002806
1653512838.307162046,46.442211151,43.780994415,20.267055511,-0.951610601,-0.306526415,0.006140352,-0.021002806
1653512838.374204636,47.687026978,44.908435822,20.478750229,-0.951344617,-0.307393494,0.004056678,-0.020885453
1653512838.440301418,47.687026978,44.908435822,20.478750229,-0.951344617,-0.307393494,0.004056678,-0.020885453
1653512838.507134914,48.892883301,45.986778259,20.691158295,-0.951106729,-0.308230043,-0.000119195,-0.019753892
1653512838.573659182,48.892883301,45.986778259,20.691158295,-0.951106729,-0.308230043,-0.000119195,-0.019753892
1653512838.640378952,49.996471405,46.943809509,20.912242889,-0.950792411,-0.309225999,-0.001614336,-0.019247513
1653512838.707312584,49.996471405,46.943809509,20.912242889,-0.950792411,-0.309225999,-0.001614336,-0.019247513
1653512838.774771452,51.235286713,48.045421600,21.128416061,-0.950366296,-0.310516827,-0.003330018,-0.019290300
1653512838.840499163,51.235286713,48.045421600,21.128416061,-0.950366296,-0.310516827,-0.003330018,-0.019290300
1653512838.907967567,52.428958893,49.087921143,21.354795456,-0.949875012,-0.312037384,-0.004663893,-0.018664984
1653512838.974539518,52.428958893,49.087921143,21.354795456,-0.949875012,-0.312037384,-0.004663893,-0.018664984
1653512839.041153908,53.599052429,50.087680817,21.578639984,-0.949264256,-0.313869575,-0.005008419,-0.018925558
1653512839.107644796,53.599052429,50.087680817,21.578639984,-0.949264256,-0.313869575,-0.005008419,-0.018925558
1653512839.174096346,54.933826447,51.260574341,21.798200607,-0.948631788,-0.315762975,-0.005156121,-0.019102044
1653512839.240467072,54.933826447,51.260574341,21.798200607,-0.948631788,-0.315762975,-0.005156121,-0.019102044
1653512839.310388088,56.097076416,52.236904144,22.044269562,-0.947914802,-0.317872711,-0.005850337,-0.019499790
1653512839.373733521,56.097076416,52.236904144,22.044269562,-0.947914802,-0.317872711,-0.005850337,-0.019499790
1653512839.440487862,57.419219971,53.398132324,22.270401001,-0.947013345,-0.320510426,-0.006320039,-0.019971184
1653512839.512637138,57.419219971,53.398132324,22.270401001,-0.947013345,-0.320510426,-0.006320039,-0.019971184
1653512839.573588848,58.764999390,54.576461792,22.506662369,-0.946102791,-0.323081313,-0.005715638,-0.021801522
1653512839.640308857,58.764999390,54.576461792,22.506662369,-0.946102791,-0.323081313,-0.005715638,-0.021801522
1653512839.707004309,59.993938446,55.623386383,22.757490158,-0.945455891,-0.324841285,-0.008179734,-0.022899549
1653512839.774083853,59.993938446,55.623386383,22.757490158,-0.945455891,-0.324841285,-0.008179734,-0.022899549
1653512839.840900183,61.335254669,56.794567108,23.011421204,-0.944718208,-0.326839307,-0.008590436,-0.024693715
1653512839.910227060,61.335254669,56.794567108,23.011421204,-0.944718208,-0.326839307,-0.008590436,-0.024693715
1653512839.973868608,62.672836304,57.962718964,23.272041321,-0.944075295,-0.328553709,-0.010012445,-0.025962457
1653512840.040332794,62.672836304,57.962718964,23.272041321,-0.944075295,-0.328553709,-0.010012445,-0.025962457
1653512840.107358456,63.989685059,59.115673065,23.545885086,-0.943528029,-0.329902579,-0.012473039,-0.027632776
1653512840.173675776,63.989685059,59.115673065,23.545885086,-0.943528029,-0.329902579,-0.012473039,-0.027632776
1653512840.240712881,65.388351440,60.350116730,23.824548721,-0.942853728,-0.331656746,-0.013426396,-0.029161326
1653512840.307366371,65.388351440,60.350116730,23.824548721,-0.942853728,-0.331656746,-0.013426396,-0.029161326
1653512840.373807669,66.755577087,61.538513184,24.109722137,-0.942103735,-0.333755580,-0.014666827,-0.028855685
1653512840.440238714,66.755577087,61.538513184,24.109722137,-0.942103735,-0.333755580,-0.014666827,-0.028855685
1653512840.507864475,68.156410217,62.762874603,24.394350052,-0.941763690,-0.334573892,-0.014768814,-0.030386601
1653512840.573940039,68.156410217,62.762874603,24.394350052,-0.941763690,-0.334573892,-0.014768814,-0.030386601
1653512840.640575647,69.497047424,63.916706085,24.684183121,-0.941659765,-0.334773040,-0.016065091,-0.030754055
1653512840.707348108,69.497047424,63.916706085,24.684183121,-0.941659765,-0.334773040,-0.016065091,-0.030754055
1653512840.775858879,70.813034058,65.048439026,24.980827332,-0.941311320,-0.335741616,-0.015326300,-0.031235742
1653512840.840457201,70.813034058,65.048439026,24.980827332,-0.941311320,-0.335741616,-0.015326300,-0.031235742
1653512840.907148361,72.211532593,66.282287598,25.265340805,-0.941303069,-0.335746823,-0.014313811,-0.031901684
1653512840.975308895,72.211532593,66.282287598,25.265340805,-0.941303069,-0.335746823,-0.014313811,-0.031901684
1653512841.043230295,73.646980286,67.558525085,25.575986862,-0.941147845,-0.336349540,-0.013171801,-0.030597788
1653512841.107460976,73.646980286,67.558525085,25.575986862,-0.941147845,-0.336349540,-0.013171801,-0.030597788
1653512841.173933268,74.931838989,68.694778442,25.877771378,-0.940665612,-0.337821397,-0.011968761,-0.029692747
1653512841.240349770,74.931838989,68.694778442,25.877771378,-0.940665612,-0.337821397,-0.011968761,-0.029692747
1653512841.308150530,76.339187622,69.955696106,26.194534302,-0.940166355,-0.339254946,-0.011334514,-0.029408090
1653512841.374107361,76.339187622,69.955696106,26.194534302,-0.940166355,-0.339254946,-0.011334514,-0.029408090
1653512841.440967560,77.619949341,71.085258484,26.519502640,-0.939593374,-0.340815157,-0.012206081,-0.029331408
1653512841.507289171,77.619949341,71.085258484,26.519502640,-0.939593374,-0.340815157,-0.012206081,-0.029331408
1653512841.573891401,79.045967102,72.372177124,26.852785110,-0.938578972,-0.343437198,-0.013206442,-0.030756999
1653512841.640605211,79.045967102,72.372177124,26.852785110,-0.938578972,-0.343437198,-0.013206442,-0.030756999
1653512841.707196474,80.595901489,73.800621033,27.194894791,-0.937522630,-0.346108399,-0.013223384,-0.032945971
1653512841.776911497,80.595901489,73.800621033,27.194894791,-0.937522630,-0.346108399,-0.013223384,-0.032945971
1653512841.840792656,81.869743347,74.931045532,27.543428421,-0.936184815,-0.349385110,-0.016048821,-0.035078097
1653512841.908158064,81.869743347,74.931045532,27.543428421,-0.936184815,-0.349385110,-0.016048821,-0.035078097
1653512841.974421263,83.417663574,76.363166809,27.900245667,-0.934889129,-0.352438745,-0.017037442,-0.038457412
1653512842.040669680,83.417663574,76.363166809,27.900245667,-0.934889129,-0.352438745,-0.017037442,-0.038457412
1653512842.107203007,84.724159241,77.542266846,28.264938354,-0.933522536,-0.355508034,-0.019816354,-0.041916882
1653512842.174421549,84.724159241,77.542266846,28.264938354,-0.933522536,-0.355508034,-0.019816354,-0.041916882
1653512842.241288185,86.171607971,78.890670776,28.631278992,-0.932085020,-0.358452939,-0.022657758,-0.047070506
1653512842.308107138,86.171607971,78.890670776,28.631278992,-0.932085020,-0.358452939,-0.022657758,-0.047070506
1653512842.374579906,87.584785461,80.206214905,29.002481461,-0.930728806,-0.361302291,-0.024542531,-0.051011835
1653512842.440378666,87.584785461,80.206214905,29.002481461,-0.930728806,-0.361302291,-0.024542531,-0.051011835
1653512842.507033110,88.901779175,81.424453735,29.357679367,-0.929616826,-0.363726832,-0.025768058,-0.053398081
1653512842.574024677,88.901779175,81.424453735,29.357679367,-0.929616826,-0.363726832,-0.025768058,-0.053398081
1653512842.642196894,90.351776123,82.812393188,29.730754852,-0.928580118,-0.366081720,-0.026207151,-0.055102841
1653512842.707261086,90.351776123,82.812393188,29.730754852,-0.928580118,-0.366081720,-0.026207151,-0.055102841
1653512842.774022102,91.815727234,84.254310608,30.097707748,-0.927664832,-0.368314512,-0.026381755,-0.055555218
1653512842.841087818,91.815727234,84.254310608,30.097707748,-0.927664832,-0.368314512,-0.026381755,-0.055555218
1653512842.906976223,93.223648071,85.673721313,30.465410233,-0.926844469,-0.370508370,-0.025256567,-0.055181368
1653512842.973526716,93.223648071,85.673721313,30.465410233,-0.926844469,-0.370508370,-0.025256567,-0.055181368
1653512843.040812016,94.595169067,87.072044373,30.832439423,-0.925672937,-0.373737867,-0.024093850,-0.053564048
1653512843.107876062,94.595169067,87.072044373,30.832439423,-0.925672937,-0.373737867,-0.024093850,-0.053564048
1653512843.173666239,96.049758911,88.604919434,31.193859100,-0.924293804,-0.377482588,-0.021997839,-0.051999564
1653512843.240511179,96.049758911,88.604919434,31.193859100,-0.924293804,-0.377482588,-0.021997839,-0.051999564
1653512843.307062149,97.535316467,90.205238342,31.554216385,-0.922835183,-0.381355797,-0.019581540,-0.050591943
1653512843.374114990,97.535316467,90.205238342,31.554216385,-0.922835183,-0.381355797,-0.019581540,-0.050591943
1653512843.440768480,98.962356567,91.742950439,31.916006088,-0.921453606,-0.385003274,-0.018028773,-0.048689784
1653512843.507530451,98.962356567,91.742950439,31.916006088,-0.921453606,-0.385003274,-0.018028773,-0.048689784
1653512843.574000597,100.189102173,93.049026489,32.274417877,-0.919817796,-0.389230188,-0.017253788,-0.046231914
1653512843.640501261,100.189102173,93.049026489,32.274417877,-0.919817796,-0.389230188,-0.017253788,-0.046231914
1653512843.707052469,101.744163513,94.754859924,32.642749786,-0.918393021,-0.392686458,-0.015689870,-0.045885004
1653512843.773710728,101.744163513,94.754859924,32.642749786,-0.918393021,-0.392686458,-0.015689870,-0.045885004
1653512843.842285633,103.212539673,96.366859436,33.011917114,-0.917138148,-0.395475859,-0.015504547,-0.047075155
1653512843.908481836,103.212539673,96.366859436,33.011917114,-0.917138148,-0.395475859,-0.015504547,-0.047075155
1653512843.973640203,104.640625000,97.951240540,33.377250671,-0.915843204,-0.398367531,-0.015577501,-0.047873554
1653512844.041793108,104.640625000,97.951240540,33.377250671,-0.915843204,-0.398367531,-0.015577501,-0.047873554
1653512844.107013464,106.031578064,99.488258362,33.747829437,-0.915053961,-0.399918138,-0.016963148,-0.049537703
1653512844.177673817,106.031578064,99.488258362,33.747829437,-0.915053961,-0.399918138,-0.016963148,-0.049537703
1653512844.246352911,107.385833740,100.983245850,34.141227722,-0.914347430,-0.401301691,-0.019595060,-0.050415912
1653512844.307249069,107.385833740,100.983245850,34.141227722,-0.914347430,-0.401301691,-0.019595060,-0.050415912
1653512844.376832724,108.900596619,102.722717285,34.515865326,-0.913769822,-0.402372561,-0.020212654,-0.052081502
1653512844.440930367,108.900596619,102.722717285,34.515865326,-0.913769822,-0.402372561,-0.020212654,-0.052081502
1653512844.507576704,110.183631897,104.180343628,34.883419037,-0.913288157,-0.403250507,-0.022197764,-0.052924759
1653512844.573823452,110.183631897,104.180343628,34.883419037,-0.913288157,-0.403250507,-0.022197764,-0.052924759
1653512844.640365124,111.533103943,105.747528076,35.255966187,-0.912909766,-0.403962591,-0.024117974,-0.053181843
1653512844.706954002,111.533103943,105.747528076,35.255966187,-0.912909766,-0.403962591,-0.024117974,-0.053181843
1653512844.774019241,113.056129456,107.580482483,35.636566162,-0.912200033,-0.405487478,-0.023848701,-0.053872488
1653512844.841531515,113.056129456,107.580482483,35.636566162,-0.912200033,-0.405487478,-0.023848701,-0.053872488
1653512844.907964706,114.466217041,109.301681519,36.017181396,-0.911272949,-0.407559517,-0.024738779,-0.053524245
1653512844.973958254,114.466217041,109.301681519,36.017181396,-0.911272949,-0.407559517,-0.024738779,-0.053524245
1653512845.040398836,115.907325745,111.094146729,36.397159576,-0.910336682,-0.409817849,-0.024642983,-0.052241556
1653512845.107657433,115.907325745,111.094146729,36.397159576,-0.910336682,-0.409817849,-0.024642983,-0.052241556
1653512845.174439430,117.175552368,112.664367676,36.781494141,-0.909387975,-0.412073834,-0.025370701,-0.050645774
1653512845.245048046,117.175552368,112.664367676,36.781494141,-0.909387975,-0.412073834,-0.025370701,-0.050645774
1653512845.308131218,118.552658081,114.402030945,37.163906097,-0.908795395,-0.413668026,-0.024497834,-0.048678025
1653512845.373880386,118.552658081,114.402030945,37.163906097,-0.908795395,-0.413668026,-0.024497834,-0.048678025
1653512845.440932989,119.991485596,116.236457825,37.541255951,-0.908341107,-0.414948194,-0.022570832,-0.047169764
1653512845.507134914,119.991485596,116.236457825,37.541255951,-0.908341107,-0.414948194,-0.022570832,-0.047169764
1653512845.573969603,121.308029175,117.918617249,37.921981812,-0.907681465,-0.416652054,-0.021188883,-0.045458291
1653512845.640743494,121.308029175,117.918617249,37.921981812,-0.907681465,-0.416652054,-0.021188883,-0.045458291
1653512845.707072258,122.675354004,119.680435181,38.294982910,-0.907566853,-0.417185489,-0.019848520,-0.043413263
1653512845.774637222,122.675354004,119.680435181,38.294982910,-0.907566853,-0.417185489,-0.019848520,-0.043413263
1653512845.841050148,124.026550293,121.426155090,38.667716980,-0.907039728,-0.418653888,-0.018426999,-0.040844818
1653512845.906899929,124.026550293,121.426155090,38.667716980,-0.907039728,-0.418653888,-0.018426999,-0.040844818
1653512845.973736763,125.367080688,123.194061279,39.039237976,-0.906371178,-0.420349569,-0.017304903,-0.038704876
1653512846.041572571,125.367080688,123.194061279,39.039237976,-0.906371178,-0.420349569,-0.017304903,-0.038704876
1653512846.107064724,126.726257324,124.996414185,39.414863586,-0.905690648,-0.422170182,-0.015834609,-0.035299460
1653512846.179860830,126.726257324,124.996414185,39.414863586,-0.905690648,-0.422170182,-0.015834609,-0.035299460
1653512846.242972612,127.979446411,126.637268066,39.801033020,-0.904615992,-0.424854127,-0.014783179,-0.030827491
1653512846.307207584,127.979446411,126.637268066,39.801033020,-0.904615992,-0.424854127,-0.014783179,-0.030827491
1653512846.373717070,129.362228394,128.512878418,40.172996521,-0.903422558,-0.427715939,-0.012458655,-0.027046974
1653512846.441307545,129.362228394,128.512878418,40.172996521,-0.903422558,-0.427715939,-0.012458655,-0.027046974
1653512846.507693768,130.647781372,130.215896606,40.554008484,-0.902348719,-0.430256110,-0.011232172,-0.022810238
1653512846.576142788,130.647781372,130.215896606,40.554008484,-0.902348719,-0.430256110,-0.011232172,-0.022810238
1653512846.641020536,132.020614624,132.077606201,40.935913086,-0.901009751,-0.433237112,-0.010280740,-0.019527903
1653512846.706955194,132.020614624,132.077606201,40.935913086,-0.901009751,-0.433237112,-0.010280740,-0.019527903
1653512846.773615360,133.471954346,134.077774048,41.319446564,-0.900240507,-0.434935761,-0.008806953,-0.017898348
1653512846.840895176,133.471954346,134.077774048,41.319446564,-0.900240507,-0.434935761,-0.008806953,-0.017898348
1653512846.907005548,134.723266602,135.732208252,41.699623108,-0.899629703,-0.436269606,-0.008869276,-0.016017638
1653512846.973797083,134.723266602,135.732208252,41.699623108,-0.899629703,-0.436269606,-0.008869276,-0.016017638
1653512847.040257454,136.148727417,137.683639526,42.081668854,-0.898974793,-0.437665351,-0.008254956,-0.015007240
1653512847.107508183,136.148727417,137.683639526,42.081668854,-0.898974793,-0.437665351,-0.008254956,-0.015007240
1653512847.175088882,137.630783081,139.725082397,42.475566864,-0.898361247,-0.438960782,-0.007591373,-0.014243360
1653512847.240442276,137.630783081,139.725082397,42.475566864,-0.898361247,-0.438960782,-0.007591373,-0.014243360
1653512847.307178736,138.853988647,141.315780640,42.858181000,-0.898013135,-0.439716498,-0.008473000,-0.012248252
1653512847.373535156,138.853988647,141.315780640,42.858181000,-0.898013135,-0.439716498,-0.008473000,-0.012248252
1653512847.443248272,140.396316528,143.455886841,43.260066986,-0.897481912,-0.440822896,-0.007512585,-0.012039664
1653512847.507501125,140.396316528,143.455886841,43.260066986,-0.897481912,-0.440822896,-0.007512585,-0.012039664
1653512847.573671579,141.791473389,145.377685547,43.646480560,-0.896490728,-0.442859310,-0.007206675,-0.011316787
1653512847.640265226,141.791473389,145.377685547,43.646480560,-0.896490728,-0.442859310,-0.007206675,-0.011316787
1653512847.707034111,143.164093018,147.252792358,44.036800385,-0.895734183,-0.444416221,-0.007191160,-0.010138212
1653512847.774138212,143.164093018,147.252792358,44.036800385,-0.895734183,-0.444416221,-0.007191160,-0.010138212
1653512847.840818882,144.692184448,149.407897949,44.435993195,-0.894663640,-0.446597491,-0.006480639,-0.009254968
1653512847.907275915,144.692184448,149.407897949,44.435993195,-0.894663640,-0.446597491,-0.006480639,-0.009254968
1653512847.974157572,146.001632690,151.163131714,44.828681946,-0.893761182,-0.448421520,-0.006906917,-0.007834814
1653512848.040925980,146.001632690,151.163131714,44.828681946,-0.893761182,-0.448421520,-0.006906917,-0.007834814
1653512848.108500242,147.398864746,153.060531616,45.225608826,-0.893007502,-0.449921570,-0.007564555,-0.007138576
1653512848.174121618,147.398864746,153.060531616,45.225608826,-0.893007502,-0.449921570,-0.007564555,-0.007138576
1653512848.240215540,148.847732544,155.052154541,45.618309021,-0.892471597,-0.450982206,-0.007657024,-0.007132214
1653512848.307149649,148.847732544,155.052154541,45.618309021,-0.892471597,-0.450982206,-0.007657024,-0.007132214
1653512848.374223948,150.242279053,156.922042847,46.012798309,-0.892078733,-0.451753545,-0.007505962,-0.007611156
1653512848.440460682,150.242279053,156.922042847,46.012798309,-0.892078733,-0.451753545,-0.007505962,-0.007611156
1653512848.507315636,151.713897705,158.933410645,46.405292511,-0.892234958,-0.451428819,-0.007538550,-0.008483567
1653512848.578948975,151.713897705,158.933410645,46.405292511,-0.892234958,-0.451428819,-0.007538550,-0.008483567
1653512848.647890568,153.282852173,161.081283569,46.825206757,-0.892201960,-0.451481014,-0.006976122,-0.009585994
1653512848.708330631,153.282852173,161.081283569,46.825206757,-0.892201960,-0.451481014,-0.006976122,-0.009585994
1653512848.774948835,154.613433838,162.855331421,47.197265625,-0.892115768,-0.451661019,-0.006405563,-0.009526245
1653512848.842151880,154.613433838,162.855331421,47.197265625,-0.892115768,-0.451661019,-0.006405563,-0.009526245
1653512848.907010794,156.025253296,164.754226685,47.579895020,-0.892161608,-0.451572329,-0.006082797,-0.009648699
1653512848.973612309,156.025253296,164.754226685,47.579895020,-0.892161608,-0.451572329,-0.006082797,-0.009648699
1653512849.040734768,157.458206177,166.697357178,47.971714020,-0.891857500,-0.452181426,-0.005636955,-0.009506994
1653512849.108444452,157.458206177,166.697357178,47.971714020,-0.891857500,-0.452181426,-0.005636955,-0.009506994
1653512849.173638582,158.969177246,168.813491821,48.370063782,-0.891303244,-0.453282507,-0.004905909,-0.009456650
1653512849.240166664,158.969177246,168.813491821,48.370063782,-0.891303244,-0.453282507,-0.004905909,-0.009456650
1653512849.307057142,158.969177246,168.813491821,48.370063782,-0.891303244,-0.453282507,-0.004905909,-0.009456650
1653512849.380886555,158.969177246,168.813491821,48.370063782,-0.891303244,-0.453282507,-0.004905909,-0.009456650
1653512849.440676212,160.391265869,170.744247437,48.774291992,-0.890690490,-0.454511634,-0.004370872,-0.008397710
1653512849.507248163,160.391265869,170.744247437,48.774291992,-0.890690490,-0.454511634,-0.004370872,-0.008397710
1653512849.574264765,161.896316528,172.847442627,49.189033508,-0.889799549,-0.456261433,-0.003723718,-0.008270522
1653512849.641241312,161.896316528,172.847442627,49.189033508,-0.889799549,-0.456261433,-0.003723718,-0.008270522
1653512849.707147360,163.385284424,174.904006958,49.605899811,-0.889169339,-0.457489642,-0.003164034,-0.008432221
1653512849.774319410,163.385284424,174.904006958,49.605899811,-0.889169339,-0.457489642,-0.003164034,-0.008432221
1653512849.843614340,164.806549072,176.825958252,50.019489288,-0.889002543,-0.457811614,-0.003219923,-0.008522664
1653512849.906922340,164.806549072,176.825958252,50.019489288,-0.889002543,-0.457811614,-0.003219923,-0.008522664
1653512849.973924398,166.343521118,178.941772461,50.453720093,-0.888698443,-0.458397172,-0.003109084,-0.008800255
1653512850.040259600,166.343521118,178.941772461,50.453720093,-0.888698443,-0.458397172,-0.003109084,-0.008800255
1653512850.107175112,167.784927368,180.904968262,50.873176575,-0.888605593,-0.458561211,-0.002806326,-0.009687074
1653512850.173993111,167.784927368,180.904968262,50.873176575,-0.888605593,-0.458561211,-0.002806326,-0.009687074
1653512850.240304708,169.340164185,183.059310913,51.288269043,-0.888996123,-0.457779466,-0.003037722,-0.010706370
1653512850.307272434,169.340164185,183.059310913,51.288269043,-0.888996123,-0.457779466,-0.003037722,-0.010706370
1653512850.374688387,170.880950928,185.185195923,51.707633972,-0.889270945,-0.457204304,-0.003733618,-0.012143729
1653512850.440198183,170.880950928,185.185195923,51.707633972,-0.889270945,-0.457204304,-0.003733618,-0.012143729
1653512850.510299921,172.356246948,187.175430298,52.126945496,-0.889540185,-0.456641609,-0.004553517,-0.013265246
1653512850.573478699,172.356246948,187.175430298,52.126945496,-0.889540185,-0.456641609,-0.004553517,-0.013265246
1653512850.640206814,173.785461426,189.062942505,52.539844513,-0.890138610,-0.455427758,-0.004967798,-0.014633330
1653512850.707139015,173.785461426,189.062942505,52.539844513,-0.890138610,-0.455427758,-0.004967798,-0.014633330
1653512850.773489475,175.431640625,191.383056641,52.933994293,-0.890352246,-0.454950361,-0.004397157,-0.016544228
1653512850.840548515,175.431640625,191.383056641,52.933994293,-0.890352246,-0.454950361,-0.004397157,-0.016544228
1653512850.906795979,176.813140869,193.190689087,53.329132080,-0.890818404,-0.453968877,-0.005017808,-0.018156301
1653512850.973838568,176.813140869,193.190689087,53.329132080,-0.890818404,-0.453968877,-0.005017808,-0.018156301
1653512851.040447712,178.395248413,195.395950317,53.725730896,-0.891315734,-0.452895629,-0.004791694,-0.020465841
1653512851.108554363,178.395248413,195.395950317,53.725730896,-0.891315734,-0.452895629,-0.004791694,-0.020465841
1653512851.173966646,179.926666260,197.499526978,54.122291565,-0.891881188,-0.451747100,-0.004032976,-0.021359775
1653512851.240304947,179.926666260,197.499526978,54.122291565,-0.891881188,-0.451747100,-0.004032976,-0.021359775
1653512851.307848215,181.410507202,199.531143188,54.521835327,-0.892267028,-0.450973203,-0.002861906,-0.021783746
1653512851.374533653,181.410507202,199.531143188,54.521835327,-0.892267028,-0.450973203,-0.002861906,-0.021783746
1653512851.440221071,183.005325317,201.768783569,54.918743134,-0.892823580,-0.449903579,-0.000598093,-0.021271260
1653512851.507994652,183.005325317,201.768783569,54.918743134,-0.892823580,-0.449903579,-0.000598093,-0.021271260
1653512851.573522806,184.402923584,203.643020630,55.310317993,-0.893303228,-0.449045992,0.000866378,-0.019138670
1653512851.640272617,184.402923584,203.643020630,55.310317993,-0.893303228,-0.449045992,0.000866378,-0.019138670
1653512851.707235336,185.998092651,205.911178589,55.712337494,-0.893631511,-0.448448982,0.003092773,-0.017511930
1653512851.773508072,185.998092651,205.911178589,55.712337494,-0.893631511,-0.448448982,0.003092773,-0.017511930
1653512851.841531992,187.490753174,207.958511353,56.118564606,-0.894115167,-0.447577753,0.005242425,-0.014308749
1653512851.907963514,187.490753174,207.958511353,56.118564606,-0.894115167,-0.447577753,0.005242425,-0.014308749
1653512851.974639177,189.050659180,210.132156372,56.524215698,-0.894341467,-0.447171747,0.007312576,-0.011717303
1653512852.040490150,189.050659180,210.132156372,56.524215698,-0.894341467,-0.447171747,0.007312576,-0.011717303
1653512852.106917858,190.759262085,212.608505249,56.919418335,-0.894342104,-0.447140684,0.010467153,-0.010385035
1653512852.173496723,190.759262085,212.608505249,56.919418335,-0.894342104,-0.447140684,0.010467153,-0.010385035
1653512852.241298199,192.138076782,214.430297852,57.298408508,-0.894371332,-0.447095425,0.011892441,-0.008010696
1653512852.307703972,192.138076782,214.430297852,57.298408508,-0.894371332,-0.447095425,0.011892441,-0.008010696
1653512852.374005556,193.695831299,216.597808838,57.675460815,-0.894326465,-0.447122194,0.014189148,-0.007783671
1653512852.440462112,193.695831299,216.597808838,57.675460815,-0.894326465,-0.447122194,0.014189148,-0.007783671
1653512852.512834787,195.380172729,219.005279541,58.044933319,-0.893965580,-0.447733510,0.017013639,-0.008413143
1653512852.573736429,195.380172729,219.005279541,58.044933319,-0.893965580,-0.447733510,0.017013639,-0.008413143
1653512852.640156031,196.944335938,221.146423340,58.425624847,-0.893951950,-0.447661846,0.018689340,-0.009974517
1653512852.710113049,196.944335938,221.146423340,58.425624847,-0.893951950,-0.447661846,0.018689340,-0.009974517
1653512852.774370432,198.537399292,223.403121948,58.772289276,-0.893711561,-0.448013303,0.020731114,-0.011573562
1653512852.840499401,198.537399292,223.403121948,58.772289276,-0.893711561,-0.448013303,0.020731114,-0.011573562
1653512852.908144474,200.191406250,225.700195312,59.138797760,-0.893642290,-0.448055617,0.022285400,-0.012368573
1653512852.975759983,200.191406250,225.700195312,59.138797760,-0.893642290,-0.448055617,0.022285400,-0.012368573
1653512853.040182590,201.646972656,227.588226318,59.505382538,-0.894163565,-0.447005965,0.022009557,-0.013144039
1653512853.107246161,201.646972656,227.588226318,59.505382538,-0.894163565,-0.447005965,0.022009557,-0.013144039
1653512853.173993111,203.494827271,230.235351562,59.867866516,-0.894837242,-0.445534161,0.023265278,-0.014978240
1653512853.240641356,203.494827271,230.235351562,59.867866516,-0.894837242,-0.445534161,0.023265278,-0.014978240
1653512853.306932688,205.061325073,232.315841675,60.235542297,-0.895757485,-0.443678195,0.022597972,-0.016047413
1653512853.373432875,205.061325073,232.315841675,60.235542297,-0.895757485,-0.443678195,0.022597972,-0.016047413
1653512853.440228939,206.659912109,234.457305908,60.598648071,-0.897066273,-0.441066135,0.021293198,-0.016714245
1653512853.506988525,206.659912109,234.457305908,60.598648071,-0.897066273,-0.441066135,0.021293198,-0.016714245
1653512853.573493958,208.527801514,237.128158569,60.957679749,-0.898060191,-0.438964391,0.021656305,-0.018142771
1653512853.640175343,208.527801514,237.128158569,60.957679749,-0.898060191,-0.438964391,0.021656305,-0.018142771
1653512853.707529068,210.050643921,239.122161865,61.314445496,-0.898628336,-0.437861881,0.020561840,-0.017924771
1653512853.773413897,210.050643921,239.122161865,61.314445496,-0.898628336,-0.437861881,0.020561840,-0.017924771
1653512853.840670824,211.883956909,241.725418091,61.663562775,-0.898913547,-0.437235021,0.021061564,-0.018340714
1653512853.906705379,211.883956909,241.725418091,61.663562775,-0.898913547,-0.437235021,0.021061564,-0.018340714
1653512853.973911524,213.402679443,243.732772827,62.015766144,-0.898488936,-0.438175140,0.020500142,-0.017318275
1653512854.042279243,213.402679443,243.732772827,62.015766144,-0.898488936,-0.438175140,0.020500142,-0.017318275
1653512854.108766556,215.191253662,246.256240845,62.351154327,-0.897801106,-0.439557138,0.021340717,-0.016949054
1653512854.174381495,215.191253662,246.256240845,62.351154327,-0.897801106,-0.439557138,0.021340717,-0.016949054
1653512854.240505219,217.022323608,248.843734741,62.692070007,-0.897332851,-0.440478863,0.022064898,-0.016889816
1653512854.306952000,217.022323608,248.843734741,62.692070007,-0.897332851,-0.440478863,0.022064898,-0.016889816
1653512854.373457909,218.682739258,251.113449097,63.025096893,-0.897182275,-0.440775567,0.021914812,-0.017338006
1653512854.440415621,218.682739258,251.113449097,63.025096893,-0.897182275,-0.440775567,0.021914812,-0.017338006
1653512854.506725788,220.523437500,253.736892700,63.354160309,-0.897491042,-0.440052839,0.022599515,-0.018777389
1653512854.573538303,220.523437500,253.736892700,63.354160309,-0.897491042,-0.440052839,0.022599515,-0.018777389
1653512854.642292976,222.192932129,255.998596191,63.691402435,-0.898223465,-0.438556286,0.022135392,-0.019313604
1653512854.707331419,222.192932129,255.998596191,63.691402435,-0.898223465,-0.438556286,0.022135392,-0.019313604
1653512854.774331331,224.048324585,258.619140625,64.031272888,-0.898787867,-0.437325244,0.022611110,-0.020389665
1653512854.841635466,224.048324585,258.619140625,64.031272888,-0.898787867,-0.437325244,0.022611110,-0.020389665
1653512854.909169197,225.824249268,261.109069824,64.364532471,-0.898994550,-0.436823540,0.023147183,-0.021405663
1653512854.973768711,225.824249268,261.109069824,64.364532471,-0.898994550,-0.436823540,0.023147183,-0.021405663
1653512855.040339708,227.618423462,263.619445801,64.703834534,-0.898927976,-0.436921025,0.023609275,-0.021705175
1653512855.106919765,227.618423462,263.619445801,64.703834534,-0.898927976,-0.436921025,0.023609275,-0.021705175
1653512855.173506498,229.449081421,266.257324219,65.026206970,-0.898194163,-0.438332542,0.024831378,-0.022253801
1653512855.240131855,229.449081421,266.257324219,65.026206970,-0.898194163,-0.438332542,0.024831378,-0.022253801
1653512855.307173014,231.204330444,268.714263916,65.359329224,-0.897103831,-0.440537355,0.025318528,-0.022147859
1653512855.373604774,231.204330444,268.714263916,65.359329224,-0.897103831,-0.440537355,0.025318528,-0.022147859
1653512855.440690041,233.074218750,271.397918701,65.685905457,-0.896311287,-0.442068579,0.026060751,-0.022853570
1653512855.506908655,233.074218750,271.397918701,65.685905457,-0.896311287,-0.442068579,0.026060751,-0.022853570
1653512855.573400974,235.009613037,274.207916260,66.009078979,-0.895573693,-0.443425246,0.026790182,-0.024578389
1653512855.640138149,235.009613037,274.207916260,66.009078979,-0.895573693,-0.443425246,0.026790182,-0.024578389
1653512855.707227945,236.690841675,276.452270508,66.343505859,-0.895340736,-0.443900135,0.026104135,-0.025223222
1653512855.773882627,236.690841675,276.452270508,66.343505859,-0.895340736,-0.443900135,0.026104135,-0.025223222
1653512855.840077162,238.415679932,278.749786377,66.674270630,-0.895777809,-0.443003112,0.024708537,-0.026829986
1653512855.910607100,238.415679932,278.749786377,66.674270630,-0.895777809,-0.443003112,0.024708537,-0.026829986
1653512855.973409176,240.404815674,281.569091797,66.985198975,-0.896399872,-0.441588052,0.024569646,-0.029386961
1653512856.040306091,240.404815674,281.569091797,66.985198975,-0.896399872,-0.441588052,0.024569646,-0.029386961
1653512856.107012749,242.111907959,283.801239014,67.318199158,-0.896925578,-0.440548543,0.022822453,-0.030341785
1653512856.174962997,242.111907959,283.801239014,67.318199158,-0.896925578,-0.440548543,0.022822453,-0.030341785
1653512856.239984035,244.003021240,286.424865723,67.635627747,-0.897353890,-0.439568014,0.022155028,-0.032328203
1653512856.307122231,244.003021240,286.424865723,67.635627747,-0.897353890,-0.439568014,0.022155028,-0.032328203
1653512856.373892784,245.842498779,288.977844238,67.955642700,-0.896766001,-0.440724817,0.021829896,-0.033103332
1653512856.440026045,245.842498779,288.977844238,67.955642700,-0.896766001,-0.440724817,0.021829896,-0.033103332
1653512856.506756783,247.606994629,291.425354004,68.273216248,-0.895373707,-0.443505380,0.021329200,-0.033970106
1653512856.573977709,247.606994629,291.425354004,68.273216248,-0.895373707,-0.443505380,0.021329200,-0.033970106
1653512856.640237331,249.581420898,294.329254150,68.569557190,-0.893838755,-0.446479466,0.022008689,-0.034985483
1653512856.707677841,249.581420898,294.329254150,68.569557190,-0.893838755,-0.446479466,0.022008689,-0.034985483
1653512856.774567842,251.300216675,296.702514648,68.888359070,-0.892074588,-0.450012119,0.021332713,-0.035170127
1653512856.840320110,251.300216675,296.702514648,68.888359070,-0.892074588,-0.450012119,0.021332713,-0.035170127
1653512856.906720638,253.164123535,299.380096436,69.196319580,-0.890527168,-0.452971865,0.020750852,-0.036704971
1653512856.973795891,253.164123535,299.380096436,69.196319580,-0.890527168,-0.452971865,0.020750852,-0.036704971
1653512857.040126085,255.192260742,302.391571045,69.489074707,-0.889338684,-0.455164796,0.020665890,-0.038400979
1653512857.107126951,255.192260742,302.391571045,69.489074707,-0.889338684,-0.455164796,0.020665890,-0.038400979
1653512857.175077200,257.024749756,305.014556885,69.807785034,-0.888177173,-0.457383731,0.019364569,-0.039578338
1653512857.240763664,257.024749756,305.014556885,69.807785034,-0.888177173,-0.457383731,0.019364569,-0.039578338
1653512857.307958126,258.986541748,307.921936035,70.119033813,-0.887011291,-0.459460438,0.018306639,-0.042094443
1653512857.373913765,258.986541748,307.921936035,70.119033813,-0.887011291,-0.459460438,0.018306639,-0.042094443
1653512857.440680265,261.013031006,310.997680664,70.420478821,-0.885779896,-0.461669672,0.017444149,-0.044167775
1653512857.507310629,261.013031006,310.997680664,70.420478821,-0.885779896,-0.461669672,0.017444149,-0.044167775
1653512857.574405193,262.792572021,313.595031738,70.743026733,-0.884040298,-0.464898885,0.015540071,-0.045828849
1653512857.646928310,262.792572021,313.595031738,70.743026733,-0.884040298,-0.464898885,0.015540071,-0.045828849
1653512857.707074642,264.888153076,316.888214111,71.037376404,-0.881726971,-0.469022239,0.014284086,-0.048699606
1653512857.773392200,264.888153076,316.888214111,71.037376404,-0.881726971,-0.469022239,0.014284086,-0.048699606
1653512857.841518402,266.600830078,319.421020508,71.360557556,-0.879623338,-0.472868733,0.011875691,-0.050168849
1653512857.906689405,266.600830078,319.421020508,71.360557556,-0.879623338,-0.472868733,0.011875691,-0.050168849
1653512857.973566532,268.590667725,322.551666260,71.660095215,-0.877168467,-0.477106775,0.010144775,-0.053307491
1653512858.044623613,268.590667725,322.551666260,71.660095215,-0.877168467,-0.477106775,0.010144775,-0.053307491
1653512858.108480692,270.629760742,325.817016602,71.946113586,-0.874816834,-0.481108338,0.008314576,-0.056224033
1653512858.173823118,270.629760742,325.817016602,71.946113586,-0.874816834,-0.481108338,0.008314576,-0.056224033
1653512858.240159273,272.285491943,328.263275146,72.287429810,-0.872887315,-0.484398396,0.004175173,-0.058382332
1653512858.306724310,272.285491943,328.263275146,72.287429810,-0.872887315,-0.484398396,0.004175173,-0.058382332
1653512858.373444319,274.356750488,331.651519775,72.568580627,-0.870915483,-0.487540489,0.002287249,-0.061686807
1653512858.440096617,274.356750488,331.651519775,72.568580627,-0.870915483,-0.487540489,0.002287249,-0.061686807
1653512858.506766796,276.190185547,334.540466309,72.886573792,-0.869131090,-0.490390987,-0.000776244,-0.064243481
1653512858.573440075,276.190185547,334.540466309,72.886573792,-0.869131090,-0.490390987,-0.000776244,-0.064243481
1653512858.640243292,277.887145996,337.160919189,73.219779968,-0.867988163,-0.492171046,-0.004621773,-0.065900303
1653512858.706696272,277.887145996,337.160919189,73.219779968,-0.867988163,-0.492171046,-0.004621773,-0.065900303
1653512858.774981737,279.842193604,340.378753662,73.524902344,-0.866432564,-0.494599739,-0.006701254,-0.067976498
1653512858.844526768,279.842193604,340.378753662,73.524902344,-0.866432564,-0.494599739,-0.006701254,-0.067976498
1653512858.906967163,281.701049805,343.433258057,73.851814270,-0.864755266,-0.497269895,-0.009519403,-0.069500803
1653512858.973641872,281.701049805,343.433258057,73.851814270,-0.864755266,-0.497269895,-0.009519403,-0.069500803
1653512859.040619373,283.348083496,346.125274658,74.195198059,-0.863318680,-0.499561428,-0.012456180,-0.070456222
1653512859.106847763,283.348083496,346.125274658,74.195198059,-0.863318680,-0.499561428,-0.012456180,-0.070456222
1653512859.176100969,285.209747314,349.322326660,74.520431519,-0.861430823,-0.502727091,-0.014079976,-0.070740111
1653512859.242381334,285.209747314,349.322326660,74.520431519,-0.861430823,-0.502727091,-0.014079976,-0.070740111
1653512859.306977034,286.909973145,352.217315674,74.873779297,-0.859633999,-0.505818675,-0.016385235,-0.070059822
1653512859.373625517,286.909973145,352.217315674,74.873779297,-0.859633999,-0.505818675,-0.016385235,-0.070059822
1653512859.441655397,288.756622314,355.502807617,75.189369202,-0.858232740,-0.508149507,-0.017962057,-0.069985762
1653512859.506680250,288.756622314,355.502807617,75.189369202,-0.858232740,-0.508149507,-0.017962057,-0.069985762
1653512859.573689461,290.452209473,358.471832275,75.536933899,-0.856739822,-0.510629239,-0.020046467,-0.069662020
1653512859.641187429,290.452209473,358.471832275,75.536933899,-0.856739822,-0.510629239,-0.020046467,-0.069662020
1653512859.707684755,292.175933838,361.609436035,75.857437134,-0.855161905,-0.513216972,-0.021739146,-0.069526002
1653512859.773678303,292.175933838,361.609436035,75.857437134,-0.855161905,-0.513216972,-0.021739146,-0.069526002
1653512859.841224909,293.958587646,364.956115723,76.172546387,-0.853935883,-0.515185764,-0.022786032,-0.069698877
1653512859.906991959,293.958587646,364.956115723,76.172546387,-0.853935883,-0.515185764,-0.022786032,-0.069698877
1653512859.973889589,295.699768066,368.313629150,76.485107422,-0.852130585,-0.518118497,-0.023806458,-0.069713286
1653512860.040323257,295.699768066,368.313629150,76.485107422,-0.852130585,-0.518118497,-0.023806458,-0.069713286
1653512860.108338594,297.455566406,371.782226562,76.785430908,-0.850392156,-0.520946618,-0.024246546,-0.069713033
1653512860.173502207,297.455566406,371.782226562,76.785430908,-0.850392156,-0.520946618,-0.024246546,-0.069713033
1653512860.244174719,299.125061035,375.086791992,77.106582642,-0.849049691,-0.523153426,-0.025575830,-0.069072366
1653512860.306789875,299.125061035,375.086791992,77.106582642,-0.849049691,-0.523153426,-0.025575830,-0.069072366
1653512860.373662949,300.701293945,378.213043213,77.440055847,-0.847270554,-0.526008074,-0.027158054,-0.068633475
1653512860.440873146,300.701293945,378.213043213,77.440055847,-0.847270554,-0.526008074,-0.027158054,-0.068633475
1653512860.506752968,302.424835205,381.814941406,77.719726562,-0.845753192,-0.528332709,-0.027833782,-0.069219708
1653512860.573335886,302.424835205,381.814941406,77.719726562,-0.845753192,-0.528332709,-0.027833782,-0.069219708
1653512860.640436888,303.921142578,384.856964111,78.045242310,-0.844404019,-0.530446635,-0.029230704,-0.068947701
1653512860.707747698,303.921142578,384.856964111,78.045242310,-0.844404019,-0.530446635,-0.029230704,-0.068947701
1653512860.773683548,305.647491455,388.563232422,78.327087402,-0.842611984,-0.533185133,-0.029577867,-0.069597469
1653512860.840067387,305.647491455,388.563232422,78.327087402,-0.842611984,-0.533185133,-0.029577867,-0.069597469
1653512860.907969475,307.184143066,391.813079834,78.629417419,-0.840743936,-0.536058889,-0.030165820,-0.069860754
1653512860.974308252,307.184143066,391.813079834,78.629417419,-0.840743936,-0.536058889,-0.030165820,-0.069860754
1653512861.041777849,308.679351807,395.028533936,78.935501099,-0.838920356,-0.538751067,-0.032353114,-0.070094228
1653512861.107114315,308.679351807,395.028533936,78.935501099,-0.838920356,-0.538751067,-0.032353114,-0.070094228
1653512861.173368692,310.254089355,398.548675537,79.220069885,-0.836691352,-0.542132479,-0.032820403,-0.070446988
1653512861.240031004,310.254089355,398.548675537,79.220069885,-0.836691352,-0.542132479,-0.032820403,-0.070446988
1653512861.307602406,311.637359619,401.605407715,79.519515991,-0.834348067,-0.545648147,-0.033667664,-0.070695764
1653512861.376172781,311.637359619,401.605407715,79.519515991,-0.834348067,-0.545648147,-0.033667664,-0.070695764
1653512861.440446854,313.185180664,405.216278076,79.786979675,-0.832137446,-0.548921812,-0.034333660,-0.071086673
1653512861.507236242,313.185180664,405.216278076,79.786979675,-0.832137446,-0.548921812,-0.034333660,-0.071086673
1653512861.574363947,314.653533936,408.620056152,80.061019897,-0.829524263,-0.552843859,-0.034928254,-0.070944919
1653512861.640126228,314.653533936,408.620056152,80.061019897,-0.829524263,-0.552843859,-0.034928254,-0.070944919
1653512861.706907988,316.033660889,411.843475342,80.348777771,-0.826601445,-0.557139336,-0.036123592,-0.070858292
1653512861.777445316,316.033660889,411.843475342,80.348777771,-0.826601445,-0.557139336,-0.036123592,-0.070858292
1653512861.840940475,317.539031982,415.593872070,80.589950562,-0.823843656,-0.561146198,-0.036061123,-0.071387470
1653512861.908067942,317.539031982,415.593872070,80.589950562,-0.823843656,-0.561146198,-0.036061123,-0.071387470
1653512861.974964619,318.883026123,418.911499023,80.864692688,-0.820399460,-0.566103874,-0.037284579,-0.071281068
1653512862.040082455,318.883026123,418.911499023,80.864692688,-0.820399460,-0.566103874,-0.037284579,-0.071281068
1653512862.106858730,320.366546631,422.916870117,81.096389771,-0.816632856,-0.571395867,-0.037076119,-0.072407893
1653512862.173344851,320.366546631,422.916870117,81.096389771,-0.816632856,-0.571395867,-0.037076119,-0.072407893
1653512862.240098953,321.716369629,426.551910400,81.347320557,-0.813296046,-0.576092262,-0.037679945,-0.072439412
1653512862.308087349,321.716369629,426.551910400,81.347320557,-0.813296046,-0.576092262,-0.037679945,-0.072439412
1653512862.373352766,322.960845947,429.896026611,81.634033203,-0.810020786,-0.580683874,-0.039236209,-0.071645548
1653512862.442991734,322.960845947,429.896026611,81.634033203,-0.810020786,-0.580683874,-0.039236209,-0.071645548
1653512862.510988474,324.348236084,433.895629883,81.882362366,-0.806643132,-0.585242930,-0.039803147,-0.072341405
1653512862.573432684,324.348236084,433.895629883,81.882362366,-0.806643132,-0.585242930,-0.039803147,-0.072341405
1653512862.640456676,325.594146729,437.378479004,82.191246033,-0.803838734,-0.588964525,-0.041959275,-0.072135270
1653512862.707584620,325.594146729,437.378479004,82.191246033,-0.803838734,-0.588964525,-0.041959275,-0.072135270
1653512862.773266554,326.798339844,440.940765381,82.465736389,-0.800961079,-0.592698933,-0.043495800,-0.072645992
1653512862.841132641,326.798339844,440.940765381,82.465736389,-0.800961079,-0.592698933,-0.043495800,-0.072645992
1653512862.906924009,328.178924561,445.315216064,82.706275940,-0.797691303,-0.596912218,-0.044163083,-0.073715741
1653512862.974177837,328.178924561,445.315216064,82.706275940,-0.797691303,-0.596912218,-0.044163083,-0.073715741
1653512863.040174961,329.235778809,448.325195312,83.054306030,-0.794560122,-0.601175240,-0.046168747,-0.071630924
1653512863.106941700,329.235778809,448.325195312,83.054306030,-0.794560122,-0.601175240,-0.046168747,-0.071630924
1653512863.173648119,330.430297852,452.132476807,83.344642639,-0.790728551,-0.605975614,-0.047898463,-0.072440667
1653512863.240165949,330.430297852,452.132476807,83.344642639,-0.790728551,-0.605975614,-0.047898463,-0.072440667
1653512863.306677818,331.576660156,455.876708984,83.654624939,-0.786916607,-0.610716815,-0.049280565,-0.073202810
1653512863.373268843,331.576660156,455.876708984,83.654624939,-0.786916607,-0.610716815,-0.049280565,-0.073202810
1653512863.439958811,332.531402588,458.867645264,84.015670776,-0.783534364,-0.614884389,-0.051915710,-0.072772578
1653512863.506558418,332.531402588,458.867645264,84.015670776,-0.783534364,-0.614884389,-0.051915710,-0.072772578
1653512863.574600220,333.702423096,463.089172363,84.300598145,-0.780165627,-0.618893515,-0.053448496,-0.073862509
1653512863.640001774,333.702423096,463.089172363,84.300598145,-0.780165627,-0.618893515,-0.053448496,-0.073862509
1653512863.707355499,334.718627930,466.605804443,84.655410767,-0.776822141,-0.622892492,-0.055814489,-0.073736331
1653512863.773550510,334.718627930,466.605804443,84.655410767,-0.776822141,-0.622892492,-0.055814489,-0.073736331
1653512863.841645479,335.681518555,470.067077637,85.003585815,-0.773543092,-0.626570322,-0.058561971,-0.074908030
1653512863.906699896,335.681518555,470.067077637,85.003585815,-0.773543092,-0.626570322,-0.058561971,-0.074908030
1653512863.973413706,336.733734131,474.247161865,85.309257507,-0.770205686,-0.630250342,-0.059868475,-0.077352920
1653512864.040096045,336.733734131,474.247161865,85.309257507,-0.770205686,-0.630250342,-0.059868475,-0.077352920
1653512864.112591028,337.574768066,477.414154053,85.669067383,-0.766696124,-0.634049499,-0.062853212,-0.078789334
1653512864.173373461,337.574768066,477.414154053,85.669067383,-0.766696124,-0.634049499,-0.062853212,-0.078789334
1653512864.243988752,338.557891846,481.684661865,85.988372803,-0.763234782,-0.637772431,-0.064104079,-0.081299818
1653512864.307255745,338.557891846,481.684661865,85.988372803,-0.763234782,-0.637772431,-0.064104079,-0.081299818
1653512864.373469353,339.503967285,486.253112793,86.260650635,-0.759285740,-0.641987913,-0.064652628,-0.084597415
1653512864.440333366,339.503967285,486.253112793,86.260650635,-0.759285740,-0.641987913,-0.064652628,-0.084597415
1653512864.508420706,340.225128174,489.459991455,86.616798401,-0.755501462,-0.646350097,-0.065152408,-0.084877894
1653512864.574949741,340.225128174,489.459991455,86.616798401,-0.755501462,-0.646350097,-0.065152408,-0.084877894
1653512864.640060425,341.052001953,493.642364502,86.924713135,-0.752036744,-0.650427813,-0.063965909,-0.085397645
1653512864.706957340,341.052001953,493.642364502,86.924713135,-0.752036744,-0.650427813,-0.063965909,-0.085397645
1653512864.773512363,341.760467529,497.174285889,87.256980896,-0.748434122,-0.654770550,-0.062865958,-0.084674455
1653512864.840103149,341.760467529,497.174285889,87.256980896,-0.748434122,-0.654770550,-0.062865958,-0.084674455
1653512864.906654596,342.488891602,501.229614258,87.558265686,-0.744556198,-0.659556874,-0.060097066,-0.083720618
1653512864.973979235,342.488891602,501.229614258,87.558265686,-0.744556198,-0.659556874,-0.060097066,-0.083720618
1653512865.040711880,343.211303711,505.625000000,87.843841553,-0.740833467,-0.663960760,-0.058065116,-0.083368615
1653512865.106712103,343.211303711,505.625000000,87.843841553,-0.740833467,-0.663960760,-0.058065116,-0.083368615
1653512865.174374342,343.814270020,509.075897217,88.206718445,-0.736713585,-0.668686447,-0.057922289,-0.082198158
1653512865.240088224,343.814270020,509.075897217,88.206718445,-0.736713585,-0.668686447,-0.057922289,-0.082198158
1653512865.307990789,344.438079834,513.348144531,88.505531311,-0.731996014,-0.673734201,-0.058053174,-0.083029458
1653512865.373539209,344.438079834,513.348144531,88.505531311,-0.731996014,-0.673734201,-0.058053174,-0.083029458
1653512865.440047979,344.989532471,517.235168457,88.836944580,-0.727631258,-0.678341794,-0.059224131,-0.083052180
1653512865.508740187,344.989532471,517.235168457,88.836944580,-0.727631258,-0.678341794,-0.059224131,-0.083052180
1653512865.574113607,345.490112305,521.233032227,89.157073975,-0.722535435,-0.683528010,-0.060875189,-0.083822526
1653512865.641381502,345.490112305,521.233032227,89.157073975,-0.722535435,-0.683528010,-0.060875189,-0.083822526
1653512865.707381248,345.963287354,525.375976562,89.478363037,-0.717356400,-0.688792661,-0.062748530,-0.083827729
1653512865.773191929,345.963287354,525.375976562,89.478363037,-0.717356400,-0.688792661,-0.062748530,-0.083827729
1653512865.842298985,346.386993408,529.101623535,89.823158264,-0.712434394,-0.693642064,-0.066432608,-0.082973672
1653512865.906948090,346.386993408,529.101623535,89.823158264,-0.712434394,-0.693642064,-0.066432608,-0.082973672
1653512865.973409653,346.784973145,533.755432129,90.108078003,-0.707083595,-0.698584926,-0.069879615,-0.084431806
1653512866.040848732,346.784973145,533.755432129,90.108078003,-0.707083595,-0.698584926,-0.069879615,-0.084431806
1653512866.106967926,347.138214111,537.571533203,90.443275452,0.702151019,0.703175921,0.074187623,0.083807917
1653512866.174741030,347.138214111,537.571533203,90.443275452,0.702151019,0.703175921,0.074187623,0.083807917
1653512866.240095615,347.446868896,541.546875000,90.791107178,0.698139364,0.706831987,0.078772253,0.082370526
1653512866.306711197,347.446868896,541.546875000,90.791107178,0.698139364,0.706831987,0.078772253,0.082370526
1653512866.373198748,347.686004639,546.224365234,91.106086731,0.695070022,0.709836715,0.080920978,0.080382205
1653512866.439948559,347.686004639,546.224365234,91.106086731,0.695070022,0.709836715,0.080920978,0.080382205
1653512866.507191658,347.912780762,549.798278809,91.510688782,0.691554327,0.713709552,0.082118394,0.075019049
1653512866.573571444,347.912780762,549.798278809,91.510688782,0.691554327,0.713709552,0.082118394,0.075019049
1653512866.640377522,348.055175781,554.180236816,91.853630066,0.687394511,0.718214046,0.081025780,0.071359606
1653512866.707402945,348.055175781,554.180236816,91.853630066,0.687394511,0.718214046,0.081025780,0.071359606
1653512866.773492098,348.170623779,558.077941895,92.233108521,0.681650740,0.724395554,0.078653714,0.066460093
1653512866.839846849,348.170623779,558.077941895,92.233108521,0.681650740,0.724395554,0.078653714,0.066460093
1653512866.906544685,348.240447998,561.842712402,92.622863770,0.674532843,0.731774999,0.075520293,0.061704786
1653512866.973275900,348.240447998,561.842712402,92.622863770,0.674532843,0.731774999,0.075520293,0.061704786
1653512867.040102005,348.233367920,566.176696777,92.973831177,0.666378857,0.739801706,0.072389349,0.058244638
1653512867.106894970,348.233367920,566.176696777,92.973831177,0.666378857,0.739801706,0.072389349,0.058244638
1653512867.173267841,348.204315186,570.305541992,93.360923767,0.658166871,0.747442289,0.070719821,0.056081212
1653512867.240780830,348.204315186,570.305541992,93.360923767,0.658166871,0.747442289,0.070719821,0.056081212
1653512867.307920694,348.173217773,574.016174316,93.780189514,0.650264306,0.754355232,0.070969378,0.055388301
1653512867.374948502,348.173217773,574.016174316,93.780189514,0.650264306,0.754355232,0.070969378,0.055388301
1653512867.439944744,347.991302490,578.934997559,94.128616333,0.642729186,0.760521200,0.072033989,0.057600362
1653512867.506983280,347.991302490,578.934997559,94.128616333,0.642729186,0.760521200,0.072033989,0.057600362
1653512867.574032545,347.944152832,582.373046875,94.588386536,0.636073239,0.765735576,0.076161125,0.057090682
1653512867.640083790,347.944152832,582.373046875,94.588386536,0.636073239,0.765735576,0.076161125,0.057090682
1653512867.706727743,347.815307617,586.281127930,95.019592285,0.630670178,0.769924566,0.079046487,0.056770957
1653512867.773584366,347.815307617,586.281127930,95.019592285,0.630670178,0.769924566,0.079046487,0.056770957
1653512867.840347767,347.535644531,590.934814453,95.387435913,0.626168849,0.773433688,0.080361478,0.057052046
1653512867.907156229,347.535644531,590.934814453,95.387435913,0.626168849,0.773433688,0.080361478,0.057052046
1653512867.973200798,347.372406006,594.482421875,95.836128235,0.621677442,0.777019183,0.082199445,0.054786845
1653512868.040233612,347.372406006,594.482421875,95.836128235,0.621677442,0.777019183,0.082199445,0.054786845
1653512868.107014656,347.015441895,599.097045898,96.179290771,0.616397261,0.781182050,0.081967980,0.055590212
1653512868.173816204,347.015441895,599.097045898,96.179290771,0.616397261,0.781182050,0.081967980,0.055590212
1653512868.240252018,346.774841309,602.758361816,96.578193665,0.610657281,0.785732158,0.082355821,0.054223419
1653512868.307751179,346.774841309,602.758361816,96.578193665,0.610657281,0.785732158,0.082355821,0.054223419
1653512868.374102354,346.372894287,607.065307617,96.906028748,0.603910748,0.791056638,0.080831410,0.054657914
1653512868.440230370,346.372894287,607.065307617,96.906028748,0.603910748,0.791056638,0.080831410,0.054657914
1653512868.506868601,345.962402344,611.227233887,97.239715576,0.596657045,0.796711812,0.079464176,0.054185831
1653512868.573565722,345.962402344,611.227233887,97.239715576,0.596657045,0.796711812,0.079464176,0.054185831
1653512868.640960693,345.595703125,614.931701660,97.589653015,0.590294474,0.801586680,0.078660368,0.053139194
1653512868.706914902,345.595703125,614.931701660,97.589653015,0.590294474,0.801586680,0.078660368,0.053139194
1653512868.773658752,345.088745117,619.220642090,97.905349731,0.584440884,0.806063410,0.076887652,0.052715473
1653512868.842586756,345.088745117,619.220642090,97.905349731,0.584440884,0.806063410,0.076887652,0.052715473
1653512868.907688379,344.554626465,623.410949707,98.218666077,0.579370322,0.809876981,0.075289212,0.052543700
1653512868.977604389,344.554626465,623.410949707,98.218666077,0.579370322,0.809876981,0.075289212,0.052543700
1653512869.040369987,344.006774902,627.444580078,98.555725098,0.574659467,0.813392818,0.074339360,0.051305749
1653512869.107024670,344.006774902,627.444580078,98.555725098,0.574659467,0.813392818,0.074339360,0.051305749
1653512869.173470974,343.423736572,631.447265625,98.892417908,0.569890968,0.816933322,0.073305665,0.049704238
1653512869.239970684,343.423736572,631.447265625,98.892417908,0.569890968,0.816933322,0.073305665,0.049704238
1653512869.306935549,342.880554199,635.177307129,99.249046326,0.564792818,0.820690759,0.072317914,0.047390617
1653512869.373974085,342.880554199,635.177307129,99.249046326,0.564792818,0.820690759,0.072317914,0.047390617
1653512869.440958261,342.061859131,639.733398438,99.550476074,0.559132220,0.824526134,0.072193101,0.048124529
1653512869.509685993,342.061859131,639.733398438,99.550476074,0.559132220,0.824526134,0.072193101,0.048124529
1653512869.574013472,341.320129395,643.792602539,99.894142151,0.552237761,0.829045075,0.072944233,0.048957714
1653512869.641179323,341.320129395,643.792602539,99.894142151,0.552237761,0.829045075,0.072944233,0.048957714
1653512869.707312346,340.554412842,647.726623535,100.232955933,0.545356507,0.833344870,0.074962928,0.050031669
1653512869.773610830,340.554412842,647.726623535,100.232955933,0.545356507,0.833344870,0.074962928,0.050031669
1653512869.840641260,339.612701416,652.110290527,100.547264099,0.538545862,0.837390029,0.077335278,0.052588475
1653512869.906605959,339.612701416,652.110290527,100.547264099,0.538545862,0.837390029,0.077335278,0.052588475
1653512869.976892710,338.807708740,655.944580078,100.904624939,0.532090964,0.841045801,0.080996804,0.054412171
1653512870.039963007,338.807708740,655.944580078,100.904624939,0.532090964,0.841045801,0.080996804,0.054412171
1653512870.107197046,337.836395264,660.161804199,101.251449585,0.525986613,0.844164790,0.086183980,0.057412647
1653512870.173145294,337.836395264,660.161804199,101.251449585,0.525986613,0.844164790,0.086183980,0.057412647
1653512870.240261316,336.895385742,664.164245605,101.584709167,0.521318988,0.846452261,0.090471621,0.059665470
1653512870.307783604,336.895385742,664.164245605,101.584709167,0.521318988,0.846452261,0.090471621,0.059665470
1653512870.373294592,336.076019287,667.710815430,101.955726624,0.516679520,0.848730317,0.094941690,0.060705836
1653512870.440109015,336.076019287,667.710815430,101.955726624,0.516679520,0.848730317,0.094941690,0.060705836
1653512870.506791830,335.069824219,671.708435059,102.283859253,0.512341213,0.850873252,0.098174686,0.062313096
1653512870.573102951,335.069824219,671.708435059,102.283859253,0.512341213,0.850873252,0.098174686,0.062313096
1653512870.639795542,333.909545898,675.958374023,102.604972839,0.508492120,0.852729156,0.101194451,0.063627304
1653512870.706570148,333.909545898,675.958374023,102.604972839,0.508492120,0.852729156,0.101194451,0.063627304
1653512870.773661375,333.009887695,679.328674316,102.979621887,0.504696911,0.854685971,0.103702695,0.063550525
1653512870.839972973,333.009887695,679.328674316,102.979621887,0.504696911,0.854685971,0.103702695,0.063550525
1653512870.907380104,331.830017090,683.307922363,103.300354004,0.500106224,0.857237951,0.104358273,0.064391078
1653512870.973233700,331.830017090,683.307922363,103.300354004,0.500106224,0.857237951,0.104358273,0.064391078
1653512871.040435076,330.860168457,686.628723145,103.657035828,0.495364361,0.860044646,0.104691676,0.063063531
1653512871.111340046,330.860168457,686.628723145,103.657035828,0.495364361,0.860044646,0.104691676,0.063063531
1653512871.173451424,329.557037354,690.627136230,103.950317383,0.490132000,0.863049083,0.104030794,0.063988252
1653512871.240026712,329.557037354,690.627136230,103.950317383,0.490132000,0.863049083,0.104030794,0.063988252
1653512871.306786776,328.259216309,694.490905762,104.254829407,0.484395023,0.866509132,0.102239422,0.063800364
1653512871.374590158,328.259216309,694.490905762,104.254829407,0.484395023,0.866509132,0.102239422,0.063800364
1653512871.440555096,327.265289307,697.519287109,104.617034912,0.479091620,0.869710038,0.101478041,0.061464430
1653512871.508135557,327.265289307,697.519287109,104.617034912,0.479091620,0.869710038,0.101478041,0.061464430
1653512871.573366165,325.460083008,702.192871094,104.858009338,0.473827653,0.872634934,0.099594987,0.063847206
1653512871.640852928,325.460083008,702.192871094,104.858009338,0.473827653,0.872634934,0.099594987,0.063847206
1653512871.706549644,324.188720703,705.560913086,105.201385498,0.468409174,0.875743019,0.099305144,0.061688720
1653512871.775721550,324.188720703,705.560913086,105.201385498,0.468409174,0.875743019,0.099305144,0.061688720
1653512871.842490196,322.547393799,709.573364258,105.498481750,0.463132793,0.878546703,0.099449142,0.061429429
1653512871.907917261,322.547393799,709.573364258,105.498481750,0.463132793,0.878546703,0.099449142,0.061429429
1653512871.976842642,321.074127197,713.148376465,105.839889526,0.457376095,0.881489580,0.100558871,0.060589947
1653512872.039925814,321.074127197,713.148376465,105.839889526,0.457376095,0.881489580,0.100558871,0.060589947
1653512872.107370853,319.672607422,716.503784180,106.175750732,0.451291524,0.884484636,0.102248817,0.059733308
1653512872.175839424,319.672607422,716.503784180,106.175750732,0.451291524,0.884484636,0.102248817,0.059733308
1653512872.240648746,318.024993896,720.196289062,106.460182190,0.445380854,0.887163552,0.104658683,0.060193745
1653512872.307613611,318.024993896,720.196289062,106.460182190,0.445380854,0.887163552,0.104658683,0.060193745
1653512872.373191357,316.369781494,723.848815918,106.762580872,0.438874913,0.890116361,0.107280272,0.059771383
1653512872.443640471,316.369781494,723.848815918,106.762580872,0.438874913,0.890116361,0.107280272,0.059771383
1653512872.507264376,314.878082275,727.079711914,107.086494446,0.432507462,0.892941549,0.110158207,0.058803537
1653512872.578096390,314.878082275,727.079711914,107.086494446,0.432507462,0.892941549,0.110158207,0.058803537
1653512872.640027285,312.899475098,731.078796387,107.356941223,0.426066716,0.895695905,0.112669629,0.059173926
1653512872.707000494,312.899475098,731.078796387,107.356941223,0.426066716,0.895695905,0.112669629,0.059173926
1653512872.773984432,311.314849854,734.280944824,107.687484741,0.419449096,0.898553382,0.115517230,0.057619833
1653512872.843656778,311.314849854,734.280944824,107.687484741,0.419449096,0.898553382,0.115517230,0.057619833
1653512872.907640457,309.860198975,737.194274902,108.027511597,0.412605254,0.901494140,0.118087976,0.055860985
1653512872.973355293,309.860198975,737.194274902,108.027511597,0.412605254,0.901494140,0.118087976,0.055860985
1653512873.039839268,307.681976318,741.161621094,108.280128479,0.405862772,0.904092478,0.120832061,0.057374335
1653512873.107937574,307.681976318,741.161621094,108.280128479,0.405862772,0.904092478,0.120832061,0.057374335
1653512873.174323797,306.099182129,744.058471680,108.621246338,0.399061581,0.906755844,0.123987150,0.056310571
1653512873.243771315,306.099182129,744.058471680,108.621246338,0.399061581,0.906755844,0.123987150,0.056310571
1653512873.306689501,304.021514893,747.626892090,108.909523010,0.391648657,0.909566894,0.126794042,0.056768526
1653512873.373358488,304.021514893,747.626892090,108.909523010,0.391648657,0.909566894,0.126794042,0.056768526
1653512873.444758892,302.087585449,750.888977051,109.221611023,0.384175779,0.912436609,0.129562453,0.055515550
1653512873.507133245,302.087585449,750.888977051,109.221611023,0.384175779,0.912436609,0.129562453,0.055515550
1653512873.573613882,300.227081299,753.943969727,109.573158264,0.376997885,0.915051512,0.132859125,0.053868163
1653512873.642275333,300.227081299,753.943969727,109.573158264,0.376997885,0.915051512,0.132859125,0.053868163
1653512873.707255125,297.759918213,757.692382812,109.834259033,0.369870095,0.917497394,0.135863304,0.054183096
1653512873.775221109,297.759918213,757.692382812,109.834259033,0.369870095,0.917497394,0.135863304,0.054183096
1653512873.841824293,296.095764160,760.268371582,110.233520508,0.363367623,0.919861451,0.138753029,0.050660414
1653512873.906467676,296.095764160,760.268371582,110.233520508,0.363367623,0.919861451,0.138753029,0.050660414
1653512873.974205256,293.728363037,763.659973145,110.550445557,0.356231360,0.922320778,0.141257673,0.049697787
1653512874.039900541,293.728363037,763.659973145,110.550445557,0.356231360,0.922320778,0.141257673,0.049697787
1653512874.106947422,291.510009766,766.760498047,110.895202637,0.349058517,0.924708685,0.143762755,0.049033349
1653512874.173676014,291.510009766,766.760498047,110.895202637,0.349058517,0.924708685,0.143762755,0.049033349
1653512874.240071058,289.388336182,769.648559570,111.258193970,0.342361718,0.926836789,0.146665871,0.047446214
1653512874.307014227,289.388336182,769.648559570,111.258193970,0.342361718,0.926836789,0.146665871,0.047446214
1653512874.373239040,287.103118896,772.650756836,111.613449097,0.335147133,0.929102932,0.149540852,0.045625365
1653512874.439950228,287.103118896,772.650756836,111.613449097,0.335147133,0.929102932,0.149540852,0.045625365
1653512874.506542683,284.934051514,775.428344727,111.987007141,0.328117318,0.931397696,0.151246744,0.044291974
1653512874.573384285,284.934051514,775.428344727,111.987007141,0.328117318,0.931397696,0.151246744,0.044291974
1653512874.642932653,282.557006836,778.353576660,112.346389771,0.321632794,0.933581806,0.152018483,0.043217334
1653512874.706570148,282.557006836,778.353576660,112.346389771,0.321632794,0.933581806,0.152018483,0.043217334
1653512874.774255276,279.811798096,781.591247559,112.702354431,0.314598954,0.935948748,0.152200627,0.043155630
1653512874.840053558,279.811798096,781.591247559,112.702354431,0.314598954,0.935948748,0.152200627,0.043155630
1653512874.906624317,277.837402344,783.899902344,113.130241394,0.307600501,0.938449512,0.151940959,0.040104736
1653512874.973780394,277.837402344,783.899902344,113.130241394,0.307600501,0.938449512,0.151940959,0.040104736
1653512875.045550823,275.279449463,786.714111328,113.497375488,0.299662863,0.941192760,0.151016446,0.039400374
1653512875.106954575,275.279449463,786.714111328,113.497375488,0.299662863,0.941192760,0.151016446,0.039400374
1653512875.176427603,272.480041504,789.674865723,113.886337280,0.290770686,0.944240230,0.149451065,0.039079090
1653512875.239997864,272.480041504,789.674865723,113.886337280,0.290770686,0.944240230,0.149451065,0.039079090
1653512875.308443308,270.269165039,791.973632812,114.293998718,0.281942106,0.947033191,0.148895834,0.038299006
1653512875.373127222,270.269165039,791.973632812,114.293998718,0.281942106,0.947033191,0.148895834,0.038299006
1653512875.440358162,267.458038330,794.782897949,114.639305115,0.272483671,0.949941557,0.147761640,0.039117585
1653512875.506986618,267.458038330,794.782897949,114.639305115,0.272483671,0.949941557,0.147761640,0.039117585
1653512875.573491812,265.061950684,797.140197754,115.038719177,0.263148731,0.952930292,0.145579445,0.038512715
1653512875.640551329,265.061950684,797.140197754,115.038719177,0.263148731,0.952930292,0.145579445,0.038512715
1653512875.707381725,262.271911621,799.753967285,115.405609131,0.253371958,0.955725506,0.144528659,0.038766940
1653512875.776346445,262.271911621,799.753967285,115.405609131,0.253371958,0.955725506,0.144528659,0.038766940
1653512875.840146065,259.554351807,802.233215332,115.789535522,0.244301707,0.958223701,0.143729925,0.038284756
1653512875.906533957,259.554351807,802.233215332,115.789535522,0.244301707,0.958223701,0.143729925,0.038284756
1653512875.973467350,256.757934570,804.710449219,116.161575317,0.235113577,0.960531297,0.143907339,0.037308317
1653512876.039819479,256.757934570,804.710449219,116.161575317,0.235113577,0.960531297,0.143907339,0.037308317
1653512876.106518030,253.550857544,807.409790039,116.505325317,0.225678909,0.962601258,0.145018833,0.037912888
1653512876.174315214,253.550857544,807.409790039,116.505325317,0.225678909,0.962601258,0.145018833,0.037912888
1653512876.240056515,251.016296387,809.526611328,116.924430847,0.217511484,0.964303525,0.146793451,0.035484496
1653512876.308624268,251.016296387,809.526611328,116.924430847,0.217511484,0.964303525,0.146793451,0.035484496
1653512876.373125076,248.015197754,811.920104980,117.290412903,0.209634332,0.965868823,0.148200466,0.034459908
1653512876.441427231,248.015197754,811.920104980,117.290412903,0.209634332,0.965868823,0.148200466,0.034459908
1653512876.507260323,244.915832520,814.298034668,117.643577576,0.201729922,0.967269356,0.150089069,0.034180451
1653512876.573557377,244.915832520,814.298034668,117.643577576,0.201729922,0.967269356,0.150089069,0.034180451
1653512876.640880585,242.167877197,816.384887695,118.040809631,0.194142906,0.968508592,0.152526810,0.032174710
1653512876.706779003,242.167877197,816.384887695,118.040809631,0.194142906,0.968508592,0.152526810,0.032174710
1653512876.775049925,238.568542480,818.939147949,118.349014282,0.186150526,0.969693569,0.154740323,0.033133012
1653512876.845124006,238.568542480,818.939147949,118.349014282,0.186150526,0.969693569,0.154740323,0.033133012
1653512876.907261610,235.814529419,820.911437988,118.747467041,0.178170773,0.970943647,0.156669009,0.031279882
1653512876.973346472,235.814529419,820.911437988,118.747467041,0.178170773,0.970943647,0.156669009,0.031279882
1653512877.040088892,232.971969604,822.872253418,119.109649658,0.169975077,0.972177652,0.158622209,0.028602130
1653512877.108302355,232.971969604,822.872253418,119.109649658,0.169975077,0.972177652,0.158622209,0.028602130
1653512877.173493862,229.869186401,824.920837402,119.448837280,0.161391856,0.973475586,0.159639852,0.028514376
1653512877.239798307,229.869186401,824.920837402,119.448837280,0.161391856,0.973475586,0.159639852,0.028514376
1653512877.310629606,226.554367065,826.994018555,119.774909973,0.152685630,0.974685152,0.160751748,0.028893382
1653512877.377589703,226.554367065,826.994018555,119.774909973,0.152685630,0.974685152,0.160751748,0.028893382
1653512877.441233397,223.474990845,828.851257324,120.137260437,0.143885076,0.975878896,0.161844045,0.027640026
1653512877.507687330,223.474990845,828.851257324,120.137260437,0.143885076,0.975878896,0.161844045,0.027640026
1653512877.574064493,220.380935669,830.637634277,120.458892822,0.135474918,0.977139634,0.161456165,0.027867350
1653512877.640163183,220.380935669,830.637634277,120.458892822,0.135474918,0.977139634,0.161456165,0.027867350
1653512877.706672430,217.120147705,832.443908691,120.768714905,0.126726703,0.978292054,0.161545397,0.028072860
1653512877.773249388,217.120147705,832.443908691,120.768714905,0.126726703,0.978292054,0.161545397,0.028072860
1653512877.840425730,213.909591675,834.149963379,121.074363708,0.118863821,0.979175271,0.162256092,0.027570648
1653512877.906515598,213.909591675,834.149963379,121.074363708,0.118863821,0.979175271,0.162256092,0.027570648
1653512877.973245144,210.524871826,835.869079590,121.368072510,0.110377276,0.980210922,0.162023146,0.027420904
1653512878.039705992,210.524871826,835.869079590,121.368072510,0.110377276,0.980210922,0.162023146,0.027420904
1653512878.106561899,207.432876587,837.388122559,121.681106567,0.102163656,0.981151324,0.161950451,0.026013814
1653512878.173329592,207.432876587,837.388122559,121.681106567,0.102163656,0.981151324,0.161950451,0.026013814
1653512878.239793777,203.529418945,839.179870605,121.925987244,0.094583320,0.981771791,0.162665863,0.026794835
1653512878.308558702,203.529418945,839.179870605,121.925987244,0.094583320,0.981771791,0.162665863,0.026794835
1653512878.373348475,200.574890137,840.504150391,122.254325867,0.087045910,0.982529717,0.162647221,0.024581421
1653512878.439963102,200.574890137,840.504150391,122.254325867,0.087045910,0.982529717,0.162647221,0.024581421
1653512878.507603168,196.714950562,842.090759277,122.493019104,0.078651918,0.983219544,0.162732479,0.024725391
1653512878.573255301,196.714950562,842.090759277,122.493019104,0.078651918,0.983219544,0.162732479,0.024725391
1653512878.640227795,193.375823975,843.413269043,122.784324646,0.071322203,0.983868298,0.162509306,0.022517573
1653512878.706390381,193.375823975,843.413269043,122.784324646,0.071322203,0.983868298,0.162509306,0.022517573
1653512878.773425102,190.472137451,844.541870117,123.104339600,0.063265973,0.984717807,0.161086935,0.019474499
1653512878.840055466,190.472137451,844.541870117,123.104339600,0.063265973,0.984717807,0.161086935,0.019474499
1653512878.907286167,186.669219971,845.902526855,123.315551758,0.054674226,0.985345337,0.160351705,0.019814788
1653512878.973066092,186.669219971,845.902526855,123.315551758,0.054674226,0.985345337,0.160351705,0.019814788
1653512879.040608406,183.085510254,847.107116699,123.557418823,0.046274410,0.985812675,0.160272570,0.018567482
1653512879.108667612,183.085510254,847.107116699,123.557418823,0.046274410,0.985812675,0.160272570,0.018567482
1653512879.173258066,179.729034424,848.161987305,123.809524536,0.038155903,0.986182466,0.160326930,0.016838811
1653512879.239745617,179.729034424,848.161987305,123.809524536,0.038155903,0.986182466,0.160326930,0.016838811
1653512879.306729078,176.133834839,849.237060547,124.034286499,0.030207592,0.986535876,0.160002237,0.015288921
1653512879.373306513,176.133834839,849.237060547,124.034286499,0.030207592,0.986535876,0.160002237,0.015288921
1653512879.440283298,172.749053955,850.216979980,124.278411865,0.022591725,0.986853323,0.159482542,0.013245807
1653512879.506860495,172.749053955,850.216979980,124.278411865,0.022591725,0.986853323,0.159482542,0.013245807
1653512879.574419737,169.228973389,851.171386719,124.498817444,0.014751461,0.986886845,0.160304187,0.011803240
1653512879.641397476,169.228973389,851.171386719,124.498817444,0.014751461,0.986886845,0.160304187,0.011803240
1653512879.706654549,165.835601807,852.044921875,124.725662231,0.007364691,0.987002161,0.160203357,0.010362399
1653512879.773302078,165.835601807,852.044921875,124.725662231,0.007364691,0.987002161,0.160203357,0.010362399
1653512879.840375662,162.470443726,852.853698730,124.919593811,0.000792219,0.987325783,0.158394336,0.009919886
1653512879.906545639,162.470443726,852.853698730,124.919593811,0.000792219,0.987325783,0.158394336,0.009919886
1653512879.973346949,158.895965576,853.632202148,125.087944031,-0.005798323,0.987736439,0.155718844,0.009733829
1653512880.040669680,158.895965576,853.632202148,125.087944031,-0.005798323,0.987736439,0.155718844,0.009733829
1653512880.106472969,154.991485596,854.407348633,125.211555481,-0.012111001,0.988353365,0.151292040,0.011030317
1653512880.173037529,154.991485596,854.407348633,125.211555481,-0.012111001,0.988353365,0.151292040,0.011030317
1653512880.240692854,151.471282959,855.061889648,125.366699219,-0.017571179,0.988900650,0.147139964,0.010797647
1653512880.308911562,151.471282959,855.061889648,125.366699219,-0.017571179,0.988900650,0.147139964,0.010797647
1653512880.373355150,147.995544434,855.666015625,125.518119812,-0.023717882,0.989541815,0.141883118,0.010660176
1653512880.440043211,147.995544434,855.666015625,125.518119812,-0.023717882,0.989541815,0.141883118,0.010660176
1653512880.506740808,145.102859497,856.149902344,125.694618225,-0.030204423,0.990002514,0.137440220,0.009638479
1653512880.573348045,145.102859497,856.149902344,125.694618225,-0.030204423,0.990002514,0.137440220,0.009638479
1653512880.639873505,140.707778931,856.738281250,125.710044861,-0.036785089,0.990136819,0.134591596,0.012690154
1653512880.706757545,140.707778931,856.738281250,125.710044861,-0.036785089,0.990136819,0.134591596,0.012690154
1653512880.774456501,136.857147217,857.194091797,125.782997131,-0.043733670,0.990170943,0.132176546,0.013350260
1653512880.841771603,136.857147217,857.194091797,125.782997131,-0.043733670,0.990170943,0.132176546,0.013350260
1653512880.908111334,133.582946777,857.584472656,125.917724609,-0.051011770,0.990296710,0.128676518,0.012352289
1653512880.973469734,133.582946777,857.584472656,125.917724609,-0.051011770,0.990296710,0.128676518,0.012352289
1653512881.040576220,129.695190430,857.968444824,125.966217041,-0.057561801,0.990285112,0.125907155,0.013016350
1653512881.107134104,129.695190430,857.968444824,125.966217041,-0.057561801,0.990285112,0.125907155,0.013016350
1653512881.173123121,125.962043762,858.269958496,126.017448425,-0.064199686,0.990046268,0.124564820,0.013053466
1653512881.244898796,125.962043762,858.269958496,126.017448425,-0.064199686,0.990046268,0.124564820,0.013053466
1653512881.306532383,122.630638123,858.516662598,126.102752686,-0.070622095,0.989968784,0.121778690,0.012011537
1653512881.374571800,122.630638123,858.516662598,126.102752686,-0.070622095,0.989968784,0.121778690,0.012011537
1653512881.440124512,118.547676086,858.742065430,126.103141785,-0.076492352,0.989771224,0.119779599,0.012437518
1653512881.506663322,118.547676086,858.742065430,126.103141785,-0.076492352,0.989771224,0.119779599,0.012437518
1653512881.573902607,115.186492920,858.934265137,126.181037903,-0.081865579,0.989643099,0.117384225,0.011202961
1653512881.640220881,115.186492920,858.934265137,126.181037903,-0.081865579,0.989643099,0.117384225,0.011202961
1653512881.706693888,111.245628357,859.079101562,126.183609009,-0.087298578,0.989395295,0.115566489,0.010967912
1653512881.773117304,111.245628357,859.079101562,126.183609009,-0.087298578,0.989395295,0.115566489,0.010967912
1653512881.839927912,107.955055237,859.198364258,126.248878479,-0.091542793,0.989324844,0.112986703,0.009501309
1653512881.906690359,107.955055237,859.198364258,126.248878479,-0.091542793,0.989324844,0.112986703,0.009501309
1653512881.973837376,103.790924072,859.223327637,126.204391479,-0.096413265,0.989071157,0.111075903,0.010240735
1653512882.039797783,103.790924072,859.223327637,126.204391479,-0.096413265,0.989071157,0.111075903,0.010240735
1653512882.108576775,100.444633484,859.261657715,126.257171631,-0.101020806,0.988952694,0.108080849,0.009267991
1653512882.173222542,100.444633484,859.261657715,126.257171631,-0.101020806,0.988952694,0.108080849,0.009267991
1653512882.241312981,96.200759888,859.173767090,126.192924500,-0.106148836,0.988639630,0.105943707,0.010001900
1653512882.306300163,96.200759888,859.173767090,126.192924500,-0.106148836,0.988639630,0.105943707,0.010001900
1653512882.373183250,92.321617126,859.056152344,126.168159485,-0.111773778,0.988283844,0.103494209,0.009519183
1653512882.440010071,92.321617126,859.056152344,126.168159485,-0.111773778,0.988283844,0.103494209,0.009519183
1653512882.506343126,89.332290649,859.011474609,126.232238770,-0.117274525,0.988054412,0.099691497,0.007534595
1653512882.580049992,89.332290649,859.011474609,126.232238770,-0.117274525,0.988054412,0.099691497,0.007534595
1653512882.640448332,85.584556580,858.856506348,126.193695068,-0.122950510,0.987643729,0.096937844,0.006788981
1653512882.706309080,85.584556580,858.856506348,126.193695068,-0.122950510,0.987643729,0.096937844,0.006788981
1653512882.773041487,81.240074158,858.565612793,126.095283508,-0.128539337,0.987041698,0.095742918,0.007721343
1653512882.839809895,81.240074158,858.565612793,126.095283508,-0.128539337,0.987041698,0.095742918,0.007721343
1653512882.906400204,77.738540649,858.348815918,126.101409912,-0.133920329,0.986541941,0.093601720,0.006249935
1653512882.974159479,77.738540649,858.348815918,126.101409912,-0.133920329,0.986541941,0.093601720,0.006249935
1653512883.040641308,73.859497070,858.043273926,126.049468994,-0.138345477,0.986117282,0.091653531,0.005732811
1653512883.106250763,73.859497070,858.043273926,126.049468994,-0.138345477,0.986117282,0.091653531,0.005732811
1653512883.174281836,70.292541504,857.760620117,126.045066833,-0.142889471,0.985680406,0.089447707,0.003980567
1653512883.240564585,70.292541504,857.760620117,126.045066833,-0.142889471,0.985680406,0.089447707,0.003980567
1653512883.307074785,66.573974609,857.414733887,126.011398315,-0.147539827,0.985184687,0.087388979,0.002509648
1653512883.373396397,66.573974609,857.414733887,126.011398315,-0.147539827,0.985184687,0.087388979,0.002509648
1653512883.440044880,62.508075714,856.951904297,125.927558899,-0.151381958,0.984742540,0.085818583,0.000896747
1653512883.506285906,62.508075714,856.951904297,125.927558899,-0.151381958,0.984742540,0.085818583,0.000896747
1653512883.573008299,59.123989105,856.597534180,125.936737061,-0.155674755,0.984259183,0.083620310,-0.002621997
1653512883.644516230,59.123989105,856.597534180,125.936737061,-0.155674755,0.984259183,0.083620310,-0.002621997
1653512883.707282543,55.412448883,856.151916504,125.891929626,-0.159890590,0.983800515,0.080894886,-0.005250064
1653512883.773544312,55.412448883,856.151916504,125.891929626,-0.159890590,0.983800515,0.080894886,-0.005250064
1653512883.840317488,51.553028107,855.637939453,125.830772400,-0.163311973,0.983417513,0.078440689,-0.008139574
1653512883.907147646,51.553028107,855.637939453,125.830772400,-0.163311973,0.983417513,0.078440689,-0.008139574
1653512883.973632574,47.700847626,855.079284668,125.763404846,-0.166775926,0.983015056,0.075881854,-0.010446756
1653512884.040434837,47.700847626,855.079284668,125.763404846,-0.166775926,0.983015056,0.075881854,-0.010446756
1653512884.107090950,44.014411926,854.526916504,125.711219788,-0.169902621,0.982713390,0.072512581,-0.012223637
1653512884.173257113,44.014411926,854.526916504,125.711219788,-0.169902621,0.982713390,0.072512581,-0.012223637
1653512884.240085840,40.443405151,853.981201172,125.669799805,-0.172425433,0.982490711,0.069175347,-0.014008752
1653512884.306687117,40.443405151,853.981201172,125.669799805,-0.172425433,0.982490711,0.069175347,-0.014008752
1653512884.374323368,36.647800446,853.346008301,125.589111328,-0.175257091,0.982244690,0.065368840,-0.014395704
1653512884.439754725,36.647800446,853.346008301,125.589111328,-0.175257091,0.982244690,0.065368840,-0.014395704
1653512884.506747961,32.730133057,852.632690430,125.495895386,-0.178194926,0.981935624,0.062002257,-0.014308028
1653512884.573202133,32.730133057,852.632690430,125.495895386,-0.178194926,0.981935624,0.062002257,-0.014308028
1653512884.640099049,29.145858765,851.980102539,125.441261292,-0.180823505,0.981713655,0.057742838,-0.014384884
1653512884.707544088,29.145858765,851.980102539,125.441261292,-0.180823505,0.981713655,0.057742838,-0.014384884
1653512884.773941755,25.569290161,851.322814941,125.390869141,-0.183557864,0.981480994,0.052893220,-0.014278535
1653512884.841835260,25.569290161,851.322814941,125.390869141,-0.183557864,0.981480994,0.052893220,-0.014278535
1653512884.908013582,21.975513458,850.656738281,125.344673157,-0.186143143,0.981246221,0.048025819,-0.014145852
1653512884.974237680,21.975513458,850.656738281,125.344673157,-0.186143143,0.981246221,0.048025819,-0.014145852
1653512885.039997339,18.230850220,849.926940918,125.287048340,-0.187647740,0.981173968,0.043468389,-0.014016754
1653512885.106660843,18.230850220,849.926940918,125.287048340,-0.187647740,0.981173968,0.043468389,-0.014016754
1653512885.173114777,14.577213287,849.170043945,125.236862183,-0.189115714,0.981070914,0.039242263,-0.013969701
1653512885.240692616,14.577213287,849.170043945,125.236862183,-0.189115714,0.981070914,0.039242263,-0.013969701
1653512885.308707714,10.837421417,848.351257324,125.178771973,-0.190694054,0.980917061,0.035071922,-0.014403385
1653512885.373093367,10.837421417,848.351257324,125.178771973,-0.190694054,0.980917061,0.035071922,-0.014403385
1653512885.439871550,7.239076614,847.582336426,125.154281616,-0.191919845,0.980752689,0.032056197,-0.016227636
1653512885.506706953,7.239076614,847.582336426,125.154281616,-0.191919845,0.980752689,0.032056197,-0.016227636
1653512885.573730230,3.471739769,846.715820312,125.092872620,-0.193250358,0.980482697,0.031376187,-0.017986512
1653512885.640040874,3.471739769,846.715820312,125.092872620,-0.193250358,0.980482697,0.031376187,-0.017986512
1653512885.709414721,-0.482017010,845.760375977,125.018104553,-0.194750185,0.980105138,0.032281223,-0.020596272
1653512885.773339033,-0.482017010,845.760375977,125.018104553,-0.194750185,0.980105138,0.032281223,-0.020596272
1653512885.840298653,-3.857028008,845.018310547,125.033119202,-0.195166604,0.979947990,0.031596001,-0.024771463
1653512885.906369209,-3.857028008,845.018310547,125.033119202,-0.195166604,0.979947990,0.031596001,-0.024771463
1653512885.973086834,-7.510833740,844.134460449,124.986633301,-0.195523550,0.979844536,0.030119061,-0.027714037
1653512886.039966106,-7.510833740,844.134460449,124.986633301,-0.195523550,0.979844536,0.030119061,-0.027714037
1653512886.106321812,-11.325737953,843.188598633,124.941284180,-0.195048262,0.979941508,0.027620948,-0.030131356
1653512886.173016787,-11.325737953,843.188598633,124.941284180,-0.195048262,0.979941508,0.027620948,-0.030131356
1653512886.240726709,-15.199034691,842.202453613,124.894287109,-0.194069401,0.980156071,0.024856178,-0.031832606
1653512886.306504965,-15.199034691,842.202453613,124.894287109,-0.194069401,0.980156071,0.024856178,-0.031832606
1653512886.373756170,-19.071598053,841.199645996,124.850303650,-0.193027288,0.980399015,0.022147086,-0.032676362
1653512886.439655542,-19.071598053,841.199645996,124.850303650,-0.193027288,0.980399015,0.022147086,-0.032676362
1653512886.506991863,-21.985593796,840.606994629,124.918830872,-0.192428889,0.980525859,0.018895969,-0.034396280
1653512886.573174238,-21.985593796,840.606994629,124.918830872,-0.192428889,0.980525859,0.018895969,-0.034396280
1653512886.640841484,-25.650407791,839.671264648,124.862274170,-0.191260384,0.980814462,0.017350029,-0.033487793
1653512886.706629992,-25.650407791,839.671264648,124.862274170,-0.191260384,0.980814462,0.017350029,-0.033487793
1653512886.772922516,-29.677265167,838.557250977,124.776191711,-0.190861599,0.980961091,0.016138509,-0.032042734
1653512886.839991093,-29.677265167,838.557250977,124.776191711,-0.190861599,0.980961091,0.016138509,-0.032042734
1653512886.906347752,-33.207870483,837.637145996,124.755661011,-0.190652099,0.981055365,0.014085378,-0.031364784
1653512886.973078966,-33.207870483,837.637145996,124.755661011,-0.190652099,0.981055365,0.014085378,-0.031364784
1653512887.040136099,-36.450065613,836.861999512,124.776268005,-0.190120640,0.981192723,0.010956736,-0.031542554
1653512887.109222651,-36.450065613,836.861999512,124.776268005,-0.190120640,0.981192723,0.010956736,-0.031542554
1653512887.173294306,-39.906127930,835.993103027,124.765663147,-0.190371198,0.981186559,0.008034258,-0.031099740
1653512887.239916801,-39.906127930,835.993103027,124.765663147,-0.190371198,0.981186559,0.008034258,-0.031099740
1653512887.308935881,-43.375183105,835.105224609,124.753135681,-0.190661505,0.981163382,0.005226837,-0.030647814
1653512887.373458147,-43.375183105,835.105224609,124.753135681,-0.190661505,0.981163382,0.005226837,-0.030647814
1653512887.440004826,-47.232433319,834.044616699,124.705955505,-0.190973143,0.981124554,0.003411251,-0.030203179
1653512887.506543398,-47.232433319,834.044616699,124.705955505,-0.190973143,0.981124554,0.003411251,-0.030203179
1653512887.573743105,-50.485401154,833.228149414,124.716224670,-0.191784351,0.980964896,0.001415809,-0.030407729
1653512887.639956951,-50.485401154,833.228149414,124.716224670,-0.191784351,0.980964896,0.001415809,-0.030407729
1653512887.706678629,-53.926025391,832.340026855,124.719146729,-0.192577946,0.980806009,-0.000209322,-0.030549364
1653512887.773088932,-53.926025391,832.340026855,124.719146729,-0.192577946,0.980806009,-0.000209322,-0.030549364
1653512887.839931965,-57.532463074,831.344360352,124.683914185,-0.192811963,0.980762465,-0.001497214,-0.030435041
1653512887.907653809,-57.532463074,831.344360352,124.683914185,-0.192811963,0.980762465,-0.001497214,-0.030435041
1653512887.977065086,-61.014339447,830.397277832,124.660911560,-0.193509978,0.980625196,-0.002299982,-0.030378003
1653512888.039676905,-61.014339447,830.397277832,124.660911560,-0.193509978,0.980625196,-0.002299982,-0.030378003
1653512888.107297421,-64.980247498,829.214599609,124.587066650,-0.193912075,0.980558640,-0.002589859,-0.029935805
1653512888.173295498,-64.980247498,829.214599609,124.587066650,-0.193912075,0.980558640,-0.002589859,-0.029935805
1653512888.239687920,-68.006294250,828.479187012,124.602142334,-0.193812491,0.980546717,-0.003489248,-0.030865515
1653512888.309564590,-68.006294250,828.479187012,124.602142334,-0.193812491,0.980546717,-0.003489248,-0.030865515
1653512888.373536110,-71.795051575,827.386352539,124.522399902,-0.194215014,0.980474466,-0.003421401,-0.030637288
1653512888.439815760,-71.795051575,827.386352539,124.522399902,-0.194215014,0.980474466,-0.003421401,-0.030637288
1653512888.506204844,-75.420433044,826.376647949,124.473320007,-0.194488792,0.980414617,-0.003618348,-0.030792804
1653512888.574615240,-75.420433044,826.376647949,124.473320007,-0.194488792,0.980414617,-0.003618348,-0.030792804
1653512888.640065908,-78.701766968,825.538879395,124.457061768,-0.194116009,0.980468323,-0.003624646,-0.031427763
1653512888.706323147,-78.701766968,825.538879395,124.457061768,-0.194116009,0.980468323,-0.003624646,-0.031427763
1653512888.773492575,-82.508094788,824.435302734,124.378753662,-0.194622559,0.980404426,-0.003083883,-0.030326737
1653512888.840099573,-82.508094788,824.435302734,124.378753662,-0.194622559,0.980404426,-0.003083883,-0.030326737
1653512888.906356335,-85.986709595,823.471618652,124.340332031,-0.195203750,0.980293151,-0.002993087,-0.030197261
1653512888.973457575,-85.986709595,823.471618652,124.340332031,-0.195203750,0.980293151,-0.002993087,-0.030197261
1653512889.040653706,-89.480422974,822.495544434,124.294624329,-0.195029308,0.980349268,-0.003117703,-0.029481557
1653512889.109344006,-89.480422974,822.495544434,124.294624329,-0.195029308,0.980349268,-0.003117703,-0.029481557
1653512889.174730539,-93.224342346,821.385192871,124.222648621,-0.195766936,0.980230306,-0.003569784,-0.028479990
1653512889.239877701,-93.224342346,821.385192871,124.222648621,-0.195766936,0.980230306,-0.003569784,-0.028479990
1653512889.306556463,-96.516914368,820.527893066,124.198287964,-0.196778753,0.980047378,-0.004292030,-0.027691848
1653512889.373603821,-96.516914368,820.527893066,124.198287964,-0.196778753,0.980047378,-0.004292030,-0.027691848
1653512889.440481424,-99.589340210,819.791076660,124.184532166,-0.197671874,0.979888973,-0.005601006,-0.026684448
1653512889.507755280,-99.589340210,819.791076660,124.184532166,-0.197671874,0.979888973,-0.005601006,-0.026684448
1653512889.573055983,-103.411201477,818.646911621,124.074874878,-0.198892760,0.979708685,-0.005464138,-0.024139291
1653512889.639686823,-103.411201477,818.646911621,124.074874878,-0.198892760,0.979708685,-0.005464138,-0.024139291
1653512889.706963301,-107.333595276,817.426818848,123.959854126,-0.200078229,0.979524648,-0.005220313,-0.021746597
1653512889.772994995,-107.333595276,817.426818848,123.959854126,-0.200078229,0.979524648,-0.005220313,-0.021746597
1653512889.840451241,-110.426795959,816.667358398,123.933853149,-0.201082215,0.979338823,-0.006085608,-0.020600436
1653512889.907860279,-110.426795959,816.667358398,123.933853149,-0.201082215,0.979338823,-0.006085608,-0.020600436
1653512889.978733301,-114.000244141,815.650756836,123.833587646,-0.202429255,0.979107582,-0.006372346,-0.018169584
1653512890.040423870,-114.000244141,815.650756836,123.833587646,-0.202429255,0.979107582,-0.006372346,-0.018169584
1653512890.108516455,-117.894996643,814.495971680,123.710227966,-0.203701870,0.978878741,-0.006233710,-0.016220363
1653512890.173145056,-117.894996643,814.495971680,123.710227966,-0.203701870,0.978878741,-0.006233710,-0.016220363
1653512890.239512444,-120.673728943,813.874267578,123.682846069,-0.204293588,0.978751573,-0.006177289,-0.016472062
1653512890.306272745,-120.673728943,813.874267578,123.682846069,-0.204293588,0.978751573,-0.006177289,-0.016472062
1653512890.372860670,-124.455810547,812.702758789,123.533935547,-0.205474203,0.978539608,-0.005767825,-0.014398597
1653512890.439715624,-124.455810547,812.702758789,123.533935547,-0.205474203,0.978539608,-0.005767825,-0.014398597
1653512890.508437872,-127.629341125,811.893920898,123.474571228,-0.206332315,0.978354590,-0.005863952,-0.014658996
1653512890.579605103,-127.629341125,811.893920898,123.474571228,-0.206332315,0.978354590,-0.005863952,-0.014658996
1653512890.640834093,-131.441207886,810.745178223,123.342727661,-0.206773665,0.978266163,-0.005829183,-0.014352231
1653512890.706453800,-131.441207886,810.745178223,123.342727661,-0.206773665,0.978266163,-0.005829183,-0.014352231
1653512890.774117231,-135.427246094,809.465942383,123.187004089,-0.207781744,0.978059995,-0.005434532,-0.013994955
1653512890.841426611,-135.427246094,809.465942383,123.187004089,-0.207781744,0.978059995,-0.005434532,-0.013994955
1653512890.908212900,-138.291503906,808.828491211,123.150466919,-0.208587985,0.977851194,-0.005352203,-0.016414868
1653512890.973234892,-138.291503906,808.828491211,123.150466919,-0.208587985,0.977851194,-0.005352203,-0.016414868
1653512891.040030241,-141.986328125,807.726562500,123.001327515,-0.208921015,0.977772235,-0.003948776,-0.017259018
1653512891.107073307,-141.986328125,807.726562500,123.001327515,-0.208921015,0.977772235,-0.003948776,-0.017259018
1653512891.173048019,-145.373947144,806.785644531,122.879158020,-0.209480000,0.977630182,-0.002201112,-0.018775320
1653512891.240793705,-145.373947144,806.785644531,122.879158020,-0.209480000,0.977630182,-0.002201112,-0.018775320
1653512891.306348324,-149.068847656,805.685729980,122.710334778,-0.209662532,0.977588558,0.000031094,-0.019032443
1653512891.373228312,-149.068847656,805.685729980,122.710334778,-0.209662532,0.977588558,0.000031094,-0.019032443
1653512891.439678669,-152.472946167,804.771972656,122.565956116,-0.209557558,0.977605557,0.002393035,-0.019164506
1653512891.506158590,-152.472946167,804.771972656,122.565956116,-0.209557558,0.977605557,0.002393035,-0.019164506
1653512891.573468924,-155.493484497,804.074096680,122.453727722,-0.210428371,0.977401132,0.004588686,-0.019643640
1653512891.641502857,-155.493484497,804.074096680,122.453727722,-0.210428371,0.977401132,0.004588686,-0.019643640
1653512891.706547260,-158.951095581,803.117736816,122.274780273,-0.210973690,0.977277554,0.007284405,-0.019121269
1653512891.773877144,-158.951095581,803.117736816,122.274780273,-0.210973690,0.977277554,0.007284405,-0.019121269
1653512891.839588404,-163.014495850,801.787048340,122.027809143,-0.211327646,0.977200822,0.010451565,-0.017605221
1653512891.907247782,-163.014495850,801.787048340,122.027809143,-0.211327646,0.977200822,0.010451565,-0.017605221
1653512891.972831964,-166.142654419,800.974975586,121.892562866,-0.211703483,0.977105816,0.012440655,-0.017061321
1653512892.039609432,-166.142654419,800.974975586,121.892562866,-0.211703483,0.977105816,0.012440655,-0.017061321
1653512892.107004404,-169.414398193,800.071044922,121.725616455,-0.212285997,0.976963054,0.014124862,-0.016683375
1653512892.173166275,-169.414398193,800.071044922,121.725616455,-0.212285997,0.976963054,0.014124862,-0.016683375
1653512892.240040064,-173.425308228,798.738220215,121.474006653,-0.212570881,0.976888860,0.016235346,-0.015433363
1653512892.306945086,-173.425308228,798.738220215,121.474006653,-0.212570881,0.976888860,0.016235346,-0.015433363
1653512892.373026609,-176.517227173,797.904602051,121.342849731,-0.213267175,0.976730217,0.016634267,-0.015443343
1653512892.439833403,-176.517227173,797.904602051,121.342849731,-0.213267175,0.976730217,0.016634267,-0.015443343
1653512892.506297112,-180.060333252,796.831665039,121.148307800,-0.213707549,0.976646953,0.016756609,-0.014457819
1653512892.573039055,-180.060333252,796.831665039,121.148307800,-0.213707549,0.976646953,0.016756609,-0.014457819
1653512892.640028238,-183.259963989,795.944885254,120.988571167,-0.213940367,0.976600169,0.016673276,-0.014269929
1653512892.706538200,-183.259963989,795.944885254,120.988571167,-0.213940367,0.976600169,0.016673276,-0.014269929
1653512892.772993565,-187.423873901,794.511535645,120.714866638,-0.214208131,0.976556504,0.017358536,-0.012286223
1653512892.839539289,-187.423873901,794.511535645,120.714866638,-0.214208131,0.976556504,0.017358536,-0.012286223
1653512892.906290770,-190.886199951,793.441528320,120.525718689,-0.214600970,0.976468350,0.017466543,-0.012284349
1653512892.972955942,-190.886199951,793.441528320,120.525718689,-0.214600970,0.976468350,0.017466543,-0.012284349
1653512893.042364597,-194.079681396,792.517333984,120.360290527,-0.214647363,0.976465262,0.016597496,-0.012908305
1653512893.106508255,-194.079681396,792.517333984,120.360290527,-0.214647363,0.976465262,0.016597496,-0.012908305
1653512893.172822952,-197.327102661,791.561950684,120.183776855,-0.215217260,0.976346955,0.015597819,-0.013596454
1653512893.242372751,-197.327102661,791.561950684,120.183776855,-0.215217260,0.976346955,0.015597819,-0.013596454
1653512893.308541059,-201.206909180,790.193481445,119.913307190,-0.215398899,0.976305391,0.015523732,-0.013788105
1653512893.372889280,-201.206909180,790.193481445,119.913307190,-0.215398899,0.976305391,0.015523732,-0.013788105
1653512893.440227509,-204.801651001,788.998046875,119.698417664,-0.215223138,0.976337810,0.014704751,-0.015074896
1653512893.508074999,-204.801651001,788.998046875,119.698417664,-0.215223138,0.976337810,0.014704751,-0.015074896
1653512893.573474407,-207.878433228,788.066711426,119.532737732,-0.215454584,0.976262654,0.013238702,-0.017756380
1653512893.640502930,-207.878433228,788.066711426,119.532737732,-0.215454584,0.976262654,0.013238702,-0.017756380
1653512893.707462311,-211.586990356,786.765075684,119.288665771,-0.216181429,0.976092465,0.011649872,-0.019322781
1653512893.775568962,-211.586990356,786.765075684,119.288665771,-0.216181429,0.976092465,0.011649872,-0.019322781
1653512893.843784571,-215.573623657,785.311401367,119.022598267,-0.216282184,0.976055301,0.009897854,-0.020978527
1653512893.906590462,-215.573623657,785.311401367,119.022598267,-0.216282184,0.976055301,0.009897854,-0.020978527
1653512893.973955631,-218.891983032,784.257202148,118.843528748,-0.217112692,0.975827464,0.007468685,-0.023812987
1653512894.040601969,-218.891983032,784.257202148,118.843528748,-0.217112692,0.975827464,0.007468685,-0.023812987
1653512894.107101917,-222.157028198,783.180480957,118.651138306,-0.218095842,0.975591613,0.005835053,-0.024923082
1653512894.172922373,-222.157028198,783.180480957,118.651138306,-0.218095842,0.975591613,0.005835053,-0.024923082
1653512894.240687609,-225.479995728,782.071655273,118.453216553,-0.218600646,0.975477816,0.003716447,-0.025356980
1653512894.307144165,-225.479995728,782.071655273,118.453216553,-0.218600646,0.975477816,0.003716447,-0.025356980
1653512894.374088049,-229.297042847,780.677856445,118.205459595,-0.219692287,0.975222990,0.001400067,-0.025951097
1653512894.440068483,-229.297042847,780.677856445,118.205459595,-0.219692287,0.975222990,0.001400067,-0.025951097
1653512894.506605387,-232.690551758,779.515258789,118.013099670,-0.220686795,0.974990736,-0.000297689,-0.026273839
1653512894.573358059,-232.690551758,779.515258789,118.013099670,-0.220686795,0.974990736,-0.000297689,-0.026273839
1653512894.639908314,-235.906219482,778.442382812,117.834129333,-0.221736910,0.974754761,-0.002106994,-0.026104776
1653512894.706698418,-235.906219482,778.442382812,117.834129333,-0.221736910,0.974754761,-0.002106994,-0.026104776
1653512894.778779984,-239.234054565,777.310485840,117.640899658,-0.223309187,0.974388291,-0.003549004,-0.026227271
1653512894.840237379,-239.234054565,777.310485840,117.640899658,-0.223309187,0.974388291,-0.003549004,-0.026227271
1653512894.906392574,-243.026657104,775.943542480,117.420455933,-0.225030219,0.973979136,-0.005404896,-0.026397561
1653512894.974612713,-243.026657104,775.943542480,117.420455933,-0.225030219,0.973979136,-0.005404896,-0.026397561
1653512895.039730072,-245.735717773,775.141052246,117.316612244,-0.226897317,0.973490964,-0.007656301,-0.027826803
1653512895.106176376,-245.735717773,775.141052246,117.316612244,-0.226897317,0.973490964,-0.007656301,-0.027826803
1653512895.172784567,-249.429336548,773.787231445,117.112915039,-0.228710977,0.973038964,-0.007927505,-0.028698757
1653512895.239576101,-249.429336548,773.787231445,117.112915039,-0.228710977,0.973038964,-0.007927505,-0.028698757
1653512895.307473421,-253.069107056,772.444091797,116.934272766,-0.230959412,0.972455191,-0.007964290,-0.030417472
1653512895.374248266,-253.069107056,772.444091797,116.934272766,-0.230959412,0.972455191,-0.007964290,-0.030417472
1653512895.440640688,-256.285644531,771.356872559,116.808280945,-0.232856073,0.971907705,-0.007721758,-0.033374178
1653512895.506961346,-256.285644531,771.356872559,116.808280945,-0.232856073,0.971907705,-0.007721758,-0.033374178
1653512895.573197126,-259.688934326,770.144714355,116.656745911,-0.234855790,0.971367852,-0.006686648,-0.035249719
1653512895.639565468,-259.688934326,770.144714355,116.656745911,-0.234855790,0.971367852,-0.006686648,-0.035249719
1653512895.707537413,-263.285675049,768.815917969,116.486465454,-0.236856389,0.970861567,-0.004474700,-0.036150314
1653512895.773396492,-263.285675049,768.815917969,116.486465454,-0.236856389,0.970861567,-0.004474700,-0.036150314
1653512895.842411518,-266.414489746,767.780090332,116.374153137,-0.237730701,0.970620710,-0.002040654,-0.037086197
1653512895.906319618,-266.414489746,767.780090332,116.374153137,-0.237730701,0.970620710,-0.002040654,-0.037086197
1653512895.972844839,-269.664337158,766.685668945,116.251518250,-0.239141265,0.970268166,0.000991874,-0.037284809
1653512896.039707899,-269.664337158,766.685668945,116.251518250,-0.239141265,0.970268166,0.000991874,-0.037284809
1653512896.106584311,-273.231994629,765.356201172,116.086334229,-0.239536879,0.970208937,0.004274809,-0.036033716
1653512896.172726870,-273.231994629,765.356201172,116.086334229,-0.239536879,0.970208937,0.004274809,-0.036033716
1653512896.239628077,-276.790893555,764.037658691,115.949333191,-0.239249020,0.970291136,0.006364467,-0.035419080
1653512896.306124449,-276.790893555,764.037658691,115.949333191,-0.239249020,0.970291136,0.006364467,-0.035419080
1653512896.372852087,-280.256408691,762.757751465,115.833778381,-0.239003699,0.970354658,0.007441546,-0.035123966
1653512896.440117121,-280.256408691,762.757751465,115.833778381,-0.239003699,0.970354658,0.007441546,-0.035123966
1653512896.510214567,-283.568359375,761.552795410,115.748664856,-0.237940743,0.970603820,0.007955439,-0.035343166
1653512896.574506044,-283.568359375,761.552795410,115.748664856,-0.237940743,0.970603820,0.007955439,-0.035343166
1653512896.640123367,-286.912872314,760.353576660,115.673965454,-0.236387238,0.970992924,0.007593752,-0.035158921
1653512896.708611727,-286.912872314,760.353576660,115.673965454,-0.236387238,0.970992924,0.007593752,-0.035158921
1653512896.773552656,-290.172363281,759.146850586,115.595954895,-0.235825097,0.971117515,0.007822431,-0.035441590
1653512896.840133429,-290.172363281,759.146850586,115.595954895,-0.235825097,0.971117515,0.007822431,-0.035441590
1653512896.906774759,-293.513854980,757.902221680,115.517532349,-0.235205617,0.971248788,0.008258834,-0.035859476
1653512896.972937346,-293.513854980,757.902221680,115.517532349,-0.235205617,0.971248788,0.008258834,-0.035859476
1653512897.041209936,-296.809417725,756.687500000,115.442474365,-0.234127761,0.971478764,0.009011837,-0.036496419
1653512897.107223749,-296.809417725,756.687500000,115.442474365,-0.234127761,0.971478764,0.009011837,-0.036496419
1653512897.173012018,-300.237426758,755.361633301,115.351806641,-0.233820470,0.971529493,0.010273319,-0.036781672
1653512897.240578413,-300.237426758,755.361633301,115.351806641,-0.233820470,0.971529493,0.010273319,-0.036781672
1653512897.306508303,-304.064666748,753.772521973,115.220207214,-0.232829034,0.971756516,0.011329774,-0.036763445
1653512897.373143435,-304.064666748,753.772521973,115.220207214,-0.232829034,0.971756516,0.011329774,-0.036763445
1653512897.439541578,-306.677185059,752.946228027,115.212425232,-0.231578150,0.972001649,0.011905107,-0.037981882
1653512897.506334782,-306.677185059,752.946228027,115.212425232,-0.231578150,0.972001649,0.011905107,-0.037981882
1653512897.572846174,-310.042205811,751.627563477,115.106758118,-0.230626276,0.972212995,0.012525858,-0.038164330
1653512897.640284061,-310.042205811,751.627563477,115.106758118,-0.230626276,0.972212995,0.012525858,-0.038164330
1653512897.709722042,-313.316070557,750.352539062,115.013198853,-0.229793056,0.972393033,0.013206767,-0.038373459
1653512897.773420572,-313.316070557,750.352539062,115.013198853,-0.229793056,0.972393033,0.013206767,-0.038373459
1653512897.843810081,-316.306335449,749.258666992,114.952941895,-0.228487852,0.972652568,0.013042576,-0.039625426
1653512897.907631636,-316.306335449,749.258666992,114.952941895,-0.228487852,0.972652568,0.013042576,-0.039625426
1653512897.973240137,-319.909851074,747.755981445,114.813385010,-0.227735435,0.972831986,0.012656443,-0.039677625
1653512898.039583683,-319.909851074,747.755981445,114.813385010,-0.227735435,0.972831986,0.012656443,-0.039677625
1653512898.106421947,-322.802551270,746.660034180,114.739173889,-0.226968915,0.972996954,0.011188838,-0.040457979
1653512898.175235748,-322.802551270,746.660034180,114.739173889,-0.226968915,0.972996954,0.011188838,-0.040457979
1653512898.240536213,-325.918029785,745.434936523,114.643157959,-0.226224065,0.973152338,0.009103749,-0.041404363
1653512898.306650162,-325.918029785,745.434936523,114.643157959,-0.226224065,0.973152338,0.009103749,-0.041404363
1653512898.374673367,-329.544769287,743.877624512,114.499580383,-0.226012870,0.973203419,0.006608136,-0.041828468
1653512898.440202951,-329.544769287,743.877624512,114.499580383,-0.226012870,0.973203419,0.006608136,-0.041828468
1653512898.507028103,-331.785736084,743.192810059,114.490356445,-0.225807006,0.973206976,0.003229205,-0.043231363
1653512898.572864771,-331.785736084,743.192810059,114.490356445,-0.225807006,0.973206976,0.003229205,-0.043231363
1653512898.639571905,-335.462432861,741.557373047,114.325737000,-0.225611003,0.973244795,0.000827961,-0.043515030
1653512898.706278086,-335.462432861,741.557373047,114.325737000,-0.225611003,0.973244795,0.000827961,-0.043515030
1653512898.772792339,-338.842102051,740.079956055,114.206130981,-0.226293755,0.972997054,0.000048175,-0.045473806
1653512898.840162992,-338.842102051,740.079956055,114.206130981,-0.226293755,0.972997054,0.000048175,-0.045473806
1653512898.906986713,-341.851531982,738.846191406,114.118186951,-0.227404279,0.972666733,-0.000006305,-0.046975743
1653512898.974074602,-341.851531982,738.846191406,114.118186951,-0.227404279,0.972666733,-0.000006305,-0.046975743
1653512899.039737225,-345.029663086,737.503784180,114.010749817,-0.228750791,0.972276909,0.000776210,-0.048477678
1653512899.106146097,-345.029663086,737.503784180,114.010749817,-0.228750791,0.972276909,0.000776210,-0.048477678
1653512899.172845125,-347.890045166,736.363220215,113.933036804,-0.230694341,0.971725770,0.001754630,-0.050260022
1653512899.240392208,-347.890045166,736.363220215,113.933036804,-0.230694341,0.971725770,0.001754630,-0.050260022
1653512899.306344032,-351.149688721,734.961303711,113.816299438,-0.232692603,0.971225933,0.003170723,-0.050638781
1653512899.373126507,-351.149688721,734.961303711,113.816299438,-0.232692603,0.971225933,0.003170723,-0.050638781
1653512899.439665079,-353.959991455,733.850097656,113.746093750,-0.233729733,0.970938673,0.005134662,-0.051206845
1653512899.507762671,-353.959991455,733.850097656,113.746093750,-0.233729733,0.970938673,0.005134662,-0.051206845
1653512899.577184439,-357.127929688,732.493713379,113.634658813,-0.235079527,0.970623971,0.006501039,-0.050837580
1653512899.640469790,-357.127929688,732.493713379,113.634658813,-0.235079527,0.970623971,0.006501039,-0.050837580
1653512899.706173897,-360.276885986,731.161132812,113.527893066,-0.235930156,0.970447704,0.008370237,-0.049981545
1653512899.773267031,-360.276885986,731.161132812,113.527893066,-0.235930156,0.970447704,0.008370237,-0.049981545
1653512899.840321064,-363.366149902,729.789428711,113.409790039,-0.235915277,0.970468478,0.010256099,-0.049292267
1653512899.906937361,-363.366149902,729.789428711,113.409790039,-0.235915277,0.970468478,0.010256099,-0.049292267
1653512899.973325491,-366.529113770,728.391418457,113.292312622,-0.236315331,0.970391539,0.011255713,-0.048668624
1653512900.041031361,-366.529113770,728.391418457,113.292312622,-0.236315331,0.970391539,0.011255713,-0.048668624
1653512900.108273983,-368.844085693,727.556701660,113.258415222,-0.235948591,0.970482048,0.011579211,-0.048567250
1653512900.173417807,-368.844085693,727.556701660,113.258415222,-0.235948591,0.970482048,0.011579211,-0.048567250
1653512900.240643263,-372.160339355,726.044311523,113.128067017,-0.235056112,0.970764201,0.012303717,-0.047054316
1653512900.306321859,-372.160339355,726.044311523,113.128067017,-0.235056112,0.970764201,0.012303717,-0.047054316
1653512900.373233080,-374.707427979,724.972290039,113.053184509,-0.234252129,0.970980183,0.012572282,-0.046533451
1653512900.439500809,-374.707427979,724.972290039,113.053184509,-0.234252129,0.970980183,0.012572282,-0.046533451
1653512900.508196115,-377.930877686,723.528015137,112.946281433,-0.233419133,0.971247962,0.012765396,-0.045054950
1653512900.573543310,-377.930877686,723.528015137,112.946281433,-0.233419133,0.971247962,0.012765396,-0.045054950
1653512900.639484644,-381.004119873,722.146545410,112.836837769,-0.232266358,0.971574032,0.012938218,-0.043918588
1653512900.706456661,-381.004119873,722.146545410,112.836837769,-0.232266358,0.971574032,0.012938218,-0.043918588
1653512900.772740841,-383.730285645,720.967468262,112.747406006,-0.231952840,0.971668932,0.012905794,-0.043483413
1653512900.840209723,-383.730285645,720.967468262,112.747406006,-0.231952840,0.971668932,0.012905794,-0.043483413
1653512900.906502485,-387.041870117,719.365478516,112.595161438,-0.231532955,0.971807933,0.013353251,-0.042467910
1653512900.974004745,-387.041870117,719.365478516,112.595161438,-0.231532955,0.971807933,0.013353251,-0.042467910
1653512901.039527893,-390.044403076,717.960693359,112.465377808,-0.231107733,0.971915390,0.013009859,-0.042431519
1653512901.106127501,-390.044403076,717.960693359,112.465377808,-0.231107733,0.971915390,0.013009859,-0.042431519
1653512901.173472166,-392.395690918,716.993530273,112.387359619,-0.231680275,0.971793417,0.011625488,-0.042504732
1653512901.239626646,-392.395690918,716.993530273,112.387359619,-0.231680275,0.971793417,0.011625488,-0.042504732
1653512901.308218718,-395.570098877,715.435668945,112.215888977,-0.232192276,0.971714667,0.010533621,-0.041789889
1653512901.373203516,-395.570098877,715.435668945,112.215888977,-0.232192276,0.971714667,0.010533621,-0.041789889
1653512901.439951420,-398.692718506,713.899658203,112.056770325,-0.233152090,0.971521071,0.008896327,-0.041325137
1653512901.506369352,-398.692718506,713.899658203,112.056770325,-0.233152090,0.971521071,0.008896327,-0.041325137
1653512901.573533058,-401.409149170,712.639587402,111.936676025,-0.234530975,0.971195121,0.006413888,-0.041642767
1653512901.644564152,-401.409149170,712.639587402,111.936676025,-0.234530975,0.971195121,0.006413888,-0.041642767
1653512901.706513643,-404.182525635,711.341918945,111.804908752,-0.235873488,0.970899034,0.003814075,-0.041282162
1653512901.773259640,-404.182525635,711.341918945,111.804908752,-0.235873488,0.970899034,0.003814075,-0.041282162
1653512901.839900732,-407.097045898,709.932617188,111.656120300,-0.236682940,0.970743908,0.001270934,-0.040445455
1653512901.906353235,-407.097045898,709.932617188,111.656120300,-0.236682940,0.970743908,0.001270934,-0.040445455
1653512901.974219799,-409.872955322,708.620788574,111.518867493,-0.238050962,0.970430174,-0.001151484,-0.039946093
1653512902.039474010,-409.872955322,708.620788574,111.518867493,-0.238050962,0.970430174,-0.001151484,-0.039946093
1653512902.107125282,-412.726196289,707.251892090,111.372207642,-0.239428355,0.970094737,-0.003582628,-0.039716855
1653512902.172961473,-412.726196289,707.251892090,111.372207642,-0.239428355,0.970094737,-0.003582628,-0.039716855
1653512902.239654303,-415.333892822,706.038757324,111.246101379,-0.240000430,0.969942760,-0.004700433,-0.039859038
1653512902.306545734,-415.333892822,706.038757324,111.246101379,-0.240000430,0.969942760,-0.004700433,-0.039859038
1653512902.372852564,-417.908081055,704.848815918,111.119178772,-0.241432108,0.969603446,-0.005138920,-0.039411743
1653512902.440060854,-417.908081055,704.848815918,111.119178772,-0.241432108,0.969603446,-0.005138920,-0.039411743
1653512902.506299734,-420.895538330,703.355529785,110.951995850,-0.242465283,0.969380542,-0.004328573,-0.038642148
1653512902.573381662,-420.895538330,703.355529785,110.951995850,-0.242465283,0.969380542,-0.004328573,-0.038642148
1653512902.639909267,-423.600769043,702.079467773,110.816711426,-0.243220822,0.969195668,-0.003171232,-0.038643643
1653512902.706548214,-423.600769043,702.079467773,110.816711426,-0.243220822,0.969195668,-0.003171232,-0.038643643
1653512902.773133039,-426.201019287,700.867675781,110.690132141,-0.244270358,0.968973291,-0.001302005,-0.037696920
1653512902.840031147,-426.201019287,700.867675781,110.690132141,-0.244270358,0.968973291,-0.001302005,-0.037696920
1653512902.907064199,-429.339294434,699.234802246,110.512702942,-0.245135490,0.968794064,0.001087023,-0.036680677
1653512902.974637747,-429.339294434,699.234802246,110.512702942,-0.245135490,0.968794064,0.001087023,-0.036680677
1653512903.041766167,-432.041107178,697.936401367,110.387153625,-0.245537836,0.968686299,0.003032715,-0.036726386
1653512903.106225729,-432.041107178,697.936401367,110.387153625,-0.245537836,0.968686299,0.003032715,-0.036726386
1653512903.172952652,-434.936065674,696.483154297,110.240631104,-0.246376496,0.968483136,0.005520901,-0.036173991
1653512903.244158030,-434.936065674,696.483154297,110.240631104,-0.246376496,0.968483136,0.005520901,-0.036173991
1653512903.306153536,-437.626617432,695.174377441,110.114196777,-0.247001674,0.968305928,0.007681320,-0.036260172
1653512903.375301123,-437.626617432,695.174377441,110.114196777,-0.247001674,0.968305928,0.007681320,-0.036260172
1653512903.440308809,-440.440368652,693.782592773,109.978797913,-0.247292989,0.968208945,0.010123489,-0.036264750
1653512903.506619930,-440.440368652,693.782592773,109.978797913,-0.247292989,0.968208945,0.010123489,-0.036264750
1653512903.572774887,-442.841552734,692.706420898,109.887153625,-0.247903265,0.968029406,0.012429087,-0.036174004
1653512903.640069485,-442.841552734,692.706420898,109.887153625,-0.247903265,0.968029406,0.012429087,-0.036174004
1653512903.706090927,-445.779296875,691.197692871,109.735382080,-0.248098073,0.968000168,0.014564913,-0.034797773
1653512903.772874355,-445.779296875,691.197692871,109.735382080,-0.248098073,0.968000168,0.014564913,-0.034797773
1653512903.839690208,-448.483825684,689.856079102,109.611434937,-0.247931648,0.968043583,0.016169293,-0.034059846
1653512903.906087399,-448.483825684,689.856079102,109.611434937,-0.247931648,0.968043583,0.016169293,-0.034059846
1653512903.972834349,-451.591400146,688.186645508,109.456687927,-0.248220969,0.968000131,0.017177593,-0.032665377
1653512904.039438486,-451.591400146,688.186645508,109.456687927,-0.248220969,0.968000131,0.017177593,-0.032665377
1653512904.107198715,-453.953826904,687.080993652,109.371513367,-0.248299503,0.967978455,0.017774234,-0.032390489
1653512904.172852993,-453.953826904,687.080993652,109.371513367,-0.248299503,0.967978455,0.017774234,-0.032390489
1653512904.240577936,-456.661193848,685.683593750,109.246093750,-0.248119263,0.968062629,0.017491989,-0.031394385
1653512904.306544781,-456.661193848,685.683593750,109.246093750,-0.248119263,0.968062629,0.017491989,-0.031394385
1653512904.374307632,-459.419555664,684.223327637,109.113151550,-0.248442521,0.968048531,0.016639138,-0.029689991
1653512904.441233397,-459.419555664,684.223327637,109.113151550,-0.248442521,0.968048531,0.016639138,-0.029689991
1653512904.506463289,-462.360992432,682.635559082,108.983642578,-0.249043873,0.967959547,0.015215086,-0.028283675
1653512904.572736502,-462.360992432,682.635559082,108.983642578,-0.249043873,0.967959547,0.015215086,-0.028283675
1653512904.642598629,-464.626983643,681.547851562,108.914451599,-0.249102298,0.967984633,0.013836066,-0.027610851
1653512904.706084013,-464.626983643,681.547851562,108.914451599,-0.249102298,0.967984633,0.013836066,-0.027610851
1653512904.773181915,-467.827758789,679.728881836,108.767333984,-0.250138282,0.967774209,0.012043481,-0.026436223
1653512904.839930534,-467.827758789,679.728881836,108.767333984,-0.250138282,0.967774209,0.012043481,-0.026436223
1653512904.906084061,-470.602355957,678.203369141,108.664276123,-0.250929865,0.967620623,0.009859432,-0.025442565
1653512904.973244905,-470.602355957,678.203369141,108.664276123,-0.250929865,0.967620623,0.009859432,-0.025442565
1653512905.048066378,-473.283081055,676.744445801,108.557708740,-0.251510235,0.967509992,0.008029405,-0.024546802
1653512905.112336874,-473.283081055,676.744445801,108.557708740,-0.251510235,0.967509992,0.008029405,-0.024546802
1653512905.173950672,-476.135620117,675.215026855,108.473350525,-0.253029679,0.967125495,0.005233848,-0.024836767
1653512905.239861250,-476.135620117,675.215026855,108.473350525,-0.253029679,0.967125495,0.005233848,-0.024836767
1653512905.307983160,-478.754852295,673.756835938,108.386505127,-0.254128629,0.966879941,0.004236218,-0.023321119
1653512905.374003172,-478.754852295,673.756835938,108.386505127,-0.254128629,0.966879941,0.004236218,-0.023321119
1653512905.439565659,-481.500549316,672.223999023,108.289695740,-0.255034443,0.966669784,0.003059843,-0.022306938
1653512905.506168842,-481.500549316,672.223999023,108.289695740,-0.255034443,0.966669784,0.003059843,-0.022306938
1653512905.576164722,-483.997650146,670.871826172,108.212966919,-0.256739172,0.966236721,0.001042104,-0.021691239
1653512905.639851093,-483.997650146,670.871826172,108.212966919,-0.256739172,0.966236721,0.001042104,-0.021691239
1653512905.707422733,-486.648376465,669.434509277,108.128280640,-0.258670541,0.965741879,-0.000798286,-0.020773491
1653512905.773281574,-486.648376465,669.434509277,108.128280640,-0.258670541,0.965741879,-0.000798286,-0.020773491
1653512905.840586424,-489.837097168,667.530273438,107.990997314,-0.260428302,0.965294276,-0.002222499,-0.019471002
1653512905.908202171,-489.837097168,667.530273438,107.990997314,-0.260428302,0.965294276,-0.002222499,-0.019471002
1653512905.972700596,-492.018005371,666.475585938,107.947868347,-0.262777147,0.964668324,-0.003994408,-0.018634381
1653512906.040423870,-492.018005371,666.475585938,107.947868347,-0.262777147,0.964668324,-0.003994408,-0.018634381
1653512906.106458902,-494.655426025,665.029418945,107.851615906,-0.264901130,0.964118776,-0.004752952,-0.016726812
1653512906.172761917,-494.655426025,665.029418945,107.851615906,-0.264901130,0.964118776,-0.004752952,-0.016726812
1653512906.242607117,-497.293640137,663.585388184,107.755836487,-0.266496305,0.963702039,-0.004843385,-0.015318008
1653512906.306228876,-497.293640137,663.585388184,107.755836487,-0.266496305,0.963702039,-0.004843385,-0.015318008
1653512906.373282433,-500.038482666,662.051513672,107.659240723,-0.268177724,0.963242791,-0.004585176,-0.014933534
1653512906.439496994,-500.038482666,662.051513672,107.659240723,-0.268177724,0.963242791,-0.004585176,-0.014933534
1653512906.506470680,-502.641601562,660.627014160,107.568321228,-0.270024566,0.962733978,-0.004227358,-0.014565385
1653512906.572789431,-502.641601562,660.627014160,107.568321228,-0.270024566,0.962733978,-0.004227358,-0.014565385
1653512906.639482260,-505.464447021,659.053771973,107.475433350,-0.271236899,0.962400144,-0.003874384,-0.014194988
1653512906.707440853,-505.464447021,659.053771973,107.475433350,-0.271236899,0.962400144,-0.003874384,-0.014194988
1653512906.772889614,-507.615539551,658.052368164,107.434509277,-0.272132073,0.962151662,-0.003093652,-0.014097659
1653512906.840641022,-507.615539551,658.052368164,107.434509277,-0.272132073,0.962151662,-0.003093652,-0.014097659
1653512906.906176090,-510.245574951,656.633728027,107.340057373,-0.273301696,0.961834328,-0.001827174,-0.013325514
1653512906.973564863,-510.245574951,656.633728027,107.340057373,-0.273301696,0.961834328,-0.001827174,-0.013325514
1653512907.040056705,-512.973632812,655.128723145,107.236183167,-0.273638126,0.961751750,-0.000336246,-0.012475325
1653512907.106795549,-512.973632812,655.128723145,107.236183167,-0.273638126,0.961751750,-0.000336246,-0.012475325
1653512907.172965765,-515.853637695,653.501464844,107.121505737,-0.274633349,0.961474959,0.001261912,-0.011867331
1653512907.239933968,-515.853637695,653.501464844,107.121505737,-0.274633349,0.961474959,0.001261912,-0.011867331
1653512907.307882547,-518.561706543,652.021911621,107.020118713,-0.275509959,0.961222015,0.002727443,-0.011792423
1653512907.374316931,-518.561706543,652.021911621,107.020118713,-0.275509959,0.961222015,0.002727443,-0.011792423
1653512907.439993382,-521.188293457,650.606384277,106.926994324,-0.275416465,0.961240057,0.004318380,-0.012028094
1653512907.506979942,-521.188293457,650.606384277,106.926994324,-0.275416465,0.961240057,0.004318380,-0.012028094
1653512907.573344946,-523.733520508,649.248718262,106.837799072,-0.276073731,0.961045469,0.004763960,-0.012337217
1653512907.639450073,-523.733520508,649.248718262,106.837799072,-0.276073731,0.961045469,0.004763960,-0.012337217
1653512907.706394196,-526.210021973,647.959228516,106.764472961,-0.276717575,0.960850721,0.005238759,-0.012877518
1653512907.773133993,-526.210021973,647.959228516,106.764472961,-0.276717575,0.960850721,0.005238759,-0.012877518
1653512907.841750145,-528.860900879,646.509765625,106.676971436,-0.276612763,0.960863485,0.006336709,-0.013659762
1653512907.906123877,-528.860900879,646.509765625,106.676971436,-0.276612763,0.960863485,0.006336709,-0.013659762
1653512907.972597122,-532.103454590,644.554748535,106.538383484,-0.276776882,0.960807926,0.007761518,-0.013507268
1653512908.039330482,-532.103454590,644.554748535,106.538383484,-0.276776882,0.960807926,0.007761518,-0.013507268
1653512908.105836868,-534.397033691,643.393310547,106.502952576,-0.276755480,0.960797363,0.008278039,-0.014363307
1653512908.172896624,-534.397033691,643.393310547,106.502952576,-0.276755480,0.960797363,0.008278039,-0.014363307
1653512908.239529848,-537.033447266,641.943176270,106.433235168,-0.276414453,0.960884032,0.008536980,-0.014968231
1653512908.306117058,-537.033447266,641.943176270,106.433235168,-0.276414453,0.960884032,0.008536980,-0.014968231
1653512908.373267174,-539.718383789,640.438232422,106.363700867,-0.276356248,0.960880152,0.009300561,-0.015813198
1653512908.439706802,-539.718383789,640.438232422,106.363700867,-0.276356248,0.960880152,0.009300561,-0.015813198
1653512908.506121397,-542.563415527,638.771728516,106.288764954,-0.276531733,0.960816646,0.009728756,-0.016337842
1653512908.572911024,-542.563415527,638.771728516,106.288764954,-0.276531733,0.960816646,0.009728756,-0.016337842
1653512908.639347076,-545.376892090,637.115417480,106.223808289,-0.276778046,0.960733189,0.009538800,-0.017165795
1653512908.706495285,-545.376892090,637.115417480,106.223808289,-0.276778046,0.960733189,0.009538800,-0.017165795
1653512908.773624182,-547.580261230,635.999694824,106.226501465,-0.277660348,0.960463610,0.009028167,-0.018244949
1653512908.839426041,-547.580261230,635.999694824,106.226501465,-0.277660348,0.960463610,0.009028167,-0.018244949
1653512908.906979561,-550.566894531,634.179443359,106.159103394,-0.278513160,0.960198036,0.009567705,-0.018937016
1653512908.975592613,-550.566894531,634.179443359,106.159103394,-0.278513160,0.960198036,0.009567705,-0.018937016
1653512909.043893814,-553.368164062,632.522399902,106.123229980,-0.279579557,0.959874892,0.009736756,-0.019510461
1653512909.106344461,-553.368164062,632.522399902,106.123229980,-0.279579557,0.959874892,0.009736756,-0.019510461
1653512909.172961235,-555.843994141,631.158447266,106.126739502,-0.281351930,0.959335885,0.010529746,-0.020121515
1653512909.239454031,-555.843994141,631.158447266,106.126739502,-0.281351930,0.959335885,0.010529746,-0.020121515
1653512909.306258678,-558.431396484,629.637329102,106.109046936,-0.282797342,0.958891170,0.011557524,-0.020489307
1653512909.374457598,-558.431396484,629.637329102,106.109046936,-0.282797342,0.958891170,0.011557524,-0.020489307
1653512909.439943552,-561.136657715,628.013610840,106.097854614,-0.283781821,0.958574874,0.012046440,-0.021376912
1653512909.506306171,-561.136657715,628.013610840,106.097854614,-0.283781821,0.958574874,0.012046440,-0.021376912
1653512909.572782516,-564.013122559,626.235778809,106.081390381,-0.285465120,0.958071824,0.011838125,-0.021631081
1653512909.639871120,-564.013122559,626.235778809,106.081390381,-0.285465120,0.958071824,0.011838125,-0.021631081
1653512909.706027508,-566.401855469,624.887878418,106.118392944,-0.286921150,0.957640846,0.010570458,-0.022102695
1653512909.773156404,-566.401855469,624.887878418,106.118392944,-0.286921150,0.957640846,0.010570458,-0.022102695
1653512909.839455128,-568.717895508,623.601745605,106.163696289,-0.287761687,0.957386431,0.009308610,-0.022754859
1653512909.906032562,-568.717895508,623.601745605,106.163696289,-0.287761687,0.957386431,0.009308610,-0.022754859
1653512909.973375320,-571.418029785,621.975524902,106.170898438,-0.289239732,0.956967826,0.008089177,-0.022079928
1653512910.039677143,-571.418029785,621.975524902,106.170898438,-0.289239732,0.956967826,0.008089177,-0.022079928
1653512910.108219385,-574.119262695,620.348266602,106.181686401,-0.290056080,0.956735252,0.006951534,-0.021835839
1653512910.174879789,-574.119262695,620.348266602,106.181686401,-0.290056080,0.956735252,0.006951534,-0.021835839
1653512910.244743109,-576.109985352,619.380249023,106.264152527,-0.290302927,0.956661030,0.005284729,-0.022270072
1653512910.306171894,-576.109985352,619.380249023,106.264152527,-0.290302927,0.956661030,0.005284729,-0.022270072
1653512910.372764111,-579.201782227,617.409179688,106.237541199,-0.291113492,0.956434893,0.005375983,-0.021361852
1653512910.439341784,-579.201782227,617.409179688,106.237541199,-0.291113492,0.956434893,0.005375983,-0.021361852
1653512910.506181717,-581.312683105,616.260803223,106.281135559,-0.291513974,0.956295654,0.005864005,-0.021996319
1653512910.572911024,-581.312683105,616.260803223,106.281135559,-0.291513974,0.956295654,0.005864005,-0.021996319
1653512910.641343117,-584.100952148,614.504760742,106.257324219,-0.291299994,0.956345543,0.007384255,-0.022203360
1653512910.706329346,-584.100952148,614.504760742,106.257324219,-0.291299994,0.956345543,0.007384255,-0.022203360
1653512910.772689819,-586.334960938,613.242614746,106.278366089,-0.291058297,0.956386194,0.009108870,-0.022968335
1653512910.841441870,-586.334960938,613.242614746,106.278366089,-0.291058297,0.956386194,0.009108870,-0.022968335
1653512910.910069466,-589.235900879,611.351013184,106.215698242,-0.290150728,0.956643151,0.010643910,-0.023089902
1653512910.972791195,-589.235900879,611.351013184,106.215698242,-0.290150728,0.956643151,0.010643910,-0.023089902
1653512911.039506435,-591.751770020,609.860900879,106.192092896,-0.288645303,0.957065184,0.011357717,-0.024106547
1653512911.107188940,-591.751770020,609.860900879,106.192092896,-0.288645303,0.957065184,0.011357717,-0.024106547
1653512911.173186541,-594.126037598,608.453796387,106.148765564,-0.287579839,0.957362728,0.011417510,-0.024981650
1653512911.240326881,-594.126037598,608.453796387,106.148765564,-0.287579839,0.957362728,0.011417510,-0.024981650
1653512911.306689262,-596.971740723,606.616333008,106.056083679,-0.286803908,0.957601691,0.010829479,-0.025004842
1653512911.373726130,-596.971740723,606.616333008,106.056083679,-0.286803908,0.957601691,0.010829479,-0.025004842
1653512911.440350056,-599.422302246,605.130676270,105.984169006,-0.286280784,0.957790385,0.008681980,-0.024607196
1653512911.507137775,-599.422302246,605.130676270,105.984169006,-0.286280784,0.957790385,0.008681980,-0.024607196
1653512911.573760033,-602.364196777,603.177490234,105.859291077,-0.286682788,0.957721661,0.006467649,-0.023245838
1653512911.639563322,-602.364196777,603.177490234,105.859291077,-0.286682788,0.957721661,0.006467649,-0.023245838
1653512911.706436872,-604.824707031,601.650146484,105.769554138,-0.287384594,0.957544788,0.003933578,-0.022418749
1653512911.772929192,-604.824707031,601.650146484,105.769554138,-0.287384594,0.957544788,0.003933578,-0.022418749
1653512911.844499350,-607.520568848,599.883850098,105.657150269,-0.287920294,0.957411698,0.000336918,-0.021555319
1653512911.906616926,-607.520568848,599.883850098,105.657150269,-0.287920294,0.957411698,0.000336918,-0.021555319
1653512911.973061085,-610.063049316,598.272338867,105.565177917,-0.289293558,0.957015041,-0.004001842,-0.020382211
1653512912.039544821,-610.063049316,598.272338867,105.565177917,-0.289293558,0.957015041,-0.004001842,-0.020382211
1653512912.106898785,-612.321716309,596.882446289,105.489181519,-0.290741764,0.956576384,-0.007718091,-0.019268621
1653512912.173158407,-612.321716309,596.882446289,105.489181519,-0.290741764,0.956576384,-0.007718091,-0.019268621
1653512912.239499569,-615.079650879,595.043640137,105.377349854,-0.292050067,0.956187198,-0.009196566,-0.018116929
1653512912.308140516,-615.079650879,595.043640137,105.377349854,-0.292050067,0.956187198,-0.009196566,-0.018116929
1653512912.373183966,-617.888183594,593.156860352,105.269958496,-0.294224080,0.955530334,-0.010102772,-0.017085254
1653512912.440394402,-617.888183594,593.156860352,105.269958496,-0.294224080,0.955530334,-0.010102772,-0.017085254
1653512912.505802393,-620.414489746,591.559997559,105.190193176,-0.296647515,0.954787361,-0.010250165,-0.016621711
1653512912.572605371,-620.414489746,591.559997559,105.190193176,-0.296647515,0.954787361,-0.010250165,-0.016621711
1653512912.639494419,-622.613830566,590.292114258,105.141746521,-0.298550574,0.954182260,-0.010587772,-0.017078301
1653512912.706792831,-622.613830566,590.292114258,105.141746521,-0.298550574,0.954182260,-0.010587772,-0.017078301
1653512912.772672653,-625.284606934,588.559448242,105.051269531,-0.300741699,0.953532805,-0.009424855,-0.015517510
1653512912.839321852,-625.284606934,588.559448242,105.051269531,-0.300741699,0.953532805,-0.009424855,-0.015517510
1653512912.906238079,-627.838928223,586.896362305,104.973052979,-0.302553176,0.952983198,-0.008076551,-0.014811087
1653512912.974078178,-627.838928223,586.896362305,104.973052979,-0.302553176,0.952983198,-0.008076551,-0.014811087
1653512913.039982557,-630.569213867,585.130859375,104.895164490,-0.303638754,0.952654357,-0.006383128,-0.014575305
1653512913.106087923,-630.569213867,585.130859375,104.895164490,-0.303638754,0.952654357,-0.006383128,-0.014575305
1653512913.172527313,-633.050170898,583.614135742,104.837966919,-0.304445830,0.952414801,-0.003903273,-0.014267048
1653512913.239908218,-633.050170898,583.614135742,104.837966919,-0.304445830,0.952414801,-0.003903273,-0.014267048
1653512913.305881500,-635.247070312,582.369201660,104.791786194,-0.304926985,0.952260773,-0.000225601,-0.014795352
1653512913.372740746,-635.247070312,582.369201660,104.791786194,-0.304926985,0.952260773,-0.000225601,-0.014795352
1653512913.439573288,-637.990234375,580.581359863,104.694587708,-0.304437549,0.952406232,0.003507885,-0.015094473
1653512913.506171465,-637.990234375,580.581359863,104.694587708,-0.304437549,0.952406232,0.003507885,-0.015094473
1653512913.574150562,-640.296752930,579.216369629,104.633773804,-0.304078704,0.952497978,0.006483187,-0.015547107
1653512913.639557362,-640.296752930,579.216369629,104.633773804,-0.304078704,0.952497978,0.006483187,-0.015547107
1653512913.707387209,-643.200805664,577.275512695,104.507881165,-0.302832868,0.952892947,0.008712312,-0.014538933
1653512913.772632837,-643.200805664,577.275512695,104.507881165,-0.302832868,0.952892947,0.008712312,-0.014538933
1653512913.839420080,-645.554687500,575.847839355,104.419967651,-0.300986110,0.953483160,0.009241089,-0.013850217
1653512913.908086777,-645.554687500,575.847839355,104.419967651,-0.300986110,0.953483160,0.009241089,-0.013850217
1653512913.972871542,-648.001159668,574.334411621,104.311065674,-0.299532738,0.953959276,0.007967547,-0.013355033
1653512914.039205074,-648.001159668,574.334411621,104.311065674,-0.299532738,0.953959276,0.007967547,-0.013355033
1653512914.106119156,-650.861999512,572.387634277,104.157226562,-0.297503943,0.954607114,0.007092271,-0.012898139
1653512914.172949076,-650.861999512,572.387634277,104.157226562,-0.297503943,0.954607114,0.007092271,-0.012898139
1653512914.239736080,-653.504699707,570.664123535,104.026016235,-0.295829095,0.955144908,0.004947907,-0.012604366
1653512914.306177139,-653.504699707,570.664123535,104.026016235,-0.295829095,0.955144908,0.004947907,-0.012604366
1653512914.372565031,-655.885925293,569.216308594,103.910362244,-0.294529223,0.955553751,0.002940450,-0.012685424
1653512914.439256191,-655.885925293,569.216308594,103.910362244,-0.294529223,0.955553751,0.002940450,-0.012685424
1653512914.506479025,-658.398864746,567.629699707,103.770645142,-0.293927546,0.955740438,0.002158844,-0.012733871
1653512914.572632313,-658.398864746,567.629699707,103.770645142,-0.293927546,0.955740438,0.002158844,-0.012733871
1653512914.639455557,-661.262756348,565.676696777,103.592903137,-0.293048676,0.956014918,0.001790622,-0.012439614
1653512914.707041025,-661.262756348,565.676696777,103.592903137,-0.293048676,0.956014918,0.001790622,-0.012439614
1653512914.774123430,-663.798583984,564.036132812,103.437141418,-0.293064677,0.956008293,0.001229672,-0.012638302
1653512914.839275360,-663.798583984,564.036132812,103.437141418,-0.293064677,0.956008293,0.001229672,-0.012638302
1653512914.907511950,-666.336853027,562.384826660,103.276092529,-0.293265873,0.955940406,0.000715773,-0.013136055
1653512914.974782944,-666.336853027,562.384826660,103.276092529,-0.293265873,0.955940406,0.000715773,-0.013136055
1653512915.040304899,-669.150207520,560.434265137,103.083793640,-0.293086164,0.955993272,0.000828423,-0.013292066
1653512915.108234644,-669.150207520,560.434265137,103.083793640,-0.293086164,0.955993272,0.000828423,-0.013292066
1653512915.174732447,-671.641967773,558.794555664,102.913803101,-0.293929992,0.955728702,-0.000127512,-0.013703686
1653512915.241042137,-671.641967773,558.794555664,102.913803101,-0.293929992,0.955728702,-0.000127512,-0.013703686
1653512915.306010246,-674.838134766,556.462768555,102.679618835,-0.294505237,0.955545122,-0.000518556,-0.014139163
1653512915.372567177,-674.838134766,556.462768555,102.679618835,-0.294505237,0.955545122,-0.000518556,-0.014139163
1653512915.439926147,-676.571777344,555.593627930,102.583030701,-0.294768506,0.955436210,-0.001553208,-0.015835520
1653512915.506031036,-676.571777344,555.593627930,102.583030701,-0.294768506,0.955436210,-0.001553208,-0.015835520
1653512915.572537422,-679.533020020,553.495178223,102.358535767,-0.295397671,0.955241450,-0.001952560,-0.015816960
1653512915.639326811,-679.533020020,553.495178223,102.358535767,-0.295397671,0.955241450,-0.001952560,-0.015816960
1653512915.705958128,-682.410827637,551.481506348,102.144004822,-0.296293072,0.954970036,-0.002188699,-0.015422534
1653512915.772783279,-682.410827637,551.481506348,102.144004822,-0.296293072,0.954970036,-0.002188699,-0.015422534
1653512915.839733362,-684.851867676,549.929626465,101.969505310,-0.296692013,0.954833148,-0.002873350,-0.016101321
1653512915.905893564,-684.851867676,549.929626465,101.969505310,-0.296692013,0.954833148,-0.002873350,-0.016101321
1653512915.973493338,-687.158996582,548.520874023,101.794410706,-0.297441364,0.954606774,-0.003198578,-0.015630450
1653512916.039428234,-687.158996582,548.520874023,101.794410706,-0.297441364,0.954606774,-0.003198578,-0.015630450
1653512916.106724739,-690.050415039,546.489624023,101.553741455,-0.298602642,0.954248374,-0.002383701,-0.015518420
1653512916.173190594,-690.050415039,546.489624023,101.553741455,-0.298602642,0.954248374,-0.002383701,-0.015518420
1653512916.241775751,-692.619750977,544.760131836,101.345710754,-0.299200360,0.954057468,-0.001443791,-0.015855826
1653512916.306301594,-692.619750977,544.760131836,101.345710754,-0.299200360,0.954057468,-0.001443791,-0.015855826
1653512916.373219490,-695.052673340,543.209716797,101.147445679,-0.300431764,0.953670462,-0.001727433,-0.015824700
1653512916.439396143,-695.052673340,543.209716797,101.147445679,-0.300431764,0.953670462,-0.001727433,-0.015824700
1653512916.506415129,-697.417175293,541.726867676,100.952522278,-0.301217918,0.953426910,-0.001359751,-0.015589875
1653512916.573314667,-697.417175293,541.726867676,100.952522278,-0.301217918,0.953426910,-0.001359751,-0.015589875
1653512916.640112638,-699.777343750,540.196105957,100.745132446,-0.301355751,0.953379936,-0.000005224,-0.015855901
1653512916.705946207,-699.777343750,540.196105957,100.745132446,-0.301355751,0.953379936,-0.000005224,-0.015855901
1653512916.773091316,-702.464355469,538.419250488,100.531684875,-0.301640029,0.953293488,0.001169560,-0.015602919
1653512916.841082096,-702.464355469,538.419250488,100.531684875,-0.301640029,0.953293488,0.001169560,-0.015602919
1653512916.905794144,-705.091186523,536.653869629,100.309822083,-0.301533849,0.953329923,0.002907775,-0.015196759
1653512916.973143578,-705.091186523,536.653869629,100.309822083,-0.301533849,0.953329923,0.002907775,-0.015196759
1653512917.041004419,-707.683349609,534.923095703,100.086708069,-0.300508349,0.953646537,0.004859379,-0.015145994
1653512917.106071949,-707.683349609,534.923095703,100.086708069,-0.300508349,0.953646537,0.004859379,-0.015145994
1653512917.172998667,-710.320861816,533.172363281,99.861351013,-0.300257152,0.953717907,0.006052748,-0.015203935
1653512917.239789963,-710.320861816,533.172363281,99.861351013,-0.300257152,0.953717907,0.006052748,-0.015203935
1653512917.306140423,-713.119689941,531.209533691,99.610267639,-0.299968397,0.953794317,0.007211281,-0.015600000
1653512917.372506142,-713.119689941,531.209533691,99.610267639,-0.299968397,0.953794317,0.007211281,-0.015600000
1653512917.439262629,-715.295715332,529.896850586,99.440353394,-0.298879614,0.954117569,0.008099339,-0.016280105
1653512917.506694078,-715.295715332,529.896850586,99.440353394,-0.298879614,0.954117569,0.008099339,-0.016280105
1653512917.572580576,-717.548950195,528.502929688,99.259544373,-0.298356886,0.954267127,0.008499335,-0.016887298
1653512917.640163183,-717.548950195,528.502929688,99.259544373,-0.298356886,0.954267127,0.008499335,-0.016887298
1653512917.707667112,-720.676513672,526.197204590,98.981582642,-0.297832460,0.954432015,0.009354115,-0.016366288
1653512917.772503853,-720.676513672,526.197204590,98.981582642,-0.297832460,0.954432015,0.009354115,-0.016366288
1653512917.839243889,-723.616760254,524.095581055,98.740798950,-0.297216183,0.954622347,0.009121560,-0.016598579
1653512917.905831337,-723.616760254,524.095581055,98.740798950,-0.297216183,0.954622347,0.009121560,-0.016598579
1653512917.974476814,-725.919006348,522.625671387,98.579208374,-0.297154393,0.954655577,0.008629862,-0.016047493
1653512918.040600777,-725.919006348,522.625671387,98.579208374,-0.297154393,0.954655577,0.008629862,-0.016047493
1653512918.106445789,-728.507751465,520.859558105,98.388717651,-0.297886288,0.954440791,0.007709455,-0.015719449
1653512918.172746420,-728.507751465,520.859558105,98.388717651,-0.297886288,0.954440791,0.007709455,-0.015719449
1653512918.242866516,-731.139404297,519.005004883,98.197425842,-0.298231565,0.954347229,0.006888036,-0.015226790
1653512918.306033850,-731.139404297,519.005004883,98.197425842,-0.298231565,0.954347229,0.006888036,-0.015226790
1653512918.373003960,-733.912597656,517.014831543,98.004997253,-0.299062071,0.954097265,0.006367928,-0.014823531
1653512918.439371586,-733.912597656,517.014831543,98.004997253,-0.299062071,0.954097265,0.006367928,-0.014823531
1653512918.505864382,-736.814086914,514.844360352,97.799163818,-0.299925743,0.953844183,0.005582115,-0.013952191
1653512918.572522879,-736.814086914,514.844360352,97.799163818,-0.299925743,0.953844183,0.005582115,-0.013952191
1653512918.639315367,-738.860534668,513.609191895,97.713432312,-0.301071159,0.953493212,0.004669727,-0.013603175
1653512918.706596851,-738.860534668,513.609191895,97.713432312,-0.301071159,0.953493212,0.004669727,-0.013603175
1653512918.773922920,-741.606506348,511.636871338,97.540939331,-0.302444102,0.953071600,0.004489006,-0.012725553
1653512918.839183331,-741.606506348,511.636871338,97.540939331,-0.302444102,0.953071600,0.004489006,-0.012725553
1653512918.906341791,-744.284606934,509.750122070,97.387344360,-0.304333682,0.952483222,0.004720937,-0.011594617
1653512918.972676277,-744.284606934,509.750122070,97.387344360,-0.304333682,0.952483222,0.004720937,-0.011594617
1653512919.039188862,-746.711669922,508.114776611,97.262710571,-0.305784315,0.952024758,0.005595175,-0.010653934
1653512919.109936237,-746.711669922,508.114776611,97.262710571,-0.305784315,0.952024758,0.005595175,-0.010653934
1653512919.172969341,-749.366943359,506.226104736,97.110435486,-0.307298296,0.951538661,0.006783218,-0.009793977
1653512919.239584684,-749.366943359,506.226104736,97.110435486,-0.307298296,0.951538661,0.006783218,-0.009793977
1653512919.306104183,-752.019836426,504.305206299,96.959739685,-0.308465772,0.951155224,0.008428338,-0.009031631
1653512919.372863054,-752.019836426,504.305206299,96.959739685,-0.308465772,0.951155224,0.008428338,-0.009031631
1653512919.439282179,-754.668518066,502.408721924,96.810966492,-0.309406045,0.950840841,0.009332304,-0.009083100
1653512919.506232977,-754.668518066,502.408721924,96.810966492,-0.309406045,0.950840841,0.009332304,-0.009083100
1653512919.573919773,-757.298278809,500.527923584,96.665992737,-0.310312382,0.950532056,0.010140828,-0.009602070
1653512919.639784336,-757.298278809,500.527923584,96.665992737,-0.310312382,0.950532056,0.010140828,-0.009602070
1653512919.706546545,-759.868164062,498.717498779,96.536605835,-0.310753609,0.950384303,0.009953934,-0.010138606
1653512919.772476435,-759.868164062,498.717498779,96.536605835,-0.310753609,0.950384303,0.009953934,-0.010138606
1653512919.839409351,-762.345214844,496.991210938,96.423072815,-0.310692587,0.950401150,0.008931691,-0.011313519
1653512919.905869246,-762.345214844,496.991210938,96.423072815,-0.310692587,0.950401150,0.008931691,-0.011313519
1653512919.973426342,-764.790527344,495.264343262,96.319496155,-0.311109429,0.950257199,0.007440083,-0.012916065
1653512920.039250612,-764.790527344,495.264343262,96.319496155,-0.311109429,0.950257199,0.007440083,-0.012916065
1653512920.105711937,-767.634826660,493.108642578,96.172668457,-0.311122002,0.950248307,0.005448872,-0.014197329
1653512920.172508240,-767.634826660,493.108642578,96.172668457,-0.311122002,0.950248307,0.005448872,-0.014197329
1653512920.239482164,-770.468444824,490.961090088,96.033950806,-0.310630167,0.950392530,0.002889389,-0.015955877
1653512920.305770159,-770.468444824,490.961090088,96.033950806,-0.310630167,0.950392530,0.002889389,-0.015955877
1653512920.373007059,-773.085815430,489.051208496,95.921249390,-0.310151844,0.950525935,0.001218138,-0.017458431
1653512920.439539433,-773.085815430,489.051208496,95.921249390,-0.310151844,0.950525935,0.001218138,-0.017458431
1653512920.505796909,-775.911437988,486.898437500,95.770843506,-0.309500752,0.950737350,0.000124793,-0.017543107
1653512920.572622776,-775.911437988,486.898437500,95.770843506,-0.309500752,0.950737350,0.000124793,-0.017543107
1653512920.639565468,-778.467346191,485.048492432,95.645248413,-0.308700509,0.950999460,-0.001167123,-0.017397163
1653512920.707080364,-778.467346191,485.048492432,95.645248413,-0.308700509,0.950999460,-0.001167123,-0.017397163
1653512920.772423267,-781.001525879,483.217742920,95.517242432,-0.308486515,0.951076787,-0.002108712,-0.016869150
1653512920.841373920,-781.001525879,483.217742920,95.517242432,-0.308486515,0.951076787,-0.002108712,-0.016869150
1653512920.906025410,-783.435424805,481.511291504,95.402290344,-0.307849560,0.951292945,-0.003680615,-0.016026014
1653512920.972832441,-783.435424805,481.511291504,95.402290344,-0.307849560,0.951292945,-0.003680615,-0.016026014
1653512921.039474010,-786.068664551,479.596008301,95.267143250,-0.306514355,0.951734429,-0.005355400,-0.014894526
1653512921.105691195,-786.068664551,479.596008301,95.267143250,-0.306514355,0.951734429,-0.005355400,-0.014894526
1653512921.172873259,-788.637756348,477.699249268,95.137420654,-0.305954788,0.951917303,-0.007180569,-0.013912424
1653512921.239418745,-788.637756348,477.699249268,95.137420654,-0.305954788,0.951917303,-0.007180569,-0.013912424
1653512921.306933880,-791.328002930,475.717163086,95.005477905,-0.305135997,0.952176339,-0.009801368,-0.012497047
1653512921.372714996,-791.328002930,475.717163086,95.005477905,-0.305135997,0.952176339,-0.009801368,-0.012497047
1653512921.442794561,-793.482727051,474.331878662,94.939315796,-0.304127048,0.952480704,-0.011288200,-0.012642141
1653512921.506202698,-793.482727051,474.331878662,94.939315796,-0.304127048,0.952480704,-0.011288200,-0.012642141
1653512921.572450161,-796.111816406,472.427398682,94.809509277,-0.303726520,0.952614472,-0.009691769,-0.013488457
1653512921.639368534,-796.111816406,472.427398682,94.809509277,-0.303726520,0.952614472,-0.009691769,-0.013488457
1653512921.705907583,-798.955932617,470.230194092,94.638870239,-0.303573080,0.952676439,-0.006071368,-0.014633036
1653512921.773189783,-798.955932617,470.230194092,94.638870239,-0.303573080,0.952676439,-0.006071368,-0.014633036
1653512921.844346523,-801.265380859,468.668762207,94.538429260,-0.303088961,0.952816061,-0.003703823,-0.016276281
1653512921.905968666,-801.265380859,468.668762207,94.538429260,-0.303088961,0.952816061,-0.003703823,-0.016276281
1653512921.974344015,-803.621643066,467.102386475,94.437011719,-0.302745399,0.952927759,-0.002892803,-0.016295418
1653512922.040787458,-803.621643066,467.102386475,94.437011719,-0.302745399,0.952927759,-0.002892803,-0.016295418
1653512922.105770826,-806.399902344,465.014709473,94.271675110,-0.302017984,0.953171422,-0.003887768,-0.015305663
1653512922.172457218,-806.399902344,465.014709473,94.271675110,-0.302017984,0.953171422,-0.003887768,-0.015305663
1653512922.239957333,-808.468505859,463.741394043,94.199981689,-0.301048636,0.953488053,-0.005189361,-0.014259131
1653512922.305803537,-808.468505859,463.741394043,94.199981689,-0.301048636,0.953488053,-0.005189361,-0.014259131
1653512922.373822212,-811.395507812,461.510772705,94.024940491,-0.300925431,0.953550328,-0.004806531,-0.012749656
1653512922.439493179,-811.395507812,461.510772705,94.024940491,-0.300925431,0.953550328,-0.004806531,-0.012749656
1653512922.506784439,-813.524108887,460.168579102,93.950096130,-0.300952582,0.953549440,-0.003816620,-0.012507687
1653512922.573450089,-813.524108887,460.168579102,93.950096130,-0.300952582,0.953549440,-0.003816620,-0.012507687
1653512922.639379025,-816.303100586,458.072479248,93.784027100,-0.300616168,0.953670003,-0.001757958,-0.011847143
1653512922.706277132,-816.303100586,458.072479248,93.784027100,-0.300616168,0.953670003,-0.001757958,-0.011847143
1653512922.774163961,-818.920288086,456.138366699,93.637573242,-0.300876969,0.953598003,0.000895813,-0.011094853
1653512922.839086771,-818.920288086,456.138366699,93.637573242,-0.300876969,0.953598003,0.000895813,-0.011094853
1653512922.907784224,-821.522216797,454.244689941,93.500236511,-0.300817375,0.953617528,0.003564913,-0.010478933
1653512922.972805500,-821.522216797,454.244689941,93.500236511,-0.300817375,0.953617528,0.003564913,-0.010478933
1653512923.039676189,-824.028137207,452.490783691,93.370262146,-0.300545446,0.953691993,0.006467178,-0.010109087
1653512923.111053228,-824.028137207,452.490783691,93.370262146,-0.300545446,0.953691993,0.006467178,-0.010109087
1653512923.173169374,-826.447875977,450.802246094,93.247962952,-0.300866576,0.953576153,0.009588718,-0.008937622
1653512923.239092350,-826.447875977,450.802246094,93.247962952,-0.300866576,0.953576153,0.009588718,-0.008937622
1653512923.306591034,-828.873962402,449.112426758,93.114433289,-0.300527001,0.953652843,0.012565542,-0.008478398
1653512923.372632742,-828.873962402,449.112426758,93.114433289,-0.300527001,0.953652843,0.012565542,-0.008478398
1653512923.441957712,-831.207519531,447.548339844,92.997581482,-0.299843492,0.953830428,0.015182299,-0.008419777
1653512923.506458998,-831.207519531,447.548339844,92.997581482,-0.299843492,0.953830428,0.015182299,-0.008419777
1653512923.573024511,-833.835021973,445.646881104,92.853607178,-0.299631513,0.953845405,0.017695721,-0.009314531
1653512923.639057398,-833.835021973,445.646881104,92.853607178,-0.299631513,0.953845405,0.017695721,-0.009314531
1653512923.707801580,-836.553344727,443.584686279,92.693611145,-0.299212450,0.953923205,0.020214522,-0.009685147
1653512923.772765875,-836.553344727,443.584686279,92.693611145,-0.299212450,0.953923205,0.020214522,-0.009685147
1653512923.841588736,-839.322082520,441.463958740,92.533348083,-0.298444834,0.954116156,0.021621747,-0.011204544
1653512923.906193972,-839.322082520,441.463958740,92.533348083,-0.298444834,0.954116156,0.021621747,-0.011204544
1653512923.972409248,-842.229858398,439.171997070,92.352890015,-0.297984366,0.954221799,0.022434121,-0.012758764
1653512924.039275408,-842.229858398,439.171997070,92.352890015,-0.297984366,0.954221799,0.022434121,-0.012758764
1653512924.105877876,-844.433227539,437.649444580,92.255088806,-0.297491527,0.954361279,0.022216739,-0.014133556
1653512924.172615051,-844.433227539,437.649444580,92.255088806,-0.297491527,0.954361279,0.022216739,-0.014133556
1653512924.239169598,-846.915161133,435.831909180,92.117027283,-0.296389488,0.954693310,0.022315141,-0.014696598
1653512924.306250572,-846.915161133,435.831909180,92.117027283,-0.296389488,0.954693310,0.022315141,-0.014696598
1653512924.372355223,-849.211547852,434.215362549,91.995796204,-0.295830608,0.954858901,0.022189572,-0.015373823
1653512924.440770388,-849.211547852,434.215362549,91.995796204,-0.295830608,0.954858901,0.022189572,-0.015373823
1653512924.506376505,-851.906372070,432.129211426,91.811294556,-0.295312458,0.954998415,0.022982774,-0.015503913
1653512924.572611332,-851.906372070,432.129211426,91.811294556,-0.295312458,0.954998415,0.022982774,-0.015503913
1653512924.641292810,-854.694702148,429.919769287,91.610794067,-0.294663639,0.955177967,0.024315214,-0.014736384
1653512924.709180593,-854.694702148,429.919769287,91.610794067,-0.294663639,0.955177967,0.024315214,-0.014736384
1653512924.772542953,-857.181884766,428.058197021,91.440048218,-0.294674225,0.955165886,0.024974900,-0.014194597
1653512924.842007875,-857.181884766,428.058197021,91.440048218,-0.294674225,0.955165886,0.024974900,-0.014194597
1653512924.906510115,-859.753112793,426.034912109,91.245826721,-0.295107847,0.955002446,0.026145817,-0.014074199
1653512924.972670794,-859.753112793,426.034912109,91.245826721,-0.295107847,0.955002446,0.026145817,-0.014074199
1653512925.039157391,-862.061523438,424.313903809,91.079177856,-0.295056850,0.955002546,0.026920039,-0.013671309
1653512925.105864525,-862.061523438,424.313903809,91.079177856,-0.295056850,0.955002546,0.026920039,-0.013671309
1653512925.173124075,-864.444274902,422.484100342,90.901214600,-0.295962211,0.954712977,0.027278768,-0.013615070
1653512925.239217520,-864.444274902,422.484100342,90.901214600,-0.295962211,0.954712977,0.027278768,-0.013615070
1653512925.305675507,-866.825500488,420.667938232,90.723190308,-0.296841138,0.954439678,0.027442257,-0.013310225
1653512925.373811722,-866.825500488,420.667938232,90.723190308,-0.296841138,0.954439678,0.027442257,-0.013310225
1653512925.439395666,-869.485229492,418.503448486,90.507194519,-0.297485622,0.954225129,0.027865425,-0.013424855
1653512925.506114244,-869.485229492,418.503448486,90.507194519,-0.297485622,0.954225129,0.027865425,-0.013424855
1653512925.572581530,-872.075195312,416.402526855,90.299407959,-0.298989333,0.953748964,0.028046097,-0.013479967
1653512925.640736341,-872.075195312,416.402526855,90.299407959,-0.298989333,0.953748964,0.028046097,-0.013479967
1653512925.705787420,-874.742797852,414.181823730,90.079193115,-0.300886419,0.953144006,0.028360264,-0.013400074
1653512925.772432327,-874.742797852,414.181823730,90.079193115,-0.300886419,0.953144006,0.028360264,-0.013400074
1653512925.839762926,-877.146789551,412.245574951,89.887298584,-0.302274558,0.952685842,0.028300671,-0.014793593
1653512925.906600475,-877.146789551,412.245574951,89.887298584,-0.302274558,0.952685842,0.028300671,-0.014793593
1653512925.972927809,-879.503112793,410.347778320,89.697799683,-0.304251613,0.952042883,0.028010521,-0.016146678
1653512926.039314985,-879.503112793,410.347778320,89.697799683,-0.304251613,0.952042883,0.028010521,-0.016146678
1653512926.105939150,-882.419128418,407.785980225,89.433090210,-0.305876996,0.951520847,0.027274100,-0.017420221
1653512926.172435760,-882.419128418,407.785980225,89.433090210,-0.305876996,0.951520847,0.027274100,-0.017420221
1653512926.240677118,-884.242919922,406.526977539,89.326408386,-0.306742854,0.951252185,0.025937657,-0.018850448
1653512926.305638790,-884.242919922,406.526977539,89.326408386,-0.306742854,0.951252185,0.025937657,-0.018850448
1653512926.373110056,-886.758300781,404.439025879,89.112068176,-0.307727696,0.950925054,0.026127562,-0.019040950
1653512926.439147234,-886.758300781,404.439025879,89.112068176,-0.307727696,0.950925054,0.026127562,-0.019040950
1653512926.505773306,-889.301940918,402.277008057,88.883544922,-0.308347348,0.950719310,0.026556863,-0.018693291
1653512926.572821379,-889.301940918,402.277008057,88.883544922,-0.308347348,0.950719310,0.026556863,-0.018693291
1653512926.641239643,-891.992004395,399.928283691,88.633041382,-0.308663011,0.950627149,0.026300699,-0.018532220
1653512926.706659079,-891.992004395,399.928283691,88.633041382,-0.308663011,0.950627149,0.026300699,-0.018532220
1653512926.772786617,-894.376342773,397.958038330,88.431045532,-0.309503796,0.950376278,0.025702210,-0.018213354
1653512926.840284586,-894.376342773,397.958038330,88.431045532,-0.309503796,0.950376278,0.025702210,-0.018213354
1653512926.906200171,-896.629272461,396.093627930,88.239219666,-0.310172944,0.950198648,0.024861412,-0.017239042
1653512926.972521305,-896.629272461,396.093627930,88.239219666,-0.310172944,0.950198648,0.024861412,-0.017239042
1653512927.040838003,-899.163269043,393.887603760,88.006866455,-0.310917765,0.949997068,0.023895701,-0.016269885
1653512927.105794430,-899.163269043,393.887603760,88.006866455,-0.310917765,0.949997068,0.023895701,-0.016269885
1653512927.173547745,-901.536315918,391.850738525,87.796371460,-0.312328518,0.949584367,0.022574592,-0.015192591
1653512927.239129066,-901.536315918,391.850738525,87.796371460,-0.312328518,0.949584367,0.022574592,-0.015192591
1653512927.305943489,-903.821472168,389.929595947,87.609779358,-0.313634012,0.949220790,0.020495877,-0.013911026
1653512927.373144865,-903.821472168,389.929595947,87.609779358,-0.313634012,0.949220790,0.020495877,-0.013911026
1653512927.444530249,-906.132019043,387.967285156,87.418601990,-0.314809313,0.948877547,0.019165247,-0.012617045
1653512927.506713867,-906.132019043,387.967285156,87.418601990,-0.314809313,0.948877547,0.019165247,-0.012617045
1653512927.574090958,-909.051452637,385.289062500,87.150253296,-0.316794099,0.948258585,0.017680641,-0.011599530
1653512927.639252663,-909.051452637,385.289062500,87.150253296,-0.316794099,0.948258585,0.017680641,-0.011599530
1653512927.706695080,-911.065368652,383.660919189,87.010559082,-0.318683540,0.947672920,0.015687551,-0.010523253
1653512927.772329807,-911.065368652,383.660919189,87.010559082,-0.318683540,0.947672920,0.015687551,-0.010523253
1653512927.839855194,-913.375976562,381.660644531,86.824295044,-0.320592197,0.947064525,0.013749882,-0.010018453
1653512927.906061649,-913.375976562,381.660644531,86.824295044,-0.320592197,0.947064525,0.013749882,-0.010018453
1653512927.972581148,-915.874389648,379.398803711,86.602226257,-0.323279224,0.946187415,0.012765459,-0.007547300
1653512928.039350986,-915.874389648,379.398803711,86.602226257,-0.323279224,0.946187415,0.012765459,-0.007547300
1653512928.105602980,-918.424560547,377.059112549,86.371833801,-0.325507234,0.945451228,0.011376728,-0.006130720
1653512928.173058033,-918.424560547,377.059112549,86.371833801,-0.325507234,0.945451228,0.011376728,-0.006130720
1653512928.242154837,-920.633728027,375.161102295,86.195404053,-0.327482531,0.944798317,0.009434833,-0.004724057
1653512928.305571795,-920.633728027,375.161102295,86.195404053,-0.327482531,0.944798317,0.009434833,-0.004724057
1653512928.372351170,-923.162353516,372.875335693,85.977821350,-0.330270883,0.943847051,0.007629008,-0.003960628
1653512928.441496372,-923.162353516,372.875335693,85.977821350,-0.330270883,0.943847051,0.007629008,-0.003960628
1653512928.506081820,-925.246582031,371.122528076,85.827568054,-0.332921500,0.942931280,0.005637737,-0.003477288
1653512928.572496176,-925.246582031,371.122528076,85.827568054,-0.332921500,0.942931280,0.005637737,-0.003477288
1653512928.640275002,-927.737976074,368.887115479,85.628219604,-0.335378017,0.942073215,0.003471296,-0.002755449
1653512928.708433628,-927.737976074,368.887115479,85.628219604,-0.335378017,0.942073215,0.003471296,-0.002755449
1653512928.772433043,-930.317810059,366.534118652,85.412712097,-0.338141614,0.941089792,0.002446408,-0.002065595
1653512928.839380026,-930.317810059,366.534118652,85.412712097,-0.338141614,0.941089792,0.002446408,-0.002065595
1653512928.905907631,-932.595153809,364.551574707,85.251678467,-0.340921492,0.940088812,0.001709773,-0.001624646
1653512928.974132776,-932.595153809,364.551574707,85.251678467,-0.340921492,0.940088812,0.001709773,-0.001624646
1653512929.039644718,-934.922485352,362.520019531,85.088996887,-0.342923858,0.939361238,0.000984457,-0.001650361
1653512929.105972767,-934.922485352,362.520019531,85.088996887,-0.342923858,0.939361238,0.000984457,-0.001650361
1653512929.173579693,-937.407958984,360.277252197,84.914512634,-0.345287586,0.938494133,0.000699974,-0.002180652
1653512929.239336491,-937.407958984,360.277252197,84.914512634,-0.345287586,0.938494133,0.000699974,-0.002180652
1653512929.305671692,-939.617004395,358.403930664,84.786949158,-0.347021728,0.937851844,0.000392352,-0.003112211
1653512929.372503281,-939.617004395,358.403930664,84.786949158,-0.347021728,0.937851844,0.000392352,-0.003112211
1653512929.440111399,-942.013793945,356.264099121,84.631095886,-0.348399483,0.937339526,-0.000299329,-0.003510534
1653512929.505503893,-942.013793945,356.264099121,84.631095886,-0.348399483,0.937339526,-0.000299329,-0.003510534
1653512929.572893620,-944.561706543,353.955108643,84.458953857,-0.350155468,0.936683760,-0.000514330,-0.003797094
1653512929.639415741,-944.561706543,353.955108643,84.458953857,-0.350155468,0.936683760,-0.000514330,-0.003797094
1653512929.707620621,-946.788940430,352.073547363,84.345199585,-0.351459210,0.936193182,-0.000065606,-0.004329490
1653512929.772404671,-946.788940430,352.073547363,84.345199585,-0.351459210,0.936193182,-0.000065606,-0.004329490
1653512929.840112686,-949.311767578,349.801330566,84.182029724,-0.352053977,0.935968655,0.001058824,-0.004421908
1653512929.905775309,-949.311767578,349.801330566,84.182029724,-0.352053977,0.935968655,0.001058824,-0.004421908
1653512929.974684000,-951.992614746,347.303802490,83.987991333,-0.353341914,0.935481210,0.003093821,-0.003850505
1653512930.039931059,-951.992614746,347.303802490,83.987991333,-0.353341914,0.935481210,0.003093821,-0.003850505
1653512930.105600119,-954.112487793,345.593231201,83.885879517,-0.353928596,0.935251475,0.004700279,-0.004139333
1653512930.173787832,-954.112487793,345.593231201,83.885879517,-0.353928596,0.935251475,0.004700279,-0.004139333
1653512930.239509106,-956.565612793,343.382019043,83.712265015,-0.354172766,0.935145616,0.007001809,-0.003911894
1653512930.305922985,-956.565612793,343.382019043,83.712265015,-0.354172766,0.935145616,0.007001809,-0.003911894
1653512930.372457027,-959.034912109,341.184906006,83.547889709,-0.354665899,0.934946462,0.008604497,-0.003629959
1653512930.440064907,-959.034912109,341.184906006,83.547889709,-0.354665899,0.934946462,0.008604497,-0.003629959
1653512930.506669760,-961.479919434,339.014556885,83.380569458,-0.354967474,0.934813141,0.010605196,-0.003164485
1653512930.576173782,-961.479919434,339.014556885,83.380569458,-0.354967474,0.934813141,0.010605196,-0.003164485
1653512930.639259100,-963.791442871,337.036743164,83.241653442,-0.354561129,0.934946261,0.012340900,-0.003097822
1653512930.708253860,-963.791442871,337.036743164,83.241653442,-0.354561129,0.934946261,0.012340900,-0.003097822
1653512930.772372484,-966.151245117,334.981201172,83.095779419,-0.354136490,0.935088257,0.013601653,-0.003506122
1653512930.839055300,-966.151245117,334.981201172,83.095779419,-0.354136490,0.935088257,0.013601653,-0.003506122
1653512930.905791998,-968.712097168,332.646240234,82.921928406,-0.353954590,0.935135263,0.015157104,-0.002906878
1653512930.972577333,-968.712097168,332.646240234,82.921928406,-0.353954590,0.935135263,0.015157104,-0.002906878
1653512931.040364027,-971.184448242,330.436981201,82.766242981,-0.353495485,0.935293689,0.015965836,-0.003427663
1653512931.107045412,-971.184448242,330.436981201,82.766242981,-0.353495485,0.935293689,0.015965836,-0.003427663
1653512931.173436880,-973.386108398,328.593261719,82.660430908,-0.353219899,0.935380167,0.016826089,-0.004065525
1653512931.239196301,-973.386108398,328.593261719,82.660430908,-0.353219899,0.935380167,0.016826089,-0.004065525
1653512931.305557013,-976.039306641,326.093261719,82.470069885,-0.352845036,0.935497147,0.018063249,-0.004380245
1653512931.372458696,-976.039306641,326.093261719,82.470069885,-0.352845036,0.935497147,0.018063249,-0.004380245
1653512931.439106703,-978.509460449,323.832855225,82.307525635,-0.352081061,0.935764255,0.018868733,-0.005306232
1653512931.505669594,-978.509460449,323.832855225,82.307525635,-0.352081061,0.935764255,0.018868733,-0.005306232
1653512931.572637081,-980.756591797,321.883972168,82.179534912,-0.352009860,0.935775570,0.019127952,-0.006874752
1653512931.639204979,-980.756591797,321.883972168,82.179534912,-0.352009860,0.935775570,0.019127952,-0.006874752
1653512931.705500841,-983.387390137,319.396697998,81.994079590,-0.351716896,0.935887072,0.018839608,-0.007462113
1653512931.772379398,-983.387390137,319.396697998,81.994079590,-0.351716896,0.935887072,0.018839608,-0.007462113
1653512931.839519501,-985.724792480,317.307556152,81.859466553,-0.351588659,0.935958845,0.017545462,-0.007655869
1653512931.905961514,-985.724792480,317.307556152,81.859466553,-0.351588659,0.935958845,0.017545462,-0.007655869
1653512931.972706795,-988.143615723,315.096710205,81.721519470,-0.352460389,0.935658467,0.015741086,-0.008193038
1653512932.039953232,-988.143615723,315.096710205,81.721519470,-0.352460389,0.935658467,0.015741086,-0.008193038
1653512932.106145144,-990.602294922,312.824890137,81.582534790,-0.353406751,0.935331270,0.013839057,-0.008219767
1653512932.172815561,-990.602294922,312.824890137,81.582534790,-0.353406751,0.935331270,0.013839057,-0.008219767
1653512932.239120007,-993.003295898,310.607452393,81.456054688,-0.354630643,0.934891090,0.012270506,-0.008074172
1653512932.307193518,-993.003295898,310.607452393,81.456054688,-0.354630643,0.934891090,0.012270506,-0.008074172
1653512932.373113871,-995.602600098,308.078796387,81.296562195,-0.356494027,0.934204966,0.010927378,-0.007326860
1653512932.439192295,-995.602600098,308.078796387,81.296562195,-0.356494027,0.934204966,0.010927378,-0.007326860
1653512932.506284237,-997.979370117,305.872650146,81.186012268,-0.358341685,0.933511890,0.009475193,-0.007550364
1653512932.575577259,-997.979370117,305.872650146,81.186012268,-0.358341685,0.933511890,0.009475193,-0.007550364
1653512932.640465498,-1000.226196289,303.834197998,81.102943420,-0.359471200,0.933087879,0.008306661,-0.007646283
1653512932.705582857,-1000.226196289,303.834197998,81.102943420,-0.359471200,0.933087879,0.008306661,-0.007646283
1653512932.772522926,-1002.794738770,301.335784912,80.968505859,-0.361383851,0.932353785,0.008056873,-0.007295114
1653512932.839208603,-1002.794738770,301.335784912,80.968505859,-0.361383851,0.932353785,0.008056873,-0.007295114
1653512932.905947685,-1005.066589355,299.258605957,80.873542786,-0.362995777,0.931727834,0.007984693,-0.007318050
1653512932.972223759,-1005.066589355,299.258605957,80.873542786,-0.362995777,0.931727834,0.007984693,-0.007318050
1653512933.040643692,-1007.350585938,297.222686768,80.775688171,-0.364400383,0.931165863,0.008507102,-0.008374161
1653512933.107693911,-1007.350585938,297.222686768,80.775688171,-0.364400383,0.931165863,0.008507102,-0.008374161
1653512933.173909903,-1009.777893066,294.978790283,80.634780884,-0.365863508,0.930544094,0.012442689,-0.008761331
1653512933.239153385,-1009.777893066,294.978790283,80.634780884,-0.365863508,0.930544094,0.012442689,-0.008761331
1653512933.319144726,-1012.058105469,292.908142090,80.498588562,-0.367006963,0.930010272,0.016552649,-0.010620443
1653512933.374365807,-1012.058105469,292.908142090,80.498588562,-0.367006963,0.930010272,0.016552649,-0.010620443
1653512933.439165354,-1014.985839844,289.988830566,80.258155823,-0.367559604,0.929724195,0.019437565,-0.011620700
1653512933.505861044,-1014.985839844,289.988830566,80.258155823,-0.367559604,0.929724195,0.019437565,-0.011620700
1653512933.574169636,-1016.935852051,288.231567383,80.119697571,-0.367911184,0.929576144,0.020002652,-0.011377443
1653512933.639078379,-1016.935852051,288.231567383,80.119697571,-0.367911184,0.929576144,0.020002652,-0.011377443
1653512933.706134319,-1019.154418945,286.214935303,79.952522278,-0.367687907,0.929700960,0.017044021,-0.013085471
1653512933.773470402,-1019.154418945,286.214935303,79.952522278,-0.367687907,0.929700960,0.017044021,-0.013085471
1653512933.840558290,-1021.793518066,283.540130615,79.695411682,-0.366666737,0.930146464,0.014634740,-0.012995538
1653512933.908273935,-1021.793518066,283.540130615,79.695411682,-0.366666737,0.930146464,0.014634740,-0.012995538
1653512933.972315550,-1024.094482422,281.391998291,79.494483948,-0.365463876,0.930650038,0.011849913,-0.013647062
1653512934.041601419,-1024.094482422,281.391998291,79.494483948,-0.365463876,0.930650038,0.011849913,-0.013647062
1653512934.105666637,-1026.128784180,279.620574951,79.326622009,-0.364086650,0.931200424,0.009687038,-0.014589131
1653512934.172793150,-1026.128784180,279.620574951,79.326622009,-0.364086650,0.931200424,0.009687038,-0.014589131
1653512934.239002228,-1028.694824219,277.096252441,79.062980652,-0.362324922,0.931885716,0.008449928,-0.015435730
1653512934.306082726,-1028.694824219,277.096252441,79.062980652,-0.362324922,0.931885716,0.008449928,-0.015435730
1653512934.372776747,-1031.688354492,273.937896729,78.728614807,-0.360532171,0.932582573,0.007902669,-0.015615537
1653512934.439256430,-1031.688354492,273.937896729,78.728614807,-0.360532171,0.932582573,0.007902669,-0.015615537
1653512934.506122351,-1033.666259766,272.265106201,78.558700562,-0.358058427,0.933552456,0.005736736,-0.015526265
1653512934.572541475,-1033.666259766,272.265106201,78.558700562,-0.358058427,0.933552456,0.005736736,-0.015526265
1653512934.639714718,-1036.102294922,269.876617432,78.301269531,-0.355455398,0.934577523,0.003993796,-0.014154948
1653512934.705626249,-1036.102294922,269.876617432,78.301269531,-0.355455398,0.934577523,0.003993796,-0.014154948
1653512934.772669554,-1038.460815430,267.570068359,78.070243835,-0.353892455,0.935198511,0.001112684,-0.012752937
1653512934.839069366,-1038.460815430,267.570068359,78.070243835,-0.353892455,0.935198511,0.001112684,-0.012752937
1653512934.906248331,-1040.833251953,265.238983154,77.838951111,-0.352842501,0.935614800,-0.003033640,-0.010858772
1653512934.972480774,-1040.833251953,265.238983154,77.838951111,-0.352842501,0.935614800,-0.003033640,-0.010858772
1653512935.040945292,-1043.466918945,262.511596680,77.586738586,-0.351803486,0.936020625,-0.006644185,-0.007453312
1653512935.105808020,-1043.466918945,262.511596680,77.586738586,-0.351803486,0.936020625,-0.006644185,-0.007453312
1653512935.172356606,-1045.459594727,260.744628906,77.463310242,-0.352410523,0.935786242,-0.009634212,-0.004256196
1653512935.239166021,-1045.459594727,260.744628906,77.463310242,-0.352410523,0.935786242,-0.009634212,-0.004256196
1653512935.305889130,-1048.082153320,258.030273438,77.225524902,-0.353544773,0.935355905,-0.010714452,-0.000789847
1653512935.372561932,-1048.082153320,258.030273438,77.225524902,-0.353544773,0.935355905,-0.010714452,-0.000789847
1653512935.440461636,-1050.629516602,255.476135254,77.011734009,-0.355270169,0.934704105,-0.010387453,0.001855777
1653512935.505866051,-1050.629516602,255.476135254,77.011734009,-0.355270169,0.934704105,-0.010387453,0.001855777
1653512935.572466135,-1053.041381836,253.140014648,76.837837219,-0.357448963,0.933887716,-0.008403487,0.003654381
1653512935.639048815,-1053.041381836,253.140014648,76.837837219,-0.357448963,0.933887716,-0.008403487,0.003654381
1653512935.706188202,-1055.446166992,250.759414673,76.662277222,-0.359461578,0.933133549,-0.005574280,0.004252085
1653512935.772179127,-1055.446166992,250.759414673,76.662277222,-0.359461578,0.933133549,-0.005574280,0.004252085
1653512935.838921547,-1057.858886719,248.429336548,76.509727478,-0.361520683,0.932353985,-0.002501315,0.003547638
1653512935.905562401,-1057.858886719,248.429336548,76.509727478,-0.361520683,0.932353985,-0.002501315,0.003547638
1653512935.972590685,-1060.435791016,245.861694336,76.337310791,-0.363329146,0.931658575,0.001418965,0.001489027
1653512936.039142370,-1060.435791016,245.861694336,76.337310791,-0.363329146,0.931658575,0.001418965,0.001489027
1653512936.105679750,-1062.713134766,243.763839722,76.234054565,-0.364282134,0.931271920,0.005121252,-0.002216115
1653512936.172418833,-1062.713134766,243.763839722,76.234054565,-0.364282134,0.931271920,0.005121252,-0.002216115
1653512936.239297152,-1065.181152344,241.381362915,76.103004456,-0.363784977,0.931435070,0.007097169,-0.006231512
1653512936.305535555,-1065.181152344,241.381362915,76.103004456,-0.363784977,0.931435070,0.007097169,-0.006231512
1653512936.372306108,-1067.795776367,238.769012451,75.955635071,-0.362150135,0.932035033,0.008232580,-0.009497425
1653512936.439627647,-1067.795776367,238.769012451,75.955635071,-0.362150135,0.932035033,0.008232580,-0.009497425
1653512936.505566359,-1070.112670898,236.613220215,75.867980957,-0.359720469,0.932952940,0.007991703,-0.011667422
1653512936.572577715,-1070.112670898,236.613220215,75.867980957,-0.359720469,0.932952940,0.007991703,-0.011667422
1653512936.640460730,-1072.536499023,234.285217285,75.753402710,-0.356154616,0.934297371,0.008284880,-0.013178525
1653512936.705783129,-1072.536499023,234.285217285,75.753402710,-0.356154616,0.934297371,0.008284880,-0.013178525
1653512936.772526979,-1075.242797852,231.550125122,75.586761475,-0.353511632,0.935271207,0.008918667,-0.014756477
1653512936.839615583,-1075.242797852,231.550125122,75.586761475,-0.353511632,0.935271207,0.008918667,-0.014756477
1653512936.906434059,-1077.741821289,229.075973511,75.447586060,-0.351669288,0.935932651,0.009906038,-0.016144821
1653512936.972921133,-1077.741821289,229.075973511,75.447586060,-0.351669288,0.935932651,0.009906038,-0.016144821
1653512937.038964987,-1080.033325195,226.930465698,75.351127625,-0.350513047,0.936344103,0.009686364,-0.017507132
1653512937.106098175,-1080.033325195,226.930465698,75.351127625,-0.350513047,0.936344103,0.009686364,-0.017507132
1653512937.172260523,-1082.534545898,224.442687988,75.212692261,-0.350483958,0.936362455,0.008724099,-0.017613558
1653512937.239146471,-1082.534545898,224.442687988,75.212692261,-0.350483958,0.936362455,0.008724099,-0.017613558
1653512937.306322098,-1085.027465820,221.963012695,75.081863403,-0.350948490,0.936212499,0.006747942,-0.017198233
1653512937.372202873,-1085.027465820,221.963012695,75.081863403,-0.350948490,0.936212499,0.006747942,-0.017198233
1653512937.439831257,-1087.351562500,219.737869263,74.992660522,-0.351947010,0.935867370,0.003663472,-0.016496891
1653512937.507078171,-1087.351562500,219.737869263,74.992660522,-0.351947010,0.935867370,0.003663472,-0.016496891
1653512937.573050499,-1089.944458008,217.080764771,74.861244202,-0.353699413,0.935240320,0.000912215,-0.014880747
1653512937.642552376,-1089.944458008,217.080764771,74.861244202,-0.353699413,0.935240320,0.000912215,-0.014880747
1653512937.705846310,-1092.130126953,215.025604248,74.808830261,-0.355530850,0.934563973,-0.001101241,-0.013666818
1653512937.772341013,-1092.130126953,215.025604248,74.808830261,-0.355530850,0.934563973,-0.001101241,-0.013666818
1653512937.839201689,-1094.678344727,212.407119751,74.684944153,-0.356998595,0.934025471,-0.003208638,-0.011752723
1653512937.906503916,-1094.678344727,212.407119751,74.684944153,-0.356998595,0.934025471,-0.003208638,-0.011752723
1653512937.972159624,-1097.000244141,210.128829956,74.603721619,-0.359586844,0.933045112,-0.004375982,-0.010245579
1653512938.039915800,-1097.000244141,210.128829956,74.603721619,-0.359586844,0.933045112,-0.004375982,-0.010245579
1653512938.108172178,-1099.525878906,207.537429810,74.488204956,-0.361579663,0.932286813,-0.004611001,-0.008954547
1653512938.172341347,-1099.525878906,207.537429810,74.488204956,-0.361579663,0.932286813,-0.004611001,-0.008954547
1653512938.239795446,-1101.719726562,205.490219116,74.439682007,-0.363276356,0.931638227,-0.003723406,-0.008163307
1653512938.305807114,-1101.719726562,205.490219116,74.439682007,-0.363276356,0.931638227,-0.003723406,-0.008163307
1653512938.372114897,-1104.228637695,202.907791138,74.320915222,-0.365468297,0.930793593,-0.001997684,-0.007226346
1653512938.439017296,-1104.228637695,202.907791138,74.320915222,-0.365468297,0.930793593,-0.001997684,-0.007226346
1653512938.505662203,-1106.718505859,200.367767334,74.207954407,-0.366988128,0.930196301,0.000467556,-0.007371397
1653512938.573637247,-1106.718505859,200.367767334,74.207954407,-0.366988128,0.930196301,0.000467556,-0.007371397
1653512938.638949633,-1109.122558594,197.979782104,74.119956970,-0.368112776,0.929740319,0.002758882,-0.008265138
1653512938.706473589,-1109.122558594,197.979782104,74.119956970,-0.368112776,0.929740319,0.002758882,-0.008265138
1653512938.772507668,-1111.470703125,195.703613281,74.045791626,-0.369456808,0.929178442,0.005188904,-0.010107682
1653512938.838877439,-1111.470703125,195.703613281,74.045791626,-0.369456808,0.929178442,0.005188904,-0.010107682
1653512938.906012774,-1113.889892578,193.318542480,73.954917908,-0.370133190,0.928865609,0.007739879,-0.012255427
1653512938.972275019,-1113.889892578,193.318542480,73.954917908,-0.370133190,0.928865609,0.007739879,-0.012255427
1653512939.040955067,-1116.166503906,191.128768921,73.877265930,-0.370455593,0.928689361,0.009543153,-0.014410129
1653512939.107268810,-1116.166503906,191.128768921,73.877265930,-0.370455593,0.928689361,0.009543153,-0.014410129
1653512939.172276258,-1118.882324219,188.246154785,73.719383240,-0.370540471,0.928585593,0.011269740,-0.017365169
1653512939.239827156,-1118.882324219,188.246154785,73.719383240,-0.370540471,0.928585593,0.011269740,-0.017365169
1653512939.306775808,-1121.136230469,186.029632568,73.628257751,-0.369691274,0.928830959,0.012715912,-0.020969411
1653512939.372159719,-1121.136230469,186.029632568,73.628257751,-0.369691274,0.928830959,0.012715912,-0.020969411
1653512939.440534353,-1123.608032227,183.533584595,73.503089905,-0.368371423,0.929253866,0.013625149,-0.024578514
1653512939.506469727,-1123.608032227,183.533584595,73.503089905,-0.368371423,0.929253866,0.013625149,-0.024578514
1653512939.573281050,-1126.031250000,181.096771240,73.372177124,-0.366611265,0.929853064,0.015005874,-0.027281572
1653512939.641962767,-1126.031250000,181.096771240,73.372177124,-0.366611265,0.929853064,0.015005874,-0.027281572
1653512939.708607912,-1128.357421875,178.790405273,73.243080139,-0.364546411,0.930583399,0.016064925,-0.029366151
1653512939.772164822,-1128.357421875,178.790405273,73.243080139,-0.364546411,0.930583399,0.016064925,-0.029366151
1653512939.839864016,-1130.687255859,176.471664429,73.110824585,-0.362092918,0.931484297,0.017084228,-0.030558992
1653512939.905759573,-1130.687255859,176.471664429,73.110824585,-0.362092918,0.931484297,0.017084228,-0.030558992
1653512939.972521305,-1133.108764648,173.923492432,72.936546326,-0.360938855,0.931912739,0.017600140,-0.030854895
1653512940.039271355,-1133.108764648,173.923492432,72.936546326,-0.360938855,0.931912739,0.017600140,-0.030854895
1653512940.105779886,-1135.744750977,171.020843506,72.715415955,-0.360308506,0.932192109,0.017548017,-0.029794619
1653512940.172433615,-1135.744750977,171.020843506,72.715415955,-0.360308506,0.932192109,0.017548017,-0.029794619
1653512940.241317034,-1138.089355469,168.552978516,72.543663025,-0.360308280,0.932249520,0.016313212,-0.028681966
1653512940.307395220,-1138.089355469,168.552978516,72.543663025,-0.360308280,0.932249520,0.016313212,-0.028681966
1653512940.372834921,-1140.349243164,166.223449707,72.393836975,-0.361410261,0.931909921,0.012618518,-0.027700113
1653512940.440925121,-1140.349243164,166.223449707,72.393836975,-0.361410261,0.931909921,0.012618518,-0.027700113
1653512940.505516529,-1142.381835938,164.203369141,72.283081055,-0.363576671,0.931172527,0.008305410,-0.025705033
1653512940.572339058,-1142.381835938,164.203369141,72.283081055,-0.363576671,0.931172527,0.008305410,-0.025705033
1653512940.638778925,-1144.514770508,162.001815796,72.150177002,-0.366203008,0.930214520,0.004546847,-0.023992302
1653512940.706552744,-1144.514770508,162.001815796,72.150177002,-0.366203008,0.930214520,0.004546847,-0.023992302
1653512940.772696733,-1147.376342773,158.624649048,71.891906738,-0.369915010,0.928811492,0.002968855,-0.021524018
1653512940.839621782,-1147.376342773,158.624649048,71.891906738,-0.369915010,0.928811492,0.002968855,-0.021524018
1653512940.905500889,-1149.460205078,156.487640381,71.774269104,-0.373987306,0.927174185,0.002870275,-0.021755160
1653512940.972679615,-1149.460205078,156.487640381,71.774269104,-0.373987306,0.927174185,0.002870275,-0.021755160
1653512941.040346146,-1151.818237305,153.876480103,71.605522156,-0.377609885,0.925688758,0.003990307,-0.022252522
1653512941.105923414,-1151.818237305,153.876480103,71.605522156,-0.377609885,0.925688758,0.003990307,-0.022252522
1653512941.172254801,-1154.184692383,151.252426147,71.440940857,-0.380934505,0.924313719,0.005447977,-0.022435941
1653512941.239115238,-1154.184692383,151.252426147,71.440940857,-0.380934505,0.924313719,0.005447977,-0.022435941
1653512941.305517197,-1156.312500000,148.978225708,71.312942505,-0.383491929,0.923240951,0.006209349,-0.022837043
1653512941.373679876,-1156.312500000,148.978225708,71.312942505,-0.383491929,0.923240951,0.006209349,-0.022837043
1653512941.439087152,-1158.700805664,146.276794434,71.133522034,-0.385338399,0.922476717,0.006995884,-0.022407193
1653512941.505604029,-1158.700805664,146.276794434,71.133522034,-0.385338399,0.922476717,0.006995884,-0.022407193
1653512941.572142124,-1160.729003906,144.193222046,71.018699646,-0.387411218,0.921602633,0.006551560,-0.022764285
1653512941.638990164,-1160.729003906,144.193222046,71.018699646,-0.387411218,0.921602633,0.006551560,-0.022764285
1653512941.710382938,-1163.116333008,141.515518188,70.835685730,-0.388995883,0.920942896,0.007495092,-0.022140648
1653512941.772772551,-1163.116333008,141.515518188,70.835685730,-0.388995883,0.920942896,0.007495092,-0.022140648
1653512941.839200497,-1165.757324219,138.433654785,70.610580444,-0.390038630,0.920495013,0.009528213,-0.021633580
1653512941.906411886,-1165.757324219,138.433654785,70.610580444,-0.390038630,0.920495013,0.009528213,-0.021633580
1653512941.973418236,-1167.816528320,136.219955444,70.469200134,-0.391080016,0.920050546,0.009857371,-0.021592729
1653512942.038770914,-1167.816528320,136.219955444,70.469200134,-0.391080016,0.920050546,0.009857371,-0.021592729
1653512942.106172800,-1170.161987305,133.576904297,70.274993896,-0.391871417,0.919724926,0.010632640,-0.020731607
1653512942.174011469,-1170.161987305,133.576904297,70.274993896,-0.391871417,0.919724926,0.010632640,-0.020731607
1653512942.239271402,-1172.414062500,131.053146362,70.089912415,-0.391727695,0.919793925,0.011678002,-0.019803377
1653512942.306101322,-1172.414062500,131.053146362,70.089912415,-0.391727695,0.919793925,0.011678002,-0.019803377
1653512942.373180151,-1174.700805664,128.465225220,69.896347046,-0.392436831,0.919492957,0.012000830,-0.019545237
1653512942.438869238,-1174.700805664,128.465225220,69.896347046,-0.392436831,0.919492957,0.012000830,-0.019545237
1653512942.506347418,-1176.925170898,125.960586548,69.710983276,-0.393461134,0.919068089,0.012532268,-0.018577538
1653512942.576726913,-1176.925170898,125.960586548,69.710983276,-0.393461134,0.919068089,0.012532268,-0.018577538
1653512942.639224529,-1179.138061523,123.477424622,69.525245667,-0.393995663,0.918847540,0.012602304,-0.018105196
1653512942.707224131,-1179.138061523,123.477424622,69.525245667,-0.393995663,0.918847540,0.012602304,-0.018105196
1653512942.772523642,-1181.150024414,121.325164795,69.375732422,-0.395307790,0.918282294,0.012522220,-0.018236592
1653512942.839087486,-1181.150024414,121.325164795,69.375732422,-0.395307790,0.918282294,0.012522220,-0.018236592
1653512942.905658484,-1183.738281250,118.177978516,69.117118835,-0.396833026,0.917639003,0.012693902,-0.017351488
1653512942.975009918,-1183.738281250,118.177978516,69.117118835,-0.396833026,0.917639003,0.012693902,-0.017351488
1653512943.039239168,-1185.905517578,115.764686584,68.937255859,-0.397860430,0.917210976,0.012123599,-0.016855907
1653512943.105740786,-1185.905517578,115.764686584,68.937255859,-0.397860430,0.917210976,0.012123599,-0.016855907
1653512943.172180891,-1187.702026367,113.969230652,68.822830200,-0.399381824,0.916567105,0.011555013,-0.016290594
1653512943.238902330,-1187.702026367,113.969230652,68.822830200,-0.399381824,0.916567105,0.011555013,-0.016290594
1653512943.305926085,-1190.080078125,111.130599976,68.587509155,-0.401086098,0.915837718,0.011639232,-0.015353987
1653512943.373713970,-1190.080078125,111.130599976,68.587509155,-0.401086098,0.915837718,0.011639232,-0.015353987
1653512943.439956665,-1192.302490234,108.571449280,68.386024475,-0.402530231,0.915217240,0.011004213,-0.015024096
1653512943.506055117,-1192.302490234,108.571449280,68.386024475,-0.402530231,0.915217240,0.011004213,-0.015024096
1653512943.572995186,-1194.364135742,106.259277344,68.209945679,-0.404198913,0.914484617,0.010815470,-0.014971640
1653512943.639068127,-1194.364135742,106.259277344,68.209945679,-0.404198913,0.914484617,0.010815470,-0.014971640
1653512943.705833673,-1196.555053711,103.712059021,68.013214111,-0.405590069,0.913872030,0.010213445,-0.015175454
1653512943.772137642,-1196.555053711,103.712059021,68.013214111,-0.405590069,0.913872030,0.010213445,-0.015175454
1653512943.839257002,-1198.442260742,101.686500549,67.870788574,-0.406705714,0.913372234,0.009316766,-0.015963126
1653512943.906232119,-1198.442260742,101.686500549,67.870788574,-0.406705714,0.913372234,0.009316766,-0.015963126
1653512943.973878860,-1200.774414062,98.878318787,67.648117065,-0.408187686,0.912720081,0.008689666,-0.015791005
1653512944.039274454,-1200.774414062,98.878318787,67.648117065,-0.408187686,0.912720081,0.008689666,-0.015791005
1653512944.106670618,-1202.879638672,96.462692261,67.475143433,-0.409549820,0.912116203,0.007736854,-0.015909702
1653512944.172158718,-1202.879638672,96.462692261,67.475143433,-0.409549820,0.912116203,0.007736854,-0.015909702
1653512944.239894152,-1204.867675781,94.216156006,67.313400269,-0.410653200,0.911617033,0.007434498,-0.016219206
1653512944.305751085,-1204.867675781,94.216156006,67.313400269,-0.410653200,0.911617033,0.007434498,-0.016219206
1653512944.372131348,-1207.165527344,91.411628723,67.087646484,-0.412160068,0.910940644,0.007357063,-0.016034195
1653512944.438749552,-1207.165527344,91.411628723,67.087646484,-0.412160068,0.910940644,0.007357063,-0.016034195
1653512944.508995056,-1209.290771484,88.887344360,66.891021729,-0.413917358,0.910130967,0.007591206,-0.016625820
1653512944.576169014,-1209.290771484,88.887344360,66.891021729,-0.413917358,0.910130967,0.007591206,-0.016625820
1653512944.639642239,-1211.210449219,86.779533386,66.745330811,-0.415366201,0.909471031,0.006920031,-0.016896037
1653512944.705826283,-1211.210449219,86.779533386,66.745330811,-0.415366201,0.909471031,0.006920031,-0.016896037
1653512944.772325277,-1213.563110352,83.833534241,66.503753662,-0.417175025,0.908633648,0.006820364,-0.017417658
1653512944.838681221,-1213.563110352,83.833534241,66.503753662,-0.417175025,0.908633648,0.006820364,-0.017417658
1653512944.905601263,-1215.203979492,82.152587891,66.405029297,-0.418494366,0.908014340,0.006269183,-0.018251637
1653512944.972112894,-1215.203979492,82.152587891,66.405029297,-0.418494366,0.908014340,0.006269183,-0.018251637
1653512945.039255381,-1217.500366211,79.349090576,66.188804626,-0.419257940,0.907657923,0.006131284,-0.018500876
1653512945.108562469,-1217.500366211,79.349090576,66.188804626,-0.419257940,0.907657923,0.006131284,-0.018500876
1653512945.172346354,-1219.577270508,76.844215393,65.996192932,-0.420720392,0.906974064,0.006937091,-0.018554661
1653512945.239848375,-1219.577270508,76.844215393,65.996192932,-0.420720392,0.906974064,0.006937091,-0.018554661
1653512945.305820704,-1221.739501953,74.239997864,65.798988342,-0.421716332,0.906504929,0.007294959,-0.018733181
1653512945.372587204,-1221.739501953,74.239997864,65.798988342,-0.421716332,0.906504929,0.007294959,-0.018733181
1653512945.439058065,-1223.693237305,71.984794617,65.632308960,-0.422272143,0.906222874,0.008121346,-0.019503422
1653512945.505804062,-1223.693237305,71.984794617,65.632308960,-0.422272143,0.906222874,0.008121346,-0.019503422
1653512945.572285891,-1225.686767578,69.646972656,65.450012207,-0.423335288,0.905709991,0.009042821,-0.019871412
1653512945.638855457,-1225.686767578,69.646972656,65.450012207,-0.423335288,0.905709991,0.009042821,-0.019871412
1653512945.705799341,-1227.843261719,66.978553772,65.225784302,-0.424287199,0.905243573,0.010769615,-0.019961502
1653512945.772214890,-1227.843261719,66.978553772,65.225784302,-0.424287199,0.905243573,0.010769615,-0.019961502
1653512945.841076136,-1229.655029297,64.958480835,65.069717407,-0.424766208,0.905004432,0.010867695,-0.020555792
1653512945.905803919,-1229.655029297,64.958480835,65.069717407,-0.424766208,0.905004432,0.010867695,-0.020555792
1653512945.972134590,-1231.834106445,62.270645142,64.832420349,-0.425610335,0.904601992,0.011681911,-0.020362016
1653512946.038840771,-1231.834106445,62.270645142,64.832420349,-0.425610335,0.904601992,0.011681911,-0.020362016
1653512946.106919765,-1233.798095703,59.946937561,64.628768921,-0.426564744,0.904146652,0.012344666,-0.020222779
1653512946.174456120,-1233.798095703,59.946937561,64.628768921,-0.426564744,0.904146652,0.012344666,-0.020222779
1653512946.238749504,-1235.870849609,57.421321869,64.400093079,-0.426933511,0.903955369,0.013307632,-0.020380768
1653512946.308119297,-1235.870849609,57.421321869,64.400093079,-0.426933511,0.903955369,0.013307632,-0.020380768
1653512946.372978687,-1237.796752930,55.134449005,64.193672180,-0.427804918,0.903544069,0.013503330,-0.020217003
1653512946.438907862,-1237.796752930,55.134449005,64.193672180,-0.427804918,0.903544069,0.013503330,-0.020217003
1653512946.505423546,-1239.716674805,52.850383759,63.985008240,-0.428813810,0.903079260,0.013917956,-0.019309489
1653512946.572332859,-1239.716674805,52.850383759,63.985008240,-0.428813810,0.903079260,0.013917956,-0.019309489
1653512946.639314890,-1241.649414062,50.473457336,63.761611938,-0.429198147,0.902902665,0.014801404,-0.018347936
1653512946.710056305,-1241.649414062,50.473457336,63.761611938,-0.429198147,0.902902665,0.014801404,-0.018347936
1653512946.772004843,-1243.816772461,47.643283844,63.489425659,-0.429882172,0.902580328,0.015326421,-0.017753048
1653512946.842635870,-1243.816772461,47.643283844,63.489425659,-0.429882172,0.902580328,0.015326421,-0.017753048
1653512946.907450199,-1245.809448242,45.125114441,63.255130768,-0.431023302,0.902046447,0.015369513,-0.017172612
1653512946.972641706,-1245.809448242,45.125114441,63.255130768,-0.431023302,0.902046447,0.015369513,-0.017172612
1653512947.039281845,-1247.499511719,43.215335846,63.090679169,-0.431493612,0.901829069,0.015380871,-0.016763687
1653512947.106762171,-1247.499511719,43.215335846,63.090679169,-0.431493612,0.901829069,0.015380871,-0.016763687
1653512947.172504902,-1249.684936523,40.319709778,62.807746887,-0.432425331,0.901389264,0.015711188,-0.016089942
1653512947.238898754,-1249.684936523,40.319709778,62.807746887,-0.432425331,0.901389264,0.015711188,-0.016089942
1653512947.306369066,-1251.626831055,37.880538940,62.575462341,-0.433229688,0.900995321,0.016565673,-0.015653996
1653512947.372112513,-1251.626831055,37.880538940,62.575462341,-0.433229688,0.900995321,0.016565673,-0.015653996
1653512947.441575289,-1253.745361328,35.085117340,62.297401428,-0.433790148,0.900716128,0.017831113,-0.014785695
1653512947.505305290,-1253.745361328,35.085117340,62.297401428,-0.433790148,0.900716128,0.017831113,-0.014785695
1653512947.572127581,-1255.509033203,32.970172882,62.105335236,-0.435040477,0.900096064,0.018715514,-0.014716939
1653512947.639849663,-1255.509033203,32.970172882,62.105335236,-0.435040477,0.900096064,0.018715514,-0.014716939
1653512947.706120729,-1257.716064453,29.907632828,61.807106018,-0.435815807,0.899696879,0.020416459,-0.013902349
1653512947.772338867,-1257.716064453,29.907632828,61.807106018,-0.435815807,0.899696879,0.020416459,-0.013902349
1653512947.840967894,-1259.710815430,27.252750397,61.566909790,-0.436077681,0.899558060,0.021365419,-0.013231483
1653512947.905771971,-1259.710815430,27.252750397,61.566909790,-0.436077681,0.899558060,0.021365419,-0.013231483
1653512947.971958160,-1261.465576172,25.089151382,61.388523102,-0.436428967,0.899417467,0.020351984,-0.012797422
1653512948.041350603,-1261.465576172,25.089151382,61.388523102,-0.436428967,0.899417467,0.020351984,-0.012797422
1653512948.108435154,-1263.310058594,22.718833923,61.199035645,-0.436563351,0.899370687,0.019565662,-0.012727597
1653512948.172233105,-1263.310058594,22.718833923,61.199035645,-0.436563351,0.899370687,0.019565662,-0.012727597
1653512948.238740921,-1265.318359375,20.065130234,60.988845825,-0.436286997,0.899503909,0.019558309,-0.012800236
1653512948.305250168,-1265.318359375,20.065130234,60.988845825,-0.436286997,0.899503909,0.019558309,-0.012800236
1653512948.372152805,-1267.358154297,17.259458542,60.758632660,-0.436578384,0.899342400,0.020449685,-0.012820779
1653512948.439276695,-1267.358154297,17.259458542,60.758632660,-0.436578384,0.899342400,0.020449685,-0.012820779
1653512948.505378723,-1269.324340820,14.605778694,60.557506561,-0.437342144,0.898931816,0.021701911,-0.013507975
1653512948.572111368,-1269.324340820,14.605778694,60.557506561,-0.437342144,0.898931816,0.021701911,-0.013507975
1653512948.641099691,-1271.123779297,12.272089958,60.395309448,-0.437996338,0.898545286,0.023805953,-0.014451734
1653512948.706501484,-1271.123779297,12.272089958,60.395309448,-0.437996338,0.898545286,0.023805953,-0.014451734
1653512948.772305012,-1273.063720703,9.654849052,60.205177307,-0.439042305,0.897928726,0.027068013,-0.015270260
1653512948.839702129,-1273.063720703,9.654849052,60.205177307,-0.439042305,0.897928726,0.027068013,-0.015270260
1653512948.905394077,-1275.065673828,6.839542866,59.991329193,-0.440531937,0.897085067,0.030205220,-0.016051136
1653512948.972111702,-1275.065673828,6.839542866,59.991329193,-0.440531937,0.897085067,0.030205220,-0.016051136
1653512949.039857388,-1276.718627930,4.744214535,59.861721039,-0.442061626,0.896197365,0.033257990,-0.017484486
1653512949.105808258,-1276.718627930,4.744214535,59.861721039,-0.442061626,0.896197365,0.033257990,-0.017484486
1653512949.172181129,-1278.491821289,2.378582478,59.701061249,-0.444220117,0.895012599,0.035336609,-0.019293996
1653512949.238659620,-1278.491821289,2.378582478,59.701061249,-0.444220117,0.895012599,0.035336609,-0.019293996
1653512949.306149006,-1280.462158203,-0.425154239,59.486721039,-0.446512647,0.893763436,0.037857880,-0.019497618
1653512949.372203827,-1280.462158203,-0.425154239,59.486721039,-0.446512647,0.893763436,0.037857880,-0.019497618
1653512949.438696146,-1282.427978516,-3.224774599,59.276519775,-0.448681992,0.892577852,0.039667492,-0.020389675
1653512949.505748272,-1282.427978516,-3.224774599,59.276519775,-0.448681992,0.892577852,0.039667492,-0.020389675
1653512949.573240757,-1284.201538086,-5.703241825,59.097904205,-0.450734887,0.891465014,0.041201144,-0.020752240
1653512949.639579296,-1284.201538086,-5.703241825,59.097904205,-0.450734887,0.891465014,0.041201144,-0.020752240
1653512949.705716133,-1285.978637695,-8.197450638,58.913509369,-0.453507266,0.890044136,0.041539448,-0.020665666
1653512949.772083998,-1285.978637695,-8.197450638,58.913509369,-0.453507266,0.890044136,0.041539448,-0.020665666
1653512949.839516163,-1287.774414062,-10.816205025,58.711231232,-0.455745822,0.888887298,0.041882020,-0.020518605
1653512949.905570030,-1287.774414062,-10.816205025,58.711231232,-0.455745822,0.888887298,0.041882020,-0.020518605
1653512949.971997261,-1289.664184570,-13.668386459,58.484649658,-0.458346045,0.887570572,0.041568958,-0.020233726
1653512950.038649321,-1289.664184570,-13.668386459,58.484649658,-0.458346045,0.887570572,0.041568958,-0.020233726
1653512950.106895447,-1291.466796875,-16.410364151,58.270477295,-0.461070663,0.886193824,0.040698522,-0.020444589
1653512950.172301054,-1291.466796875,-16.410364151,58.270477295,-0.461070663,0.886193824,0.040698522,-0.020444589
1653512950.238733053,-1293.206542969,-18.979627609,58.084720612,-0.463539610,0.885001203,0.038421561,-0.020680530
1653512950.305701256,-1293.206542969,-18.979627609,58.084720612,-0.463539610,0.885001203,0.038421561,-0.020680530
1653512950.372252464,-1294.918090820,-21.508743286,57.901851654,-0.466510615,0.883486135,0.037153243,-0.020969769
1653512950.439545155,-1294.918090820,-21.508743286,57.901851654,-0.466510615,0.883486135,0.037153243,-0.020969769
1653512950.505589485,-1296.617431641,-24.052175522,57.732593536,-0.469863064,0.881729080,0.035889600,-0.022236632
1653512950.572116137,-1296.617431641,-24.052175522,57.732593536,-0.469863064,0.881729080,0.035889600,-0.022236632
1653512950.641334057,-1298.539550781,-27.133581161,57.503128052,-0.472403770,0.880384694,0.035109252,-0.022908706
1653512950.707270145,-1298.539550781,-27.133581161,57.503128052,-0.472403770,0.880384694,0.035109252,-0.022908706
1653512950.772381306,-1300.339599609,-29.985454559,57.310981750,-0.475401338,0.878772848,0.035180412,-0.022675736
1653512950.841667414,-1300.339599609,-29.985454559,57.310981750,-0.475401338,0.878772848,0.035180412,-0.022675736
1653512950.906358480,-1301.753051758,-32.003532410,57.206893921,-0.478978759,0.876861881,0.034670684,-0.022148004
1653512950.973188400,-1301.753051758,-32.003532410,57.206893921,-0.478978759,0.876861881,0.034670684,-0.022148004
1653512951.039374352,-1303.729736328,-35.376514435,56.957176208,-0.481867798,0.875259355,0.035308399,-0.021858696
1653512951.106009722,-1303.729736328,-35.376514435,56.957176208,-0.481867798,0.875259355,0.035308399,-0.021858696
1653512951.172183752,-1305.317382812,-37.887413025,56.807422638,-0.485454023,0.873258651,0.035954878,-0.021470131
1653512951.239702463,-1305.317382812,-37.887413025,56.807422638,-0.485454023,0.873258651,0.035954878,-0.021470131
1653512951.305901289,-1307.011352539,-40.686706543,56.633769989,-0.489576756,0.870943128,0.036301114,-0.021328297
1653512951.373790979,-1307.011352539,-40.686706543,56.633769989,-0.489576756,0.870943128,0.036301114,-0.021328297
1653512951.438868999,-1308.458374023,-42.894344330,56.535800934,-0.493281497,0.868841791,0.036660922,-0.021054306
1653512951.506714582,-1308.458374023,-42.894344330,56.535800934,-0.493281497,0.868841791,0.036660922,-0.021054306
1653512951.573206663,-1310.346069336,-46.234455109,56.314670563,-0.496972992,0.866664852,0.038661917,-0.020374877
1653512951.639303207,-1310.346069336,-46.234455109,56.314670563,-0.496972992,0.866664852,0.038661917,-0.020374877
1653512951.705791712,-1312.167968750,-49.438556671,56.117073059,-0.500661620,0.864456608,0.040858475,-0.019578025
1653512951.772519350,-1312.167968750,-49.438556671,56.117073059,-0.500661620,0.864456608,0.040858475,-0.019578025
1653512951.838784933,-1313.630371094,-51.773410797,56.030448914,-0.503938018,0.862488566,0.042070210,-0.019749563
1653512951.905629158,-1313.630371094,-51.773410797,56.030448914,-0.503938018,0.862488566,0.042070210,-0.019749563
1653512951.972113848,-1315.321899414,-54.772350311,55.879077911,-0.507003181,0.860539900,0.044536299,-0.020865586
1653512952.038999796,-1315.321899414,-54.772350311,55.879077911,-0.507003181,0.860539900,0.044536299,-0.020865586
1653512952.106034279,-1316.859008789,-57.430068970,55.782207489,-0.509965528,0.858616871,0.046881269,-0.022679862
1653512952.174278259,-1316.859008789,-57.430068970,55.782207489,-0.509965528,0.858616871,0.046881269,-0.022679862
1653512952.239121437,-1318.681274414,-60.894462585,55.599590302,-0.512116853,0.857139236,0.049203414,-0.025053600
1653512952.306555986,-1318.681274414,-60.894462585,55.599590302,-0.512116853,0.857139236,0.049203414,-0.025053600
1653512952.372044563,-1320.198486328,-63.583412170,55.516040802,-0.514612679,0.855471259,0.050576765,-0.028012626
1653512952.439828634,-1320.198486328,-63.583412170,55.516040802,-0.514612679,0.855471259,0.050576765,-0.028012626
1653512952.505728960,-1321.671264648,-66.193130493,55.444458008,-0.517088523,0.853811785,0.051558114,-0.031091100
1653512952.572412014,-1321.671264648,-66.193130493,55.444458008,-0.517088523,0.853811785,0.051558114,-0.031091100
1653512952.638752699,-1323.326293945,-69.363105774,55.314613342,-0.518607433,0.852674654,0.053203746,-0.034082633
1653512952.706718683,-1323.326293945,-69.363105774,55.314613342,-0.518607433,0.852674654,0.053203746,-0.034082633
1653512952.772372961,-1324.919189453,-72.411849976,55.190727234,-0.520909659,0.851028966,0.055072631,-0.037011246
1653512952.838895321,-1324.919189453,-72.411849976,55.190727234,-0.520909659,0.851028966,0.055072631,-0.037011246
1653512952.907169342,-1326.429321289,-75.266899109,55.084415436,-0.523019485,0.849489677,0.056972339,-0.039649206
1653512952.972512245,-1326.429321289,-75.266899109,55.084415436,-0.523019485,0.849489677,0.056972339,-0.039649206
1653512953.038920164,-1327.904174805,-78.094436646,54.982116699,-0.524894127,0.848131492,0.058402860,-0.041811881
1653512953.105389833,-1327.904174805,-78.094436646,54.982116699,-0.524894127,0.848131492,0.058402860,-0.041811881
1653512953.172461033,-1329.553833008,-81.588241577,54.804378510,-0.526843299,0.846767171,0.060487519,-0.041985202
1653512953.238539219,-1329.553833008,-81.588241577,54.804378510,-0.526843299,0.846767171,0.060487519,-0.041985202
1653512953.305603981,-1330.896484375,-84.230415344,54.726913452,-0.528780330,0.845595461,0.059861316,-0.042146186
1653512953.371941328,-1330.896484375,-84.230415344,54.726913452,-0.528780330,0.845595461,0.059861316,-0.042146186
1653512953.438550711,-1332.304565430,-87.192855835,54.618797302,-0.530647573,0.844600017,0.058000170,-0.041230384
1653512953.506660938,-1332.304565430,-87.192855835,54.618797302,-0.530647573,0.844600017,0.058000170,-0.041230384
1653512953.572003126,-1333.694824219,-90.146545410,54.513629913,-0.532853948,0.843509416,0.055235035,-0.038828171
1653512953.639987230,-1333.694824219,-90.146545410,54.513629913,-0.532853948,0.843509416,0.055235035,-0.038828171
1653512953.705469608,-1335.074096680,-93.122116089,54.406105042,-0.535184626,0.842328377,0.052658640,-0.035880204
1653512953.772404909,-1335.074096680,-93.122116089,54.406105042,-0.535184626,0.842328377,0.052658640,-0.035880204
1653512953.839502573,-1336.428466797,-96.070129395,54.306228638,-0.537558896,0.841150794,0.049233192,-0.032739389
1653512953.905591965,-1336.428466797,-96.070129395,54.306228638,-0.537558896,0.841150794,0.049233192,-0.032739389
1653512953.972594500,-1337.747558594,-98.945594788,54.215370178,-0.541125233,0.839034074,0.047739785,-0.030433826
1653512954.038667917,-1337.747558594,-98.945594788,54.215370178,-0.541125233,0.839034074,0.047739785,-0.030433826
1653512954.106036186,-1339.111083984,-102.121894836,54.087913513,-0.545558109,0.836073002,0.049579785,-0.029835056
1653512954.172235489,-1339.111083984,-102.121894836,54.087913513,-0.545558109,0.836073002,0.049579785,-0.029835056
1653512954.238680840,-1340.476074219,-105.422042847,53.944545746,-0.550067599,0.833002202,0.051420855,-0.029813830
1653512954.305398941,-1340.476074219,-105.422042847,53.944545746,-0.550067599,0.833002202,0.051420855,-0.029813830
1653512954.372252226,-1341.717651367,-108.376403809,53.843059540,-0.555329875,0.829465176,0.051648172,-0.030474880
1653512954.438990593,-1341.717651367,-108.376403809,53.843059540,-0.555329875,0.829465176,0.051648172,-0.030474880
1653512954.505403519,-1343.015380859,-111.630546570,53.714191437,-0.560510214,0.825918609,0.052249115,-0.030931871
1653512954.571968794,-1343.015380859,-111.630546570,53.714191437,-0.560510214,0.825918609,0.052249115,-0.030931871
1653512954.639720917,-1344.232788086,-114.615638733,53.618633270,-0.564896869,0.822973649,0.051173537,-0.031419250
1653512954.706075907,-1344.232788086,-114.615638733,53.618633270,-0.564896869,0.822973649,0.051173537,-0.031419250
1653512954.772414446,-1345.421630859,-117.509162903,53.537193298,-0.569339585,0.819945413,0.049930313,-0.032387049
1653512954.842853546,-1345.421630859,-117.509162903,53.537193298,-0.569339585,0.819945413,0.049930313,-0.032387049
1653512954.907303333,-1346.748535156,-121.090126038,53.377414703,-0.572868658,0.817449529,0.050330841,-0.032627833
1653512954.976553679,-1346.748535156,-121.090126038,53.377414703,-0.572868658,0.817449529,0.050330841,-0.032627833
1653512955.048486233,-1347.947387695,-124.130615234,53.284313202,-0.575742022,0.815425299,0.049102494,-0.034520303
1653512955.107452631,-1347.947387695,-124.130615234,53.284313202,-0.575742022,0.815425299,0.049102494,-0.034520303
1653512955.172401428,-1349.271118164,-127.736938477,53.153087616,-0.578628371,0.813297225,0.049286177,-0.036162199
1653512955.238689184,-1349.271118164,-127.736938477,53.153087616,-0.578628371,0.813297225,0.049286177,-0.036162199
1653512955.306649685,-1350.430175781,-130.960952759,53.029369354,-0.580641496,0.811749978,0.049700650,-0.038043032
1653512955.372012377,-1350.430175781,-130.960952759,53.029369354,-0.580641496,0.811749978,0.049700650,-0.038043032
1653512955.439156055,-1351.536010742,-133.878890991,52.954952240,-0.582699519,0.810210620,0.049166086,-0.040033947
1653512955.508534908,-1351.536010742,-133.878890991,52.954952240,-0.582699519,0.810210620,0.049166086,-0.040033947
1653512955.572334528,-1352.683593750,-137.160263062,52.841377258,-0.584923868,0.808560915,0.048997335,-0.041140940
1653512955.642072201,-1352.683593750,-137.160263062,52.841377258,-0.584923868,0.808560915,0.048997335,-0.041140940
1653512955.705445290,-1353.842773438,-140.762466431,52.708576202,-0.587478227,0.806621143,0.049059437,-0.042718098
1653512955.772117138,-1353.842773438,-140.762466431,52.708576202,-0.587478227,0.806621143,0.049059437,-0.042718098
1653512955.838603020,-1354.889648438,-143.807525635,52.647891998,-0.590118279,0.804709122,0.047847460,-0.043752341
1653512955.905221462,-1354.889648438,-143.807525635,52.647891998,-0.590118279,0.804709122,0.047847460,-0.043752341
1653512955.972575426,-1356.006469727,-147.320587158,52.555854797,-0.592757003,0.802763901,0.047381942,-0.044319362
1653512956.042177439,-1356.006469727,-147.320587158,52.555854797,-0.592757003,0.802763901,0.047381942,-0.044319362
1653512956.105420589,-1357.090942383,-150.824050903,52.479072571,-0.595261155,0.800846633,0.047936153,-0.044843663
1653512956.176570654,-1357.090942383,-150.824050903,52.479072571,-0.595261155,0.800846633,0.047936153,-0.044843663
1653512956.238542318,-1358.088745117,-153.920959473,52.443592072,-0.597262444,0.799355986,0.047694705,-0.045086540
1653512956.305636168,-1358.088745117,-153.920959473,52.443592072,-0.597262444,0.799355986,0.047694705,-0.045086540
1653512956.372024775,-1359.129150391,-157.436325073,52.370880127,-0.599944993,0.797281304,0.048703733,-0.045127309
1653512956.439631462,-1359.129150391,-157.436325073,52.370880127,-0.599944993,0.797281304,0.048703733,-0.045127309
1653512956.506538391,-1360.088500977,-160.599517822,52.334766388,-0.602720569,0.795081211,0.050551188,-0.044926186
1653512956.571928978,-1360.088500977,-160.599517822,52.334766388,-0.602720569,0.795081211,0.050551188,-0.044926186
1653512956.639463663,-1361.085937500,-164.182861328,52.249343872,-0.605816588,0.792633215,0.052440314,-0.044371857
1653512956.705377340,-1361.085937500,-164.182861328,52.249343872,-0.605816588,0.792633215,0.052440314,-0.044371857
1653512956.773554325,-1361.987304688,-167.331253052,52.216602325,-0.609800169,0.789589000,0.051913009,-0.044699040
1653512956.840004206,-1361.987304688,-167.331253052,52.216602325,-0.609800169,0.789589000,0.051913009,-0.044699040
1653512956.911803722,-1362.934204102,-171.051925659,52.145015717,-0.614297429,0.786064240,0.052087141,-0.045040073
1653512956.972113609,-1362.934204102,-171.051925659,52.145015717,-0.614297429,0.786064240,0.052087141,-0.045040073
1653512957.039558887,-1363.729370117,-173.506988525,52.240661621,-0.619734777,0.781861382,0.048796461,-0.047333830
1653512957.105948925,-1363.729370117,-173.506988525,52.240661621,-0.619734777,0.781861382,0.048796461,-0.047333830
1653512957.172056913,-1364.614746094,-177.360137939,52.170207977,-0.624941064,0.777553218,0.048471925,-0.050101218
1653512957.238553286,-1364.614746094,-177.360137939,52.170207977,-0.624941064,0.777553218,0.048471925,-0.050101218
1653512957.306165457,-1365.463256836,-180.925369263,52.154537201,-0.629825007,0.773345662,0.047738512,-0.054570885
1653512957.373032808,-1365.463256836,-180.925369263,52.154537201,-0.629825007,0.773345662,0.047738512,-0.054570885
1653512957.439032555,-1366.217285156,-183.683609009,52.224216461,-0.633768508,0.769787083,0.046459594,-0.060056900
1653512957.505434513,-1366.217285156,-183.683609009,52.224216461,-0.633768508,0.769787083,0.046459594,-0.060056900
1653512957.572915792,-1367.022216797,-187.438705444,52.181724548,-0.637152969,0.766398012,0.048107073,-0.065999165
1653512957.638607025,-1367.022216797,-187.438705444,52.181724548,-0.637152969,0.766398012,0.048107073,-0.065999165
1653512957.707321405,-1367.785766602,-190.940185547,52.167644501,-0.639899036,0.763513590,0.049522316,-0.071580457
1653512957.772122860,-1367.785766602,-190.940185547,52.167644501,-0.639899036,0.763513590,0.049522316,-0.071580457
1653512957.838665009,-1368.491333008,-194.203674316,52.175712585,-0.641881289,0.761434736,0.050100408,-0.075468555
1653512957.906899929,-1368.491333008,-194.203674316,52.175712585,-0.641881289,0.761434736,0.050100408,-0.075468555
1653512957.972618580,-1369.163696289,-197.643615723,52.154090881,-0.644125865,0.759378656,0.049346107,-0.077529920
1653512958.038630009,-1369.163696289,-197.643615723,52.154090881,-0.644125865,0.759378656,0.049346107,-0.077529920
1653512958.105282545,-1369.816772461,-201.147109985,52.137203217,-0.646266739,0.757600941,0.047810356,-0.078065915
1653512958.172021866,-1369.816772461,-201.147109985,52.137203217,-0.646266739,0.757600941,0.047810356,-0.078065915
1653512958.239003181,-1370.425659180,-204.500823975,52.135169983,-0.648389336,0.755963739,0.046143714,-0.077335969
1653512958.305298567,-1370.425659180,-204.500823975,52.135169983,-0.648389336,0.755963739,0.046143714,-0.077335969
1653512958.372356415,-1371.025756836,-208.332107544,52.097282410,-0.650948337,0.753852655,0.045911877,-0.076580263
1653512958.438787222,-1371.025756836,-208.332107544,52.097282410,-0.650948337,0.753852655,0.045911877,-0.076580263
1653512958.505815506,-1371.570556641,-211.563705444,52.116771698,-0.654208913,0.751029507,0.046324001,-0.076285409
1653512958.571969509,-1371.570556641,-211.563705444,52.116771698,-0.654208913,0.751029507,0.046324001,-0.076285409
1653512958.639353037,-1372.100830078,-215.131103516,52.098133087,-0.657373737,0.748052430,0.048763872,-0.076807664
1653512958.705347776,-1372.100830078,-215.131103516,52.098133087,-0.657373737,0.748052430,0.048763872,-0.076807664
1653512958.771977663,-1372.584594727,-218.594604492,52.083225250,-0.661018925,0.744452734,0.052300480,-0.078158597
1653512958.838646173,-1372.584594727,-218.594604492,52.083225250,-0.661018925,0.744452734,0.052300480,-0.078158597
1653512958.906430721,-1373.028076172,-221.705383301,52.092632294,-0.665146334,0.740313630,0.055445998,-0.080260975
1653512958.972024202,-1373.028076172,-221.705383301,52.092632294,-0.665146334,0.740313630,0.055445998,-0.080260975
1653512959.040052176,-1373.438842773,-225.504852295,52.036548615,-0.669133965,0.736249630,0.058980070,-0.081960782
1653512959.105923176,-1373.438842773,-225.504852295,52.036548615,-0.669133965,0.736249630,0.058980070,-0.081960782
1653512959.172644377,-1373.815795898,-228.490051270,52.048748016,-0.673461934,0.732081793,0.059317948,-0.083586197
1653512959.240818501,-1373.815795898,-228.490051270,52.048748016,-0.673461934,0.732081793,0.059317948,-0.083586197
1653512959.307173729,-1374.158325195,-231.957107544,51.998428345,-0.677008864,0.728646275,0.059282612,-0.084965728
1653512959.372574091,-1374.158325195,-231.957107544,51.998428345,-0.677008864,0.728646275,0.059282612,-0.084965728
1653512959.438515663,-1374.467529297,-235.447509766,51.943553925,-0.680205115,0.725477287,0.058064864,-0.087362343
1653512959.505841970,-1374.467529297,-235.447509766,51.943553925,-0.680205115,0.725477287,0.058064864,-0.087362343
1653512959.572227478,-1374.747802734,-238.659652710,51.896286011,-0.683463452,0.722389815,0.055274192,-0.089305252
1653512959.639412165,-1374.747802734,-238.659652710,51.896286011,-0.683463452,0.722389815,0.055274192,-0.089305252
1653512959.706299782,-1374.971313477,-242.271514893,51.808982849,-0.686304276,0.719720130,0.051581413,-0.091261887
1653512959.772007942,-1374.971313477,-242.271514893,51.808982849,-0.686304276,0.719720130,0.051581413,-0.091261887
1653512959.838937998,-1375.174316406,-245.469787598,51.751934052,-0.688691319,0.717594924,0.047340892,-0.092307270
1653512959.905253649,-1375.174316406,-245.469787598,51.751934052,-0.688691319,0.717594924,0.047340892,-0.092307270
1653512959.973448038,-1375.285522461,-249.325073242,51.620014191,-0.691400931,0.715144918,0.044345359,-0.092552623
1653512960.038719416,-1375.285522461,-249.325073242,51.620014191,-0.691400931,0.715144918,0.044345359,-0.092552623
1653512960.105815172,-1375.441772461,-252.257415771,51.574470520,-0.694002619,0.712897173,0.038872751,-0.092881082
1653512960.172377110,-1375.441772461,-252.257415771,51.574470520,-0.694002619,0.712897173,0.038872751,-0.092881082
1653512960.238603354,-1375.524414062,-255.550674438,51.484363556,-0.696188908,0.710892419,0.036350119,-0.092906629
1653512960.305379868,-1375.524414062,-255.550674438,51.484363556,-0.696188908,0.710892419,0.036350119,-0.092906629
1653512960.372190714,-1375.536865234,-259.140533447,51.355724335,-0.699279017,0.707937845,0.035931855,-0.092421674
1653512960.438966513,-1375.536865234,-259.140533447,51.355724335,-0.699279017,0.707937845,0.035931855,-0.092421674
1653512960.505315542,-1375.584960938,-262.132202148,51.277511597,-0.702497363,0.704922080,0.034798782,-0.091495141
1653512960.572458744,-1375.584960938,-262.132202148,51.277511597,-0.702497363,0.704922080,0.034798782,-0.091495141
1653512960.639086246,-1375.514892578,-265.847106934,51.122814178,-0.705672260,0.701813217,0.035542659,-0.090672977
1653512960.707194805,-1375.514892578,-265.847106934,51.122814178,-0.705672260,0.701813217,0.035542659,-0.090672977
1653512960.772087336,-1375.470825195,-269.007812500,51.021461487,-0.709750826,0.697869773,0.035850931,-0.089141778
1653512960.838959694,-1375.470825195,-269.007812500,51.021461487,-0.709750826,0.697869773,0.035850931,-0.089141778
1653512960.905121088,-1375.344970703,-272.482666016,50.890556335,-0.714055325,0.693637157,0.036256393,-0.087623979
1653512960.978944302,-1375.344970703,-272.482666016,50.890556335,-0.714055325,0.693637157,0.036256393,-0.087623979
1653512961.038900614,-1375.241088867,-275.530761719,50.806640625,-0.718056321,0.689594686,0.035846613,-0.087001778
1653512961.106779814,-1375.241088867,-275.530761719,50.806640625,-0.718056321,0.689594686,0.035846613,-0.087001778
1653512961.171935320,-1375.078979492,-278.739746094,50.706226349,-0.722327591,0.685178221,0.036035258,-0.086458758
1653512961.241158962,-1375.078979492,-278.739746094,50.706226349,-0.722327591,0.685178221,0.036035258,-0.086458758
1653512961.306840181,-1374.870361328,-282.023956299,50.595230103,-0.726651491,0.680590273,0.036483098,-0.086275578
1653512961.372328758,-1374.870361328,-282.023956299,50.595230103,-0.726651491,0.680590273,0.036483098,-0.086275578
1653512961.438749313,-1374.616943359,-285.408599854,50.485603333,-0.730682776,0.676201629,0.036359596,-0.086787199
1653512961.505386353,-1374.616943359,-285.408599854,50.485603333,-0.730682776,0.676201629,0.036359596,-0.086787199
1653512961.571862698,-1374.373779297,-288.507629395,50.401180267,-0.734710286,0.671692142,0.036509574,-0.087735468
1653512961.638911009,-1374.373779297,-288.507629395,50.401180267,-0.734710286,0.671692142,0.036509574,-0.087735468
1653512961.705178976,-1374.095581055,-291.588165283,50.314872742,-0.738526752,0.667286983,0.037072400,-0.089061535
1653512961.773215294,-1374.095581055,-291.588165283,50.314872742,-0.738526752,0.667286983,0.037072400,-0.089061535
1653512961.838739157,-1373.717773438,-294.980133057,50.199710846,-0.741747448,0.663382121,0.037943169,-0.091077992
1653512961.906201363,-1373.717773438,-294.980133057,50.199710846,-0.741747448,0.663382121,0.037943169,-0.091077992
1653512961.971981525,-1373.322021484,-298.299804688,50.092498779,-0.744867035,0.659518487,0.038635414,-0.093358287
1653512962.039092779,-1373.322021484,-298.299804688,50.092498779,-0.744867035,0.659518487,0.038635414,-0.093358287
1653512962.105813503,-1372.972412109,-301.221557617,50.023071289,-0.747773301,0.655926595,0.038519037,-0.095455104
1653512962.176065207,-1372.972412109,-301.221557617,50.023071289,-0.747773301,0.655926595,0.038519037,-0.095455104
1653512962.238702774,-1372.459228516,-304.600952148,49.890041351,-0.750318663,0.652750686,0.038998828,-0.097043993
1653512962.305228949,-1372.459228516,-304.600952148,49.890041351,-0.750318663,0.652750686,0.038998828,-0.097043993
1653512962.374119759,-1371.999023438,-307.738281250,49.799427032,-0.753042875,0.649390576,0.037800550,-0.098941527
1653512962.438625097,-1371.999023438,-307.738281250,49.799427032,-0.753042875,0.649390576,0.037800550,-0.098941527
1653512962.505554914,-1371.554809570,-310.675842285,49.724315643,-0.755586391,0.646328453,0.036608998,-0.100042583
1653512962.571910858,-1371.554809570,-310.675842285,49.724315643,-0.755586391,0.646328453,0.036608998,-0.100042583
1653512962.640056849,-1370.970092773,-313.932373047,49.604274750,-0.757562361,0.643858272,0.036094164,-0.101207736
1653512962.705719233,-1370.970092773,-313.932373047,49.604274750,-0.757562361,0.643858272,0.036094164,-0.101207736
1653512962.772812366,-1370.353027344,-317.183227539,49.492641449,-0.760143147,0.640838850,0.035089876,-0.101373887
1653512962.839924335,-1370.353027344,-317.183227539,49.492641449,-0.760143147,0.640838850,0.035089876,-0.101373887
1653512962.905331612,-1369.763793945,-320.192962646,49.399585724,-0.762516776,0.638176960,0.033933709,-0.100731511
1653512962.972506285,-1369.763793945,-320.192962646,49.399585724,-0.762516776,0.638176960,0.033933709,-0.100731511
1653512963.042455196,-1369.171142578,-323.076782227,49.313179016,-0.764649375,0.635946678,0.031902543,-0.099324642
1653512963.105417252,-1369.171142578,-323.076782227,49.313179016,-0.764649375,0.635946678,0.031902543,-0.099324642
1653512963.171936750,-1368.425415039,-326.339965820,49.190803528,-0.767626887,0.632765357,0.030857500,-0.096978241
1653512963.239744425,-1368.425415039,-326.339965820,49.190803528,-0.767626887,0.632765357,0.030857500,-0.096978241
1653512963.305435181,-1367.628906250,-329.473999023,49.045875549,-0.770319559,0.629840833,0.030777748,-0.094662723
1653512963.372199297,-1367.628906250,-329.473999023,49.045875549,-0.770319559,0.629840833,0.030777748,-0.094662723
1653512963.438608646,-1367.082885742,-331.721679688,49.003894806,-0.773412232,0.626637998,0.027589539,-0.091636002
1653512963.505722523,-1367.082885742,-331.721679688,49.003894806,-0.773412232,0.626637998,0.027589539,-0.091636002
1653512963.572054386,-1366.184570312,-335.079162598,48.859516144,-0.776911991,0.622757090,0.027488309,-0.088463316
1653512963.639145136,-1366.184570312,-335.079162598,48.859516144,-0.776911991,0.622757090,0.027488309,-0.088463316
1653512963.705969095,-1365.339111328,-338.100067139,48.740650177,-0.780504595,0.618721673,0.026445476,-0.085420751
1653512963.772110224,-1365.339111328,-338.100067139,48.740650177,-0.780504595,0.618721673,0.026445476,-0.085420751
1653512963.839684248,-1364.442138672,-341.159545898,48.620746613,-0.783845143,0.614959550,0.025200055,-0.082319508
1653512963.905133486,-1364.442138672,-341.159545898,48.620746613,-0.783845143,0.614959550,0.025200055,-0.082319508
1653512963.972781658,-1363.648803711,-343.876037598,48.543029785,-0.787692492,0.610558037,0.022314010,-0.079129682
1653512964.038599730,-1363.648803711,-343.876037598,48.543029785,-0.787692492,0.610558037,0.022314010,-0.079129682
1653512964.105397940,-1362.662597656,-346.960083008,48.418415070,-0.791064346,0.606550891,0.020315540,-0.076814683
1653512964.172074556,-1362.662597656,-346.960083008,48.418415070,-0.791064346,0.606550891,0.020315540,-0.076814683
1653512964.238612413,-1361.656982422,-349.982482910,48.295764923,-0.794041050,0.602961907,0.017883558,-0.074939498
1653512964.309671164,-1361.656982422,-349.982482910,48.295764923,-0.794041050,0.602961907,0.017883558,-0.074939498
1653512964.372541904,-1360.690063477,-352.874816895,48.189723969,-0.797111497,0.599122871,0.014952250,-0.073766365
1653512964.439566851,-1360.690063477,-352.874816895,48.189723969,-0.797111497,0.599122871,0.014952250,-0.073766365
1653512964.506928444,-1359.565551758,-356.048736572,48.050331116,-0.799369562,0.596158972,0.012935675,-0.073725521
1653512964.572777987,-1359.565551758,-356.048736572,48.050331116,-0.799369562,0.596158972,0.012935675,-0.073725521
1653512964.639859438,-1358.845947266,-358.350830078,48.006713867,-0.801231024,0.593802629,0.009099322,-0.073105991
1653512964.705096960,-1358.845947266,-358.350830078,48.006713867,-0.801231024,0.593802629,0.009099322,-0.073105991
1653512964.772776842,-1357.702026367,-361.484710693,47.842792511,-0.802534284,0.591963054,0.009026988,-0.073735878
1653512964.839304447,-1357.702026367,-361.484710693,47.842792511,-0.802534284,0.591963054,0.009026988,-0.073735878
1653512964.905985594,-1356.686645508,-364.306030273,47.710121155,-0.803432633,0.590648941,0.008368008,-0.074564128
1653512964.972127676,-1356.686645508,-364.306030273,47.710121155,-0.803432633,0.590648941,0.008368008,-0.074564128
1653512965.038521051,-1355.661254883,-367.101959229,47.570644379,-0.803932070,0.590087353,0.007167521,-0.073748015
1653512965.105852842,-1355.661254883,-367.101959229,47.570644379,-0.803932070,0.590087353,0.007167521,-0.073748015
1653512965.171841621,-1354.620117188,-369.860931396,47.415344238,-0.804248511,0.590146958,0.004918351,-0.069905005
1653512965.239132643,-1354.620117188,-369.860931396,47.415344238,-0.804248511,0.590146958,0.004918351,-0.069905005
1653512965.306450605,-1353.439819336,-372.789825439,47.228607178,-0.804099120,0.590890748,0.001735994,-0.065343050
1653512965.371954441,-1353.439819336,-372.789825439,47.228607178,-0.804099120,0.590890748,0.001735994,-0.065343050
1653512965.438901424,-1352.292236328,-375.620697021,47.051120758,-0.803560657,0.592055010,-0.001835899,-0.061300612
1653512965.505761385,-1352.292236328,-375.620697021,47.051120758,-0.803560657,0.592055010,-0.001835899,-0.061300612
1653512965.574717522,-1351.282348633,-378.158233643,46.901298523,-0.803406661,0.592573825,-0.004562110,-0.058079138
1653512965.638534069,-1351.282348633,-378.158233643,46.901298523,-0.803406661,0.592573825,-0.004562110,-0.058079138
1653512965.706056595,-1349.908325195,-381.310668945,46.669441223,-0.803317542,0.592837568,-0.005702069,-0.056498058
1653512965.771875381,-1349.908325195,-381.310668945,46.669441223,-0.803317542,0.592837568,-0.005702069,-0.056498058
1653512965.838573217,-1348.860473633,-383.856170654,46.500785828,-0.803351089,0.592941035,-0.007910449,-0.054638638
1653512965.906949520,-1348.860473633,-383.856170654,46.500785828,-0.803351089,0.592941035,-0.007910449,-0.054638638
1653512965.972320080,-1347.610473633,-386.717681885,46.283203125,-0.804229678,0.591918231,-0.008712576,-0.052645259
1653512966.040009022,-1347.610473633,-386.717681885,46.283203125,-0.804229678,0.591918231,-0.008712576,-0.052645259
1653512966.105864048,-1346.378540039,-389.517669678,46.061237335,-0.805647104,0.590159394,-0.009605201,-0.050521022
1653512966.172031403,-1346.378540039,-389.517669678,46.061237335,-0.805647104,0.590159394,-0.009605201,-0.050521022
1653512966.238556385,-1345.256347656,-392.127227783,45.857845306,-0.807484543,0.587790532,-0.010854352,-0.048509649
1653512966.305941820,-1345.256347656,-392.127227783,45.857845306,-0.807484543,0.587790532,-0.010854352,-0.048509649
1653512966.372683048,-1344.001831055,-394.900299072,45.621723175,-0.809905062,0.584576733,-0.011758642,-0.046750070
1653512966.438589096,-1344.001831055,-394.900299072,45.621723175,-0.809905062,0.584576733,-0.011758642,-0.046750070
1653512966.505369902,-1342.708862305,-397.698425293,45.375469208,-0.812608965,0.580904371,-0.012042735,-0.045516536
1653512966.571834087,-1342.708862305,-397.698425293,45.375469208,-0.812608965,0.580904371,-0.012042735,-0.045516536
1653512966.639793158,-1341.734497070,-399.992431641,45.193344116,-0.815390999,0.577107068,-0.013983656,-0.043467321
1653512966.705560923,-1341.734497070,-399.992431641,45.193344116,-0.815390999,0.577107068,-0.013983656,-0.043467321
1653512966.773266315,-1340.442749023,-402.742492676,44.945137024,-0.818850812,0.572283862,-0.014394156,-0.042039722
1653512966.839886665,-1340.442749023,-402.742492676,44.945137024,-0.818850812,0.572283862,-0.014394156,-0.042039722
1653512966.905617952,-1339.251098633,-405.326873779,44.720745087,-0.822054973,0.567750924,-0.015184048,-0.040668841
1653512966.972531080,-1339.251098633,-405.326873779,44.720745087,-0.822054973,0.567750924,-0.015184048,-0.040668841
1653512967.038534880,-1338.080566406,-407.864807129,44.500774384,-0.825106964,0.563384165,-0.016456552,-0.039063564
1653512967.105097055,-1338.080566406,-407.864807129,44.500774384,-0.825106964,0.563384165,-0.016456552,-0.039063564
1653512967.172780275,-1336.814453125,-410.534027100,44.260665894,-0.828389543,0.558589768,-0.017368143,-0.038033989
1653512967.238317966,-1336.814453125,-410.534027100,44.260665894,-0.828389543,0.558589768,-0.017368143,-0.038033989
1653512967.305174828,-1335.581787109,-413.161163330,44.026641846,-0.831503626,0.553946433,-0.018474985,-0.037466574
1653512967.372591257,-1335.581787109,-413.161163330,44.026641846,-0.831503626,0.553946433,-0.018474985,-0.037466574
1653512967.438420534,-1334.528686523,-415.516754150,43.831542969,-0.834307020,0.549698952,-0.020087911,-0.036869138
1653512967.505051851,-1334.528686523,-415.516754150,43.831542969,-0.834307020,0.549698952,-0.020087911,-0.036869138
1653512967.573020935,-1333.050170898,-418.434204102,43.552890778,-0.837291520,0.545098293,-0.020138884,-0.037485826
1653512967.639042377,-1333.050170898,-418.434204102,43.552890778,-0.837291520,0.545098293,-0.020138884,-0.037485826
1653512967.705877781,-1331.935424805,-420.869049072,43.349945068,-0.840129031,0.540638753,-0.021779371,-0.037664433
1653512967.774103642,-1331.935424805,-420.869049072,43.349945068,-0.840129031,0.540638753,-0.021779371,-0.037664433
1653512967.838548183,-1330.872680664,-423.205261230,43.153324127,-0.842376580,0.537044758,-0.022533152,-0.038430240
1653512967.907038927,-1330.872680664,-423.205261230,43.153324127,-0.842376580,0.537044758,-0.022533152,-0.038430240
1653512967.973424196,-1329.459594727,-425.993804932,42.876014709,-0.844928672,0.532991463,-0.021214332,-0.039567571
1653512968.038418531,-1329.459594727,-425.993804932,42.876014709,-0.844928672,0.532991463,-0.021214332,-0.039567571
1653512968.108704567,-1328.337402344,-428.402984619,42.656639099,-0.846995829,0.529601513,-0.020254560,-0.041352820
1653512968.171831131,-1328.337402344,-428.402984619,42.656639099,-0.846995829,0.529601513,-0.020254560,-0.041352820
1653512968.238510132,-1327.034912109,-431.030120850,42.396617889,-0.848954962,0.526406696,-0.018235207,-0.042882874
1653512968.305526257,-1327.034912109,-431.030120850,42.396617889,-0.848954962,0.526406696,-0.018235207,-0.042882874
1653512968.373297453,-1325.880371094,-433.441345215,42.164138794,-0.850914903,0.523198728,-0.016759906,-0.043886483
1653512968.438789129,-1325.880371094,-433.441345215,42.164138794,-0.850914903,0.523198728,-0.016759906,-0.043886483
1653512968.505155802,-1324.704467773,-435.899444580,41.926559448,-0.852538368,0.520474328,-0.013651311,-0.045808808
1653512968.573001146,-1324.704467773,-435.899444580,41.926559448,-0.852538368,0.520474328,-0.013651311,-0.045808808
1653512968.638712883,-1323.351562500,-438.518859863,41.648872375,-0.853770356,0.518294145,-0.009478314,-0.048554297
1653512968.705925941,-1323.351562500,-438.518859863,41.648872375,-0.853770356,0.518294145,-0.009478314,-0.048554297
1653512968.772119045,-1321.984130859,-441.132568359,41.379837036,-0.855189046,0.515759838,-0.006028055,-0.051060238
1653512968.838437080,-1321.984130859,-441.132568359,41.379837036,-0.855189046,0.515759838,-0.006028055,-0.051060238
1653512968.905156612,-1320.943359375,-443.317138672,41.182754517,-0.856494547,0.513446391,-0.004035066,-0.052665100
1653512968.974408150,-1320.943359375,-443.317138672,41.182754517,-0.856494547,0.513446391,-0.004035066,-0.052665100
1653512969.038419247,-1319.360595703,-446.152709961,40.874549866,-0.857566850,0.511404703,-0.001222752,-0.055161868
1653512969.105440617,-1319.360595703,-446.152709961,40.874549866,-0.857566850,0.511404703,-0.001222752,-0.055161868
1653512969.173227310,-1318.117919922,-448.537475586,40.644603729,-0.859036985,0.508689167,-0.000032816,-0.057365403
1653512969.239502668,-1318.117919922,-448.537475586,40.644603729,-0.859036985,0.508689167,-0.000032816,-0.057365403
1653512969.305319786,-1316.825317383,-450.968780518,40.401809692,-0.860328318,0.506311775,0.000715286,-0.059017453
1653512969.373808146,-1316.825317383,-450.968780518,40.401809692,-0.860328318,0.506311775,0.000715286,-0.059017453
1653512969.438648701,-1315.438476562,-453.466644287,40.140476227,-0.861490736,0.504066294,0.001091181,-0.061234732
1653512969.505226851,-1315.438476562,-453.466644287,40.140476227,-0.861490736,0.504066294,0.001091181,-0.061234732
1653512969.571817875,-1314.130615234,-455.839050293,39.897041321,-0.862925752,0.501365712,0.000729772,-0.063174649
1653512969.639270306,-1314.130615234,-455.839050293,39.897041321,-0.862925752,0.501365712,0.000729772,-0.063174649
1653512969.708478928,-1312.343505859,-458.738464355,39.555828094,-0.864379825,0.498568089,0.000243153,-0.065401226
1653512969.771958590,-1312.343505859,-458.738464355,39.555828094,-0.864379825,0.498568089,0.000243153,-0.065401226
1653512969.838284016,-1310.810913086,-461.303527832,39.272674561,-0.865791325,0.495861055,-0.001459899,-0.067268603
1653512969.906304598,-1310.810913086,-461.303527832,39.272674561,-0.865791325,0.495861055,-0.001459899,-0.067268603
1653512969.972177744,-1309.626464844,-463.386871338,39.051975250,-0.867468772,0.492807507,-0.003363902,-0.068024814
1653512970.038704157,-1309.626464844,-463.386871338,39.051975250,-0.867468772,0.492807507,-0.003363902,-0.068024814
1653512970.105712891,-1308.070922852,-465.877685547,38.751480103,-0.869485509,0.489162273,-0.004578470,-0.068514654
1653512970.172095299,-1308.070922852,-465.877685547,38.751480103,-0.869485509,0.489162273,-0.004578470,-0.068514654
1653512970.242136002,-1306.407714844,-468.450134277,38.428020477,-0.871229869,0.486030002,-0.004963004,-0.068620115
1653512970.305367231,-1306.407714844,-468.450134277,38.428020477,-0.871229869,0.486030002,-0.004963004,-0.068620115
1653512970.372176170,-1304.776245117,-470.967163086,38.108600616,-0.873522566,0.482002757,-0.005202951,-0.067857183
1653512970.439018250,-1304.776245117,-470.967163086,38.108600616,-0.873522566,0.482002757,-0.005202951,-0.067857183
1653512970.504971027,-1303.296752930,-473.243804932,37.816917419,-0.875734305,0.478158223,-0.004763267,-0.066569147
1653512970.572894573,-1303.296752930,-473.243804932,37.816917419,-0.875734305,0.478158223,-0.004763267,-0.066569147
1653512970.640090942,-1301.623779297,-475.715820312,37.485725403,-0.877895645,0.474303718,-0.004363533,-0.065697639
1653512970.705724955,-1301.623779297,-475.715820312,37.485725403,-0.877895645,0.474303718,-0.004363533,-0.065697639
1653512970.772322893,-1299.945068359,-478.170745850,37.153045654,-0.880175183,0.470229005,-0.003393557,-0.064535366
1653512970.838439226,-1299.945068359,-478.170745850,37.153045654,-0.880175183,0.470229005,-0.003393557,-0.064535366
1653512970.906437159,-1298.306030273,-480.528015137,36.832809448,-0.882389600,0.466203895,-0.002939565,-0.063512847
1653512970.972100258,-1298.306030273,-480.528015137,36.832809448,-0.882389600,0.466203895,-0.002939565,-0.063512847
1653512971.039512157,-1296.749267578,-482.788848877,36.534641266,-0.884292851,0.462794667,-0.003595367,-0.061921907
1653512971.105374575,-1296.749267578,-482.788848877,36.534641266,-0.884292851,0.462794667,-0.003595367,-0.061921907
1653512971.171958447,-1295.283935547,-484.926025391,36.264556885,-0.886470550,0.458847222,-0.004705678,-0.060058706
1653512971.238650799,-1295.283935547,-484.926025391,36.264556885,-0.886470550,0.458847222,-0.004705678,-0.060058706
1653512971.305609465,-1293.584472656,-487.285125732,35.947280884,-0.888454614,0.455198794,-0.005364918,-0.058426660
1653512971.372278929,-1293.584472656,-487.285125732,35.947280884,-0.888454614,0.455198794,-0.005364918,-0.058426660
1653512971.438410044,-1292.013427734,-489.488647461,35.666084290,-0.890171521,0.451989736,-0.007190663,-0.056993295
1653512971.505598783,-1292.013427734,-489.488647461,35.666084290,-0.890171521,0.451989736,-0.007190663,-0.056993295
1653512971.571920395,-1290.527709961,-491.586730957,35.407039642,-0.892205441,0.448210758,-0.008953677,-0.054739376
1653512971.638365030,-1290.527709961,-491.586730957,35.407039642,-0.892205441,0.448210758,-0.008953677,-0.054739376
1653512971.706236362,-1288.844238281,-493.856506348,35.113281250,-0.894015136,0.444743307,-0.009913548,-0.053310875
1653512971.773511410,-1288.844238281,-493.856506348,35.113281250,-0.894015136,0.444743307,-0.009913548,-0.053310875
1653512971.838931322,-1287.271606445,-495.994110107,34.843864441,-0.895515784,0.441863112,-0.011772720,-0.051670819
1653512971.905517578,-1287.271606445,-495.994110107,34.843864441,-0.895515784,0.441863112,-0.011772720,-0.051670819
1653512971.972457170,-1285.541748047,-498.247589111,34.547164917,-0.897243260,0.438405394,-0.013883737,-0.050620992
1653512972.039921999,-1285.541748047,-498.247589111,34.547164917,-0.897243260,0.438405394,-0.013883737,-0.050620992
1653512972.105165482,-1283.942382812,-500.350189209,34.284164429,-0.898759654,0.435346123,-0.016142163,-0.049439535
1653512972.171954870,-1283.942382812,-500.350189209,34.284164429,-0.898759654,0.435346123,-0.016142163,-0.049439535
1653512972.238601446,-1282.409790039,-502.366241455,34.041328430,-0.900082313,0.432629686,-0.018854940,-0.048248072
1653512972.305332184,-1282.409790039,-502.366241455,34.041328430,-0.900082313,0.432629686,-0.018854940,-0.048248072
1653512972.372501850,-1280.567382812,-504.661010742,33.740009308,-0.901619200,0.429402800,-0.021175522,-0.047409385
1653512972.438351393,-1280.567382812,-504.661010742,33.740009308,-0.901619200,0.429402800,-0.021175522,-0.047409385
1653512972.511132717,-1278.822631836,-506.845123291,33.465065002,-0.902814274,0.426877054,-0.023320850,-0.046459708
1653512972.572363377,-1278.822631836,-506.845123291,33.465065002,-0.902814274,0.426877054,-0.023320850,-0.046459708
1653512972.639080286,-1277.137939453,-508.978118896,33.210052490,-0.904012331,0.424334530,-0.025920367,-0.045056041
1653512972.705188036,-1277.137939453,-508.978118896,33.210052490,-0.904012331,0.424334530,-0.025920367,-0.045056041
1653512972.772030830,-1275.472534180,-511.025390625,32.952571869,-0.905160779,0.421938834,-0.027250318,-0.043692157
1653512972.838727236,-1275.472534180,-511.025390625,32.952571869,-0.905160779,0.421938834,-0.027250318,-0.043692157
1653512972.905128956,-1273.554199219,-513.302856445,32.649536133,-0.906123141,0.419866612,-0.028338439,-0.043009478
1653512972.972567558,-1273.554199219,-513.302856445,32.649536133,-0.906123141,0.419866612,-0.028338439,-0.043009478
1653512973.038493395,-1271.832397461,-515.378601074,32.387138367,-0.907025615,0.417861512,-0.029748731,-0.042559418
1653512973.105128765,-1271.832397461,-515.378601074,32.387138367,-0.907025615,0.417861512,-0.029748731,-0.042559418
1653512973.171892405,-1270.041015625,-517.505371094,32.111366272,-0.908199019,0.415383670,-0.030739484,-0.041061331
1653512973.241794825,-1270.041015625,-517.505371094,32.111366272,-0.908199019,0.415383670,-0.030739484,-0.041061331
1653512973.305729866,-1268.336181641,-519.551208496,31.854106903,-0.909282557,0.413040127,-0.031944171,-0.039782595
1653512973.372564077,-1268.336181641,-519.551208496,31.854106903,-0.909282557,0.413040127,-0.031944171,-0.039782595
1653512973.438379049,-1266.680664062,-521.549133301,31.604452133,-0.910043656,0.411386280,-0.033010352,-0.038628869
1653512973.506119490,-1266.680664062,-521.549133301,31.604452133,-0.910043656,0.411386280,-0.033010352,-0.038628869
1653512973.573707104,-1264.929077148,-523.612304688,31.335382462,-0.911189574,0.408961185,-0.033324872,-0.037064311
1653512973.638645887,-1264.929077148,-523.612304688,31.335382462,-0.911189574,0.408961185,-0.033324872,-0.037064311
1653512973.705117941,-1263.142333984,-525.705322266,31.058448792,-0.912325480,0.406576534,-0.033412396,-0.035232834
1653512973.772370815,-1263.142333984,-525.705322266,31.058448792,-0.912325480,0.406576534,-0.033412396,-0.035232834
1653512973.838585377,-1261.541625977,-527.615722656,30.812311172,-0.913229492,0.404627246,-0.033715059,-0.033940860
1653512973.905225754,-1261.541625977,-527.615722656,30.812311172,-0.913229492,0.404627246,-0.033715059,-0.033940860
1653512973.972672462,-1259.729492188,-529.689086914,30.534250259,-0.914511267,0.401701512,-0.033897508,-0.033999953
1653512974.040969610,-1259.729492188,-529.689086914,30.534250259,-0.914511267,0.401701512,-0.033897508,-0.033999953
1653512974.105368137,-1257.968261719,-531.698730469,30.266784668,-0.915838709,0.398705210,-0.032611907,-0.034786183
1653512974.172095299,-1257.968261719,-531.698730469,30.266784668,-0.915838709,0.398705210,-0.032611907,-0.034786183
1653512974.239480734,-1256.136108398,-533.739501953,29.991823196,-0.917095059,0.395799127,-0.031073412,-0.036251154
1653512974.305069447,-1256.136108398,-533.739501953,29.991823196,-0.917095059,0.395799127,-0.031073412,-0.036251154
1653512974.372090340,-1254.502807617,-535.611877441,29.757249832,-0.918874565,0.391587616,-0.030579448,-0.037330557
1653512974.442576647,-1254.502807617,-535.611877441,29.757249832,-0.918874565,0.391587616,-0.030579448,-0.037330557
1653512974.506726742,-1252.620483398,-537.655639648,29.478504181,-0.920578981,0.387466202,-0.029399620,-0.039242112
1653512974.572891474,-1252.620483398,-537.655639648,29.478504181,-0.920578981,0.387466202,-0.029399620,-0.039242112
1653512974.638438702,-1250.705566406,-539.716735840,29.202013016,-0.922471286,0.382836431,-0.028553324,-0.040837500
1653512974.705677748,-1250.705566406,-539.716735840,29.202013016,-0.922471286,0.382836431,-0.028553324,-0.040837500
1653512974.772833109,-1248.974487305,-541.615173340,28.961355209,-0.924608065,0.377598380,-0.028132191,-0.041568850
1653512974.838515282,-1248.974487305,-541.615173340,28.961355209,-0.924608065,0.377598380,-0.028132191,-0.041568850
1653512974.905668497,-1247.202392578,-543.542419434,28.718618393,-0.926911653,0.371734291,-0.028221391,-0.043034371
1653512974.971914291,-1247.202392578,-543.542419434,28.718618393,-0.926911653,0.371734291,-0.028221391,-0.043034371
1653512975.038716078,-1245.383422852,-545.476135254,28.473846436,-0.929000746,0.366292749,-0.027411062,-0.045120609
1653512975.104952812,-1245.383422852,-545.476135254,28.473846436,-0.929000746,0.366292749,-0.027411062,-0.045120609
1653512975.172004461,-1243.492065430,-547.433715820,28.225788116,-0.931290461,0.360105877,-0.026951350,-0.047910948
1653512975.240394354,-1243.492065430,-547.433715820,28.225788116,-0.931290461,0.360105877,-0.026951350,-0.047910948
1653512975.305459261,-1241.665039062,-549.320251465,28.000986099,-0.933476125,0.354098758,-0.025749241,-0.050728391
1653512975.371838093,-1241.665039062,-549.320251465,28.000986099,-0.933476125,0.354098758,-0.025749241,-0.050728391
1653512975.438224554,-1239.953491211,-551.102478027,27.798269272,-0.935462273,0.348524830,-0.024057996,-0.053497589
1653512975.505227804,-1239.953491211,-551.102478027,27.798269272,-0.935462273,0.348524830,-0.024057996,-0.053497589
1653512975.573048830,-1238.199340820,-552.904357910,27.588043213,-0.937468048,0.342830746,-0.021887982,-0.056050465
1653512975.638487101,-1238.199340820,-552.904357910,27.588043213,-0.937468048,0.342830746,-0.021887982,-0.056050465
1653512975.706127167,-1236.346923828,-554.773620605,27.364044189,-0.939324760,0.337325939,-0.019880543,-0.059033637
1653512975.773121834,-1236.346923828,-554.773620605,27.364044189,-0.939324760,0.337325939,-0.019880543,-0.059033637
1653512975.839393616,-1234.582519531,-556.546203613,27.162029266,-0.940857099,0.332554873,-0.017562319,-0.062343727
1653512975.905498266,-1234.582519531,-556.546203613,27.162029266,-0.940857099,0.332554873,-0.017562319,-0.062343727
1653512975.971952677,-1232.739135742,-558.339355469,26.957033157,-0.942451362,0.327418747,-0.015951373,-0.065787137
1653512976.038265944,-1232.739135742,-558.339355469,26.957033157,-0.942451362,0.327418747,-0.015951373,-0.065787137
1653512976.105659962,-1230.693603516,-560.228393555,26.719062805,-0.943884492,0.322646767,-0.014400960,-0.069092266
1653512976.172235012,-1230.693603516,-560.228393555,26.719062805,-0.943884492,0.322646767,-0.014400960,-0.069092266
1653512976.239913464,-1228.696777344,-562.054260254,26.497037888,-0.945013264,0.318757676,-0.015206871,-0.071499837
1653512976.305525780,-1228.696777344,-562.054260254,26.497037888,-0.945013264,0.318757676,-0.015206871,-0.071499837
1653512976.372610807,-1226.692626953,-563.844238281,26.278863907,-0.946145770,0.314740567,-0.016458388,-0.073997833
1653512976.439426422,-1226.692626953,-563.844238281,26.278863907,-0.946145770,0.314740567,-0.016458388,-0.073997833
1653512976.504995823,-1224.874511719,-565.471801758,26.095056534,-0.947362524,0.310560578,-0.019094193,-0.075443930
1653512976.571917295,-1224.874511719,-565.471801758,26.095056534,-0.947362524,0.310560578,-0.019094193,-0.075443930
1653512976.638600588,-1222.904541016,-567.168640137,25.887916565,-0.948423852,0.306938407,-0.021885995,-0.076170958
1653512976.705318689,-1222.904541016,-567.168640137,25.887916565,-0.948423852,0.306938407,-0.021885995,-0.076170958
1653512976.772234440,-1220.901489258,-568.859375000,25.677324295,-0.949638005,0.302642583,-0.024545724,-0.077412106
1653512976.838767767,-1220.901489258,-568.859375000,25.677324295,-0.949638005,0.302642583,-0.024545724,-0.077412106
1653512976.905127048,-1218.792358398,-570.580627441,25.447809219,-0.950847040,0.298555854,-0.026635405,-0.077748724
1653512976.971697092,-1218.792358398,-570.580627441,25.447809219,-0.950847040,0.298555854,-0.026635405,-0.077748724
1653512977.039764881,-1216.559692383,-572.335144043,25.200490952,-0.952187108,0.294099029,-0.028449968,-0.077692165
1653512977.105042934,-1216.559692383,-572.335144043,25.200490952,-0.952187108,0.294099029,-0.028449968,-0.077692165
1653512977.171810865,-1214.609863281,-573.887145996,24.996568680,-0.953767059,0.288887828,-0.029866682,-0.077331759
1653512977.239161253,-1214.609863281,-573.887145996,24.996568680,-0.953767059,0.288887828,-0.029866682,-0.077331759
1653512977.305154085,-1212.608276367,-575.420898438,24.785512924,-0.955330890,0.283774937,-0.030135957,-0.076853759
1653512977.372614861,-1212.608276367,-575.420898438,24.785512924,-0.955330890,0.283774937,-0.030135957,-0.076853759
1653512977.438439608,-1210.723632812,-576.852294922,24.589832306,-0.956914129,0.278501511,-0.030585095,-0.076268017
1653512977.505106926,-1210.723632812,-576.852294922,24.589832306,-0.956914129,0.278501511,-0.030585095,-0.076268017
1653512977.573255062,-1208.498168945,-578.448608398,24.344253540,-0.958629853,0.272831502,-0.030307129,-0.075321011
1653512977.639937878,-1208.498168945,-578.448608398,24.344253540,-0.958629853,0.272831502,-0.030307129,-0.075321011
1653512977.705401897,-1206.679321289,-579.783813477,24.162271500,-0.960262243,0.267286451,-0.031112030,-0.074070364
1653512977.771698713,-1206.679321289,-579.783813477,24.162271500,-0.960262243,0.267286451,-0.031112030,-0.074070364
1653512977.838946819,-1204.554443359,-581.257812500,23.935020447,-0.961602258,0.262487765,-0.031543735,-0.073663174
1653512977.904869318,-1204.554443359,-581.257812500,23.935020447,-0.961602258,0.262487765,-0.031543735,-0.073663174
1653512977.971742153,-1202.365234375,-582.739562988,23.701265335,-0.962891672,0.257626079,-0.032139248,-0.073725840
1653512978.040720940,-1202.365234375,-582.739562988,23.701265335,-0.962891672,0.257626079,-0.032139248,-0.073725840
1653512978.108136892,-1200.507812500,-584.011657715,23.518684387,-0.964092487,0.252910016,-0.033286914,-0.073852435
1653512978.171625614,-1200.507812500,-584.011657715,23.518684387,-0.964092487,0.252910016,-0.033286914,-0.073852435
1653512978.239262104,-1198.545532227,-585.326049805,23.324756622,-0.965188911,0.248479513,-0.033709742,-0.074377089
1653512978.305153847,-1198.545532227,-585.326049805,23.324756622,-0.965188911,0.248479513,-0.033709742,-0.074377089
1653512978.371606112,-1196.641357422,-586.567993164,23.143283844,-0.966217742,0.244170408,-0.033973004,-0.075165964
1653512978.438257456,-1196.641357422,-586.567993164,23.143283844,-0.966217742,0.244170408,-0.033973004,-0.075165964
1653512978.505175352,-1194.590332031,-587.841003418,22.948293686,-0.967275167,0.239665186,-0.033600339,-0.076225767
1653512978.571756601,-1194.590332031,-587.841003418,22.948293686,-0.967275167,0.239665186,-0.033600339,-0.076225767
1653512978.639295816,-1192.693115234,-589.012634277,22.780862808,-0.968417457,0.234644396,-0.034832127,-0.076787761
1653512978.705454588,-1192.693115234,-589.012634277,22.780862808,-0.968417457,0.234644396,-0.034832127,-0.076787761
1653512978.772555113,-1190.743286133,-590.174255371,22.611059189,-0.969735721,0.229069958,-0.035792141,-0.076540893
1653512978.838471651,-1190.743286133,-590.174255371,22.611059189,-0.969735721,0.229069958,-0.035792141,-0.076540893
1653512978.905374765,-1188.823608398,-591.290039062,22.448764801,-0.971167082,0.222891702,-0.036634959,-0.076234302
1653512978.972338676,-1188.823608398,-591.290039062,22.448764801,-0.971167082,0.222891702,-0.036634959,-0.076234302
1653512979.038645744,-1186.838012695,-592.406799316,22.278322220,-0.972714939,0.216263349,-0.037307250,-0.075259415
1653512979.105947018,-1186.838012695,-592.406799316,22.278322220,-0.972714939,0.216263349,-0.037307250,-0.075259415
1653512979.172588110,-1184.979736328,-593.434326172,22.128608704,-0.974413289,0.208938333,-0.037355408,-0.073946529
1653512979.240050316,-1184.979736328,-593.434326172,22.128608704,-0.974413289,0.208938333,-0.037355408,-0.073946529
1653512979.305100679,-1183.148681641,-594.425842285,21.986148834,-0.976329119,0.200878644,-0.036079827,-0.071606336
1653512979.371827364,-1183.148681641,-594.425842285,21.986148834,-0.976329119,0.200878644,-0.036079827,-0.071606336
1653512979.438670397,-1181.216918945,-595.421142578,21.831035614,-0.978134611,0.192691680,-0.034625023,-0.070169134
1653512979.505769491,-1181.216918945,-595.421142578,21.831035614,-0.978134611,0.192691680,-0.034625023,-0.070169134
1653512979.571820736,-1179.013916016,-596.484680176,21.642822266,-0.979929268,0.183972612,-0.033436600,-0.069099210
1653512979.638541460,-1179.013916016,-596.484680176,21.642822266,-0.979929268,0.183972612,-0.033436600,-0.069099210
1653512979.705292463,-1177.064575195,-597.418640137,21.493455887,-0.981611372,0.175127923,-0.033255883,-0.068288885
1653512979.771607399,-1177.064575195,-597.418640137,21.493455887,-0.981611372,0.175127923,-0.033255883,-0.068288885
1653512979.840573311,-1175.428100586,-598.212158203,21.385808945,-0.983197371,0.166400146,-0.034041486,-0.066896184
1653512979.905570030,-1175.428100586,-598.212158203,21.385808945,-0.983197371,0.166400146,-0.034041486,-0.066896184
1653512979.972732544,-1173.244873047,-599.196044922,21.220621109,-0.984545731,0.157952074,-0.035004810,-0.067048567
1653512980.038268805,-1173.244873047,-599.196044922,21.220621109,-0.984545731,0.157952074,-0.035004810,-0.067048567
1653512980.105320454,-1171.475585938,-600.012084961,21.110670090,-0.985745829,0.149819118,-0.036595023,-0.067232414
1653512980.171750546,-1171.475585938,-600.012084961,21.110670090,-0.985745829,0.149819118,-0.036595023,-0.067232414
1653512980.238275290,-1169.544799805,-600.861267090,20.980998993,-0.986777989,0.142053265,-0.037487597,-0.068445237
1653512980.307190180,-1169.544799805,-600.861267090,20.980998993,-0.986777989,0.142053265,-0.037487597,-0.068445237
1653512980.372462034,-1167.602050781,-601.697998047,20.844833374,-0.987708066,0.134724747,-0.037499501,-0.069826973
1653512980.438207150,-1167.602050781,-601.697998047,20.844833374,-0.987708066,0.134724747,-0.037499501,-0.069826973
1653512980.505365849,-1165.799194336,-602.471069336,20.718683243,-0.988559058,0.127679213,-0.036461074,-0.071551367
1653512980.572546005,-1165.799194336,-602.471069336,20.718683243,-0.988559058,0.127679213,-0.036461074,-0.071551367
1653512980.638144493,-1163.587768555,-603.327636719,20.535263062,-0.989329413,0.120776894,-0.034196072,-0.073965424
1653512980.705167770,-1163.587768555,-603.327636719,20.535263062,-0.989329413,0.120776894,-0.034196072,-0.073965424
1653512980.772065878,-1161.748535156,-604.054870605,20.404996872,-0.990168681,0.112933821,-0.035118002,-0.074690430
1653512980.841410637,-1161.748535156,-604.054870605,20.404996872,-0.990168681,0.112933821,-0.035118002,-0.074690430
1653512980.913619757,-1160.083007812,-604.701354980,20.294198990,-0.991166700,0.103742643,-0.035472840,-0.074617124
1653512980.973651886,-1160.083007812,-604.701354980,20.294198990,-0.991166700,0.103742643,-0.035472840,-0.074617124
1653512981.038504362,-1157.938354492,-605.447814941,20.139896393,-0.992189767,0.093863033,-0.034882553,-0.074380130
1653512981.106380939,-1157.938354492,-605.447814941,20.139896393,-0.992189767,0.093863033,-0.034882553,-0.074380130
1653512981.171664000,-1156.119140625,-606.055114746,20.019083023,-0.992993446,0.083964659,-0.037599596,-0.074163487
1653512981.238515854,-1156.119140625,-606.055114746,20.019083023,-0.992993446,0.083964659,-0.037599596,-0.074163487
1653512981.305208921,-1154.022094727,-606.708190918,19.876497269,-0.993870152,0.072850646,-0.038390357,-0.073763714
1653512981.371705770,-1154.022094727,-606.708190918,19.876497269,-0.993870152,0.072850646,-0.038390357,-0.073763714
1653512981.438236713,-1152.049560547,-607.296508789,19.747823715,-0.994675771,0.060833276,-0.039459002,-0.073228479
1653512981.505383730,-1152.049560547,-607.296508789,19.747823715,-0.994675771,0.060833276,-0.039459002,-0.073228479
1653512981.571848869,-1150.443847656,-607.776245117,19.662284851,-0.995356735,0.047957599,-0.041135680,-0.072614700
1653512981.638628483,-1150.443847656,-607.776245117,19.662284851,-0.995356735,0.047957599,-0.041135680,-0.072614700
1653512981.705254793,-1148.212280273,-608.353637695,19.502054214,-0.995822575,0.034524155,-0.041052920,-0.073892759
1653512981.772854328,-1148.212280273,-608.353637695,19.502054214,-0.995822575,0.034524155,-0.041052920,-0.073892759
1653512981.840142965,-1146.288818359,-608.851867676,19.378334045,-0.996086327,0.021340446,-0.041777742,-0.074908177
1653512981.913704395,-1146.288818359,-608.851867676,19.378334045,-0.996086327,0.021340446,-0.041777742,-0.074908177
1653512981.971711636,-1144.568725586,-609.292785645,19.276193619,-0.996245585,0.008272002,-0.043108021,-0.074619079
1653512982.038666010,-1144.568725586,-609.292785645,19.276193619,-0.996245585,0.008272002,-0.043108021,-0.074619079
1653512982.104847670,-1142.362304688,-609.771728516,19.136451721,-0.996175394,-0.003879457,-0.043723407,-0.075549967
1653512982.171927691,-1142.362304688,-609.771728516,19.136451721,-0.996175394,-0.003879457,-0.043723407,-0.075549967
1653512982.238473654,-1140.541503906,-610.179321289,19.040382385,-0.996104123,-0.015590838,-0.044809472,-0.074334465
1653512982.305049419,-1140.541503906,-610.179321289,19.040382385,-0.996104123,-0.015590838,-0.044809472,-0.074334465
1653512982.371637344,-1138.580810547,-610.581298828,18.928728104,-0.995877652,-0.027371804,-0.046147485,-0.073136145
1653512982.438925028,-1138.580810547,-610.581298828,18.928728104,-0.995877652,-0.027371804,-0.046147485,-0.073136145
1653512982.505170345,-1136.685180664,-610.950927734,18.838224411,-0.995521795,-0.038669676,-0.047322379,-0.072122143
1653512982.572844267,-1136.685180664,-610.950927734,18.838224411,-0.995521795,-0.038669676,-0.047322379,-0.072122143
1653512982.639064074,-1134.711181641,-611.297424316,18.739538193,-0.994989663,-0.050360077,-0.048503191,-0.071462395
1653512982.704753399,-1134.711181641,-611.297424316,18.739538193,-0.994989663,-0.050360077,-0.048503191,-0.071462395
1653512982.771691561,-1132.882934570,-611.607788086,18.656805038,-0.994169111,-0.063053697,-0.050922103,-0.071126297
1653512982.839657784,-1132.882934570,-611.607788086,18.656805038,-0.994169111,-0.063053697,-0.050922103,-0.071126297
1653512982.906646967,-1130.851074219,-611.898437500,18.549879074,-0.993053345,-0.076537104,-0.052984917,-0.071970301
1653512982.971713066,-1130.851074219,-611.898437500,18.549879074,-0.993053345,-0.076537104,-0.052984917,-0.071970301
1653512983.039287806,-1129.035766602,-612.153686523,18.458639145,-0.991693187,-0.090482569,-0.055764678,-0.072441890
1653512983.105298281,-1129.035766602,-612.153686523,18.458639145,-0.991693187,-0.090482569,-0.055764678,-0.072441890
1653512983.179340124,-1126.897094727,-612.389709473,18.320310593,-0.990438421,-0.102178889,-0.057664570,-0.072567255
1653512983.238537073,-1126.897094727,-612.389709473,18.320310593,-0.990438421,-0.102178889,-0.057664570,-0.072567255
1653512983.304990053,-1124.823486328,-612.604431152,18.195053101,-0.989190378,-0.112533165,-0.059385288,-0.072883947
1653512983.376074314,-1124.823486328,-612.604431152,18.195053101,-0.989190378,-0.112533165,-0.059385288,-0.072883947
1653512983.438403845,-1123.178833008,-612.775939941,18.100526810,-0.987817167,-0.121467784,-0.062285900,-0.074721403
1653512983.505892038,-1123.178833008,-612.775939941,18.100526810,-0.987817167,-0.121467784,-0.062285900,-0.074721403
1653512983.571981430,-1120.985351562,-612.915466309,17.949819565,-0.986679847,-0.130492880,-0.061067581,-0.075533032
1653512983.638098717,-1120.985351562,-612.915466309,17.949819565,-0.986679847,-0.130492880,-0.061067581,-0.075533032
1653512983.705019474,-1118.934936523,-613.023315430,17.812414169,-0.985699650,-0.138681679,-0.060820308,-0.073922135
1653512983.771708250,-1118.934936523,-613.023315430,17.812414169,-0.985699650,-0.138681679,-0.060820308,-0.073922135
1653512983.838240147,-1117.148437500,-613.121643066,17.700910568,-0.984606384,-0.148119196,-0.059682738,-0.071055919
1653512983.904858351,-1117.148437500,-613.121643066,17.700910568,-0.984606384,-0.148119196,-0.059682738,-0.071055919
1653512983.972710848,-1115.273803711,-613.185302734,17.586240768,-0.983033007,-0.159790904,-0.057889957,-0.069005273
1653512984.038580656,-1115.273803711,-613.185302734,17.586240768,-0.983033007,-0.159790904,-0.057889957,-0.069005273
1653512984.105433226,-1113.126220703,-613.205627441,17.451728821,-0.981035300,-0.171268628,-0.057548460,-0.070178137
1653512984.171731710,-1113.126220703,-613.205627441,17.451728821,-0.981035300,-0.171268628,-0.057548460,-0.070178137
1653512984.239676237,-1111.297241211,-613.219848633,17.349119186,-0.979025381,-0.181501183,-0.059359101,-0.071014934
1653512984.305311918,-1111.297241211,-613.219848633,17.349119186,-0.979025381,-0.181501183,-0.059359101,-0.071014934
1653512984.372393131,-1109.124145508,-613.163085938,17.215467453,-0.977088237,-0.190428560,-0.060153226,-0.073601151
1653512984.438219070,-1109.124145508,-613.163085938,17.215467453,-0.977088237,-0.190428560,-0.060153226,-0.073601151
1653512984.504871845,-1107.294555664,-613.122070312,17.115098953,-0.975381203,-0.198159025,-0.060872797,-0.075226405
1653512984.572000265,-1107.294555664,-613.122070312,17.115098953,-0.975381203,-0.198159025,-0.060872797,-0.075226405
1653512984.638386965,-1105.278564453,-613.019897461,16.991252899,-0.974122889,-0.203643056,-0.061405204,-0.076442809
1653512984.705232143,-1105.278564453,-613.019897461,16.991252899,-0.974122889,-0.203643056,-0.061405204,-0.076442809
1653512984.772055864,-1103.262573242,-612.893432617,16.869340897,-0.972915511,-0.209044855,-0.062119427,-0.076660505
1653512984.838567972,-1103.262573242,-612.893432617,16.869340897,-0.972915511,-0.209044855,-0.062119427,-0.076660505
1653512984.904883146,-1101.837280273,-612.850769043,16.796312332,-0.971878573,-0.214076099,-0.062476437,-0.075631729
1653512984.971564054,-1101.837280273,-612.850769043,16.796312332,-0.971878573,-0.214076099,-0.062476437,-0.075631729
1653512985.038232803,-1099.837280273,-612.672119141,16.667579651,-0.970856489,-0.218751132,-0.061618093,-0.076084360
1653512985.105052948,-1099.837280273,-612.672119141,16.667579651,-0.970856489,-0.218751132,-0.061618093,-0.076084360
1653512985.172070742,-1097.657714844,-612.433166504,16.525636673,-0.969956744,-0.223254305,-0.061463605,-0.074589907
1653512985.238639593,-1097.657714844,-612.433166504,16.525636673,-0.969956744,-0.223254305,-0.061463605,-0.074589907
1653512985.304763794,-1096.021606445,-612.270507812,16.438066483,-0.969221884,-0.226482033,-0.063028887,-0.073090278
1653512985.372284412,-1096.021606445,-612.270507812,16.438066483,-0.969221884,-0.226482033,-0.063028887,-0.073090278
1653512985.438583612,-1094.041503906,-612.000610352,16.307975769,-0.968982163,-0.227886305,-0.062254265,-0.072565876
1653512985.505475283,-1094.041503906,-612.000610352,16.307975769,-0.968982163,-0.227886305,-0.062254265,-0.072565876
1653512985.572317362,-1092.077026367,-611.709472656,16.171403885,-0.968695735,-0.229206705,-0.062291322,-0.072198694
1653512985.638292551,-1092.077026367,-611.709472656,16.171403885,-0.968695735,-0.229206705,-0.062291322,-0.072198694
1653512985.704994917,-1090.552001953,-611.492736816,16.069890976,-0.968305504,-0.230933660,-0.062681427,-0.071590042
1653512985.771413088,-1090.552001953,-611.492736816,16.069890976,-0.968305504,-0.230933660,-0.062681427,-0.071590042
1653512985.838331461,-1088.385498047,-611.080688477,15.906147003,-0.968029837,-0.231692220,-0.062223102,-0.073247773
1653512985.904814959,-1088.385498047,-611.080688477,15.906147003,-0.968029837,-0.231692220,-0.062223102,-0.073247773
1653512985.972532511,-1086.999267578,-610.869995117,15.817304611,-0.968039784,-0.231507176,-0.062944433,-0.073084896
1653512986.038180828,-1086.999267578,-610.869995117,15.817304611,-0.968039784,-0.231507176,-0.062944433,-0.073084896
1653512986.105338097,-1085.048461914,-610.471618652,15.667316437,-0.968034064,-0.231606165,-0.062448094,-0.073272576
1653512986.173968077,-1085.048461914,-610.471618652,15.667316437,-0.968034064,-0.231606165,-0.062448094,-0.073272576
1653512986.238059759,-1082.702514648,-609.922851562,15.478928566,-0.968116795,-0.231496775,-0.061695786,-0.073162449
1653512986.305212498,-1082.702514648,-609.922851562,15.478928566,-0.968116795,-0.231496775,-0.061695786,-0.073162449
1653512986.371530294,-1081.501953125,-609.701354980,15.410181999,-0.968492868,-0.230426341,-0.062410358,-0.070923999
1653512986.438386202,-1081.501953125,-609.701354980,15.410181999,-0.968492868,-0.230426341,-0.062410358,-0.070923999
1653512986.504965544,-1079.445190430,-609.164306641,15.245727539,-0.968722918,-0.229862014,-0.061939782,-0.070020182
1653512986.574990511,-1079.445190430,-609.164306641,15.245727539,-0.968722918,-0.229862014,-0.061939782,-0.070020182
1653512986.638289213,-1077.709472656,-608.701416016,15.119934082,-0.968827273,-0.230270198,-0.061815472,-0.067291888
1653512986.704921961,-1077.709472656,-608.701416016,15.119934082,-0.968827273,-0.230270198,-0.061815472,-0.067291888
1653512986.771554708,-1076.075439453,-608.246032715,14.993616104,-0.969015884,-0.230734956,-0.060410592,-0.064188442
1653512986.838293076,-1076.075439453,-608.246032715,14.993616104,-0.969015884,-0.230734956,-0.060410592,-0.064188442
1653512986.905043602,-1074.163208008,-607.654907227,14.836589813,-0.968972821,-0.231987794,-0.057916154,-0.062602357
1653512986.972157240,-1074.163208008,-607.654907227,14.836589813,-0.968972821,-0.231987794,-0.057916154,-0.062602357
1653512987.038214684,-1072.635498047,-607.199707031,14.716977119,-0.968578664,-0.234388060,-0.056679847,-0.060868742
1653512987.104723930,-1072.635498047,-607.199707031,14.716977119,-0.968578664,-0.234388060,-0.056679847,-0.060868742
1653512987.171597719,-1070.933593750,-606.634033203,14.572949409,-0.967949587,-0.237451408,-0.055764341,-0.059839481
1653512987.239071846,-1070.933593750,-606.634033203,14.572949409,-0.967949587,-0.237451408,-0.055764341,-0.059839481
1653512987.304830313,-1068.959472656,-605.923583984,14.403207779,-0.967113115,-0.241403202,-0.054396066,-0.058802932
1653512987.374302387,-1068.959472656,-605.923583984,14.403207779,-0.967113115,-0.241403202,-0.054396066,-0.058802932
1653512987.438054800,-1067.365844727,-605.348937988,14.276966095,-0.966259068,-0.245656238,-0.053461634,-0.056020357
1653512987.504743576,-1067.365844727,-605.348937988,14.276966095,-0.966259068,-0.245656238,-0.053461634,-0.056020357
1653512987.571573257,-1065.433105469,-604.576293945,14.114811897,-0.965072739,-0.250696626,-0.052628829,-0.054918273
1653512987.638792753,-1065.433105469,-604.576293945,14.114811897,-0.965072739,-0.250696626,-0.052628829,-0.054918273
1653512987.704832792,-1063.972656250,-603.997375488,14.015428543,-0.963485182,-0.257038981,-0.052541360,-0.053541303
1653512987.771955967,-1063.972656250,-603.997375488,14.015428543,-0.963485182,-0.257038981,-0.052541360,-0.053541303
1653512987.842143536,-1062.151123047,-603.209167480,13.881343842,-0.961679730,-0.263639980,-0.052491139,-0.053951255
1653512987.905296087,-1062.151123047,-603.209167480,13.881343842,-0.961679730,-0.263639980,-0.052491139,-0.053951255
1653512987.971415520,-1060.347412109,-602.404357910,13.763663292,-0.959762524,-0.269571307,-0.055545316,-0.055694942
1653512988.038406610,-1060.347412109,-602.404357910,13.763663292,-0.959762524,-0.269571307,-0.055545316,-0.055694942
1653512988.104806185,-1058.768310547,-601.693725586,13.667308807,-0.958125045,-0.274692443,-0.057787324,-0.056578140
1653512988.171473265,-1058.768310547,-601.693725586,13.667308807,-0.958125045,-0.274692443,-0.057787324,-0.056578140
1653512988.238441467,-1057.066528320,-600.899108887,13.557762146,-0.956786405,-0.278669241,-0.060410102,-0.057042518
1653512988.304987907,-1057.066528320,-600.899108887,13.557762146,-0.956786405,-0.278669241,-0.060410102,-0.057042518
1653512988.371607780,-1055.202758789,-599.992370605,13.426444054,-0.955681452,-0.281804743,-0.062681430,-0.057706912
1653512988.438327789,-1055.202758789,-599.992370605,13.426444054,-0.955681452,-0.281804743,-0.062681430,-0.057706912
1653512988.504765749,-1053.778320312,-599.323913574,13.341113091,-0.954776420,-0.284594987,-0.064065696,-0.057474055
1653512988.575938463,-1053.778320312,-599.323913574,13.341113091,-0.954776420,-0.284594987,-0.064065696,-0.057474055
1653512988.642119408,-1051.866333008,-598.319946289,13.185792923,-0.953792656,-0.287404336,-0.065331021,-0.058396702
1653512988.704946041,-1051.866333008,-598.319946289,13.185792923,-0.953792656,-0.287404336,-0.065331021,-0.058396702
1653512988.773265123,-1050.305541992,-597.520874023,13.078868866,-0.952681962,-0.291719467,-0.064744987,-0.055721801
1653512988.840379715,-1050.305541992,-597.520874023,13.078868866,-0.952681962,-0.291719467,-0.064744987,-0.055721801
1653512988.904964209,-1048.722290039,-596.655822754,12.964331627,-0.951274402,-0.296751680,-0.064732098,-0.053152677
1653512988.971514702,-1048.722290039,-596.655822754,12.964331627,-0.951274402,-0.296751680,-0.064732098,-0.053152677
1653512989.040518999,-1047.232666016,-595.825866699,12.856170654,-0.949680810,-0.302391501,-0.064977653,-0.049433228
1653512989.104753494,-1047.232666016,-595.825866699,12.856170654,-0.949680810,-0.302391501,-0.064977653,-0.049433228
1653512989.172756910,-1045.499023438,-594.789733887,12.715947151,-0.947622490,-0.309342597,-0.064706766,-0.046171510
1653512989.238219738,-1045.499023438,-594.789733887,12.715947151,-0.947622490,-0.309342597,-0.064706766,-0.046171510
1653512989.304747105,-1044.055053711,-593.928955078,12.619418144,-0.945362312,-0.316746676,-0.064329370,-0.042700986
1653512989.371629715,-1044.055053711,-593.928955078,12.619418144,-0.945362312,-0.316746676,-0.064329370,-0.042700986
1653512989.438212872,-1042.466552734,-592.956848145,12.497459412,-0.943220750,-0.323021268,-0.065717214,-0.040903837
1653512989.504727364,-1042.466552734,-592.956848145,12.497459412,-0.943220750,-0.323021268,-0.065717214,-0.040903837
1653512989.573599339,-1040.906372070,-591.982116699,12.377828598,-0.941380340,-0.327870196,-0.067781315,-0.041350738
1653512989.638259411,-1040.906372070,-591.982116699,12.377828598,-0.941380340,-0.327870196,-0.067781315,-0.041350738
1653512989.706996918,-1039.192260742,-590.870361328,12.236989975,-0.939782845,-0.331997151,-0.068417436,-0.043648037
1653512989.771784306,-1039.192260742,-590.870361328,12.236989975,-0.939782845,-0.331997151,-0.068417436,-0.043648037
1653512989.839789152,-1037.739135742,-589.936340332,12.128512383,-0.938617646,-0.335029572,-0.069611318,-0.043661930
1653512989.905484915,-1037.739135742,-589.936340332,12.128512383,-0.938617646,-0.335029572,-0.069611318,-0.043661930
1653512989.971984386,-1036.158203125,-588.870056152,11.999724388,-0.937888688,-0.337293120,-0.069712736,-0.041692864
1653512990.038418293,-1036.158203125,-588.870056152,11.999724388,-0.937888688,-0.337293120,-0.069712736,-0.041692864
1653512990.104805708,-1034.506591797,-587.712158203,11.855297089,-0.937283027,-0.339454170,-0.069032862,-0.038805377
1653512990.171681881,-1034.506591797,-587.712158203,11.855297089,-0.937283027,-0.339454170,-0.069032862,-0.038805377
1653512990.238287210,-1033.054443359,-586.699035645,11.740851402,-0.936548569,-0.341968856,-0.068748249,-0.034752811
1653512990.304970980,-1033.054443359,-586.699035645,11.740851402,-0.936548569,-0.341968856,-0.068748249,-0.034752811
1653512990.372891665,-1031.434082031,-585.502197266,11.599864006,-0.935631338,-0.344763459,-0.068900347,-0.031383101
1653512990.439856291,-1031.434082031,-585.502197266,11.599864006,-0.935631338,-0.344763459,-0.068900347,-0.031383101
1653512990.504721880,-1030.012573242,-584.468200684,11.491038322,-0.934101822,-0.348788620,-0.070523344,-0.028753120
1653512990.572552919,-1030.012573242,-584.468200684,11.491038322,-0.934101822,-0.348788620,-0.070523344,-0.028753120
1653512990.638033390,-1028.543945312,-583.345153809,11.364224434,-0.932308708,-0.353398909,-0.071850529,-0.027334693
1653512990.704680443,-1028.543945312,-583.345153809,11.364224434,-0.932308708,-0.353398909,-0.071850529,-0.027334693
1653512990.772369862,-1026.880859375,-582.004821777,11.206594467,-0.930425369,-0.358167419,-0.073008346,-0.026353655
1653512990.838733196,-1026.880859375,-582.004821777,11.206594467,-0.930425369,-0.358167419,-0.073008346,-0.026353655
1653512990.905481100,-1025.580932617,-580.997375488,11.100775719,-0.928496169,-0.363139207,-0.073825098,-0.023971546
1653512990.971750975,-1025.580932617,-580.997375488,11.100775719,-0.928496169,-0.363139207,-0.073825098,-0.023971546
1653512991.038215876,-1024.107666016,-579.788330078,10.957468987,-0.926582025,-0.368148560,-0.073855325,-0.021395788
1653512991.105070829,-1024.107666016,-579.788330078,10.957468987,-0.926582025,-0.368148560,-0.073855325,-0.021395788
1653512991.171529293,-1022.760375977,-578.690917969,10.831954956,-0.925002096,-0.372307955,-0.073639803,-0.018305402
1653512991.238102913,-1022.760375977,-578.690917969,10.831954956,-0.925002096,-0.372307955,-0.073639803,-0.018305402
1653512991.304782629,-1021.248352051,-577.404235840,10.678499222,-0.923687383,-0.375606769,-0.073842502,-0.016384698
1653512991.371834040,-1021.248352051,-577.404235840,10.678499222,-0.923687383,-0.375606769,-0.073842502,-0.016384698
1653512991.439472914,-1019.848083496,-576.222595215,10.539672852,-0.922686260,-0.378078363,-0.074187859,-0.014247024
1653512991.505193233,-1019.848083496,-576.222595215,10.539672852,-0.922686260,-0.378078363,-0.074187859,-0.014247024
1653512991.573064089,-1018.538635254,-575.142028809,10.416570663,-0.921494838,-0.380917994,-0.074775405,-0.012545319
1653512991.638746977,-1018.538635254,-575.142028809,10.416570663,-0.921494838,-0.380917994,-0.074775405,-0.012545319
1653512991.705263615,-1017.153808594,-573.948974609,10.271384239,-0.920448768,-0.383376355,-0.075190253,-0.011960808
1653512991.772422075,-1017.153808594,-573.948974609,10.271384239,-0.920448768,-0.383376355,-0.075190253,-0.011960808
1653512991.838058949,-1015.676208496,-572.621826172,10.103723526,-0.919645491,-0.385241629,-0.075442165,-0.012228549
1653512991.905065536,-1015.676208496,-572.621826172,10.103723526,-0.919645491,-0.385241629,-0.075442165,-0.012228549
1653512991.971558809,-1014.440551758,-571.552856445,9.967878342,-0.918709259,-0.387297682,-0.076426988,-0.011520305
1653512992.040899038,-1014.440551758,-571.552856445,9.967878342,-0.918709259,-0.387297682,-0.076426988,-0.011520305
1653512992.104912996,-1013.045043945,-570.265502930,9.798790932,-0.917670221,-0.389847535,-0.075947722,-0.011498220
1653512992.171661854,-1013.045043945,-570.265502930,9.798790932,-0.917670221,-0.389847535,-0.075947722,-0.011498220
1653512992.238309860,-1011.727355957,-569.052001953,9.642962456,-0.916639408,-0.392425636,-0.075240443,-0.010639161
1653512992.305243492,-1011.727355957,-569.052001953,9.642962456,-0.916639408,-0.392425636,-0.075240443,-0.010639161
1653512992.371894836,-1010.415588379,-567.826416016,9.493243217,-0.915599830,-0.395008925,-0.074559816,-0.009259310
1653512992.438023329,-1010.415588379,-567.826416016,9.493243217,-0.915599830,-0.395008925,-0.074559816,-0.009259310
1653512992.504758835,-1009.114990234,-566.595275879,9.349828720,-0.914399594,-0.398110258,-0.073011374,-0.007137505
1653512992.572231531,-1009.114990234,-566.595275879,9.349828720,-0.914399594,-0.398110258,-0.073011374,-0.007137505
1653512992.638621807,-1007.851135254,-565.369934082,9.212062836,-0.913098750,-0.401267855,-0.072178192,-0.005008997
1653512992.704674959,-1007.851135254,-565.369934082,9.212062836,-0.913098750,-0.401267855,-0.072178192,-0.005008997
1653512992.775064468,-1006.604797363,-564.156677246,9.080286980,-0.911759864,-0.404343878,-0.072084756,-0.001940692
1653512992.838116646,-1006.604797363,-564.156677246,9.080286980,-0.911759864,-0.404343878,-0.072084756,-0.001940692
1653512992.904703617,-1005.192626953,-562.712768555,8.924639702,-0.910269604,-0.407709771,-0.071985683,0.000227439
1653512992.972961426,-1005.192626953,-562.712768555,8.924639702,-0.910269604,-0.407709771,-0.071985683,0.000227439
1653512993.037928104,-1004.063598633,-561.602844238,8.806323051,-0.908883324,-0.410671230,-0.072652682,0.001353130
1653512993.105121613,-1004.063598633,-561.602844238,8.806323051,-0.908883324,-0.410671230,-0.072652682,0.001353130
1653512993.171752214,-1002.794982910,-560.298828125,8.651853561,-0.907675393,-0.413249317,-0.073129662,0.001560683
1653512993.238880157,-1002.794982910,-560.298828125,8.651853561,-0.907675393,-0.413249317,-0.073129662,0.001560683
1653512993.304916143,-1001.605468750,-559.099914551,8.507781029,-0.906565117,-0.415739471,-0.072784624,0.001666822
1653512993.371842861,-1001.605468750,-559.099914551,8.507781029,-0.906565117,-0.415739471,-0.072784624,0.001666822
1653512993.438040257,-1000.455017090,-557.949829102,8.364235878,-0.905436648,-0.418336546,-0.071945862,0.001674515
1653512993.504780531,-1000.455017090,-557.949829102,8.364235878,-0.905436648,-0.418336546,-0.071945862,0.001674515
1653512993.571409225,-999.225280762,-556.672302246,8.202081680,-0.904307662,-0.420821338,-0.071661666,0.001288465
1653512993.638526678,-999.225280762,-556.672302246,8.202081680,-0.904307662,-0.420821338,-0.071661666,0.001288465
1653512993.704815149,-998.014770508,-555.410400391,8.044959068,-0.903326200,-0.422934973,-0.071596055,0.001338137
1653512993.771510601,-998.014770508,-555.410400391,8.044959068,-0.903326200,-0.422934973,-0.071596055,0.001338137
1653512993.839307785,-996.832580566,-554.173339844,7.892035961,-0.902315332,-0.424927539,-0.072533087,0.001606319
1653512993.904986382,-996.832580566,-554.173339844,7.892035961,-0.902315332,-0.424927539,-0.072533087,0.001606319
1653512993.971404791,-995.764465332,-553.083312988,7.756601810,-0.901325509,-0.427003615,-0.072639345,0.001940322
1653512994.038265944,-995.764465332,-553.083312988,7.756601810,-0.901325509,-0.427003615,-0.072639345,0.001940322
1653512994.104812145,-994.507690430,-551.671081543,7.577278137,-0.900415276,-0.428899008,-0.072781844,0.000879928
1653512994.173690081,-994.507690430,-551.671081543,7.577278137,-0.900415276,-0.428899008,-0.072781844,0.000879928
1653512994.237947226,-993.314636230,-550.329589844,7.405201435,-0.899611101,-0.430511229,-0.073211423,0.000189942
1653512994.304841280,-993.314636230,-550.329589844,7.405201435,-0.899611101,-0.430511229,-0.073211423,0.000189942
1653512994.371435642,-992.253112793,-549.177124023,7.252746582,-0.898613447,-0.432667431,-0.072742358,0.001147280
1653512994.438112497,-992.253112793,-549.177124023,7.252746582,-0.898613447,-0.432667431,-0.072742358,0.001147280
1653512994.504729033,-991.125671387,-547.913513184,7.077885628,-0.897607495,-0.435009206,-0.071176185,0.001313725
1653512994.571455717,-991.125671387,-547.913513184,7.077885628,-0.897607495,-0.435009206,-0.071176185,0.001313725
1653512994.639071703,-989.956237793,-546.574401855,6.889703274,-0.896983307,-0.436374119,-0.070677846,0.001793538
1653512994.704674482,-989.956237793,-546.574401855,6.889703274,-0.896983307,-0.436374119,-0.070677846,0.001793538
1653512994.772435904,-988.780395508,-545.209106445,6.696938038,-0.896552277,-0.437331802,-0.070196890,0.002702923
1653512994.838790894,-988.780395508,-545.209106445,6.696938038,-0.896552277,-0.437331802,-0.070196890,0.002702923
1653512994.904986620,-987.695922852,-543.975097656,6.521471500,-0.896041224,-0.438571786,-0.068933071,0.003625493
1653512994.972625256,-987.695922852,-543.975097656,6.521471500,-0.896041224,-0.438571786,-0.068933071,0.003625493
1653512995.038314819,-986.575439453,-542.658813477,6.334239483,-0.895634158,-0.439509920,-0.068220331,0.004058556
1653512995.105075359,-986.575439453,-542.658813477,6.334239483,-0.895634158,-0.439509920,-0.068220331,0.004058556
1653512995.171494961,-985.448913574,-541.318603516,6.149765968,-0.895424978,-0.439928659,-0.068217256,0.004825917
1653512995.240976334,-985.448913574,-541.318603516,6.149765968,-0.895424978,-0.439928659,-0.068217256,0.004825917
1653512995.305555582,-984.363891602,-540.024475098,5.965391159,-0.895031567,-0.440805552,-0.067654237,0.005644784
1653512995.371704578,-984.363891602,-540.024475098,5.965391159,-0.895031567,-0.440805552,-0.067654237,0.005644784
1653512995.438042164,-983.299621582,-538.743591309,5.781301022,-0.894726745,-0.441506292,-0.067021056,0.006665066
1653512995.504707813,-983.299621582,-538.743591309,5.781301022,-0.894726745,-0.441506292,-0.067021056,0.006665066
1653512995.571804285,-982.311584473,-537.571777344,5.616451740,-0.894708820,-0.441677992,-0.065946729,0.008228456
1653512995.639519215,-982.311584473,-537.571777344,5.616451740,-0.894708820,-0.441677992,-0.065946729,0.008228456
1653512995.705320120,-981.161926270,-536.105041504,5.408668995,-0.894525231,-0.442047031,-0.065698355,0.010137046
1653512995.772505045,-981.161926270,-536.105041504,5.408668995,-0.894525231,-0.442047031,-0.065698355,0.010137046
1653512995.838066816,-980.089721680,-534.764343262,5.214365959,-0.894378364,-0.442477375,-0.064359553,0.012608043
1653512995.904762983,-980.089721680,-534.764343262,5.214365959,-0.894378364,-0.442477375,-0.064359553,0.012608043
1653512995.971569538,-979.037048340,-533.438049316,5.022183895,-0.894016099,-0.443210071,-0.063802862,0.015140790
1653512996.037989140,-979.037048340,-533.438049316,5.022183895,-0.894016099,-0.443210071,-0.063802862,0.015140790
1653512996.104862452,-978.049072266,-532.227172852,4.844452858,-0.893585091,-0.444080356,-0.063148856,0.017622281
1653512996.171698809,-978.049072266,-532.227172852,4.844452858,-0.893585091,-0.444080356,-0.063148856,0.017622281
1653512996.237940788,-976.957824707,-530.819946289,4.636504173,-0.893067817,-0.445110877,-0.062808058,0.019008644
1653512996.304811001,-976.957824707,-530.819946289,4.636504173,-0.893067817,-0.445110877,-0.062808058,0.019008644
1653512996.372017384,-975.943725586,-529.541320801,4.447039604,-0.892585881,-0.446185146,-0.061487701,0.020700799
1653512996.438388109,-975.943725586,-529.541320801,4.447039604,-0.892585881,-0.446185146,-0.061487701,0.020700799
1653512996.504993677,-974.896423340,-528.215881348,4.254097462,-0.892176101,-0.447192346,-0.059802522,0.021551533
1653512996.571323395,-974.896423340,-528.215881348,4.254097462,-0.892176101,-0.447192346,-0.059802522,0.021551533
1653512996.640495062,-973.893493652,-526.963256836,4.072004318,-0.892082565,-0.447565850,-0.058250885,0.021916712
1653512996.704679012,-973.893493652,-526.963256836,4.072004318,-0.892082565,-0.447565850,-0.058250885,0.021916712
1653512996.771484852,-972.873596191,-525.677734375,3.890473604,-0.892004334,-0.447855008,-0.056932357,0.022646551
1653512996.839174747,-972.873596191,-525.677734375,3.890473604,-0.892004334,-0.447855008,-0.056932357,0.022646551
1653512996.904666185,-971.809570312,-524.300170898,3.694820404,-0.892165047,-0.447675517,-0.055778022,0.022737032
1653512996.971971989,-971.809570312,-524.300170898,3.694820404,-0.892165047,-0.447675517,-0.055778022,0.022737032
1653512997.038716555,-970.858215332,-523.165222168,3.537349939,-0.892741288,-0.446521890,-0.055564573,0.023318949
1653512997.104618549,-970.858215332,-523.165222168,3.537349939,-0.892741288,-0.446521890,-0.055564573,0.023318949
1653512997.172584772,-969.788024902,-521.802978516,3.348083496,-0.893305437,-0.445370205,-0.055950877,0.022809584
1653512997.237959623,-969.788024902,-521.802978516,3.348083496,-0.893305437,-0.445370205,-0.055950877,0.022809584
1653512997.304567814,-968.779602051,-520.560852051,3.182553053,-0.893909504,-0.444074864,-0.056680641,0.022596879
1653512997.371359348,-968.779602051,-520.560852051,3.182553053,-0.893909504,-0.444074864,-0.056680641,0.022596879
1653512997.438137293,-967.731506348,-519.222229004,3.006300211,-0.894499819,-0.442680260,-0.058351050,0.022347612
1653512997.504647255,-967.731506348,-519.222229004,3.006300211,-0.894499819,-0.442680260,-0.058351050,0.022347612
1653512997.574231148,-966.720947266,-517.963928223,2.843238592,-0.895414341,-0.440757478,-0.059099915,0.021753246
1653512997.637998819,-966.720947266,-517.963928223,2.843238592,-0.895414341,-0.440757478,-0.059099915,0.021753246
1653512997.705234289,-965.707275391,-516.708679199,2.680270195,-0.896438846,-0.438583409,-0.059959632,0.021138381
1653512997.771732330,-965.707275391,-516.708679199,2.680270195,-0.896438846,-0.438583409,-0.059959632,0.021138381
1653512997.838040829,-964.616943359,-515.249816895,2.486160994,-0.897502173,-0.436328555,-0.060715820,0.020514170
1653512997.905097485,-964.616943359,-515.249816895,2.486160994,-0.897502173,-0.436328555,-0.060715820,0.020514170
1653512997.971542358,-963.648742676,-514.039733887,2.330836296,-0.898215081,-0.434708607,-0.061866874,0.020262915
1653512998.039137602,-963.648742676,-514.039733887,2.330836296,-0.898215081,-0.434708607,-0.061866874,0.020262915
1653512998.104700804,-962.677490234,-512.814392090,2.174143553,-0.898620377,-0.433736985,-0.062809669,0.020213660
1653512998.173099518,-962.677490234,-512.814392090,2.174143553,-0.898620377,-0.433736985,-0.062809669,0.020213660
1653512998.238136053,-961.623291016,-511.412536621,1.989938498,-0.898862500,-0.433045009,-0.064152957,0.020065486
1653512998.304692507,-961.623291016,-511.412536621,1.989938498,-0.898862500,-0.433045009,-0.064152957,0.020065486
1653512998.372908831,-960.583740234,-510.031646729,1.807739258,-0.898761622,-0.433104749,-0.065046816,0.020414092
1653512998.437889099,-960.583740234,-510.031646729,1.807739258,-0.898761622,-0.433104749,-0.065046816,0.020414092
1653512998.504698038,-959.667602539,-508.897308350,1.657453418,-0.898382669,-0.433764549,-0.065893248,0.020370955
1653512998.572678566,-959.667602539,-508.897308350,1.657453418,-0.898382669,-0.433764549,-0.065893248,0.020370955
1653512998.638727665,-958.655456543,-507.540832520,1.477946520,-0.898080986,-0.434294900,-0.066759556,0.019535728
1653512998.704923868,-958.655456543,-507.540832520,1.477946520,-0.898080986,-0.434294900,-0.066759556,0.019535728
1653512998.771330595,-957.702758789,-506.299133301,1.315919161,-0.897575268,-0.435308432,-0.067091809,0.019076066
1653512998.837964296,-957.702758789,-506.299133301,1.315919161,-0.897575268,-0.435308432,-0.067091809,0.019076066
1653512998.904681921,-956.727355957,-505.011840820,1.141626239,-0.897112422,-0.436385360,-0.066558167,0.018086731
1653512998.971443415,-956.727355957,-505.011840820,1.141626239,-0.897112422,-0.436385360,-0.066558167,0.018086731
1653512999.037881851,-955.744567871,-503.706573486,0.959579647,-0.897321023,-0.436022718,-0.066582693,0.016306916
1653512999.104515314,-955.744567871,-503.706573486,0.959579647,-0.897321023,-0.436022718,-0.066582693,0.016306916
1653512999.171307564,-954.890197754,-502.653839111,0.808851063,-0.897370763,-0.435867104,-0.067085796,0.015654959
1653512999.239604950,-954.890197754,-502.653839111,0.808851063,-0.897370763,-0.435867104,-0.067085796,0.015654959
1653512999.304535627,-953.868164062,-501.246826172,0.610306919,-0.897730687,-0.435150256,-0.067129968,0.014745696
1653512999.371323347,-953.868164062,-501.246826172,0.610306919,-0.897730687,-0.435150256,-0.067129968,0.014745696
1653512999.441348553,-952.927673340,-500.006225586,0.435648531,-0.898061097,-0.434483528,-0.067080103,0.014511728
1653512999.504595757,-952.927673340,-500.006225586,0.435648531,-0.898061097,-0.434483528,-0.067080103,0.014511728
1653512999.572347403,-952.000305176,-498.799407959,0.264332324,-0.898634328,-0.433379328,-0.066571378,0.014385882
1653512999.638147831,-952.000305176,-498.799407959,0.264332324,-0.898634328,-0.433379328,-0.066571378,0.014385882
1653512999.704633236,-951.066711426,-497.541046143,0.083262146,-0.899379868,-0.431858578,-0.066395358,0.014341479
1653512999.771947861,-951.066711426,-497.541046143,0.083262146,-0.899379868,-0.431858578,-0.066395358,0.014341479
1653512999.837999821,-950.154663086,-496.336822510,-0.095549986,-0.900074416,-0.430436429,-0.066093355,0.014906178
1653512999.904704571,-950.154663086,-496.336822510,-0.095549986,-0.900074416,-0.430436429,-0.066093355,0.014906178
1653512999.979657888,-949.257080078,-495.152038574,-0.274616599,-0.901036194,-0.428507384,-0.065538636,0.014828562
1653513000.039044142,-949.257080078,-495.152038574,-0.274616599,-0.901036194,-0.428507384,-0.065538636,0.014828562
1653513000.104960918,-948.326782227,-493.930267334,-0.455644369,-0.901943669,-0.426688485,-0.064837261,0.015188323
1653513000.172086239,-948.326782227,-493.930267334,-0.455644369,-0.901943669,-0.426688485,-0.064837261,0.015188323
1653513000.238021374,-947.413879395,-492.652282715,-0.648172140,-0.902764394,-0.425011642,-0.064370000,0.015429064
1653513000.304904222,-947.413879395,-492.652282715,-0.648172140,-0.902764394,-0.425011642,-0.064370000,0.015429064
1653513000.371258259,-946.564819336,-491.529846191,-0.821850479,-0.903613727,-0.423318288,-0.063559069,0.015623854
1653513000.439853430,-946.564819336,-491.529846191,-0.821850479,-0.903613727,-0.423318288,-0.063559069,0.015623854
1653513000.504588127,-945.657836914,-490.241851807,-1.018775344,-0.904434379,-0.421641378,-0.062880710,0.016217882
1653513000.571429729,-945.657836914,-490.241851807,-1.018775344,-0.904434379,-0.421641378,-0.062880710,0.016217882
1653513000.639382124,-944.819335938,-489.146881104,-1.184558153,-0.904956720,-0.420630852,-0.061762591,0.017561438
1653513000.704680443,-944.819335938,-489.146881104,-1.184558153,-0.904956720,-0.420630852,-0.061762591,0.017561438
1653513000.773924112,-943.877075195,-487.801818848,-1.381445050,-0.905415775,-0.419675619,-0.060973316,0.019413996
1653513000.839157343,-943.877075195,-487.801818848,-1.381445050,-0.905415775,-0.419675619,-0.060973316,0.019413996
1653513000.905523300,-943.017333984,-486.617736816,-1.559633613,-0.905610741,-0.419204504,-0.060865525,0.020788403
1653513000.971355677,-943.017333984,-486.617736816,-1.559633613,-0.905610741,-0.419204504,-0.060865525,0.020788403
1653513001.038026094,-942.180480957,-485.484741211,-1.731341839,-0.905936191,-0.418577794,-0.059752476,0.022402888
1653513001.104484797,-942.180480957,-485.484741211,-1.731341839,-0.905936191,-0.418577794,-0.059752476,0.022402888
1653513001.171574593,-941.242248535,-484.137390137,-1.934331536,-0.905860911,-0.418802444,-0.059060943,0.023072239
1653513001.239049435,-941.242248535,-484.137390137,-1.934331536,-0.905860911,-0.418802444,-0.059060943,0.023072239
1653513001.304619789,-940.436645508,-483.065673828,-2.102332354,-0.905743057,-0.419033496,-0.059201777,0.023142917
1653513001.371322632,-940.436645508,-483.065673828,-2.102332354,-0.905743057,-0.419033496,-0.059201777,0.023142917
1653513001.438452959,-939.552368164,-481.816680908,-2.297392368,-0.905347709,-0.419997366,-0.058020089,0.024112381
1653513001.504544258,-939.552368164,-481.816680908,-2.297392368,-0.905347709,-0.419997366,-0.058020089,0.024112381
1653513001.571331263,-938.718383789,-480.697570801,-2.483173370,-0.905121304,-0.420542945,-0.057485714,0.024381324
1653513001.637951374,-938.718383789,-480.697570801,-2.483173370,-0.905121304,-0.420542945,-0.057485714,0.024381324
1653513001.704586267,-937.877197266,-479.553466797,-2.676248789,-0.904996622,-0.420959109,-0.056338309,0.024505872
1653513001.772369623,-937.877197266,-479.553466797,-2.676248789,-0.904996622,-0.420959109,-0.056338309,0.024505872
1653513001.837838173,-937.039733887,-478.427001953,-2.863469601,-0.905061115,-0.420920069,-0.055543072,0.024609752
1653513001.905114651,-937.039733887,-478.427001953,-2.863469601,-0.905061115,-0.420920069,-0.055543072,0.024609752
1653513001.971369982,-936.198730469,-477.298858643,-3.057702541,-0.904921430,-0.421429256,-0.054207121,0.024003657
1653513002.037947893,-936.198730469,-477.298858643,-3.057702541,-0.904921430,-0.421429256,-0.054207121,0.024003657
1653513002.104752541,-935.359741211,-476.179931641,-3.248544931,-0.904641286,-0.422238744,-0.052522847,0.024081867
1653513002.174499989,-935.359741211,-476.179931641,-3.248544931,-0.904641286,-0.422238744,-0.052522847,0.024081867
1653513002.237895250,-934.566711426,-475.174102783,-3.419984579,-0.904502315,-0.422666005,-0.051547515,0.023913687
1653513002.304627895,-934.566711426,-475.174102783,-3.419984579,-0.904502315,-0.422666005,-0.051547515,0.023913687
1653513002.372524977,-933.638671875,-473.880493164,-3.625845671,-0.904669150,-0.422199420,-0.052079494,0.024680063
1653513002.438208342,-933.638671875,-473.880493164,-3.625845671,-0.904669150,-0.422199420,-0.052079494,0.024680063
1653513002.504603386,-932.838134766,-472.871704102,-3.776902676,-0.904696507,-0.422143511,-0.051804605,0.025206517
1653513002.572186947,-932.838134766,-472.871704102,-3.776902676,-0.904696507,-0.422143511,-0.051804605,0.025206517
1653513002.637950420,-932.044738770,-471.880157471,-3.919979334,-0.905151197,-0.420912866,-0.052959812,0.026998680
1653513002.705096006,-932.044738770,-471.880157471,-3.919979334,-0.905151197,-0.420912866,-0.052959812,0.026998680
1653513002.771561384,-931.198303223,-470.796112061,-4.077677727,-0.905622928,-0.419653876,-0.054324446,0.028046220
1653513002.840157032,-931.198303223,-470.796112061,-4.077677727,-0.905622928,-0.419653876,-0.054324446,0.028046220
1653513002.906319857,-930.276916504,-469.557769775,-4.254567623,-0.905907393,-0.418704808,-0.056180306,0.029357312
1653513002.971750736,-930.276916504,-469.557769775,-4.254567623,-0.905907393,-0.418704808,-0.056180306,0.029357312
1653513003.038213730,-929.453674316,-468.556915283,-4.402982235,-0.906959338,-0.416106603,-0.058431595,0.029424517
1653513003.104865789,-929.453674316,-468.556915283,-4.402982235,-0.906959338,-0.416106603,-0.058431595,0.029424517
1653513003.173648834,-928.594848633,-467.480102539,-4.564789295,-0.907989613,-0.413630154,-0.060584347,0.028186794
1653513003.237938881,-928.594848633,-467.480102539,-4.564789295,-0.907989613,-0.413630154,-0.060584347,0.028186794
1653513003.304514408,-927.723876953,-466.409637451,-4.730644226,-0.908846098,-0.411587306,-0.062503913,0.026228235
1653513003.373740911,-927.723876953,-466.409637451,-4.730644226,-0.908846098,-0.411587306,-0.062503913,0.026228235
1653513003.439920187,-926.913269043,-465.437469482,-4.884793282,-0.909833210,-0.409320094,-0.064049349,0.023627784
1653513003.505736828,-926.913269043,-465.437469482,-4.884793282,-0.909833210,-0.409320094,-0.064049349,0.023627784
1653513003.572120905,-925.996765137,-464.276275635,-5.065286160,-0.910958666,-0.406852402,-0.064706967,0.020938989
1653513003.637900114,-925.996765137,-464.276275635,-5.065286160,-0.910958666,-0.406852402,-0.064706967,0.020938989
1653513003.704510212,-925.239624023,-463.410919189,-5.198591232,-0.911368535,-0.405995184,-0.065009042,0.018684978
1653513003.772584438,-925.239624023,-463.410919189,-5.198591232,-0.911368535,-0.405995184,-0.065009042,0.018684978
1653513003.839160681,-924.391235352,-462.345306396,-5.355391502,-0.912055363,-0.404536899,-0.065044052,0.016558463
1653513003.904804707,-924.391235352,-462.345306396,-5.355391502,-0.912055363,-0.404536899,-0.065044052,0.016558463
1653513003.971769333,-923.523132324,-461.243835449,-5.510033131,-0.912157913,-0.404272029,-0.065437407,0.015811831
1653513004.038069487,-923.523132324,-461.243835449,-5.510033131,-0.912157913,-0.404272029,-0.065437407,0.015811831
1653513004.104518414,-922.712097168,-460.232269287,-5.646667480,-0.911839827,-0.404885225,-0.066361717,0.014567362
1653513004.171569347,-922.712097168,-460.232269287,-5.646667480,-0.911839827,-0.404885225,-0.066361717,0.014567362
1653513004.238700628,-921.994262695,-459.385711670,-5.761630058,-0.911298865,-0.406052527,-0.066898175,0.013429776
1653513004.306221485,-921.994262695,-459.385711670,-5.761630058,-0.911298865,-0.406052527,-0.066898175,0.013429776
1653513004.371337414,-921.110595703,-458.198516846,-5.918547153,-0.910694160,-0.407480915,-0.066896593,0.010967988
1653513004.439930677,-921.110595703,-458.198516846,-5.918547153,-0.910694160,-0.407480915,-0.066896593,0.010967988
1653513004.504823685,-920.345520020,-457.208618164,-6.051186085,-0.909816983,-0.409377606,-0.067427762,0.009824928
1653513004.571995974,-920.345520020,-457.208618164,-6.051186085,-0.909816983,-0.409377606,-0.067427762,0.009824928
1653513004.637818575,-919.549804688,-456.141479492,-6.192726612,-0.908925439,-0.411431085,-0.067106979,0.008698375
1653513004.704994678,-919.549804688,-456.141479492,-6.192726612,-0.908925439,-0.411431085,-0.067106979,0.008698375
1653513004.771264553,-918.775939941,-455.105804443,-6.323262215,-0.908162768,-0.413022397,-0.067787804,0.007596081
1653513004.838391304,-918.775939941,-455.105804443,-6.323262215,-0.908162768,-0.413022397,-0.067787804,0.007596081
1653513004.904451370,-918.005737305,-454.075836182,-6.450181961,-0.907363853,-0.414800862,-0.067706900,0.006845397
1653513004.972299814,-918.005737305,-454.075836182,-6.450181961,-0.907363853,-0.414800862,-0.067706900,0.006845397
1653513005.038523197,-917.205688477,-452.968414307,-6.580129147,-0.906957094,-0.415742966,-0.067511790,0.005364177
1653513005.105537653,-917.205688477,-452.968414307,-6.580129147,-0.906957094,-0.415742966,-0.067511790,0.005364177
1653513005.171448469,-916.491882324,-452.032592773,-6.689136982,-0.906852233,-0.415929520,-0.067829183,0.004567646
1653513005.237995625,-916.491882324,-452.032592773,-6.689136982,-0.906852233,-0.415929520,-0.067829183,0.004567646
1653513005.304613829,-915.697631836,-450.918762207,-6.818719864,-0.906946373,-0.416007078,-0.066096642,0.004197785
1653513005.371319532,-915.697631836,-450.918762207,-6.818719864,-0.906946373,-0.416007078,-0.066096642,0.004197785
1653513005.438782692,-914.950561523,-449.877349854,-6.937747002,-0.906730187,-0.416544652,-0.065460743,0.006768443
1653513005.504572153,-914.950561523,-449.877349854,-6.937747002,-0.906730187,-0.416544652,-0.065460743,0.006768443
1653513005.571792364,-914.199462891,-448.819854736,-7.059907436,-0.906776712,-0.416738951,-0.063217758,0.009389179
1653513005.639149666,-914.199462891,-448.819854736,-7.059907436,-0.906776712,-0.416738951,-0.063217758,0.009389179
1653513005.705611467,-913.500671387,-447.843322754,-7.173618793,-0.906332254,-0.417924494,-0.061297685,0.011981480
1653513005.771266699,-913.500671387,-447.843322754,-7.173618793,-0.906332254,-0.417924494,-0.061297685,0.011981480
1653513005.837967396,-912.807189941,-446.876739502,-7.284934521,-0.906411686,-0.417996398,-0.059630900,0.011875276
1653513005.904926062,-912.807189941,-446.876739502,-7.284934521,-0.906411686,-0.417996398,-0.059630900,0.011875276
1653513005.971451283,-912.101684570,-445.875640869,-7.403223515,-0.905437752,-0.420139067,-0.059176314,0.012798672
1653513006.037740946,-912.101684570,-445.875640869,-7.403223515,-0.905437752,-0.420139067,-0.059176314,0.012798672
1653513006.104932785,-911.410766602,-444.915527344,-7.515747547,-0.904982125,-0.421305376,-0.057845337,0.012769128
1653513006.171397448,-911.410766602,-444.915527344,-7.515747547,-0.904982125,-0.421305376,-0.057845337,0.012769128
1653513006.238602638,-910.689086914,-443.883880615,-7.631954193,-0.904392940,-0.422644994,-0.057073674,0.013682649
1653513006.305391550,-910.689086914,-443.883880615,-7.631954193,-0.904392940,-0.422644994,-0.057073674,0.013682649
1653513006.371114492,-910.044433594,-443.012573242,-7.730443954,-0.903976096,-0.423499411,-0.057163895,0.014413745
1653513006.437994242,-910.044433594,-443.012573242,-7.730443954,-0.903976096,-0.423499411,-0.057163895,0.014413745
1653513006.504848719,-909.329406738,-441.981994629,-7.839160442,-0.903375996,-0.424673384,-0.057462023,0.016200062
1653513006.571990013,-909.329406738,-441.981994629,-7.839160442,-0.903375996,-0.424673384,-0.057462023,0.016200062
1653513006.637875795,-908.635681152,-441.006774902,-7.946366787,-0.903184259,-0.425062101,-0.057485165,0.016609017
1653513006.710135698,-908.635681152,-441.006774902,-7.946366787,-0.903184259,-0.425062101,-0.057485165,0.016609017
1653513006.771658897,-907.986816406,-440.131286621,-8.044020653,-0.903236034,-0.424891980,-0.057785179,0.017098131
1653513006.843979120,-907.986816406,-440.131286621,-8.044020653,-0.903236034,-0.424891980,-0.057785179,0.017098131
1653513006.904550314,-907.279541016,-439.133636475,-8.156920433,-0.903534352,-0.424211740,-0.058241256,0.016674254
1653513006.971361637,-907.279541016,-439.133636475,-8.156920433,-0.903534352,-0.424211740,-0.058241256,0.016674254
1653513007.040639162,-906.631286621,-438.255920410,-8.263324738,-0.903735741,-0.423918002,-0.057441859,0.015989708
1653513007.104534864,-906.631286621,-438.255920410,-8.263324738,-0.903735741,-0.423918002,-0.057441859,0.015989708
1653513007.171241283,-905.934936523,-437.279327393,-8.379352570,-0.903762982,-0.423903577,-0.057177148,0.015779855
1653513007.238110781,-905.934936523,-437.279327393,-8.379352570,-0.903762982,-0.423903577,-0.057177148,0.015779855
1653513007.304477692,-905.281799316,-436.361999512,-8.487908363,-0.904227425,-0.422965581,-0.056953381,0.015139157
1653513007.371492147,-905.281799316,-436.361999512,-8.487908363,-0.904227425,-0.422965581,-0.056953381,0.015139157
1653513007.438739777,-904.588684082,-435.372558594,-8.604936600,-0.904416788,-0.422752494,-0.055417071,0.015477413
1653513007.504578590,-904.588684082,-435.372558594,-8.604936600,-0.904416788,-0.422752494,-0.055417071,0.015477413
1653513007.571315289,-903.940063477,-434.481903076,-8.712926865,-0.904493341,-0.422675405,-0.054569774,0.016107058
1653513007.639438152,-903.940063477,-434.481903076,-8.712926865,-0.904493341,-0.422675405,-0.054569774,0.016107058
1653513007.704501152,-903.280700684,-433.549713135,-8.825100899,-0.904580074,-0.422565766,-0.053728466,0.016920855
1653513007.771579742,-903.280700684,-433.549713135,-8.825100899,-0.904580074,-0.422565766,-0.053728466,0.016920855
1653513007.840424299,-902.634826660,-432.651733398,-8.933800697,-0.904381922,-0.423010852,-0.053186024,0.018066663
1653513007.904624701,-902.634826660,-432.651733398,-8.933800697,-0.904381922,-0.423010852,-0.053186024,0.018066663
1653513007.971587658,-901.958496094,-431.696289062,-9.047102928,-0.904440772,-0.422930603,-0.052623977,0.018636297
1653513008.038654566,-901.958496094,-431.696289062,-9.047102928,-0.904440772,-0.422930603,-0.052623977,0.018636297
1653513008.104542255,-901.292358398,-430.751068115,-9.158953667,-0.904402423,-0.423035407,-0.052220250,0.019244405
1653513008.171405077,-901.292358398,-430.751068115,-9.158953667,-0.904402423,-0.423035407,-0.052220250,0.019244405
1653513008.238262892,-900.660705566,-429.895843506,-9.262416840,-0.904149485,-0.423737531,-0.050713417,0.019706929
1653513008.304470301,-900.660705566,-429.895843506,-9.262416840,-0.904149485,-0.423737531,-0.050713417,0.019706929
1653513008.371243238,-900.009460449,-428.995880127,-9.365955353,-0.903680343,-0.424823739,-0.049957209,0.019771323
1653513008.437933683,-900.009460449,-428.995880127,-9.365955353,-0.903680343,-0.424823739,-0.049957209,0.019771323
1653513008.505364180,-899.353576660,-428.077484131,-9.464079857,-0.903738264,-0.424788119,-0.049113825,0.020000920
1653513008.571619272,-899.353576660,-428.077484131,-9.464079857,-0.903738264,-0.424788119,-0.049113825,0.020000920
1653513008.640809298,-898.743957520,-427.270568848,-9.545535088,-0.903254349,-0.425841877,-0.048537572,0.020841798
1653513008.705635786,-898.743957520,-427.270568848,-9.545535088,-0.903254349,-0.425841877,-0.048537572,0.020841798
1653513008.771546841,-898.070190430,-426.330505371,-9.633160591,-0.903220346,-0.425941224,-0.047889127,0.021764897
1653513008.838915825,-898.070190430,-426.330505371,-9.633160591,-0.903220346,-0.425941224,-0.047889127,0.021764897
1653513008.904946089,-897.432800293,-425.474060059,-9.707928658,-0.903481235,-0.425278718,-0.048911880,0.021617072
1653513008.971160412,-897.432800293,-425.474060059,-9.707928658,-0.903481235,-0.425278718,-0.048911880,0.021617072
1653513009.038590908,-896.801696777,-424.649902344,-9.781330109,-0.903399833,-0.425462667,-0.048786823,0.021681923
1653513009.107595682,-896.801696777,-424.649902344,-9.781330109,-0.903399833,-0.425462667,-0.048786823,0.021681923
1653513009.171573162,-896.145019531,-423.773651123,-9.862929344,-0.902590162,-0.427275333,-0.047627885,0.022324309
1653513009.238368034,-896.145019531,-423.773651123,-9.862929344,-0.902590162,-0.427275333,-0.047627885,0.022324309
1653513009.305642128,-895.510620117,-422.947265625,-9.940683365,-0.902405534,-0.427601594,-0.048423613,0.021823888
1653513009.371199846,-895.510620117,-422.947265625,-9.940683365,-0.902405534,-0.427601594,-0.048423613,0.021823888
1653513009.437945843,-894.866760254,-422.119567871,-10.019308090,-0.902874228,-0.426669358,-0.048518203,0.020429665
1653513009.504431725,-894.866760254,-422.119567871,-10.019308090,-0.902874228,-0.426669358,-0.048518203,0.020429665
1653513009.571270466,-894.189880371,-421.232543945,-10.103088379,-0.903091527,-0.426383276,-0.047598525,0.018904416
1653513009.638135433,-894.189880371,-421.232543945,-10.103088379,-0.903091527,-0.426383276,-0.047598525,0.018904416
1653513009.704738855,-893.562744141,-420.456787109,-10.175950050,-0.903322736,-0.425905308,-0.048095341,0.017307281
1653513009.774400711,-893.562744141,-420.456787109,-10.175950050,-0.903322736,-0.425905308,-0.048095341,0.017307281
1653513009.840566158,-892.925109863,-419.662200928,-10.248095512,-0.903916472,-0.424752888,-0.047793142,0.015356150
1653513009.904859304,-892.925109863,-419.662200928,-10.248095512,-0.903916472,-0.424752888,-0.047793142,0.015356150
1653513009.971590996,-892.254211426,-418.822479248,-10.313839912,-0.904384072,-0.423745093,-0.047785461,0.015687464
1653513010.038007498,-892.254211426,-418.822479248,-10.313839912,-0.904384072,-0.423745093,-0.047785461,0.015687464
1653513010.105017424,-891.640014648,-418.080596924,-10.370899200,-0.905050867,-0.422339436,-0.047972549,0.014524618
1653513010.171124458,-891.640014648,-418.080596924,-10.370899200,-0.905050867,-0.422339436,-0.047972549,0.014524618
1653513010.238442898,-890.954040527,-417.211791992,-10.435804367,-0.905735083,-0.420797412,-0.048733901,0.014089199
1653513010.304813385,-890.954040527,-417.211791992,-10.435804367,-0.905735083,-0.420797412,-0.048733901,0.014089199
1653513010.376020908,-890.340881348,-416.492675781,-10.486255646,-0.906623697,-0.418894727,-0.048834390,0.013262059
1653513010.437782288,-890.340881348,-416.492675781,-10.486255646,-0.906623697,-0.418894727,-0.048834390,0.013262059
1653513010.504386187,-889.668884277,-415.661254883,-10.541628838,-0.906903134,-0.418278151,-0.049070178,0.012736238
1653513010.572290897,-889.668884277,-415.661254883,-10.541628838,-0.906903134,-0.418278151,-0.049070178,0.012736238
1653513010.639981508,-889.061401367,-414.930786133,-10.592001915,-0.907538436,-0.416797469,-0.050044843,0.012221761
1653513010.704807758,-889.061401367,-414.930786133,-10.592001915,-0.907538436,-0.416797469,-0.050044843,0.012221761
1653513010.771637678,-888.404846191,-414.116088867,-10.650102615,-0.908151501,-0.415503350,-0.050021153,0.010756410
1653513010.842170954,-888.404846191,-414.116088867,-10.650102615,-0.908151501,-0.415503350,-0.050021153,0.010756410
1653513010.905705214,-887.738220215,-413.275299072,-10.713584900,-0.908526361,-0.414708018,-0.049948491,0.010112354
1653513010.984351635,-887.738220215,-413.275299072,-10.713584900,-0.908526361,-0.414708018,-0.049948491,0.010112354
1653513011.038056374,-887.153686523,-412.601776123,-10.765465736,-0.909253068,-0.413063738,-0.050393660,0.009883552
1653513011.105136395,-887.153686523,-412.601776123,-10.765465736,-0.909253068,-0.413063738,-0.050393660,0.009883552
1653513011.171185970,-886.547363281,-411.889770508,-10.821906090,-0.909902269,-0.411760685,-0.049293458,0.010057531
1653513011.238344669,-886.547363281,-411.889770508,-10.821906090,-0.909902269,-0.411760685,-0.049293458,0.010057531
1653513011.305542707,-885.877502441,-411.061035156,-10.886185646,-0.910097256,-0.411371506,-0.049101797,0.009245611
1653513011.371309280,-885.877502441,-411.061035156,-10.886185646,-0.910097256,-0.411371506,-0.049101797,0.009245611
1653513011.446251392,-885.291748047,-410.383819580,-10.939848900,-0.910363620,-0.410724135,-0.049575642,0.009274637
1653513011.505802155,-885.291748047,-410.383819580,-10.939848900,-0.910363620,-0.410724135,-0.049575642,0.009274637
1653513011.571326971,-884.638916016,-409.582855225,-10.997812271,-0.910491340,-0.410600182,-0.048429880,0.008219376
1653513011.637858868,-884.638916016,-409.582855225,-10.997812271,-0.910491340,-0.410600182,-0.048429880,0.008219376
1653513011.705077887,-884.041809082,-408.831573486,-11.048926353,-0.909888143,-0.411981372,-0.047964469,0.008621260
1653513011.771333456,-884.041809082,-408.831573486,-11.048926353,-0.909888143,-0.411981372,-0.047964469,0.008621260
1653513011.837745905,-883.454528809,-408.108398438,-11.098168373,-0.909376224,-0.413094589,-0.048137748,0.008396447
1653513011.904301405,-883.454528809,-408.108398438,-11.098168373,-0.909376224,-0.413094589,-0.048137748,0.008396447
1653513011.971679688,-882.805725098,-407.250335693,-11.160346031,-0.908885599,-0.414422989,-0.046085116,0.007531010
1653513012.042042732,-882.805725098,-407.250335693,-11.160346031,-0.908885599,-0.414422989,-0.046085116,0.007531010
1653513012.104590654,-882.253906250,-406.557830811,-11.214083672,-0.908289416,-0.415623418,-0.047005325,0.007616452
1653513012.171571016,-882.253906250,-406.557830811,-11.214083672,-0.908289416,-0.415623418,-0.047005325,0.007616452
1653513012.237702370,-881.635192871,-405.751037598,-11.275626183,-0.908185795,-0.415786244,-0.047516530,0.007908325
1653513012.304968357,-881.635192871,-405.751037598,-11.275626183,-0.908185795,-0.415786244,-0.047516530,0.007908325
1653513012.371472597,-881.016540527,-404.944366455,-11.339063644,-0.907825206,-0.416659820,-0.046952731,0.006590144
1653513012.440306902,-881.016540527,-404.944366455,-11.339063644,-0.907825206,-0.416659820,-0.046952731,0.006590144
1653513012.504516840,-880.407409668,-404.167694092,-11.404762268,-0.907858979,-0.416543042,-0.047378057,0.006268084
1653513012.571226358,-880.407409668,-404.167694092,-11.404762268,-0.907858979,-0.416543042,-0.047378057,0.006268084
1653513012.637980223,-879.791015625,-403.371765137,-11.473040581,-0.907974071,-0.416171941,-0.048414290,0.006329155
1653513012.705829144,-879.791015625,-403.371765137,-11.473040581,-0.907974071,-0.416171941,-0.048414290,0.006329155
1653513012.776406527,-879.195861816,-402.624420166,-11.543259621,-0.907762673,-0.416678172,-0.048137565,0.005385609
1653513012.838165998,-879.195861816,-402.624420166,-11.543259621,-0.907762673,-0.416678172,-0.048137565,0.005385609
1653513012.904815197,-878.570739746,-401.822937012,-11.611441612,-0.907570796,-0.416858353,-0.050184929,0.005082937
1653513012.971910238,-878.570739746,-401.822937012,-11.611441612,-0.907570796,-0.416858353,-0.050184929,0.005082937
1653513013.037955046,-877.995178223,-401.090545654,-11.683399200,-0.908602852,-0.414382674,-0.052077514,0.003973697
1653513013.104628086,-877.995178223,-401.090545654,-11.683399200,-0.908602852,-0.414382674,-0.052077514,0.003973697
1653513013.173112154,-877.406921387,-400.336975098,-11.757721901,-0.908369586,-0.414778851,-0.052971526,0.004149251
1653513013.237854958,-877.406921387,-400.336975098,-11.757721901,-0.908369586,-0.414778851,-0.052971526,0.004149251
1653513013.304610014,-876.833984375,-399.602111816,-11.836383820,-0.908345164,-0.414626867,-0.054594893,0.003608526
1653513013.371972084,-876.833984375,-399.602111816,-11.836383820,-0.908345164,-0.414626867,-0.054594893,0.003608526
1653513013.442133188,-876.279052734,-398.898620605,-11.915285110,-0.908913032,-0.413299657,-0.055271325,0.002360865
1653513013.504471302,-876.279052734,-398.898620605,-11.915285110,-0.908913032,-0.413299657,-0.055271325,0.002360865
1653513013.571367025,-875.647705078,-398.052581787,-12.005853653,-0.908825636,-0.413334399,-0.056458998,0.001737443
1653513013.637973547,-875.647705078,-398.052581787,-12.005853653,-0.908825636,-0.413334399,-0.056458998,0.001737443
1653513013.704574347,-875.145629883,-397.419982910,-12.087848663,-0.908799755,-0.413446839,-0.056060242,0.001401992
1653513013.771283150,-875.145629883,-397.419982910,-12.087848663,-0.908799755,-0.413446839,-0.056060242,0.001401992
1653513013.837654352,-874.569274902,-396.657135010,-12.178647995,-0.909665658,-0.411678112,-0.055018128,0.001590131
1653513013.904603243,-874.569274902,-396.657135010,-12.178647995,-0.909665658,-0.411678112,-0.055018128,0.001590131
1653513013.972225904,-874.038391113,-395.959960938,-12.268460274,-0.909787912,-0.411684045,-0.052768846,0.004201322
1653513014.037760973,-874.038391113,-395.959960938,-12.268460274,-0.909787912,-0.411684045,-0.052768846,0.004201322
1653513014.104761600,-873.459350586,-395.171722412,-12.363044739,-0.910127091,-0.411113168,-0.050982895,0.007442169
1653513014.175702095,-873.459350586,-395.171722412,-12.363044739,-0.910127091,-0.411113168,-0.050982895,0.007442169
1653513014.238179684,-872.934265137,-394.488922119,-12.450804710,-0.911272564,-0.408809652,-0.049056402,0.007102975
1653513014.304357529,-872.934265137,-394.488922119,-12.450804710,-0.911272564,-0.408809652,-0.049056402,0.007102975
1653513014.371910572,-872.388061523,-393.785278320,-12.544077873,-0.911793224,-0.407606301,-0.049281280,0.007847005
1653513014.437697649,-872.388061523,-393.785278320,-12.544077873,-0.911793224,-0.407606301,-0.049281280,0.007847005
1653513014.504321814,-871.838317871,-393.088714600,-12.641351700,-0.912806040,-0.405388953,-0.049053073,0.006223069
1653513014.571823120,-871.838317871,-393.088714600,-12.641351700,-0.912806040,-0.405388953,-0.049053073,0.006223069
1653513014.639780998,-871.338806152,-392.481872559,-12.736310959,-0.914038551,-0.402691369,-0.048633986,0.002814849
1653513014.704623938,-871.338806152,-392.481872559,-12.736310959,-0.914038551,-0.402691369,-0.048633986,0.002814849
1653513014.772293568,-870.732299805,-391.664916992,-12.852401733,-0.915086274,-0.400330933,-0.048467081,0.001787931
1653513014.844882250,-870.732299805,-391.664916992,-12.852401733,-0.915086274,-0.400330933,-0.048467081,0.001787931
1653513014.907150030,-870.254943848,-391.071990967,-12.950433731,-0.916017824,-0.398379323,-0.046922352,0.001884996
1653513014.971303463,-870.254943848,-391.071990967,-12.950433731,-0.916017824,-0.398379323,-0.046922352,0.001884996
1653513015.038478851,-869.715576172,-390.333374023,-13.067621231,-0.916558612,-0.397470886,-0.043879366,0.003436107
1653513015.107809544,-869.715576172,-390.333374023,-13.067621231,-0.916558612,-0.397470886,-0.043879366,0.003436107
1653513015.171119928,-869.171508789,-389.563903809,-13.181534767,-0.916840548,-0.396977840,-0.042115819,0.006185625
1653513015.239701271,-869.171508789,-389.563903809,-13.181534767,-0.916840548,-0.396977840,-0.042115819,0.006185625
1653513015.304663181,-868.705810547,-388.940521240,-13.285726547,-0.916646639,-0.397596320,-0.040196004,0.007770912
1653513015.373568535,-868.705810547,-388.940521240,-13.285726547,-0.916646639,-0.397596320,-0.040196004,0.007770912
1653513015.438402891,-868.189697266,-388.212310791,-13.398237228,-0.915859464,-0.399550231,-0.038396273,0.009315623
1653513015.504231930,-868.189697266,-388.212310791,-13.398237228,-0.915859464,-0.399550231,-0.038396273,0.009315623
1653513015.571161270,-867.689636230,-387.512786865,-13.504739761,-0.914564505,-0.402501977,-0.038163518,0.010366825
1653513015.637943029,-867.689636230,-387.512786865,-13.504739761,-0.914564505,-0.402501977,-0.038163518,0.010366825
1653513015.704455614,-867.152404785,-386.726928711,-13.614952087,-0.913029832,-0.406063102,-0.037149790,0.010448715
1653513015.771497011,-867.152404785,-386.726928711,-13.614952087,-0.913029832,-0.406063102,-0.037149790,0.010448715
1653513015.837988615,-866.633239746,-385.993988037,-13.716370583,-0.911522582,-0.409422166,-0.037263350,0.010560107
1653513015.904464722,-866.633239746,-385.993988037,-13.716370583,-0.911522582,-0.409422166,-0.037263350,0.010560107
1653513015.971299887,-866.130920410,-385.304290771,-13.809101105,-0.910327713,-0.411998829,-0.038053430,0.010599793
1653513016.038980246,-866.130920410,-385.304290771,-13.809101105,-0.910327713,-0.411998829,-0.038053430,0.010599793
1653513016.104522705,-865.627441406,-384.616821289,-13.896752357,-0.909240817,-0.414405573,-0.037799439,0.010970850
1653513016.171110868,-865.627441406,-384.616821289,-13.896752357,-0.909240817,-0.414405573,-0.037799439,0.010970850
1653513016.239522457,-865.093688965,-383.881286621,-13.985674858,-0.908989809,-0.414794574,-0.039136884,0.012300144
1653513016.304405451,-865.093688965,-383.881286621,-13.985674858,-0.908989809,-0.414794574,-0.039136884,0.012300144
1653513016.371828079,-864.599304199,-383.242889404,-14.060145378,-0.909007326,-0.414693422,-0.039310438,0.013774511
1653513016.439524174,-864.599304199,-383.242889404,-14.060145378,-0.909007326,-0.414693422,-0.039310438,0.013774511
1653513016.510436058,-864.040588379,-382.473724365,-14.149794579,-0.908942745,-0.414832169,-0.039233229,0.014075224
1653513016.572389841,-864.040588379,-382.473724365,-14.149794579,-0.908942745,-0.414832169,-0.039233229,0.014075224
1653513016.637727022,-863.523437500,-381.823669434,-14.224853516,-0.908979398,-0.414729647,-0.038937214,0.015481186
1653513016.704492331,-863.523437500,-381.823669434,-14.224853516,-0.908979398,-0.414729647,-0.038937214,0.015481186
1653513016.771409750,-863.007385254,-381.146697998,-14.307429314,-0.909649502,-0.413350229,-0.037934970,0.015501916
1653513016.837813616,-863.007385254,-381.146697998,-14.307429314,-0.909649502,-0.413350229,-0.037934970,0.015501916
1653513016.913240194,-862.469787598,-380.450073242,-14.395237923,-0.910078043,-0.412522998,-0.036384813,0.016089665
1653513016.973277092,-862.469787598,-380.450073242,-14.395237923,-0.910078043,-0.412522998,-0.036384813,0.016089665
1653513017.041416883,-861.939941406,-379.801208496,-14.474419594,-0.910553776,-0.411447505,-0.036091321,0.017325928
1653513017.104393482,-861.939941406,-379.801208496,-14.474419594,-0.910553776,-0.411447505,-0.036091321,0.017325928
1653513017.171113729,-861.378845215,-379.033935547,-14.571210861,-0.911439776,-0.409590364,-0.035958655,0.014840630
1653513017.238548517,-861.378845215,-379.033935547,-14.571210861,-0.911439776,-0.409590364,-0.035958655,0.014840630
1653513017.304400206,-860.878417969,-378.411468506,-14.662162781,-0.911707173,-0.408999090,-0.036554061,0.013174806
1653513017.370951414,-860.878417969,-378.411468506,-14.662162781,-0.911707173,-0.408999090,-0.036554061,0.013174806
1653513017.438704967,-860.354553223,-377.763885498,-14.751579285,-0.912269669,-0.407589205,-0.038850800,0.011211884
1653513017.504674196,-860.354553223,-377.763885498,-14.751579285,-0.912269669,-0.407589205,-0.038850800,0.011211884
1653513017.571335793,-859.800354004,-377.051452637,-14.847153664,-0.912466435,-0.407034051,-0.040544034,0.009190659
1653513017.637989044,-859.800354004,-377.051452637,-14.847153664,-0.912466435,-0.407034051,-0.040544034,0.009190659
1653513017.704338312,-859.280639648,-376.411132812,-14.933605194,-0.912956410,-0.405895320,-0.040887408,0.009370347
1653513017.771319628,-859.280639648,-376.411132812,-14.933605194,-0.912956410,-0.405895320,-0.040887408,0.009370347
1653513017.837659836,-858.752441406,-375.743591309,-15.025565147,-0.913657011,-0.404286981,-0.040814795,0.010819214
1653513017.905365705,-858.752441406,-375.743591309,-15.025565147,-0.913657011,-0.404286981,-0.040814795,0.010819214
1653513017.971331120,-858.218688965,-375.068847656,-15.116055489,-0.914159960,-0.403199854,-0.039730169,0.012765557
1653513018.037720919,-858.218688965,-375.068847656,-15.116055489,-0.914159960,-0.403199854,-0.039730169,0.012765557
1653513018.105198145,-857.685913086,-374.406311035,-15.210194588,-0.914389794,-0.402748050,-0.038807470,0.013390036
1653513018.171208143,-857.685913086,-374.406311035,-15.210194588,-0.914389794,-0.402748050,-0.038807470,0.013390036
1653513018.237750530,-857.172851562,-373.791107178,-15.299793243,-0.914785997,-0.401925362,-0.038583287,0.011572122
1653513018.307677269,-857.172851562,-373.791107178,-15.299793243,-0.914785997,-0.401925362,-0.038583287,0.011572122
1653513018.371018648,-856.622070312,-373.091705322,-15.391468048,-0.915139355,-0.401039562,-0.039962361,0.009499470
1653513018.437639236,-856.622070312,-373.091705322,-15.391468048,-0.915139355,-0.401039562,-0.039962361,0.009499470
1653513018.505445957,-856.192993164,-372.632812500,-15.461890221,-0.915287358,-0.400798849,-0.039389796,0.007601256
1653513018.571474791,-856.192993164,-372.632812500,-15.461890221,-0.915287358,-0.400798849,-0.039389796,0.007601256
1653513018.637744188,-855.610595703,-371.867095947,-15.569911957,-0.915741499,-0.399804411,-0.039009303,0.007225901
1653513018.707771778,-855.610595703,-371.867095947,-15.569911957,-0.915741499,-0.399804411,-0.039009303,0.007225901
1653513018.771557093,-855.085205078,-371.209533691,-15.663283348,-0.916403967,-0.398360737,-0.038151880,0.007545036
1653513018.840554714,-855.085205078,-371.209533691,-15.663283348,-0.916403967,-0.398360737,-0.038151880,0.007545036
1653513018.904440880,-854.618896484,-370.654083252,-15.741476059,-0.916304681,-0.398662853,-0.037173583,0.008472631
1653513018.971185207,-854.618896484,-370.654083252,-15.741476059,-0.916304681,-0.398662853,-0.037173583,0.008472631
1653513019.037860394,-854.057678223,-369.915466309,-15.833257675,-0.916830839,-0.397399456,-0.037105389,0.010866215
1653513019.104912758,-854.057678223,-369.915466309,-15.833257675,-0.916830839,-0.397399456,-0.037105389,0.010866215
1653513019.170954704,-853.578369141,-369.330230713,-15.907527924,-0.916601224,-0.397900991,-0.037054609,0.011998082
1653513019.238155603,-853.578369141,-369.330230713,-15.907527924,-0.916601224,-0.397900991,-0.037054609,0.011998082
1653513019.304641962,-853.039123535,-368.627655029,-15.994333267,-0.916231486,-0.398710954,-0.036759323,0.014078069
1653513019.371498823,-853.039123535,-368.627655029,-15.994333267,-0.916231486,-0.398710954,-0.036759323,0.014078069
1653513019.437552691,-852.531005859,-367.997192383,-16.066741943,-0.916638471,-0.397615542,-0.038240208,0.014610981
1653513019.504712105,-852.531005859,-367.997192383,-16.066741943,-0.916638471,-0.397615542,-0.038240208,0.014610981
1653513019.571778536,-851.991455078,-367.311340332,-16.143814087,-0.916282409,-0.398229983,-0.040256780,0.014792516
1653513019.639094830,-851.991455078,-367.311340332,-16.143814087,-0.916282409,-0.398229983,-0.040256780,0.014792516
1653513019.704362869,-851.517028809,-366.754425049,-16.208896637,-0.915769361,-0.399351488,-0.040811525,0.014808283
1653513019.771352291,-851.517028809,-366.754425049,-16.208896637,-0.915769361,-0.399351488,-0.040811525,0.014808283
1653513019.837571383,-850.971496582,-366.076232910,-16.294588089,-0.915664298,-0.399594509,-0.041221681,0.013560802
1653513019.908330202,-850.971496582,-366.076232910,-16.294588089,-0.915664298,-0.399594509,-0.041221681,0.013560802
1653513019.972781658,-850.484558105,-365.519561768,-16.372661591,-0.915053897,-0.400987026,-0.041495487,0.012802145
1653513020.037665129,-850.484558105,-365.519561768,-16.372661591,-0.915053897,-0.400987026,-0.041495487,0.012802145
1653513020.108499050,-849.918151855,-364.829437256,-16.467367172,-0.914810490,-0.401581233,-0.041459020,0.011637471
1653513020.171168089,-849.918151855,-364.829437256,-16.467367172,-0.914810490,-0.401581233,-0.041459020,0.011637471
1653513020.237602711,-849.420715332,-364.273315430,-16.546457291,-0.915023809,-0.401063563,-0.042087488,0.010396656
1653513020.304285526,-849.420715332,-364.273315430,-16.546457291,-0.915023809,-0.401063563,-0.042087488,0.010396656
1653513020.371251822,-848.900329590,-363.665069580,-16.631837845,-0.915027579,-0.401039371,-0.042484385,0.009328973
1653513020.437810898,-848.900329590,-363.665069580,-16.631837845,-0.915027579,-0.401039371,-0.042484385,0.009328973
1653513020.504584789,-848.391845703,-363.093597412,-16.716085434,-0.914981305,-0.401128024,-0.042648960,0.009305191
1653513020.571336746,-848.391845703,-363.093597412,-16.716085434,-0.914981305,-0.401128024,-0.042648960,0.009305191
1653513020.638390064,-847.871826172,-362.490478516,-16.801637650,-0.915371660,-0.400135400,-0.043691244,0.008801258
1653513020.705070734,-847.871826172,-362.490478516,-16.801637650,-0.915371660,-0.400135400,-0.043691244,0.008801258
1653513020.771017551,-847.331176758,-361.854156494,-16.888919830,-0.915772928,-0.399164236,-0.044265286,0.008272972
1653513020.838037014,-847.331176758,-361.854156494,-16.888919830,-0.915772928,-0.399164236,-0.044265286,0.008272972
1653513020.904458523,-846.849792480,-361.323059082,-16.964742661,-0.915808361,-0.399093113,-0.044174599,0.008266710
1653513020.971084118,-846.849792480,-361.323059082,-16.964742661,-0.915808361,-0.399093113,-0.044174599,0.008266710
1653513021.038479567,-846.323303223,-360.703308105,-17.050945282,-0.916210160,-0.398081743,-0.045185874,0.006935794
1653513021.104824066,-846.323303223,-360.703308105,-17.050945282,-0.916210160,-0.398081743,-0.045185874,0.006935794
1653513021.170984983,-845.782897949,-360.060363770,-17.140933990,-0.916549151,-0.397311242,-0.045059476,0.007146647
1653513021.237808228,-845.782897949,-360.060363770,-17.140933990,-0.916549151,-0.397311242,-0.045059476,0.007146647
1653513021.304473877,-845.273620605,-359.458312988,-17.226009369,-0.916462850,-0.397465919,-0.045556382,0.006426798
1653513021.371452570,-845.273620605,-359.458312988,-17.226009369,-0.916462850,-0.397465919,-0.045556382,0.006426798
1653513021.440427780,-844.727783203,-358.785766602,-17.322734833,-0.916923269,-0.396409058,-0.045582752,0.005813021
1653513021.505750418,-844.727783203,-358.785766602,-17.322734833,-0.916923269,-0.396409058,-0.045582752,0.005813021
1653513021.571160316,-844.226623535,-358.199157715,-17.409004211,-0.917092243,-0.395880213,-0.046804815,0.005475685
1653513021.639019489,-844.226623535,-358.199157715,-17.409004211,-0.917092243,-0.395880213,-0.046804815,0.005475685
1653513021.704896688,-843.732727051,-357.608551025,-17.496227264,-0.916644923,-0.396881815,-0.047084022,0.005477693
1653513021.771370411,-843.732727051,-357.608551025,-17.496227264,-0.916644923,-0.396881815,-0.047084022,0.005477693
1653513021.840680122,-843.213867188,-356.976379395,-17.586364746,-0.916558641,-0.397082814,-0.047124279,0.004979814
1653513021.904381514,-843.213867188,-356.976379395,-17.586364746,-0.916558641,-0.397082814,-0.047124279,0.004979814
1653513021.970997334,-842.740234375,-356.416778564,-17.668874741,-0.916267998,-0.397605303,-0.048428364,0.004203948
1653513022.040201902,-842.740234375,-356.416778564,-17.668874741,-0.916267998,-0.397605303,-0.048428364,0.004203948
1653513022.104652882,-842.244628906,-355.811096191,-17.760135651,-0.915785372,-0.398776680,-0.047956418,0.003806947
1653513022.172911882,-842.244628906,-355.811096191,-17.760135651,-0.915785372,-0.398776680,-0.047956418,0.003806947
1653513022.237632275,-841.755126953,-355.215423584,-17.851160049,-0.915225012,-0.400113427,-0.047566785,0.003134270
1653513022.309223890,-841.755126953,-355.215423584,-17.851160049,-0.915225012,-0.400113427,-0.047566785,0.003134270
1653513022.372268438,-841.312683105,-354.683593750,-17.937135696,-0.914677993,-0.401402540,-0.047222261,0.003198216
1653513022.438038349,-841.312683105,-354.683593750,-17.937135696,-0.914677993,-0.401402540,-0.047222261,0.003198216
1653513022.505976677,-840.802856445,-354.022003174,-18.036144257,-0.913869124,-0.403319381,-0.046551342,0.003110280
1653513022.570956230,-840.802856445,-354.022003174,-18.036144257,-0.913869124,-0.403319381,-0.046551342,0.003110280
1653513022.637526751,-840.373657227,-353.498626709,-18.118398666,-0.913235265,-0.404845603,-0.045620282,0.004491971
1653513022.704504967,-840.373657227,-353.498626709,-18.118398666,-0.913235265,-0.404845603,-0.045620282,0.004491971
1653513022.771280050,-839.942504883,-352.958404541,-18.199703217,-0.912550580,-0.406347071,-0.045848315,0.005606140
1653513022.837946653,-839.942504883,-352.958404541,-18.199703217,-0.912550580,-0.406347071,-0.045848315,0.005606140
1653513022.905048609,-839.434448242,-352.283508301,-18.292951584,-0.911680697,-0.408331662,-0.045274131,0.007335742
1653513022.971174479,-839.434448242,-352.283508301,-18.292951584,-0.911680697,-0.408331662,-0.045274131,0.007335742
1653513023.037845373,-838.997375488,-351.739837646,-18.367652893,-0.911088530,-0.409604522,-0.045350809,0.009226620
1653513023.104432106,-838.997375488,-351.739837646,-18.367652893,-0.911088530,-0.409604522,-0.045350809,0.009226620
1653513023.172020435,-838.526611328,-351.130889893,-18.448091507,-0.910685504,-0.410452824,-0.045539876,0.010320474
1653513023.237658501,-838.526611328,-351.130889893,-18.448091507,-0.910685504,-0.410452824,-0.045539876,0.010320474
1653513023.304723978,-838.103820801,-350.617034912,-18.516887665,-0.909983107,-0.411918406,-0.045891400,0.012163545
1653513023.371042013,-838.103820801,-350.617034912,-18.516887665,-0.909983107,-0.411918406,-0.045891400,0.012163545
1653513023.438334227,-837.606750488,-349.957153320,-18.606060028,-0.909590114,-0.412719990,-0.046523250,0.011984182
1653513023.506004095,-837.606750488,-349.957153320,-18.606060028,-0.909590114,-0.412719990,-0.046523250,0.011984182
1653513023.571055889,-837.145996094,-349.371154785,-18.682769775,-0.909480741,-0.412825342,-0.047354407,0.013325866
1653513023.637704372,-837.145996094,-349.371154785,-18.682769775,-0.909480741,-0.412825342,-0.047354407,0.013325866
1653513023.704249144,-836.729797363,-348.874908447,-18.745893478,-0.909444118,-0.412797045,-0.048160513,0.013804386
1653513023.773630142,-836.729797363,-348.874908447,-18.745893478,-0.909444118,-0.412797045,-0.048160513,0.013804386
1653513023.837577820,-836.284851074,-348.330047607,-18.815750122,-0.909523130,-0.412436009,-0.049699750,0.013933753
1653513023.904296875,-836.284851074,-348.330047607,-18.815750122,-0.909523130,-0.412436009,-0.049699750,0.013933753
1653513023.970884323,-835.791625977,-347.705780029,-18.898780823,-0.910306796,-0.410569780,-0.051128208,0.012645132
1653513024.037693262,-835.791625977,-347.705780029,-18.898780823,-0.910306796,-0.410569780,-0.051128208,0.012645132
1653513024.106426239,-835.351318359,-347.176788330,-18.974670410,-0.910839807,-0.409377342,-0.051438873,0.011622427
1653513024.170970201,-835.351318359,-347.176788330,-18.974670410,-0.910839807,-0.409377342,-0.051438873,0.011622427
1653513024.238425732,-834.900085449,-346.634887695,-19.056234360,-0.911909281,-0.406958907,-0.051844943,0.010863402
1653513024.305066109,-834.900085449,-346.634887695,-19.056234360,-0.911909281,-0.406958907,-0.051844943,0.010863402
1653513024.370963573,-834.441162109,-346.080657959,-19.139875412,-0.913009443,-0.404712250,-0.050242248,0.009872616
1653513024.439887285,-834.441162109,-346.080657959,-19.139875412,-0.913009443,-0.404712250,-0.050242248,0.009872616
1653513024.504148483,-834.008728027,-345.570159912,-19.215444565,-0.914307366,-0.401778166,-0.050342021,0.009056898
1653513024.571080446,-834.008728027,-345.570159912,-19.215444565,-0.914307366,-0.401778166,-0.050342021,0.009056898
1653513024.637744427,-833.523620605,-344.967010498,-19.298429489,-0.915786088,-0.398471177,-0.049772516,0.008902756
1653513024.704403400,-833.523620605,-344.967010498,-19.298429489,-0.915786088,-0.398471177,-0.049772516,0.008902756
1653513024.771421909,-833.127685547,-344.531250000,-19.364429474,-0.917111498,-0.395324550,-0.050494763,0.008676365
1653513024.838207245,-833.127685547,-344.531250000,-19.364429474,-0.917111498,-0.395324550,-0.050494763,0.008676365
1653513024.904675484,-832.664062500,-343.967132568,-19.442554474,-0.918423451,-0.392282685,-0.050421181,0.008388378
1653513024.971906662,-832.664062500,-343.967132568,-19.442554474,-0.918423451,-0.392282685,-0.050421181,0.008388378
1653513025.037743807,-832.209411621,-343.410827637,-19.519229889,-0.919565061,-0.389506331,-0.051106608,0.008545880
1653513025.112992764,-832.209411621,-343.410827637,-19.519229889,-0.919565061,-0.389506331,-0.051106608,0.008545880
1653513025.171362400,-831.793762207,-342.912811279,-19.588790894,-0.920373597,-0.387489548,-0.051784954,0.009089000
1653513025.237906694,-831.793762207,-342.912811279,-19.588790894,-0.920373597,-0.387489548,-0.051784954,0.009089000
1653513025.304203033,-831.369384766,-342.387939453,-19.661451340,-0.920836935,-0.386427556,-0.051437031,0.009344282
1653513025.371058702,-831.369384766,-342.387939453,-19.661451340,-0.920836935,-0.386427556,-0.051437031,0.009344282
1653513025.438220263,-830.958068848,-341.875854492,-19.737743378,-0.921342681,-0.385270778,-0.050940492,0.009957784
1653513025.504237413,-830.958068848,-341.875854492,-19.737743378,-0.921342681,-0.385270778,-0.050940492,0.009957784
1653513025.571066141,-830.548156738,-341.362579346,-19.813032150,-0.921609501,-0.384718589,-0.050117272,0.010760784
1653513025.637732267,-830.548156738,-341.362579346,-19.813032150,-0.921609501,-0.384718589,-0.050117272,0.010760784
1653513025.704990864,-830.112121582,-340.803863525,-19.895954132,-0.921593855,-0.384978209,-0.048320495,0.011030668
1653513025.771756649,-830.112121582,-340.803863525,-19.895954132,-0.921593855,-0.384978209,-0.048320495,0.011030668
1653513025.837750673,-829.728454590,-340.339630127,-19.965919495,-0.921634684,-0.384961400,-0.047553040,0.011529909
1653513025.904324293,-829.728454590,-340.339630127,-19.965919495,-0.921634684,-0.384961400,-0.047553040,0.011529909
1653513025.970901966,-829.306091309,-339.805603027,-20.043239594,-0.921344689,-0.385682759,-0.047214281,0.011982710
1653513026.038943291,-829.306091309,-339.805603027,-20.043239594,-0.921344689,-0.385682759,-0.047214281,0.011982710
1653513026.104558706,-828.907226562,-339.320098877,-20.111343384,-0.921146886,-0.386240907,-0.046455965,0.012174577
1653513026.171055555,-828.907226562,-339.320098877,-20.111343384,-0.921146886,-0.386240907,-0.046455965,0.012174577
1653513026.237758160,-828.503967285,-338.823242188,-20.180835724,-0.920976516,-0.386653242,-0.046505645,0.011779352
1653513026.304394484,-828.503967285,-338.823242188,-20.180835724,-0.920976516,-0.386653242,-0.046505645,0.011779352
1653513026.372607470,-828.112426758,-338.349090576,-20.246658325,-0.920631715,-0.387485954,-0.046617694,0.010893660
1653513026.437472820,-828.112426758,-338.349090576,-20.246658325,-0.920631715,-0.387485954,-0.046617694,0.010893660
1653513026.505290508,-827.705444336,-337.853363037,-20.311588287,-0.920453078,-0.387940171,-0.046617057,0.009767527
1653513026.571554422,-827.705444336,-337.853363037,-20.311588287,-0.920453078,-0.387940171,-0.046617057,0.009767527
1653513026.637861729,-827.300842285,-337.371032715,-20.376062393,-0.920388325,-0.388200336,-0.046046465,0.008096491
1653513026.704520226,-827.300842285,-337.371032715,-20.376062393,-0.920388325,-0.388200336,-0.046046465,0.008096491
1653513026.774666786,-826.914611816,-336.925140381,-20.435457230,-0.920103547,-0.388846963,-0.046518344,0.006598954
1653513026.838135719,-826.914611816,-336.925140381,-20.435457230,-0.920103547,-0.388846963,-0.046518344,0.006598954
1653513026.904439449,-826.494079590,-336.415740967,-20.500215530,-0.919616185,-0.389863351,-0.047822398,0.005065335
1653513026.976902008,-826.494079590,-336.415740967,-20.500215530,-0.919616185,-0.389863351,-0.047822398,0.005065335
1653513027.037509441,-826.104980469,-335.950958252,-20.560844421,-0.919522698,-0.390017567,-0.048472129,0.003841767
1653513027.105474234,-826.104980469,-335.950958252,-20.560844421,-0.919522698,-0.390017567,-0.048472129,0.003841767
1653513027.171103954,-825.703979492,-335.467620850,-20.623628616,-0.919282835,-0.390568487,-0.048652864,0.002868038
1653513027.239358664,-825.703979492,-335.467620850,-20.623628616,-0.919282835,-0.390568487,-0.048652864,0.002868038
1653513027.304413557,-825.321105957,-335.017761230,-20.683485031,-0.919036601,-0.391071666,-0.049294396,0.002177313
1653513027.370867968,-825.321105957,-335.017761230,-20.683485031,-0.919036601,-0.391071666,-0.049294396,0.002177313
1653513027.437688112,-824.903564453,-334.500396729,-20.751955032,-0.918906463,-0.391328459,-0.049693615,0.001869197
1653513027.504492044,-824.903564453,-334.500396729,-20.751955032,-0.918906463,-0.391328459,-0.049693615,0.001869197
1653513027.571300745,-824.551696777,-334.099212646,-20.806074142,-0.918875553,-0.391425124,-0.049497868,0.002012728
1653513027.638066769,-824.551696777,-334.099212646,-20.806074142,-0.918875553,-0.391425124,-0.049497868,0.002012728
1653513027.704219103,-824.161132812,-333.632385254,-20.868579865,-0.918903882,-0.391452191,-0.048731044,0.002474404
1653513027.771419525,-824.161132812,-333.632385254,-20.868579865,-0.918903882,-0.391452191,-0.048731044,0.002474404
1653513027.837956667,-823.776184082,-333.173400879,-20.932437897,-0.918920574,-0.391425907,-0.048613824,0.002726617
1653513027.905025959,-823.776184082,-333.173400879,-20.932437897,-0.918920574,-0.391425907,-0.048613824,0.002726617
1653513027.971098661,-823.374206543,-332.677764893,-21.001558304,-0.918578677,-0.392179695,-0.048981771,0.003014413
1653513028.039329767,-823.374206543,-332.677764893,-21.001558304,-0.918578677,-0.392179695,-0.048981771,0.003014413
1653513028.104820728,-822.990661621,-332.198638916,-21.068758011,-0.918278634,-0.392913908,-0.048732549,0.002854763
1653513028.170936584,-822.990661621,-332.198638916,-21.068758011,-0.918278634,-0.392913908,-0.048732549,0.002854763
1653513028.237520218,-822.645324707,-331.790771484,-21.126964569,-0.918311974,-0.392874906,-0.048400858,0.003127781
1653513028.304184437,-822.645324707,-331.790771484,-21.126964569,-0.918311974,-0.392874906,-0.048400858,0.003127781
1653513028.371089697,-822.255920410,-331.300933838,-21.200916290,-0.918147288,-0.393276582,-0.048249033,0.003334427
1653513028.437474012,-822.255920410,-331.300933838,-21.200916290,-0.918147288,-0.393276582,-0.048249033,0.003334427
1653513028.504615068,-821.884765625,-330.851623535,-21.270629883,-0.918078972,-0.393445319,-0.048166213,0.003434915
1653513028.571133137,-821.884765625,-330.851623535,-21.270629883,-0.918078972,-0.393445319,-0.048166213,0.003434915
1653513028.637874842,-821.507385254,-330.388824463,-21.340957642,-0.918234386,-0.393193175,-0.047280780,0.003044294
1653513028.705336809,-821.507385254,-330.388824463,-21.340957642,-0.918234386,-0.393193175,-0.047280780,0.003044294
1653513028.772676706,-821.155273438,-329.969268799,-21.406463623,-0.918256832,-0.393214172,-0.046688148,0.002687547
1653513028.841311216,-821.155273438,-329.969268799,-21.406463623,-0.918256832,-0.393214172,-0.046688148,0.002687547
1653513028.904124498,-820.773376465,-329.504333496,-21.477632523,-0.918263566,-0.393328403,-0.045581007,0.002676209
1653513028.971698999,-820.773376465,-329.504333496,-21.477632523,-0.918263566,-0.393328403,-0.045581007,0.002676209
1653513029.037907362,-820.409729004,-329.059722900,-21.547603607,-0.918249903,-0.393445997,-0.044859309,0.002237242
1653513029.105159283,-820.409729004,-329.059722900,-21.547603607,-0.918249903,-0.393445997,-0.044859309,0.002237242
1653513029.170886040,-820.045227051,-328.606384277,-21.618026733,-0.918125649,-0.393755236,-0.044689574,0.002224717
1653513029.237468243,-820.045227051,-328.606384277,-21.618026733,-0.918125649,-0.393755236,-0.044689574,0.002224717
1653513029.304245949,-819.697814941,-328.173461914,-21.683490753,-0.917901289,-0.394259160,-0.044839454,0.002522422
1653513029.371406555,-819.697814941,-328.173461914,-21.683490753,-0.917901289,-0.394259160,-0.044839454,0.002522422
1653513029.437877417,-819.376525879,-327.780761719,-21.746295929,-0.917720754,-0.394586690,-0.045627859,0.002838862
1653513029.504214287,-819.376525879,-327.780761719,-21.746295929,-0.917720754,-0.394586690,-0.045627859,0.002838862
1653513029.570940495,-818.997497559,-327.281463623,-21.824186325,-0.917321279,-0.395568019,-0.045133219,0.003256725
1653513029.642240286,-818.997497559,-327.281463623,-21.824186325,-0.917321279,-0.395568019,-0.045133219,0.003256725
1653513029.705929756,-818.677734375,-326.881195068,-21.891151428,-0.916835987,-0.396684210,-0.045227696,0.002804662
1653513029.771024466,-818.677734375,-326.881195068,-21.891151428,-0.916835987,-0.396684210,-0.045227696,0.002804662
1653513029.837855577,-818.304016113,-326.381256104,-21.969944000,-0.916442535,-0.397645126,-0.044775342,0.002569566
1653513029.904483795,-818.304016113,-326.381256104,-21.969944000,-0.916442535,-0.397645126,-0.044775342,0.002569566
1653513029.970976591,-817.977233887,-325.965911865,-22.040166855,-0.915938034,-0.398863381,-0.044271936,0.002348589
1653513030.037544012,-817.977233887,-325.965911865,-22.040166855,-0.915938034,-0.398863381,-0.044271936,0.002348589
1653513030.104489803,-817.637756348,-325.533325195,-22.113580704,-0.915392029,-0.400197203,-0.043534878,0.002084571
1653513030.170972586,-817.637756348,-325.533325195,-22.113580704,-0.915392029,-0.400197203,-0.043534878,0.002084571
1653513030.238442183,-817.265136719,-325.041809082,-22.190013885,-0.915181943,-0.400674437,-0.043543797,0.002438053
1653513030.304354191,-817.265136719,-325.041809082,-22.190013885,-0.915181943,-0.400674437,-0.043543797,0.002438053
1653513030.370745897,-816.942443848,-324.653839111,-22.255405426,-0.915139901,-0.400774562,-0.043476636,0.002914292
1653513030.437515259,-816.942443848,-324.653839111,-22.255405426,-0.915139901,-0.400774562,-0.043476636,0.002914292
1653513030.505502224,-816.610412598,-324.237579346,-22.325117111,-0.915021822,-0.401123667,-0.042693756,0.003480224
1653513030.571221352,-816.610412598,-324.237579346,-22.325117111,-0.915021822,-0.401123667,-0.042693756,0.003480224
1653513030.639263153,-816.257324219,-323.785186768,-22.399023056,-0.915267333,-0.400605583,-0.042176980,0.004688091
1653513030.704522610,-816.257324219,-323.785186768,-22.399023056,-0.915267333,-0.400605583,-0.042176980,0.004688091
1653513030.772163153,-815.918151855,-323.358367920,-22.469619751,-0.915739372,-0.399599171,-0.041242437,0.006400508
1653513030.838406563,-815.918151855,-323.358367920,-22.469619751,-0.915739372,-0.399599171,-0.041242437,0.006400508
1653513030.905807495,-815.557067871,-322.899780273,-22.550897598,-0.916117611,-0.398784728,-0.040523503,0.007557087
1653513030.971869230,-815.557067871,-322.899780273,-22.550897598,-0.916117611,-0.398784728,-0.040523503,0.007557087
1653513031.037637234,-815.234375000,-322.520141602,-22.626098633,-0.916649358,-0.397647716,-0.039578763,0.007985628
1653513031.104672670,-815.234375000,-322.520141602,-22.626098633,-0.916649358,-0.397647716,-0.039578763,0.007985628
1653513031.174837828,-814.880493164,-322.087829590,-22.710130692,-0.917182263,-0.396391926,-0.039721180,0.008506778
1653513031.237492323,-814.880493164,-322.087829590,-22.710130692,-0.917182263,-0.396391926,-0.039721180,0.008506778
1653513031.304180861,-814.513916016,-321.650390625,-22.795850754,-0.917770449,-0.394980552,-0.040188573,0.008523269
1653513031.371032238,-814.513916016,-321.650390625,-22.795850754,-0.917770449,-0.394980552,-0.040188573,0.008523269
1653513031.437633991,-814.154968262,-321.219604492,-22.885427475,-0.918612529,-0.393003220,-0.040420763,0.008102573
1653513031.504045010,-814.154968262,-321.219604492,-22.885427475,-0.918612529,-0.393003220,-0.040420763,0.008102573
1653513031.571094751,-813.799865723,-320.811370850,-22.971982956,-0.919239534,-0.391445792,-0.041420956,0.007292190
1653513031.637516737,-813.799865723,-320.811370850,-22.971982956,-0.919239534,-0.391445792,-0.041420956,0.007292190
1653513031.704601526,-813.414306641,-320.350952148,-23.066389084,-0.919889398,-0.389828120,-0.042421393,0.006160952
1653513031.771252871,-813.414306641,-320.350952148,-23.066389084,-0.919889398,-0.389828120,-0.042421393,0.006160952
1653513031.837354898,-813.088562012,-320.006439209,-23.146451950,-0.920786104,-0.387639979,-0.043218085,0.004516111
1653513031.904629230,-813.088562012,-320.006439209,-23.146451950,-0.920786104,-0.387639979,-0.043218085,0.004516111
1653513031.971690893,-812.739685059,-319.614837646,-23.230611801,-0.921497481,-0.385961778,-0.043205851,0.003025441
1653513032.040683508,-812.739685059,-319.614837646,-23.230611801,-0.921497481,-0.385961778,-0.043205851,0.003025441
1653513032.104469776,-812.373840332,-319.186737061,-23.320409775,-0.922182509,-0.384336416,-0.043141972,0.001925911
1653513032.170774698,-812.373840332,-319.186737061,-23.320409775,-0.922182509,-0.384336416,-0.043141972,0.001925911
1653513032.238514185,-812.013183594,-318.768768311,-23.405487061,-0.923187063,-0.381958210,-0.042774252,0.001983652
1653513032.304582596,-812.013183594,-318.768768311,-23.405487061,-0.923187063,-0.381958210,-0.042774252,0.001983652
1653513032.370718956,-811.684570312,-318.405792236,-23.477214813,-0.924068966,-0.379909030,-0.041930339,0.002742507
1653513032.438642263,-811.684570312,-318.405792236,-23.477214813,-0.924068966,-0.379909030,-0.041930339,0.002742507
1653513032.504634857,-811.338745117,-317.998474121,-23.557785034,-0.924814031,-0.378239953,-0.040440991,0.004251245
1653513032.571791410,-811.338745117,-317.998474121,-23.557785034,-0.924814031,-0.378239953,-0.040440991,0.004251245
1653513032.638928652,-810.983398438,-317.570281982,-23.635364532,-0.925609595,-0.376402052,-0.039118305,0.006175030
1653513032.704391003,-810.983398438,-317.570281982,-23.635364532,-0.925609595,-0.376402052,-0.039118305,0.006175030
1653513032.771640539,-810.657836914,-317.198364258,-23.699796677,-0.925852193,-0.375890111,-0.037914288,0.008176084
1653513032.838913202,-810.657836914,-317.198364258,-23.699796677,-0.925852193,-0.375890111,-0.037914288,0.008176084
1653513032.904256821,-810.317993164,-316.791625977,-23.769868851,-0.926090656,-0.375507264,-0.035671242,0.008829199
1653513032.971078634,-810.317993164,-316.791625977,-23.769868851,-0.926090656,-0.375507264,-0.035671242,0.008829199
1653513033.037600994,-809.992309570,-316.410949707,-23.834796906,-0.926088233,-0.375558325,-0.035206419,0.008777108
1653513033.105004311,-809.992309570,-316.410949707,-23.834796906,-0.926088233,-0.375558325,-0.035206419,0.008777108
1653513033.170728445,-809.666015625,-316.037078857,-23.902284622,-0.926043578,-0.375747713,-0.034337703,0.008824379
1653513033.237564325,-809.666015625,-316.037078857,-23.902284622,-0.926043578,-0.375747713,-0.034337703,0.008824379
1653513033.304854155,-809.319824219,-315.629425049,-23.978248596,-0.925776661,-0.376501919,-0.033603728,0.007393782
1653513033.370713711,-809.319824219,-315.629425049,-23.978248596,-0.925776661,-0.376501919,-0.033603728,0.007393782
1653513033.437546730,-809.009643555,-315.285095215,-24.040473938,-0.925752458,-0.376651495,-0.032859985,0.006021623
1653513033.505286455,-809.009643555,-315.285095215,-24.040473938,-0.925752458,-0.376651495,-0.032859985,0.006021623
1653513033.571000814,-808.647705078,-314.860290527,-24.113952637,-0.925654105,-0.376936582,-0.032508951,0.005143933
1653513033.637489319,-808.647705078,-314.860290527,-24.113952637,-0.925654105,-0.376936582,-0.032508951,0.005143933
1653513033.705093622,-808.315490723,-314.495269775,-24.175983429,-0.925458726,-0.377425282,-0.032565009,0.003977962
1653513033.771356106,-808.315490723,-314.495269775,-24.175983429,-0.925458726,-0.377425282,-0.032565009,0.003977962
1653513033.838866949,-807.985473633,-314.140319824,-24.233341217,-0.925512709,-0.377315035,-0.032372585,0.003406707
1653513033.904342890,-807.985473633,-314.140319824,-24.233341217,-0.925512709,-0.377315035,-0.032372585,0.003406707
1653513033.971035242,-807.664245605,-313.804718018,-24.286827087,-0.925490486,-0.377361203,-0.032492731,0.003178925
1653513034.041059256,-807.664245605,-313.804718018,-24.286827087,-0.925490486,-0.377361203,-0.032492731,0.003178925
1653513034.104565859,-807.294128418,-313.389465332,-24.349887848,-0.925452363,-0.377400463,-0.033142533,0.002895961
1653513034.170934916,-807.294128418,-313.389465332,-24.349887848,-0.925452363,-0.377400463,-0.033142533,0.002895961
1653513034.240206718,-806.986267090,-313.084289551,-24.393543243,-0.925725986,-0.376711245,-0.033393763,0.002211896
1653513034.304357529,-806.986267090,-313.084289551,-24.393543243,-0.925725986,-0.376711245,-0.033393763,0.002211896
1653513034.371328831,-806.630920410,-312.691925049,-24.446340561,-0.925730493,-0.376605104,-0.034491343,0.001413047
1653513034.437534809,-806.630920410,-312.691925049,-24.446340561,-0.925730493,-0.376605104,-0.034491343,0.001413047
1653513034.504321575,-806.278198242,-312.301696777,-24.501270294,-0.925908596,-0.376153123,-0.034667865,0.000488153
1653513034.571906328,-806.278198242,-312.301696777,-24.501270294,-0.925908596,-0.376153123,-0.034667865,0.000488153
1653513034.637724400,-805.984069824,-312.004486084,-24.546762466,-0.926285908,-0.375138009,-0.035560696,-0.001151995
1653513034.705868721,-805.984069824,-312.004486084,-24.546762466,-0.926285908,-0.375138009,-0.035560696,-0.001151995
1653513034.770792961,-805.650390625,-311.645019531,-24.600933075,-0.926476196,-0.374657399,-0.035640501,-0.001856482
1653513034.837554216,-805.650390625,-311.645019531,-24.600933075,-0.926476196,-0.374657399,-0.035640501,-0.001856482
1653513034.906536341,-805.307189941,-311.269561768,-24.656476974,-0.926601168,-0.374290585,-0.036226027,-0.002123287
1653513034.971086025,-805.307189941,-311.269561768,-24.656476974,-0.926601168,-0.374290585,-0.036226027,-0.002123287
1653513035.037629843,-804.980407715,-310.919372559,-24.707519531,-0.926988428,-0.373266371,-0.036878008,-0.002164288
1653513035.104812622,-804.980407715,-310.919372559,-24.707519531,-0.926988428,-0.373266371,-0.036878008,-0.002164288
1653513035.170745611,-804.640136719,-310.545074463,-24.763462067,-0.927006901,-0.373207986,-0.036993030,-0.002349501
1653513035.241311073,-804.640136719,-310.545074463,-24.763462067,-0.927006901,-0.373207986,-0.036993030,-0.002349501
1653513035.305277824,-804.300231934,-310.174774170,-24.820358276,-0.927200357,-0.372726313,-0.036998513,-0.002388379
1653513035.370904207,-804.300231934,-310.174774170,-24.820358276,-0.927200357,-0.372726313,-0.036998513,-0.002388379
1653513035.437850714,-803.963073730,-309.806335449,-24.879089355,-0.927278328,-0.372445429,-0.037825606,-0.002920466
1653513035.503996849,-803.963073730,-309.806335449,-24.879089355,-0.927278328,-0.372445429,-0.037825606,-0.002920466
1653513035.571868658,-803.606018066,-309.399291992,-24.944679260,-0.927339291,-0.372333666,-0.037388842,-0.003399315
1653513035.637767792,-803.606018066,-309.399291992,-24.944679260,-0.927339291,-0.372333666,-0.037388842,-0.003399315
1653513035.704640865,-803.325317383,-309.102600098,-24.996543884,-0.927328149,-0.372351966,-0.037383436,-0.004358543
1653513035.771083355,-803.325317383,-309.102600098,-24.996543884,-0.927328149,-0.372351966,-0.037383436,-0.004358543
1653513035.837939978,-802.975097656,-308.699005127,-25.071199417,-0.927515903,-0.371901623,-0.037179298,-0.004597016
1653513035.905131102,-802.975097656,-308.699005127,-25.071199417,-0.927515903,-0.371901623,-0.037179298,-0.004597016
1653513035.971446753,-802.663940430,-308.360870361,-25.139804840,-0.927428742,-0.372181483,-0.036545017,-0.004618952
1653513036.038029909,-802.663940430,-308.360870361,-25.139804840,-0.927428742,-0.372181483,-0.036545017,-0.004618952
1653513036.105001926,-802.327209473,-307.979553223,-25.216197968,-0.927387509,-0.372359950,-0.035746570,-0.004759979
1653513036.170975685,-802.327209473,-307.979553223,-25.216197968,-0.927387509,-0.372359950,-0.035746570,-0.004759979
1653513036.237473249,-802.001647949,-307.608123779,-25.286609650,-0.927447762,-0.372292290,-0.034911295,-0.004505745
1653513036.305482388,-802.001647949,-307.608123779,-25.286609650,-0.927447762,-0.372292290,-0.034911295,-0.004505745
1653513036.370871782,-801.698425293,-307.262542725,-25.351993561,-0.927384977,-0.372591437,-0.033455383,-0.003669258
1653513036.437536955,-801.698425293,-307.262542725,-25.351993561,-0.927384977,-0.372591437,-0.033455383,-0.003669258
1653513036.504174471,-801.358886719,-306.850769043,-25.428108215,-0.927130170,-0.373289648,-0.032803826,-0.002897681
1653513036.571113110,-801.358886719,-306.850769043,-25.428108215,-0.927130170,-0.373289648,-0.032803826,-0.002897681
1653513036.637437582,-801.028259277,-306.460998535,-25.496475220,-0.927314503,-0.372888647,-0.032244115,-0.001478344
1653513036.704305649,-801.028259277,-306.460998535,-25.496475220,-0.927314503,-0.372888647,-0.032244115,-0.001478344
1653513036.771353960,-800.710876465,-306.081665039,-25.560441971,-0.927300049,-0.372984742,-0.031556800,-0.001081445
1653513036.837432623,-800.710876465,-306.081665039,-25.560441971,-0.927300049,-0.372984742,-0.031556800,-0.001081445
1653513036.905485153,-800.377136230,-305.686157227,-25.631187439,-0.927268362,-0.373066296,-0.031541324,0.000262150
1653513036.970664501,-800.377136230,-305.686157227,-25.631187439,-0.927268362,-0.373066296,-0.031541324,0.000262150
1653513037.037448645,-800.046508789,-305.304565430,-25.698871613,-0.927481466,-0.372520028,-0.031694535,0.001554243
1653513037.104093552,-800.046508789,-305.304565430,-25.698871613,-0.927481466,-0.372520028,-0.031694535,0.001554243
1653513037.170782804,-799.721557617,-304.931030273,-25.758384705,-0.927615498,-0.372155388,-0.032021749,0.002112590
1653513037.237358809,-799.721557617,-304.931030273,-25.758384705,-0.927615498,-0.372155388,-0.032021749,0.002112590
1653513037.304090738,-799.351623535,-304.495086670,-25.828880310,-0.927701620,-0.371968012,-0.031649620,0.002793337
1653513037.370673418,-799.351623535,-304.495086670,-25.828880310,-0.927701620,-0.371968012,-0.031649620,0.002793337
1653513037.437768936,-799.012023926,-304.118804932,-25.889238358,-0.928094426,-0.371002606,-0.031366541,0.003734099
1653513037.504155636,-799.012023926,-304.118804932,-25.889238358,-0.928094426,-0.371002606,-0.031366541,0.003734099
1653513037.570987701,-798.688354492,-303.772918701,-25.946228027,-0.928283284,-0.370543722,-0.031096276,0.004529601
1653513037.637594461,-798.688354492,-303.772918701,-25.946228027,-0.928283284,-0.370543722,-0.031096276,0.004529601
1653513037.707228661,-798.331115723,-303.374816895,-26.011821747,-0.928656654,-0.369663543,-0.030287760,0.005323137
1653513037.770928860,-798.331115723,-303.374816895,-26.011821747,-0.928656654,-0.369663543,-0.030287760,0.005323137
1653513037.838699102,-798.010681152,-303.050476074,-26.062269211,-0.929092129,-0.368577011,-0.029928076,0.006566097
1653513037.904302835,-798.010681152,-303.050476074,-26.062269211,-0.929092129,-0.368577011,-0.029928076,0.006566097
1653513037.971411943,-797.628601074,-302.623596191,-26.126647949,-0.929403012,-0.367797049,-0.029561732,0.007840733
1653513038.037538767,-797.628601074,-302.623596191,-26.126647949,-0.929403012,-0.367797049,-0.029561732,0.007840733
1653513038.104612589,-797.318420410,-302.324584961,-26.174354553,-0.929770516,-0.366925562,-0.028719524,0.008222428
1653513038.174380779,-797.318420410,-302.324584961,-26.174354553,-0.929770516,-0.366925562,-0.028719524,0.008222428
1653513038.239243984,-796.934875488,-301.926666260,-26.235311508,-0.930255514,-0.365658246,-0.029149740,0.008307759
1653513038.304822922,-796.934875488,-301.926666260,-26.235311508,-0.930255514,-0.365658246,-0.029149740,0.008307759
1653513038.371381044,-796.548461914,-301.542510986,-26.292232513,-0.930498502,-0.365176090,-0.027605285,0.007543745
1653513038.438254833,-796.548461914,-301.542510986,-26.292232513,-0.930498502,-0.365176090,-0.027605285,0.007543745
1653513038.504066706,-796.206481934,-301.230804443,-26.333248138,-0.930724552,-0.364526775,-0.028906185,0.006039118
1653513038.570688009,-796.206481934,-301.230804443,-26.333248138,-0.930724552,-0.364526775,-0.028906185,0.006039118
1653513038.638719797,-795.824279785,-300.859954834,-26.378257751,-0.931034444,-0.363755851,-0.029040551,0.003631942
1653513038.709089994,-795.824279785,-300.859954834,-26.378257751,-0.931034444,-0.363755851,-0.029040551,0.003631942
1653513038.770915031,-795.434143066,-300.477081299,-26.420999527,-0.930832013,-0.364199275,-0.030121660,0.001826758
1653513038.840279102,-795.434143066,-300.477081299,-26.420999527,-0.930832013,-0.364199275,-0.030121660,0.001826758
1653513038.904632330,-795.060852051,-300.113250732,-26.457876205,-0.930807102,-0.364129151,-0.031749830,-0.000219270
1653513038.971619606,-795.060852051,-300.113250732,-26.457876205,-0.930807102,-0.364129151,-0.031749830,-0.000219270
1653513039.041402340,-794.705566406,-299.775238037,-26.490798950,-0.930551228,-0.364580720,-0.033918824,-0.002196331
1653513039.105966091,-794.705566406,-299.775238037,-26.490798950,-0.930551228,-0.364580720,-0.033918824,-0.002196331
1653513039.170670271,-794.295532227,-299.357238770,-26.528394699,-0.930354061,-0.364822925,-0.036483381,-0.003810067
1653513039.237549543,-794.295532227,-299.357238770,-26.528394699,-0.930354061,-0.364822925,-0.036483381,-0.003810067
1653513039.304416418,-793.958740234,-299.038024902,-26.553262711,-0.930287342,-0.364789836,-0.038365028,-0.004686304
1653513039.370683193,-793.958740234,-299.038024902,-26.553262711,-0.930287342,-0.364789836,-0.038365028,-0.004686304
1653513039.437290430,-793.600646973,-298.691864014,-26.580644608,-0.930418248,-0.364223895,-0.040420644,-0.005386136
1653513039.504260540,-793.600646973,-298.691864014,-26.580644608,-0.930418248,-0.364223895,-0.040420644,-0.005386136
1653513039.571626663,-793.203552246,-298.287963867,-26.615865707,-0.930700314,-0.363414024,-0.041226060,-0.005252086
1653513039.637380600,-793.203552246,-298.287963867,-26.615865707,-0.930700314,-0.363414024,-0.041226060,-0.005252086
1653513039.704076767,-792.819030762,-297.904022217,-26.654029846,-0.930795144,-0.363188748,-0.041087762,-0.005111686
1653513039.772351980,-792.819030762,-297.904022217,-26.654029846,-0.930795144,-0.363188748,-0.041087762,-0.005111686
1653513039.838467121,-792.446289062,-297.532928467,-26.686307907,-0.931043247,-0.362528882,-0.041345562,-0.004671946
1653513039.904320240,-792.446289062,-297.532928467,-26.686307907,-0.931043247,-0.362528882,-0.041345562,-0.004671946
1653513039.970989227,-792.082763672,-297.171112061,-26.721132278,-0.931418496,-0.361537076,-0.041434319,-0.005807403
1653513040.038958788,-792.082763672,-297.171112061,-26.721132278,-0.931418496,-0.361537076,-0.041434319,-0.005807403
1653513040.107147217,-791.716918945,-296.793792725,-26.761987686,-0.931741431,-0.360547698,-0.042562482,-0.007190139
1653513040.170674801,-791.716918945,-296.793792725,-26.761987686,-0.931741431,-0.360547698,-0.042562482,-0.007190139
1653513040.239700794,-791.352294922,-296.413848877,-26.806118011,-0.932201829,-0.359280626,-0.042883341,-0.008843066
1653513040.304272890,-791.352294922,-296.413848877,-26.806118011,-0.932201829,-0.359280626,-0.042883341,-0.008843066
1653513040.371014118,-791.003112793,-296.043304443,-26.854768753,-0.932575750,-0.358188594,-0.043542619,-0.010365399
1653513040.438461065,-791.003112793,-296.043304443,-26.854768753,-0.932575750,-0.358188594,-0.043542619,-0.010365399
1653513040.505712986,-790.688781738,-295.715881348,-26.902015686,-0.932805265,-0.357481221,-0.044114613,-0.011636801
1653513040.571369171,-790.688781738,-295.715881348,-26.902015686,-0.932805265,-0.357481221,-0.044114613,-0.011636801
1653513040.637545109,-790.333007812,-295.327392578,-26.950378418,-0.933126872,-0.356600495,-0.044234335,-0.012395653
1653513040.705547571,-790.333007812,-295.327392578,-26.950378418,-0.933126872,-0.356600495,-0.044234335,-0.012395653
1653513040.770762444,-790.004638672,-294.960113525,-26.991132736,-0.933376698,-0.356005680,-0.043789444,-0.012262966
1653513040.837306738,-790.004638672,-294.960113525,-26.991132736,-0.933376698,-0.356005680,-0.043789444,-0.012262966
1653513040.904011726,-789.702819824,-294.621917725,-27.030149460,-0.933331677,-0.356313142,-0.042558659,-0.011031146
1653513040.971217155,-789.702819824,-294.621917725,-27.030149460,-0.933331677,-0.356313142,-0.042558659,-0.011031146
1653513041.040373564,-789.368713379,-294.219512939,-27.078887939,-0.933356251,-0.356387327,-0.041604922,-0.010159362
1653513041.104140282,-789.368713379,-294.219512939,-27.078887939,-0.933356251,-0.356387327,-0.041604922,-0.010159362
1653513041.170707703,-789.028564453,-293.790405273,-27.132326126,-0.933425989,-0.356320570,-0.041060490,-0.008099991
1653513041.243782759,-789.028564453,-293.790405273,-27.132326126,-0.933425989,-0.356320570,-0.041060490,-0.008099991
1653513041.304485083,-788.742492676,-293.423370361,-27.183322906,-0.933225880,-0.356868569,-0.041157242,-0.006353239
1653513041.370628834,-788.742492676,-293.423370361,-27.183322906,-0.933225880,-0.356868569,-0.041157242,-0.006353239
1653513041.438743114,-788.461181641,-293.062805176,-27.236280441,-0.933214363,-0.356992542,-0.040574286,-0.004583189
1653513041.504065037,-788.461181641,-293.062805176,-27.236280441,-0.933214363,-0.356992542,-0.040574286,-0.004583189
1653513041.571547031,-788.176696777,-292.703430176,-27.284296036,-0.933209647,-0.357202854,-0.039006371,-0.002092411
1653513041.641692877,-788.176696777,-292.703430176,-27.284296036,-0.933209647,-0.357202854,-0.039006371,-0.002092411
1653513041.704160929,-787.890808105,-292.344879150,-27.338830948,-0.933041844,-0.357904752,-0.036565489,-0.000265337
1653513041.772267342,-787.890808105,-292.344879150,-27.338830948,-0.933041844,-0.357904752,-0.036565489,-0.000265337
1653513041.838573694,-787.588012695,-291.958587646,-27.398080826,-0.932955599,-0.358334115,-0.034457586,0.001785428
1653513041.904288292,-787.588012695,-291.958587646,-27.398080826,-0.932955599,-0.358334115,-0.034457586,0.001785428
1653513041.970892668,-787.303955078,-291.605194092,-27.451925278,-0.932853638,-0.358691186,-0.033272751,0.004200874
1653513042.038272619,-787.303955078,-291.605194092,-27.451925278,-0.932853638,-0.358691186,-0.033272751,0.004200874
1653513042.104453802,-787.026000977,-291.260955811,-27.504875183,-0.932625911,-0.359358319,-0.032133658,0.006159212
1653513042.170785904,-787.026000977,-291.260955811,-27.504875183,-0.932625911,-0.359358319,-0.032133658,0.006159212
1653513042.240145206,-786.711914062,-290.864471436,-27.560453415,-0.932426638,-0.359833065,-0.032395300,0.007160574
1653513042.305015802,-786.711914062,-290.864471436,-27.560453415,-0.932426638,-0.359833065,-0.032395300,0.007160574
1653513042.370962620,-786.431518555,-290.540496826,-27.610069275,-0.932271998,-0.360220992,-0.032507430,0.007281918
1653513042.437689781,-786.431518555,-290.540496826,-27.610069275,-0.932271998,-0.360220992,-0.032507430,0.007281918
1653513042.504285812,-786.156311035,-290.242340088,-27.659515381,-0.932152730,-0.360652142,-0.031306504,0.006420515
1653513042.570594311,-786.156311035,-290.242340088,-27.659515381,-0.932152730,-0.360652142,-0.031306504,0.006420515
1653513042.637839794,-785.862182617,-289.919982910,-27.714948654,-0.931948859,-0.361151285,-0.031878759,0.004981707
1653513042.704041004,-785.862182617,-289.919982910,-27.714948654,-0.931948859,-0.361151285,-0.031878759,0.004981707
1653513042.770701170,-785.544677734,-289.559997559,-27.774982452,-0.931974864,-0.361069044,-0.032325975,0.002651330
1653513042.837599754,-785.544677734,-289.559997559,-27.774982452,-0.931974864,-0.361069044,-0.032325975,0.002651330
1653513042.905320406,-785.223022461,-289.182373047,-27.834880829,-0.931824932,-0.361388716,-0.033163879,0.000805766
1653513042.970613956,-785.223022461,-289.182373047,-27.834880829,-0.931824932,-0.361388716,-0.033163879,0.000805766
1653513043.038061142,-784.912719727,-288.819885254,-27.893075943,-0.931767664,-0.361481318,-0.033765142,0.000438457
1653513043.104036093,-784.912719727,-288.819885254,-27.893075943,-0.931767664,-0.361481318,-0.033765142,0.000438457
1653513043.170679092,-784.618835449,-288.479370117,-27.943904877,-0.931848052,-0.361158610,-0.034943845,0.001610857
1653513043.237371922,-784.618835449,-288.479370117,-27.943904877,-0.931848052,-0.361158610,-0.034943845,0.001610857
1653513043.304123402,-784.328125000,-288.146881104,-27.990423203,-0.931969278,-0.360800591,-0.035356771,0.002469339
1653513043.370728731,-784.328125000,-288.146881104,-27.990423203,-0.931969278,-0.360800591,-0.035356771,0.002469339
1653513043.439017773,-784.032287598,-287.818054199,-28.036491394,-0.932482426,-0.359453978,-0.035452064,0.003537475
1653513043.504089594,-784.032287598,-287.818054199,-28.036491394,-0.932482426,-0.359453978,-0.035452064,0.003537475
1653513043.571085930,-783.723937988,-287.472259521,-28.084690094,-0.932707686,-0.358813203,-0.035987430,0.003789818
1653513043.637508869,-783.723937988,-287.472259521,-28.084690094,-0.932707686,-0.358813203,-0.035987430,0.003789818
1653513043.704128742,-783.423583984,-287.147155762,-28.127408981,-0.933076573,-0.357802903,-0.036524673,0.003337553
1653513043.770730257,-783.423583984,-287.147155762,-28.127408981,-0.933076573,-0.357802903,-0.036524673,0.003337553
1653513043.837500572,-783.072204590,-286.753967285,-28.182806015,-0.933766326,-0.356018760,-0.036291030,0.003748718
1653513043.905515432,-783.072204590,-286.753967285,-28.182806015,-0.933766326,-0.356018760,-0.036291030,0.003748718
1653513043.970624685,-782.777893066,-286.456573486,-28.220146179,-0.934452812,-0.354187183,-0.036510586,0.004044534
1653513044.038458586,-782.777893066,-286.456573486,-28.220146179,-0.934452812,-0.354187183,-0.036510586,0.004044534
1653513044.104381084,-782.471557617,-286.142883301,-28.258697510,-0.935062187,-0.352507865,-0.037036003,0.005024623
1653513044.172928810,-782.471557617,-286.142883301,-28.258697510,-0.935062187,-0.352507865,-0.037036003,0.005024623
1653513044.238558054,-782.192077637,-285.864685059,-28.290206909,-0.935505800,-0.351307508,-0.037195008,0.005335190
1653513044.304877758,-782.192077637,-285.864685059,-28.290206909,-0.935505800,-0.351307508,-0.037195008,0.005335190
1653513044.370683908,-781.883483887,-285.533599854,-28.323925018,-0.935662449,-0.350823940,-0.037648037,0.006400748
1653513044.438218117,-781.883483887,-285.533599854,-28.323925018,-0.935662449,-0.350823940,-0.037648037,0.006400748
1653513044.504369497,-781.590332031,-285.218811035,-28.351772308,-0.935400850,-0.351358565,-0.039000362,0.007167966
1653513044.570776224,-781.590332031,-285.218811035,-28.351772308,-0.935400850,-0.351358565,-0.039000362,0.007167966
1653513044.638059139,-781.292846680,-284.893310547,-28.384361267,-0.935053708,-0.352264614,-0.039146867,0.007192248
1653513044.705649137,-781.292846680,-284.893310547,-28.384361267,-0.935053708,-0.352264614,-0.039146867,0.007192248
1653513044.770635843,-780.995361328,-284.574493408,-28.416900635,-0.934642175,-0.353262506,-0.040055062,0.006723052
1653513044.838308334,-780.995361328,-284.574493408,-28.416900635,-0.934642175,-0.353262506,-0.040055062,0.006723052
1653513044.903862000,-780.718627930,-284.288452148,-28.443315506,-0.934301473,-0.354234835,-0.039545233,0.005883314
1653513044.970575809,-780.718627930,-284.288452148,-28.443315506,-0.934301473,-0.354234835,-0.039545233,0.005883314
1653513045.039816618,-780.429077148,-283.984344482,-28.472103119,-0.933875968,-0.355486180,-0.038429100,0.005334497
1653513045.104101419,-780.429077148,-283.984344482,-28.472103119,-0.933875968,-0.355486180,-0.038429100,0.005334497
1653513045.172189474,-780.136718750,-283.685272217,-28.495491028,-0.933555202,-0.356469935,-0.037051697,0.005571452
1653513045.237517595,-780.136718750,-283.685272217,-28.495491028,-0.933555202,-0.356469935,-0.037051697,0.005571452
1653513045.303911448,-779.841369629,-283.381561279,-28.515556335,-0.933314381,-0.357215761,-0.035995349,0.005049770
1653513045.370588064,-779.841369629,-283.381561279,-28.515556335,-0.933314381,-0.357215761,-0.035995349,0.005049770
1653513045.437192202,-779.541870117,-283.066345215,-28.529716492,-0.932869732,-0.358337611,-0.036325902,0.005352359
1653513045.503953695,-779.541870117,-283.066345215,-28.529716492,-0.932869732,-0.358337611,-0.036325902,0.005352359
1653513045.570636272,-779.268005371,-282.793243408,-28.532279968,-0.932423855,-0.359445969,-0.036702582,0.006104989
1653513045.637581348,-779.268005371,-282.793243408,-28.532279968,-0.932423855,-0.359445969,-0.036702582,0.006104989
1653513045.703980923,-778.969787598,-282.481994629,-28.532390594,-0.931723129,-0.361157541,-0.037493709,0.007173796
1653513045.770668983,-778.969787598,-282.481994629,-28.532390594,-0.931723129,-0.361157541,-0.037493709,0.007173796
1653513045.837520123,-778.691894531,-282.201049805,-28.528507233,-0.931042595,-0.362658166,-0.039470940,0.008988092
1653513045.905252934,-778.691894531,-282.201049805,-28.528507233,-0.931042595,-0.362658166,-0.039470940,0.008988092
1653513045.972783566,-778.405944824,-281.902648926,-28.534051895,-0.930230242,-0.364746444,-0.039292368,0.009372180
1653513046.038334846,-778.405944824,-281.902648926,-28.534051895,-0.930230242,-0.364746444,-0.039292368,0.009372180
1653513046.104295969,-778.100341797,-281.583068848,-28.547693253,-0.928950519,-0.368023742,-0.038831583,0.010078030
1653513046.171170473,-778.100341797,-281.583068848,-28.547693253,-0.928950519,-0.368023742,-0.038831583,0.010078030
1653513046.240256071,-777.825805664,-281.304779053,-28.570272446,-0.927872736,-0.370835639,-0.037988641,0.009485687
1653513046.303876162,-777.825805664,-281.304779053,-28.570272446,-0.927872736,-0.370835639,-0.037988641,0.009485687
1653513046.370544672,-777.545410156,-281.024108887,-28.598695755,-0.926398930,-0.374621092,-0.037001006,0.008659404
1653513046.438511372,-777.545410156,-281.024108887,-28.598695755,-0.926398930,-0.374621092,-0.037001006,0.008659404
1653513046.504014492,-777.237548828,-280.701232910,-28.626703262,-0.924771415,-0.378723378,-0.036224513,0.007363327
1653513046.571983576,-777.237548828,-280.701232910,-28.626703262,-0.924771415,-0.378723378,-0.036224513,0.007363327
1653513046.639890432,-776.960693359,-280.434997559,-28.652297974,-0.923291376,-0.382393982,-0.035750590,0.005456342
1653513046.704055071,-776.960693359,-280.434997559,-28.652297974,-0.923291376,-0.382393982,-0.035750590,0.005456342
1653513046.771110535,-776.688720703,-280.182525635,-28.674074173,-0.922187559,-0.385048953,-0.036035113,0.002980138
1653513046.838480949,-776.688720703,-280.182525635,-28.674074173,-0.922187559,-0.385048953,-0.036035113,0.002980138
1653513046.904752016,-776.382446289,-279.886993408,-28.697643280,-0.921091957,-0.387671821,-0.036050807,0.000711156
1653513046.970665455,-776.382446289,-279.886993408,-28.697643280,-0.921091957,-0.387671821,-0.036050807,0.000711156
1653513047.037321091,-776.088134766,-279.615570068,-28.716205597,-0.920474367,-0.389099694,-0.036390324,-0.002027940
1653513047.105189323,-776.088134766,-279.615570068,-28.716205597,-0.920474367,-0.389099694,-0.036390324,-0.002027940
1653513047.170640230,-775.779418945,-279.323913574,-28.734937668,-0.920052095,-0.390113019,-0.035997885,-0.004486199
1653513047.237719297,-775.779418945,-279.323913574,-28.734937668,-0.920052095,-0.390113019,-0.035997885,-0.004486199
1653513047.304219246,-775.509338379,-279.093963623,-28.751413345,-0.919483066,-0.391398996,-0.036151964,-0.007124047
1653513047.371232748,-775.509338379,-279.093963623,-28.751413345,-0.919483066,-0.391398996,-0.036151964,-0.007124047
1653513047.437241793,-775.179504395,-278.790557861,-28.768007278,-0.919462801,-0.391369284,-0.036584426,-0.008934231
1653513047.503943682,-775.179504395,-278.790557861,-28.768007278,-0.919462801,-0.391369284,-0.036584426,-0.008934231
1653513047.570910692,-774.904479980,-278.565399170,-28.776226044,-0.919716052,-0.390567717,-0.038075287,-0.011380452
1653513047.638723373,-774.904479980,-278.565399170,-28.776226044,-0.919716052,-0.390567717,-0.038075287,-0.011380452
1653513047.704204559,-774.592712402,-278.281097412,-28.790241241,-0.919826995,-0.390105014,-0.039272543,-0.013930010
1653513047.770745516,-774.592712402,-278.281097412,-28.790241241,-0.919826995,-0.390105014,-0.039272543,-0.013930010
1653513047.838227272,-774.292419434,-277.997497559,-28.806331635,-0.919932654,-0.389608111,-0.040674292,-0.016584145
1653513047.903990269,-774.292419434,-277.997497559,-28.806331635,-0.919932654,-0.389608111,-0.040674292,-0.016584145
1653513047.971246719,-773.995666504,-277.704071045,-28.823196411,-0.919630367,-0.390064515,-0.042264992,-0.018529246
1653513048.037752628,-773.995666504,-277.704071045,-28.823196411,-0.919630367,-0.390064515,-0.042264992,-0.018529246
1653513048.104371071,-773.712097168,-277.407775879,-28.839982986,-0.919311920,-0.390615693,-0.043550569,-0.019705882
1653513048.170493603,-773.712097168,-277.407775879,-28.839982986,-0.919311920,-0.390615693,-0.043550569,-0.019705882
1653513048.237204790,-773.432373047,-277.104095459,-28.857763290,-0.919526478,-0.390122423,-0.043716864,-0.019088924
1653513048.303976297,-773.432373047,-277.104095459,-28.857763290,-0.919526478,-0.390122423,-0.043716864,-0.019088924
1653513048.371394634,-773.170776367,-276.803955078,-28.876199722,-0.919321461,-0.390788995,-0.042669370,-0.017644761
1653513048.437360525,-773.170776367,-276.803955078,-28.876199722,-0.919321461,-0.390788995,-0.042669370,-0.017644761
1653513048.504168034,-772.919799805,-276.509094238,-28.895414352,-0.919262008,-0.391194321,-0.041072172,-0.015409087
1653513048.570764542,-772.919799805,-276.509094238,-28.895414352,-0.919262008,-0.391194321,-0.041072172,-0.015409087
1653513048.637372732,-772.651611328,-276.179016113,-28.917415619,-0.919134919,-0.391654791,-0.040373631,-0.012942001
1653513048.704090357,-772.651611328,-276.179016113,-28.917415619,-0.919134919,-0.391654791,-0.040373631,-0.012942001
1653513048.773060799,-772.375732422,-275.829467773,-28.938411713,-0.918723348,-0.392650605,-0.040666580,-0.010915152
1653513048.840609312,-772.375732422,-275.829467773,-28.938411713,-0.918723348,-0.392650605,-0.040666580,-0.010915152
1653513048.904157400,-772.110290527,-275.494873047,-28.951459885,-0.918129317,-0.393953052,-0.041771203,-0.009732221
1653513048.971263647,-772.110290527,-275.494873047,-28.951459885,-0.918129317,-0.393953052,-0.041771203,-0.009732221
1653513049.044143677,-771.887451172,-275.204071045,-28.964990616,-0.917241387,-0.395906534,-0.042776536,-0.009819482
1653513049.104543924,-771.887451172,-275.204071045,-28.964990616,-0.917241387,-0.395906534,-0.042776536,-0.009819482
1653513049.173919439,-771.639465332,-274.872924805,-28.977905273,-0.916187760,-0.398256301,-0.043708611,-0.009025816
1653513049.238291502,-771.639465332,-274.872924805,-28.977905273,-0.916187760,-0.398256301,-0.043708611,-0.009025816
1653513049.304045677,-771.398559570,-274.540405273,-28.995037079,-0.915044415,-0.400792922,-0.044517833,-0.008770073
1653513049.370781660,-771.398559570,-274.540405273,-28.995037079,-0.915044415,-0.400792922,-0.044517833,-0.008770073
1653513049.437980175,-771.178588867,-274.228607178,-29.017503738,-0.913795813,-0.403565638,-0.045083295,-0.008915369
1653513049.504135609,-771.178588867,-274.228607178,-29.017503738,-0.913795813,-0.403565638,-0.045083295,-0.008915369
1653513049.570524693,-770.935363770,-273.873992920,-29.043373108,-0.913040895,-0.405366311,-0.044700266,-0.006030281
1653513049.637212992,-770.935363770,-273.873992920,-29.043373108,-0.913040895,-0.405366311,-0.044700266,-0.006030281
1653513049.703862906,-770.723999023,-273.565063477,-29.071214676,-0.912200575,-0.407409700,-0.043580316,-0.002864146
1653513049.771340609,-770.723999023,-273.565063477,-29.071214676,-0.912200575,-0.407409700,-0.043580316,-0.002864146
1653513049.838913202,-770.492431641,-273.221099854,-29.097200394,-0.911895577,-0.408036800,-0.044176638,0.000922134
1653513049.904162169,-770.492431641,-273.221099854,-29.097200394,-0.911895577,-0.408036800,-0.044176638,0.000922134
1653513049.971349001,-770.272277832,-272.912628174,-29.119503021,-0.911255206,-0.409273069,-0.045822476,0.003131126
1653513050.039042473,-770.272277832,-272.912628174,-29.119503021,-0.911255206,-0.409273069,-0.045822476,0.003131126
1653513050.104061604,-770.052734375,-272.598266602,-29.143032074,-0.910648700,-0.410387693,-0.047839444,0.003503555
1653513050.171638489,-770.052734375,-272.598266602,-29.143032074,-0.910648700,-0.410387693,-0.047839444,0.003503555
1653513050.237203121,-769.810668945,-272.237640381,-29.166479111,-0.909573094,-0.412277020,-0.051939064,0.002603656
1653513050.304023504,-769.810668945,-272.237640381,-29.166479111,-0.909573094,-0.412277020,-0.051939064,0.002603656
1653513050.371095419,-769.615661621,-271.971557617,-29.184854507,-0.908966482,-0.413244605,-0.054734748,0.003596872
1653513050.437093973,-769.615661621,-271.971557617,-29.184854507,-0.908966482,-0.413244605,-0.054734748,0.003596872
1653513050.506978989,-769.384277344,-271.615051270,-29.206375122,-0.908551386,-0.413896110,-0.056455168,0.006099528
1653513050.570748568,-769.384277344,-271.615051270,-29.206375122,-0.908551386,-0.413896110,-0.056455168,0.006099528
1653513050.637881517,-769.166137695,-271.288757324,-29.226924896,-0.908496476,-0.413956333,-0.056479535,0.009185285
1653513050.703970432,-769.166137695,-271.288757324,-29.226924896,-0.908496476,-0.413956333,-0.056479535,0.009185285
1653513050.770753860,-768.988647461,-271.041229248,-29.246641159,-0.908129146,-0.414541389,-0.057267203,0.013317574
1653513050.838701725,-768.988647461,-271.041229248,-29.246641159,-0.908129146,-0.414541389,-0.057267203,0.013317574
1653513050.904383421,-768.766052246,-270.705810547,-29.279102325,-0.908141392,-0.414352544,-0.058013902,0.015018956
1653513050.970686674,-768.766052246,-270.705810547,-29.279102325,-0.908141392,-0.414352544,-0.058013902,0.015018956
1653513051.037114143,-768.581298828,-270.456207275,-29.308969498,-0.907646647,-0.415159102,-0.060188512,0.014065146
1653513051.105987072,-768.581298828,-270.456207275,-29.308969498,-0.907646647,-0.415159102,-0.060188512,0.014065146
1653513051.171524048,-768.387695312,-270.176940918,-29.345260620,-0.907224377,-0.416090021,-0.059992676,0.014625427
1653513051.237331867,-768.387695312,-270.176940918,-29.345260620,-0.907224377,-0.416090021,-0.059992676,0.014625427
1653513051.304032803,-768.183776855,-269.867797852,-29.385728836,-0.907062547,-0.416506029,-0.058966064,0.016830539
1653513051.372022390,-768.183776855,-269.867797852,-29.385728836,-0.907062547,-0.416506029,-0.058966064,0.016830539
1653513051.437183380,-768.022216797,-269.642089844,-29.419290543,-0.906973225,-0.416859291,-0.057130522,0.019078923
1653513051.503874063,-768.022216797,-269.642089844,-29.419290543,-0.906973225,-0.416859291,-0.057130522,0.019078923
1653513051.571350336,-767.834350586,-269.355255127,-29.452518463,-0.906573817,-0.417841904,-0.056179765,0.019387895
1653513051.637122154,-767.834350586,-269.355255127,-29.452518463,-0.906573817,-0.417841904,-0.056179765,0.019387895
1653513051.703862429,-767.651428223,-269.090667725,-29.474788666,-0.905774894,-0.419456662,-0.057140253,0.019051036
1653513051.770485878,-767.651428223,-269.090667725,-29.474788666,-0.905774894,-0.419456662,-0.057140253,0.019051036
1653513051.840168476,-767.485046387,-268.868133545,-29.485090256,-0.905322177,-0.420326642,-0.058289791,0.017876532
1653513051.904314041,-767.485046387,-268.868133545,-29.485090256,-0.905322177,-0.420326642,-0.058289791,0.017876532
1653513051.970630646,-767.307250977,-268.617126465,-29.489006042,-0.904722921,-0.421340849,-0.060321773,0.017595677
1653513052.037327051,-767.307250977,-268.617126465,-29.489006042,-0.904722921,-0.421340849,-0.060321773,0.017595677
1653513052.104137421,-767.146179199,-268.393066406,-29.485467911,-0.904328481,-0.421810813,-0.062454981,0.019105285
1653513052.173723221,-767.146179199,-268.393066406,-29.485467911,-0.904328481,-0.421810813,-0.062454981,0.019105285
1653513052.240038872,-766.988891602,-268.171722412,-29.475742340,-0.903992490,-0.422237345,-0.063870476,0.020827021
1653513052.305049419,-766.988891602,-268.171722412,-29.475742340,-0.903992490,-0.422237345,-0.063870476,0.020827021
1653513052.370600939,-766.839904785,-267.970367432,-29.464942932,-0.903673466,-0.422746776,-0.064582266,0.022103421
1653513052.437801361,-766.839904785,-267.970367432,-29.464942932,-0.903673466,-0.422746776,-0.064582266,0.022103421
1653513052.504132271,-766.692260742,-267.765533447,-29.461343765,-0.903183579,-0.423853904,-0.064065315,0.022426011
1653513052.571412802,-766.692260742,-267.765533447,-29.461343765,-0.903183579,-0.423853904,-0.064065315,0.022426011
1653513052.637410164,-766.557067871,-267.584991455,-29.459280014,-0.902295279,-0.425908291,-0.062730289,0.023027545
1653513052.705277681,-766.557067871,-267.584991455,-29.459280014,-0.902295279,-0.425908291,-0.062730289,0.023027545
1653513052.770936728,-766.430603027,-267.412902832,-29.452270508,-0.901261951,-0.428246659,-0.061217511,0.024168379
1653513052.840544462,-766.430603027,-267.412902832,-29.452270508,-0.901261951,-0.428246659,-0.061217511,0.024168379
1653513052.905113459,-766.311523438,-267.236846924,-29.438074112,-0.899527168,-0.431761253,-0.061526039,0.025448787
1653513052.970549583,-766.311523438,-267.236846924,-29.438074112,-0.899527168,-0.431761253,-0.061526039,0.025448787
1653513053.037226439,-766.198242188,-267.055969238,-29.424013138,-0.897268477,-0.436349423,-0.061710246,0.026463317
1653513053.103840590,-766.198242188,-267.055969238,-29.424013138,-0.897268477,-0.436349423,-0.061710246,0.026463317
1653513053.170473814,-766.096496582,-266.893249512,-29.414041519,-0.894382576,-0.442077835,-0.062154843,0.027995908
1653513053.237140656,-766.096496582,-266.893249512,-29.414041519,-0.894382576,-0.442077835,-0.062154843,0.027995908
1653513053.304030657,-766.008850098,-266.768188477,-29.405927658,-0.891818747,-0.447092644,-0.062535523,0.029271127
1653513053.371036291,-766.008850098,-266.768188477,-29.405927658,-0.891818747,-0.447092644,-0.062535523,0.029271127
1653513053.439897537,-765.909484863,-266.643310547,-29.397527695,-0.889755026,-0.451085754,-0.063195066,0.029394228
1653513053.504340649,-765.909484863,-266.643310547,-29.397527695,-0.889755026,-0.451085754,-0.063195066,0.029394228
1653513053.571727991,-765.816406250,-266.544738770,-29.390871048,-0.887569235,-0.455328875,-0.063552602,0.029283706
1653513053.637306213,-765.816406250,-266.544738770,-29.390871048,-0.887569235,-0.455328875,-0.063552602,0.029283706
1653513053.709151268,-765.708435059,-266.424591064,-29.385164261,-0.885438281,-0.459422359,-0.063962684,0.028964142
1653513053.770545244,-765.708435059,-266.424591064,-29.385164261,-0.885438281,-0.459422359,-0.063962684,0.028964142
1653513053.840268373,-765.611206055,-266.347167969,-29.385076523,-0.883425517,-0.463288894,-0.064567699,0.027454832
1653513053.904350996,-765.611206055,-266.347167969,-29.385076523,-0.883425517,-0.463288894,-0.064567699,0.027454832
1653513053.970661402,-765.514770508,-266.276153564,-29.393196106,-0.881384067,-0.467324462,-0.064399614,0.024953216
1653513054.039736032,-765.514770508,-266.276153564,-29.393196106,-0.881384067,-0.467324462,-0.064399614,0.024953216
1653513054.104023695,-765.421264648,-266.222961426,-29.402605057,-0.879320495,-0.471401330,-0.063768797,0.022578590
1653513054.172071934,-765.421264648,-266.222961426,-29.402605057,-0.879320495,-0.471401330,-0.063768797,0.022578590
1653513054.237377405,-765.324890137,-266.163208008,-29.410184860,-0.877242674,-0.475347275,-0.063900708,0.020173220
1653513054.304047346,-765.324890137,-266.163208008,-29.410184860,-0.877242674,-0.475347275,-0.063900708,0.020173220
1653513054.371576309,-765.251037598,-266.125305176,-29.416261673,-0.875430328,-0.478891392,-0.062340422,0.019961135
1653513054.437215090,-765.251037598,-266.125305176,-29.416261673,-0.875430328,-0.478891392,-0.062340422,0.019961135
1653513054.504281044,-765.186828613,-266.101470947,-29.420272827,-0.873334789,-0.482970936,-0.059651522,0.021612884
1653513054.571475983,-765.186828613,-266.101470947,-29.420272827,-0.873334789,-0.482970936,-0.059651522,0.021612884
1653513054.637192011,-765.130065918,-266.068176270,-29.426342010,-0.871262331,-0.486982088,-0.056882822,0.022687916
1653513054.704050064,-765.130065918,-266.068176270,-29.426342010,-0.871262331,-0.486982088,-0.056882822,0.022687916
1653513054.775164366,-765.081237793,-266.040374756,-29.434379578,-0.868331365,-0.492444005,-0.054894198,0.022049252
1653513054.837128878,-765.081237793,-266.040374756,-29.434379578,-0.868331365,-0.492444005,-0.054894198,0.022049252
1653513054.903963089,-765.049133301,-266.034149170,-29.448627472,-0.863587799,-0.500908614,-0.053757880,0.020414801
1653513054.970471621,-765.049133301,-266.034149170,-29.448627472,-0.863587799,-0.500908614,-0.053757880,0.020414801
1653513055.037120581,-765.030029297,-266.016998291,-29.464559555,-0.858935718,-0.509168687,-0.051264580,0.018671449
1653513055.104435682,-765.030029297,-266.016998291,-29.464559555,-0.858935718,-0.509168687,-0.051264580,0.018671449
1653513055.171173096,-765.025756836,-266.000274658,-29.480157852,-0.853349580,-0.518697628,-0.049280298,0.017852636
1653513055.237441778,-765.025756836,-266.000274658,-29.480157852,-0.853349580,-0.518697628,-0.049280298,0.017852636
1653513055.304168940,-765.017700195,-265.993804932,-29.499441147,-0.847415035,-0.528651598,-0.045564104,0.018416235
1653513055.373052359,-765.017700195,-265.993804932,-29.499441147,-0.847415035,-0.528651598,-0.045564104,0.018416235
1653513055.437292576,-765.007080078,-265.998168945,-29.515985489,-0.842103951,-0.537205454,-0.043170206,0.020188343
1653513055.503997326,-765.007080078,-265.998168945,-29.515985489,-0.842103951,-0.537205454,-0.043170206,0.020188343
1653513055.571659327,-765.002258301,-266.020324707,-29.532728195,-0.836538366,-0.545963342,-0.041210879,0.020718459
1653513055.637089968,-765.002258301,-266.020324707,-29.532728195,-0.836538366,-0.545963342,-0.041210879,0.020718459
1653513055.704141855,-764.988403320,-266.036102295,-29.544017792,-0.831040486,-0.554542948,-0.038701004,0.018869618
1653513055.770490170,-764.988403320,-266.036102295,-29.544017792,-0.831040486,-0.554542948,-0.038701004,0.018869618
1653513055.837164164,-764.966979980,-266.052978516,-29.557962418,-0.825082744,-0.563575881,-0.036540398,0.016896480
1653513055.903871059,-764.966979980,-266.052978516,-29.557962418,-0.825082744,-0.563575881,-0.036540398,0.016896480
1653513055.971141815,-764.939880371,-266.088012695,-29.569923401,-0.819549806,-0.571785813,-0.034182560,0.015187252
1653513056.037690401,-764.939880371,-266.088012695,-29.569923401,-0.819549806,-0.571785813,-0.034182560,0.015187252
1653513056.103956699,-764.929382324,-266.121185303,-29.574117661,-0.812955338,-0.581316424,-0.032178019,0.011807103
1653513056.170480490,-764.929382324,-266.121185303,-29.574117661,-0.812955338,-0.581316424,-0.032178019,0.011807103
1653513056.237492800,-764.914306641,-266.160552979,-29.575590134,-0.806836251,-0.589827600,-0.031987738,0.009769899
1653513056.304970503,-764.914306641,-266.160552979,-29.575590134,-0.806836251,-0.589827600,-0.031987738,0.009769899
1653513056.372349024,-764.897583008,-266.202606201,-29.566776276,-0.800332061,-0.598692471,-0.031081995,0.008356238
1653513056.438117027,-764.897583008,-266.202606201,-29.566776276,-0.800332061,-0.598692471,-0.031081995,0.008356238
1653513056.504168034,-764.874023438,-266.249389648,-29.559413910,-0.794144295,-0.606930988,-0.030166647,0.007719337
1653513056.570669651,-764.874023438,-266.249389648,-29.559413910,-0.794144295,-0.606930988,-0.030166647,0.007719337
1653513056.637346745,-764.855163574,-266.296081543,-29.545276642,-0.787263561,-0.615898004,-0.029175809,0.005874201
1653513056.703909874,-764.855163574,-266.296081543,-29.545276642,-0.787263561,-0.615898004,-0.029175809,0.005874201
1653513056.770412207,-764.840209961,-266.343353271,-29.531440735,-0.780175620,-0.624931272,-0.027614666,0.004933304
1653513056.837861061,-764.840209961,-266.343353271,-29.531440735,-0.780175620,-0.624931272,-0.027614666,0.004933304
1653513056.903990269,-764.812622070,-266.394165039,-29.512611389,-0.772592598,-0.634415324,-0.024477124,0.004329414
1653513056.981634855,-764.812622070,-266.394165039,-29.512611389,-0.772592598,-0.634415324,-0.024477124,0.004329414
1653513057.038082361,-764.789855957,-266.451507568,-29.496751785,-0.765420959,-0.643102694,-0.022900706,0.005023740
1653513057.104161263,-764.789855957,-266.451507568,-29.496751785,-0.765420959,-0.643102694,-0.022900706,0.005023740
1653513057.171107531,-764.781982422,-266.509124756,-29.465686798,-0.756634655,-0.653472783,-0.021325815,0.004746557
1653513057.237058640,-764.781982422,-266.509124756,-29.465686798,-0.756634655,-0.653472783,-0.021325815,0.004746557
1653513057.304006577,-764.770324707,-266.560791016,-29.449398041,-0.747845951,-0.663563314,-0.019717060,0.004625958
1653513057.371752977,-764.770324707,-266.560791016,-29.449398041,-0.747845951,-0.663563314,-0.019717060,0.004625958
1653513057.437510014,-764.747558594,-266.627655029,-29.425792694,-0.738337934,-0.674124777,-0.019714700,0.004920344
1653513057.504120827,-764.747558594,-266.627655029,-29.425792694,-0.738337934,-0.674124777,-0.019714700,0.004920344
1653513057.573141098,-764.733581543,-266.681213379,-29.409170151,-0.728866370,-0.684391473,-0.018460258,0.004620053
1653513057.637654066,-764.733581543,-266.681213379,-29.409170151,-0.728866370,-0.684391473,-0.018460258,0.004620053
1653513057.703752279,-764.704101562,-266.742370605,-29.398113251,-0.718788989,-0.694996841,-0.017703349,0.002893402
1653513057.770480156,-764.704101562,-266.742370605,-29.398113251,-0.718788989,-0.694996841,-0.017703349,0.002893402
1653513057.838109970,-764.676086426,-266.783905029,-29.385816574,-0.709841380,-0.704126009,-0.018214770,0.000008261
1653513057.903745174,-764.676086426,-266.783905029,-29.385816574,-0.709841380,-0.704126009,-0.018214770,0.000008261
1653513057.970608473,-764.627990723,-266.851989746,-29.382793427,0.699853467,0.714045810,0.018372981,0.002477878
1653513058.040332317,-764.627990723,-266.851989746,-29.382793427,0.699853467,0.714045810,0.018372981,0.002477878
1653513058.103805065,-764.576843262,-266.901245117,-29.374786377,0.690527325,0.723081535,0.017212162,0.005371107
1653513058.171973944,-764.576843262,-266.901245117,-29.374786377,0.690527325,0.723081535,0.017212162,0.005371107
1653513058.237018347,-764.546569824,-266.930450439,-29.378095627,0.681107766,0.731919117,0.017717959,0.008525887
1653513058.303915501,-764.546569824,-266.930450439,-29.378095627,0.681107766,0.731919117,0.017717959,0.008525887
1653513058.370638847,-764.510681152,-266.974945068,-29.366926193,0.672330086,0.739938027,0.019203797,0.009756293
1653513058.437220097,-764.510681152,-266.974945068,-29.366926193,0.672330086,0.739938027,0.019203797,0.009756293
1653513058.503915071,-764.469543457,-267.018341064,-29.366283417,0.662554198,0.748687558,0.019664424,0.010108670
1653513058.570957661,-764.469543457,-267.018341064,-29.366283417,0.662554198,0.748687558,0.019664424,0.010108670
1653513058.637549639,-764.444152832,-267.036376953,-29.346839905,0.653735685,0.756373570,0.020548394,0.010316953
1653513058.703972578,-764.444152832,-267.036376953,-29.346839905,0.653735685,0.756373570,0.020548394,0.010316953
1653513058.770461082,-764.413024902,-267.063751221,-29.332674026,0.645030450,0.763790501,0.021449666,0.009984987
1653513058.837700844,-764.413024902,-267.063751221,-29.332674026,0.645030450,0.763790501,0.021449666,0.009984987
1653513058.904098034,-764.394958496,-267.070373535,-29.314888000,0.635613263,0.771617173,0.022327134,0.010208679
1653513058.971178770,-764.394958496,-267.070373535,-29.314888000,0.635613263,0.771617173,0.022327134,0.010208679
1653513059.037055016,-764.375427246,-267.091613770,-29.305555344,0.625699698,0.779667615,0.022655908,0.010247309
1653513059.103746653,-764.375427246,-267.091613770,-29.305555344,0.625699698,0.779667615,0.022655908,0.010247309
1653513059.170481443,-764.359985352,-267.108306885,-29.301576614,0.615710262,0.787624543,0.021721203,0.008754570
1653513059.237400293,-764.359985352,-267.108306885,-29.301576614,0.615710262,0.787624543,0.021721203,0.008754570
1653513059.303928375,-764.374755859,-267.116363525,-29.296710968,0.604166083,0.796543410,0.021411426,0.006594789
1653513059.370407820,-764.374755859,-267.116363525,-29.296710968,0.604166083,0.796543410,0.021411426,0.006594789
1653513059.437640190,-764.386169434,-267.125152588,-29.288856506,0.592802460,0.805059606,0.021047721,0.004611678
1653513059.503801107,-764.386169434,-267.125152588,-29.288856506,0.592802460,0.805059606,0.021047721,0.004611678
1653513059.570507050,-764.384948730,-267.145446777,-29.275390625,0.580945485,0.813688150,0.020286830,0.001543621
1653513059.637075663,-764.384948730,-267.145446777,-29.275390625,0.580945485,0.813688150,0.020286830,0.001543621
1653513059.704829931,-764.399291992,-267.153228760,-29.265527725,0.569026110,0.822079178,0.019755894,-0.002194672
1653513059.770479679,-764.399291992,-267.153228760,-29.265527725,0.569026110,0.822079178,0.019755894,-0.002194672
1653513059.838282824,-764.408996582,-267.166046143,-29.257186890,0.555992083,0.830961192,0.018518741,-0.005775530
1653513059.904026985,-764.408996582,-267.166046143,-29.257186890,0.555992083,0.830961192,0.018518741,-0.005775530
1653513059.970517874,-764.425231934,-267.167999268,-29.251111984,0.543027812,0.839497557,0.016974118,-0.008747987
1653513060.038858891,-764.425231934,-267.167999268,-29.251111984,0.543027812,0.839497557,0.016974118,-0.008747987
1653513060.104107141,-764.441467285,-267.168823242,-29.253189087,0.529430677,0.848141894,0.014958723,-0.011607021
1653513060.170562029,-764.441467285,-267.168823242,-29.253189087,0.529430677,0.848141894,0.014958723,-0.011607021
1653513060.237381220,-764.437011719,-267.173126221,-29.252607346,0.515932385,0.856399960,0.014318787,-0.013705973
1653513060.304865599,-764.437011719,-267.173126221,-29.252607346,0.515932385,0.856399960,0.014318787,-0.013705973
1653513060.370580196,-764.427490234,-267.173950195,-29.255922318,0.501780812,0.864727981,0.016258672,-0.014042455
1653513060.437516928,-764.427490234,-267.173950195,-29.255922318,0.501780812,0.864727981,0.016258672,-0.014042455
1653513060.504511118,-764.425781250,-267.169891357,-29.255130768,0.488325775,0.872366906,0.018934598,-0.012465937
1653513060.570632935,-764.425781250,-267.169891357,-29.255130768,0.488325775,0.872366906,0.018934598,-0.012465937
1653513060.637060881,-764.412414551,-267.161407471,-29.251337051,0.475401384,0.879420183,0.021610432,-0.012110109
1653513060.704096794,-764.412414551,-267.161407471,-29.251337051,0.475401384,0.879420183,0.021610432,-0.012110109
1653513060.770627499,-764.399353027,-267.148101807,-29.241134644,0.463782553,0.885538824,0.023899967,-0.012471004
1653513060.837125301,-764.399353027,-267.148101807,-29.241134644,0.463782553,0.885538824,0.023899967,-0.012471004
1653513060.903907299,-764.371215820,-267.136535645,-29.230474472,0.452614108,0.891248483,0.025348325,-0.013193641
1653513060.971127033,-764.371215820,-267.136535645,-29.230474472,0.452614108,0.891248483,0.025348325,-0.013193641
1653513061.038687468,-764.344116211,-267.124145508,-29.222496033,0.442333999,0.896357185,0.025808698,-0.014776356
1653513061.103936434,-764.344116211,-267.124145508,-29.222496033,0.442333999,0.896357185,0.025808698,-0.014776356
1653513061.170459986,-764.319641113,-267.118011475,-29.212528229,0.431653023,0.901561856,0.024434749,-0.016273642
1653513061.237345219,-764.319641113,-267.118011475,-29.212528229,0.431653023,0.901561856,0.024434749,-0.016273642
1653513061.305581808,-764.300170898,-267.108245850,-29.207881927,0.422084000,0.906124105,0.021574819,-0.017853016
1653513061.372043610,-764.300170898,-267.108245850,-29.207881927,0.422084000,0.906124105,0.021574819,-0.017853016
1653513061.437606573,-764.273681641,-267.104400635,-29.201091766,0.412092769,0.910719442,0.019718178,-0.019515155
1653513061.504399776,-764.273681641,-267.104400635,-29.201091766,0.412092769,0.910719442,0.019718178,-0.019515155
1653513061.570555687,-764.254516602,-267.119232178,-29.190467834,0.401729878,0.915283254,0.019786814,-0.021866692
1653513061.637014627,-764.254516602,-267.119232178,-29.190467834,0.401729878,0.915283254,0.019786814,-0.021866692
1653513061.703682423,-764.228515625,-267.109558105,-29.176425934,0.391889512,0.919433175,0.022314694,-0.023818092
1653513061.770466328,-764.228515625,-267.109558105,-29.176425934,0.391889512,0.919433175,0.022314694,-0.023818092
1653513061.837090015,-764.204406738,-267.097167969,-29.153625488,0.380636932,0.924100106,0.024094019,-0.023958251
1653513061.903915405,-764.204406738,-267.097167969,-29.153625488,0.380636932,0.924100106,0.024094019,-0.023958251
1653513061.970952272,-764.158874512,-267.079010010,-29.117183685,0.370953024,0.927997534,0.023333563,-0.025883898
1653513062.037853479,-764.158874512,-267.079010010,-29.117183685,0.370953024,0.927997534,0.023333563,-0.025883898
1653513062.103781462,-764.135314941,-267.059356689,-29.097700119,0.361390504,0.931753166,0.021868691,-0.027471840
1653513062.172728539,-764.135314941,-267.059356689,-29.097700119,0.361390504,0.931753166,0.021868691,-0.027471840
1653513062.237412214,-764.101745605,-267.049194336,-29.081163406,0.351855302,0.935344917,0.020971250,-0.029798306
1653513062.303777933,-764.101745605,-267.049194336,-29.081163406,0.351855302,0.935344917,0.020971250,-0.029798306
1653513062.370345592,-764.083984375,-267.054138184,-29.055339813,0.340932696,0.939315436,0.022676239,-0.030613670
1653513062.436992168,-764.083984375,-267.054138184,-29.055339813,0.340932696,0.939315436,0.022676239,-0.030613670
1653513062.504090071,-764.050415039,-267.043365479,-29.054067612,0.331415083,0.942684222,0.023914309,-0.030636683
1653513062.580715895,-764.050415039,-267.043365479,-29.054067612,0.331415083,0.942684222,0.023914309,-0.030636683
1653513062.637889624,-764.011047363,-267.032745361,-29.058654785,0.319227273,0.946869417,0.026969710,-0.028370574
1653513062.703702450,-764.011047363,-267.032745361,-29.058654785,0.319227273,0.946869417,0.026969710,-0.028370574
1653513062.770483494,-763.971191406,-267.030212402,-29.058404922,0.308063840,0.950660246,0.025516771,-0.026280437
1653513062.838096380,-763.971191406,-267.030212402,-29.058404922,0.308063840,0.950660246,0.025516771,-0.026280437
1653513062.903854370,-763.940063477,-267.025268555,-29.072280884,0.297888216,0.954030145,0.021441154,-0.025087241
1653513062.970607996,-763.940063477,-267.025268555,-29.072280884,0.297888216,0.954030145,0.021441154,-0.025087241
1653513063.038682222,-763.928039551,-267.041778564,-29.078567505,0.286292966,0.957640276,0.019927178,-0.023756010
1653513063.104022980,-763.928039551,-267.041778564,-29.078567505,0.286292966,0.957640276,0.019927178,-0.023756010
1653513063.170622587,-763.903381348,-267.042633057,-29.086704254,0.274768854,0.961013956,0.020478001,-0.023128014
1653513063.239598036,-763.903381348,-267.042633057,-29.086704254,0.274768854,0.961013956,0.020478001,-0.023128014
1653513063.303863287,-763.848388672,-267.029205322,-29.077129364,0.262889032,0.964293851,0.021976603,-0.023318535
1653513063.371012926,-763.848388672,-267.029205322,-29.077129364,0.262889032,0.964293851,0.021976603,-0.023318535
1653513063.437824488,-763.820983887,-267.028228760,-29.076459885,0.251774047,0.967189743,0.023593146,-0.024437545
1653513063.503637791,-763.820983887,-267.028228760,-29.076459885,0.251774047,0.967189743,0.023593146,-0.024437545
1653513063.573772430,-763.804687500,-267.039245605,-29.082792282,0.239622392,0.970246406,0.024665232,-0.024385388
1653513063.637053013,-763.804687500,-267.039245605,-29.082792282,0.239622392,0.970246406,0.024665232,-0.024385388
1653513063.703902483,-763.787170410,-267.043273926,-29.102350235,0.227890963,0.973094024,0.024263983,-0.023769501
1653513063.770962954,-763.787170410,-267.043273926,-29.102350235,0.227890963,0.973094024,0.024263983,-0.023769501
1653513063.837186813,-763.780090332,-267.050598145,-29.130556107,0.216878370,0.975743058,0.020917341,-0.021253757
1653513063.903729916,-763.780090332,-267.050598145,-29.130556107,0.216878370,0.975743058,0.020917341,-0.021253757
1653513063.970443010,-763.765014648,-267.046508789,-29.160064697,0.206170652,0.978180964,0.016069628,-0.019935686
1653513064.037104130,-763.765014648,-267.046508789,-29.160064697,0.206170652,0.978180964,0.016069628,-0.019935686
1653513064.103980541,-763.737976074,-267.046752930,-29.185537338,0.194998786,0.980537294,0.012859751,-0.018886909
1653513064.171525002,-763.737976074,-267.046752930,-29.185537338,0.194998786,0.980537294,0.012859751,-0.018886909
1653513064.236967802,-763.714477539,-267.049652100,-29.200899124,0.184033896,0.982683400,0.010494745,-0.018834058
1653513064.304025173,-763.714477539,-267.049652100,-29.200899124,0.184033896,0.982683400,0.010494745,-0.018834058
1653513064.370438576,-763.680725098,-267.045379639,-29.209772110,0.171990110,0.984863392,0.009459714,-0.019339472
1653513064.437026739,-763.680725098,-267.045379639,-29.209772110,0.171990110,0.984863392,0.009459714,-0.019339472
1653513064.503674030,-763.660461426,-267.039459229,-29.208066940,0.159746810,0.986919811,0.009152561,-0.019658940
1653513064.570501328,-763.660461426,-267.039459229,-29.208066940,0.159746810,0.986919811,0.009152561,-0.019658940
1653513064.636975050,-763.652648926,-267.044403076,-29.200641632,0.147714049,0.988761424,0.009934937,-0.020801533
1653513064.703850031,-763.652648926,-267.044403076,-29.200641632,0.147714049,0.988761424,0.009934937,-0.020801533
1653513064.771680117,-763.638671875,-267.038208008,-29.188472748,0.135304686,0.990533987,0.011147056,-0.020268343
1653513064.837084532,-763.638671875,-267.038208008,-29.188472748,0.135304686,0.990533987,0.011147056,-0.020268343
1653513064.904110432,-763.597656250,-267.020629883,-29.177131653,0.122571112,0.992148288,0.012096575,-0.021720262
1653513064.971592426,-763.597656250,-267.020629883,-29.177131653,0.122571112,0.992148288,0.012096575,-0.021720262
1653513065.039618492,-763.577941895,-267.006317139,-29.153284073,0.110215210,0.993537252,0.013777156,-0.023377901
1653513065.103611708,-763.577941895,-267.006317139,-29.153284073,0.110215210,0.993537252,0.013777156,-0.023377901
1653513065.170550823,-763.566833496,-266.999572754,-29.126691818,0.097178733,0.994823140,0.016332518,-0.024828669
1653513065.236901045,-763.566833496,-266.999572754,-29.126691818,0.097178733,0.994823140,0.016332518,-0.024828669
1653513065.303615093,-763.552978516,-266.991241455,-29.098524094,0.086205402,0.995749542,0.017725056,-0.027153291
1653513065.371252060,-763.552978516,-266.991241455,-29.098524094,0.086205402,0.995749542,0.017725056,-0.027153291
1653513065.442574024,-763.541320801,-266.993072510,-29.079999924,0.074314425,0.996676056,0.018088516,-0.028053737
1653513065.504514217,-763.541320801,-266.993072510,-29.079999924,0.074314425,0.996676056,0.018088516,-0.028053737
1653513065.570194483,-763.544860840,-267.001922607,-29.058490753,0.062605890,0.997519640,0.015095538,-0.028411196
1653513065.637134075,-763.544860840,-267.001922607,-29.058490753,0.062605890,0.997519640,0.015095538,-0.028411196
1653513065.703641176,-763.565368652,-267.020812988,-29.044408798,0.051684883,0.998222494,0.011980057,-0.027147804
1653513065.770588398,-763.565368652,-267.020812988,-29.044408798,0.051684883,0.998222494,0.011980057,-0.027147804
1653513065.837115049,-763.566528320,-267.030242920,-29.040887833,0.039636220,0.998769435,0.008786156,-0.028484910
1653513065.904701233,-763.566528320,-267.030242920,-29.040887833,0.039636220,0.998769435,0.008786156,-0.028484910
1653513065.970452785,-763.561096191,-267.034973145,-29.026853561,0.027786805,0.999117706,0.008456966,-0.030334514
1653513066.037112713,-763.561096191,-267.034973145,-29.026853561,0.027786805,0.999117706,0.008456966,-0.030334514
1653513066.103683710,-763.561889648,-267.045104980,-29.026105881,0.015203489,0.999366387,0.010539073,-0.030407341
1653513066.171293259,-763.561889648,-267.045104980,-29.026105881,0.015203489,0.999366387,0.010539073,-0.030407341
1653513066.236946821,-763.560729980,-267.047119141,-29.025201797,0.002892396,0.999443310,0.011742442,-0.031093725
1653513066.304207563,-763.560729980,-267.047119141,-29.025201797,0.002892396,0.999443310,0.011742442,-0.031093725
1653513066.370385885,-763.555236816,-267.059234619,-29.032867432,-0.009767207,0.999407950,0.010752667,-0.031188635
1653513066.437022686,-763.555236816,-267.059234619,-29.032867432,-0.009767207,0.999407950,0.010752667,-0.031188635
1653513066.504245996,-763.546875000,-267.061584473,-29.041950226,-0.022439806,0.999233957,0.009063408,-0.030754006
1653513066.570579767,-763.546875000,-267.061584473,-29.041950226,-0.022439806,0.999233957,0.009063408,-0.030754006
1653513066.637669086,-763.521484375,-267.051116943,-29.044942856,-0.034396189,0.998905285,0.006981080,-0.030925705
1653513066.704221010,-763.521484375,-267.051116943,-29.044942856,-0.034396189,0.998905285,0.006981080,-0.030925705
1653513066.772044420,-763.510559082,-267.041473389,-29.056348801,-0.046378843,0.998450510,0.005387502,-0.030274687
1653513066.844876766,-763.510559082,-267.041473389,-29.056348801,-0.046378843,0.998450510,0.005387502,-0.030274687
1653513066.904128075,-763.495788574,-267.036804199,-29.061800003,-0.059061647,0.997799477,0.005055224,-0.029704726
1653513066.971026897,-763.495788574,-267.036804199,-29.061800003,-0.059061647,0.997799477,0.005055224,-0.029704726
1653513067.039118528,-763.487365723,-267.033447266,-29.071607590,-0.070163132,0.997068950,0.005685314,-0.029971989
1653513067.103590488,-763.487365723,-267.033447266,-29.071607590,-0.070163132,0.997068950,0.005685314,-0.029971989
1653513067.170420170,-763.470825195,-267.016357422,-29.065931320,-0.081653051,0.996173922,0.006474696,-0.030469226
1653513067.236849308,-763.470825195,-267.016357422,-29.065931320,-0.081653051,0.996173922,0.006474696,-0.030469226
1653513067.303739309,-763.466796875,-267.000091553,-29.069789886,-0.092205318,0.995224323,0.007743042,-0.031092937
1653513067.370452881,-763.466796875,-267.000091553,-29.069789886,-0.092205318,0.995224323,0.007743042,-0.031092937
1653513067.437184572,-763.461853027,-266.971282959,-29.071424484,-0.102485747,0.994177528,0.008981531,-0.032047562
1653513067.503980637,-763.461853027,-266.971282959,-29.071424484,-0.102485747,0.994177528,0.008981531,-0.032047562
1653513067.570504904,-763.456970215,-266.950347900,-29.069368362,-0.112686291,0.993047778,0.011175351,-0.032140668
1653513067.637457132,-763.456970215,-266.950347900,-29.069368362,-0.112686291,0.993047778,0.011175351,-0.032140668
1653513067.704519510,-763.458251953,-266.926513672,-29.075925827,-0.121128556,0.991999423,0.012634827,-0.033247243
1653513067.775576591,-763.458251953,-266.926513672,-29.075925827,-0.121128556,0.991999423,0.012634827,-0.033247243
1653513067.837159157,-763.459289551,-266.898162842,-29.080783844,-0.129155968,0.990949600,0.013820156,-0.033861918
1653513067.903640032,-763.459289551,-266.898162842,-29.080783844,-0.129155968,0.990949600,0.013820156,-0.033861918
1653513067.971402407,-763.457214355,-266.869628906,-29.077852249,-0.136978537,0.989864111,0.014003928,-0.034782354
1653513068.036906958,-763.457214355,-266.869628906,-29.077852249,-0.136978537,0.989864111,0.014003928,-0.034782354
1653513068.103681326,-763.454528809,-266.849517822,-29.088466644,-0.144874885,0.988721719,0.013854889,-0.035336554
1653513068.170596123,-763.454528809,-266.849517822,-29.088466644,-0.144874885,0.988721719,0.013854889,-0.035336554
1653513068.237460375,-763.449768066,-266.840423584,-29.100652695,-0.151845457,0.987648503,0.014525933,-0.035810468
1653513068.303695917,-763.449768066,-266.840423584,-29.100652695,-0.151845457,0.987648503,0.014525933,-0.035810468
1653513068.370762587,-763.439880371,-266.830688477,-29.102279663,-0.160914425,0.986257158,0.013060413,-0.035111138
1653513068.437341690,-763.439880371,-266.830688477,-29.102279663,-0.160914425,0.986257158,0.013060413,-0.035111138
1653513068.504243135,-763.424621582,-266.836303711,-29.118787766,-0.169267028,0.984890930,0.010974036,-0.034901302
1653513068.571889877,-763.424621582,-266.836303711,-29.118787766,-0.169267028,0.984890930,0.010974036,-0.034901302
1653513068.637243986,-763.402099609,-266.851379395,-29.130134583,-0.178522378,0.983251452,0.008934955,-0.035588048
1653513068.705012321,-763.402099609,-266.851379395,-29.130134583,-0.178522378,0.983251452,0.008934955,-0.035588048
1653513068.773167610,-763.374877930,-266.890472412,-29.128450394,-0.189005953,0.981291398,0.005995105,-0.036166294
1653513068.836880684,-763.374877930,-266.890472412,-29.128450394,-0.189005953,0.981291398,0.005995105,-0.036166294
1653513068.903613091,-763.347900391,-266.903656006,-29.132963181,-0.199394351,0.979190974,0.002710428,-0.037677356
1653513068.970784903,-763.347900391,-266.903656006,-29.132963181,-0.199394351,0.979190974,0.002710428,-0.037677356
1653513069.037189484,-763.311828613,-266.906982422,-29.135917664,-0.209264728,0.977068618,0.000922129,-0.039298073
1653513069.104952812,-763.311828613,-266.906982422,-29.135917664,-0.209264728,0.977068618,0.000922129,-0.039298073
1653513069.170432806,-763.286132812,-266.913574219,-29.139461517,-0.220923030,0.974481736,-0.000403554,-0.039726551
1653513069.237922192,-763.286132812,-266.913574219,-29.139461517,-0.220923030,0.974481736,-0.000403554,-0.039726551
1653513069.304914713,-763.259033203,-266.928802490,-29.141334534,-0.232913283,0.971676045,0.001188734,-0.039945636
1653513069.370170355,-763.259033203,-266.928802490,-29.141334534,-0.232913283,0.971676045,0.001188734,-0.039945636
1653513069.437273026,-763.232177734,-266.934692383,-29.143709183,-0.243404530,0.969058187,0.003018647,-0.040882188
1653513069.503836870,-763.232177734,-266.934692383,-29.143709183,-0.243404530,0.969058187,0.003018647,-0.040882188
1653513069.570436239,-763.198852539,-266.934997559,-29.146385193,-0.255296533,0.965938588,0.006210748,-0.041806103
1653513069.637263060,-763.198852539,-266.934997559,-29.146385193,-0.255296533,0.965938588,0.006210748,-0.041806103
1653513069.704386473,-763.164001465,-266.946533203,-29.141361237,-0.266774325,0.962783269,0.008461238,-0.042523462
1653513069.770630360,-763.164001465,-266.946533203,-29.141361237,-0.266774325,0.962783269,0.008461238,-0.042523462
1653513069.841439962,-763.125976562,-266.951110840,-29.133008957,-0.277554158,0.959628476,0.010907276,-0.044248276
1653513069.904321909,-763.125976562,-266.951110840,-29.133008957,-0.277554158,0.959628476,0.010907276,-0.044248276
1653513069.970406294,-763.089111328,-266.960388184,-29.115007401,-0.288439578,0.956351002,0.013097294,-0.044987028
1653513070.037076950,-763.089111328,-266.960388184,-29.115007401,-0.288439578,0.956351002,0.013097294,-0.044987028
1653513070.103774548,-763.043334961,-266.973358154,-29.095249176,-0.297775388,0.953401147,0.013982009,-0.046481978
1653513070.170555115,-763.043334961,-266.973358154,-29.095249176,-0.297775388,0.953401147,0.013982009,-0.046481978
1653513070.238345385,-762.982666016,-266.984893799,-29.076288223,-0.307338484,0.950316869,0.014348106,-0.047276166
1653513070.303713560,-762.982666016,-266.984893799,-29.076288223,-0.307338484,0.950316869,0.014348106,-0.047276166
1653513070.370347500,-762.927917480,-267.008300781,-29.059751511,-0.316439957,0.947342696,0.014786193,-0.046786085
1653513070.436833858,-762.927917480,-267.008300781,-29.059751511,-0.316439957,0.947342696,0.014786193,-0.046786085
1653513070.503687382,-762.866088867,-267.036437988,-29.046096802,-0.325537242,0.944320938,0.014574480,-0.045508836
1653513070.572206020,-762.866088867,-267.036437988,-29.046096802,-0.325537242,0.944320938,0.014574480,-0.045508836
1653513070.638901711,-762.798339844,-267.072875977,-29.033075333,-0.334833589,0.941152088,0.013414416,-0.044037115
1653513070.704407692,-762.798339844,-267.072875977,-29.033075333,-0.334833589,0.941152088,0.013414416,-0.044037115
1653513070.777003050,-762.715759277,-267.108764648,-29.010604858,-0.343479668,0.938090815,0.010538653,-0.043546257
1653513070.838880777,-762.715759277,-267.108764648,-29.010604858,-0.343479668,0.938090815,0.010538653,-0.043546257
1653513070.906349897,-762.613159180,-267.144653320,-28.978813171,-0.353146434,0.934563518,0.006711940,-0.042820290
1653513070.970407486,-762.613159180,-267.144653320,-28.978813171,-0.353146434,0.934563518,0.006711940,-0.042820290
1653513071.037453175,-762.523559570,-267.179626465,-28.944585800,-0.360985676,0.931588137,0.003047022,-0.042703644
1653513071.103821278,-762.523559570,-267.179626465,-28.944585800,-0.360985676,0.931588137,0.003047022,-0.042703644
1653513071.170648813,-762.417602539,-267.219573975,-28.916862488,-0.370113308,0.928021299,-0.000257965,-0.042338411
1653513071.237096071,-762.417602539,-267.219573975,-28.916862488,-0.370113308,0.928021299,-0.000257965,-0.042338411
1653513071.303576708,-762.315002441,-267.254943848,-28.891056061,-0.378461860,0.924649161,-0.004644468,-0.042059231
1653513071.370459557,-762.315002441,-267.254943848,-28.891056061,-0.378461860,0.924649161,-0.004644468,-0.042059231
1653513071.437048197,-762.234680176,-267.293029785,-28.875612259,-0.386598326,0.921321646,-0.008231000,-0.040501983
1653513071.505640745,-762.234680176,-267.293029785,-28.875612259,-0.386598326,0.921321646,-0.008231000,-0.040501983
1653513071.570440769,-762.108093262,-267.331359863,-28.854970932,-0.395944735,0.917369464,-0.010914145,-0.039267237
1653513071.636876345,-762.108093262,-267.331359863,-28.854970932,-0.395944735,0.917369464,-0.010914145,-0.039267237
1653513071.703730822,-761.990661621,-267.360839844,-28.840084076,-0.405503372,0.913233064,-0.013417370,-0.037314341
1653513071.770260572,-761.990661621,-267.360839844,-28.840084076,-0.405503372,0.913233064,-0.013417370,-0.037314341
1653513071.836768389,-761.891906738,-267.383575439,-28.831947327,-0.415362363,0.908849907,-0.014898511,-0.035270214
1653513071.903773069,-761.891906738,-267.383575439,-28.831947327,-0.415362363,0.908849907,-0.014898511,-0.035270214
1653513071.970553398,-761.771240234,-267.409362793,-28.815567017,-0.426237171,0.903867792,-0.017160397,-0.032410007
1653513072.037095308,-761.771240234,-267.409362793,-28.815567017,-0.426237171,0.903867792,-0.017160397,-0.032410007
1653513072.103771448,-761.663024902,-267.441986084,-28.806655884,-0.436469607,0.898981375,-0.019164998,-0.030975356
1653513072.170260429,-761.663024902,-267.441986084,-28.806655884,-0.436469607,0.898981375,-0.019164998,-0.030975356
1653513072.236850023,-761.564514160,-267.461730957,-28.789163589,-0.446247484,0.894124380,-0.022102356,-0.030269813
1653513072.308048248,-761.564514160,-267.461730957,-28.789163589,-0.446247484,0.894124380,-0.022102356,-0.030269813
1653513072.370068073,-761.430297852,-267.473022461,-28.768835068,-0.456351282,0.888958101,-0.024282577,-0.030122403
1653513072.437372684,-761.430297852,-267.473022461,-28.768835068,-0.456351282,0.888958101,-0.024282577,-0.030122403
1653513072.503681898,-761.331481934,-267.486755371,-28.772121429,-0.466929580,0.883482268,-0.024652297,-0.028776981
1653513072.570875645,-761.331481934,-267.486755371,-28.772121429,-0.466929580,0.883482268,-0.024652297,-0.028776981
1653513072.637086391,-761.270385742,-267.487182617,-28.778615952,-0.477566839,0.877801300,-0.024719814,-0.027995039
1653513072.703580379,-761.270385742,-267.487182617,-28.778615952,-0.477566839,0.877801300,-0.024719814,-0.027995039
1653513072.771180868,-761.195617676,-267.481811523,-28.793630600,-0.488146024,0.872048832,-0.023175382,-0.026593148
1653513072.836910486,-761.195617676,-267.481811523,-28.793630600,-0.488146024,0.872048832,-0.023175382,-0.026593148
1653513072.903805017,-761.067504883,-267.480712891,-28.795400620,-0.497241028,0.866983428,-0.021229045,-0.025306579
1653513072.970343590,-761.067504883,-267.480712891,-28.795400620,-0.497241028,0.866983428,-0.021229045,-0.025306579
1653513073.036942005,-761.001281738,-267.462158203,-28.801908493,-0.505661136,0.862155150,-0.020193709,-0.024238965
1653513073.103617191,-761.001281738,-267.462158203,-28.801908493,-0.505661136,0.862155150,-0.020193709,-0.024238965
1653513073.170955420,-760.979431152,-267.450469971,-28.809848785,-0.513204941,0.857756987,-0.018804077,-0.022804504
1653513073.237465620,-760.979431152,-267.450469971,-28.809848785,-0.513204941,0.857756987,-0.018804077,-0.022804504
1653513073.303448439,-760.929992676,-267.429046631,-28.811138153,-0.520031570,0.853671906,-0.017448043,-0.022516854
1653513073.371604919,-760.929992676,-267.429046631,-28.811138153,-0.520031570,0.853671906,-0.017448043,-0.022516854
1653513073.436915398,-760.891479492,-267.402374268,-28.808229446,-0.525102218,0.850603016,-0.016302218,-0.021826741
1653513073.503644943,-760.891479492,-267.402374268,-28.808229446,-0.525102218,0.850603016,-0.016302218,-0.021826741
1653513073.570569277,-760.789245605,-267.370025635,-28.796052933,-0.530973441,0.846966576,-0.015315194,-0.021915041
1653513073.637114525,-760.789245605,-267.370025635,-28.796052933,-0.530973441,0.846966576,-0.015315194,-0.021915041
1653513073.704188347,-760.746459961,-267.339172363,-28.782663345,-0.536130328,0.843687922,-0.015887213,-0.022417807
1653513073.771113157,-760.746459961,-267.339172363,-28.782663345,-0.536130328,0.843687922,-0.015887213,-0.022417807
1653513073.837000847,-760.711425781,-267.309906006,-28.765903473,-0.542075348,0.839859623,-0.016833285,-0.022511596
1653513073.903881311,-760.711425781,-267.309906006,-28.765903473,-0.542075348,0.839859623,-0.016833285,-0.022511596
1653513073.970526934,-760.670593262,-267.292053223,-28.753574371,-0.549406284,0.835093965,-0.016958226,-0.021982338
1653513074.037561178,-760.670593262,-267.292053223,-28.753574371,-0.549406284,0.835093965,-0.016958226,-0.021982338
1653513074.103415728,-760.646667480,-267.278320312,-28.743457794,-0.557651165,0.829596941,-0.018152159,-0.021554438
1653513074.170556307,-760.646667480,-267.278320312,-28.743457794,-0.557651165,0.829596941,-0.018152159,-0.021554438
1653513074.237366438,-760.603759766,-267.267059326,-28.725717545,-0.565637956,0.824143067,-0.020165551,-0.020862851
1653513074.304041386,-760.603759766,-267.267059326,-28.725717545,-0.565637956,0.824143067,-0.020165551,-0.020862851
1653513074.370981216,-760.559143066,-267.258087158,-28.704183578,-0.574417598,0.817988823,-0.022656651,-0.020624854
1653513074.438051462,-760.559143066,-267.258087158,-28.704183578,-0.574417598,0.817988823,-0.022656651,-0.020624854
1653513074.503823757,-760.530029297,-267.250762939,-28.681743622,-0.583391363,0.811535351,-0.025475908,-0.020392887
1653513074.570556879,-760.530029297,-267.250762939,-28.681743622,-0.583391363,0.811535351,-0.025475908,-0.020392887
1653513074.638511896,-760.484313965,-267.244689941,-28.659940720,-0.591339932,0.805665712,-0.028102848,-0.020738270
1653513074.703721762,-760.484313965,-267.244689941,-28.659940720,-0.591339932,0.805665712,-0.028102848,-0.020738270
1653513074.771481037,-760.434631348,-267.226287842,-28.631826401,-0.599698013,0.799369581,-0.030409237,-0.021115029
1653513074.837512255,-760.434631348,-267.226287842,-28.631826401,-0.599698013,0.799369581,-0.030409237,-0.021115029
1653513074.903679609,-760.409606934,-267.218475342,-28.614690781,-0.607611576,0.793347093,-0.030306158,-0.022138172
1653513074.970176935,-760.409606934,-267.218475342,-28.614690781,-0.607611576,0.793347093,-0.030306158,-0.022138172
1653513075.037585974,-760.340515137,-267.187713623,-28.596487045,-0.614890399,0.787707868,-0.029801555,-0.023194367
1653513075.104085207,-760.340515137,-267.187713623,-28.596487045,-0.614890399,0.787707868,-0.029801555,-0.023194367
1653513075.172264338,-760.329772949,-267.167633057,-28.584766388,-0.622631008,0.781617516,-0.029071819,-0.023654094
1653513075.237274647,-760.329772949,-267.167633057,-28.584766388,-0.622631008,0.781617516,-0.029071819,-0.023654094
1653513075.304357767,-760.306884766,-267.153320312,-28.576822281,-0.629713715,0.775946083,-0.027962424,-0.024216035
1653513075.370153904,-760.306884766,-267.153320312,-28.576822281,-0.629713715,0.775946083,-0.027962424,-0.024216035
1653513075.437410831,-760.338073730,-267.167327881,-28.578260422,-0.636477329,0.770394715,-0.027901207,-0.024700508
1653513075.503563404,-760.338073730,-267.167327881,-28.578260422,-0.636477329,0.770394715,-0.027901207,-0.024700508
1653513075.570346355,-760.324340820,-267.158874512,-28.572099686,-0.643304523,0.764705295,-0.028246818,-0.024232602
1653513075.636874437,-760.324340820,-267.158874512,-28.572099686,-0.643304523,0.764705295,-0.028246818,-0.024232602
1653513075.703589916,-760.312255859,-267.146331787,-28.568220139,-0.650049205,0.758989388,-0.028411357,-0.023747308
1653513075.770526886,-760.312255859,-267.146331787,-28.568220139,-0.650049205,0.758989388,-0.028411357,-0.023747308
1653513075.836875677,-760.269531250,-267.111022949,-28.560564041,-0.656627550,0.753292994,-0.028933917,-0.023510749
1653513075.903493881,-760.269531250,-267.111022949,-28.560564041,-0.656627550,0.753292994,-0.028933917,-0.023510749
1653513075.970229387,-760.258361816,-267.093597412,-28.560251236,-0.663460355,0.747305789,-0.029131365,-0.022489504
1653513076.037166357,-760.258361816,-267.093597412,-28.560251236,-0.663460355,0.747305789,-0.029131365,-0.022489504
1653513076.103774786,-760.255737305,-267.078918457,-28.559520721,-0.669598940,0.741828445,-0.029381519,-0.021553280
1653513076.173094034,-760.255737305,-267.078918457,-28.559520721,-0.669598940,0.741828445,-0.029381519,-0.021553280
1653513076.237194061,-760.244506836,-267.055145264,-28.551223755,-0.675589790,0.736365665,-0.030235864,-0.020732451
1653513076.303656340,-760.244506836,-267.055145264,-28.551223755,-0.675589790,0.736365665,-0.030235864,-0.020732451
1653513076.370218277,-760.249572754,-267.040802002,-28.546619415,-0.681559510,0.730811008,-0.031222643,-0.020421831
1653513076.436899424,-760.249572754,-267.040802002,-28.546619415,-0.681559510,0.730811008,-0.031222643,-0.020421831
1653513076.503591299,-760.251831055,-267.025146484,-28.545886993,-0.687153930,0.725510950,-0.031381909,-0.021645168
1653513076.570305109,-760.251831055,-267.025146484,-28.545886993,-0.687153930,0.725510950,-0.031381909,-0.021645168
1653513076.637059212,-760.261291504,-267.022460938,-28.550123215,-0.692807911,0.720169661,-0.029565878,-0.022331949
1653513076.705736399,-760.261291504,-267.022460938,-28.550123215,-0.692807911,0.720169661,-0.029565878,-0.022331949
1653513076.773210764,-760.273254395,-267.009429932,-28.560415268,-0.698161313,0.715013871,-0.027909117,-0.023388615
1653513076.837133646,-760.273254395,-267.009429932,-28.560415268,-0.698161313,0.715013871,-0.027909117,-0.023388615
1653513076.904769897,-760.282836914,-266.987335205,-28.568923950,-0.703026879,0.710269320,-0.026801752,-0.023502482
1653513076.971413374,-760.282836914,-266.987335205,-28.568923950,-0.703026879,0.710269320,-0.026801752,-0.023502482
1653513077.036757708,-760.281555176,-266.972167969,-28.568382263,-0.707920086,0.705395949,-0.027279459,-0.022837181
1653513077.103881836,-760.281555176,-266.972167969,-28.568382263,-0.707920086,0.705395949,-0.027279459,-0.022837181
1653513077.171553135,-760.286010742,-266.959564209,-28.566440582,-0.712809835,0.700429474,-0.029151863,-0.021233468
1653513077.240103245,-760.286010742,-266.959564209,-28.566440582,-0.712809835,0.700429474,-0.029151863,-0.021233468
1653513077.303619146,-760.280761719,-266.948913574,-28.563083649,-0.717873229,0.695178701,-0.031769377,-0.019372873
1653513077.370900869,-760.280761719,-266.948913574,-28.563083649,-0.717873229,0.695178701,-0.031769377,-0.019372873
1653513077.436718702,-760.271484375,-266.933959961,-28.561218262,-0.723010924,0.689741219,-0.034306997,-0.018310784
1653513077.504074812,-760.271484375,-266.933959961,-28.561218262,-0.723010924,0.689741219,-0.034306997,-0.018310784
1653513077.570585012,-760.266296387,-266.906921387,-28.557285309,-0.729186230,0.683166021,-0.035204392,-0.018228576
1653513077.641020060,-760.266296387,-266.906921387,-28.557285309,-0.729186230,0.683166021,-0.035204392,-0.018228576
1653513077.703536749,-760.268615723,-266.891815186,-28.564130783,-0.735799305,0.676074140,-0.033861745,-0.019404167
1653513077.770214558,-760.268615723,-266.891815186,-28.564130783,-0.735799305,0.676074140,-0.033861745,-0.019404167
1653513077.839456558,-760.272216797,-266.870849609,-28.572507858,-0.742362134,0.668930284,-0.032017116,-0.020140544
1653513077.904096603,-760.272216797,-266.870849609,-28.572507858,-0.742362134,0.668930284,-0.032017116,-0.020140544
1653513077.971361876,-760.264343262,-266.850280762,-28.581674576,-0.750157913,0.660206753,-0.032034193,-0.019077701
1653513078.037283182,-760.264343262,-266.850280762,-28.581674576,-0.750157913,0.660206753,-0.032034193,-0.019077701
1653513078.103595018,-760.243835449,-266.832977295,-28.592451096,-0.757229605,0.652091545,-0.033854767,-0.015290453
1653513078.174371958,-760.243835449,-266.832977295,-28.592451096,-0.757229605,0.652091545,-0.033854767,-0.015290453
1653513078.237772226,-760.234375000,-266.815124512,-28.594427109,-0.764424724,0.643620119,-0.035212717,-0.012963367
1653513078.305338383,-760.234375000,-266.815124512,-28.594427109,-0.764424724,0.643620119,-0.035212717,-0.012963367
1653513078.370283842,-760.229309082,-266.791015625,-28.593683243,-0.772574080,0.633800220,-0.035031454,-0.014119814
1653513078.437558413,-760.229309082,-266.791015625,-28.593683243,-0.772574080,0.633800220,-0.035031454,-0.014119814
1653513078.503782034,-760.227539062,-266.772552490,-28.593811035,-0.780643277,0.623851533,-0.033164531,-0.017477218
1653513078.570400715,-760.227539062,-266.772552490,-28.593811035,-0.780643277,0.623851533,-0.033164531,-0.017477218
1653513078.638700962,-760.227722168,-266.756622314,-28.599582672,-0.787959519,0.614599112,-0.032121733,-0.018865902
1653513078.704110861,-760.227722168,-266.756622314,-28.599582672,-0.787959519,0.614599112,-0.032121733,-0.018865902
1653513078.770194769,-760.226501465,-266.738342285,-28.606313705,-0.795801400,0.604446231,-0.032167427,-0.017610857
1653513078.839304686,-760.226501465,-266.738342285,-28.606313705,-0.795801400,0.604446231,-0.032167427,-0.017610857
1653513078.905105591,-760.229553223,-266.711181641,-28.614080429,-0.802475439,0.595584383,-0.032402373,-0.016201837
1653513078.975544691,-760.229553223,-266.711181641,-28.614080429,-0.802475439,0.595584383,-0.032402373,-0.016201837
1653513079.037651539,-760.236755371,-266.699462891,-28.614471436,-0.808974038,0.586771078,-0.031882867,-0.015626628
1653513079.104261398,-760.236755371,-266.699462891,-28.614471436,-0.808974038,0.586771078,-0.031882867,-0.015626628
1653513079.170076370,-760.247192383,-266.686798096,-28.624090195,-0.815001245,0.578476128,-0.029420011,-0.016516734
1653513079.237207651,-760.247192383,-266.686798096,-28.624090195,-0.815001245,0.578476128,-0.029420011,-0.016516734
1653513079.306205750,-760.273681641,-266.679199219,-28.619447708,-0.820645733,0.570488143,-0.027203125,-0.018543191
1653513079.370209217,-760.273681641,-266.679199219,-28.619447708,-0.820645733,0.570488143,-0.027203125,-0.018543191
1653513079.436680794,-760.273925781,-266.682098389,-28.629594803,-0.826160330,0.562558484,-0.024521363,-0.019640863
1653513079.507524014,-760.273925781,-266.682098389,-28.629594803,-0.826160330,0.562558484,-0.024521363,-0.019640863
1653513079.570271015,-760.271118164,-266.671447754,-28.638607025,-0.830434500,0.556282221,-0.024502061,-0.018118529
1653513079.637131691,-760.271118164,-266.671447754,-28.638607025,-0.830434500,0.556282221,-0.024502061,-0.018118529
1653513079.703663349,-760.287231445,-266.647430420,-28.650125504,-0.834791482,0.549780607,-0.025592899,-0.014473055
1653513079.770937204,-760.287231445,-266.647430420,-28.650125504,-0.834791482,0.549780607,-0.025592899,-0.014473055
1653513079.836778164,-760.280517578,-266.636322021,-28.656835556,-0.839054072,0.543282524,-0.026514753,-0.011372407
1653513079.904890537,-760.280517578,-266.636322021,-28.656835556,-0.839054072,0.543282524,-0.026514753,-0.011372407
1653513079.970284700,-760.284484863,-266.624908447,-28.662832260,-0.843384339,0.536538013,-0.027608862,-0.008220010
1653513080.037173033,-760.284484863,-266.624908447,-28.662832260,-0.843384339,0.536538013,-0.027608862,-0.008220010
1653513080.103594542,-760.277770996,-266.615509033,-28.674421310,-0.847850069,0.529511859,-0.026995100,-0.006222258
1653513080.170119762,-760.277770996,-266.615509033,-28.674421310,-0.847850069,0.529511859,-0.026995100,-0.006222258
1653513080.237215281,-760.265014648,-266.604064941,-28.682237625,-0.851846279,0.523059786,-0.027348423,-0.004294328
1653513080.303398609,-760.265014648,-266.604064941,-28.682237625,-0.851846279,0.523059786,-0.027348423,-0.004294328
1653513080.370040417,-760.265869141,-266.596466064,-28.683851242,-0.855894805,0.516412438,-0.027516825,-0.002258462
1653513080.437774897,-760.265869141,-266.596466064,-28.683851242,-0.855894805,0.516412438,-0.027516825,-0.002258462
1653513080.503429174,-760.263549805,-266.591796875,-28.682603836,-0.860270202,0.509108007,-0.027279992,0.000133918
1653513080.570556402,-760.263549805,-266.591796875,-28.682603836,-0.860270202,0.509108007,-0.027279992,0.000133918
1653513080.637838840,-760.255065918,-266.600555420,-28.670522690,-0.864660152,0.501526956,-0.028858488,0.000849519
1653513080.703531265,-760.255065918,-266.600555420,-28.670522690,-0.864660152,0.501526956,-0.028858488,0.000849519
1653513080.770178318,-760.243469238,-266.622344971,-28.656471252,-0.868679220,0.494416532,-0.030684518,0.002676886
1653513080.839501381,-760.243469238,-266.622344971,-28.656471252,-0.868679220,0.494416532,-0.030684518,0.002676886
1653513080.904006720,-760.244750977,-266.635925293,-28.645797729,-0.872921224,0.486692963,-0.033536598,0.003713879
1653513080.970099926,-760.244750977,-266.635925293,-28.645797729,-0.872921224,0.486692963,-0.033536598,0.003713879
1653513081.036952734,-760.263000488,-266.655975342,-28.628173828,-0.876862985,0.479345461,-0.036361660,0.004130964
1653513081.103384733,-760.263000488,-266.655975342,-28.628173828,-0.876862985,0.479345461,-0.036361660,0.004130964
1653513081.172030687,-760.280517578,-266.681701660,-28.616373062,-0.881255129,0.471129943,-0.037638399,0.003053871
1653513081.236778498,-760.280517578,-266.681701660,-28.616373062,-0.881255129,0.471129943,-0.037638399,0.003053871
1653513081.303854704,-760.303894043,-266.705718994,-28.614393234,-0.885916855,0.462339593,-0.037312620,0.001093269
1653513081.371750116,-760.303894043,-266.705718994,-28.614393234,-0.885916855,0.462339593,-0.037312620,0.001093269
1653513081.437129736,-760.332763672,-266.733398438,-28.613376617,-0.890372518,0.453784289,-0.036221769,-0.002140538
1653513081.503713608,-760.332763672,-266.733398438,-28.613376617,-0.890372518,0.453784289,-0.036221769,-0.002140538
1653513081.570581913,-760.365295410,-266.764373779,-28.621906281,-0.894871238,0.444967986,-0.034416303,-0.004947381
1653513081.637598753,-760.365295410,-266.764373779,-28.621906281,-0.894871238,0.444967986,-0.034416303,-0.004947381
1653513081.706286430,-760.400451660,-266.795349121,-28.623661041,-0.899242822,0.436180504,-0.032171402,-0.008597426
1653513081.770016909,-760.400451660,-266.795349121,-28.623661041,-0.899242822,0.436180504,-0.032171402,-0.008597426
1653513081.837651730,-760.431396484,-266.826171875,-28.632537842,-0.903110510,0.428178999,-0.030077899,-0.012225893
1653513081.904122114,-760.431396484,-266.826171875,-28.632537842,-0.903110510,0.428178999,-0.030077899,-0.012225893
1653513081.969991207,-760.461303711,-266.852691650,-28.629020691,-0.906695219,0.420542644,-0.027512000,-0.017051498
1653513082.037453413,-760.461303711,-266.852691650,-28.629020691,-0.906695219,0.420542644,-0.027512000,-0.017051498
1653513082.103785992,-760.497924805,-266.888061523,-28.634775162,-0.909797898,0.413696941,-0.025086489,-0.022210218
1653513082.171041965,-760.497924805,-266.888061523,-28.634775162,-0.909797898,0.413696941,-0.025086489,-0.022210218
1653513082.237116575,-760.537719727,-266.931579590,-28.627382278,-0.912055157,0.408665995,-0.022796526,-0.025056205
1653513082.303592682,-760.537719727,-266.931579590,-28.627382278,-0.912055157,0.408665995,-0.022796526,-0.025056205
1653513082.373631716,-760.570251465,-266.969146729,-28.623546600,-0.913428180,0.405629304,-0.021593112,-0.025447285
1653513082.437347174,-760.570251465,-266.969146729,-28.623546600,-0.913428180,0.405629304,-0.021593112,-0.025447285
1653513082.503503561,-760.600585938,-267.007720947,-28.625404358,-0.914547014,0.403238441,-0.019346373,-0.025064647
1653513082.570314646,-760.600585938,-267.007720947,-28.625404358,-0.914547014,0.403238441,-0.019346373,-0.025064647
1653513082.636729956,-760.625244141,-267.043151855,-28.621267319,-0.915338597,0.401547232,-0.018353740,-0.024046061
1653513082.704217434,-760.625244141,-267.043151855,-28.621267319,-0.915338597,0.401547232,-0.018353740,-0.024046061
1653513082.770138979,-760.637451172,-267.063476562,-28.619087219,-0.916075761,0.399993924,-0.017441519,-0.022491217
1653513082.837092161,-760.637451172,-267.063476562,-28.619087219,-0.916075761,0.399993924,-0.017441519,-0.022491217
1653513082.903708458,-760.635803223,-267.069824219,-28.617584229,-0.917146847,0.397653127,-0.017890481,-0.019838898
1653513082.970662117,-760.635803223,-267.069824219,-28.617584229,-0.917146847,0.397653127,-0.017890481,-0.019838898
1653513083.036867142,-760.633178711,-267.076110840,-28.614572525,-0.918432064,0.394823077,-0.019232713,-0.015079238
1653513083.103490591,-760.633178711,-267.076110840,-28.614572525,-0.918432064,0.394823077,-0.019232713,-0.015079238
1653513083.170188189,-760.624511719,-267.086944580,-28.607765198,-0.920133492,0.390947262,-0.020364540,-0.009994057
1653513083.236795187,-760.624511719,-267.086944580,-28.607765198,-0.920133492,0.390947262,-0.020364540,-0.009994057
1653513083.303962469,-760.603820801,-267.091491699,-28.599716187,-0.922225240,0.386023910,-0.020962313,-0.006835929
1653513083.370112896,-760.603820801,-267.091491699,-28.599716187,-0.922225240,0.386023910,-0.020962313,-0.006835929
1653513083.436636209,-760.585937500,-267.097747803,-28.585378647,-0.924612770,0.380221967,-0.021276956,-0.008353031
1653513083.507741928,-760.585937500,-267.097747803,-28.585378647,-0.924612770,0.380221967,-0.021276956,-0.008353031
1653513083.570146084,-760.573608398,-267.108489990,-28.565401077,-0.926930736,0.374495779,-0.021367427,-0.009785414
1653513083.636790037,-760.573608398,-267.108489990,-28.565401077,-0.926930736,0.374495779,-0.021367427,-0.009785414
1653513083.705606699,-760.564514160,-267.132537842,-28.547948837,-0.928729334,0.369978419,-0.021606389,-0.010533658
1653513083.777518511,-760.564514160,-267.132537842,-28.547948837,-0.928729334,0.369978419,-0.021606389,-0.010533658
1653513083.837759495,-760.561767578,-267.162231445,-28.527877808,-0.929631616,0.367634575,-0.022273314,-0.011566193
1653513083.903605700,-760.561767578,-267.162231445,-28.527877808,-0.929631616,0.367634575,-0.022273314,-0.011566193
1653513083.970021486,-760.557922363,-267.192626953,-28.512966156,-0.929987925,0.366719223,-0.021833219,-0.012758552
1653513084.037684917,-760.557922363,-267.192626953,-28.512966156,-0.929987925,0.366719223,-0.021833219,-0.012758552
1653513084.104233027,-760.555297852,-267.241577148,-28.502161026,-0.929896168,0.366928723,-0.020928988,-0.014778601
1653513084.171412706,-760.555297852,-267.241577148,-28.502161026,-0.929896168,0.366928723,-0.020928988,-0.014778601
1653513084.237088680,-760.562927246,-267.300445557,-28.493558884,-0.929185911,0.368757450,-0.019033372,-0.016407834
1653513084.303576946,-760.562927246,-267.300445557,-28.493558884,-0.929185911,0.368757450,-0.019033372,-0.016407834
1653513084.370042324,-760.561035156,-267.369934082,-28.481843948,-0.928821376,0.369717505,-0.017548183,-0.017084472
1653513084.437829256,-760.561035156,-267.369934082,-28.481843948,-0.928821376,0.369717505,-0.017548183,-0.017084472
1653513084.504361391,-760.537292480,-267.414184570,-28.471521378,-0.928756818,0.370033854,-0.016087456,-0.015063647
1653513084.571002007,-760.537292480,-267.414184570,-28.471521378,-0.928756818,0.370033854,-0.016087456,-0.015063647
1653513084.637566805,-760.497253418,-267.451477051,-28.460023880,-0.928975305,0.369674422,-0.015581030,-0.010145733
1653513084.703713417,-760.497253418,-267.451477051,-28.460023880,-0.928975305,0.369674422,-0.015581030,-0.010145733
1653513084.770376444,-760.444519043,-267.475738525,-28.442741394,-0.930019756,0.367106595,-0.016315162,-0.005460404
1653513084.836766243,-760.444519043,-267.475738525,-28.442741394,-0.930019756,0.367106595,-0.016315162,-0.005460404
1653513084.903835058,-760.390258789,-267.501586914,-28.425096512,-0.931330097,0.363786315,-0.016833028,-0.000645817
1653513084.970485687,-760.390258789,-267.501586914,-28.425096512,-0.931330097,0.363786315,-0.016833028,-0.000645817
1653513085.037070036,-760.324829102,-267.529724121,-28.409584045,-0.932455946,0.360881354,-0.017011249,0.001083662
1653513085.104675531,-760.324829102,-267.529724121,-28.409584045,-0.932455946,0.360881354,-0.017011249,0.001083662
1653513085.175139904,-760.269836426,-267.565460205,-28.399787903,-0.933365293,0.358525607,-0.016966678,0.000866579
1653513085.237584352,-760.269836426,-267.565460205,-28.399787903,-0.933365293,0.358525607,-0.016966678,0.000866579
1653513085.303552151,-760.211486816,-267.631042480,-28.388473511,-0.934082793,0.356693799,-0.016072100,-0.000746846
1653513085.370088339,-760.211486816,-267.631042480,-28.388473511,-0.934082793,0.356693799,-0.016072100,-0.000746846
1653513085.438012838,-760.160156250,-267.699096680,-28.379892349,-0.934104086,0.356635958,-0.015998572,-0.002096515
1653513085.503499508,-760.160156250,-267.699096680,-28.379892349,-0.934104086,0.356635958,-0.015998572,-0.002096515
1653513085.571021318,-760.107421875,-267.771240234,-28.379989624,-0.933816258,0.357389124,-0.015926201,-0.002562542
1653513085.639324188,-760.107421875,-267.771240234,-28.379989624,-0.933816258,0.357389124,-0.015926201,-0.002562542
1653513085.703535557,-760.045776367,-267.855133057,-28.379896164,-0.933065143,0.359382074,-0.015011495,-0.002935691
1653513085.771457672,-760.045776367,-267.855133057,-28.379896164,-0.933065143,0.359382074,-0.015011495,-0.002935691
1653513085.836568594,-759.989807129,-267.941802979,-28.387434006,-0.932173793,0.361696662,-0.014965740,-0.001889736
1653513085.903583050,-759.989807129,-267.941802979,-28.387434006,-0.932173793,0.361696662,-0.014965740,-0.001889736
1653513085.970019817,-759.919860840,-268.039276123,-28.389980316,-0.931747660,0.362787807,-0.015194996,-0.000646549
1653513086.040247440,-759.919860840,-268.039276123,-28.389980316,-0.931747660,0.362787807,-0.015194996,-0.000646549
1653513086.103959799,-759.819274902,-268.157012939,-28.394586563,-0.931641917,0.363032990,-0.015773216,0.001261890
1653513086.170026541,-759.819274902,-268.157012939,-28.394586563,-0.931641917,0.363032990,-0.015773216,0.001261890
1653513086.237668514,-759.722961426,-268.250854492,-28.402137756,-0.932116849,0.361788623,-0.016227830,0.001956820
1653513086.303518295,-759.722961426,-268.250854492,-28.402137756,-0.932116849,0.361788623,-0.016227830,0.001956820
1653513086.370055199,-759.648315430,-268.320220947,-28.413419724,-0.933352597,0.358590785,-0.016266914,0.000983424
1653513086.436980247,-759.648315430,-268.320220947,-28.413419724,-0.933352597,0.358590785,-0.016266914,0.000983424
1653513086.503333807,-759.552673340,-268.425231934,-28.424787521,-0.934810036,0.354805617,-0.015552814,-0.001131515
1653513086.571557999,-759.552673340,-268.425231934,-28.424787521,-0.934810036,0.354805617,-0.015552814,-0.001131515
1653513086.638728619,-759.445434570,-268.546875000,-28.425872803,-0.936074551,0.351479975,-0.014217785,-0.004910935
1653513086.704121351,-759.445434570,-268.546875000,-28.425872803,-0.936074551,0.351479975,-0.014217785,-0.004910935
1653513086.770094395,-759.330139160,-268.689697266,-28.428037643,-0.937042727,0.348875379,-0.012776881,-0.008581940
1653513086.839108944,-759.330139160,-268.689697266,-28.428037643,-0.937042727,0.348875379,-0.012776881,-0.008581940
1653513086.903734922,-759.231872559,-268.827758789,-28.435457230,-0.937357975,0.348013108,-0.010349545,-0.011823262
1653513086.970349073,-759.231872559,-268.827758789,-28.435457230,-0.937357975,0.348013108,-0.010349545,-0.011823262
1653513087.037234545,-759.118652344,-268.985198975,-28.436647415,-0.936901248,0.349146626,-0.008974374,-0.015236317
1653513087.104335070,-759.118652344,-268.985198975,-28.436647415,-0.936901248,0.349146626,-0.008974374,-0.015236317
1653513087.170352697,-759.018859863,-269.135894775,-28.432491302,-0.935832870,0.351844852,-0.008721233,-0.018600522
1653513087.236969233,-759.018859863,-269.135894775,-28.432491302,-0.935832870,0.351844852,-0.008721233,-0.018600522
1653513087.306170702,-758.887329102,-269.309387207,-28.428043365,-0.934493731,0.355271969,-0.008668859,-0.020691702
1653513087.370327473,-758.887329102,-269.309387207,-28.428043365,-0.934493731,0.355271969,-0.008668859,-0.020691702
1653513087.437011242,-758.749084473,-269.480255127,-28.422609329,-0.932866406,0.359482829,-0.008747689,-0.021350458
1653513087.505439758,-758.749084473,-269.480255127,-28.422609329,-0.932866406,0.359482829,-0.008747689,-0.021350458
1653513087.570197821,-758.644165039,-269.601928711,-28.415540695,-0.931665566,0.362582872,-0.010051067,-0.020782440
1653513087.637228251,-758.644165039,-269.601928711,-28.415540695,-0.931665566,0.362582872,-0.010051067,-0.020782440
1653513087.703617811,-758.483093262,-269.758636475,-28.416149139,-0.930924915,0.364593038,-0.010352246,-0.018535102
1653513087.771125078,-758.483093262,-269.758636475,-28.416149139,-0.930924915,0.364593038,-0.010352246,-0.018535102
1653513087.836735249,-758.316955566,-269.901214600,-28.417707443,-0.930469892,0.365875997,-0.011197710,-0.015334501
1653513087.903472900,-758.316955566,-269.901214600,-28.417707443,-0.930469892,0.365875997,-0.011197710,-0.015334501
1653513087.970102787,-758.148559570,-270.032226562,-28.419799805,-0.930453490,0.366039817,-0.012314686,-0.010931759
1653513088.036796808,-758.148559570,-270.032226562,-28.419799805,-0.930453490,0.366039817,-0.012314686,-0.010931759
1653513088.103871346,-757.956054688,-270.176330566,-28.422754288,-0.930642741,0.365624554,-0.013321538,-0.006731356
1653513088.172506332,-757.956054688,-270.176330566,-28.422754288,-0.930642741,0.365624554,-0.013321538,-0.006731356
1653513088.236818552,-757.764160156,-270.326293945,-28.425672531,-0.930721204,0.365412109,-0.014804367,-0.003586346
1653513088.303655386,-757.764160156,-270.326293945,-28.425672531,-0.930721204,0.365412109,-0.014804367,-0.003586346
1653513088.370187283,-757.586791992,-270.476074219,-28.423028946,-0.930490445,0.365942959,-0.016387057,-0.002178621
1653513088.438641548,-757.586791992,-270.476074219,-28.423028946,-0.930490445,0.365942959,-0.016387057,-0.002178621
1653513088.503523588,-757.412536621,-270.640502930,-28.416778564,-0.929907640,0.367351451,-0.017828632,-0.002613786
1653513088.571213007,-757.412536621,-270.640502930,-28.416778564,-0.929907640,0.367351451,-0.017828632,-0.002613786
1653513088.636620045,-757.251220703,-270.815521240,-28.409374237,-0.928576892,0.370601239,-0.019438263,-0.004672398
1653513088.707623243,-757.251220703,-270.815521240,-28.409374237,-0.928576892,0.370601239,-0.019438263,-0.004672398
1653513088.769943237,-757.091918945,-271.004455566,-28.399431229,-0.926829962,0.374818217,-0.021194859,-0.006950105
1653513088.837103367,-757.091918945,-271.004455566,-28.399431229,-0.926829962,0.374818217,-0.021194859,-0.006950105
1653513088.904112339,-756.936706543,-271.195831299,-28.389135361,-0.925097370,0.378891955,-0.023360756,-0.009487819
1653513088.970409155,-756.936706543,-271.195831299,-28.389135361,-0.925097370,0.378891955,-0.023360756,-0.009487819
1653513089.037549019,-756.753540039,-271.400054932,-28.386693954,-0.923322660,0.383076035,-0.024574550,-0.011140374
1653513089.103466511,-756.753540039,-271.400054932,-28.386693954,-0.923322660,0.383076035,-0.024574550,-0.011140374
1653513089.170387506,-756.582214355,-271.586181641,-28.389551163,-0.922042891,0.386022800,-0.026239088,-0.011610989
1653513089.237769842,-756.582214355,-271.586181641,-28.389551163,-0.922042891,0.386022800,-0.026239088,-0.011610989
1653513089.304194927,-756.395080566,-271.773254395,-28.398344040,-0.921245388,0.387829569,-0.027868010,-0.010887335
1653513089.371492147,-756.395080566,-271.773254395,-28.398344040,-0.921245388,0.387829569,-0.027868010,-0.010887335
1653513089.445124865,-756.206237793,-271.956970215,-28.413473129,-0.920557180,0.389382085,-0.029708755,-0.008570853
1653513089.503493547,-756.206237793,-271.956970215,-28.413473129,-0.920557180,0.389382085,-0.029708755,-0.008570853
1653513089.570403814,-755.990600586,-272.152557373,-28.432390213,-0.920299939,0.389909741,-0.031271476,-0.006364867
1653513089.637622595,-755.990600586,-272.152557373,-28.432390213,-0.920299939,0.389909741,-0.031271476,-0.006364867
1653513089.703265429,-755.809814453,-272.321228027,-28.454568863,-0.919937141,0.390682462,-0.032767177,-0.003030266
1653513089.769914150,-755.809814453,-272.321228027,-28.454568863,-0.919937141,0.390682462,-0.032767177,-0.003030266
1653513089.837264299,-755.632019043,-272.498687744,-28.481048584,-0.919309072,0.392033455,-0.034351911,-0.000739224
1653513089.903506041,-755.632019043,-272.498687744,-28.481048584,-0.919309072,0.392033455,-0.034351911,-0.000739224
1653513089.970354795,-755.424987793,-272.712249756,-28.512929916,-0.918879604,0.393065294,-0.034048705,-0.000795651
1653513090.037498474,-755.424987793,-272.712249756,-28.512929916,-0.918879604,0.393065294,-0.034048705,-0.000795651
1653513090.103950977,-755.240417480,-272.927978516,-28.552944183,-0.918146056,0.394858024,-0.032935387,-0.003197104
1653513090.173419476,-755.240417480,-272.927978516,-28.552944183,-0.918146056,0.394858024,-0.032935387,-0.003197104
1653513090.237468004,-755.069458008,-273.142974854,-28.597646713,-0.916959087,0.397667608,-0.031934979,-0.005163612
1653513090.303855181,-755.069458008,-273.142974854,-28.597646713,-0.916959087,0.397667608,-0.031934979,-0.005163612
1653513090.370438814,-754.923400879,-273.344055176,-28.644405365,-0.915715393,0.400543748,-0.031473700,-0.006279404
1653513090.436730623,-754.923400879,-273.344055176,-28.644405365,-0.915715393,0.400543748,-0.031473700,-0.006279404
1653513090.503298521,-754.747741699,-273.569702148,-28.695447922,-0.914027022,0.404419357,-0.030677944,-0.007645289
1653513090.570648432,-754.747741699,-273.569702148,-28.695447922,-0.914027022,0.404419357,-0.030677944,-0.007645289
1653513090.636932373,-754.573486328,-273.799468994,-28.745716095,-0.912465437,0.407893442,-0.030388542,-0.010310328
1653513090.703697205,-754.573486328,-273.799468994,-28.745716095,-0.912465437,0.407893442,-0.030388542,-0.010310328
1653513090.769938469,-754.401306152,-274.039520264,-28.791284561,-0.910846012,0.411410280,-0.030318813,-0.013486810
1653513090.836736202,-754.401306152,-274.039520264,-28.791284561,-0.910846012,0.411410280,-0.030318813,-0.013486810
1653513090.903392792,-754.264770508,-274.250152588,-28.821983337,-0.908973659,0.415349435,-0.030735319,-0.017523555
1653513090.970309496,-754.264770508,-274.250152588,-28.821983337,-0.908973659,0.415349435,-0.030735319,-0.017523555
1653513091.036712885,-754.103698730,-274.486602783,-28.852174759,-0.907030342,0.419303863,-0.032203730,-0.021051100
1653513091.104099035,-754.103698730,-274.486602783,-28.852174759,-0.907030342,0.419303863,-0.032203730,-0.021051100
1653513091.170415640,-753.923095703,-274.730957031,-28.878738403,-0.905291070,0.422738398,-0.034237761,-0.023834864
1653513091.238491058,-753.923095703,-274.730957031,-28.878738403,-0.905291070,0.422738398,-0.034237761,-0.023834864
1653513091.303755760,-753.768310547,-274.942840576,-28.894094467,-0.903828075,0.425525006,-0.036082517,-0.026857631
1653513091.371154308,-753.768310547,-274.942840576,-28.894094467,-0.903828075,0.425525006,-0.036082517,-0.026857631
1653513091.436960220,-753.583740234,-275.179687500,-28.920509338,-0.902047444,0.429092432,-0.036940869,-0.028730942
1653513091.503216505,-753.583740234,-275.179687500,-28.920509338,-0.902047444,0.429092432,-0.036940869,-0.028730942
1653513091.571665525,-753.409179688,-275.394195557,-28.945272446,-0.900706297,0.431798401,-0.037325334,-0.029751088
1653513091.637824059,-753.409179688,-275.394195557,-28.945272446,-0.900706297,0.431798401,-0.037325334,-0.029751088
1653513091.703867435,-753.220214844,-275.609710693,-28.972627640,-0.899079085,0.435170323,-0.037177663,-0.030023497
1653513091.770173073,-753.220214844,-275.609710693,-28.972627640,-0.899079085,0.435170323,-0.037177663,-0.030023497
1653513091.837573290,-753.050048828,-275.801696777,-28.997131348,-0.897447399,0.438531961,-0.037424996,-0.029618481
1653513091.903765202,-753.050048828,-275.801696777,-28.997131348,-0.897447399,0.438531961,-0.037424996,-0.029618481
1653513091.969917059,-752.884277344,-275.986175537,-29.019575119,-0.895920081,0.441744766,-0.037608734,-0.027827206
1653513092.036611080,-752.884277344,-275.986175537,-29.019575119,-0.895920081,0.441744766,-0.037608734,-0.027827206
1653513092.103510380,-752.675415039,-276.210266113,-29.044942856,-0.894356302,0.445072647,-0.037939519,-0.024448639
1653513092.169906378,-752.675415039,-276.210266113,-29.044942856,-0.894356302,0.445072647,-0.037939519,-0.024448639
1653513092.236946106,-752.529296875,-276.375671387,-29.053253174,-0.892351996,0.449227250,-0.038424708,-0.020647874
1653513092.305253029,-752.529296875,-276.375671387,-29.053253174,-0.892351996,0.449227250,-0.038424708,-0.020647874
1653513092.370408535,-752.324462891,-276.593383789,-29.063739777,-0.890793348,0.452375126,-0.039224141,-0.017476387
1653513092.438569307,-752.324462891,-276.593383789,-29.063739777,-0.890793348,0.452375126,-0.039224141,-0.017476387
1653513092.503444672,-752.186767578,-276.766876221,-29.058759689,-0.889706513,0.454624723,-0.038359870,-0.016346304
1653513092.570056438,-752.186767578,-276.766876221,-29.058759689,-0.889706513,0.454624723,-0.038359870,-0.016346304
1653513092.636864424,-752.036621094,-276.952362061,-29.048831940,-0.888659463,0.456706487,-0.036821212,-0.018647872
1653513092.703344584,-752.036621094,-276.952362061,-29.048831940,-0.888659463,0.456706487,-0.036821212,-0.018647872
1653513092.771306276,-751.840820312,-277.181884766,-29.034803391,-0.888702792,0.456739387,-0.034401863,-0.020322219
1653513092.842029572,-751.840820312,-277.181884766,-29.034803391,-0.888702792,0.456739387,-0.034401863,-0.020322219
1653513092.903378963,-751.696350098,-277.364318848,-29.015148163,-0.889260582,0.455628153,-0.033501897,-0.022276130
1653513092.970547199,-751.696350098,-277.364318848,-29.015148163,-0.889260582,0.455628153,-0.033501897,-0.022276130
1653513093.036604404,-751.553833008,-277.533020020,-28.997041702,-0.889934596,0.454304635,-0.033663131,-0.022147402
1653513093.103225946,-751.553833008,-277.533020020,-28.997041702,-0.889934596,0.454304635,-0.033663131,-0.022147402
1653513093.171769381,-751.352233887,-277.738189697,-28.983621597,-0.890919628,0.452405335,-0.034171857,-0.020589182
1653513093.237163305,-751.352233887,-277.738189697,-28.983621597,-0.890919628,0.452405335,-0.034171857,-0.020589182
1653513093.303235292,-751.177368164,-277.924255371,-28.969034195,-0.891728531,0.450814997,-0.034801260,-0.019363306
1653513093.370108128,-751.177368164,-277.924255371,-28.969034195,-0.891728531,0.450814997,-0.034801260,-0.019363306
1653513093.436679363,-750.985961914,-278.132598877,-28.957897186,-0.891520577,0.451299289,-0.034002845,-0.019074041
1653513093.503574848,-750.985961914,-278.132598877,-28.957897186,-0.891520577,0.451299289,-0.034002845,-0.019074041
1653513093.569962025,-750.840698242,-278.314544678,-28.949592590,-0.890544752,0.453271588,-0.032638694,-0.020239253
1653513093.636954308,-750.840698242,-278.314544678,-28.949592590,-0.890544752,0.453271588,-0.032638694,-0.020239253
1653513093.703681231,-750.702819824,-278.496917725,-28.946477890,-0.888911127,0.456564099,-0.030469883,-0.021396687
1653513093.770522594,-750.702819824,-278.496917725,-28.946477890,-0.888911127,0.456564099,-0.030469883,-0.021396687
1653513093.836557627,-750.506103516,-278.734283447,-28.948417664,-0.886220592,0.461879322,-0.028025274,-0.022251694
1653513093.903503418,-750.506103516,-278.734283447,-28.948417664,-0.886220592,0.461879322,-0.028025274,-0.022251694
1653513093.970261574,-750.384887695,-278.910430908,-28.959018707,-0.883503529,0.467157827,-0.026281352,-0.022234418
1653513094.036505938,-750.384887695,-278.910430908,-28.959018707,-0.883503529,0.467157827,-0.026281352,-0.022234418
1653513094.103130341,-750.196899414,-279.131439209,-28.974205017,-0.880338715,0.473139160,-0.025436625,-0.022272436
1653513094.170091152,-750.196899414,-279.131439209,-28.974205017,-0.880338715,0.473139160,-0.025436625,-0.022272436
1653513094.236707211,-750.009216309,-279.332763672,-28.994155884,-0.877755242,0.478026399,-0.025104396,-0.020156043
1653513094.304906845,-750.009216309,-279.332763672,-28.994155884,-0.877755242,0.478026399,-0.025104396,-0.020156043
1653513094.370383263,-749.801574707,-279.525665283,-29.021862030,-0.876182451,0.481020757,-0.026150797,-0.015475104
1653513094.438392162,-749.801574707,-279.525665283,-29.021862030,-0.876182451,0.481020757,-0.026150797,-0.015475104
1653513094.503494501,-749.594604492,-279.693817139,-29.056468964,-0.875890185,0.481605166,-0.027625669,-0.010472341
1653513094.570007324,-749.594604492,-279.693817139,-29.056468964,-0.875890185,0.481605166,-0.027625669,-0.010472341
1653513094.636558533,-749.359619141,-279.877105713,-29.096698761,-0.875930466,0.481488395,-0.029711313,-0.005655220
1653513094.703752756,-749.359619141,-279.877105713,-29.096698761,-0.875930466,0.481488395,-0.029711313,-0.005655220
1653513094.772820950,-749.141418457,-280.047576904,-29.139596939,-0.876931463,0.479500488,-0.032668746,-0.001801462
1653513094.837227106,-749.141418457,-280.047576904,-29.139596939,-0.876931463,0.479500488,-0.032668746,-0.001801462
1653513094.905578852,-748.915039062,-280.230438232,-29.182586670,-0.878322656,0.476665941,-0.036558140,0.001547460
1653513094.970039845,-748.915039062,-280.230438232,-29.182586670,-0.878322656,0.476665941,-0.036558140,0.001547460
1653513095.037355661,-748.705810547,-280.417175293,-29.220230103,-0.879662829,0.473851749,-0.040635132,0.002571736
1653513095.103327990,-748.705810547,-280.417175293,-29.220230103,-0.879662829,0.473851749,-0.040635132,0.002571736
1653513095.170671701,-748.520751953,-280.606353760,-29.255790710,-0.880975846,0.471108856,-0.044008151,0.001134748
1653513095.236944437,-748.520751953,-280.606353760,-29.255790710,-0.880975846,0.471108856,-0.044008151,0.001134748
1653513095.303259134,-748.324829102,-280.819091797,-29.295501709,-0.881949317,0.468983835,-0.047033467,-0.002723409
1653513095.370028496,-748.324829102,-280.819091797,-29.295501709,-0.881949317,0.468983835,-0.047033467,-0.002723409
1653513095.436824560,-748.161315918,-281.019683838,-29.333391190,-0.882658667,0.467422728,-0.048904315,-0.006167623
1653513095.503251791,-748.161315918,-281.019683838,-29.333391190,-0.882658667,0.467422728,-0.048904315,-0.006167623
1653513095.570787907,-747.967712402,-281.248382568,-29.376344681,-0.882962156,0.466636443,-0.050349816,-0.009651747
1653513095.636863947,-747.967712402,-281.248382568,-29.376344681,-0.882962156,0.466636443,-0.050349816,-0.009651747
1653513095.704141140,-747.805114746,-281.468231201,-29.412246704,-0.882735113,0.466864308,-0.051607459,-0.012373697
1653513095.769953251,-747.805114746,-281.468231201,-29.412246704,-0.882735113,0.466864308,-0.051607459,-0.012373697
1653513095.836585283,-747.676391602,-281.672912598,-29.439266205,-0.881632672,0.468748771,-0.052769064,-0.014623527
1653513095.907155752,-747.676391602,-281.672912598,-29.439266205,-0.881632672,0.468748771,-0.052769064,-0.014623527
1653513095.969983339,-747.509582520,-281.910339355,-29.469070435,-0.880611191,0.470615332,-0.052799218,-0.016043145
1653513096.036548376,-747.509582520,-281.910339355,-29.469070435,-0.880611191,0.470615332,-0.052799218,-0.016043145
1653513096.103195906,-747.379577637,-282.124298096,-29.484680176,-0.879275919,0.473042251,-0.053024959,-0.017124254
1653513096.170438766,-747.379577637,-282.124298096,-29.484680176,-0.879275919,0.473042251,-0.053024959,-0.017124254
1653513096.237437487,-747.242370605,-282.343353271,-29.494226456,-0.877468785,0.476198625,-0.054546365,-0.017552655
1653513096.303503513,-747.242370605,-282.343353271,-29.494226456,-0.877468785,0.476198625,-0.054546365,-0.017552655
1653513096.371415854,-747.098144531,-282.563476562,-29.495519638,-0.875919802,0.478840163,-0.056348669,-0.017361613
1653513096.437795639,-747.098144531,-282.563476562,-29.495519638,-0.875919802,0.478840163,-0.056348669,-0.017361613
1653513096.503404856,-746.958557129,-282.774963379,-29.493293762,-0.874796630,0.480629356,-0.058630377,-0.016992847
1653513096.569796324,-746.958557129,-282.774963379,-29.493293762,-0.874796630,0.480629356,-0.058630377,-0.016992847
1653513096.636634588,-746.818359375,-282.982574463,-29.496225357,-0.874044484,0.481796625,-0.060448390,-0.016255615
1653513096.703227282,-746.818359375,-282.982574463,-29.496225357,-0.874044484,0.481796625,-0.060448390,-0.016255615
1653513096.770377874,-746.697814941,-283.177947998,-29.503326416,-0.873921898,0.481854364,-0.061951263,-0.015457361
1653513096.836763382,-746.697814941,-283.177947998,-29.503326416,-0.873921898,0.481854364,-0.061951263,-0.015457361
1653513096.904906511,-746.589111328,-283.359771729,-29.513460159,-0.873750485,0.482059050,-0.062900698,-0.014921932
1653513096.970194817,-746.589111328,-283.359771729,-29.513460159,-0.873750485,0.482059050,-0.062900698,-0.014921932
1653513097.036877632,-746.464660645,-283.563934326,-29.531373978,-0.874034150,0.481421044,-0.063907823,-0.014624382
1653513097.104210615,-746.464660645,-283.563934326,-29.531373978,-0.874034150,0.481421044,-0.063907823,-0.014624382
1653513097.170763731,-746.361572266,-283.755615234,-29.553537369,-0.874860767,0.479781153,-0.064425640,-0.016673969
1653513097.236441612,-746.361572266,-283.755615234,-29.553537369,-0.874860767,0.479781153,-0.064425640,-0.016673969
1653513097.303555489,-746.273498535,-283.945648193,-29.581254959,-0.875991334,0.477641159,-0.063489034,-0.021615934
1653513097.369893551,-746.273498535,-283.945648193,-29.581254959,-0.875991334,0.477641159,-0.063489034,-0.021615934
1653513097.437802553,-746.205627441,-284.124206543,-29.619737625,-0.876710185,0.476187771,-0.062007957,-0.027919039
1653513097.509837389,-746.205627441,-284.124206543,-29.619737625,-0.876710185,0.476187771,-0.062007957,-0.027919039
1653513097.569800615,-746.130615234,-284.320343018,-29.668302536,-0.877271608,0.475220271,-0.059898482,-0.031183177
1653513097.637128353,-746.130615234,-284.320343018,-29.668302536,-0.877271608,0.475220271,-0.059898482,-0.031183177
1653513097.705577850,-746.081909180,-284.490478516,-29.716051102,-0.877497952,0.474927535,-0.058052040,-0.032728302
1653513097.770046711,-746.081909180,-284.490478516,-29.716051102,-0.877497952,0.474927535,-0.058052040,-0.032728302
1653513097.837399244,-746.043823242,-284.664001465,-29.767395020,-0.876586902,0.476727062,-0.055759783,-0.034893524
1653513097.904167652,-746.043823242,-284.664001465,-29.767395020,-0.876586902,0.476727062,-0.055759783,-0.034893524
1653513097.970353127,-746.012634277,-284.832092285,-29.820648193,-0.875690214,0.478518959,-0.053505905,-0.036378205
1653513098.037791014,-746.012634277,-284.832092285,-29.820648193,-0.875690214,0.478518959,-0.053505905,-0.036378205
1653513098.103985786,-745.967346191,-285.016693115,-29.881896973,-0.874829358,0.480324540,-0.051404443,-0.036325108
1653513098.170916319,-745.967346191,-285.016693115,-29.881896973,-0.874829358,0.480324540,-0.051404443,-0.036325108
1653513098.239116907,-745.950744629,-285.141937256,-29.937088013,-0.873673080,0.482535838,-0.050082091,-0.036691938
1653513098.307355881,-745.950744629,-285.141937256,-29.937088013,-0.873673080,0.482535838,-0.050082091,-0.036691938
1653513098.370332241,-745.888977051,-285.319671631,-30.001430511,-0.872793368,0.484279807,-0.048939742,-0.036189876
1653513098.436947107,-745.888977051,-285.319671631,-30.001430511,-0.872793368,0.484279807,-0.048939742,-0.036189876
1653513098.505604982,-745.840698242,-285.457031250,-30.061290741,-0.871909519,0.485732179,-0.049834323,-0.036804647
1653513098.569824219,-745.840698242,-285.457031250,-30.061290741,-0.871909519,0.485732179,-0.049834323,-0.036804647
1653513098.636430979,-745.793090820,-285.580505371,-30.121944427,-0.871216279,0.486883541,-0.050517439,-0.037075601
1653513098.703746796,-745.793090820,-285.580505371,-30.121944427,-0.871216279,0.486883541,-0.050517439,-0.037075601
1653513098.771059275,-745.751281738,-285.694030762,-30.184106827,-0.870572467,0.487914811,-0.052386374,-0.036033110
1653513098.836677313,-745.751281738,-285.694030762,-30.184106827,-0.870572467,0.487914811,-0.052386374,-0.036033110
1653513098.903956890,-745.707946777,-285.808563232,-30.250394821,-0.869793755,0.489360114,-0.052649054,-0.034836478
1653513098.969783783,-745.707946777,-285.808563232,-30.250394821,-0.869793755,0.489360114,-0.052649054,-0.034836478
1653513099.036674976,-745.659729004,-285.926849365,-30.320924759,-0.869303126,0.490263205,-0.052820564,-0.034118210
1653513099.103584528,-745.659729004,-285.926849365,-30.320924759,-0.869303126,0.490263205,-0.052820564,-0.034118210
1653513099.170124292,-745.616455078,-286.039978027,-30.392427444,-0.869292959,0.490297876,-0.052766553,-0.033962256
1653513099.241071463,-745.616455078,-286.039978027,-30.392427444,-0.869292959,0.490297876,-0.052766553,-0.033962256
1653513099.303997040,-745.580078125,-286.152252197,-30.467737198,-0.868536487,0.491797932,-0.052071405,-0.032676191
1653513099.370102882,-745.580078125,-286.152252197,-30.467737198,-0.868536487,0.491797932,-0.052071405,-0.032676191
1653513099.438341379,-745.544006348,-286.256225586,-30.549953461,-0.868093176,0.492729564,-0.050402823,-0.033035885
1653513099.503324986,-745.544006348,-286.256225586,-30.549953461,-0.868093176,0.492729564,-0.050402823,-0.033035885
1653513099.572387934,-745.497314453,-286.367126465,-30.631305695,-0.867596165,0.493766525,-0.048672916,-0.033203323
1653513099.636506081,-745.497314453,-286.367126465,-30.631305695,-0.867596165,0.493766525,-0.048672916,-0.033203323
1653513099.704941511,-745.454589844,-286.457580566,-30.712322235,-0.867730862,0.493620875,-0.048353545,-0.032303516
1653513099.770520449,-745.454589844,-286.457580566,-30.712322235,-0.867730862,0.493620875,-0.048353545,-0.032303516
1653513099.836371660,-745.414245605,-286.538543701,-30.781833649,-0.867862590,0.493427817,-0.048927039,-0.030816540
1653513099.904229641,-745.414245605,-286.538543701,-30.781833649,-0.867862590,0.493427817,-0.048927039,-0.030816540
1653513099.969869137,-745.377136230,-286.614196777,-30.864326477,-0.867769396,0.493650452,-0.049549892,-0.028815170
1653513100.038903475,-745.377136230,-286.614196777,-30.864326477,-0.867769396,0.493650452,-0.049549892,-0.028815170
1653513100.104021788,-745.351196289,-286.673675537,-30.936584473,-0.867961112,0.493413361,-0.049878430,-0.026436819
1653513100.170531034,-745.351196289,-286.673675537,-30.936584473,-0.867961112,0.493413361,-0.049878430,-0.026436819
1653513100.236579895,-745.326110840,-286.738006592,-31.027002335,-0.868175867,0.492850246,-0.051380474,-0.027006403
1653513100.304125547,-745.326110840,-286.738006592,-31.027002335,-0.868175867,0.492850246,-0.051380474,-0.027006403
1653513100.369740963,-745.297241211,-286.813262939,-31.120635986,-0.869381561,0.490762361,-0.049536330,-0.029566156
1653513100.436618567,-745.297241211,-286.813262939,-31.120635986,-0.869381561,0.490762361,-0.049536330,-0.029566156
1653513100.504325390,-745.284301758,-286.871978760,-31.216751099,-0.870685766,0.488541162,-0.046553263,-0.032659210
1653513100.570375681,-745.284301758,-286.871978760,-31.216751099,-0.870685766,0.488541162,-0.046553263,-0.032659210
1653513100.638566732,-745.286499023,-286.913879395,-31.296083450,-0.872226301,0.485982122,-0.043069337,-0.034462854
1653513100.703291416,-745.286499023,-286.913879395,-31.296083450,-0.872226301,0.485982122,-0.043069337,-0.034462854
1653513100.769775867,-745.274719238,-286.961547852,-31.385200500,-0.873307887,0.484295251,-0.041003294,-0.033319276
1653513100.836735725,-745.274719238,-286.961547852,-31.385200500,-0.873307887,0.484295251,-0.041003294,-0.033319276
1653513100.903906345,-745.244323730,-287.043853760,-31.489677429,-0.874201513,0.482928501,-0.039414062,-0.031596023
1653513100.969745159,-745.244323730,-287.043853760,-31.489677429,-0.874201513,0.482928501,-0.039414062,-0.031596023
1653513101.036355972,-745.236938477,-287.098663330,-31.568975449,-0.874869229,0.481886060,-0.036699176,-0.032292828
1653513101.104979753,-745.236938477,-287.098663330,-31.568975449,-0.874869229,0.481886060,-0.036699176,-0.032292828
1653513101.170901299,-745.242370605,-287.138732910,-31.625320435,-0.875528988,0.480728833,-0.032416992,-0.036026649
1653513101.237215996,-745.242370605,-287.138732910,-31.625320435,-0.875528988,0.480728833,-0.032416992,-0.036026649
1653513101.303819180,-745.246215820,-287.192138672,-31.706144333,-0.875465446,0.481011089,-0.028289566,-0.037259713
1653513101.369878531,-745.246215820,-287.192138672,-31.706144333,-0.875465446,0.481011089,-0.028289566,-0.037259713
1653513101.436286211,-745.247070312,-287.221435547,-31.761255264,-0.875011332,0.481948499,-0.027470862,-0.036416534
1653513101.503139257,-745.247070312,-287.221435547,-31.761255264,-0.875011332,0.481948499,-0.027470862,-0.036416534
1653513101.569857597,-745.241516113,-287.253601074,-31.835119247,-0.874032846,0.484037663,-0.028365027,-0.031137610
1653513101.638146400,-745.241516113,-287.253601074,-31.835119247,-0.874032846,0.484037663,-0.028365027,-0.031137610
1653513101.705994606,-745.218750000,-287.316406250,-31.934383392,-0.873135100,0.485802894,-0.030551495,-0.026405526
1653513101.769755363,-745.218750000,-287.316406250,-31.934383392,-0.873135100,0.485802894,-0.030551495,-0.026405526
1653513101.837320805,-745.217224121,-287.350524902,-32.000415802,-0.872524208,0.487000468,-0.030599438,-0.024407484
1653513101.903564692,-745.217224121,-287.350524902,-32.000415802,-0.872524208,0.487000468,-0.030599438,-0.024407484
1653513101.970724344,-745.231445312,-287.353546143,-32.005378723,-0.872784364,0.486646616,-0.028589748,-0.024599822
1653513102.036625624,-745.231445312,-287.353546143,-32.005378723,-0.872784364,0.486646616,-0.028589748,-0.024599822
1653513102.104099274,-745.223388672,-287.387207031,-32.055641174,-0.873248811,0.485946891,-0.026190544,-0.024620913
1653513102.169761658,-745.223388672,-287.387207031,-32.055641174,-0.873248811,0.485946891,-0.026190544,-0.024620913
1653513102.237428188,-745.212707520,-287.422027588,-32.093402863,-0.873365363,0.485805671,-0.025329835,-0.024170066
1653513102.303252220,-745.212707520,-287.422027588,-32.093402863,-0.873365363,0.485805671,-0.025329835,-0.024170066
1653513102.370064020,-745.192626953,-287.460906982,-32.127056122,-0.873824312,0.485023536,-0.024927609,-0.023703480
1653513102.436541080,-745.192626953,-287.460906982,-32.127056122,-0.873824312,0.485023536,-0.024927609,-0.023703480
1653513102.503147602,-745.167968750,-287.480010986,-32.158271790,-0.875074784,0.482707013,-0.025130073,-0.024628051
1653513102.569645166,-745.167968750,-287.480010986,-32.158271790,-0.875074784,0.482707013,-0.025130073,-0.024628051
1653513102.636395693,-745.134826660,-287.497894287,-32.193199158,-0.876656643,0.479780997,-0.025344945,-0.025317175
1653513102.703693867,-745.134826660,-287.497894287,-32.193199158,-0.876656643,0.479780997,-0.025344945,-0.025317175
1653513102.770457983,-745.101623535,-287.506408691,-32.206760406,-0.878991734,0.475408709,-0.025771670,-0.026380135
1653513102.836500406,-745.101623535,-287.506408691,-32.206760406,-0.878991734,0.475408709,-0.025771670,-0.026380135
1653513102.903528929,-745.062622070,-287.527770996,-32.243118286,-0.880751227,0.471993313,-0.026606922,-0.028136461
1653513102.969876051,-745.062622070,-287.527770996,-32.243118286,-0.880751227,0.471993313,-0.026606922,-0.028136461
1653513103.038102627,-745.031433105,-287.559082031,-32.270839691,-0.880388685,0.472371583,-0.027796779,-0.031752001
1653513103.103633642,-745.031433105,-287.559082031,-32.270839691,-0.880388685,0.472371583,-0.027796779,-0.031752001
1653513103.170266867,-745.009277344,-287.597534180,-32.309070587,-0.878136026,0.476247333,-0.029313961,-0.034731693
1653513103.237084389,-745.009277344,-287.597534180,-32.309070587,-0.878136026,0.476247333,-0.029313961,-0.034731693
1653513103.303250551,-744.977416992,-287.658630371,-32.370121002,-0.875494285,0.480821094,-0.031220415,-0.036689478
1653513103.370544195,-744.977416992,-287.658630371,-32.370121002,-0.875494285,0.480821094,-0.031220415,-0.036689478
1653513103.436513901,-744.955261230,-287.696929932,-32.421688080,-0.873240818,0.484832251,-0.031655110,-0.037230588
1653513103.503788948,-744.955261230,-287.696929932,-32.421688080,-0.873240818,0.484832251,-0.031655110,-0.037230588
1653513103.569785833,-744.929077148,-287.705413818,-32.452701569,-0.871638376,0.487819890,-0.032051538,-0.035369408
1653513103.636470556,-744.929077148,-287.705413818,-32.452701569,-0.871638376,0.487819890,-0.032051538,-0.035369408
1653513103.703319311,-744.876953125,-287.716644287,-32.513267517,-0.871141073,0.489074735,-0.032388411,-0.029497894
1653513103.769805670,-744.876953125,-287.716644287,-32.513267517,-0.871141073,0.489074735,-0.032388411,-0.029497894
1653513103.838353634,-744.802734375,-287.722412109,-32.570995331,-0.871716500,0.488224954,-0.035235330,-0.022476850
1653513103.903197527,-744.802734375,-287.722412109,-32.570995331,-0.871716500,0.488224954,-0.035235330,-0.022476850
1653513103.972465992,-744.740966797,-287.712707520,-32.607917786,-0.872861254,0.486208879,-0.038244388,-0.015859518
1653513104.036476374,-744.740966797,-287.712707520,-32.607917786,-0.872861254,0.486208879,-0.038244388,-0.015859518
1653513104.103299379,-744.677978516,-287.713500977,-32.640960693,-0.873983219,0.484140851,-0.040171717,-0.012132687
1653513104.172963142,-744.677978516,-287.713500977,-32.640960693,-0.873983219,0.484140851,-0.040171717,-0.012132687
1653513104.236424685,-744.627258301,-287.719299316,-32.665679932,-0.874370564,0.483422720,-0.040598799,-0.011416112
1653513104.305507183,-744.627258301,-287.719299316,-32.665679932,-0.874370564,0.483422720,-0.040598799,-0.011416112
1653513104.374443054,-744.590087891,-287.732940674,-32.674964905,-0.874899397,0.482366418,-0.041651212,-0.011783929
1653513104.436755657,-744.590087891,-287.732940674,-32.674964905,-0.874899397,0.482366418,-0.041651212,-0.011783929
1653513104.503531694,-744.564208984,-287.758209229,-32.685554504,-0.874137480,0.483757983,-0.041727529,-0.010986031
1653513104.569940329,-744.564208984,-287.758209229,-32.685554504,-0.874137480,0.483757983,-0.041727529,-0.010986031
1653513104.637089968,-744.547241211,-287.788940430,-32.695838928,-0.873014827,0.485763739,-0.041309000,-0.013125096
1653513104.703307629,-744.547241211,-287.788940430,-32.695838928,-0.873014827,0.485763739,-0.041309000,-0.013125096
1653513104.770014763,-744.547851562,-287.821380615,-32.711174011,-0.871666634,0.488167567,-0.040580855,-0.015585262
1653513104.836340427,-744.547851562,-287.821380615,-32.711174011,-0.871666634,0.488167567,-0.040580855,-0.015585262
1653513104.903681278,-744.541137695,-287.852569580,-32.726406097,-0.871154855,0.489032512,-0.040078741,-0.018169072
1653513104.972533941,-744.541137695,-287.852569580,-32.726406097,-0.871154855,0.489032512,-0.040078741,-0.018169072
1653513105.037299156,-744.529907227,-287.880371094,-32.749893188,-0.871131668,0.489047443,-0.039301436,-0.020435588
1653513105.103098154,-744.529907227,-287.880371094,-32.749893188,-0.871131668,0.489047443,-0.039301436,-0.020435588
1653513105.171151638,-744.515014648,-287.905120850,-32.778182983,-0.871543885,0.488275857,-0.039416920,-0.021077232
1653513105.236464977,-744.515014648,-287.905120850,-32.778182983,-0.871543885,0.488275857,-0.039416920,-0.021077232
1653513105.303493738,-744.502197266,-287.924743652,-32.811180115,-0.871956115,0.487525019,-0.040585600,-0.019097110
1653513105.369812727,-744.502197266,-287.924743652,-32.811180115,-0.871956115,0.487525019,-0.040585600,-0.019097110
1653513105.436817646,-744.489013672,-287.942230225,-32.839820862,-0.872787394,0.486073720,-0.040889996,-0.017392861
1653513105.503356695,-744.489013672,-287.942230225,-32.839820862,-0.872787394,0.486073720,-0.040889996,-0.017392861
1653513105.572499037,-744.477050781,-287.958648682,-32.878097534,-0.874418545,0.483242625,-0.039370726,-0.017852705
1653513105.636432171,-744.477050781,-287.958648682,-32.878097534,-0.874418545,0.483242625,-0.039370726,-0.017852705
1653513105.703423977,-744.465942383,-287.975799561,-32.921001434,-0.876219793,0.480075261,-0.037124298,-0.019707970
1653513105.769799232,-744.465942383,-287.975799561,-32.921001434,-0.876219793,0.480075261,-0.037124298,-0.019707970
1653513105.836704254,-744.456848145,-287.993072510,-32.966388702,-0.878312480,0.476368940,-0.033932265,-0.022100264
1653513105.903565407,-744.456848145,-287.993072510,-32.966388702,-0.878312480,0.476368940,-0.033932265,-0.022100264
1653513105.969655275,-744.453308105,-288.011779785,-33.015274048,-0.879347153,0.474567805,-0.031814389,-0.022843560
1653513106.036425591,-744.453308105,-288.011779785,-33.015274048,-0.879347153,0.474567805,-0.031814389,-0.022843560
1653513106.102975130,-744.458557129,-288.029937744,-33.054458618,-0.879529948,0.474297074,-0.031748503,-0.021479951
1653513106.170122147,-744.458557129,-288.029937744,-33.054458618,-0.879529948,0.474297074,-0.031748503,-0.021479951
1653513106.236977577,-744.470520020,-288.058380127,-33.096244812,-0.878979871,0.475348597,-0.032465667,-0.019597897
1653513106.304069042,-744.470520020,-288.058380127,-33.096244812,-0.878979871,0.475348597,-0.032465667,-0.019597897
1653513106.369701147,-744.485229492,-288.093048096,-33.135089874,-0.878181566,0.476907903,-0.031096838,-0.019722449
1653513106.437458992,-744.485229492,-288.093048096,-33.135089874,-0.878181566,0.476907903,-0.031096838,-0.019722449
1653513106.503532648,-744.490112305,-288.129943848,-33.176429749,-0.877917570,0.477522810,-0.028626987,-0.020327345
1653513106.569948196,-744.490112305,-288.129943848,-33.176429749,-0.877917570,0.477522810,-0.028626987,-0.020327345
1653513106.636437416,-744.490417480,-288.155883789,-33.215698242,-0.878739263,0.476070329,-0.026954080,-0.021161933
1653513106.704164267,-744.490417480,-288.155883789,-33.215698242,-0.878739263,0.476070329,-0.026954080,-0.021161933
1653513106.769970417,-744.480163574,-288.172698975,-33.243225098,-0.881012576,0.471878210,-0.027376347,-0.019958235
1653513106.836457491,-744.480163574,-288.172698975,-33.243225098,-0.881012576,0.471878210,-0.027376347,-0.019958235
1653513106.904281378,-744.461303711,-288.190704346,-33.275489807,-0.884030647,0.466165427,-0.028932316,-0.018507577
1653513106.970066071,-744.461303711,-288.190704346,-33.275489807,-0.884030647,0.466165427,-0.028932316,-0.018507577
1653513107.036366940,-744.452331543,-288.214447021,-33.297897339,-0.886181542,0.461972093,-0.030579861,-0.018136481
1653513107.103310823,-744.452331543,-288.214447021,-33.297897339,-0.886181542,0.461972093,-0.030579861,-0.018136481
1653513107.169622421,-744.456665039,-288.250213623,-33.332969666,-0.887409989,0.459446909,-0.031576350,-0.020371133
1653513107.236374378,-744.456665039,-288.250213623,-33.332969666,-0.887409989,0.459446909,-0.031576350,-0.020371133
1653513107.303328514,-744.470031738,-288.293853760,-33.367427826,-0.888477678,0.457262782,-0.030455070,-0.024303349
1653513107.369982958,-744.470031738,-288.293853760,-33.367427826,-0.888477678,0.457262782,-0.030455070,-0.024303349
1653513107.436282158,-744.496826172,-288.346069336,-33.410858154,-0.889104715,0.455802674,-0.028451446,-0.030450672
1653513107.503490210,-744.496826172,-288.346069336,-33.410858154,-0.889104715,0.455802674,-0.028451446,-0.030450672
1653513107.569704533,-744.527038574,-288.407043457,-33.451736450,-0.888851636,0.456050899,-0.025176717,-0.036420871
1653513107.636731148,-744.527038574,-288.407043457,-33.451736450,-0.888851636,0.456050899,-0.025176717,-0.036420871
1653513107.703015089,-744.561096191,-288.466217041,-33.492416382,-0.888262577,0.456848417,-0.021943007,-0.042398386
1653513107.769996881,-744.561096191,-288.466217041,-33.492416382,-0.888262577,0.456848417,-0.021943007,-0.042398386
1653513107.836564779,-744.585449219,-288.523376465,-33.537460327,-0.887249922,0.458621549,-0.020611602,-0.045044559
1653513107.903425455,-744.585449219,-288.523376465,-33.537460327,-0.887249922,0.458621549,-0.020611602,-0.045044559
1653513107.969791651,-744.596679688,-288.572418213,-33.580776215,-0.886380157,0.460428547,-0.021293470,-0.043386159
1653513108.037238836,-744.596679688,-288.572418213,-33.580776215,-0.886380157,0.460428547,-0.021293470,-0.043386159
1653513108.103199720,-744.593444824,-288.611083984,-33.618835449,-0.886273843,0.460735789,-0.022293303,-0.041763830
1653513108.171427250,-744.593444824,-288.611083984,-33.618835449,-0.886273843,0.460735789,-0.022293303,-0.041763830
1653513108.236317635,-744.576049805,-288.634490967,-33.651767731,-0.886877648,0.459638949,-0.023622202,-0.040274885
1653513108.303046942,-744.576049805,-288.634490967,-33.651767731,-0.886877648,0.459638949,-0.023622202,-0.040274885
1653513108.370073080,-744.551025391,-288.653350830,-33.691425323,-0.887998445,0.457439265,-0.024945840,-0.039821933
1653513108.436401367,-744.551025391,-288.653350830,-33.691425323,-0.887998445,0.457439265,-0.024945840,-0.039821933
1653513108.503463507,-744.519653320,-288.670471191,-33.731639862,-0.889271525,0.455085441,-0.024808410,-0.038443961
1653513108.569967747,-744.519653320,-288.670471191,-33.731639862,-0.889271525,0.455085441,-0.024808410,-0.038443961
1653513108.636328936,-744.486206055,-288.685211182,-33.773162842,-0.890028894,0.453713626,-0.026287736,-0.036075864
1653513108.703179359,-744.486206055,-288.685211182,-33.773162842,-0.890028894,0.453713626,-0.026287736,-0.036075864
1653513108.771397352,-744.452697754,-288.696838379,-33.808345795,-0.890654793,0.452564235,-0.028483016,-0.033292197
1653513108.836324453,-744.452697754,-288.696838379,-33.808345795,-0.890654793,0.452564235,-0.028483016,-0.033292197
1653513108.902985334,-744.422302246,-288.712432861,-33.843551636,-0.890746900,0.452357804,-0.030151466,-0.032144450
1653513108.969967842,-744.422302246,-288.712432861,-33.843551636,-0.890746900,0.452357804,-0.030151466,-0.032144450
1653513109.037387133,-744.392150879,-288.731750488,-33.878559113,-0.890505006,0.452784384,-0.030679125,-0.032340799
1653513109.103049040,-744.392150879,-288.731750488,-33.878559113,-0.890505006,0.452784384,-0.030679125,-0.032340799
1653513109.169563293,-744.359985352,-288.745269775,-33.912361145,-0.890487976,0.452719424,-0.031932063,-0.032505866
1653513109.236780882,-744.359985352,-288.745269775,-33.912361145,-0.890487976,0.452719424,-0.031932063,-0.032505866
1653513109.303071022,-744.325012207,-288.755798340,-33.948059082,-0.890539007,0.452488014,-0.033823174,-0.032417071
1653513109.369539261,-744.325012207,-288.755798340,-33.948059082,-0.890539007,0.452488014,-0.033823174,-0.032417071
1653513109.439330816,-744.289794922,-288.759307861,-33.982238770,-0.890373804,0.452722836,-0.036150406,-0.031139544
1653513109.504407644,-744.289794922,-288.759307861,-33.982238770,-0.890373804,0.452722836,-0.036150406,-0.031139544
1653513109.569746494,-744.243896484,-288.760406494,-34.022197723,-0.890634485,0.452194814,-0.038199753,-0.028824346
1653513109.637364149,-744.243896484,-288.760406494,-34.022197723,-0.890634485,0.452194814,-0.038199753,-0.028824346
1653513109.703591585,-744.202331543,-288.755401611,-34.054378510,-0.890967051,0.451461931,-0.040773469,-0.026407632
1653513109.770133495,-744.202331543,-288.755401611,-34.054378510,-0.890967051,0.451461931,-0.040773469,-0.026407632
1653513109.837481022,-744.155090332,-288.749633789,-34.092872620,-0.891161927,0.451038692,-0.042762306,-0.023788705
1653513109.903164864,-744.155090332,-288.749633789,-34.092872620,-0.891161927,0.451038692,-0.042762306,-0.023788705
1653513109.969664335,-744.114074707,-288.743865967,-34.130779266,-0.891376289,0.450575606,-0.044595043,-0.021005155
1653513110.036591291,-744.114074707,-288.743865967,-34.130779266,-0.891376289,0.450575606,-0.044595043,-0.021005155
1653513110.103851318,-744.083557129,-288.739196777,-34.165027618,-0.891040881,0.451188156,-0.046335549,-0.018122174
1653513110.169785738,-744.083557129,-288.739196777,-34.165027618,-0.891040881,0.451188156,-0.046335549,-0.018122174
1653513110.237700224,-744.065979004,-288.737670898,-34.195896149,-0.889986508,0.453216251,-0.047527909,-0.016128978
1653513110.303680420,-744.065979004,-288.737670898,-34.195896149,-0.889986508,0.453216251,-0.047527909,-0.016128978
1653513110.369691133,-744.047790527,-288.736267090,-34.233333588,-0.889144885,0.454846287,-0.048169329,-0.014695040
1653513110.436315060,-744.047790527,-288.736267090,-34.233333588,-0.889144885,0.454846287,-0.048169329,-0.014695040
1653513110.504213572,-744.036376953,-288.735412598,-34.263919830,-0.888560894,0.456115725,-0.047176428,-0.013869664
1653513110.569657087,-744.036376953,-288.735412598,-34.263919830,-0.888560894,0.456115725,-0.047176428,-0.013869664
1653513110.636338949,-744.021484375,-288.731018066,-34.300144196,-0.888668815,0.456059654,-0.045957788,-0.012853432
1653513110.703925848,-744.021484375,-288.731018066,-34.300144196,-0.888668815,0.456059654,-0.045957788,-0.012853432
1653513110.770068407,-744.002441406,-288.720520020,-34.334777832,-0.889665908,0.454242948,-0.044803694,-0.012269687
1653513110.836251497,-744.002441406,-288.720520020,-34.334777832,-0.889665908,0.454242948,-0.044803694,-0.012269687
1653513110.903318644,-743.983825684,-288.707672119,-34.374942780,-0.891257927,0.451326899,-0.043360746,-0.009120530
1653513110.970070601,-743.983825684,-288.707672119,-34.374942780,-0.891257927,0.451326899,-0.043360746,-0.009120530
1653513111.036360025,-743.971923828,-288.698669434,-34.407596588,-0.892458797,0.449159026,-0.041575819,-0.006701961
1653513111.103471041,-743.971923828,-288.698669434,-34.407596588,-0.892458797,0.449159026,-0.041575819,-0.006701961
1653513111.169856071,-743.969848633,-288.697540283,-34.441677094,-0.893685359,0.446892658,-0.039458794,-0.007512358
1653513111.238117933,-743.969848633,-288.697540283,-34.441677094,-0.893685359,0.446892658,-0.039458794,-0.007512358
1653513111.303052664,-743.982971191,-288.709930420,-34.469657898,-0.894469806,0.445486967,-0.036620773,-0.011137670
1653513111.369819403,-743.982971191,-288.709930420,-34.469657898,-0.894469806,0.445486967,-0.036620773,-0.011137670
1653513111.436264753,-744.005249023,-288.731323242,-34.500968933,-0.894485881,0.445507939,-0.033696309,-0.016800126
1653513111.504684925,-744.005249023,-288.731323242,-34.500968933,-0.894485881,0.445507939,-0.033696309,-0.016800126
1653513111.571039677,-744.031127930,-288.755920410,-34.533706665,-0.893611085,0.447282290,-0.031427365,-0.020251013
1653513111.636807442,-744.031127930,-288.755920410,-34.533706665,-0.893611085,0.447282290,-0.031427365,-0.020251013
1653513111.703723907,-744.054016113,-288.780975342,-34.561752319,-0.892194328,0.450054138,-0.031387176,-0.021340081
1653513111.769697666,-744.054016113,-288.780975342,-34.561752319,-0.892194328,0.450054138,-0.031387176,-0.021340081
1653513111.836372137,-744.069580078,-288.801727295,-34.586147308,-0.890777210,0.452806582,-0.031507230,-0.022123677
1653513111.903351545,-744.069580078,-288.801727295,-34.586147308,-0.890777210,0.452806582,-0.031507230,-0.022123677
1653513111.969746590,-744.069824219,-288.813720703,-34.614196777,-0.890770024,0.452833208,-0.031775694,-0.021474548
1653513112.036698580,-744.069824219,-288.813720703,-34.614196777,-0.890770024,0.452833208,-0.031775694,-0.021474548
1653513112.103734970,-744.059875488,-288.818939209,-34.643131256,-0.891632391,0.451140143,-0.031895690,-0.021140363
1653513112.169908285,-744.059875488,-288.818939209,-34.643131256,-0.891632391,0.451140143,-0.031895690,-0.021140363
1653513112.236343384,-744.038085938,-288.818054199,-34.671421051,-0.893342004,0.447740011,-0.032425153,-0.020434208
1653513112.303010941,-744.038085938,-288.818054199,-34.671421051,-0.893342004,0.447740011,-0.032425153,-0.020434208
1653513112.369526386,-744.016113281,-288.818206787,-34.697334290,-0.895024144,0.444306861,-0.033725017,-0.019642244
1653513112.436528683,-744.016113281,-288.818206787,-34.697334290,-0.895024144,0.444306861,-0.033725017,-0.019642244
1653513112.503472805,-744.004028320,-288.824096680,-34.722087860,-0.895673855,0.442900143,-0.034730806,-0.020039480
1653513112.569807768,-744.004028320,-288.824096680,-34.722087860,-0.895673855,0.442900143,-0.034730806,-0.020039480
1653513112.636318922,-744.003723145,-288.840179443,-34.743579865,-0.894949494,0.444271176,-0.035459973,-0.020763326
1653513112.703379631,-744.003723145,-288.840179443,-34.743579865,-0.894949494,0.444271176,-0.035459973,-0.020763326
1653513112.769684076,-744.013366699,-288.864807129,-34.765602112,-0.893498937,0.447233220,-0.034253518,-0.021651624
1653513112.836404085,-744.013366699,-288.864807129,-34.765602112,-0.893498937,0.447233220,-0.034253518,-0.021651624
1653513112.903737068,-744.025756836,-288.890838623,-34.789714813,-0.891778574,0.450759046,-0.032993189,-0.021417450
1653513112.969607592,-744.025756836,-288.890838623,-34.789714813,-0.891778574,0.450759046,-0.032993189,-0.021417450
1653513113.037036896,-744.030822754,-288.912567139,-34.813209534,-0.890036715,0.454283841,-0.032399785,-0.020275384
1653513113.104595184,-744.030822754,-288.912567139,-34.813209534,-0.890036715,0.454283841,-0.032399785,-0.020275384
1653513113.170630455,-744.025268555,-288.924713135,-34.828254700,-0.889115731,0.456175317,-0.032631400,-0.017677370
1653513113.236193657,-744.025268555,-288.924713135,-34.828254700,-0.889115731,0.456175317,-0.032631400,-0.017677370
1653513113.303601265,-744.007629395,-288.930389404,-34.838684082,-0.889355892,0.455758718,-0.033717103,-0.013901313
1653513113.369539261,-744.007629395,-288.930389404,-34.838684082,-0.889355892,0.455758718,-0.033717103,-0.013901313
1653513113.437399149,-743.984191895,-288.931671143,-34.843204498,-0.890004320,0.454331955,-0.036531060,-0.011843454
1653513113.503342628,-743.984191895,-288.931671143,-34.843204498,-0.890004320,0.454331955,-0.036531060,-0.011843454
1653513113.569770575,-743.960205078,-288.933532715,-34.846694946,-0.891227915,0.451723493,-0.039097087,-0.011406432
1653513113.637633562,-743.960205078,-288.933532715,-34.846694946,-0.891227915,0.451723493,-0.039097087,-0.011406432
1653513113.703349352,-743.944946289,-288.943023682,-34.856647491,-0.892111363,0.449897529,-0.039279189,-0.013662935
1653513113.771845102,-743.944946289,-288.943023682,-34.856647491,-0.892111363,0.449897529,-0.039279189,-0.013662935
1653513113.840405226,-743.943481445,-288.961456299,-34.869728088,-0.891993172,0.449976239,-0.039176319,-0.018297026
1653513113.903134108,-743.943481445,-288.961456299,-34.869728088,-0.891993172,0.449976239,-0.039176319,-0.018297026
1653513113.969697714,-743.948425293,-288.983795166,-34.888633728,-0.891056314,0.451813974,-0.038179671,-0.020617746
1653513114.040904522,-743.948425293,-288.983795166,-34.888633728,-0.891056314,0.451813974,-0.038179671,-0.020617746
1653513114.102905035,-743.954650879,-288.994140625,-34.909343719,-0.889860746,0.454255042,-0.038570132,-0.017679211
1653513114.169747829,-743.954650879,-288.994140625,-34.909343719,-0.889860746,0.454255042,-0.038570132,-0.017679211
1653513114.236391068,-743.962402344,-288.996032715,-34.932777405,-0.888808833,0.456499063,-0.038610476,-0.011691648
1653513114.303339958,-743.962402344,-288.996032715,-34.932777405,-0.888808833,0.456499063,-0.038610476,-0.011691648
1653513114.369726181,-743.977050781,-289.001434326,-34.957550049,-0.888423145,0.457456589,-0.036416300,-0.010565830
1653513114.436788559,-743.977050781,-289.001434326,-34.957550049,-0.888423145,0.457456589,-0.036416300,-0.010565830
1653513114.503834486,-743.990173340,-289.009704590,-34.974330902,-0.888452506,0.457653660,-0.032281070,-0.012775186
1653513114.569629431,-743.990173340,-289.009704590,-34.974330902,-0.888452506,0.457653660,-0.032281070,-0.012775186
1653513114.639852285,-743.989990234,-289.010864258,-34.978546143,-0.888157487,0.458289802,-0.031958666,-0.011197323
1653513114.703351021,-743.989990234,-289.010864258,-34.978546143,-0.888157487,0.458289802,-0.031958666,-0.011197323
1653513114.769948244,-743.985168457,-289.009338379,-34.977184296,-0.887956926,0.458589082,-0.034045748,-0.008332941
1653513114.836935997,-743.985168457,-289.009338379,-34.977184296,-0.887956926,0.458589082,-0.034045748,-0.008332941
1653513114.904221296,-743.984069824,-289.011016846,-34.981201172,-0.888316690,0.457804649,-0.035191845,-0.008360351
1653513114.969518185,-743.984069824,-289.011016846,-34.981201172,-0.888316690,0.457804649,-0.035191845,-0.008360351
1653513115.036816835,-743.981750488,-289.012329102,-34.991340637,-0.888784403,0.456863281,-0.035454813,-0.009010172
1653513115.103946924,-743.981750488,-289.012329102,-34.991340637,-0.888784403,0.456863281,-0.035454813,-0.009010172
1653513115.170614481,-743.976623535,-289.011108398,-35.003414154,-0.889003652,0.456341901,-0.037477222,-0.004475944
1653513115.236167192,-743.976623535,-289.011108398,-35.003414154,-0.889003652,0.456341901,-0.037477222,-0.004475944
1653513115.304181576,-743.979919434,-289.014953613,-35.020164490,-0.888728100,0.456749359,-0.039259152,0.001051690
1653513115.369537592,-743.979919434,-289.014953613,-35.020164490,-0.888728100,0.456749359,-0.039259152,0.001051690
1653513115.441831112,-743.990844727,-289.025146484,-35.047031403,-0.888329929,0.457596424,-0.038246371,0.003558753
1653513115.503090858,-743.990844727,-289.025146484,-35.047031403,-0.888329929,0.457596424,-0.038246371,0.003558753
1653513115.570228338,-743.995727539,-289.033721924,-35.065933228,-0.888128828,0.458176440,-0.035885263,0.003712612
1653513115.636231899,-743.995727539,-289.033721924,-35.065933228,-0.888128828,0.458176440,-0.035885263,0.003712612
1653513115.703533649,-743.993041992,-289.037780762,-35.067562103,-0.888062401,0.458372524,-0.034885458,0.004775593
1653513115.770761490,-743.993041992,-289.037780762,-35.067562103,-0.888062401,0.458372524,-0.034885458,0.004775593
1653513115.836740255,-743.993469238,-289.043884277,-35.066841125,-0.887983896,0.458617347,-0.033783163,0.003664401
1653513115.903577328,-743.993469238,-289.043884277,-35.066841125,-0.887983896,0.458617347,-0.033783163,0.003664401
1653513115.971244335,-743.993347168,-289.046630859,-35.067771912,-0.887857777,0.458881757,-0.033554419,0.003194011
1653513116.038707733,-743.993347168,-289.046630859,-35.067771912,-0.887857777,0.458881757,-0.033554419,0.003194011
1653513116.103363037,-743.994689941,-289.047332764,-35.072086334,-0.887857339,0.458926897,-0.032983434,0.002746258
1653513116.172530890,-743.994689941,-289.047332764,-35.072086334,-0.887857339,0.458926897,-0.032983434,0.002746258
1653513116.236369133,-743.990783691,-289.044158936,-35.074111938,-0.888072599,0.458489680,-0.033210240,0.003369183
1653513116.303992987,-743.990783691,-289.044158936,-35.074111938,-0.888072599,0.458489680,-0.033210240,0.003369183
1653513116.369833946,-743.985229492,-289.040374756,-35.076190948,-0.888634724,0.457303277,-0.034383855,0.004448563
