Timestamp,Pred_X,Pred_Y,Pred_Z,Q_X,Q_Y,Q_Z,Q_W
1653512819.974014044,0.006628574,0.010525856,0.055323742,0.999823332,-0.002596621,0.018245734,-0.003691588
1653512820.041181087,0.006628574,0.010525856,0.055323742,0.999823332,-0.002596621,0.018245734,-0.003691588
1653512820.108040333,0.008886960,0.016487399,0.060047947,0.999805570,-0.001823424,0.019276505,-0.003727016
1653512820.174011230,0.008886960,0.016487399,0.060047947,0.999805570,-0.001823424,0.019276505,-0.003727016
1653512820.253572702,0.010611987,0.017303621,0.065111063,0.999780238,-0.001695873,0.020389419,-0.004574446
1653512820.307587862,0.010611987,0.017303621,0.065111063,0.999780238,-0.001695873,0.020389419,-0.004574446
1653512820.374381781,0.010512676,0.014467409,0.073459938,0.999772787,-0.002513479,0.020757485,-0.004141355
1653512820.440673590,0.010512676,0.014467409,0.073459938,0.999772787,-0.002513479,0.020757485,-0.004141355
1653512820.507613420,0.011851719,0.006156519,0.080417998,0.999769926,-0.004387431,0.020480866,-0.004629644
1653512820.573939562,0.011851719,0.006156519,0.080417998,0.999769926,-0.004387431,0.020480866,-0.004629644
1653512820.640833378,0.017751995,-0.005928978,0.091712728,0.999756873,-0.006600213,0.020500138,-0.004736244
1653512820.707390785,0.017751995,-0.005928978,0.091712728,0.999756873,-0.006600213,0.020500138,-0.004736244
1653512820.774464369,0.028911769,-0.026932247,0.107108951,0.999727786,-0.009145183,0.021320984,-0.002477657
1653512820.840949297,0.028911769,-0.026932247,0.107108951,0.999727786,-0.009145183,0.021320984,-0.002477657
1653512820.907406807,0.045106802,-0.058224514,0.130112454,0.999665916,-0.012052744,0.022792939,0.001821890
1653512820.975776911,0.045106802,-0.058224514,0.130112454,0.999665916,-0.012052744,0.022792939,0.001821890
1653512821.044144869,0.068966366,-0.098089464,0.166413069,0.999531567,-0.015477293,0.025023805,0.008418729
1653512821.107654095,0.068966366,-0.098089464,0.166413069,0.999531567,-0.015477293,0.025023805,0.008418729
1653512821.175495625,0.097739048,-0.142048091,0.210934401,0.999324322,-0.019317988,0.027565366,0.014761575
1653512821.240549326,0.097739048,-0.142048091,0.210934401,0.999324322,-0.019317988,0.027565366,0.014761575
1653512821.308590174,0.130424291,-0.184487671,0.262889534,0.999001861,-0.025246097,0.030654175,0.020452010
1653512821.374742746,0.130424291,-0.184487671,0.262889534,0.999001861,-0.025246097,0.030654175,0.020452010
1653512821.445966959,0.167641670,-0.219294757,0.325253040,0.998679340,-0.031501938,0.033662502,0.022673521
1653512821.508145571,0.167641670,-0.219294757,0.325253040,0.998679340,-0.031501938,0.033662502,0.022673521
1653512821.575905085,0.205328092,-0.238280192,0.387371898,0.998466730,-0.035852741,0.035690252,0.022472123
1653512821.640893459,0.205328092,-0.238280192,0.387371898,0.998466730,-0.035852741,0.035690252,0.022472123
1653512821.708614826,0.240822703,-0.248147219,0.451026708,0.998214841,-0.040539827,0.038279973,0.021407928
1653512821.774208784,0.240822703,-0.248147219,0.451026708,0.998214841,-0.040539827,0.038279973,0.021407928
1653512821.840968847,0.277533054,-0.248804078,0.518458605,0.998094618,-0.043407518,0.039568733,0.018901128
1653512821.908558369,0.277533054,-0.248804078,0.518458605,0.998094618,-0.043407518,0.039568733,0.018901128
1653512821.975950718,0.316724390,-0.239353344,0.594840288,0.998073220,-0.044287864,0.040662337,0.015331017
1653512822.042683601,0.316724390,-0.239353344,0.594840288,0.998073220,-0.044287864,0.040662337,0.015331017
1653512822.108957052,0.356764585,-0.225499079,0.677356124,0.998042941,-0.045273729,0.041589856,0.011438528
1653512822.176400661,0.356764585,-0.225499079,0.677356124,0.998042941,-0.045273729,0.041589856,0.011438528
1653512822.241061449,0.389508188,-0.205914512,0.763141751,0.997960031,-0.045784146,0.043749116,0.008100651
1653512822.307558060,0.389508188,-0.205914512,0.763141751,0.997960031,-0.045784146,0.043749116,0.008100651
1653512822.374436378,0.421428949,-0.187495157,0.857361197,0.997819543,-0.046660062,0.046286710,0.006042806
1653512822.440723658,0.421428949,-0.187495157,0.857361197,0.997819543,-0.046660062,0.046286710,0.006042806
1653512822.508008718,0.454251200,-0.165799752,0.961192548,0.997693658,-0.046125814,0.049470942,0.005696937
1653512822.574147224,0.454251200,-0.165799752,0.961192548,0.997693658,-0.046125814,0.049470942,0.005696937
1653512822.644398451,0.484883428,-0.139161944,1.066060424,0.997624457,-0.043991186,0.052577019,0.006776176
1653512822.707651138,0.484883428,-0.139161944,1.066060424,0.997624457,-0.043991186,0.052577019,0.006776176
1653512822.774382114,0.512101650,-0.112946063,1.164511919,0.997616529,-0.041872721,0.054271106,0.007909433
1653512822.840927124,0.512101650,-0.112946063,1.164511919,0.997616529,-0.041872721,0.054271106,0.007909433
1653512822.907576799,0.531773627,-0.092122011,1.261275649,0.997597575,-0.040452819,0.055440791,0.009430993
1653512822.976459026,0.531773627,-0.092122011,1.261275649,0.997597575,-0.040452819,0.055440791,0.009430993
1653512823.040729761,0.549738824,-0.077099808,1.359427333,0.997604787,-0.040380120,0.054892972,0.011867869
1653512823.107409239,0.549738824,-0.077099808,1.359427333,0.997604787,-0.040380120,0.054892972,0.011867869
1653512823.174751043,0.566071093,-0.068473183,1.465996027,0.997573256,-0.042476762,0.053412177,0.013801993
1653512823.250014544,0.566071093,-0.068473183,1.465996027,0.997573256,-0.042476762,0.053412177,0.013801993
1653512823.309221268,0.577673316,-0.063421674,1.577908635,0.997475088,-0.045519650,0.052408010,0.014992381
1653512823.374339342,0.577673316,-0.063421674,1.577908635,0.997475088,-0.045519650,0.052408010,0.014992381
1653512823.448395729,0.588762581,-0.048662238,1.704494715,0.997357666,-0.048887067,0.051592790,0.015032656
1653512823.508929491,0.588762581,-0.048662238,1.704494715,0.997357666,-0.048887067,0.051592790,0.015032656
1653512823.574589729,0.594082355,-0.021769578,1.816954017,0.997390985,-0.049588203,0.050376561,0.014642644
1653512823.640715837,0.594082355,-0.021769578,1.816954017,0.997390985,-0.049588203,0.050376561,0.014642644
1653512823.707232952,0.595829785,0.016595185,1.941839814,0.997444451,-0.049954850,0.049454968,0.012776110
1653512823.774485350,0.595829785,0.016595185,1.941839814,0.997444451,-0.049954850,0.049454968,0.012776110
1653512823.840898991,0.595516920,0.062549196,2.068700790,0.997621059,-0.049389787,0.047225028,0.009095368
1653512823.909199715,0.595516920,0.062549196,2.068700790,0.997621059,-0.049389787,0.047225028,0.009095368
1653512823.974785089,0.595715165,0.121501803,2.218719721,0.997820616,-0.047460426,0.045586195,0.004845389
1653512824.040499210,0.595715165,0.121501803,2.218719721,0.997820616,-0.047460426,0.045586195,0.004845389
1653512824.107287645,0.591266394,0.179426491,2.367608309,0.997963786,-0.045502529,0.044696208,-0.000082322
1653512824.175073385,0.591266394,0.179426491,2.367608309,0.997963786,-0.045502529,0.044696208,-0.000082322
1653512824.241208553,0.585666895,0.236521766,2.519383192,0.998104990,-0.043009460,0.043864034,-0.003541898
1653512824.307614326,0.585666895,0.236521766,2.519383192,0.998104990,-0.043009460,0.043864034,-0.003541898
1653512824.374411106,0.578628302,0.279874653,2.674470663,0.998208225,-0.041164849,0.043239381,-0.004012970
1653512824.441324949,0.578628302,0.279874653,2.674470663,0.998208225,-0.041164849,0.043239381,-0.004012970
1653512824.508316278,0.567889035,0.299198925,2.822108269,0.998157620,-0.042062316,0.043489058,-0.004569374
1653512824.575622082,0.567889035,0.299198925,2.822108269,0.998157620,-0.042062316,0.043489058,-0.004569374
1653512824.641423941,0.559448242,0.317117453,2.990406752,0.998140216,-0.042478472,0.043703210,-0.001331210
1653512824.707599640,0.559448242,0.317117453,2.990406752,0.998140216,-0.042478472,0.043703210,-0.001331210
1653512824.776731730,0.549189270,0.333102435,3.169939280,0.998028874,-0.044032503,0.044588402,0.003372605
1653512824.840787888,0.549189270,0.333102435,3.169939280,0.998028874,-0.044032503,0.044588402,0.003372605
1653512824.908487797,0.543987155,0.351633132,3.346291304,0.997932553,-0.045762714,0.044486459,0.007573114
1653512824.974443913,0.543987155,0.351633132,3.346291304,0.997932553,-0.045762714,0.044486459,0.007573114
1653512825.040815830,0.541135073,0.370613098,3.520375967,0.997803628,-0.047811475,0.044821426,0.009647327
1653512825.107818604,0.541135073,0.370613098,3.520375967,0.997803628,-0.047811475,0.044821426,0.009647327
1653512825.175170422,0.539546669,0.396449447,3.696276188,0.997603357,-0.051203325,0.045460898,0.009955869
1653512825.240586758,0.539546669,0.396449447,3.696276188,0.997603357,-0.051203325,0.045460898,0.009955869
1653512825.307919025,0.530945897,0.418125838,3.865799189,0.997390449,-0.053945094,0.047021974,0.009545653
1653512825.374938488,0.530945897,0.418125838,3.865799189,0.997390449,-0.053945094,0.047021974,0.009545653
1653512825.441978216,0.519727170,0.436278522,4.026767254,0.997287989,-0.055732582,0.047246505,0.008848826
1653512825.507482290,0.519727170,0.436278522,4.026767254,0.997287989,-0.055732582,0.047246505,0.008848826
1653512825.573904276,0.510644555,0.461524457,4.170620918,0.997312844,-0.055651829,0.046701930,0.009430231
1653512825.640503645,0.510644555,0.461524457,4.170620918,0.997312844,-0.055651829,0.046701930,0.009430231
1653512825.707729578,0.508403838,0.489718944,4.324927807,0.997408271,-0.056315511,0.043962598,0.008519202
1653512825.777918339,0.508403838,0.489718944,4.324927807,0.997408271,-0.056315511,0.043962598,0.008519202
1653512825.840807438,0.499879062,0.517563045,4.473328114,0.997479796,-0.057079662,0.041590557,0.006794004
1653512825.907316208,0.499879062,0.517563045,4.473328114,0.997479796,-0.057079662,0.041590557,0.006794004
1653512825.974025488,0.484221101,0.545074165,4.623030663,0.997614205,-0.056465667,0.039335143,0.005505571
1653512826.041831493,0.484221101,0.545074165,4.623030663,0.997614205,-0.056465667,0.039335143,0.005505571
1653512826.107412338,0.467219025,0.568627894,4.762377262,0.997673154,-0.056361128,0.038075197,0.004684301
1653512826.173888683,0.467219025,0.568627894,4.762377262,0.997673154,-0.056361128,0.038075197,0.004684301
1653512826.241801977,0.443816394,0.590375304,4.927855968,0.997743905,-0.055413615,0.037553992,0.005112703
1653512826.307502747,0.443816394,0.590375304,4.927855968,0.997743905,-0.055413615,0.037553992,0.005112703
1653512826.374250174,0.421252131,0.603903115,5.093621254,0.997770488,-0.055006254,0.037245080,0.006419112
1653512826.441152334,0.421252131,0.603903115,5.093621254,0.997770488,-0.055006254,0.037245080,0.006419112
1653512826.507391930,0.398822844,0.599336147,5.241025448,0.997739553,-0.055573832,0.036706697,0.008939164
1653512826.574182510,0.398822844,0.599336147,5.241025448,0.997739553,-0.055573832,0.036706697,0.008939164
1653512826.640950441,0.387434036,0.592198670,5.425854206,0.997683287,-0.056529116,0.035849459,0.012140506
1653512826.707667112,0.387434036,0.592198670,5.425854206,0.997683287,-0.056529116,0.035849459,0.012140506
1653512826.779470682,0.386440665,0.588020265,5.622076035,0.997625172,-0.057735957,0.033930257,0.016102195
1653512826.840456247,0.386440665,0.588020265,5.622076035,0.997625172,-0.057735957,0.033930257,0.016102195
1653512826.907319307,0.377716959,0.572332382,5.786707878,0.997515976,-0.059024125,0.033304129,0.019204920
1653512826.974922657,0.377716959,0.572332382,5.786707878,0.997515976,-0.059024125,0.033304129,0.019204920
1653512827.040502787,0.364130527,0.567126751,5.988901138,0.997328281,-0.060870908,0.033940967,0.021886105
1653512827.107527733,0.364130527,0.567126751,5.988901138,0.997328281,-0.060870908,0.033940967,0.021886105
1653512827.173978329,0.354495227,0.568633199,6.187457085,0.997172773,-0.062424459,0.034799136,0.023209574
1653512827.240526915,0.354495227,0.568633199,6.187457085,0.997172773,-0.062424459,0.034799136,0.023209574
1653512827.307351351,0.344495595,0.577965081,6.394436836,0.997052193,-0.063762568,0.035470452,0.023730701
1653512827.375031233,0.344495595,0.577965081,6.394436836,0.997052193,-0.063762568,0.035470452,0.023730701
1653512827.443110466,0.341545552,0.587825060,6.608089447,0.996912479,-0.065778159,0.036154557,0.023055449
1653512827.507909298,0.341545552,0.587825060,6.608089447,0.996912479,-0.065778159,0.036154557,0.023055449
1653512827.574129581,0.338714540,0.601543725,6.817054272,0.996779323,-0.067476422,0.037087690,0.022414865
1653512827.641662359,0.338714540,0.601543725,6.817054272,0.996779323,-0.067476422,0.037087690,0.022414865
1653512827.707229853,0.340460777,0.620193362,7.030164242,0.996707559,-0.068932772,0.037041809,0.021217786
1653512827.773844481,0.340460777,0.620193362,7.030164242,0.996707559,-0.068932772,0.037041809,0.021217786
1653512827.840505838,0.346836030,0.636519790,7.241163254,0.996628344,-0.070763111,0.036381245,0.020022128
1653512827.909805536,0.346836030,0.636519790,7.241163254,0.996628344,-0.070763111,0.036381245,0.020022128
1653512827.974168301,0.348635703,0.644597530,7.452475548,0.996588051,-0.072478861,0.034982964,0.018309841
1653512828.040520906,0.348635703,0.644597530,7.452475548,0.996588051,-0.072478861,0.034982964,0.018309841
1653512828.107309103,0.351880401,0.651940823,7.656793594,0.996576726,-0.073955290,0.032590769,0.017416498
1653512828.174336910,0.351880401,0.651940823,7.656793594,0.996576726,-0.073955290,0.032590769,0.017416498
1653512828.240716457,0.362756282,0.667639971,7.858854294,0.996580601,-0.075347416,0.029177673,0.017278504
1653512828.308930159,0.362756282,0.667639971,7.858854294,0.996580601,-0.075347416,0.029177673,0.017278504
1653512828.374763012,0.379396617,0.684104502,8.066669464,0.996618450,-0.076341040,0.025528638,0.016491748
1653512828.446631670,0.379396617,0.684104502,8.066669464,0.996618450,-0.076341040,0.025528638,0.016491748
1653512828.507409334,0.410438478,0.706162333,8.271752357,0.996620119,-0.077483192,0.022197738,0.015872702
1653512828.574638605,0.410438478,0.706162333,8.271752357,0.996620119,-0.077483192,0.022197738,0.015872702
1653512828.641729355,0.457119673,0.702044129,8.459223747,0.996686757,-0.078333110,0.016881136,0.013944359
1653512828.708127260,0.457119673,0.702044129,8.459223747,0.996686757,-0.078333110,0.016881136,0.013944359
1653512828.773903131,0.523592889,0.682236075,8.642983437,0.996720552,-0.079135641,0.011230540,0.012629637
1653512828.840569973,0.523592889,0.682236075,8.642983437,0.996720552,-0.079135641,0.011230540,0.012629637
1653512828.907662868,0.608027399,0.668665290,8.810133934,0.996730685,-0.079829164,0.004677157,0.011548513
1653512828.974140644,0.608027399,0.668665290,8.810133934,0.996730685,-0.079829164,0.004677157,0.011548513
1653512829.045400858,0.708737075,0.637211680,8.970462799,0.996672392,-0.080855206,-0.002931866,0.009896043
1653512829.107213497,0.708737075,0.637211680,8.970462799,0.996672392,-0.080855206,-0.002931866,0.009896043
1653512829.173899174,0.814322054,0.592410088,9.115278244,0.996590793,-0.081422612,-0.010391044,0.008316594
1653512829.240454197,0.814322054,0.592410088,9.115278244,0.996590793,-0.081422612,-0.010391044,0.008316594
1653512829.309288979,0.924323618,0.565643191,9.320791245,0.996500969,-0.081775695,-0.015536605,0.007563219
1653512829.374239683,0.924323618,0.565643191,9.320791245,0.996500969,-0.081775695,-0.015536605,0.007563219
1653512829.441844702,1.057272792,0.528452277,9.558651924,0.996399701,-0.081946157,-0.020677833,0.006703240
1653512829.508753777,1.057272792,0.528452277,9.558651924,0.996399701,-0.081946157,-0.020677833,0.006703240
1653512829.573857546,1.191581607,0.492112488,9.810668945,0.996329129,-0.081887059,-0.023843925,0.007361759
1653512829.640582085,1.191581607,0.492112488,9.810668945,0.996329129,-0.081887059,-0.023843925,0.007361759
1653512829.708574533,1.354830861,0.432714611,10.045290947,0.996223092,-0.081782557,-0.028150050,0.007663637
1653512829.774174690,1.354830861,0.432714611,10.045290947,0.996223092,-0.081782557,-0.028150050,0.007663637
1653512829.840387106,1.549214959,0.369795412,10.266755104,0.996110022,-0.081459448,-0.032245908,0.009454274
1653512829.907176256,1.549214959,0.369795412,10.266755104,0.996110022,-0.081459448,-0.032245908,0.009454274
1653512829.973890305,1.781580687,0.335978657,10.502338409,0.995999515,-0.081018150,-0.035604730,0.012382226
1653512830.040842295,1.781580687,0.335978657,10.502338409,0.995999515,-0.081018150,-0.035604730,0.012382226
1653512830.108997345,2.043296099,0.291272312,10.798094749,0.995946407,-0.080183126,-0.038014974,0.014707118
1653512830.174177647,2.043296099,0.291272312,10.798094749,0.995946407,-0.080183126,-0.038014974,0.014707118
1653512830.241082430,2.317144156,0.222103864,11.011832237,0.995840192,-0.080460899,-0.039791625,0.015652644
1653512830.307656527,2.317144156,0.222103864,11.011832237,0.995840192,-0.080460899,-0.039791625,0.015652644
1653512830.376114607,2.635729074,0.181123331,11.278776169,0.995836318,-0.079581708,-0.040677216,0.017949143
1653512830.440618515,2.635729074,0.181123331,11.278776169,0.995836318,-0.079581708,-0.040677216,0.017949143
1653512830.507997274,2.972990751,0.143907085,11.497538567,0.995878696,-0.078903012,-0.039866477,0.020264348
1653512830.575540066,2.972990751,0.143907085,11.497538567,0.995878696,-0.078903012,-0.039866477,0.020264348
1653512830.640739679,3.344827414,0.109686129,11.748284340,0.995955765,-0.078387447,-0.037903827,0.022154288
1653512830.707300186,3.344827414,0.109686129,11.748284340,0.995955765,-0.078387447,-0.037903827,0.022154288
1653512830.774061918,3.743289709,0.068477087,11.978738785,0.996072471,-0.077174298,-0.036426440,0.023598220
1653512830.844147444,3.743289709,0.068477087,11.978738785,0.996072471,-0.077174298,-0.036426440,0.023598220
1653512830.907950401,-2.903077841,2.998531342,12.209712982,0.459939808,0.886900425,0.009165422,0.042178661
1653512830.973817825,-2.903077841,2.998531342,12.209712982,0.459939808,0.886900425,0.009165422,0.042178661
1653512831.041761875,-3.185782671,3.358080626,12.409040451,0.458816737,0.887435853,0.010390772,0.042858783
1653512831.109073639,-3.185782671,3.358080626,12.409040451,0.458816737,0.887435853,0.010390772,0.042858783
1653512831.173763514,-3.478299618,3.729072094,12.593348503,0.457455903,0.888089895,0.010806753,0.043744974
1653512831.240648508,-3.478299618,3.729072094,12.593348503,0.457455903,0.888089895,0.010806753,0.043744974
1653512831.307424784,-3.794610739,4.122988701,12.763784409,0.456259072,0.888703644,0.011449324,0.043616910
1653512831.374067068,-3.794610739,4.122988701,12.763784409,0.456259072,0.888703644,0.011449324,0.043616910
1653512831.440702915,-4.137845516,4.539758205,12.945748329,0.455255002,0.889227331,0.011984719,0.043290325
1653512831.508789062,-4.137845516,4.539758205,12.945748329,0.455255002,0.889227331,0.011984719,0.043290325
1653512831.574509621,-4.491576195,4.983093739,13.129262924,0.454554617,0.889627874,0.011583791,0.042522430
1653512831.640490294,-4.491576195,4.983093739,13.129262924,0.454554617,0.889627874,0.011583791,0.042522430
1653512831.707315445,-4.865721226,5.440716743,13.304417610,0.454196543,0.889826775,0.011070370,0.042323757
1653512831.773789644,-4.865721226,5.440716743,13.304417610,0.454196543,0.889826775,0.011070370,0.042323757
1653512831.840819359,-5.272660732,5.920402050,13.479811668,0.453962058,0.889972091,0.011145222,0.041760903
1653512831.910394430,-5.272660732,5.920402050,13.479811668,0.453962058,0.889972091,0.011145222,0.041760903
1653512831.974556684,-5.680442810,6.412726879,13.648540497,0.453361362,0.890341222,0.010888935,0.040465146
1653512832.043035984,-5.680442810,6.412726879,13.648540497,0.453361362,0.890341222,0.010888935,0.040465146
1653512832.107913971,-6.116217613,6.924740314,13.809135437,0.453236997,0.890437901,0.010669943,0.039783072
1653512832.173868895,-6.116217613,6.924740314,13.809135437,0.453236997,0.890437901,0.010669943,0.039783072
1653512832.243492126,-6.590869427,7.476119518,13.974389076,0.453831524,0.890166581,0.009665908,0.039330915
1653512832.307462215,-6.590869427,7.476119518,13.974389076,0.453831524,0.890166581,0.009665908,0.039330915
1653512832.374958754,-7.052559853,8.020043373,14.131403923,0.454426140,0.889907718,0.009436380,0.038367417
1653512832.440762520,-7.052559853,8.020043373,14.131403923,0.454426140,0.889907718,0.009436380,0.038367417
1653512832.507258654,-7.522078514,8.586192131,14.273296356,0.455753356,0.889292657,0.008394791,0.037108164
1653512832.574021339,-7.522078514,8.586192131,14.273296356,0.455753356,0.889292657,0.008394791,0.037108164
1653512832.642671347,-8.040206909,9.191671371,14.420281410,0.456660837,0.888838291,0.007124507,0.037102442
1653512832.707653761,-8.040206909,9.191671371,14.420281410,0.456660837,0.888838291,0.007124507,0.037102442
1653512832.774160385,-8.564268112,9.809197426,14.568715096,0.457676500,0.888355076,0.005806194,0.036384098
1653512832.840868950,-8.564268112,9.809197426,14.568715096,0.457676500,0.888355076,0.005806194,0.036384098
1653512832.907457829,-9.109650612,10.449116707,14.720440865,0.459174693,0.887579381,0.005218836,0.036526993
1653512832.974725246,-9.109650612,10.449116707,14.720440865,0.459174693,0.887579381,0.005218836,0.036526993
1653512833.041891813,-9.672257423,11.112652779,14.863807678,0.459658414,0.887305975,0.004409045,0.037186485
1653512833.108919859,-9.672257423,11.112652779,14.863807678,0.459658414,0.887305975,0.004409045,0.037186485
1653512833.175065041,-10.227237701,11.767837524,14.993252754,0.460252404,0.886940002,0.004893873,0.038486045
1653512833.240771294,-10.227237701,11.767837524,14.993252754,0.460252404,0.886940002,0.004893873,0.038486045
1653512833.307398081,-10.808054924,12.454491615,15.123445511,0.461081058,0.886448026,0.005889220,0.039743226
1653512833.374276161,-10.808054924,12.454491615,15.123445511,0.461081058,0.886448026,0.005889220,0.039743226
1653512833.440831900,-11.422667503,13.187085152,15.263034821,0.460974991,0.886427104,0.006577292,0.041301664
1653512833.508332491,-11.422667503,13.187085152,15.263034821,0.460974991,0.886427104,0.006577292,0.041301664
1653512833.574023247,-12.074940681,13.937346458,15.391521454,0.461077809,0.886292696,0.007729487,0.042810757
1653512833.640842915,-12.074940681,13.937346458,15.391521454,0.461077809,0.886292696,0.007729487,0.042810757
1653512833.707420111,-12.679254532,14.660510063,15.523416519,0.461367428,0.886162996,0.009176869,0.042083390
1653512833.773865700,-12.679254532,14.660510063,15.523416519,0.461367428,0.886162996,0.009176869,0.042083390
1653512833.840772629,-13.344583511,15.446184158,15.651456833,0.461068839,0.886282861,0.010313672,0.042566221
1653512833.908297777,-13.344583511,15.446184158,15.651456833,0.461068839,0.886282861,0.010313672,0.042566221
1653512833.974362612,-13.943691254,16.169078827,15.771884918,0.461644679,0.885951936,0.012060267,0.042754564
1653512834.040502787,-13.943691254,16.169078827,15.771884918,0.461644679,0.885951936,0.012060267,0.042754564
1653512834.107506275,-14.643136024,16.991514206,15.891440392,0.462111980,0.885628164,0.013718539,0.043898314
1653512834.173967838,-14.643136024,16.991514206,15.891440392,0.462111980,0.885628164,0.013718539,0.043898314
1653512834.240401983,-15.312068939,17.781385422,16.011062622,0.462320179,0.885467052,0.015565502,0.044337917
1653512834.307100058,-15.312068939,17.781385422,16.011062622,0.462320179,0.885467052,0.015565502,0.044337917
1653512834.378053188,-16.036745071,18.613691330,16.138568878,0.463366866,0.884878457,0.017921282,0.044272561
1653512834.443595648,-16.036745071,18.613691330,16.138568878,0.463366866,0.884878457,0.017921282,0.044272561
1653512834.507271528,-16.714109421,19.396944046,16.256170273,0.463863581,0.884607375,0.019483143,0.043827191
1653512834.574262857,-16.714109421,19.396944046,16.256170273,0.463863581,0.884607375,0.019483143,0.043827191
1653512834.640794992,-17.458650589,20.238191605,16.374202728,0.464270562,0.884377360,0.020759996,0.043572612
1653512834.707291842,-17.458650589,20.238191605,16.374202728,0.464270562,0.884377360,0.020759996,0.043572612
1653512834.773860931,-18.219167709,21.103109360,16.489162445,0.465366334,0.883807838,0.021091163,0.043278992
1653512834.843935490,-18.219167709,21.103109360,16.489162445,0.465366334,0.883807838,0.021091163,0.043278992
1653512834.907546282,-19.016807556,21.995138168,16.603900909,0.465447783,0.883757174,0.021639382,0.043167211
1653512834.973849297,-19.016807556,21.995138168,16.603900909,0.465447783,0.883757174,0.021639382,0.043167211
1653512835.045139313,-19.844682693,22.914009094,16.724256516,0.465713620,0.883613884,0.022373855,0.042856991
1653512835.107106924,-19.844682693,22.914009094,16.724256516,0.465713620,0.883613884,0.022373855,0.042856991
1653512835.173822403,-20.613435745,23.770257950,16.835021973,0.465413749,0.883781612,0.022065723,0.042816505
1653512835.241779804,-20.613435745,23.770257950,16.835021973,0.465413749,0.883781612,0.022065723,0.042816505
1653512835.307476282,-21.456079483,24.696943283,16.951625824,0.465112150,0.883983314,0.021872582,0.042021420
1653512835.373833656,-21.456079483,24.696943283,16.951625824,0.465112150,0.883983314,0.021872582,0.042021420
1653512835.440548658,-22.195316315,25.522333145,17.075281143,0.464707166,0.884272158,0.021862172,0.040398348
1653512835.507376432,-22.195316315,25.522333145,17.075281143,0.464707166,0.884272158,0.021862172,0.040398348
1653512835.573771954,-23.166866302,26.562572479,17.183395386,0.463095814,0.885105014,0.019902704,0.041656986
1653512835.640853405,-23.166866302,26.562572479,17.183395386,0.463095814,0.885105014,0.019902704,0.041656986
1653512835.707485437,-23.937122345,27.424650192,17.319910049,0.462436706,0.885570943,0.018964050,0.039455637
1653512835.775864363,-23.937122345,27.424650192,17.319910049,0.462436706,0.885570943,0.018964050,0.039455637
1653512835.840435982,-24.847045898,28.423492432,17.439664841,0.462007314,0.885839760,0.017056871,0.039321840
1653512835.907118559,-24.847045898,28.423492432,17.439664841,0.462007314,0.885839760,0.017056871,0.039321840
1653512835.973936558,-25.743463516,29.417469025,17.566276550,0.461550862,0.886106133,0.017067127,0.038671564
1653512836.040410042,-25.743463516,29.417469025,17.566276550,0.461550862,0.886106133,0.017067127,0.038671564
1653512836.108150482,-26.644023895,30.417848587,17.695117950,0.461759239,0.886004686,0.015876364,0.039013732
1653512836.174307108,-26.644023895,30.417848587,17.695117950,0.461759239,0.886004686,0.015876364,0.039013732
1653512836.240762472,-27.484258652,31.370323181,17.829427719,0.462080181,0.885856032,0.014654366,0.039066762
1653512836.307159901,-27.484258652,31.370323181,17.829427719,0.462080181,0.885856032,0.014654366,0.039066762
1653512836.374496460,-28.429265976,32.427249908,17.960052490,0.463548452,0.885079682,0.013412861,0.039709404
1653512836.440512419,-28.429265976,32.427249908,17.960052490,0.463548452,0.885079682,0.013412861,0.039709404
1653512836.507168293,-29.318296432,33.432617188,18.090604782,0.465335041,0.884171665,0.012536225,0.039327379
1653512836.574898720,-29.318296432,33.432617188,18.090604782,0.465335041,0.884171665,0.012536225,0.039327379
1653512836.640424728,-30.277517319,34.506237030,18.219255447,0.467210621,0.883207977,0.010125794,0.039438006
1653512836.707242966,-30.277517319,34.506237030,18.219255447,0.467210621,0.883207977,0.010125794,0.039438006
1653512836.773682833,-31.243724823,35.600566864,18.357749939,0.468706787,0.882463574,0.007363135,0.038958460
1653512836.844734669,-31.243724823,35.600566864,18.357749939,0.468706787,0.882463574,0.007363135,0.038958460
1653512836.907237291,-32.155651093,36.642395020,18.505125046,0.469874740,0.881905794,0.004679661,0.037921287
1653512836.975813866,-32.155651093,36.642395020,18.505125046,0.469874740,0.881905794,0.004679661,0.037921287
1653512837.041021109,-33.178424835,37.800392151,18.651062012,0.471343070,0.881167173,0.003314599,0.037002437
1653512837.107034922,-33.178424835,37.800392151,18.651062012,0.471343070,0.881167173,0.003314599,0.037002437
1653512837.174013615,-34.188343048,38.949542999,18.801836014,0.471866667,0.880874515,0.002162144,0.037380081
1653512837.240339518,-34.188343048,38.949542999,18.801836014,0.471866667,0.880874515,0.002162144,0.037380081
1653512837.307429552,-35.149646759,40.058547974,18.970136642,0.472553849,0.880554497,0.003610835,0.036105860
1653512837.374975920,-35.149646759,40.058547974,18.970136642,0.472553849,0.880554497,0.003610835,0.036105860
1653512837.440667152,-36.171272278,41.224758148,19.140029907,0.473040879,0.880297065,0.003667307,0.036000196
1653512837.507637501,-36.171272278,41.224758148,19.140029907,0.473040879,0.880297065,0.003667307,0.036000196
1653512837.576929808,-37.185466766,42.389808655,19.328823090,0.472306579,0.880792797,0.005085487,0.033237375
1653512837.640337944,-37.185466766,42.389808655,19.328823090,0.472306579,0.880792797,0.005085487,0.033237375
1653512837.707041264,-38.302162170,43.652706146,19.498559952,0.472293168,0.880810261,0.006019645,0.032805167
1653512837.773886204,-38.302162170,43.652706146,19.498559952,0.472293168,0.880810261,0.006019645,0.032805167
1653512837.840894699,-39.273967743,44.807540894,19.697072983,0.473232985,0.880396664,0.006946698,0.030067397
1653512837.907663107,-39.273967743,44.807540894,19.697072983,0.473232985,0.880396664,0.006946698,0.030067397
1653512837.974627256,-40.351547241,46.068286896,19.889026642,0.473568141,0.880271494,0.008527302,0.027974669
1653512838.041607857,-40.351547241,46.068286896,19.889026642,0.473568141,0.880271494,0.008527302,0.027974669
1653512838.107526541,-41.357173920,47.273590088,20.092775345,0.473611504,0.880330801,0.010081019,0.024662929
1653512838.174220085,-41.357173920,47.273590088,20.092775345,0.473611504,0.880330801,0.010081019,0.024662929
1653512838.240753889,-42.451820374,48.573040009,20.298749924,0.473319441,0.880548894,0.011005238,0.021937199
1653512838.307162046,-42.451820374,48.573040009,20.298749924,0.473319441,0.880548894,0.011005238,0.021937199
1653512838.374204636,-43.527442932,49.864353180,20.512964249,0.472508699,0.881012082,0.012341462,0.020022867
1653512838.440301418,-43.527442932,49.864353180,20.512964249,0.472508699,0.881012082,0.012341462,0.020022867
1653512838.507134914,-44.577392578,51.127330780,20.725727081,0.471745968,0.881462812,0.014598724,0.016306983
1653512838.573659182,-44.577392578,51.127330780,20.725727081,0.471745968,0.881462812,0.014598724,0.016306983
1653512838.640378952,-45.522991180,52.287990570,20.947551727,0.470811278,0.881972551,0.015350988,0.015017483
1653512838.707312584,-45.522991180,52.287990570,20.947551727,0.470811278,0.881972551,0.015350988,0.015017483
1653512838.774771452,-46.650856018,53.635326385,21.156290054,0.469579458,0.882613599,0.016729180,0.014439354
1653512838.840499163,-46.650856018,53.635326385,21.156290054,0.469579458,0.882613599,0.016729180,0.014439354
1653512838.907967567,-47.670158386,54.893230438,21.385215759,0.468132496,0.883398056,0.017143466,0.012883221
1653512838.974539518,-47.670158386,54.893230438,21.385215759,0.468132496,0.883398056,0.017143466,0.012883221
1653512839.041153908,-48.667541504,56.134586334,21.606863022,0.466371715,0.884319067,0.017578853,0.012970682
1653512839.107644796,-48.667541504,56.134586334,21.606863022,0.466371715,0.884319067,0.017578853,0.012970682
1653512839.174096346,-49.831256866,57.555549622,21.822179794,0.464541942,0.885274410,0.017832480,0.013116512
1653512839.240467072,-49.831256866,57.555549622,21.822179794,0.464541942,0.885274410,0.017832480,0.013116512
1653512839.310388088,-50.781726837,58.778484344,22.071084976,0.462554425,0.886309803,0.018365126,0.012690884
1653512839.373733521,-50.781726837,58.778484344,22.071084976,0.462554425,0.886309803,0.018365126,0.012690884
1653512839.440487862,-51.935775757,60.186630249,22.289827347,0.460024208,0.887603104,0.019174468,0.013067771
1653512839.512637138,-51.935775757,60.186630249,22.289827347,0.460024208,0.887603104,0.019174468,0.013067771
1653512839.573588848,-53.081085205,61.600490570,22.525022507,0.457543522,0.888839841,0.020017667,0.014730472
1653512839.640308857,-53.081085205,61.600490570,22.525022507,0.457543522,0.888839841,0.020017667,0.014730472
1653512839.707004309,-54.093776703,62.879577637,22.776676178,0.455835104,0.889672637,0.022573505,0.013687695
1653512839.774083853,-54.093776703,62.879577637,22.776676178,0.455835104,0.889672637,0.022573505,0.013687695
1653512839.840900183,-55.206958771,64.266090393,23.033496857,0.453876764,0.890625834,0.024015479,0.014308089
1653512839.910227060,-55.206958771,64.266090393,23.033496857,0.453876764,0.890625834,0.024015479,0.014308089
1653512839.973868608,-56.360393524,65.680198669,23.289590836,0.452199757,0.891418397,0.026043793,0.014504571
1653512840.040332794,-56.360393524,65.680198669,23.289590836,0.452199757,0.891418397,0.026043793,0.014504571
1653512840.107358456,-57.494029999,67.071640015,23.563615799,0.450863183,0.892012477,0.028965918,0.014040763
1653512840.173675776,-57.494029999,67.071640015,23.563615799,0.450863183,0.892012477,0.028965918,0.014040763
1653512840.240712881,-58.670307159,68.515342712,23.841814041,0.449125946,0.892823756,0.030782545,0.014285833
1653512840.307366371,-58.670307159,68.515342712,23.841814041,0.449125946,0.892823756,0.030782545,0.014285833
1653512840.373807669,-59.791690826,69.920181274,24.131540298,0.447136790,0.893824637,0.031351000,0.012778771
1653512840.440238714,-59.791690826,69.920181274,24.131540298,0.447136790,0.893824637,0.031351000,0.012778771
1653512840.507864475,-60.992374420,71.391830444,24.412218094,0.446346223,0.894154727,0.032626420,0.014068131
1653512840.573940039,-60.992374420,71.391830444,24.412218094,0.446346223,0.894154727,0.032626420,0.014068131
1653512840.640575647,-62.111701965,72.792068481,24.703962326,0.446158141,0.894214869,0.033801615,0.013421498
1653512840.707348108,-62.111701965,72.792068481,24.703962326,0.446158141,0.894214869,0.033801615,0.013421498
1653512840.775858879,-63.208049774,74.164672852,25.001087189,0.445265919,0.894656181,0.033549719,0.014248372
1653512840.840457201,-63.208049774,74.164672852,25.001087189,0.445265919,0.894656181,0.033549719,0.014248372
1653512840.907148361,-64.401985168,75.634170532,25.286128998,0.445278913,0.894646585,0.033169221,0.015294991
1653512840.975308895,-64.401985168,75.634170532,25.286128998,0.445278913,0.894646585,0.033169221,0.015294991
1653512841.043230295,-65.654701233,77.150039673,25.593893051,0.444765776,0.894961178,0.031491648,0.015366513
1653512841.107460976,-65.654701233,77.150039673,25.593893051,0.444765776,0.894961178,0.031491648,0.015366513
1653512841.173933268,-66.755416870,78.490516663,25.895740509,0.443421751,0.895677567,0.029993577,0.015467719
1653512841.240349770,-66.755416870,78.490516663,25.895740509,0.443421751,0.895677567,0.029993577,0.015467719
1653512841.308150530,-67.983406067,79.969184875,26.211069107,0.442077249,0.896360219,0.029314296,0.015709370
1653512841.374107361,-67.983406067,79.969184875,26.211069107,0.442077249,0.896360219,0.029314296,0.015709370
1653512841.440967560,-69.086364746,81.307914734,26.534372330,0.440598130,0.897076428,0.029968042,0.015136952
1653512841.507289171,-69.086364746,81.307914734,26.534372330,0.440598130,0.897076428,0.029968042,0.015136952
1653512841.573891401,-70.322944641,82.794685364,26.868169785,0.438026458,0.898277700,0.031570137,0.015273816
1653512841.640605211,-70.322944641,82.794685364,26.868169785,0.438026458,0.898277700,0.031570137,0.015273816
1653512841.707196474,-71.702262878,84.416038513,27.206155777,0.435410738,0.899465263,0.033115294,0.016826265
1653512841.776911497,-71.702262878,84.416038513,27.206155777,0.435410738,0.899465263,0.033115294,0.016826265
1653512841.840792656,-72.800369263,85.739486694,27.553859711,0.432172835,0.900899351,0.036630027,0.016287539
1653512841.908158064,-72.800369263,85.739486694,27.553859711,0.432172835,0.900899351,0.036630027,0.016287539
1653512841.974421263,-74.189193726,87.372024536,27.910863876,0.429102421,0.902215481,0.039486371,0.017865067
1653512842.040669680,-74.189193726,87.372024536,27.910863876,0.429102421,0.902215481,0.039486371,0.017865067
1653512842.107203007,-75.347244263,88.739463806,28.270631790,0.426026821,0.903448105,0.044015024,0.018583314
1653512842.174421549,-75.347244263,88.739463806,28.270631790,0.426026821,0.903448105,0.044015024,0.018583314
1653512842.241288185,-76.668266296,90.269714355,28.635408401,0.422957391,0.904563546,0.049577605,0.020345056
1653512842.308107138,-76.668266296,90.269714355,28.635408401,0.422957391,0.904563546,0.049577605,0.020345056
1653512842.374579906,-77.948776245,91.753555298,29.006727219,0.420013309,0.905669153,0.053619221,0.021845076
1653512842.440378666,-77.948776245,91.753555298,29.006727219,0.420013309,0.905669153,0.053619221,0.021845076
1653512842.507033110,-79.107131958,93.111190796,29.366920471,0.417540401,0.906656325,0.055993941,0.022337891
1653512842.574024677,-79.107131958,93.111190796,29.366920471,0.417540401,0.906656325,0.055993941,0.022337891
1653512842.642196894,-80.491401672,94.661361694,29.735307693,0.415143937,0.907627702,0.057523813,0.023633042
1653512842.707261086,-80.491401672,94.661361694,29.735307693,0.415143937,0.907627702,0.057523813,0.023633042
1653512842.774022102,-81.906219482,96.213088989,30.101600647,0.412901103,0.908618391,0.057916094,0.023895377
1653512842.841087818,-81.906219482,96.213088989,30.101600647,0.412901103,0.908618391,0.057916094,0.023895377
1653512842.906976223,-83.287765503,97.691276550,30.471515656,0.410798132,0.909625590,0.056846526,0.024385326
1653512842.973526716,-83.287765503,97.691276550,30.471515656,0.410798132,0.909625590,0.056846526,0.024385326
1653512843.040812016,-84.663482666,99.138244629,30.840324402,0.407708645,0.911135197,0.054993432,0.024126023
1653512843.107876062,-84.663482666,99.138244629,30.840324402,0.407708645,0.911135197,0.054993432,0.024126023
1653512843.173666239,-86.163368225,100.680709839,31.204647064,0.404081076,0.912901700,0.052274980,0.024418583
1653512843.240511179,-86.163368225,100.680709839,31.204647064,0.404081076,0.912901700,0.052274980,0.024418583
1653512843.307062149,-87.712768555,102.235923767,31.567134857,0.400332630,0.914682508,0.049629144,0.025033023
1653512843.374114990,-87.712768555,102.235923767,31.567134857,0.400332630,0.914682508,0.049629144,0.025033023
1653512843.440768480,-89.206657410,103.730194092,31.932556152,0.396784544,0.916361868,0.047253933,0.024698500
1653512843.507530451,-89.206657410,103.730194092,31.932556152,0.396784544,0.916361868,0.047253933,0.024698500
1653512843.574000597,-90.488639832,105.005584717,32.295402527,0.392703086,0.918246090,0.045295484,0.023593877
1653512843.640501261,-90.488639832,105.005584717,32.295402527,0.392703086,0.918246090,0.045295484,0.023593877
1653512843.707052469,-92.126655579,106.631584167,32.668338776,0.389194220,0.919794977,0.043820061,0.024184292
1653512843.773710728,-92.126655579,106.631584167,32.668338776,0.389194220,0.919794977,0.043820061,0.024184292
1653512843.842285633,-93.691482544,108.166267395,33.041469574,0.386325866,0.920940042,0.044606142,0.025142025
1653512843.908481836,-93.691482544,108.166267395,33.041469574,0.386325866,0.920940042,0.044606142,0.025142025
1653512843.973640203,-95.202621460,109.641952515,33.409057617,0.383359581,0.922139645,0.045231890,0.025454938
1653512844.041793108,-95.202621460,109.641952515,33.409057617,0.383359581,0.922139645,0.045231890,0.025454938
1653512844.107013464,-96.642875671,111.054885864,33.786876678,0.381700397,0.922725081,0.047417872,0.025194343
1653512844.177673817,-96.642875671,111.054885864,33.786876678,0.381700397,0.922725081,0.047417872,0.025194343
1653512844.246352911,-98.091552734,112.451988220,34.180267334,0.380226612,0.923219204,0.050131060,0.024102060
1653512844.307249069,-98.091552734,112.451988220,34.180267334,0.380226612,0.923219204,0.050131060,0.024102060
1653512844.376832724,-99.778167725,114.042655945,34.555381775,0.379045457,0.923590362,0.051815651,0.024910342
1653512844.440930367,-99.778167725,114.042655945,34.555381775,0.379045457,0.923590362,0.051815651,0.024910342
1653512844.507576704,-101.151367188,115.342483521,34.930694580,0.378077567,0.923898697,0.053897165,0.023741109
1653512844.573823452,-101.151367188,115.342483521,34.930694580,0.378077567,0.923898697,0.053897165,0.023741109
1653512844.640365124,-102.651359558,116.731414795,35.309974670,0.377293766,0.924156547,0.055513896,0.022412317
1653512844.706954002,-102.651359558,116.731414795,35.309974670,0.377293766,0.924156547,0.055513896,0.022412317
1653512844.774019241,-104.449340820,118.342536926,35.689224243,0.375711918,0.924749732,0.055977523,0.023345195
1653512844.841531515,-104.449340820,118.342536926,35.689224243,0.375711918,0.924749732,0.055977523,0.023345195
1653512844.907964706,-106.111000061,119.811294556,36.074398041,0.373585045,0.925610662,0.056387462,0.022350876
1653512844.973958254,-106.111000061,119.811294556,36.074398041,0.373585045,0.925610662,0.056387462,0.022350876
1653512845.040398836,-107.826148987,121.307685852,36.457321167,0.371329814,0.926601291,0.055415027,0.021293275
1653512845.107657433,-107.826148987,121.307685852,36.457321167,0.371329814,0.926601291,0.055415027,0.021293275
1653512845.174439430,-109.373924255,122.643867493,36.843524933,0.369062841,0.927574337,0.054826207,0.019811591
1653512845.245048046,-109.373924255,122.643867493,36.843524933,0.369062841,0.927574337,0.054826207,0.019811591
1653512845.308131218,-111.026046753,124.064453125,37.233882904,0.367489636,0.928344667,0.052721038,0.018656069
1653512845.373880386,-111.026046753,124.064453125,37.233882904,0.367489636,0.928344667,0.052721038,0.018656069
1653512845.440932989,-112.786361694,125.559715271,37.615291595,0.366250098,0.928963065,0.050332163,0.018846015
1653512845.507134914,-112.786361694,125.559715271,37.615291595,0.366250098,0.928963065,0.050332163,0.018846015
1653512845.573969603,-114.396842957,126.917221069,37.999965668,0.364569396,0.929748535,0.048122626,0.018467216
1653512845.640743494,-114.396842957,126.917221069,37.999965668,0.364569396,0.929748535,0.048122626,0.018467216
1653512845.707072258,-116.112930298,128.347030640,38.373538971,0.364097089,0.930053949,0.045883484,0.018101791
1653512845.774637222,-116.112930298,128.347030640,38.373538971,0.364097089,0.930053949,0.045883484,0.018101791
1653512845.841050148,-117.779891968,129.738281250,38.754070282,0.362641752,0.930778682,0.043053854,0.016981408
1653512845.906899929,-117.779891968,129.738281250,38.754070282,0.362641752,0.930778682,0.043053854,0.016981408
1653512845.973736763,-119.517211914,131.155075073,39.129596710,0.360991299,0.931532562,0.040822443,0.016307216
1653512846.041572571,-119.517211914,131.155075073,39.129596710,0.360991299,0.931532562,0.040822443,0.016307216
1653512846.107064724,-121.270011902,132.569808960,39.519920349,0.359139144,0.932401836,0.037694599,0.014998781
1653512846.179860830,-121.270011902,132.569808960,39.519920349,0.359139144,0.932401836,0.037694599,0.014998781
1653512846.242972612,-122.894752502,133.885757446,39.898632050,0.356558949,0.933567107,0.033978954,0.012788747
1653512846.307207584,-122.894752502,133.885757446,39.898632050,0.356558949,0.933567107,0.033978954,0.012788747
1653512846.373717070,-124.721405029,135.342681885,40.277267456,0.353689700,0.934821665,0.029620126,0.011605843
1653512846.441307545,-124.721405029,135.342681885,40.277267456,0.353689700,0.934821665,0.029620126,0.011605843
1653512846.507693768,-126.387931824,136.681259155,40.663200378,0.351183534,0.935899079,0.025955893,0.009449290
1653512846.576142788,-126.387931824,136.681259155,40.663200378,0.351183534,0.935899079,0.025955893,0.009449290
1653512846.641020536,-128.188629150,138.112701416,41.048255920,0.348157495,0.937122583,0.022969348,0.007749737
1653512846.706955194,-128.188629150,138.112701416,41.048255920,0.348157495,0.937122583,0.022969348,0.007749737
1653512846.773615360,-130.161346436,139.655929565,41.432609558,0.346484244,0.937790394,0.020865999,0.007899704
1653512846.840895176,-130.161346436,139.655929565,41.432609558,0.346484244,0.937790394,0.020865999,0.007899704
1653512846.907005548,-131.738189697,140.944778442,41.819213867,0.345154613,0.938324809,0.019427273,0.006116949
1653512846.973797083,-131.738189697,140.944778442,41.819213867,0.345154613,0.938324809,0.019427273,0.006116949
1653512847.040257454,-133.623291016,142.436080933,42.202507019,0.343772173,0.938857019,0.018301439,0.005766440
1653512847.107508183,-133.623291016,142.436080933,42.202507019,0.343772173,0.938857019,0.018301439,0.005766440
1653512847.175088882,-135.595138550,143.988632202,42.595863342,0.342441946,0.939361989,0.017300215,0.005764722
1653512847.240442276,-135.595138550,143.988632202,42.595863342,0.342441946,0.939361989,0.017300215,0.005764722
1653512847.307178736,-137.133682251,145.250396729,42.977432251,0.341673851,0.939665079,0.016585957,0.003662143
1653512847.373535156,-137.133682251,145.250396729,42.977432251,0.341673851,0.939665079,0.016585957,0.003662143
1653512847.443248272,-139.187057495,146.869110107,43.383758545,0.340504289,0.940105915,0.015555033,0.003973686
1653512847.507501125,-139.187057495,146.869110107,43.383758545,0.340504289,0.940105915,0.015555033,0.003973686
1653512847.573671579,-141.042648315,148.326217651,43.774692535,0.338397205,0.940880001,0.014814025,0.003565626
1653512847.640265226,-141.042648315,148.326217651,43.774692535,0.338397205,0.940880001,0.014814025,0.003565626
1653512847.707034111,-142.880264282,149.768890381,44.167171478,0.336771250,0.941477358,0.014046132,0.002869539
1653512847.774138212,-142.880264282,149.768890381,44.167171478,0.336771250,0.941477358,0.014046132,0.002869539
1653512847.840818882,-144.985336304,151.385162354,44.571842194,0.334482312,0.942308247,0.012994184,0.002813466
1653512847.907275915,-144.985336304,151.385162354,44.571842194,0.334482312,0.942308247,0.012994184,0.002813466
1653512847.974157572,-146.648788452,152.726547241,44.973350525,0.332565606,0.943000317,0.012221022,0.001073762
1653512848.040925980,-146.648788452,152.726547241,44.973350525,0.332565606,0.943000317,0.012221022,0.001073762
1653512848.108500242,-148.487457275,154.181472778,45.377563477,0.331019253,0.943544269,0.012268327,0.000028655
1653512848.174121618,-148.487457275,154.181472778,45.377563477,0.331019253,0.943544269,0.012268327,0.000028655
1653512848.240215540,-150.440444946,155.710449219,45.773990631,0.329895735,0.943936169,0.012382508,0.000159988
1653512848.307149649,-150.440444946,155.710449219,45.773990631,0.329895735,0.943936169,0.012382508,0.000159988
1653512848.374223948,-152.235778809,157.156738281,46.174991608,0.329091668,0.944214523,0.012549074,0.000382058
1653512848.440460682,-152.235778809,157.156738281,46.174991608,0.329091668,0.944214523,0.012549074,0.000382058
1653512848.507315636,-154.171295166,158.689865112,46.573925018,0.329430699,0.944087386,0.013173788,0.000906037
1653512848.578948975,-154.171295166,158.689865112,46.573925018,0.329430699,0.944087386,0.013173788,0.000906037
1653512848.647890568,-156.246322632,160.328079224,47.000980377,0.329389632,0.944093943,0.013597535,0.002056456
1653512848.708330631,-156.246322632,160.328079224,47.000980377,0.329389632,0.944093943,0.013597535,0.002056456
1653512848.774948835,-157.937072754,161.701797485,47.377609253,0.329205692,0.944165468,0.013048674,0.002215961
1653512848.842151880,-157.937072754,161.701797485,47.377609253,0.329205692,0.944165468,0.013048674,0.002215961
1653512848.907010794,-159.728851318,163.152084351,47.763923645,0.329309225,0.944132447,0.012813782,0.002272266
1653512848.973612309,-159.728851318,163.152084351,47.763923645,0.329309225,0.944132447,0.012813782,0.002272266
1653512849.040734768,-161.628524780,164.651794434,48.158382416,0.328671455,0.944356978,0.012555780,0.002715283
1653512849.108444452,-161.628524780,164.651794434,48.158382416,0.328671455,0.944356978,0.012555780,0.002715283
1653512849.173638582,-163.696441650,166.249893188,48.564449310,0.327499241,0.944769442,0.012012362,0.003263428
1653512849.240166664,-163.696441650,166.249893188,48.564449310,0.327499241,0.944769442,0.012012362,0.003263428
1653512849.307057142,-163.696441650,166.249893188,48.564449310,0.327499241,0.944769442,0.012012362,0.003263428
1653512849.380886555,-163.696441650,166.249893188,48.564449310,0.327499241,0.944769442,0.012012362,0.003263428
1653512849.440676212,-165.563659668,167.724563599,48.976963043,0.326217115,0.945225716,0.011059390,0.002899840
1653512849.507248163,-165.563659668,167.724563599,48.976963043,0.326217115,0.945225716,0.011059390,0.002899840
1653512849.574264765,-167.614364624,169.304962158,49.398551941,0.324319035,0.945882022,0.010620438,0.003400967
1653512849.641241312,-167.614364624,169.304962158,49.398551941,0.324319035,0.945882022,0.010620438,0.003400967
1653512849.707147360,-169.569351196,170.846664429,49.824619293,0.322987646,0.946340978,0.010225960,0.003622050
1653512849.774319410,-169.569351196,170.846664429,49.824619293,0.322987646,0.946340978,0.010225960,0.003622050
1653512849.843614340,-171.408508301,172.311294556,50.241981506,0.322646707,0.946455598,0.010392009,0.003591904
1653512849.906922340,-171.408508301,172.311294556,50.241981506,0.322646707,0.946455598,0.010392009,0.003591904
1653512849.973924398,-173.450698853,173.909881592,50.682357788,0.322034806,0.946660042,0.010639615,0.003892292
1653512850.040259600,-173.450698853,173.909881592,50.682357788,0.322034806,0.946660042,0.010639615,0.003892292
1653512850.107175112,-175.285430908,175.380966187,51.106391907,0.321844369,0.946719348,0.010916343,0.004417054
1653512850.173993111,-175.285430908,175.380966187,51.106391907,0.321844369,0.946719348,0.010916343,0.004417054
1653512850.240304708,-177.379608154,177.004043579,51.528770447,0.322661161,0.946423948,0.011998749,0.005245412
1653512850.307272434,-177.379608154,177.004043579,51.528770447,0.322661161,0.946423948,0.011998749,0.005245412
1653512850.374688387,-179.420730591,178.604492188,51.958980560,0.323255539,0.946197271,0.013541920,0.005763060
1653512850.440198183,-179.420730591,178.604492188,51.958980560,0.323255539,0.946197271,0.013541920,0.005763060
1653512850.510299921,-181.309112549,180.116744995,52.386642456,0.323852628,0.945971429,0.014921983,0.005907765
1653512850.573478699,-181.309112549,180.116744995,52.386642456,0.323852628,0.945971429,0.014921983,0.005907765
1653512850.640206814,-183.088562012,181.572372437,52.810009003,0.325182647,0.945491970,0.016174596,0.006293463
1653512850.707139015,-183.088562012,181.572372437,52.810009003,0.325182647,0.945491970,0.016174596,0.006293463
1653512850.773489475,-185.393188477,183.325622559,53.217445374,0.325681090,0.945281446,0.017365001,0.008562212
1653512850.840548515,-185.393188477,183.325622559,53.217445374,0.325681090,0.945281446,0.017365001,0.008562212
1653512850.906795979,-187.110565186,184.726547241,53.622817993,0.326742172,0.944876254,0.019091779,0.009158529
1653512850.973838568,-187.110565186,184.726547241,53.622817993,0.326742172,0.944876254,0.019091779,0.009158529
1653512851.040447712,-189.266586304,186.389678955,54.032978058,0.327845961,0.944441199,0.020605890,0.011100092
1653512851.108554363,-189.266586304,186.389678955,54.032978058,0.327845961,0.944441199,0.020605890,0.011100092
1653512851.173966646,-191.272811890,187.967224121,54.444789886,0.329050511,0.944009006,0.020675812,0.012050246
1653512851.240304947,-191.272811890,187.967224121,54.444789886,0.329050511,0.944009006,0.020675812,0.012050246
1653512851.307848215,-193.256668091,189.508377075,54.856140137,0.329893440,0.943703413,0.020346249,0.013426034
1653512851.374533653,-193.256668091,189.508377075,54.856140137,0.329893440,0.943703413,0.020346249,0.013426034
1653512851.440221071,-195.451492310,191.182006836,55.269435883,0.331023395,0.943324924,0.018536041,0.014765210
1653512851.507994652,-195.451492310,191.182006836,55.269435883,0.331023395,0.943324924,0.018536041,0.014765210
1653512851.573522806,-197.270187378,192.616668701,55.673793793,0.332010359,0.943027079,0.016249679,0.014318691
1653512851.640272617,-197.270187378,192.616668701,55.673793793,0.332010359,0.943027079,0.016249679,0.014318691
1653512851.707235336,-199.514465332,194.302978516,56.089179993,0.332659990,0.942827582,0.013669197,0.015055805
1653512851.773508072,-199.514465332,194.302978516,56.089179993,0.332659990,0.942827582,0.013669197,0.015055805
1653512851.841531992,-201.470764160,195.827804565,56.509147644,0.333619058,0.942549348,0.010034790,0.014085037
1653512851.907963514,-201.470764160,195.827804565,56.509147644,0.333619058,0.942549348,0.010034790,0.014085037
1653512851.974639177,-203.524246216,197.414093018,56.927902222,0.334054559,0.942432284,0.006862431,0.013483463
1653512852.040490150,-203.524246216,197.414093018,56.927902222,0.334054559,0.942432284,0.006862431,0.013483463
1653512852.106917858,-205.956817627,199.222488403,57.337009430,0.334042281,0.942432940,0.003705852,0.014904886
1653512852.173496723,-205.956817627,199.222488403,57.337009430,0.334042281,0.942432940,0.003705852,0.014904886
1653512852.241298199,-207.718780518,200.625488281,57.723510742,0.334132850,0.942415297,0.001289184,0.014388935
1653512852.307703972,-207.718780518,200.625488281,57.723510742,0.334132850,0.942415297,0.001289184,0.014388935
1653512852.374005556,-209.837112427,202.253021240,58.116142273,0.334105194,0.942402601,-0.000429093,0.015839100
1653512852.440462112,-209.837112427,202.253021240,58.116142273,0.334105194,0.942402601,-0.000429093,0.015839100
1653512852.512834787,-212.161010742,204.010269165,58.497699738,0.333367914,0.942620039,-0.002025947,0.018143540
1653512852.573736429,-212.161010742,204.010269165,58.497699738,0.333367914,0.942620039,-0.002025947,0.018143540
1653512852.640156031,-214.206405640,205.612197876,58.886035919,0.333419323,0.942556262,-0.002119157,0.020365871
1653512852.710113049,-214.206405640,205.612197876,58.886035919,0.333419323,0.942556262,-0.002119157,0.020365871
1653512852.774370432,-216.363479614,207.264572144,59.244342804,0.332955033,0.942664385,-0.002602302,0.022759866
1653512852.840499401,-216.363479614,207.264572144,59.244342804,0.332955033,0.942664385,-0.002602302,0.022759866
1653512852.908144474,-218.593551636,208.984085083,59.619796753,0.332838416,0.942659616,-0.003070259,0.024535095
1653512852.975759983,-218.593551636,208.984085083,59.619796753,0.332838416,0.942659616,-0.003070259,0.024535095
1653512853.040182590,-220.409896851,210.462142944,59.991840363,0.333956212,0.942255795,-0.002141379,0.024953125
1653512853.107246161,-220.409896851,210.462142944,59.991840363,0.333956212,0.942255795,-0.002141379,0.024953125
1653512853.173993111,-223.063430786,212.446060181,60.368255615,0.335388154,0.941677630,-0.001682916,0.027480192
1653512853.240641356,-223.063430786,212.446060181,60.368255615,0.335388154,0.941677630,-0.001682916,0.027480192
1653512853.306932688,-225.064086914,214.056564331,60.747764587,0.337326974,0.940982699,-0.000521354,0.027601531
1653512853.373432875,-225.064086914,214.056564331,60.747764587,0.337326974,0.940982699,-0.000521354,0.027601531
1653512853.440228939,-227.151382446,215.709579468,61.117942810,0.340092629,0.939994156,0.001035164,0.027329311
1653512853.506988525,-227.151382446,215.709579468,61.117942810,0.340092629,0.939994156,0.001035164,0.027329311
1653512853.573493958,-229.781600952,217.688354492,61.488014221,0.342198759,0.939184666,0.001806487,0.028790763
1653512853.640175343,-229.781600952,217.688354492,61.488014221,0.342198759,0.939184666,0.001806487,0.028790763
1653512853.707529068,-231.698074341,219.246475220,61.852699280,0.343435913,0.938759446,0.002453453,0.027865775
1653512853.773413897,-231.698074341,219.246475220,61.852699280,0.343435913,0.938759446,0.002453453,0.027865775
1653512853.840670824,-234.231933594,221.173919678,62.215015411,0.344032228,0.938524365,0.002319304,0.028433852
1653512853.906705379,-234.231933594,221.173919678,62.215015411,0.344032228,0.938524365,0.002319304,0.028433852
1653512853.973911524,-236.178375244,222.739822388,62.570793152,0.343168080,0.938866556,0.002053504,0.027587594
1653512854.042279243,-236.178375244,222.739822388,62.570793152,0.343168080,0.938866556,0.002053504,0.027587594
1653512854.108766556,-238.625625610,224.605789185,62.915794373,0.341710657,0.939387143,0.001251988,0.028000239
1653512854.174381495,-238.625625610,224.605789185,62.915794373,0.341710657,0.939387143,0.001251988,0.028000239
1653512854.240505219,-241.105484009,226.501541138,63.267040253,0.340723068,0.939734221,0.000759342,0.028404431
1653512854.306952000,-241.105484009,226.501541138,63.267040253,0.340723068,0.939734221,0.000759342,0.028404431
1653512854.373457909,-243.311294556,228.226928711,63.606624603,0.340406269,0.939836025,0.001162397,0.028817941
1653512854.440415621,-243.311294556,228.226928711,63.606624603,0.340406269,0.939836025,0.001162397,0.028817941
1653512854.506725788,-245.835342407,230.158050537,63.949028015,0.341138095,0.939527452,0.001423189,0.030181846
1653512854.573538303,-245.835342407,230.158050537,63.949028015,0.341138095,0.939527452,0.001423189,0.030181846
1653512854.642292976,-248.009262085,231.884460449,64.296173096,0.342737943,0.938941061,0.002040371,0.030269800
1653512854.707331419,-248.009262085,231.884460449,64.296173096,0.342737943,0.938941061,0.002040371,0.030269800
1653512854.774331331,-250.541351318,233.831604004,64.646316528,0.344006181,0.938439786,0.002268249,0.031390853
1653512854.841635466,-250.541351318,233.831604004,64.646316528,0.344006181,0.938439786,0.002268249,0.031390853
1653512854.909169197,-252.934494019,235.686813354,64.992393494,0.344524384,0.938216686,0.002407558,0.032351661
1653512854.973768711,-252.934494019,235.686813354,64.992393494,0.344524384,0.938216686,0.002407558,0.032351661
1653512855.040339708,-255.390136719,237.574462891,65.338409424,0.344439358,0.938220859,0.002272142,0.033136278
1653512855.106919765,-255.390136719,237.574462891,65.338409424,0.344439358,0.938220859,0.002272142,0.033136278
1653512855.173506498,-257.963287354,239.515487671,65.669723511,0.342931032,0.938727081,0.001643328,0.034453411
1653512855.240131855,-257.963287354,239.515487671,65.669723511,0.342931032,0.938727081,0.001643328,0.034453411
1653512855.307173014,-260.363037109,241.359405518,66.014526367,0.340659589,0.939544141,0.001247966,0.034731202
1653512855.373604774,-260.363037109,241.359405518,66.014526367,0.340659589,0.939544141,0.001247966,0.034731202
1653512855.440690041,-262.935180664,243.314727783,66.355628967,0.339010149,0.940109253,0.001003736,0.035577487
1653512855.506908655,-262.935180664,243.314727783,66.355628967,0.339010149,0.940109253,0.001003736,0.035577487
1653512855.573400974,-265.653991699,245.360961914,66.689781189,0.337562859,0.940562665,0.001560040,0.037293278
1653512855.640138149,-265.653991699,245.360961914,66.689781189,0.337562859,0.940562665,0.001560040,0.037293278
1653512855.707227945,-267.839172363,247.102157593,67.031280518,0.337093294,0.940722585,0.002632365,0.037445460
1653512855.773882627,-267.839172363,247.102157593,67.031280518,0.337093294,0.940722585,0.002632365,0.037445460
1653512855.840077162,-270.122009277,248.912017822,67.369827271,0.338049471,0.940354168,0.004935765,0.037845019
1653512855.910607100,-270.122009277,248.912017822,67.369827271,0.338049471,0.940354168,0.004935765,0.037845019
1653512855.973409176,-272.833526611,250.982727051,67.695922852,0.339429349,0.939782381,0.006919475,0.039356712
1653512856.040306091,-272.833526611,250.982727051,67.695922852,0.339429349,0.939782381,0.006919475,0.039356712
1653512856.107012749,-275.035766602,252.745681763,68.030715942,0.340522468,0.939378083,0.009147572,0.039110623
1653512856.174962997,-275.035766602,252.745681763,68.030715942,0.340522468,0.939378083,0.009147572,0.039110623
1653512856.239984035,-277.608734131,254.720870972,68.356071472,0.341483951,0.938961327,0.011268895,0.040166080
1653512856.307122231,-277.608734131,254.720870972,68.356071472,0.341483951,0.938961327,0.011268895,0.040166080
1653512856.373892784,-280.094604492,256.626586914,68.685729980,0.340197295,0.939400613,0.012208465,0.040536243
1653512856.440026045,-280.094604492,256.626586914,68.685729980,0.340197295,0.939400613,0.012208465,0.040536243
1653512856.506756783,-282.465209961,258.446960449,69.014900208,0.337288678,0.940431356,0.013249131,0.040616471
1653512856.573977709,-282.465209961,258.446960449,69.014900208,0.337288678,0.940431356,0.013249131,0.040616471
1653512856.640237331,-285.324432373,260.539886475,69.317321777,0.334098130,0.941507697,0.013543741,0.041932032
1653512856.707677841,-285.324432373,260.539886475,69.317321777,0.334098130,0.941507697,0.013543741,0.041932032
1653512856.774567842,-287.631958008,262.307037354,69.639587402,0.330360591,0.942822933,0.014380232,0.041713521
1653512856.840320110,-287.631958008,262.307037354,69.639587402,0.330360591,0.942822933,0.014380232,0.041713521
1653512856.906720638,-290.289947510,264.278503418,69.953163147,0.327216238,0.943858325,0.015943756,0.042506713
1653512856.973795891,-290.289947510,264.278503418,69.953163147,0.327216238,0.943858325,0.015943756,0.042506713
1653512857.040126085,-293.180480957,266.387664795,70.264305115,0.324743897,0.944650292,0.017153272,0.043393224
1653512857.107126951,-293.180480957,266.387664795,70.264305115,0.324743897,0.944650292,0.017153272,0.043393224
1653512857.175077200,-295.736907959,268.290283203,70.585815430,0.322334677,0.945433319,0.018990362,0.043538187
1653512857.240763664,-295.736907959,268.290283203,70.585815430,0.322334677,0.945433319,0.018990362,0.043538187
1653512857.307958126,-298.620117188,270.380279541,70.904159546,0.320056796,0.946097612,0.021497132,0.044730045
1653512857.373913765,-298.620117188,270.380279541,70.904159546,0.320056796,0.946097612,0.021497132,0.044730045
1653512857.440680265,-301.551605225,272.479217529,71.221771240,0.317564458,0.946859181,0.023522351,0.045356136
1653512857.507310629,-301.551605225,272.479217529,71.221771240,0.317564458,0.946859181,0.023522351,0.045356136
1653512857.574405193,-304.009948730,274.289001465,71.558860779,0.314060479,0.947980881,0.026031084,0.044952258
1653512857.646928310,-304.009948730,274.289001465,71.558860779,0.314060479,0.947980881,0.026031084,0.044952258
1653512857.707074642,-307.219390869,276.514160156,71.862663269,0.309491396,0.949342608,0.028875072,0.046150498
1653512857.773392200,-307.219390869,276.514160156,71.862663269,0.309491396,0.949342608,0.028875072,0.046150498
1653512857.841518402,-309.682495117,278.286560059,72.190773010,0.305355787,0.950614154,0.031682298,0.045681451
1653512857.906689405,-309.682495117,278.286560059,72.190773010,0.305355787,0.950614154,0.031682298,0.045681451
1653512857.973566532,-312.721832275,280.388793945,72.505798340,0.300648272,0.951953590,0.034955904,0.046615463
1653512858.044623613,-312.721832275,280.388793945,72.505798340,0.300648272,0.951953590,0.034955904,0.046615463
1653512858.108480692,-315.826080322,282.513824463,72.817855835,0.296163023,0.953212023,0.038152494,0.047103472
1653512858.173823118,-315.826080322,282.513824463,72.817855835,0.296163023,0.953212023,0.038152494,0.047103472
1653512858.240159273,-318.218475342,284.219787598,73.159507751,0.292496055,0.954204559,0.042680908,0.046021819
1653512858.306724310,-318.218475342,284.219787598,73.159507751,0.292496055,0.954204559,0.042680908,0.046021819
1653512858.373444319,-321.481353760,286.402404785,73.457550049,0.288873643,0.955091059,0.046327811,0.046976529
1653512858.440096617,-321.481353760,286.402404785,73.457550049,0.288873643,0.955091059,0.046327811,0.046976529
1653512858.506766796,-324.294158936,288.316101074,73.785224915,0.285559058,0.955892563,0.050334293,0.046817027
1653512858.573440075,-324.294158936,288.316101074,73.785224915,0.285559058,0.955892563,0.050334293,0.046817027
1653512858.640243292,-326.873046875,290.084594727,74.127838135,0.283434749,0.956376612,0.054255966,0.045439534
1653512858.706696272,-326.873046875,290.084594727,74.127838135,0.283434749,0.956376612,0.054255966,0.045439534
1653512858.774981737,-330.065063477,292.168457031,74.438072205,0.280577183,0.957018614,0.057369031,0.045832258
1653512858.844526768,-330.065063477,292.168457031,74.438072205,0.280577183,0.957018614,0.057369031,0.045832258
1653512858.906967163,-333.113983154,294.151031494,74.771911621,0.277480483,0.957754791,0.060536865,0.045228831
1653512858.973641872,-333.113983154,294.151031494,74.771911621,0.277480483,0.957754791,0.060536865,0.045228831
1653512859.040619373,-335.792449951,295.893035889,75.115608215,0.274817795,0.958393633,0.063291483,0.044169746
1653512859.106847763,-335.792449951,295.893035889,75.115608215,0.274817795,0.958393633,0.063291483,0.044169746
1653512859.176100969,-338.992095947,297.893402100,75.449340820,0.271208882,0.959361970,0.064715534,0.043385599
1653512859.242381334,-338.992095947,297.893402100,75.449340820,0.271208882,0.959361970,0.064715534,0.043385599
1653512859.306977034,-341.964477539,299.736907959,75.796440125,0.267722130,0.960320354,0.066027962,0.041832719
1653512859.373625517,-341.964477539,299.736907959,75.796440125,0.267722130,0.960320354,0.066027962,0.041832719
1653512859.441655397,-345.257812500,301.729309082,76.114425659,0.265017569,0.961027920,0.067204103,0.040921584
1653512859.506680250,-345.257812500,301.729309082,76.114425659,0.265017569,0.961027920,0.067204103,0.040921584
1653512859.573689461,-348.292785645,303.557159424,76.457946777,0.262183398,0.961747825,0.068740234,0.039696321
1653512859.641187429,-348.292785645,303.557159424,76.457946777,0.262183398,0.961747825,0.068740234,0.039696321
1653512859.707684755,-351.465606689,305.421447754,76.778266907,0.259215772,0.962504029,0.069985874,0.038666531
1653512859.773678303,-351.465606689,305.421447754,76.778266907,0.259215772,0.962504029,0.069985874,0.038666531
1653512859.841224909,-354.782165527,307.339630127,77.103683472,0.256948620,0.963081300,0.070799187,0.037937582
1653512859.906991959,-354.782165527,307.339630127,77.103683472,0.256948620,0.963081300,0.070799187,0.037937582
1653512859.973889589,-358.128631592,309.231781006,77.421554565,0.253608406,0.963950753,0.071378835,0.037238784
1653512860.040323257,-358.128631592,309.231781006,77.421554565,0.253608406,0.963950753,0.071378835,0.037238784
1653512860.108338594,-361.611724854,311.159240723,77.725730896,0.250380814,0.964790523,0.071577370,0.036950976
1653512860.173502207,-361.611724854,311.159240723,77.725730896,0.250380814,0.964790523,0.071577370,0.036950976
1653512860.244174719,-364.939544678,312.982574463,78.045410156,0.247852579,0.965450466,0.072075702,0.035770994
1653512860.306789875,-364.939544678,312.982574463,78.045410156,0.247852579,0.965450466,0.072075702,0.035770994
1653512860.373662949,-368.090087891,314.698211670,78.379806519,0.244558305,0.966284394,0.072823621,0.034387048
1653512860.440873146,-368.090087891,314.698211670,78.379806519,0.244558305,0.966284394,0.072823621,0.034387048
1653512860.506752968,-371.689453125,316.590667725,78.666778564,0.241834924,0.966903687,0.073737346,0.034291510
1653512860.573335886,-371.689453125,316.590667725,78.666778564,0.241834924,0.966903687,0.073737346,0.034291510
1653512860.640436888,-374.768005371,318.216461182,78.992172241,0.239343464,0.967498422,0.074575439,0.033165812
1653512860.707747698,-374.768005371,318.216461182,78.992172241,0.239343464,0.967498422,0.074575439,0.033165812
1653512860.773683548,-378.483062744,320.117584229,79.282539368,0.236105993,0.968242764,0.075185455,0.033273228
1653512860.840067387,-378.483062744,320.117584229,79.282539368,0.236105993,0.968242764,0.075185455,0.033273228
1653512860.907969475,-381.789093018,321.799163818,79.582176208,0.232715160,0.969006896,0.075934976,0.033213358
1653512860.974308252,-381.789093018,321.799163818,79.582176208,0.232715160,0.969006896,0.075934976,0.033213358
1653512861.041777849,-385.090332031,323.449676514,79.884819031,0.229495168,0.969664752,0.077838451,0.031990223
1653512861.107114315,-385.090332031,323.449676514,79.884819031,0.229495168,0.969664752,0.077838451,0.031990223
1653512861.173368692,-388.688171387,325.208740234,80.173370361,0.225493923,0.970564246,0.078368448,0.031873848
1653512861.240031004,-388.688171387,325.208740234,80.173370361,0.225493923,0.970564246,0.078368448,0.031873848
1653512861.307602406,-391.860870361,326.745117188,80.469841003,0.221335679,0.971453488,0.079288572,0.031652924
1653512861.376172781,-391.860870361,326.745117188,80.469841003,0.221335679,0.971453488,0.079288572,0.031652924
1653512861.440446854,-395.599456787,328.483062744,80.726509094,0.217429072,0.972240567,0.080388300,0.031789683
1653512861.507236242,-395.599456787,328.483062744,80.726509094,0.217429072,0.972240567,0.080388300,0.031789683
1653512861.574363947,-399.155792236,330.133270264,80.996978760,0.212738752,0.973245978,0.080875456,0.031522345
1653512861.640126228,-399.155792236,330.133270264,80.996978760,0.212738752,0.973245978,0.080875456,0.031522345
1653512861.706907988,-402.524963379,331.672241211,81.274856567,0.207562640,0.974296570,0.081911497,0.030894436
1653512861.777445316,-402.524963379,331.672241211,81.274856567,0.207562640,0.974296570,0.081911497,0.030894436
1653512861.840940475,-406.411773682,333.397064209,81.517967224,0.202727988,0.975285470,0.082076669,0.031353816
1653512861.908067942,-406.411773682,333.397064209,81.517967224,0.202727988,0.975285470,0.082076669,0.031353816
1653512861.974964619,-409.906524658,334.919433594,81.781524658,0.196743906,0.976441503,0.083116360,0.030748608
1653512862.040082455,-409.906524658,334.919433594,81.781524658,0.196743906,0.976441503,0.083116360,0.030748608
1653512862.106858730,-413.962738037,336.618072510,82.017951965,0.190338328,0.977658868,0.083450139,0.031472374
1653512862.173344851,-413.962738037,336.618072510,82.017951965,0.190338328,0.977658868,0.083450139,0.031472374
1653512862.240098953,-417.672363281,338.149749756,82.270050049,0.184617877,0.978738725,0.083818011,0.031005047
1653512862.308087349,-417.672363281,338.149749756,82.270050049,0.184617877,0.978738725,0.083818011,0.031005047
1653512862.373352766,-421.150970459,339.573516846,82.556556702,0.178994387,0.979794681,0.084273845,0.029348511
1653512862.442991734,-421.150970459,339.573516846,82.556556702,0.178994387,0.979794681,0.084273845,0.029348511
1653512862.510988474,-425.195556641,341.154968262,82.801544189,0.173354074,0.980735600,0.085141458,0.029275108
1653512862.573432684,-425.195556641,341.154968262,82.801544189,0.173354074,0.980735600,0.085141458,0.029275108
1653512862.640456676,-428.840118408,342.580352783,83.105079651,0.168657556,0.981471717,0.086579300,0.027783489
1653512862.707584620,-428.840118408,342.580352783,83.105079651,0.168657556,0.981471717,0.086579300,0.027783489
1653512862.773266554,-432.519439697,343.970703125,83.377151489,0.163959131,0.982167661,0.087955281,0.026981708
1653512862.841132641,-432.519439697,343.970703125,83.377151489,0.163959131,0.982167661,0.087955281,0.026981708
1653512862.906924009,-436.859466553,345.549926758,83.631126404,0.158663720,0.982953548,0.088935323,0.026808646
1653512862.974177837,-436.859466553,345.549926758,83.631126404,0.158663720,0.982953548,0.088935323,0.026808646
1653512863.040174961,-440.113555908,346.740112305,83.961517334,0.153375745,0.983801901,0.089516923,0.024420822
1653512863.106941700,-440.113555908,346.740112305,83.961517334,0.153375745,0.983801901,0.089516923,0.024420822
1653512863.173648119,-444.105743408,348.131988525,84.242347717,0.147213861,0.984572232,0.091483057,0.024010012
1653512863.240165949,-444.105743408,348.131988525,84.242347717,0.147213861,0.984572232,0.091483057,0.024010012
1653512863.306677818,-447.996948242,349.459869385,84.552261353,0.141148999,0.985325277,0.093032651,0.023580531
1653512863.373268843,-447.996948242,349.459869385,84.552261353,0.141148999,0.985325277,0.093032651,0.023580531
1653512863.439958811,-451.307006836,350.575042725,84.898010254,0.135748014,0.985938787,0.094966784,0.021874104
1653512863.506558418,-451.307006836,350.575042725,84.898010254,0.135748014,0.985938787,0.094966784,0.021874104
1653512863.574600220,-455.721557617,351.974670410,85.169540405,0.130512565,0.986455560,0.096979335,0.021609297
1653512863.640001774,-455.721557617,351.974670410,85.169540405,0.130512565,0.986455560,0.096979335,0.021609297
1653512863.707355499,-459.490844727,353.159423828,85.515922546,0.125247598,0.986976624,0.098911896,0.020164842
1653512863.773550510,-459.490844727,353.159423828,85.515922546,0.125247598,0.986976624,0.098911896,0.020164842
1653512863.841645479,-463.227935791,354.294555664,85.850990295,0.120282330,0.987294316,0.102021508,0.019330166
1653512863.906699896,-463.227935791,354.294555664,85.850990295,0.120282330,0.987294316,0.102021508,0.019330166
1653512863.973413706,-467.533294678,355.552612305,86.161392212,0.115299761,0.987621486,0.104483090,0.019825259
1653512864.040096045,-467.533294678,355.552612305,86.161392212,0.115299761,0.987621486,0.104483090,0.019825259
1653512864.112591028,-471.032989502,356.542938232,86.500259399,0.110077694,0.987837911,0.108111158,0.019266073
1653512864.173373461,-471.032989502,356.542938232,86.500259399,0.110077694,0.987837911,0.108111158,0.019266073
1653512864.243988752,-475.458648682,357.728698730,86.814849854,0.104996160,0.988084018,0.110756546,0.019968193
1653512864.307255745,-475.458648682,357.728698730,86.814849854,0.104996160,0.988084018,0.110756546,0.019968193
1653512864.373469353,-479.964477539,358.868041992,87.107025146,0.099294163,0.988394856,0.113008074,0.021106543
1653512864.440333366,-479.964477539,358.868041992,87.107025146,0.099294163,0.988394856,0.113008074,0.021106543
1653512864.508420706,-483.362060547,359.707031250,87.462478638,0.093567736,0.988866925,0.113780521,0.021007640
1653512864.574949741,-483.362060547,359.707031250,87.462478638,0.093567736,0.988866925,0.113780521,0.021007640
1653512864.640060425,-487.629608154,360.704498291,87.773666382,0.088290676,0.989383996,0.113335341,0.021890128
1653512864.706957340,-487.629608154,360.704498291,87.773666382,0.088290676,0.989383996,0.113335341,0.021890128
1653512864.773512363,-491.371093750,361.542846680,88.098342896,0.082721300,0.989962876,0.112400770,0.022289246
1653512864.840103149,-491.371093750,361.542846680,88.098342896,0.082721300,0.989962876,0.112400770,0.022289246
1653512864.906654596,-495.578216553,362.436370850,88.396842957,0.076693475,0.990708351,0.109858252,0.023371240
1653512864.973979235,-495.578216553,362.436370850,88.396842957,0.076693475,0.990708351,0.109858252,0.023371240
1653512865.040711880,-499.959381104,363.322021484,88.697189331,0.071043685,0.991311073,0.108071961,0.023992334
1653512865.106712103,-499.959381104,363.322021484,88.697189331,0.071043685,0.991311073,0.108071961,0.023992334
1653512865.174374342,-503.691101074,364.042083740,89.044502258,0.064811617,0.991798580,0.107570581,0.023739813
1653512865.240088224,-503.691101074,364.042083740,89.044502258,0.064811617,0.991798580,0.107570581,0.023739813
1653512865.307990789,-508.029693604,364.831756592,89.349517822,0.057953253,0.992154598,0.108166203,0.023889482
1653512865.373539209,-508.029693604,364.831756592,89.349517822,0.057953253,0.992154598,0.108166203,0.023889482
1653512865.440047979,-512.067932129,365.528900146,89.678329468,0.051602248,0.992445171,0.108895876,0.023053737
1653512865.508740187,-512.067932129,365.528900146,89.678329468,0.051602248,0.992445171,0.108895876,0.023053737
1653512865.574113607,-516.173645020,366.182250977,89.999114990,0.044356577,0.992637455,0.110469364,0.022358716
1653512865.641381502,-516.173645020,366.182250977,89.999114990,0.044356577,0.992637455,0.110469364,0.022358716
1653512865.707381248,-520.402221680,366.811370850,90.327560425,0.036993019,0.992838502,0.111664161,0.020841941
1653512865.773191929,-520.402221680,366.811370850,90.327560425,0.036993019,0.992838502,0.111664161,0.020841941
1653512865.842298985,-524.337829590,367.359100342,90.659301758,0.030082192,0.992872059,0.113927379,0.017907526
1653512865.906948090,-524.337829590,367.359100342,90.659301758,0.030082192,0.992872059,0.113927379,0.017907526
1653512865.973409653,-528.966613770,367.943908691,90.964904785,0.022815287,0.992743611,0.116978534,0.015988629
1653512866.040848732,-528.966613770,367.943908691,90.964904785,0.022815287,0.992743611,0.116978534,0.015988629
1653512866.106967926,-532.923339844,368.422180176,91.299568176,0.016061317,0.992603779,0.119673043,0.012576452
1653512866.174741030,-532.923339844,368.422180176,91.299568176,0.016061317,0.992603779,0.119673043,0.012576452
1653512866.240095615,-537.048095703,368.867340088,91.643455505,0.010608968,0.992439687,0.121987104,0.008369238
1653512866.306711197,-537.048095703,368.867340088,91.643455505,0.010608968,0.992439687,0.121987104,0.008369238
1653512866.373198748,-541.664855957,369.287780762,91.980514526,0.006346787,0.992511451,0.121887952,0.004907875
1653512866.439948559,-541.664855957,369.287780762,91.980514526,0.006346787,0.992511451,0.121887952,0.004907875
1653512866.507191658,-545.480712891,369.611083984,92.367004395,0.001102877,0.992862701,0.119256668,0.000588854
1653512866.573571444,-545.480712891,369.611083984,92.367004395,0.001102877,0.992862701,0.119256668,0.000588854
1653512866.640377522,-549.926269531,369.919250488,92.717910767,-0.004965215,0.993268847,0.115715384,-0.001498589
1653512866.707402945,-549.926269531,369.919250488,92.717910767,-0.004965215,0.993268847,0.115715384,-0.001498589
1653512866.773492098,-554.008239746,370.145538330,93.085693359,-0.013368643,0.993743777,0.110836178,-0.003158077
1653512866.839846849,-554.008239746,370.145538330,93.085693359,-0.013368643,0.993743777,0.110836178,-0.003158077
1653512866.906544685,-558.005249023,370.341156006,93.458763123,-0.023592159,0.994177401,0.105059572,-0.004151525
1653512866.973275900,-558.005249023,370.341156006,93.458763123,-0.023592159,0.994177401,0.105059572,-0.004151525
1653512867.040102005,-562.412170410,370.486511230,93.808860779,-0.034983721,0.994328678,0.100326024,-0.004611527
1653512867.106894970,-562.412170410,370.486511230,93.808860779,-0.034983721,0.994328678,0.100326024,-0.004611527
1653512867.173267841,-566.647033691,370.597259521,94.197311401,-0.046153124,0.994161308,0.097402580,-0.005087921
1653512867.240780830,-566.647033691,370.597259521,94.197311401,-0.046153124,0.994161308,0.097402580,-0.005087921
1653512867.307920694,-570.616760254,370.668334961,94.600067139,-0.056644894,0.993641853,0.097148567,-0.005414850
1653512867.374948502,-570.616760254,370.668334961,94.600067139,-0.056644894,0.993641853,0.097148567,-0.005414850
1653512867.439944744,-575.400512695,370.709991455,94.980857849,-0.066248037,0.992888749,0.098765589,-0.005341016
1653512867.506983280,-575.400512695,370.709991455,94.980857849,-0.066248037,0.992888749,0.098765589,-0.005341016
1653512867.574032545,-579.129333496,370.734100342,95.414604187,-0.074667431,0.991993904,0.101526633,-0.008073308
1653512867.640083790,-579.129333496,370.734100342,95.414604187,-0.074667431,0.991993904,0.101526633,-0.008073308
1653512867.706727743,-583.249572754,370.728179932,95.828872681,-0.081446484,0.991254687,0.103339568,-0.010079976
1653512867.773584366,-583.249572754,370.728179932,95.828872681,-0.081446484,0.991254687,0.103339568,-0.010079976
1653512867.840347767,-587.888793945,370.644287109,96.213867188,-0.087074250,0.990683794,0.104105152,-0.011217576
1653512867.907156229,-587.888793945,370.644287109,96.213867188,-0.087074250,0.990683794,0.104105152,-0.011217576
1653512867.973200798,-591.697692871,370.544799805,96.638839722,-0.092791058,0.990126193,0.104175277,-0.013689583
1653512868.040233612,-591.697692871,370.544799805,96.638839722,-0.092791058,0.990126193,0.104175277,-0.013689583
1653512868.107014656,-596.316528320,370.375091553,97.004768372,-0.099432409,0.989473164,0.104295537,-0.013360512
1653512868.173816204,-596.316528320,370.375091553,97.004768372,-0.099432409,0.989473164,0.104295537,-0.013360512
1653512868.240252018,-600.225219727,370.215759277,97.382476807,-0.106714219,0.988763273,0.103700161,-0.014336345
1653512868.307751179,-600.225219727,370.215759277,97.382476807,-0.106714219,0.988763273,0.103700161,-0.014336345
1653512868.374102354,-604.626708984,369.972076416,97.714431763,-0.115261823,0.987928212,0.102664381,-0.013137278
1653512868.440230370,-604.626708984,369.972076416,97.714431763,-0.115261823,0.987928212,0.102664381,-0.013137278
1653512868.506868601,-608.900695801,369.703643799,98.050933838,-0.124409929,0.986981452,0.101144843,-0.012630957
1653512868.573565722,-608.900695801,369.703643799,98.050933838,-0.124409929,0.986981452,0.101144843,-0.012630957
1653512868.640960693,-612.798645020,369.419708252,98.385749817,-0.132318422,0.986089766,0.099790290,-0.012679269
1653512868.706914902,-612.798645020,369.419708252,98.385749817,-0.132318422,0.986089766,0.099790290,-0.012679269
1653512868.773658752,-617.184631348,369.055938721,98.696235657,-0.139610156,0.985245228,0.098296419,-0.011774820
1653512868.842586756,-617.184631348,369.055938721,98.696235657,-0.139610156,0.985245228,0.098296419,-0.011774820
1653512868.907688379,-621.443786621,368.668853760,99.015754700,-0.145874664,0.984492719,0.096808553,-0.011079996
1653512868.977604389,-621.443786621,368.668853760,99.015754700,-0.145874664,0.984492719,0.096808553,-0.011079996
1653512869.040369987,-625.589294434,368.248687744,99.351486206,-0.151704669,0.983776033,0.095087692,-0.011347249
1653512869.107024670,-625.589294434,368.248687744,99.351486206,-0.151704669,0.983776033,0.095087692,-0.011347249
1653512869.173470974,-629.700195312,367.794128418,99.683410645,-0.157602832,0.983038068,0.093047544,-0.011816629
1653512869.239970684,-629.700195312,367.794128418,99.683410645,-0.157602832,0.983038068,0.093047544,-0.011816629
1653512869.306935549,-633.606018066,367.330963135,100.018074036,-0.163895011,0.982203245,0.090867750,-0.012578690
1653512869.373974085,-633.606018066,367.330963135,100.018074036,-0.163895011,0.982203245,0.090867750,-0.012578690
1653512869.440958261,-638.140258789,366.723236084,100.339706421,-0.170607686,0.981073678,0.090728477,-0.012483846
1653512869.509685993,-638.140258789,366.723236084,100.339706421,-0.170607686,0.981073678,0.090728477,-0.012483846
1653512869.574013472,-642.274780273,366.128906250,100.687347412,-0.178686321,0.979564011,0.091483913,-0.012500851
1653512869.641179323,-642.274780273,366.128906250,100.687347412,-0.178686321,0.979564011,0.091483913,-0.012500851
1653512869.707312346,-646.303649902,365.504852295,101.022041321,-0.186602697,0.977909386,0.093271442,-0.013155549
1653512869.773610830,-646.303649902,365.504852295,101.022041321,-0.186602697,0.977909386,0.093271442,-0.013155549
1653512869.840641260,-650.673889160,364.754364014,101.352195740,-0.194249243,0.976097822,0.096556768,-0.013306901
1653512869.906605959,-650.673889160,364.754364014,101.352195740,-0.194249243,0.976097822,0.096556768,-0.013306901
1653512869.976892710,-654.632263184,364.056335449,101.699066162,-0.201465979,0.974227667,0.100420214,-0.014410662
1653512870.039963007,-654.632263184,364.056335449,101.699066162,-0.201465979,0.974227667,0.100420214,-0.014410662
1653512870.107197046,-658.928405762,363.239715576,102.048492432,-0.207980424,0.972228169,0.106123902,-0.015943814
1653512870.173145294,-658.928405762,363.239715576,102.048492432,-0.207980424,0.972228169,0.106123902,-0.015943814
1653512870.240261316,-662.984558105,362.454528809,102.379821777,-0.212980241,0.970632493,0.110492811,-0.017416639
1653512870.307783604,-662.984558105,362.454528809,102.379821777,-0.212980241,0.970632493,0.110492811,-0.017416639
1653512870.373294592,-666.726745605,361.700805664,102.721458435,-0.217981994,0.969015479,0.114524543,-0.019415336
1653512870.440109015,-666.726745605,361.700805664,102.721458435,-0.217981994,0.969015479,0.114524543,-0.019415336
1653512870.506791830,-670.849975586,360.829406738,103.037025452,-0.222670376,0.967536747,0.117775045,-0.020484230
1653512870.573102951,-670.849975586,360.829406738,103.037025452,-0.222670376,0.967536747,0.117775045,-0.020484230
1653512870.639795542,-675.185546875,359.830474854,103.365142822,-0.226780236,0.966191113,0.120724365,-0.021703392
1653512870.706570148,-675.185546875,359.830474854,103.365142822,-0.226780236,0.966191113,0.120724365,-0.021703392
1653512870.773661375,-678.802551270,358.968414307,103.712394714,-0.230964467,0.964953482,0.122444972,-0.022964619
1653512870.839972973,-678.802551270,358.968414307,103.712394714,-0.230964467,0.964953482,0.122444972,-0.022964619
1653512870.907380104,-682.949401855,357.911926270,104.030471802,-0.236008346,0.963611662,0.123423427,-0.022788793
1653512870.973233700,-682.949401855,357.911926270,104.030471802,-0.236008346,0.963611662,0.123423427,-0.022788793
1653512871.040435076,-686.504394531,356.979370117,104.354255676,-0.241415113,0.962330580,0.122824229,-0.023511518
1653512871.111340046,-686.504394531,356.979370117,104.354255676,-0.241415113,0.962330580,0.122824229,-0.023511518
1653512871.173451424,-690.653137207,355.805877686,104.643714905,-0.247213304,0.960867822,0.122950584,-0.022399867
1653512871.240026712,-690.653137207,355.805877686,104.643714905,-0.247213304,0.960867822,0.122950584,-0.022399867
1653512871.306786776,-694.656677246,354.615570068,104.946311951,-0.253689110,0.959360957,0.121690609,-0.021442033
1653512871.374590158,-694.656677246,354.615570068,104.946311951,-0.253689110,0.959360957,0.121690609,-0.021442033
1653512871.440555096,-697.977661133,353.616546631,105.262496948,-0.259819120,0.957974315,0.119548500,-0.022077331
1653512871.508135557,-697.977661133,353.616546631,105.262496948,-0.259819120,0.957974315,0.119548500,-0.022077331
1653512871.573366165,-702.630493164,352.093078613,105.538116455,-0.265494674,0.956498206,0.119287692,-0.019853679
1653512871.640852928,-702.630493164,352.093078613,105.538116455,-0.265494674,0.956498206,0.119287692,-0.019853679
1653512871.706549644,-706.141601562,350.904113770,105.867118835,-0.271622717,0.954987288,0.117347494,-0.021213012
1653512871.775721550,-706.141601562,350.904113770,105.867118835,-0.271622717,0.954987288,0.117347494,-0.021213012
1653512871.842490196,-710.238037109,349.421936035,106.169044495,-0.277383775,0.953344643,0.117121391,-0.021790598
1653512871.907917261,-710.238037109,349.421936035,106.169044495,-0.277383775,0.953344643,0.117121391,-0.021790598
1653512871.976842642,-714.001708984,348.016693115,106.496673584,-0.283675820,0.951435447,0.117310829,-0.023168730
1653512872.039925814,-714.001708984,348.016693115,106.496673584,-0.283675820,0.951435447,0.117310829,-0.023168730
1653512872.107370853,-717.604919434,346.629364014,106.806724548,-0.290197253,0.949323416,0.118130505,-0.024815515
1653512872.175839424,-717.604919434,346.629364014,106.806724548,-0.290197253,0.949323416,0.118130505,-0.024815515
1653512872.240648746,-721.379577637,345.123382568,107.095909119,-0.296329379,0.947171152,0.119796678,-0.026541583
1653512872.307613611,-721.379577637,345.123382568,107.095909119,-0.296329379,0.947171152,0.119796678,-0.026541583
1653512872.373191357,-725.120666504,343.585784912,107.395439148,-0.303124964,0.944762170,0.121261850,-0.028900737
1653512872.443640471,-725.120666504,343.585784912,107.395439148,-0.303124964,0.944762170,0.121261850,-0.028900737
1653512872.507264376,-728.557983398,342.123046875,107.696685791,-0.309727043,0.942363441,0.122616380,-0.031392377
1653512872.578096390,-728.557983398,342.123046875,107.696685791,-0.309727043,0.942363441,0.122616380,-0.031392377
1653512872.640027285,-732.526123047,340.352722168,107.985191345,-0.316267431,0.939882100,0.124423526,-0.033397038
1653512872.707000494,-732.526123047,340.352722168,107.985191345,-0.316267431,0.939882100,0.124423526,-0.033397038
1653512872.773984432,-735.911499023,338.806915283,108.294258118,-0.323079318,0.937338710,0.125311330,-0.036234554
1653512872.843656778,-735.911499023,338.806915283,108.294258118,-0.323079318,0.937338710,0.125311330,-0.036234554
1653512872.907640457,-739.171997070,337.300292969,108.595352173,-0.330082506,0.934703052,0.126017541,-0.038668700
1653512872.973355293,-739.171997070,337.300292969,108.595352173,-0.330082506,0.934703052,0.126017541,-0.038668700
1653512873.039839268,-743.068908691,335.387603760,108.874488831,-0.336689353,0.931945324,0.128479198,-0.040140744
1653512873.107937574,-743.068908691,335.387603760,108.874488831,-0.336689353,0.931945324,0.128479198,-0.040140744
1653512873.174323797,-746.263122559,333.778442383,109.184265137,-0.343517393,0.929132104,0.129987106,-0.042575717
1653512873.243771315,-746.263122559,333.778442383,109.184265137,-0.343517393,0.929132104,0.129987106,-0.042575717
1653512873.306689501,-749.892944336,331.851043701,109.477607727,-0.350766629,0.926008105,0.132231399,-0.044571832
1653512873.373358488,-749.892944336,331.851043701,109.477607727,-0.350766629,0.926008105,0.132231399,-0.044571832
1653512873.444758892,-753.317260742,329.973480225,109.784362793,-0.358124316,0.922856152,0.133527055,-0.047476124
1653512873.507133245,-753.317260742,329.973480225,109.784362793,-0.358124316,0.922856152,0.133527055,-0.047476124
1653512873.573613882,-756.633483887,328.085876465,110.115539551,-0.365111560,0.919728458,0.135004938,-0.050662976
1653512873.642275333,-756.633483887,328.085876465,110.115539551,-0.365111560,0.919728458,0.135004938,-0.050662976
1653512873.707255125,-760.284912109,325.901885986,110.413360596,-0.371818662,0.916609645,0.136881575,-0.053301226
1653512873.775221109,-760.284912109,325.901885986,110.413360596,-0.371818662,0.916609645,0.136881575,-0.053301226
1653512873.841824293,-763.196655273,324.118469238,110.774139404,-0.378203094,0.913765013,0.136875749,-0.057104461
1653512873.906467676,-763.196655273,324.118469238,110.774139404,-0.378203094,0.913765013,0.136875749,-0.057104461
1653512873.974205256,-766.593688965,321.934356689,111.107879639,-0.384959847,0.910622239,0.137733430,-0.060021777
1653512874.039900541,-766.593688965,321.934356689,111.107879639,-0.384959847,0.910622239,0.137733430,-0.060021777
1653512874.106947422,-769.764221191,319.812622070,111.454429626,-0.391716510,0.907359481,0.139123455,-0.062463056
1653512874.173676014,-769.764221191,319.812622070,111.454429626,-0.391716510,0.907359481,0.139123455,-0.062463056
1653512874.240071058,-772.754638672,317.746215820,111.810768127,-0.397982061,0.904254496,0.140095443,-0.065630607
1653512874.307014227,-772.754638672,317.746215820,111.810768127,-0.397982061,0.904254496,0.140095443,-0.065630607
1653512874.373239040,-775.813171387,315.555847168,112.161766052,-0.404699326,0.900885940,0.140904620,-0.069057062
1653512874.439950228,-775.813171387,315.555847168,112.161766052,-0.404699326,0.900885940,0.140904620,-0.069057062
1653512874.506542683,-778.664123535,313.446716309,112.527359009,-0.411303639,0.897666216,0.141225100,-0.071275182
1653512874.573384285,-778.664123535,313.446716309,112.527359009,-0.411303639,0.897666216,0.141225100,-0.071275182
1653512874.642932653,-781.584655762,311.211181641,112.887039185,-0.417433143,0.894746423,0.140956536,-0.072867826
1653512874.706570148,-781.584655762,311.211181641,112.887039185,-0.417433143,0.894746423,0.140956536,-0.072867826
1653512874.774255276,-784.721862793,308.716125488,113.255554199,-0.424039304,0.891589344,0.140858844,-0.073606163
1653512874.840053558,-784.721862793,308.716125488,113.255554199,-0.424039304,0.891589344,0.140858844,-0.073606163
1653512874.906624317,-787.273925781,306.616790771,113.649993896,-0.430866480,0.888492882,0.138936058,-0.075041637
1653512874.973780394,-787.273925781,306.616790771,113.649993896,-0.430866480,0.888492882,0.138936058,-0.075041637
1653512875.045550823,-790.108764648,304.196960449,114.019599915,-0.438437343,0.884978354,0.137578607,-0.075220376
1653512875.106954575,-790.108764648,304.196960449,114.019599915,-0.438437343,0.884978354,0.137578607,-0.075220376
1653512875.176427603,-793.044006348,301.595855713,114.416984558,-0.446923018,0.881048501,0.135806739,-0.074631408
1653512875.239997864,-793.044006348,301.595855713,114.416984558,-0.446923018,0.881048501,0.135806739,-0.074631408
1653512875.308443308,-795.524902344,299.320983887,114.797042847,-0.455260217,0.876883090,0.135211408,-0.074377745
1653512875.373127222,-795.524902344,299.320983887,114.797042847,-0.455260217,0.876883090,0.135211408,-0.074377745
1653512875.440358162,-798.242614746,296.772460938,115.157150269,-0.464053959,0.872421682,0.134587720,-0.073623687
1653512875.506986618,-798.242614746,296.772460938,115.157150269,-0.464053959,0.872421682,0.134587720,-0.073623687
1653512875.573491812,-800.769226074,294.319335938,115.524398804,-0.472860873,0.868012905,0.133183450,-0.072238579
1653512875.640551329,-800.769226074,294.319335938,115.524398804,-0.472860873,0.868012905,0.133183450,-0.072238579
1653512875.707381725,-803.428771973,291.635681152,115.888809204,-0.481809676,0.863205910,0.132697359,-0.071599163
1653512875.776346445,-803.428771973,291.635681152,115.888809204,-0.481809676,0.863205910,0.132697359,-0.071599163
1653512875.840146065,-805.972473145,288.993469238,116.263473511,-0.490069449,0.858678401,0.131892085,-0.071469285
1653512875.906533957,-805.972473145,288.993469238,116.263473511,-0.490069449,0.858678401,0.131892085,-0.071469285
1653512875.973467350,-808.503295898,286.285858154,116.629158020,-0.498278737,0.853915572,0.131533235,-0.072426111
1653512876.039819479,-808.503295898,286.285858154,116.629158020,-0.498278737,0.853915572,0.131533235,-0.072426111
1653512876.106518030,-811.148803711,283.360107422,116.986358643,-0.506537199,0.848875165,0.132212266,-0.073149815
1653512876.174315214,-811.148803711,283.360107422,116.986358643,-0.506537199,0.848875165,0.132212266,-0.073149815
1653512876.240056515,-813.530822754,280.644165039,117.361343384,-0.513627231,0.844360948,0.132515609,-0.075374372
1653512876.308624268,-813.530822754,280.644165039,117.361343384,-0.513627231,0.844360948,0.132515609,-0.075374372
1653512876.373125076,-816.009277344,277.726348877,117.722557068,-0.520388484,0.839992821,0.132848531,-0.077195689
1653512876.441427231,-816.009277344,277.726348877,117.722557068,-0.520388484,0.839992821,0.132848531,-0.077195689
1653512876.507260323,-818.450317383,274.759765625,118.083229065,-0.527059555,0.835517645,0.133773819,-0.078886464
1653512876.573557377,-818.450317383,274.759765625,118.083229065,-0.527059555,0.835517645,0.133773819,-0.078886464
1653512876.640880585,-820.723266602,271.924072266,118.441719055,-0.533455849,0.831038177,0.134752482,-0.081499204
1653512876.706779003,-820.723266602,271.924072266,118.441719055,-0.533455849,0.831038177,0.134752482,-0.081499204
1653512876.775049925,-823.204956055,268.705596924,118.773536682,-0.540028691,0.826391399,0.136273474,-0.082920343
1653512876.845124006,-823.204956055,268.705596924,118.773536682,-0.540028691,0.826391399,0.136273474,-0.082920343
1653512876.907261610,-825.399719238,265.782165527,119.119575500,-0.546748281,0.821571290,0.137380049,-0.084933005
1653512876.973346472,-825.399719238,265.782165527,119.119575500,-0.546748281,0.821571290,0.137380049,-0.084933005
1653512877.040088892,-827.550598145,262.801025391,119.440185547,-0.553521395,0.816637635,0.137871251,-0.087798372
1653512877.108302355,-827.550598145,262.801025391,119.440185547,-0.553521395,0.816637635,0.137871251,-0.087798372
1653512877.173493862,-829.696228027,259.722229004,119.764953613,-0.560527027,0.811569095,0.138913989,-0.088701390
1653512877.239798307,-829.696228027,259.722229004,119.764953613,-0.560527027,0.811569095,0.138913989,-0.088701390
1653512877.310629606,-831.827392578,256.539123535,120.083328247,-0.567620456,0.806397617,0.139840573,-0.089300118
1653512877.377589703,-831.827392578,256.539123535,120.083328247,-0.567620456,0.806397617,0.139840573,-0.089300118
1653512877.441233397,-833.889343262,253.324356079,120.411979675,-0.574809670,0.801118970,0.140086070,-0.090433098
1653512877.507687330,-833.889343262,253.324356079,120.411979675,-0.574809670,0.801118970,0.140086070,-0.090433098
1653512877.574064493,-835.812561035,250.207046509,120.712081909,-0.581709683,0.796169996,0.140127584,-0.089952357
1653512877.640163183,-835.812561035,250.207046509,120.712081909,-0.581709683,0.796169996,0.140127584,-0.089952357
1653512877.706672430,-837.736938477,246.963851929,121.004951477,-0.588789999,0.790902972,0.140397459,-0.089930058
1653512877.773249388,-837.736938477,246.963851929,121.004951477,-0.588789999,0.790902972,0.140397459,-0.089930058
1653512877.840425730,-839.579956055,243.736557007,121.288291931,-0.595120192,0.786053300,0.140479803,-0.090651229
1653512877.906515598,-839.579956055,243.736557007,121.288291931,-0.595120192,0.786053300,0.140479803,-0.090651229
1653512877.973245144,-841.399414062,240.428619385,121.565444946,-0.601968527,0.780918539,0.139986008,-0.090576433
1653512878.039705992,-841.399414062,240.428619385,121.565444946,-0.601968527,0.780918539,0.139986008,-0.090576433
1653512878.106561899,-843.100524902,237.208007812,121.842155457,-0.608589947,0.775834858,0.139278814,-0.091104165
1653512878.173329592,-843.100524902,237.208007812,121.842155457,-0.608589947,0.775834858,0.139278814,-0.091104165
1653512878.239793777,-844.866210938,233.730880737,122.095497131,-0.614496708,0.771114469,0.139332563,-0.091448180
1653512878.308558702,-844.866210938,233.730880737,122.095497131,-0.614496708,0.771114469,0.139332563,-0.091448180
1653512878.373348475,-846.447448730,230.463455200,122.360427856,-0.620533705,0.766324162,0.138564557,-0.092114337
1653512878.439963102,-846.447448730,230.463455200,122.360427856,-0.620533705,0.766324162,0.138564557,-0.092114337
1653512878.507603168,-848.073303223,226.947204590,122.607246399,-0.627031088,0.761139274,0.137681797,-0.092426926
1653512878.573255301,-848.073303223,226.947204590,122.607246399,-0.627031088,0.761139274,0.137681797,-0.092426926
1653512878.640227795,-849.589172363,223.513092041,122.861045837,-0.632865727,0.756477594,0.136138588,-0.093214639
1653512878.706390381,-849.589172363,223.513092041,122.861045837,-0.632865727,0.756477594,0.136138588,-0.093214639
1653512878.773425102,-850.966186523,220.224777222,123.100181580,-0.639291286,0.751327872,0.134269506,-0.093727097
1653512878.840055466,-850.966186523,220.224777222,123.100181580,-0.639291286,0.751327872,0.134269506,-0.093727097
1653512878.907286167,-852.408874512,216.655670166,123.319923401,-0.645839989,0.745882273,0.133402348,-0.093563370
1653512878.973066092,-852.408874512,216.655670166,123.319923401,-0.645839989,0.745882273,0.133402348,-0.093563370
1653512879.040608406,-853.763854980,213.098007202,123.541778564,-0.652233779,0.740422845,0.132238641,-0.094223097
1653512879.108667612,-853.763854980,213.098007202,123.541778564,-0.652233779,0.740422845,0.132238641,-0.094223097
1653512879.173258066,-855.021118164,209.594406128,123.764198303,-0.658381283,0.735052943,0.131112456,-0.095083222
1653512879.239745617,-855.021118164,209.594406128,123.764198303,-0.658381283,0.735052943,0.131112456,-0.095083222
1653512879.306729078,-856.233581543,206.065856934,123.969963074,-0.664335966,0.729808271,0.129636854,-0.096082918
1653512879.373306513,-856.233581543,206.065856934,123.969963074,-0.664335966,0.729808271,0.129636854,-0.096082918
1653512879.440283298,-857.381164551,202.543746948,124.171302795,-0.670007408,0.724684477,0.128369242,-0.097179018
1653512879.506860495,-857.381164551,202.543746948,124.171302795,-0.670007408,0.724684477,0.128369242,-0.097179018
1653512879.574419737,-858.486328125,198.970336914,124.361663818,-0.675638616,0.719267964,0.128004521,-0.098898567
1653512879.641397476,-858.486328125,198.970336914,124.361663818,-0.675638616,0.719267964,0.128004521,-0.098898567
1653512879.706654549,-859.527526855,195.392959595,124.546363831,-0.681018054,0.714170277,0.127331495,-0.099809602
1653512879.773302078,-859.527526855,195.392959595,124.546363831,-0.681018054,0.714170277,0.127331495,-0.099809602
1653512879.840375662,-860.492248535,191.823593140,124.703475952,-0.685935259,0.709785879,0.126034424,-0.099056393
1653512879.906545639,-860.492248535,191.823593140,124.703475952,-0.685935259,0.709785879,0.126034424,-0.099056393
1653512879.973346949,-861.396301270,188.228347778,124.852203369,-0.690894008,0.705605507,0.123580366,-0.097541064
1653512880.040669680,-861.396301270,188.228347778,124.852203369,-0.690894008,0.705605507,0.123580366,-0.097541064
1653512880.106472969,-862.267211914,184.569931030,124.978729248,-0.695793629,0.701804459,0.120431982,-0.094009735
1653512880.173037529,-862.267211914,184.569931030,124.978729248,-0.695793629,0.701804459,0.120431982,-0.094009735
1653512880.240692854,-863.070068359,180.962417603,125.097923279,0.700128913,-0.698405564,-0.117329635,0.091010459
1653512880.308911562,-863.070068359,180.962417603,125.097923279,0.700128913,-0.698405564,-0.117329635,0.091010459
1653512880.373355150,-863.813781738,177.329086304,125.198448181,0.704978168,-0.694558382,-0.113882042,0.087323502
1653512880.440043211,-863.813781738,177.329086304,125.198448181,0.704978168,-0.694558382,-0.113882042,0.087323502
1653512880.506740808,-864.462463379,173.867843628,125.293014526,0.709953129,-0.690241635,-0.111275427,0.084562302
1653512880.573348045,-864.462463379,173.867843628,125.293014526,0.709953129,-0.690241635,-0.111275427,0.084562302
1653512880.639873505,-865.136169434,170.040878296,125.359222412,0.714693308,-0.686009884,-0.109376669,0.081490144
1653512880.706757545,-865.136169434,170.040878296,125.359222412,0.714693308,-0.686009884,-0.109376669,0.081490144
1653512880.774456501,-865.730957031,166.328491211,125.427154541,0.719766021,-0.681281447,-0.107373327,0.079142019
1653512880.841771603,-865.730957031,166.328491211,125.427154541,0.719766021,-0.681281447,-0.107373327,0.079142019
1653512880.908111334,-866.254150391,162.740417480,125.483688354,0.725116849,-0.676194727,-0.105080888,0.076969475
1653512880.973469734,-866.254150391,162.740417480,125.483688354,0.725116849,-0.676194727,-0.105080888,0.076969475
1653512881.040576220,-866.755859375,159.022155762,125.519821167,0.729792476,-0.671681285,-0.103103437,0.074945875
1653512881.107134104,-866.755859375,159.022155762,125.519821167,0.729792476,-0.671681285,-0.103103437,0.074945875
1653512881.173123121,-867.198974609,155.288558960,125.546226501,0.734421849,-0.666930556,-0.101862699,0.073838785
1653512881.244898796,-867.198974609,155.288558960,125.546226501,0.734421849,-0.666930556,-0.101862699,0.073838785
1653512881.306532383,-867.583007812,151.707382202,125.579277039,0.739033699,-0.662371159,-0.099437200,0.072152101
1653512881.374571800,-867.583007812,151.707382202,125.579277039,0.739033699,-0.662371159,-0.099437200,0.072152101
1653512881.440124512,-867.945739746,147.894775391,125.585289001,0.743078530,-0.658228517,-0.097609833,0.071005560
1653512881.506663322,-867.945739746,147.894775391,125.585289001,0.743078530,-0.658228517,-0.097609833,0.071005560
1653512881.573902607,-868.249694824,144.263931274,125.599121094,0.746882617,-0.654297352,-0.095783912,0.069905654
1653512881.640220881,-868.249694824,144.263931274,125.599121094,0.746882617,-0.654297352,-0.095783912,0.069905654
1653512881.706693888,-868.523925781,140.485778809,125.593635559,0.750594378,-0.650392354,-0.093850009,0.069209889
1653512881.773117304,-868.523925781,140.485778809,125.593635559,0.750594378,-0.650392354,-0.093850009,0.069209889
1653512881.839927912,-868.739257812,136.874008179,125.594123840,0.753608584,-0.647319198,-0.091647714,0.068210468
1653512881.906690359,-868.739257812,136.874008179,125.594123840,0.753608584,-0.647319198,-0.091647714,0.068210468
1653512881.973837376,-868.917724609,132.990524292,125.564392090,0.756925225,-0.643854439,-0.089745618,0.066793539
1653512882.039797783,-868.917724609,132.990524292,125.564392090,0.756925225,-0.643854439,-0.089745618,0.066793539
1653512882.108576775,-869.039672852,129.346847534,125.543891907,0.760197818,-0.640447438,-0.087682575,0.065100633
1653512882.173222542,-869.039672852,129.346847534,125.543891907,0.760197818,-0.640447438,-0.087682575,0.065100633
1653512882.241312981,-869.120056152,125.461425781,125.498420715,0.763650060,-0.636791945,-0.085443296,0.063513674
1653512882.306300163,-869.120056152,125.461425781,125.498420715,0.763650060,-0.636791945,-0.085443296,0.063513674
1653512882.373183250,-869.154846191,121.684074402,125.453277588,0.767487466,-0.632647276,-0.082983069,0.061920617
1653512882.440010071,-869.154846191,121.684074402,125.453277588,0.767487466,-0.632647276,-0.082983069,0.061920617
1653512882.506343126,-869.148864746,118.174880981,125.414848328,0.771325588,-0.628466249,-0.080354594,0.060251202
1653512882.580049992,-869.148864746,118.174880981,125.414848328,0.771325588,-0.628466249,-0.080354594,0.060251202
1653512882.640448332,-869.098205566,114.423431396,125.353576660,0.775073171,-0.624252737,-0.077768505,0.059348244
1653512882.706309080,-869.098205566,114.423431396,125.353576660,0.775073171,-0.624252737,-0.077768505,0.059348244
1653512882.773041487,-869.004638672,110.522026062,125.287284851,0.778649688,-0.620081961,-0.076216221,0.058259245
1653512882.839809895,-869.004638672,110.522026062,125.287284851,0.778649688,-0.620081961,-0.076216221,0.058259245
1653512882.906400204,-868.879516602,106.835357666,125.233390808,0.782203555,-0.615931332,-0.074155033,0.057334553
1653512882.974159479,-868.879516602,106.835357666,125.233390808,0.782203555,-0.615931332,-0.074155033,0.057334553
1653512883.040641308,-868.712036133,103.060195923,125.165222168,0.785061300,-0.612599313,-0.072142549,0.056536071
1653512883.106250763,-868.712036133,103.060195923,125.165222168,0.785061300,-0.612599313,-0.072142549,0.056536071
1653512883.174281836,-868.502258301,99.332412720,125.099159241,0.788018882,-0.609086633,-0.069870107,0.056195457
1653512883.240564585,-868.502258301,99.332412720,125.099159241,0.788018882,-0.609086633,-0.069870107,0.056195457
1653512883.307074785,-868.257873535,95.587966919,125.032157898,0.791013598,-0.605506718,-0.067280427,0.055968624
1653512883.373396397,-868.257873535,95.587966919,125.032157898,0.791013598,-0.605506718,-0.067280427,0.055968624
1653512883.440044880,-867.967590332,91.736610413,124.956535339,0.793450892,-0.602615535,-0.064269684,0.056210011
1653512883.506285906,-867.967590332,91.736610413,124.956535339,0.793450892,-0.602615535,-0.064269684,0.056210011
1653512883.573008299,-867.667602539,88.123748779,124.894760132,0.796238005,-0.599230289,-0.060872305,0.056768473
1653512883.644516230,-867.667602539,88.123748779,124.894760132,0.796238005,-0.599230289,-0.060872305,0.056768473
1653512883.707282543,-867.328063965,84.434471130,124.817291260,0.798933744,-0.595987499,-0.057085667,0.056965198
1653512883.773544312,-867.328063965,84.434471130,124.817291260,0.798933744,-0.595987499,-0.057085667,0.056965198
1653512883.840317488,-866.951416016,80.683746338,124.738594055,0.801114857,-0.593386650,-0.053001132,0.057429258
1653512883.907147646,-866.951416016,80.683746338,124.738594055,0.801114857,-0.593386650,-0.053001132,0.057429258
1653512883.973632574,-866.547790527,76.968109131,124.660545349,0.803313315,-0.590754688,-0.049200822,0.057235435
1653512884.040434837,-866.547790527,76.968109131,124.660545349,0.803313315,-0.590754688,-0.049200822,0.057235435
1653512884.107090950,-866.118530273,73.271141052,124.572097778,0.805344284,-0.588397563,-0.045618564,0.055926815
1653512884.173257113,-866.118530273,73.271141052,124.572097778,0.805344284,-0.588397563,-0.045618564,0.055926815
1653512884.240085840,-865.658447266,69.598762512,124.479499817,0.806983352,-0.586504817,-0.042299516,0.054778539
1653512884.306687117,-865.658447266,69.598762512,124.479499817,0.806983352,-0.586504817,-0.042299516,0.054778539
1653512884.374323368,-865.168395996,65.887153625,124.386390686,0.808789074,-0.584445238,-0.039021071,0.052548155
1653512884.439754725,-865.168395996,65.887153625,124.386390686,0.808789074,-0.584445238,-0.039021071,0.052548155
1653512884.506747961,-864.644836426,62.129467010,124.287033081,0.810622871,-0.582308114,-0.036074519,0.050064046
1653512884.573202133,-864.644836426,62.129467010,124.287033081,0.810622871,-0.582308114,-0.036074519,0.050064046
1653512884.640099049,-864.116149902,58.504886627,124.191558838,0.812337339,-0.580361545,-0.033017427,0.046886250
1653512884.707544088,-864.116149902,58.504886627,124.191558838,0.812337339,-0.580361545,-0.033017427,0.046886250
1653512884.773941755,-863.566894531,54.901611328,124.098114014,0.814109683,-0.578312576,-0.029862333,0.043453407
1653512884.841835260,-863.566894531,54.901611328,124.098114014,0.814109683,-0.578312576,-0.029862333,0.043453407
1653512884.908013582,-862.992980957,51.263740540,124.013519287,0.815790355,-0.576331496,-0.026839573,0.040096626
1653512884.974237680,-862.992980957,51.263740540,124.013519287,0.815790355,-0.576331496,-0.026839573,0.040096626
1653512885.039997339,-862.385559082,47.575923920,123.935653687,0.816804349,-0.575237215,-0.023699569,0.037028439
1653512885.106660843,-862.385559082,47.575923920,123.935653687,0.816804349,-0.575237215,-0.023699569,0.037028439
1653512885.173114777,-861.751953125,43.916236877,123.859413147,0.817761123,-0.574182630,-0.020661715,0.033973165
1653512885.240692616,-861.751953125,43.916236877,123.859413147,0.817761123,-0.574182630,-0.020661715,0.033973165
1653512885.308707714,-861.057800293,40.130725861,123.772933960,0.818757415,-0.573018730,-0.017456332,0.031323135
1653512885.373093367,-861.057800293,40.130725861,123.772933960,0.818757415,-0.573018730,-0.017456332,0.031323135
1653512885.439871550,-860.364196777,36.378166199,123.705337524,0.819523036,-0.572062373,-0.014306583,0.030364145
1653512885.506706953,-860.364196777,36.378166199,123.705337524,0.819523036,-0.572062373,-0.014306583,0.030364145
1653512885.573730230,-859.653686523,32.659645081,123.630653381,0.820293963,-0.570955515,-0.012403543,0.031204585
1653512885.640040874,-859.653686523,32.659645081,123.630653381,0.820293963,-0.570955515,-0.012403543,0.031204585
1653512885.709414721,-858.901428223,28.823417664,123.553649902,0.821112394,-0.569677293,-0.010739643,0.033567950
1653512885.773339033,-858.901428223,28.823417664,123.553649902,0.821112394,-0.569677293,-0.010739643,0.033567950
1653512885.840298653,-858.190551758,25.203840256,123.499580383,0.821323991,-0.569281638,-0.007995402,0.035796750
1653512885.906369209,-858.190551758,25.203840256,123.499580383,0.821323991,-0.569281638,-0.007995402,0.035796750
1653512885.973086834,-857.453918457,21.588649750,123.438697815,0.821509421,-0.568973839,-0.004678982,0.037002180
1653512886.039966106,-857.453918457,21.588649750,123.438697815,0.821509421,-0.568973839,-0.004678982,0.037002180
1653512886.106321812,-856.686218262,17.899915695,123.383766174,0.821244717,-0.569368005,-0.000998231,0.037097216
1653512886.173016787,-856.686218262,17.899915695,123.383766174,0.821244717,-0.569368005,-0.000998231,0.037097216
1653512886.240726709,-855.901489258,14.205540657,123.329635620,0.820664227,-0.570240140,0.002540731,0.036469128
1653512886.306504965,-855.901489258,14.205540657,123.329635620,0.820664227,-0.570240140,0.002540731,0.036469128
1653512886.373756170,-855.068054199,10.415882111,123.265205383,0.820058107,-0.571170866,0.005103527,0.035249501
1653512886.439655542,-855.068054199,10.415882111,123.265205383,0.820058107,-0.571170866,0.005103527,0.035249501
1653512886.506991863,-854.413391113,7.195518017,123.244972229,0.819758534,-0.571648717,0.007607548,0.033997152
1653512886.573174238,-854.413391113,7.195518017,123.244972229,0.819758534,-0.571648717,0.007607548,0.033997152
1653512886.640841484,-853.605773926,3.554862738,123.177162170,0.819117188,-0.572643399,0.008229120,0.032539777
1653512886.706629992,-853.605773926,3.554862738,123.177162170,0.819117188,-0.572643399,0.008229120,0.032539777
1653512886.772922516,-852.705932617,-0.301148921,123.096160889,0.818909526,-0.573029160,0.008624431,0.030829154
1653512886.839991093,-852.705932617,-0.301148921,123.096160889,0.818909526,-0.573029160,0.008624431,0.030829154
1653512886.906347752,-851.870544434,-3.897131681,123.036376953,0.818819284,-0.573248804,0.009419994,0.028845588
1653512886.973078966,-851.870544434,-3.897131681,123.036376953,0.818819284,-0.573248804,0.009419994,0.028845588
1653512887.040136099,-851.113037109,-7.261996746,123.003890991,0.818542063,-0.573709965,0.011248767,0.026819030
1653512887.109222651,-851.113037109,-7.261996746,123.003890991,0.818542063,-0.573709965,0.011248767,0.026819030
1653512887.173294306,-850.330688477,-10.710868835,122.961967468,0.818713188,-0.573527575,0.012977474,0.024625529
1653512887.239916801,-850.330688477,-10.710868835,122.961967468,0.818713188,-0.573527575,0.012977474,0.024625529
1653512887.308935881,-849.573181152,-14.095275879,122.923645020,0.818911672,-0.573293090,0.014810392,0.022346627
1653512887.373458147,-849.573181152,-14.095275879,122.923645020,0.818911672,-0.573293090,0.014810392,0.022346627
1653512887.440004826,-848.712585449,-17.755472183,122.866447449,0.819097698,-0.573043108,0.016162947,0.020960564
1653512887.506543398,-848.712585449,-17.755472183,122.866447449,0.819097698,-0.573043108,0.016162947,0.020960564
1653512887.573743105,-848.000732422,-20.960945129,122.843147278,0.819564939,-0.572376013,0.017780567,0.019566434
1653512887.639956951,-848.000732422,-20.960945129,122.843147278,0.819564939,-0.572376013,0.017780567,0.019566434
1653512887.706678629,-847.231994629,-24.331218719,122.805862427,0.820026398,-0.571711123,0.018870793,0.018628737
1653512887.773088932,-847.231994629,-24.331218719,122.805862427,0.820026398,-0.571711123,0.018870793,0.018628737
1653512887.839931965,-846.403198242,-27.827150345,122.752433777,0.820150495,-0.571523368,0.020002766,0.017720610
1653512887.907653809,-846.403198242,-27.827150345,122.752433777,0.820150495,-0.571523368,0.020002766,0.017720610
1653512887.977065086,-845.575500488,-31.283386230,122.695198059,0.820554674,-0.570942104,0.020543378,0.017121311
1653512888.039676905,-845.575500488,-31.283386230,122.695198059,0.820554674,-0.570942104,0.020543378,0.017121311
1653512888.107297421,-844.617675781,-35.105354309,122.613128662,0.820782244,-0.570617616,0.020887248,0.016606433
1653512888.173295498,-844.617675781,-35.105354309,122.613128662,0.820782244,-0.570617616,0.020887248,0.016606433
1653512888.239687920,-843.921997070,-38.185035706,122.570785522,0.820702732,-0.570699036,0.021809570,0.016553709
1653512888.309564590,-843.921997070,-38.185035706,122.570785522,0.820702732,-0.570699036,0.021809570,0.016553709
1653512888.373536110,-843.029602051,-41.803760529,122.479820251,0.820941091,-0.570344985,0.021945925,0.016754244
1653512888.439815760,-843.029602051,-41.803760529,122.479820251,0.820941091,-0.570344985,0.021945925,0.016754244
1653512888.506204844,-842.170288086,-45.332813263,122.401969910,0.821099758,-0.570101738,0.022289608,0.016803762
1653512888.574615240,-842.170288086,-45.332813263,122.401969910,0.821099758,-0.570101738,0.022289608,0.016803762
1653512888.640065908,-841.444946289,-48.533489227,122.347648621,0.820872903,-0.570398688,0.022713808,0.017236907
1653512888.706323147,-841.444946289,-48.533489227,122.347648621,0.820872903,-0.570398688,0.022713808,0.017236907
1653512888.773492575,-840.552062988,-52.146595001,122.259651184,0.821198404,-0.569969237,0.021868000,0.017031113
1653512888.840099573,-840.552062988,-52.146595001,122.259651184,0.821198404,-0.569969237,0.021868000,0.017031113
1653512888.906356335,-839.733276367,-55.531818390,122.189956665,0.821528792,-0.569496751,0.021813707,0.016972281
1653512888.973457575,-839.733276367,-55.531818390,122.189956665,0.821528792,-0.569496751,0.021813707,0.016972281
1653512889.040653706,-838.918945312,-58.896389008,122.119781494,0.821434915,-0.569658101,0.021557013,0.016421951
1653512889.109344006,-838.918945312,-58.896389008,122.119781494,0.821434915,-0.569658101,0.021557013,0.016421951
1653512889.174730539,-837.998474121,-62.502037048,122.031005859,0.821882010,-0.569047391,0.021325398,0.015500117
1653512889.239877701,-837.998474121,-62.502037048,122.031005859,0.821882010,-0.569047391,0.021325398,0.015500117
1653512889.306556463,-837.245666504,-65.711547852,121.967407227,0.822492301,-0.568198919,0.021145426,0.014466726
1653512889.373603821,-837.245666504,-65.711547852,121.967407227,0.822492301,-0.568198919,0.021145426,0.014466726
1653512889.440481424,-836.582824707,-68.703575134,121.912582397,0.823038518,-0.567442060,0.021178612,0.012983224
1653512889.507755280,-836.582824707,-68.703575134,121.912582397,0.823038518,-0.567442060,0.021178612,0.012983224
1653512889.573055983,-835.639892578,-72.352233887,121.801048279,0.823782921,-0.566445351,0.019672537,0.011591815
1653512889.639686823,-835.639892578,-72.352233887,121.801048279,0.823782921,-0.566445351,0.019672537,0.011591815
1653512889.706963301,-834.637512207,-76.100997925,121.676681519,0.824499011,-0.565481961,0.018078588,0.010234972
1653512889.772994995,-834.637512207,-76.100997925,121.676681519,0.824499011,-0.565481961,0.018078588,0.010234972
1653512889.840451241,-833.948730469,-79.131813049,121.601783752,0.825095415,-0.564651310,0.017623661,0.008708081
1653512889.907860279,-833.948730469,-79.131813049,121.601783752,0.825095415,-0.564651310,0.017623661,0.008708081
1653512889.978733301,-833.093994141,-82.558212280,121.484519958,0.825900972,-0.563538790,0.016219076,0.006970279
1653512890.040423870,-833.093994141,-82.558212280,121.484519958,0.825900972,-0.563538790,0.016219076,0.006970279
1653512890.108516455,-832.151733398,-86.237678528,121.353134155,0.826655686,-0.562477350,0.015010001,0.005853043
1653512890.173145056,-832.151733398,-86.237678528,121.353134155,0.826655686,-0.562477350,0.015010001,0.005853043
1653512890.239512444,-831.554748535,-88.995010376,121.276023865,0.827023923,-0.561943829,0.014690010,0.005894617
1653512890.306272745,-831.554748535,-88.995010376,121.276023865,0.827023923,-0.561943829,0.014690010,0.005894617
1653512890.372860670,-830.578247070,-92.635734558,121.129150391,0.827731729,-0.560947418,0.013173965,0.004963748
1653512890.439715624,-830.578247070,-92.635734558,121.129150391,0.827731729,-0.560947418,0.013173965,0.004963748
1653512890.508437872,-829.846740723,-95.738914490,121.033081055,0.828247786,-0.560186386,0.013102300,0.005010338
1653512890.579605103,-829.846740723,-95.738914490,121.033081055,0.828247786,-0.560186386,0.013102300,0.005010338
1653512890.640834093,-828.904602051,-99.358154297,120.897109985,0.828518450,-0.559787154,0.013053823,0.005008211
1653512890.706453800,-828.904602051,-99.358154297,120.897109985,0.828518450,-0.559787154,0.013053823,0.005008211
1653512890.774117231,-827.850830078,-103.162185669,120.737899780,0.829113364,-0.558912337,0.012670216,0.005247729
1653512890.841426611,-827.850830078,-103.162185669,120.737899780,0.829113364,-0.558912337,0.012670216,0.005247729
1653512890.908212900,-827.266479492,-105.930755615,120.655487061,0.829575598,-0.558179557,0.013917889,0.006797597
1653512890.973234892,-827.266479492,-105.930755615,120.655487061,0.829575598,-0.558179557,0.013917889,0.006797597
1653512891.040030241,-826.336730957,-109.481430054,120.500038147,0.829775691,-0.557865679,0.013581002,0.008588438
1653512891.107073307,-826.336730957,-109.481430054,120.500038147,0.829775691,-0.557865679,0.013581002,0.008588438
1653512891.173048019,-825.528503418,-112.742546082,120.359512329,0.830091655,-0.557360291,0.013367780,0.010890718
1653512891.240793705,-825.528503418,-112.742546082,120.359512329,0.830091655,-0.557360291,0.013367780,0.010890718
1653512891.306348324,-824.598388672,-116.286117554,120.180656433,0.830205739,-0.557181418,0.011959053,0.012816398
1653512891.373228312,-824.598388672,-116.286117554,120.180656433,0.830205739,-0.557181418,0.011959053,0.012816398
1653512891.439678669,-823.815002441,-119.532394409,120.015464783,0.830157757,-0.557241738,0.010282159,0.014630303
1653512891.506158590,-823.815002441,-119.532394409,120.015464783,0.830157757,-0.557241738,0.010282159,0.014630303
1653512891.573468924,-823.196472168,-122.419754028,119.865394592,0.830658615,-0.556470215,0.008778270,0.016436119
1653512891.641502857,-823.196472168,-122.419754028,119.865394592,0.830658615,-0.556470215,0.008778270,0.016436119
1653512891.706547260,-822.381286621,-125.734359741,119.674278259,0.830955029,-0.556007862,0.006576483,0.018047875
1653512891.773877144,-822.381286621,-125.734359741,119.674278259,0.830955029,-0.556007862,0.006576483,0.018047875
1653512891.839588404,-821.253479004,-129.668014526,119.434768677,0.831137717,-0.555713773,0.003438362,0.019504966
1653512891.907247782,-821.253479004,-129.668014526,119.434768677,0.831137717,-0.555713773,0.003438362,0.019504966
1653512891.972831964,-820.513488770,-132.721862793,119.265144348,0.831335783,-0.555396318,0.001389336,0.020344043
1653512892.039609432,-820.513488770,-132.721862793,119.265144348,0.831335783,-0.555396318,0.001389336,0.020344043
1653512892.107004404,-819.723144531,-135.873306274,119.080429077,0.831650078,-0.554892778,-0.000118078,0.021263823
1653512892.173166275,-819.723144531,-135.873306274,119.080429077,0.831650078,-0.554892778,-0.000118078,0.021263823
1653512892.240040064,-818.603637695,-139.732147217,118.841537476,0.831788480,-0.554649413,-0.002155004,0.022076113
1653512892.306945086,-818.603637695,-139.732147217,118.841537476,0.831788480,-0.554649413,-0.002155004,0.022076113
1653512892.373026609,-817.858154297,-142.712554932,118.672325134,0.832188487,-0.554043174,-0.002767762,0.022155389
1653512892.439833403,-817.858154297,-142.712554932,118.672325134,0.832188487,-0.554043174,-0.002767762,0.022155389
1653512892.506297112,-816.943969727,-146.091491699,118.465003967,0.832454264,-0.553659081,-0.003567490,0.021650946
1653512892.573039055,-816.943969727,-146.091491699,118.465003967,0.832454264,-0.553659081,-0.003567490,0.021650946
1653512892.640028238,-816.158874512,-149.173950195,118.280014038,0.832599461,-0.553449094,-0.003748745,0.021406537
1653512892.706538200,-816.158874512,-149.173950195,118.280014038,0.832599461,-0.553449094,-0.003748745,0.021406537
1653512892.772993565,-814.993957520,-153.085357666,118.021537781,0.832750678,-0.553232491,-0.005302081,0.020785553
1653512892.839539289,-814.993957520,-153.085357666,118.021537781,0.832750678,-0.553232491,-0.005302081,0.020785553
1653512892.906290770,-814.079956055,-156.362472534,117.810050964,0.832972169,-0.552896619,-0.005516952,0.020791246
1653512892.972955942,-814.079956055,-156.362472534,117.810050964,0.832972169,-0.552896619,-0.005516952,0.020791246
1653512893.042364597,-813.278259277,-159.393844604,117.618118286,0.833012640,-0.552855134,-0.004582673,0.020495659
1653512893.106508255,-813.278259277,-159.393844604,117.618118286,0.833012640,-0.552855134,-0.004582673,0.020495659
1653512893.172822952,-812.444213867,-162.496887207,117.418876648,0.833352864,-0.552362025,-0.003433987,0.020182768
1653512893.242372751,-812.444213867,-162.496887207,117.418876648,0.833352864,-0.552362025,-0.003433987,0.020182768
1653512893.308541059,-811.280761719,-166.224853516,117.158355713,0.833443820,-0.552213430,-0.003070208,0.020550594
1653512893.372889280,-811.280761719,-166.224853516,117.158355713,0.833443820,-0.552213430,-0.003070208,0.020550594
1653512893.440227509,-810.287475586,-169.599212646,116.928581238,0.833330691,-0.552382648,-0.001494067,0.020763664
1653512893.508074999,-810.287475586,-169.599212646,116.928581238,0.833330691,-0.552382648,-0.001494067,0.020763664
1653512893.573474407,-809.477783203,-172.521209717,116.733673096,0.833465815,-0.552154124,0.001290313,0.021420635
1653512893.640502930,-809.477783203,-172.521209717,116.733673096,0.833465815,-0.552154124,0.001290313,0.021420635
1653512893.707462311,-808.384765625,-176.034576416,116.487571716,0.833869278,-0.551530540,0.003632302,0.021515565
1653512893.775568962,-808.384765625,-176.034576416,116.487571716,0.833869278,-0.551530540,0.003632302,0.021515565
1653512893.843784571,-807.164245605,-179.801895142,116.223129272,0.833910942,-0.551438034,0.006072100,0.021718774
1653512893.906590462,-807.164245605,-179.801895142,116.223129272,0.833910942,-0.551438034,0.006072100,0.021718774
1653512893.973955631,-806.276245117,-182.900665283,116.022804260,0.834358454,-0.550705492,0.009732628,0.021786897
1653512894.040601969,-806.276245117,-182.900665283,116.022804260,0.834358454,-0.550705492,0.009732628,0.021786897
1653512894.107101917,-805.359680176,-185.972930908,115.818122864,0.834888160,-0.549879789,0.011639419,0.021413818
1653512894.172922373,-805.359680176,-185.972930908,115.818122864,0.834888160,-0.549879789,0.011639419,0.021413818
1653512894.240687609,-804.420166016,-189.090240479,115.611053467,0.835169196,-0.549455166,0.013499942,0.020228392
1653512894.307144165,-804.420166016,-189.090240479,115.611053467,0.835169196,-0.549455166,0.013499942,0.020228392
1653512894.374088049,-803.241210938,-192.702682495,115.363899231,0.835781932,-0.548501432,0.015582670,0.019284315
1653512894.440068483,-803.241210938,-192.702682495,115.363899231,0.835781932,-0.548501432,0.015582670,0.019284315
1653512894.506605387,-802.263183594,-195.879608154,115.161323547,0.836332917,-0.547653973,0.017046819,0.018214952
1653512894.573358059,-802.263183594,-195.879608154,115.161323547,0.836332917,-0.547653973,0.017046819,0.018214952
1653512894.639908314,-801.344116211,-198.893280029,114.967071533,0.836921513,-0.546763837,0.018168708,0.016782546
1653512894.706698418,-801.344116211,-198.893280029,114.967071533,0.836921513,-0.546763837,0.018168708,0.016782546
1653512894.778779984,-800.363281250,-202.050903320,114.762207031,0.837795436,-0.545412421,0.019273769,0.015892837
1653512894.840237379,-800.363281250,-202.050903320,114.762207031,0.837795436,-0.545412421,0.019273769,0.015892837
1653512894.906392574,-799.186828613,-205.653915405,114.535690308,0.838761330,-0.543903649,0.020644493,0.014901196
1653512894.974612713,-799.186828613,-205.653915405,114.535690308,0.838761330,-0.543903649,0.020644493,0.014901196
1653512895.039730072,-798.465393066,-208.233428955,114.404464722,0.839775443,-0.542254150,0.023201179,0.014116772
1653512895.106176376,-798.465393066,-208.233428955,114.404464722,0.839775443,-0.542254150,0.023201179,0.014116772
1653512895.172784567,-797.293457031,-211.785995483,114.199424744,0.840769768,-0.540658712,0.024026847,0.014731161
1653512895.239576101,-797.293457031,-211.785995483,114.199424744,0.840769768,-0.540658712,0.024026847,0.014731161
1653512895.307473421,-796.145690918,-215.242736816,114.013626099,0.841988266,-0.538668394,0.025230238,0.015985327
1653512895.374248266,-796.145690918,-215.242736816,114.013626099,0.841988266,-0.538668394,0.025230238,0.015985327
1653512895.440640688,-795.196777344,-218.277084351,113.867630005,0.842990696,-0.536941051,0.027014773,0.018198613
1653512895.506961346,-795.196777344,-218.277084351,113.867630005,0.842990696,-0.536941051,0.027014773,0.018198613
1653512895.573197126,-794.140014648,-221.511093140,113.705322266,0.844068348,-0.535145879,0.027479667,0.020307308
1653512895.639565468,-794.140014648,-221.511093140,113.705322266,0.844068348,-0.535145879,0.027479667,0.020307308
1653512895.707537413,-793.003356934,-224.914291382,113.528190613,0.845164597,-0.533372223,0.026487555,0.022566384
1653512895.773396492,-793.003356934,-224.914291382,113.528190613,0.845164597,-0.533372223,0.026487555,0.022566384
1653512895.842411518,-792.105041504,-227.849594116,113.395324707,0.845634758,-0.532582223,0.025361648,0.024795333
1653512895.906319618,-792.105041504,-227.849594116,113.395324707,0.845634758,-0.532582223,0.025361648,0.024795333
1653512895.972844839,-791.154602051,-230.913742065,113.256881714,0.846424341,-0.531311870,0.023256730,0.027066367
1653512896.039707899,-791.154602051,-230.913742065,113.256881714,0.846424341,-0.531311870,0.023256730,0.027066367
1653512896.106584311,-790.023864746,-234.301757812,113.087677002,0.846667826,-0.530973554,0.020145746,0.028546194
1653512896.172726870,-790.023864746,-234.301757812,113.087677002,0.846667826,-0.530973554,0.020145746,0.028546194
1653512896.239628077,-788.904663086,-237.661041260,112.940803528,0.846526027,-0.531213284,0.018252751,0.029546207
1653512896.306124449,-788.904663086,-237.661041260,112.940803528,0.846526027,-0.531213284,0.018252751,0.029546207
1653512896.372852087,-787.830932617,-240.894256592,112.814941406,0.846398115,-0.531416833,0.017385457,0.030068858
1653512896.440117121,-787.830932617,-240.894256592,112.814941406,0.846398115,-0.531416833,0.017385457,0.030068858
1653512896.510214567,-786.794006348,-244.007858276,112.714538574,0.845819414,-0.532319188,0.017099479,0.030551510
1653512896.574506044,-786.794006348,-244.007858276,112.714538574,0.845819414,-0.532319188,0.017099479,0.030551510
1653512896.640123367,-785.771667480,-247.128768921,112.625968933,0.844986320,-0.533659101,0.017257143,0.030137634
1653512896.708611727,-785.771667480,-247.128768921,112.625968933,0.844986320,-0.533659101,0.017257143,0.030137634
1653512896.773552656,-784.742492676,-250.182723999,112.539039612,0.844690025,-0.534104884,0.017332027,0.030501453
1653512896.840133429,-784.742492676,-250.182723999,112.539039612,0.844690025,-0.534104884,0.017332027,0.030501453
1653512896.906774759,-783.666076660,-253.333251953,112.448883057,0.844363213,-0.534586370,0.017265039,0.031146269
1653512896.972937346,-783.666076660,-253.333251953,112.448883057,0.844363213,-0.534586370,0.017265039,0.031146269
1653512897.041209936,-782.634582520,-256.411224365,112.362823486,0.843773782,-0.535461187,0.017262775,0.032080676
1653512897.107223749,-782.634582520,-256.411224365,112.362823486,0.843773782,-0.535461187,0.017262775,0.032080676
1653512897.173012018,-781.512268066,-259.611419678,112.265113831,0.843605340,-0.535681427,0.016602797,0.033162352
1653512897.240578413,-781.512268066,-259.611419678,112.265113831,0.843605340,-0.535681427,0.016602797,0.033162352
1653512897.306508303,-780.190063477,-263.188262939,112.134849548,0.843071222,-0.536494195,0.015874669,0.033954754
1653512897.373143435,-780.190063477,-263.188262939,112.134849548,0.843071222,-0.536494195,0.015874669,0.033954754
1653512897.439541578,-779.485534668,-265.539276123,112.098281860,0.842345357,-0.537554383,0.016278116,0.034993876
1653512897.506334782,-779.485534668,-265.539276123,112.098281860,0.842345357,-0.537554383,0.016278116,0.034993876
1653512897.572846174,-778.367492676,-268.681427002,111.988838196,0.841818929,-0.538346350,0.015981944,0.035619482
1653512897.640284061,-778.367492676,-268.681427002,111.988838196,0.841818929,-0.538346350,0.015981944,0.035619482
1653512897.709722042,-777.283386230,-271.735504150,111.886192322,0.841352344,-0.539044917,0.015684007,0.036205579
1653512897.773420572,-777.283386230,-271.735504150,111.886192322,0.841352344,-0.539044917,0.015684007,0.036205579
1653512897.843810081,-776.326171875,-274.528564453,111.802062988,0.840610802,-0.540128946,0.016586818,0.036865667
1653512897.907631636,-776.326171875,-274.528564453,111.802062988,0.840610802,-0.540128946,0.016586818,0.036865667
1653512897.973240137,-775.042968750,-277.945892334,111.663131714,0.840189159,-0.540781975,0.016990911,0.036720105
1653512898.039583683,-775.042968750,-277.945892334,111.663131714,0.840189159,-0.540781975,0.016990911,0.036720105
1653512898.106421947,-774.095275879,-280.633544922,111.571861267,0.839759171,-0.541434646,0.018571042,0.036169462
1653512898.175235748,-774.095275879,-280.633544922,111.571861267,0.839759171,-0.541434646,0.018571042,0.036169462
1653512898.240536213,-773.031372070,-283.559844971,111.463195801,0.839338005,-0.542061269,0.020732479,0.035376992
1653512898.306650162,-773.031372070,-283.559844971,111.463195801,0.839338005,-0.542061269,0.020732479,0.035376992
1653512898.374673367,-771.700439453,-286.991638184,111.317161560,0.839218915,-0.542246342,0.022879941,0.034015596
1653512898.440202951,-771.700439453,-286.991638184,111.317161560,0.839218915,-0.542246342,0.022879941,0.034015596
1653512898.507028103,-771.072753906,-289.018798828,111.271202087,0.839086652,-0.542398453,0.026072714,0.032522183
1653512898.572864771,-771.072753906,-289.018798828,111.271202087,0.839086652,-0.542398453,0.026072714,0.032522183
1653512898.639571905,-769.658386230,-292.569122314,111.112571716,0.838970959,-0.542554617,0.028197018,0.031098919
1653512898.706278086,-769.658386230,-292.569122314,111.112571716,0.838970959,-0.542554617,0.028197018,0.031098919
1653512898.772792339,-768.392456055,-295.748413086,110.985931396,0.839291573,-0.541905582,0.030116998,0.031952061
1653512898.840162992,-768.392456055,-295.748413086,110.985931396,0.839291573,-0.541905582,0.030116998,0.031952061
1653512898.906986713,-767.326049805,-298.543121338,110.882026672,0.839860678,-0.540907860,0.031110967,0.032936558
1653512898.974074602,-767.326049805,-298.543121338,110.882026672,0.839860678,-0.540907860,0.031110967,0.032936558
1653512899.039737225,-766.165344238,-301.503936768,110.763214111,0.840566874,-0.539679348,0.031512182,0.034647420
1653512899.106146097,-766.165344238,-301.503936768,110.763214111,0.840566874,-0.539679348,0.031512182,0.034647420
1653512899.172845125,-765.178527832,-304.156280518,110.671447754,0.841586709,-0.537932456,0.032080684,0.036486272
1653512899.240392208,-765.178527832,-304.156280518,110.671447754,0.841586709,-0.537932456,0.032080684,0.036486272
1653512899.306344032,-763.970336914,-307.218536377,110.548728943,0.842678189,-0.536173940,0.031348303,0.037793014
1653512899.373126507,-763.970336914,-307.218536377,110.548728943,0.842678189,-0.536173940,0.031348303,0.037793014
1653512899.439665079,-763.002319336,-309.817687988,110.461448669,0.843239069,-0.535228610,0.030281294,0.039512288
1653512899.507762671,-763.002319336,-309.817687988,110.461448669,0.843239069,-0.535228610,0.030281294,0.039512288
1653512899.577184439,-761.839721680,-312.784088135,110.343658447,0.844004750,-0.534032285,0.029154893,0.040193085
1653512899.640469790,-761.839721680,-312.784088135,110.343658447,0.844004750,-0.534032285,0.029154893,0.040193085
1653512899.706173897,-760.668029785,-315.753692627,110.221717834,0.844522178,-0.533267081,0.027117150,0.040905032
1653512899.773267031,-760.668029785,-315.753692627,110.221717834,0.844522178,-0.533267081,0.027117150,0.040905032
1653512899.840321064,-759.471191406,-318.675903320,110.092720032,0.844532609,-0.533274651,0.025272299,0.041762464
1653512899.906937361,-759.471191406,-318.675903320,110.092720032,0.844532609,-0.533274651,0.025272299,0.041762464
1653512899.973325491,-758.259887695,-321.642425537,109.962677002,0.844769478,-0.532933950,0.024092082,0.042018533
1653512900.041031361,-758.259887695,-321.642425537,109.962677002,0.844769478,-0.532933950,0.024092082,0.042018533
1653512900.108273983,-757.523620605,-323.749511719,109.899795532,0.844584346,-0.533248425,0.023746928,0.041945867
1653512900.173417807,-757.523620605,-323.749511719,109.899795532,0.844584346,-0.533248425,0.023746928,0.041945867
1653512900.240643263,-756.198547363,-326.918701172,109.763961792,0.844151020,-0.534041584,0.022167288,0.041439623
1653512900.306321859,-756.198547363,-326.918701172,109.763961792,0.844151020,-0.534041584,0.022167288,0.041439623
1653512900.373233080,-755.047973633,-329.743591309,109.652679443,0.843770027,-0.534714639,0.021437164,0.040900003
1653512900.439500809,-755.047973633,-329.743591309,109.652679443,0.843770027,-0.534714639,0.021437164,0.040900003
1653512900.508196115,-753.899963379,-332.554351807,109.539718628,0.843371689,-0.535446584,0.020282386,0.040122226
1653512900.573543310,-753.899963379,-332.554351807,109.539718628,0.843371689,-0.535446584,0.020282386,0.040122226
1653512900.639484644,-752.710571289,-335.433441162,109.418594360,0.842790484,-0.536444366,0.019506762,0.039384045
1653512900.706456661,-752.710571289,-335.433441162,109.418594360,0.842790484,-0.536444366,0.019506762,0.039384045
1653512900.772740841,-751.676574707,-337.978149414,109.309432983,0.842654288,-0.536699057,0.019145567,0.039004073
1653512900.840209723,-751.676574707,-337.978149414,109.309432983,0.842654288,-0.536699057,0.019145567,0.039004073
1653512900.906502485,-750.282592773,-341.132690430,109.152793884,0.842452407,-0.537074566,0.018197240,0.038648590
1653512900.974004745,-750.282592773,-341.132690430,109.152793884,0.842452407,-0.537074566,0.018197240,0.038648590
1653512901.039527893,-749.079589844,-343.910369873,109.011795044,0.842211068,-0.537466466,0.018389756,0.038368016
1653512901.106127501,-749.079589844,-343.910369873,109.011795044,0.842211068,-0.537466466,0.018389756,0.038368016
1653512901.173472166,-748.241149902,-346.028350830,108.905471802,0.842539608,-0.536996424,0.019235192,0.037307952
1653512901.239626646,-748.241149902,-346.028350830,108.905471802,0.842539608,-0.536996424,0.019235192,0.037307952
1653512901.308218718,-746.879089355,-349.054718018,108.733039856,0.842844605,-0.536586702,0.019669663,0.036066286
1653512901.373203516,-746.879089355,-349.054718018,108.733039856,0.842844605,-0.536586702,0.019669663,0.036066286
1653512901.439951420,-745.558349609,-351.975799561,108.568916321,0.843399942,-0.535777152,0.020576384,0.034582675
1653512901.506369352,-745.558349609,-351.975799561,108.568916321,0.843399942,-0.535777152,0.020576384,0.034582675
1653512901.573533058,-744.467102051,-354.492065430,108.434555054,0.844177008,-0.534575284,0.022513336,0.032978036
1653512901.644564152,-744.467102051,-354.492065430,108.434555054,0.844177008,-0.534575284,0.022513336,0.032978036
1653512901.706513643,-743.328491211,-357.083587646,108.287643433,0.844948530,-0.533413231,0.024029311,0.030901289
1653512901.773259640,-743.328491211,-357.083587646,108.287643433,0.844948530,-0.533413231,0.024029311,0.030901289
1653512901.839900732,-742.111206055,-359.823089600,108.132789612,0.845430732,-0.532726347,0.025374535,0.028383840
1653512901.906353235,-742.111206055,-359.823089600,108.132789612,0.845430732,-0.532726347,0.025374535,0.028383840
1653512901.974219799,-740.961975098,-362.433593750,107.982795715,0.846203625,-0.531541169,0.026747346,0.026230188
1653512902.039474010,-740.961975098,-362.433593750,107.982795715,0.846203625,-0.531541169,0.026747346,0.026230188
1653512902.107125282,-739.763244629,-365.127136230,107.824302673,0.846972108,-0.530325532,0.028350856,0.024276536
1653512902.172961473,-739.763244629,-365.127136230,107.824302673,0.846972108,-0.530325532,0.028350856,0.024276536
1653512902.239654303,-738.685424805,-367.578674316,107.679733276,0.847300231,-0.529789984,0.029149137,0.023564076
1653512902.306545734,-738.685424805,-367.578674316,107.679733276,0.847300231,-0.529789984,0.029149137,0.023564076
1653512902.372852564,-737.625366211,-370.033294678,107.537094116,0.848105192,-0.528533995,0.029211232,0.022717198
1653512902.440060854,-737.625366211,-370.033294678,107.537094116,0.848105192,-0.528533995,0.029211232,0.022717198
1653512902.506299734,-736.290405273,-372.932769775,107.360702515,0.848698676,-0.527638137,0.028171748,0.022691926
1653512902.573381662,-736.290405273,-372.932769775,107.360702515,0.848698676,-0.527638137,0.028171748,0.022691926
1653512902.639909267,-735.156494141,-375.514526367,107.207893372,0.849127412,-0.526962817,0.027338089,0.023355315
1653512902.706548214,-735.156494141,-375.514526367,107.207893372,0.849127412,-0.526962817,0.027338089,0.023355315
1653512902.773133039,-734.077514648,-377.997589111,107.062362671,0.849730134,-0.526068032,0.025396414,0.023794509
1653512902.840031147,-734.077514648,-377.997589111,107.062362671,0.849730134,-0.526068032,0.025396414,0.023794509
1653512902.907064199,-732.621276855,-381.056762695,106.877540588,0.850230575,-0.525323153,0.023025870,0.024766617
1653512902.974637747,-732.621276855,-381.056762695,106.877540588,0.850230575,-0.525323153,0.023025870,0.024766617
1653512903.041766167,-731.482849121,-383.608612061,106.732704163,0.850461721,-0.524945438,0.021653865,0.026043156
1653512903.106225729,-731.482849121,-383.608612061,106.732704163,0.850461721,-0.524945438,0.021653865,0.026043156
1653512903.172952652,-730.191040039,-386.393005371,106.571121216,0.850928843,-0.524205625,0.019510688,0.027348030
1653512903.244158030,-730.191040039,-386.393005371,106.571121216,0.850928843,-0.524205625,0.019510688,0.027348030
1653512903.306153536,-729.045715332,-388.942932129,106.428398132,0.851269066,-0.523625314,0.018110635,0.028801816
1653512903.375301123,-729.045715332,-388.942932129,106.428398132,0.851269066,-0.523625314,0.018110635,0.028801816
1653512903.440308809,-727.818298340,-391.621643066,106.277336121,0.851446390,-0.523301601,0.016312299,0.030469134
1653512903.506619930,-727.818298340,-391.621643066,106.277336121,0.851446390,-0.523301601,0.016312299,0.030469134
1653512903.572774887,-726.862243652,-393.875061035,106.160072327,0.851795912,-0.522701204,0.014538838,0.031870913
1653512903.640069485,-726.862243652,-393.875061035,106.160072327,0.851795912,-0.522701204,0.014538838,0.031870913
1653512903.706090927,-725.518798828,-396.721160889,105.995155334,0.851934493,-0.522506416,0.012135526,0.032363959
1653512903.772874355,-725.518798828,-396.721160889,105.995155334,0.851934493,-0.522506416,0.012135526,0.032363959
1653512903.839690208,-724.334045410,-399.296264648,105.851737976,0.851853490,-0.522640288,0.010551658,0.032884941
1653512903.906087399,-724.334045410,-399.296264648,105.851737976,0.851853490,-0.522640288,0.010551658,0.032884941
1653512903.972834349,-722.841003418,-402.321990967,105.681419373,0.852024019,-0.522409260,0.008835820,0.032642238
1653512904.039438486,-722.841003418,-402.321990967,105.681419373,0.852024019,-0.522409260,0.008835820,0.032642238
1653512904.107198715,-721.864379883,-404.517974854,105.568840027,0.852069139,-0.522338092,0.008115963,0.032790516
1653512904.172852993,-721.864379883,-404.517974854,105.568840027,0.852069139,-0.522338092,0.008115963,0.032790516
1653512904.240577936,-720.622924805,-407.094299316,105.426002502,0.851988494,-0.522531509,0.007620750,0.031911325
1653512904.306544781,-720.622924805,-407.094299316,105.426002502,0.851988494,-0.522531509,0.007620750,0.031911325
1653512904.374307632,-719.110290527,-410.069549561,105.261566162,0.852186620,-0.522328734,0.006839290,0.030065175
1653512904.441233397,-719.110290527,-410.069549561,105.261566162,0.852186620,-0.522328734,0.006839290,0.030065175
1653512904.506463289,-718.221679688,-412.084411621,105.167755127,0.852576196,-0.521793365,0.007430655,0.028111754
1653512904.572736502,-718.221679688,-412.084411621,105.167755127,0.852576196,-0.521793365,0.007430655,0.028111754
1653512904.642598629,-716.674865723,-415.089355469,105.006935120,0.852625847,-0.521797597,0.007226626,0.026537502
1653512904.706084013,-716.674865723,-415.089355469,105.006935120,0.852625847,-0.521797597,0.007226626,0.026537502
1653512904.773181915,-715.323913574,-417.781372070,104.878890991,0.853235185,-0.520882964,0.008112827,0.024593515
1653512904.839930534,-715.323913574,-417.781372070,104.878890991,0.853235185,-0.520882964,0.008112827,0.024593515
1653512904.906084061,-714.069458008,-420.264648438,104.762802124,0.853699803,-0.520207167,0.008936107,0.022390356
1653512904.973244905,-714.069458008,-420.264648438,104.762802124,0.853699803,-0.520207167,0.008936107,0.022390356
1653512905.048066378,-712.752197266,-422.861114502,104.640411377,0.854026079,-0.519740820,0.009708017,0.020362778
1653512905.112336874,-712.752197266,-422.861114502,104.640411377,0.854026079,-0.519740820,0.009708017,0.020362778
1653512905.173950672,-711.442138672,-425.480865479,104.534622192,0.854848385,-0.518409371,0.011773465,0.018637551
1653512905.239861250,-711.442138672,-425.480865479,104.534622192,0.854848385,-0.518409371,0.011773465,0.018637551
1653512905.307983160,-710.212707520,-427.878631592,104.435546875,0.855461180,-0.517466486,0.011420607,0.016857831
1653512905.374003172,-710.212707520,-427.878631592,104.435546875,0.855461180,-0.517466486,0.011420607,0.016857831
1653512905.439565659,-708.703247070,-430.689697266,104.305885315,0.855967283,-0.516675651,0.011248779,0.015482983
1653512905.506168842,-708.703247070,-430.689697266,104.305885315,0.855967283,-0.516675651,0.011248779,0.015482983
1653512905.576164722,-707.658996582,-432.826568604,104.226264954,0.856892645,-0.515166402,0.012480247,0.013521329
1653512905.639851093,-707.658996582,-432.826568604,104.226264954,0.856892645,-0.515166402,0.012480247,0.013521329
1653512905.707422733,-706.350769043,-435.383728027,104.118583679,0.857944548,-0.513446152,0.013090122,0.011528478
1653512905.773281574,-706.350769043,-435.383728027,104.118583679,0.857944548,-0.513446152,0.013090122,0.011528478
1653512905.840586424,-704.657348633,-438.483551025,103.970039368,0.858906329,-0.511870265,0.013262630,0.009634746
1653512905.908202171,-704.657348633,-438.483551025,103.970039368,0.858906329,-0.511870265,0.013262630,0.009634746
1653512905.972700596,-703.720947266,-440.483703613,103.895919800,0.860169053,-0.509765029,0.013752151,0.007722975
1653512906.040423870,-703.720947266,-440.483703613,103.895919800,0.860169053,-0.509765029,0.013752151,0.007722975
1653512906.106458902,-702.448181152,-442.992065430,103.785842896,0.861322105,-0.507858694,0.013089621,0.005695789
1653512906.172761917,-702.448181152,-442.992065430,103.785842896,0.861322105,-0.507858694,0.013089621,0.005695789
1653512906.242607117,-701.166992188,-445.499481201,103.671676636,0.862194300,-0.506410182,0.012196935,0.004574693
1653512906.306228876,-701.166992188,-445.499481201,103.671676636,0.862194300,-0.506410182,0.012196935,0.004574693
1653512906.373282433,-699.820495605,-448.085052490,103.560317993,0.863078237,-0.504914105,0.011729992,0.004480677
1653512906.439496994,-699.820495605,-448.085052490,103.560317993,0.863078237,-0.504914105,0.011729992,0.004480677
1653512906.506470680,-698.531799316,-450.592529297,103.447036743,0.864067614,-0.503232956,0.011143789,0.004426722
1653512906.572789431,-698.531799316,-450.592529297,103.447036743,0.864067614,-0.503232956,0.011143789,0.004426722
1653512906.639482260,-697.148254395,-453.301422119,103.336685181,0.864723265,-0.502115846,0.010752817,0.004209216
1653512906.707440853,-697.148254395,-453.301422119,103.336685181,0.864723265,-0.502115846,0.010752817,0.004209216
1653512906.772889614,-696.280700684,-455.255187988,103.268104553,0.865204096,-0.501299620,0.009968814,0.004604424
1653512906.840641022,-696.280700684,-455.255187988,103.268104553,0.865204096,-0.501299620,0.009968814,0.004604424
1653512906.906176090,-695.038574219,-457.750488281,103.158195496,0.865823150,-0.500252664,0.008595498,0.004857993
1653512906.973564863,-695.038574219,-457.750488281,103.158195496,0.865823150,-0.500252664,0.008595498,0.004857993
1653512907.040056705,-693.696533203,-460.382690430,103.036865234,0.866006672,-0.499956638,0.006973254,0.005210029
1653512907.106795549,-693.696533203,-460.382690430,103.036865234,0.866006672,-0.499956638,0.006973254,0.005210029
1653512907.172965765,-692.260681152,-463.163452148,102.906143188,0.866529107,-0.499062657,0.005528057,0.005762662
1653512907.239933968,-692.260681152,-463.163452148,102.906143188,0.866529107,-0.499062657,0.005528057,0.005762662
1653512907.307882547,-690.931457520,-465.776367188,102.783393860,0.866990209,-0.498261809,0.004315412,0.006674378
1653512907.374316931,-690.931457520,-465.776367188,102.783393860,0.866990209,-0.498261809,0.004315412,0.006674378
1653512907.439993382,-689.683532715,-468.264831543,102.672325134,0.866940916,-0.498337269,0.003295058,0.007910139
1653512907.506979942,-689.683532715,-468.264831543,102.672325134,0.866940916,-0.498337269,0.003295058,0.007910139
1653512907.573344946,-688.472351074,-470.692749023,102.563331604,0.867278337,-0.497742891,0.003143677,0.008388731
1653512907.639450073,-688.472351074,-470.692749023,102.563331604,0.867278337,-0.497742891,0.003143677,0.008388731
1653512907.706394196,-687.321533203,-473.058746338,102.469039917,0.867608964,-0.497155815,0.003222809,0.008964468
1653512907.773133993,-687.321533203,-473.058746338,102.469039917,0.867608964,-0.497155815,0.003222809,0.008964468
1653512907.841750145,-686.010803223,-475.622985840,102.361480713,0.867562115,-0.497214168,0.002884772,0.010280832
1653512907.906123877,-686.010803223,-475.622985840,102.361480713,0.867562115,-0.497214168,0.002884772,0.010280832
1653512907.972597122,-684.251159668,-478.819061279,102.217658997,0.867658973,-0.497028917,0.001926716,0.011244242
1653512908.039330482,-684.251159668,-478.819061279,102.217658997,0.867658973,-0.497028917,0.001926716,0.011244242
1653512908.105836868,-683.212158203,-480.983093262,102.150970459,0.867649138,-0.497026861,0.001923474,0.012063768
1653512908.172896624,-683.212158203,-480.983093262,102.150970459,0.867649138,-0.497026861,0.001923474,0.012063768
1653512908.239529848,-681.938476562,-483.482299805,102.063446045,0.867474020,-0.497317165,0.002128267,0.012648957
1653512908.306117058,-681.938476562,-483.482299805,102.063446045,0.867474020,-0.497317165,0.002128267,0.012648957
1653512908.373267174,-680.618957520,-486.036682129,101.979934692,0.867440403,-0.497347444,0.002279052,0.013694046
1653512908.439706802,-680.618957520,-486.036682129,101.979934692,0.867440403,-0.497347444,0.002279052,0.013694046
1653512908.506121397,-679.123046875,-488.787689209,101.888412476,0.867532909,-0.497165978,0.002231200,0.014412420
1653512908.572911024,-679.123046875,-488.787689209,101.888412476,0.867532909,-0.497165978,0.002231200,0.014412420
1653512908.639347076,-677.678833008,-491.457305908,101.810394287,0.867663324,-0.496921837,0.002975592,0.014840106
1653512908.706495285,-677.678833008,-491.457305908,101.810394287,0.867663324,-0.496921837,0.002975592,0.014840106
1653512908.773624182,-676.696350098,-493.497833252,101.788597107,0.868115246,-0.496115029,0.003986175,0.015162992
1653512908.839426041,-676.696350098,-493.497833252,101.788597107,0.868115246,-0.496115029,0.003986175,0.015162992
1653512908.906979561,-675.038879395,-496.433898926,101.705513000,0.868550241,-0.495321304,0.004039243,0.016153533
1653512908.975592613,-675.038879395,-496.433898926,101.705513000,0.868550241,-0.495321304,0.004039243,0.016153533
1653512909.043893814,-673.573974609,-499.122863770,101.653320312,0.869102836,-0.494333357,0.004419088,0.016592823
1653512909.106344461,-673.573974609,-499.122863770,101.653320312,0.869102836,-0.494333357,0.004419088,0.016592823
1653512909.172961235,-672.379760742,-501.442260742,101.635780334,0.870002925,-0.492717624,0.004314770,0.017482327
1653512909.239454031,-672.379760742,-501.442260742,101.635780334,0.870002925,-0.492717624,0.004314770,0.017482327
1653512909.306258678,-671.027404785,-503.914672852,101.601593018,0.870745063,-0.491371125,0.003836731,0.018514071
1653512909.374457598,-671.027404785,-503.914672852,101.601593018,0.870745063,-0.491371125,0.003836731,0.018514071
1653512909.439943552,-669.595703125,-506.505310059,101.575088501,0.871226966,-0.490476787,0.004299539,0.019431863
1653512909.506306171,-669.595703125,-506.505310059,101.575088501,0.871226966,-0.490476787,0.004299539,0.019431863
1653512909.572782516,-668.007629395,-509.285369873,101.542594910,0.872100532,-0.488914281,0.004664154,0.019538827
1653512909.639871120,-668.007629395,-509.285369873,101.542594910,0.872100532,-0.488914281,0.004664154,0.019538827
1653512909.706027508,-666.814880371,-511.550292969,101.556526184,0.872840524,-0.487603813,0.006017931,0.018859833
1653512909.773156404,-666.814880371,-511.550292969,101.556526184,0.872840524,-0.487603813,0.006017931,0.018859833
1653512909.839455128,-665.656127930,-513.742858887,101.576461792,0.873280287,-0.486812770,0.007277521,0.018491235
1653512909.906032562,-665.656127930,-513.742858887,101.576461792,0.873280287,-0.486812770,0.007277521,0.018491235
1653512909.973375320,-664.162048340,-516.395019531,101.562431335,0.874055862,-0.485458106,0.007720215,0.017238595
1653512910.039677143,-664.162048340,-516.395019531,101.562431335,0.874055862,-0.485458106,0.007720215,0.017238595
1653512910.108219385,-662.692749023,-519.024047852,101.554969788,0.874494374,-0.484690726,0.008463031,0.016213141
1653512910.174879789,-662.692749023,-519.024047852,101.554969788,0.874494374,-0.484690726,0.008463031,0.016213141
1653512910.244743109,-661.825805664,-520.857238770,101.605644226,0.874645948,-0.484421223,0.009795423,0.015314829
1653512910.306171894,-661.825805664,-520.857238770,101.605644226,0.874645948,-0.484421223,0.009795423,0.015314829
1653512910.372764111,-660.007568359,-523.946472168,101.564590454,0.875084758,-0.483653873,0.009217621,0.014852085
1653512910.439341784,-660.007568359,-523.946472168,101.564590454,0.875084758,-0.483653873,0.009217621,0.014852085
1653512910.506181717,-658.977233887,-525.927978516,101.583953857,0.875284195,-0.483267635,0.009216278,0.015654000
1653512910.572911024,-658.977233887,-525.927978516,101.583953857,0.875284195,-0.483267635,0.009216278,0.015654000
1653512910.641343117,-657.386657715,-528.662353516,101.545661926,0.875163436,-0.483459175,0.008427780,0.016887937
1653512910.706329346,-657.386657715,-528.662353516,101.545661926,0.875163436,-0.483459175,0.008427780,0.016887937
1653512910.772689819,-656.277709961,-530.742370605,101.545829773,0.875009179,-0.483687878,0.007734729,0.018577250
1653512910.841441870,-656.277709961,-530.742370605,101.545829773,0.875009179,-0.483687878,0.007734729,0.018577250
1653512910.910069466,-654.545532227,-533.620971680,101.470039368,0.874535322,-0.484506875,0.006857813,0.019849254
1653512910.972791195,-654.545532227,-533.620971680,101.470039368,0.874535322,-0.484506875,0.006857813,0.019849254
1653512911.039506435,-653.227416992,-536.003356934,101.422561646,0.873757303,-0.485856026,0.007067391,0.021027874
1653512911.107188940,-653.227416992,-536.003356934,101.422561646,0.873757303,-0.485856026,0.007067391,0.021027874
1653512911.173186541,-651.978637695,-538.252502441,101.358650208,0.873208404,-0.486803144,0.007591510,0.021729272
1653512911.240326881,-651.978637695,-538.252502441,101.358650208,0.873208404,-0.486803144,0.007591510,0.021729272
1653512911.306689262,-650.322387695,-541.034667969,101.248191833,0.872810960,-0.487522721,0.008152923,0.021357335
1653512911.373726130,-650.322387695,-541.034667969,101.248191833,0.872810960,-0.487522721,0.008152923,0.021357335
1653512911.440350056,-649.001525879,-543.371032715,101.155334473,0.872547626,-0.488046706,0.009528960,0.019499540
1653512911.507137775,-649.001525879,-543.371032715,101.155334473,0.872547626,-0.488046706,0.009528960,0.019499540
1653512911.573760033,-647.216552734,-546.276855469,101.012138367,0.872777760,-0.487710446,0.010215294,0.017120160
1653512911.639563322,-647.216552734,-546.276855469,101.012138367,0.872777760,-0.487710446,0.010215294,0.017120160
1653512911.706436872,-645.888854980,-548.585388184,100.907325745,0.873132288,-0.487122715,0.011637111,0.014699609
1653512911.772929192,-645.888854980,-548.585388184,100.907325745,0.873132288,-0.487122715,0.011637111,0.014699609
1653512911.844499350,-644.308227539,-551.188293457,100.779479980,0.873402596,-0.486668050,0.013666959,0.011631784
1653512911.906616926,-644.308227539,-551.188293457,100.779479980,0.873402596,-0.486668050,0.013666959,0.011631784
1653512911.973061085,-642.889160156,-553.588928223,100.671485901,0.874083281,-0.485448867,0.016041607,0.007777203
1653512912.039544821,-642.889160156,-553.588928223,100.671485901,0.874083281,-0.485448867,0.016041607,0.007777203
1653512912.106898785,-641.624877930,-555.746704102,100.575439453,0.874793649,-0.484145105,0.017868461,0.004507705
1653512912.173158407,-641.624877930,-555.746704102,100.575439453,0.874793649,-0.484145105,0.017868461,0.004507705
1653512912.239499569,-639.960754395,-558.446655273,100.450546265,0.875442386,-0.482971102,0.018237680,0.002643033
1653512912.308140516,-639.960754395,-558.446655273,100.450546265,0.875442386,-0.482971102,0.018237680,0.002643033
1653512912.373183966,-638.283325195,-561.155273438,100.328628540,0.876544833,-0.480974078,0.018204801,0.001306465
1653512912.440394402,-638.283325195,-561.155273438,100.328628540,0.876544833,-0.480974078,0.018204801,0.001306465
1653512912.505802393,-636.856140137,-563.562438965,100.228973389,0.877772510,-0.478742838,0.017885603,0.000915551
1653512912.572605371,-636.856140137,-563.562438965,100.228973389,0.877772510,-0.478742838,0.017885603,0.000915551
1653512912.639494419,-635.564208984,-565.836425781,100.144561768,0.878696799,-0.477031231,0.018225463,0.000962183
1653512912.706792831,-635.564208984,-565.836425781,100.144561768,0.878696799,-0.477031231,0.018225463,0.000962183
1653512912.772672653,-634.282897949,-568.075317383,100.069419861,0.879817367,-0.475016207,0.016743915,0.000785640
1653512912.839321852,-634.282897949,-568.075317383,100.069419861,0.879817367,-0.475016207,0.016743915,0.000785640
1653512912.906238079,-632.790405273,-570.534667969,99.974937439,0.880739033,-0.473353177,0.015300162,0.001193662
1653512912.974078178,-632.790405273,-570.534667969,99.974937439,0.880739033,-0.473353177,0.015300162,0.001193662
1653512913.039982557,-631.251708984,-573.091979980,99.890014648,0.881287754,-0.472369820,0.013883214,0.002436409
1653512913.106087923,-631.251708984,-573.091979980,99.890014648,0.881287754,-0.472369820,0.013883214,0.002436409
1653512913.172527313,-629.902526855,-575.457946777,99.813728333,0.881712377,-0.471621662,0.011873314,0.003916145
1653512913.239908218,-629.902526855,-575.457946777,99.813728333,0.881712377,-0.471621662,0.011873314,0.003916145
1653512913.305881500,-628.324462891,-578.090881348,99.711418152,0.881947696,-0.471208423,0.009160622,0.006850242
1653512913.372740746,-628.324462891,-578.090881348,99.711418152,0.881947696,-0.471208423,0.009160622,0.006850242
1653512913.439573288,-627.154602051,-580.193176270,99.642410278,0.881706595,-0.471640527,0.007117922,0.009899613
1653512913.506171465,-627.154602051,-580.193176270,99.642410278,0.881706595,-0.471640527,0.007117922,0.009899613
1653512913.574150562,-625.524047852,-582.860595703,99.530578613,0.881525338,-0.471953332,0.004759538,0.012264631
1653512913.639557362,-625.524047852,-582.860595703,99.530578613,0.881525338,-0.471953332,0.004759538,0.012264631
1653512913.707387209,-624.313171387,-585.008178711,99.452140808,0.880912900,-0.473079860,0.002949966,0.013387414
1653512913.772632837,-624.313171387,-585.008178711,99.452140808,0.880912900,-0.473079860,0.002949966,0.013387414
1653512913.839420080,-622.439880371,-587.955322266,99.299240112,0.879985988,-0.474814087,0.001525509,0.013189035
1653512913.908086777,-622.439880371,-587.955322266,99.299240112,0.879985988,-0.474814087,0.001525509,0.013189035
1653512913.972871542,-621.332214355,-589.965576172,99.209373474,0.879279017,-0.476146936,0.002259020,0.012141895
1653512914.039205074,-621.332214355,-589.965576172,99.209373474,0.879279017,-0.476146936,0.002259020,0.012141895
1653512914.106119156,-619.497131348,-592.841857910,99.043144226,0.878274024,-0.478018373,0.002470623,0.011273081
1653512914.172949076,-619.497131348,-592.841857910,99.043144226,0.878274024,-0.478018373,0.002470623,0.011273081
1653512914.239736080,-618.099426270,-595.191589355,98.912536621,0.877442956,-0.479569316,0.003863293,0.009601112
1653512914.306177139,-618.099426270,-595.191589355,98.912536621,0.877442956,-0.479569316,0.003863293,0.009601112
1653512914.372565031,-616.701293945,-597.559265137,98.771118164,0.876772225,-0.480806828,0.005178531,0.008271008
1653512914.439256191,-616.701293945,-597.559265137,98.771118164,0.876772225,-0.480806828,0.005178531,0.008271008
1653512914.506479025,-615.054687500,-600.212524414,98.596786499,0.876467884,-0.481365174,0.005478176,0.007850070
1653512914.572632313,-615.054687500,-600.212524414,98.596786499,0.876467884,-0.481365174,0.005478176,0.007850070
1653512914.639455557,-613.598999023,-602.636779785,98.438438416,0.876031160,-0.482160240,0.005983124,0.007419631
1653512914.707041025,-613.598999023,-602.636779785,98.438438416,0.876031160,-0.482160240,0.005983124,0.007419631
1653512914.774123430,-612.200134277,-604.970031738,98.276069641,0.876034200,-0.482151926,0.006522308,0.007149837
1653512914.839275360,-612.200134277,-604.970031738,98.276069641,0.876034200,-0.482151926,0.006522308,0.007149837
1653512914.907511950,-610.486694336,-607.676452637,98.079727173,0.876132011,-0.481968760,0.006983866,0.007074719
1653512914.974782944,-610.486694336,-607.676452637,98.079727173,0.876132011,-0.481968760,0.006983866,0.007074719
1653512915.040304899,-608.798278809,-610.331848145,97.881904602,0.876039386,-0.482132733,0.007069641,0.007281999
1653512915.108234644,-608.798278809,-610.331848145,97.881904602,0.876039386,-0.482132733,0.007069641,0.007281999
1653512915.174732447,-607.387695312,-612.653808594,97.707221985,0.876446426,-0.481381834,0.008184582,0.006796390
1653512915.241042137,-607.387695312,-612.653808594,97.707221985,0.876446426,-0.481381834,0.008184582,0.006796390
1653512915.306010246,-605.298583984,-615.792480469,97.463493347,0.876729786,-0.480854273,0.008830165,0.006783683
1653512915.372567177,-605.298583984,-615.792480469,97.463493347,0.876729786,-0.480854273,0.008830165,0.006783683
1653512915.439926147,-604.493530273,-617.392883301,97.345855713,0.876849711,-0.480595142,0.010567700,0.007155102
1653512915.506031036,-604.493530273,-617.392883301,97.345855713,0.876849711,-0.480595142,0.010567700,0.007155102
1653512915.572537422,-602.563964844,-620.334350586,97.109542847,0.877164364,-0.480016202,0.010891180,0.006963344
1653512915.639326811,-602.563964844,-620.334350586,97.109542847,0.877164364,-0.480016202,0.010891180,0.006963344
1653512915.705958128,-600.767150879,-623.128906250,96.886383057,0.877617121,-0.479194671,0.010916154,0.006438291
1653512915.772783279,-600.767150879,-623.128906250,96.886383057,0.877617121,-0.479194671,0.010916154,0.006438291
1653512915.839733362,-599.405029297,-625.419982910,96.700973511,0.877824306,-0.478793561,0.011834897,0.006409804
1653512915.905893564,-599.405029297,-625.419982910,96.700973511,0.877824306,-0.478793561,0.011834897,0.006409804
1653512915.973493338,-598.169738770,-627.567199707,96.518348694,0.878203988,-0.478104681,0.011792291,0.005880035
1653512916.039428234,-598.169738770,-627.567199707,96.518348694,0.878203988,-0.478104681,0.011792291,0.005880035
1653512916.106724739,-596.302001953,-630.434875488,96.265800476,0.878798664,-0.477019161,0.011187638,0.006358396
1653512916.173190594,-596.302001953,-630.434875488,96.265800476,0.878798664,-0.477019161,0.011187638,0.006358396
1653512916.241775751,-594.749633789,-632.918273926,96.046501160,0.879097044,-0.476468831,0.010747347,0.007091771
1653512916.306301594,-594.749633789,-632.918273926,96.046501160,0.879097044,-0.476468831,0.010747347,0.007091771
1653512916.373219490,-593.372802734,-635.222473145,95.838226318,0.879709780,-0.475337386,0.010888020,0.006817109
1653512916.439396143,-593.372802734,-635.222473145,95.838226318,0.879709780,-0.475337386,0.010888020,0.006817109
1653512916.506415129,-592.055908203,-637.447570801,95.633186340,0.880109012,-0.474605322,0.010434202,0.007000316
1653512916.573314667,-592.055908203,-637.447570801,95.633186340,0.880109012,-0.474605322,0.010434202,0.007000316
1653512916.640112638,-590.410888672,-640.064941406,95.395721436,0.880192697,-0.474453211,0.009593055,0.007934657
1653512916.705946207,-590.410888672,-640.064941406,95.395721436,0.880192697,-0.474453211,0.009593055,0.007934657
1653512916.773091316,-588.902099609,-642.514221191,95.173637390,0.880339086,-0.474185467,0.008507648,0.008879550
1653512916.841082096,-588.902099609,-642.514221191,95.173637390,0.880339086,-0.474185467,0.008507648,0.008879550
1653512916.905794144,-587.277038574,-645.093811035,94.938568115,0.880288601,-0.474283934,0.007075570,0.009831080
1653512916.973143578,-587.277038574,-645.093811035,94.938568115,0.880288601,-0.474283934,0.007075570,0.009831080
1653512917.041004419,-585.704528809,-647.607543945,94.704696655,0.879783750,-0.475208223,0.005645233,0.011215649
1653512917.106071949,-585.704528809,-647.607543945,94.704696655,0.879783750,-0.475208223,0.005645233,0.011215649
1653512917.172998667,-584.101501465,-650.179016113,94.466926575,0.879665911,-0.475411773,0.004902469,0.012143145
1653512917.239789963,-584.101501465,-650.179016113,94.466926575,0.879665911,-0.475411773,0.004902469,0.012143145
1653512917.306140423,-582.263122559,-652.986511230,94.198501587,0.879514039,-0.475667983,0.004338414,0.013272382
1653512917.372506142,-582.263122559,-652.986511230,94.198501587,0.879514039,-0.475667983,0.004338414,0.013272382
1653512917.439262629,-581.084655762,-655.036254883,94.014778137,0.878951967,-0.476677865,0.004117770,0.014308022
1653512917.506694078,-581.084655762,-655.036254883,94.014778137,0.878951967,-0.476677865,0.004117770,0.014308022
1653512917.572580576,-579.805358887,-657.193969727,93.819786072,0.878688037,-0.477140427,0.004132721,0.015075031
1653512917.640163183,-579.805358887,-657.193969727,93.819786072,0.878688037,-0.477140427,0.004132721,0.015075031
1653512917.707667112,-577.714355469,-660.283813477,93.535278320,0.878427625,-0.477615803,0.003349397,0.015390696
1653512917.772503853,-577.714355469,-660.283813477,93.535278320,0.878427625,-0.477615803,0.003349397,0.015390696
1653512917.839243889,-575.814941406,-663.154113770,93.281127930,0.878118634,-0.478180915,0.003641309,0.015408597
1653512917.905831337,-575.814941406,-663.154113770,93.281127930,0.878118634,-0.478180915,0.003641309,0.015408597
1653512917.974476814,-574.512512207,-665.317138672,93.105064392,0.878090858,-0.478258163,0.003483364,0.014608620
1653512918.040600777,-574.512512207,-665.317138672,93.105064392,0.878090858,-0.478258163,0.003483364,0.014608620
1653512918.106445789,-572.904541016,-667.824768066,92.900856018,0.878462076,-0.477598220,0.003899688,0.013751047
1653512918.172746420,-572.904541016,-667.824768066,92.900856018,0.878462076,-0.477598220,0.003899688,0.013751047
1653512918.242866516,-571.202880859,-670.402587891,92.694473267,0.878638685,-0.477296919,0.004113183,0.012838290
1653512918.306033850,-571.202880859,-670.402587891,92.694473267,0.878638685,-0.477296919,0.004113183,0.012838290
1653512918.373003960,-569.399475098,-673.114929199,92.489738464,0.879040837,-0.476574272,0.004327621,0.012059256
1653512918.439371586,-569.399475098,-673.114929199,92.489738464,0.879040837,-0.476574272,0.004327621,0.012059256
1653512918.505864382,-567.477111816,-675.932922363,92.277275085,0.879461765,-0.475826204,0.004461793,0.010796463
1653512918.572522879,-567.477111816,-675.932922363,92.277275085,0.879461765,-0.475826204,0.004461793,0.010796463
1653512918.639315367,-566.406982422,-677.793762207,92.179374695,0.880052984,-0.474749357,0.004742117,0.009861851
1653512918.706596851,-566.406982422,-677.793762207,92.179374695,0.880052984,-0.474749357,0.004742117,0.009861851
1653512918.773922920,-564.595703125,-680.488830566,91.993904114,0.880765140,-0.473443151,0.004279076,0.009278173
1653512918.839183331,-564.595703125,-680.488830566,91.993904114,0.880765140,-0.473443151,0.004279076,0.009278173
1653512918.906341791,-562.900512695,-683.069152832,91.831398010,0.881717324,-0.471685559,0.003465724,0.008676433
1653512918.972676277,-562.900512695,-683.069152832,91.831398010,0.881717324,-0.471685559,0.003465724,0.008676433
1653512919.039188862,-561.428833008,-685.380432129,91.695014954,0.882453024,-0.470315337,0.002181970,0.008682926
1653512919.109936237,-561.428833008,-685.380432129,91.695014954,0.882453024,-0.470315337,0.002181970,0.008682926
1653512919.172969341,-559.715148926,-687.955261230,91.531471252,0.883212209,-0.468886793,0.000826704,0.008982435
1653512919.239584684,-559.715148926,-687.955261230,91.531471252,0.883212209,-0.468886793,0.000826704,0.008982435
1653512919.306104183,-557.981506348,-690.537841797,91.370170593,0.883789241,-0.467788517,-0.000831969,0.009477176
1653512919.372863054,-557.981506348,-690.537841797,91.370170593,0.883789241,-0.467788517,-0.000831969,0.009477176
1653512919.439282179,-556.278320312,-693.090454102,91.210327148,0.884241402,-0.466918319,-0.001281021,0.010138761
1653512919.506232977,-556.278320312,-693.090454102,91.210327148,0.884241402,-0.466918319,-0.001281021,0.010138761
1653512919.573919773,-554.616333008,-695.575683594,91.058303833,0.884713233,-0.466000706,-0.001439965,0.011126671
1653512919.639784336,-554.616333008,-695.575683594,91.058303833,0.884713233,-0.466000706,-0.001439965,0.011126671
1653512919.706546545,-553.021728516,-697.992980957,90.921157837,0.884929121,-0.465584546,-0.000951189,0.011427618
1653512919.772476435,-553.021728516,-697.992980957,90.921157837,0.884929121,-0.465584546,-0.000951189,0.011427618
1653512919.839409351,-551.602844238,-700.196533203,90.812873840,0.884898841,-0.465637296,0.000565205,0.011646086
1653512919.905869246,-551.602844238,-700.196533203,90.812873840,0.884898841,-0.465637296,0.000565205,0.011646086
1653512919.973426342,-549.654724121,-702.961242676,90.644599915,0.885083795,-0.465276033,0.002381566,0.011799236
1653512920.039250612,-549.654724121,-702.961242676,90.644599915,0.885083795,-0.465276033,0.002381566,0.011799236
1653512920.105711937,-547.660644531,-705.784851074,90.483276367,0.885086119,-0.465264857,0.004792982,0.011321610
1653512920.172508240,-547.660644531,-705.784851074,90.483276367,0.885086119,-0.465264857,0.004792982,0.011321610
1653512920.239482164,-546.047485352,-708.183837891,90.370552063,0.884820104,-0.465736866,0.008100496,0.010811740
1653512920.305770159,-546.047485352,-708.183837891,90.370552063,0.884820104,-0.465736866,0.008100496,0.010811740
1653512920.373007059,-544.148193359,-710.891052246,90.218727112,0.884562254,-0.466187924,0.010197465,0.010699380
1653512920.439539433,-544.148193359,-710.891052246,90.218727112,0.884562254,-0.466187924,0.010197465,0.010699380
1653512920.505796909,-542.330322266,-713.489074707,90.066436768,0.884233773,-0.466803610,0.011097747,0.010091347
1653512920.572622776,-542.330322266,-713.489074707,90.066436768,0.884233773,-0.466803610,0.011097747,0.010091347
1653512920.639565468,-540.904846191,-715.673889160,89.958221436,0.883840680,-0.467541933,0.012143677,0.009095653
1653512920.707080364,-540.904846191,-715.673889160,89.958221436,0.883840680,-0.467541933,0.012143677,0.009095653
1653512920.772423267,-539.022460938,-718.342834473,89.788734436,0.883746624,-0.467735589,0.012252388,0.008075370
1653512920.841373920,-539.022460938,-718.342834473,89.788734436,0.883746624,-0.467735589,0.012252388,0.008075370
1653512920.906025410,-537.541625977,-720.586608887,89.668975830,0.883453071,-0.468301922,0.012743755,0.006449644
1653512920.972832441,-537.541625977,-720.586608887,89.668975830,0.883453071,-0.468301922,0.012743755,0.006449644
1653512921.039474010,-535.817382812,-723.097290039,89.521415710,0.882818162,-0.469513029,0.012983230,0.004582610
1653512921.105691195,-535.817382812,-723.097290039,89.521415710,0.882818162,-0.469513029,0.012983230,0.004582610
1653512921.172873259,-534.119689941,-725.564208984,89.380233765,0.882533669,-0.470042944,0.013699569,0.002497711
1653512921.239418745,-534.119689941,-725.564208984,89.380233765,0.882533669,-0.470042944,0.013699569,0.002497711
1653512921.306933880,-532.341369629,-728.133483887,89.236579895,0.882128835,-0.470784754,0.014503493,-0.000291223
1653512921.372714996,-532.341369629,-728.133483887,89.236579895,0.882128835,-0.470784754,0.014503493,-0.000291223
1653512921.442794561,-531.125000000,-730.107421875,89.158676147,0.881624162,-0.471693188,0.015586239,-0.001219850
1653512921.506202698,-531.125000000,-730.107421875,89.158676147,0.881624162,-0.471693188,0.015586239,-0.001219850
1653512921.572450161,-529.401916504,-732.624450684,89.014862061,0.881448150,-0.472042143,0.015000701,0.000616622
1653512921.639368534,-529.401916504,-732.624450684,89.014862061,0.881448150,-0.472042143,0.015000701,0.000616622
1653512921.705907583,-527.455139160,-735.358520508,88.838630676,0.881390810,-0.472180098,0.013430210,0.003975470
1653512921.773189783,-527.455139160,-735.358520508,88.838630676,0.881390810,-0.472180098,0.013430210,0.003975470
1653512921.844346523,-526.083740234,-737.502807617,88.726661682,0.881149054,-0.472614080,0.012900855,0.006767262
1653512921.905968666,-526.083740234,-737.502807617,88.726661682,0.881149054,-0.472614080,0.012900855,0.006767262
1653512921.974344015,-524.683227539,-739.704284668,88.613304138,0.880996644,-0.472904891,0.012289266,0.007402970
1653512922.040787458,-524.683227539,-739.704284668,88.613304138,0.880996644,-0.472904891,0.012289266,0.007402970
1653512922.105770826,-522.812622070,-742.372131348,88.443008423,0.880653739,-0.473558575,0.012399138,0.006123691
1653512922.172457218,-522.812622070,-742.372131348,88.443008423,0.880653739,-0.473558575,0.012399138,0.006123691
1653512922.239957333,-521.710266113,-744.228942871,88.363052368,0.880199432,-0.474419087,0.012438710,0.004561346
1653512922.305803537,-521.710266113,-744.228942871,88.363052368,0.880199432,-0.474419087,0.012438710,0.004561346
1653512922.373822212,-519.621765137,-747.141601562,88.168701172,0.880157471,-0.474536061,0.011103679,0.003877295
1653512922.439493179,-519.621765137,-747.141601562,88.168701172,0.880157471,-0.474536061,0.011103679,0.003877295
1653512922.506784439,-518.416687012,-749.121154785,88.077972412,0.880168915,-0.474532753,0.010118001,0.004356890
1653512922.573450089,-518.416687012,-749.121154785,88.077972412,0.880168915,-0.474532753,0.010118001,0.004356890
1653512922.639379025,-516.520874023,-751.813781738,87.900917053,0.880002081,-0.474867404,0.008291570,0.005343554
1653512922.706277132,-516.520874023,-751.813781738,87.900917053,0.880002081,-0.474867404,0.008291570,0.005343554
1653512922.774163961,-514.794799805,-754.313232422,87.744865417,0.880141735,-0.474629015,0.005822008,0.006626208
1653512922.839086771,-514.794799805,-754.313232422,87.744865417,0.880141735,-0.474629015,0.005822008,0.006626208
1653512922.907784224,-513.157531738,-756.731933594,87.599449158,0.880099118,-0.474708796,0.003542932,0.008035068
1653512922.972805500,-513.157531738,-756.731933594,87.599449158,0.880099118,-0.474708796,0.003542932,0.008035068
1653512923.039676189,-511.579925537,-759.105346680,87.457893372,0.879966199,-0.474933594,0.001089643,0.009819455
1653512923.111053228,-511.579925537,-759.105346680,87.457893372,0.879966199,-0.474933594,0.001089643,0.009819455
1653512923.173169374,-510.136169434,-761.312622070,87.326377869,0.880105436,-0.474641800,-0.001943449,0.011214386
1653512923.239092350,-510.136169434,-761.312622070,87.326377869,0.880105436,-0.474641800,-0.001943449,0.011214386
1653512923.306591034,-508.619201660,-763.611877441,87.179000854,0.879928827,-0.474908322,-0.004409142,0.012960003
1653512923.372632742,-508.619201660,-763.611877441,87.179000854,0.879928827,-0.474908322,-0.004409142,0.012960003
1653512923.441957712,-506.996398926,-766.023925781,87.026412964,0.879554808,-0.475522339,-0.006456147,0.014839724
1653512923.506458998,-506.996398926,-766.023925781,87.026412964,0.879554808,-0.475522339,-0.006456147,0.014839724
1653512923.573024511,-505.419555664,-768.360351562,86.881263733,0.879404366,-0.475700438,-0.007549032,0.017321875
1653512923.639057398,-505.419555664,-768.360351562,86.881263733,0.879404366,-0.475700438,-0.007549032,0.017321875
1653512923.707801580,-503.561218262,-770.978576660,86.706520081,0.879163802,-0.476038039,-0.009151926,0.019366186
1653512923.772765875,-503.561218262,-770.978576660,86.706520081,0.879163802,-0.476038039,-0.009151926,0.019366186
1653512923.841588736,-501.674560547,-773.615966797,86.533607483,0.878749669,-0.476713091,-0.009076510,0.021475961
1653512923.906193972,-501.674560547,-773.615966797,86.533607483,0.878749669,-0.476713091,-0.009076510,0.021475961
1653512923.972409248,-499.618133545,-776.418029785,86.336212158,0.878479898,-0.477139533,-0.008528050,0.023199154
1653512924.039275408,-499.618133545,-776.418029785,86.336212158,0.878479898,-0.477139533,-0.008528050,0.023199154
1653512924.105877876,-498.291320801,-778.430236816,86.226341248,0.878222704,-0.477589577,-0.007439981,0.024035025
1653512924.172615051,-498.291320801,-778.430236816,86.226341248,0.878222704,-0.477589577,-0.007439981,0.024035025
1653512924.239169598,-496.501861572,-780.941162109,86.057357788,0.877665281,-0.478590935,-0.007229644,0.024536828
1653512924.306250572,-496.501861572,-780.941162109,86.057357788,0.877665281,-0.478590935,-0.007229644,0.024536828
1653512924.372355223,-495.038665771,-783.105712891,85.925048828,0.877390921,-0.479080498,-0.006744907,0.024930149
1653512924.440770388,-495.038665771,-783.105712891,85.925048828,0.877390921,-0.479080498,-0.006744907,0.024930149
1653512924.506376505,-493.503662109,-785.326599121,85.775650024,0.877116799,-0.479542971,-0.006887223,0.025635807
1653512924.572611332,-493.503662109,-785.326599121,85.775650024,0.877116799,-0.479542971,-0.006887223,0.025635807
1653512924.641292810,-491.480255127,-788.039306641,85.559326172,0.876799643,-0.480079770,-0.008374893,0.025993744
1653512924.709180593,-491.480255127,-788.039306641,85.559326172,0.876799643,-0.480079770,-0.008374893,0.025993744
1653512924.772542953,-489.622070312,-790.579650879,85.353607178,0.876799226,-0.480058074,-0.009455685,0.026037561
1653512924.842007875,-489.622070312,-790.579650879,85.353607178,0.876799226,-0.480058074,-0.009455685,0.026037561
1653512924.906510115,-487.858093262,-792.974304199,85.155143738,0.876991808,-0.479646772,-0.010315056,0.026794124
1653512924.972670794,-487.858093262,-792.974304199,85.155143738,0.876991808,-0.479646772,-0.010315056,0.026794124
1653512925.039157391,-486.345306396,-795.107238770,84.979866028,0.876953065,-0.479687154,-0.011159758,0.026999528
1653512925.105864525,-486.345306396,-795.107238770,84.979866028,0.876953065,-0.479687154,-0.011159758,0.026999528
1653512925.173124075,-484.718811035,-797.338439941,84.794021606,0.877398193,-0.478854567,-0.011465603,0.027188679
1653512925.239217520,-484.718811035,-797.338439941,84.794021606,0.877398193,-0.478854567,-0.011465603,0.027188679
1653512925.305675507,-483.081268311,-799.586303711,84.604804993,0.877839983,-0.478042245,-0.011857057,0.027054558
1653512925.373811722,-483.081268311,-799.586303711,84.604804993,0.877839983,-0.478042245,-0.011857057,0.027054558
1653512925.439395666,-481.131072998,-802.132263184,84.380187988,0.878166020,-0.477417022,-0.012080119,0.027413374
1653512925.506114244,-481.131072998,-802.132263184,84.380187988,0.878166020,-0.477417022,-0.012080119,0.027413374
1653512925.572581530,-479.223358154,-804.617004395,84.160346985,0.878915012,-0.476025790,-0.012212978,0.027543804
1653512925.640736341,-479.223358154,-804.617004395,84.160346985,0.878915012,-0.476025790,-0.012212978,0.027543804
1653512925.705787420,-477.218658447,-807.174743652,83.928985596,0.879852176,-0.474275768,-0.012524238,0.027673054
1653512925.772432327,-477.218658447,-807.174743652,83.928985596,0.879852176,-0.474275768,-0.012524238,0.027673054
1653512925.839762926,-475.486724854,-809.437255859,83.726829529,0.880530119,-0.472987443,-0.011551496,0.028568132
1653512925.906600475,-475.486724854,-809.437255859,83.726829529,0.880530119,-0.472987443,-0.011551496,0.028568132
1653512925.972927809,-473.788879395,-811.651428223,83.527534485,0.881500959,-0.471158713,-0.010430505,0.029270476
1653512926.039314985,-473.788879395,-811.651428223,83.527534485,0.881500959,-0.471158713,-0.010430505,0.029270476
1653512926.105939150,-471.441192627,-814.504089355,83.253059387,0.882292330,-0.469675511,-0.009035954,0.029724179
1653512926.172435760,-471.441192627,-814.504089355,83.253059387,0.882292330,-0.469675511,-0.009035954,0.029724179
1653512926.240677118,-470.386871338,-816.089965820,83.138771057,0.882735312,-0.468879879,-0.007165466,0.029642154
1653512926.305638790,-470.386871338,-816.089965820,83.138771057,0.882735312,-0.468879879,-0.007165466,0.029642154
1653512926.373110056,-468.499694824,-818.495178223,82.916557312,0.883216679,-0.467957765,-0.007180491,0.029870829
1653512926.439147234,-468.499694824,-818.495178223,82.916557312,0.883216679,-0.467957765,-0.007180491,0.029870829
1653512926.505773306,-466.530792236,-820.950256348,82.676963806,0.883519650,-0.467376709,-0.007754885,0.029864840
1653512926.572821379,-466.530792236,-820.950256348,82.676963806,0.883519650,-0.467376709,-0.007754885,0.029864840
1653512926.641239643,-464.383209229,-823.561645508,82.416145325,0.883681417,-0.467088670,-0.007712311,0.029595157
1653512926.706659079,-464.383209229,-823.561645508,82.416145325,0.883681417,-0.467088670,-0.007712311,0.029595157
1653512926.772786617,-462.610626221,-825.817260742,82.203460693,0.884108663,-0.466327935,-0.007577490,0.028856140
1653512926.840284586,-462.610626221,-825.817260742,82.203460693,0.884108663,-0.466327935,-0.007577490,0.028856140
1653512926.906200171,-460.950378418,-827.927856445,82.002304077,0.884461522,-0.465737700,-0.007703301,0.027511442
1653512926.972521305,-460.950378418,-827.927856445,82.002304077,0.884461522,-0.465737700,-0.007703301,0.027511442
1653512927.040838003,-458.953094482,-830.355590820,81.762207031,0.884857118,-0.465064615,-0.007709560,0.026140643
1653512927.105794430,-458.953094482,-830.355590820,81.762207031,0.884857118,-0.465064615,-0.007709560,0.026140643
1653512927.173547745,-457.128112793,-832.602355957,81.548965454,0.885576546,-0.463793695,-0.007466218,0.024369078
1653512927.239129066,-457.128112793,-832.602355957,81.548965454,0.885576546,-0.463793695,-0.007466218,0.024369078
1653512927.305943489,-455.390777588,-834.760803223,81.348800659,0.886262059,-0.462609440,-0.007010182,0.021974988
1653512927.373144865,-455.390777588,-834.760803223,81.348800659,0.886262059,-0.462609440,-0.007010182,0.021974988
1653512927.444530249,-453.630310059,-836.944458008,81.149253845,0.886882007,-0.461508244,-0.006953631,0.020051301
1653512927.506713867,-453.630310059,-836.944458008,81.149253845,0.886882007,-0.461508244,-0.006953631,0.020051301
1653512927.574090958,-451.136993408,-839.833251953,80.867706299,0.887879252,-0.459663242,-0.006641631,0.018331550
1653512927.639252663,-451.136993408,-839.833251953,80.867706299,0.887879252,-0.459663242,-0.006641631,0.018331550
1653512927.706695080,-449.673095703,-841.715820312,80.715263367,0.888833702,-0.457910061,-0.006029805,0.016022131
1653512927.772329807,-449.673095703,-841.715820312,80.715263367,0.888833702,-0.457910061,-0.006029805,0.016022131
1653512927.839855194,-447.860168457,-843.919006348,80.521675110,0.889786541,-0.456126720,-0.005004861,0.014257629
1653512927.906061649,-447.860168457,-843.919006348,80.521675110,0.889786541,-0.456126720,-0.005004861,0.014257629
1653512927.972581148,-445.794281006,-846.332824707,80.290496826,0.891095638,-0.453622282,-0.006015453,0.011797823
1653512928.039350986,-445.794281006,-846.332824707,80.290496826,0.891095638,-0.453622282,-0.006015453,0.011797823
1653512928.105602980,-443.628356934,-848.828063965,80.048164368,0.892164648,-0.451562792,-0.006025434,0.009849150
1653512928.173058033,-443.628356934,-848.828063965,80.048164368,0.892164648,-0.451562792,-0.006025434,0.009849150
1653512928.242154837,-441.919616699,-850.912292480,79.860122681,0.893118739,-0.449724823,-0.005600700,0.007425650
1653512928.305571795,-441.919616699,-850.912292480,79.860122681,0.893118739,-0.449724823,-0.005600700,0.007425650
1653512928.372351170,-439.829803467,-853.354675293,79.631797791,0.894448578,-0.447109640,-0.004806437,0.005618223
1653512928.441496372,-439.829803467,-853.354675293,79.631797791,0.894448578,-0.447109640,-0.004806437,0.005618223
1653512928.506081820,-438.263610840,-855.308532715,79.473320007,0.895712197,-0.444603086,-0.003668212,0.003774763
1653512928.572496176,-438.263610840,-855.308532715,79.473320007,0.895712197,-0.444603086,-0.003668212,0.003774763
1653512928.640275002,-436.200469971,-857.743408203,79.262344360,0.896880686,-0.442261875,-0.002576908,0.001671353
1653512928.708433628,-436.200469971,-857.743408203,79.262344360,0.896880686,-0.442261875,-0.002576908,0.001671353
1653512928.772433043,-434.035491943,-860.265686035,79.036239624,0.898185134,-0.439611375,-0.002259102,0.000425228
1653512928.839380026,-434.035491943,-860.265686035,79.036239624,0.898185134,-0.439611375,-0.002259102,0.000425228
1653512928.905907631,-432.236053467,-862.448547363,78.864440918,0.899488330,-0.436939865,-0.002013357,-0.000508265
1653512928.974132776,-432.236053467,-862.448547363,78.864440918,0.899488330,-0.436939865,-0.002013357,-0.000508265
1653512929.039644718,-430.377471924,-864.693664551,78.689254761,0.900426149,-0.435005218,-0.001447137,-0.001044485
1653512929.105972767,-430.377471924,-864.693664551,78.689254761,0.900426149,-0.435005218,-0.001447137,-0.001044485
1653512929.173579693,-428.342895508,-867.093994141,78.504158020,0.901524842,-0.432725549,-0.000829313,-0.000914334
1653512929.239336491,-428.342895508,-867.093994141,78.504158020,0.901524842,-0.432725549,-0.000829313,-0.000914334
1653512929.305671692,-426.641662598,-869.202514648,78.363739014,0.902323663,-0.431058913,0.000041798,-0.000521666
1653512929.372503281,-426.641662598,-869.202514648,78.363739014,0.902323663,-0.431058913,0.000041798,-0.000521666
1653512929.440111399,-424.666687012,-871.541137695,78.194061279,0.902957618,-0.429728270,0.000825585,-0.000718600
1653512929.505503893,-424.666687012,-871.541137695,78.194061279,0.902957618,-0.429728270,0.000825585,-0.000718600
1653512929.572893620,-422.534423828,-874.038330078,78.007827759,0.903766751,-0.428023070,0.001194050,-0.000685736
1653512929.639415741,-422.534423828,-874.038330078,78.007827759,0.903766751,-0.428023070,0.001194050,-0.000685736
1653512929.707620621,-420.793121338,-876.196533203,77.877456665,0.904375553,-0.426735699,0.001215906,-0.000064578
1653512929.772404671,-420.793121338,-876.196533203,77.877456665,0.904375553,-0.426735699,0.001215906,-0.000064578
1653512929.840112686,-418.685607910,-878.675048828,77.698089600,0.904658854,-0.426135570,0.000460664,0.000789446
1653512929.905775309,-418.685607910,-878.675048828,77.698089600,0.904658854,-0.426135570,0.000460664,0.000789446
1653512929.974684000,-416.364837646,-881.329650879,77.488433838,0.905253947,-0.424864739,-0.001389353,0.001830328
1653512930.039931059,-416.364837646,-881.329650879,77.488433838,0.905253947,-0.424864739,-0.001389353,0.001830328
1653512930.105600119,-414.824066162,-883.329101562,77.373176575,0.905531347,-0.424261600,-0.002342244,0.003092520
1653512930.173787832,-414.824066162,-883.329101562,77.373176575,0.905531347,-0.424261600,-0.002342244,0.003092520
1653512930.239509106,-412.802978516,-885.710998535,77.189331055,0.905650973,-0.423979461,-0.004114810,0.004557458
1653512930.305922985,-412.802978516,-885.710998535,77.189331055,0.905650973,-0.423979461,-0.004114810,0.004557458
1653512930.372457027,-410.767486572,-888.128723145,77.009483337,0.905877590,-0.423469156,-0.005464866,0.005463557
1653512930.440064907,-410.767486572,-888.128723145,77.009483337,0.905877590,-0.423469156,-0.005464866,0.005463557
1653512930.506669760,-408.778625488,-890.502258301,76.829856873,0.906014502,-0.423135132,-0.007199906,0.006522407
1653512930.576173782,-408.778625488,-890.502258301,76.829856873,0.906014502,-0.423135132,-0.007199906,0.006522407
1653512930.639259100,-406.974151611,-892.723876953,76.678512573,0.905827701,-0.423491776,-0.008507941,0.007652290
1653512930.708253860,-406.974151611,-892.723876953,76.678512573,0.905827701,-0.423491776,-0.008507941,0.007652290
1653512930.772372484,-405.065673828,-895.031005859,76.517143250,0.905634046,-0.423870355,-0.009139788,0.008798288
1653512930.839055300,-405.065673828,-895.031005859,76.517143250,0.905634046,-0.423870355,-0.009139788,0.008798288
1653512930.905791998,-402.897399902,-897.554626465,76.327377319,0.905545652,-0.424009323,-0.010670831,0.009449122
1653512930.972577333,-402.897399902,-897.554626465,76.327377319,0.905545652,-0.424009323,-0.010670831,0.009449122
1653512931.040364027,-400.855499268,-899.970458984,76.156204224,0.905332923,-0.424436092,-0.010883769,0.010385269
1653512931.107045412,-400.855499268,-899.970458984,76.156204224,0.905332923,-0.424436092,-0.010883769,0.010385269
1653512931.173436880,-399.188934326,-902.061950684,76.037078857,0.905200243,-0.424688071,-0.011068822,0.011404748
1653512931.239196301,-399.188934326,-902.061950684,76.037078857,0.905200243,-0.424688071,-0.011068822,0.011404748
1653512931.305557013,-396.867706299,-904.680358887,75.831840515,0.905012548,-0.425036103,-0.011749733,0.012590051
1653512931.372458696,-396.867706299,-904.680358887,75.831840515,0.905012548,-0.425036103,-0.011749733,0.012590051
1653512931.439106703,-394.780548096,-907.088500977,75.654014587,0.904649019,-0.425769866,-0.011729848,0.013879166
1653512931.505669594,-394.780548096,-907.088500977,75.654014587,0.904649019,-0.425769866,-0.011729848,0.013879166
1653512931.572637081,-393.025665283,-909.216247559,75.514320374,0.904600561,-0.425850272,-0.010854053,0.015217737
1653512931.639204979,-393.025665283,-909.216247559,75.514320374,0.904600561,-0.425850272,-0.010854053,0.015217737
1653512931.705500841,-390.711517334,-911.809814453,75.312957764,0.904475987,-0.426119030,-0.010262717,0.015505613
1653512931.772379398,-390.711517334,-911.809814453,75.312957764,0.904475987,-0.426119030,-0.010262717,0.015505613
1653512931.839519501,-388.802429199,-914.058410645,75.164810181,0.904429734,-0.426268399,-0.009184843,0.014754299
1653512931.905961514,-388.802429199,-914.058410645,75.164810181,0.904429734,-0.426268399,-0.009184843,0.014754299
1653512931.972706795,-386.761932373,-916.410766602,75.011398315,0.904842019,-0.425454199,-0.007529747,0.013889673
1653512932.039953232,-386.761932373,-916.410766602,75.011398315,0.904842019,-0.425454199,-0.007529747,0.013889673
1653512932.106145144,-384.667663574,-918.807678223,74.857772827,0.905291319,-0.424561143,-0.006130736,0.012563819
1653512932.172815561,-384.667663574,-918.807678223,74.857772827,0.905291319,-0.424561143,-0.006130736,0.012563819
1653512932.239120007,-382.648559570,-921.120361328,74.720077515,0.905857086,-0.423400462,-0.005068642,0.011370590
1653512932.307193518,-382.648559570,-921.120361328,74.720077515,0.905857086,-0.423400462,-0.005068642,0.011370590
1653512932.373113871,-380.325775146,-923.661193848,74.548622131,0.906702995,-0.421626955,-0.004627183,0.009945472
1653512932.439192295,-380.325775146,-923.661193848,74.548622131,0.906702995,-0.421626955,-0.004627183,0.009945472
1653512932.506284237,-378.298309326,-925.953735352,74.422698975,0.907542765,-0.419844508,-0.003530157,0.009181377
1653512932.575577259,-378.298309326,-925.953735352,74.422698975,0.907542765,-0.419844508,-0.003530157,0.009181377
1653512932.640465498,-376.486785889,-928.076416016,74.334434509,0.908046484,-0.418779522,-0.002530852,0.008302260
1653512932.705582857,-376.486785889,-928.076416016,74.334434509,0.908046484,-0.418779522,-0.002530852,0.008302260
1653512932.772522926,-374.199279785,-930.580200195,74.189987183,0.908898711,-0.416934371,-0.002601462,0.007882036
1653512932.839208603,-374.199279785,-930.580200195,74.189987183,0.908898711,-0.416934371,-0.002601462,0.007882036
1653512932.905947685,-372.321472168,-932.751464844,74.085533142,0.909618556,-0.415363729,-0.002497645,0.007799766
1653512932.972223759,-372.321472168,-932.751464844,74.085533142,0.909618556,-0.415363729,-0.002497645,0.007799766
1653512933.040643692,-370.486297607,-934.943725586,73.980712891,0.910252333,-0.413957298,-0.001952819,0.008731479
1653512933.107693911,-370.486297607,-934.943725586,73.980712891,0.910252333,-0.413957298,-0.001952819,0.008731479
1653512933.173909903,-368.383544922,-937.334655762,73.822036743,0.910891593,-0.412452132,-0.004533401,0.011798616
1653512933.239153385,-368.383544922,-937.334655762,73.822036743,0.910891593,-0.412452132,-0.004533401,0.011798616
1653512933.319144726,-366.511962891,-939.515441895,73.677574158,0.911357880,-0.411258429,-0.006074965,0.016011288
1653512933.374365807,-366.511962891,-939.515441895,73.677574158,0.911357880,-0.411258429,-0.006074965,0.016011288
1653512933.439165354,-363.746093750,-942.461486816,73.415908813,0.911556125,-0.410677105,-0.007500423,0.018801060
1653512933.505861044,-363.746093750,-942.461486816,73.415908813,0.911556125,-0.410677105,-0.007500423,0.018801060
1653512933.574169636,-362.174682617,-944.297973633,73.268737793,0.911686242,-0.410366833,-0.007969466,0.019072967
1653512933.639078379,-362.174682617,-944.297973633,73.268737793,0.911686242,-0.410366833,-0.007969466,0.019072967
1653512933.706134319,-360.318572998,-946.428771973,73.088272095,0.911610365,-0.410619795,-0.004770219,0.018306550
1653512933.773470402,-360.318572998,-946.428771973,73.088272095,0.911610365,-0.410619795,-0.004770219,0.018306550
1653512933.840558290,-357.795104980,-949.071289062,72.813575745,0.911172688,-0.411675811,-0.003187510,0.016648838
1653512933.908273935,-357.795104980,-949.071289062,72.813575745,0.911172688,-0.411675811,-0.003187510,0.016648838
1653512933.972315550,-355.813873291,-951.298767090,72.598800659,0.910654426,-0.412889987,-0.000826625,0.015155461
1653512934.041601419,-355.813873291,-951.298767090,72.598800659,0.910654426,-0.412889987,-0.000826625,0.015155461
1653512934.105666637,-354.217315674,-953.208679199,72.418647766,0.910053670,-0.414239079,0.001293031,0.014374710
1653512934.172793150,-354.217315674,-953.208679199,72.418647766,0.910053670,-0.414239079,0.001293031,0.014374710
1653512934.239002228,-351.876922607,-955.746215820,72.143272400,0.909278274,-0.415942848,0.002849545,0.014014957
1653512934.306082726,-351.876922607,-955.746215820,72.143272400,0.909278274,-0.415942848,0.002849545,0.014014957
1653512934.372776747,-348.877929688,-958.794433594,71.791763306,0.908498168,-0.417647779,0.003360155,0.013789293
1653512934.439256430,-348.877929688,-958.794433594,71.791763306,0.908498168,-0.417647779,0.003360155,0.013789293
1653512934.506122351,-347.427124023,-960.601257324,71.617439270,0.907396853,-0.420070022,0.004902109,0.012168839
1653512934.572541475,-347.427124023,-960.601257324,71.617439270,0.907396853,-0.420070022,0.004902109,0.012168839
1653512934.639714718,-345.198333740,-962.989501953,71.345092773,0.906238019,-0.422614604,0.005133019,0.010157169
1653512934.705626249,-345.198333740,-962.989501953,71.345092773,0.906238019,-0.422614604,0.005133019,0.010157169
1653512934.772669554,-343.105957031,-965.262878418,71.107734680,0.905540466,-0.424154341,0.006272787,0.007083937
1653512934.839069366,-343.105957031,-965.262878418,71.107734680,0.905540466,-0.424154341,0.006272787,0.007083937
1653512934.906248331,-340.971252441,-967.559631348,70.867958069,0.905070543,-0.425177962,0.007918268,0.002890179
1653512934.972480774,-340.971252441,-967.559631348,70.867958069,0.905070543,-0.425177962,0.007918268,0.002890179
1653512935.040945292,-338.362152100,-970.229431152,70.593276978,0.904582977,-0.426217556,0.007998772,-0.002056010
1653512935.105808020,-338.362152100,-970.229431152,70.593276978,0.904582977,-0.426217556,0.007998772,-0.002056010
1653512935.172356606,-336.741271973,-972.107666016,70.451759338,0.904852331,-0.425608724,0.007704327,-0.006334302
1653512935.239166021,-336.741271973,-972.107666016,70.451759338,0.904852331,-0.425608724,0.007704327,-0.006334302
1653512935.305889130,-334.164276123,-974.764526367,70.194877625,0.905354679,-0.424503356,0.006048392,-0.009652260
1653512935.372561932,-334.164276123,-974.764526367,70.194877625,0.905354679,-0.424503356,0.006048392,-0.009652260
1653512935.440461636,-331.771301270,-977.292846680,69.964210510,0.906149745,-0.422786653,0.003938738,-0.011337364
1653512935.505866051,-331.771301270,-977.292846680,69.964210510,0.906149745,-0.422786653,0.003938738,-0.011337364
1653512935.572466135,-329.622070312,-979.637451172,69.776832581,0.907156467,-0.420640588,0.001238411,-0.011274789
1653512935.639048815,-329.622070312,-979.637451172,69.776832581,0.907156467,-0.420640588,0.001238411,-0.011274789
1653512935.706188202,-327.404602051,-982.002441406,69.584403992,0.908081412,-0.418679774,-0.001244952,-0.009688431
1653512935.772179127,-327.404602051,-982.002441406,69.584403992,0.908081412,-0.418679774,-0.001244952,-0.009688431
1653512935.838921547,-325.314575195,-984.311767578,69.426795959,0.909029305,-0.416662186,-0.002787277,-0.007115193
1653512935.905562401,-325.314575195,-984.311767578,69.426795959,0.909029305,-0.416662186,-0.002787277,-0.007115193
1653512935.972590685,-322.967834473,-986.813842773,69.245666504,0.909870028,-0.414863259,-0.004167623,-0.002774058
1653512936.039142370,-322.967834473,-986.813842773,69.245666504,0.909870028,-0.414863259,-0.004167623,-0.002774058
1653512936.105679750,-321.102081299,-988.947814941,69.137535095,0.910307884,-0.413902342,-0.004238958,0.002548778
1653512936.172418833,-321.102081299,-988.947814941,69.137535095,0.910307884,-0.413902342,-0.004238958,0.002548778
1653512936.239297152,-318.921203613,-991.329833984,68.998046875,0.910091400,-0.414339870,-0.002888141,0.006914151
1653512936.305535555,-318.921203613,-991.329833984,68.998046875,0.910091400,-0.414339870,-0.002888141,0.006914151
1653512936.372306108,-316.507843018,-993.886596680,68.840362549,0.909345567,-0.415915340,-0.001383764,0.010153665
1653512936.439627647,-316.507843018,-993.886596680,68.840362549,0.909345567,-0.415915340,-0.001383764,0.010153665
1653512936.505566359,-314.541748047,-996.087585449,68.741790771,0.908248127,-0.418266714,0.000186838,0.011756632
1653512936.572577715,-314.541748047,-996.087585449,68.741790771,0.908248127,-0.418266714,0.000186838,0.011756632
1653512936.640460730,-312.394683838,-998.424560547,68.614265442,0.906625748,-0.421727031,0.000982962,0.013234721
1653512936.705783129,-312.394683838,-998.424560547,68.614265442,0.906625748,-0.421727031,0.000982962,0.013234721
1653512936.772526979,-309.831298828,-1001.094665527,68.431434631,0.905405283,-0.424279779,0.001618556,0.015009251
1653512936.839615583,-309.831298828,-1001.094665527,68.431434631,0.905405283,-0.424279779,0.001618556,0.015009251
1653512936.906434059,-307.538696289,-1003.520996094,68.277297974,0.904541731,-0.426046580,0.001823960,0.016889298
1653512936.972921133,-307.538696289,-1003.520996094,68.277297974,0.904541731,-0.426046580,0.001823960,0.016889298
1653512937.038964987,-305.610595703,-1005.677551270,68.173919678,0.903987586,-0.427177548,0.003011738,0.017797679
1653512937.106098175,-305.610595703,-1005.677551270,68.173919678,0.903987586,-0.427177548,0.003011738,0.017797679
1653512937.172260523,-303.322784424,-1008.094909668,68.024566650,0.903977096,-0.427213222,0.003800451,0.017315766
1653512937.239146471,-303.322784424,-1008.094909668,68.024566650,0.903977096,-0.427213222,0.003800451,0.017315766
1653512937.306322098,-301.054718018,-1010.492736816,67.885452271,0.904203892,-0.426782131,0.004983312,0.015730534
1653512937.372202873,-301.054718018,-1010.492736816,67.885452271,0.904203892,-0.426782131,0.004983312,0.015730534
1653512937.439831257,-299.023376465,-1012.698974609,67.786285400,0.904682338,-0.425829560,0.006680172,0.013207367
1653512937.507078171,-299.023376465,-1012.698974609,67.786285400,0.904682338,-0.425829560,0.006680172,0.013207367
1653512937.573050499,-296.607788086,-1015.202270508,67.650733948,0.905499697,-0.424156934,0.007667821,0.010116438
1653512937.642552376,-296.607788086,-1015.202270508,67.650733948,0.905499697,-0.424156934,0.007667821,0.010116438
1653512937.705846310,-294.764953613,-1017.247558594,67.590705872,0.906339407,-0.422396600,0.008264803,0.007850445
1653512937.772341013,-294.764953613,-1017.247558594,67.590705872,0.906339407,-0.422396600,0.008264803,0.007850445
1653512937.839201689,-292.354461670,-1019.725036621,67.456802368,0.907013893,-0.420985222,0.008460354,0.005063667
1653512937.906503916,-292.354461670,-1019.725036621,67.456802368,0.907013893,-0.420985222,0.008460354,0.005063667
1653512937.972159624,-290.271484375,-1021.937866211,67.363960266,0.908187211,-0.418471694,0.008173247,0.003251553
1653512938.039915800,-290.271484375,-1021.937866211,67.363960266,0.908187211,-0.418471694,0.008173247,0.003251553
1653512938.108172178,-287.902832031,-1024.388061523,67.240966797,0.909082472,-0.416542917,0.007526900,0.002097699
1653512938.172341347,-287.902832031,-1024.388061523,67.240966797,0.909082472,-0.416542917,0.007526900,0.002097699
1653512938.239795446,-286.098937988,-1026.418579102,67.187919617,0.909843266,-0.414897978,0.006359899,0.002108003
1653512938.305807114,-286.098937988,-1026.418579102,67.187919617,0.909843266,-0.414897978,0.006359899,0.002108003
1653512938.372114897,-283.723571777,-1028.858154297,67.059143066,0.910835385,-0.412736624,0.004498006,0.002667454
1653512938.439017296,-283.723571777,-1028.858154297,67.059143066,0.910835385,-0.412736624,0.004498006,0.002667454
1653512938.505662203,-281.394927979,-1031.272949219,66.937339783,0.911516130,-0.411229879,0.002919344,0.004453372
1653512938.573637247,-281.394927979,-1031.272949219,66.937339783,0.911516130,-0.411229879,0.002919344,0.004453372
1653512938.638949633,-279.207153320,-1033.584106445,66.837364197,0.912019610,-0.410087436,0.001828334,0.006723734
1653512938.706473589,-279.207153320,-1033.584106445,66.837364197,0.912019610,-0.410087436,0.001828334,0.006723734
1653512938.772507668,-277.152954102,-1035.815917969,66.756370544,0.912613034,-0.408706695,0.001397910,0.009713291
1653512938.838877439,-277.152954102,-1035.815917969,66.756370544,0.912613034,-0.408706695,0.001397910,0.009713291
1653512938.906012774,-274.981323242,-1038.137451172,66.657066345,0.912901700,-0.407970786,0.001068844,0.013005631
1653512938.972275019,-274.981323242,-1038.137451172,66.657066345,0.912901700,-0.407970786,0.001068844,0.013005631
1653512939.040955067,-273.051330566,-1040.263183594,66.577232361,0.913024366,-0.407597989,0.001410858,0.015758833
1653512939.107268810,-273.051330566,-1040.263183594,66.577232361,0.913024366,-0.407597989,0.001410858,0.015758833
1653512939.172276258,-270.345611572,-1042.952270508,66.402030945,0.913028896,-0.407437712,0.002129980,0.019188708
1653512939.239827156,-270.345611572,-1042.952270508,66.402030945,0.913028896,-0.407437712,0.002129980,0.019188708
1653512939.306775808,-268.369934082,-1045.064453125,66.304183960,0.912600875,-0.408198148,0.003633007,0.022820437
1653512939.372159719,-268.369934082,-1045.064453125,66.304183960,0.912600875,-0.408198148,0.003633007,0.022820437
1653512939.440534353,-266.059753418,-1047.458740234,66.164810181,0.911966860,-0.409398377,0.005439120,0.026074624
1653512939.506469727,-266.059753418,-1047.458740234,66.164810181,0.911966860,-0.409398377,0.005439120,0.026074624
1653512939.573281050,-263.855957031,-1049.770629883,66.027290344,0.911130965,-0.411049068,0.006391226,0.028952288
1653512939.641962767,-263.855957031,-1049.770629883,66.027290344,0.911130965,-0.411049068,0.006391226,0.028952288
1653512939.708607912,-261.754577637,-1051.985839844,65.887969971,0.910175383,-0.412983567,0.007014565,0.031242847
1653512939.772164822,-261.754577637,-1051.985839844,65.887969971,0.910175383,-0.412983567,0.007014565,0.031242847
1653512939.839864016,-259.646209717,-1054.202392578,65.745201111,0.909052551,-0.415325940,0.007096500,0.032824188
1653512939.905759573,-259.646209717,-1054.202392578,65.745201111,0.909052551,-0.415325940,0.007096500,0.032824188
1653512939.972521305,-257.306579590,-1056.541503906,65.559883118,0.908531189,-0.416418463,0.006922251,0.033449475
1653512940.039271355,-257.306579590,-1056.541503906,65.559883118,0.908531189,-0.416418463,0.006922251,0.033449475
1653512940.105779886,-254.621276855,-1059.127441406,65.327102661,0.908279181,-0.417039692,0.006241784,0.032677677
1653512940.172433615,-254.621276855,-1059.127441406,65.327102661,0.908279181,-0.417039692,0.006241784,0.032677677
1653512940.241317034,-252.389404297,-1061.353881836,65.145950317,0.908317506,-0.417080224,0.006340883,0.031034969
1653512940.307395220,-252.389404297,-1061.353881836,65.145950317,0.908317506,-0.417080224,0.006340883,0.031034969
1653512940.372834921,-250.310180664,-1063.465576172,64.990730286,0.908881128,-0.416046321,0.008321521,0.027772691
1653512940.440925121,-250.310180664,-1063.465576172,64.990730286,0.908881128,-0.416046321,0.008321521,0.027772691
1653512940.505516529,-248.515396118,-1065.341918945,64.874298096,0.909934998,-0.413974732,0.009993447,0.023309955
1653512940.572339058,-248.515396118,-1065.341918945,64.874298096,0.909934998,-0.413974732,0.009993447,0.023309955
1653512940.638778925,-246.486557007,-1067.368286133,64.727996826,0.911162317,-0.411425948,0.011369282,0.019561121
1653512940.706552744,-246.486557007,-1067.368286133,64.727996826,0.911162317,-0.411425948,0.011369282,0.019561121
1653512940.772696733,-243.364807129,-1070.210693359,64.464004517,0.912837207,-0.407841563,0.010881912,0.016586216
1653512940.839621782,-243.364807129,-1070.210693359,64.464004517,0.912837207,-0.407841563,0.010881912,0.016586216
1653512940.905500889,-241.442871094,-1072.156860352,64.337501526,0.914619148,-0.403823346,0.011077597,0.016606940
1653512940.972679615,-241.442871094,-1072.156860352,64.337501526,0.914619148,-0.403823346,0.011077597,0.016606940
1653512941.040346146,-239.066543579,-1074.419189453,64.160812378,0.916183174,-0.400226504,0.010617701,0.017730897
1653512941.105923414,-239.066543579,-1074.419189453,64.160812378,0.916183174,-0.400226504,0.010617701,0.017730897
1653512941.172254801,-236.711166382,-1076.669189453,63.993286133,0.917601347,-0.396936655,0.009781874,0.018799737
1653512941.239115238,-236.711166382,-1076.669189453,63.993286133,0.917601347,-0.396936655,0.009781874,0.018799737
1653512941.305517197,-234.694381714,-1078.648437500,63.860214233,0.918686390,-0.394385189,0.009485116,0.019637378
1653512941.373679876,-234.694381714,-1078.648437500,63.860214233,0.918686390,-0.394385189,0.009485116,0.019637378
1653512941.439087152,-232.234375000,-1080.946166992,63.673233032,0.919467449,-0.392567575,0.008620651,0.019899087
1653512941.505604029,-232.234375000,-1080.946166992,63.673233032,0.919467449,-0.392567575,0.008620651,0.019899087
1653512941.572142124,-230.384521484,-1082.825439453,63.552265167,0.920345962,-0.390496880,0.009176628,0.019782258
1653512941.638990164,-230.384521484,-1082.825439453,63.552265167,0.920345962,-0.390496880,0.009176628,0.019782258
1653512941.710382938,-227.953338623,-1085.122070312,63.364025116,0.921019137,-0.388922006,0.008120478,0.019938370
1653512941.772772551,-227.953338623,-1085.122070312,63.364025116,0.921019137,-0.388922006,0.008120478,0.019938370
1653512941.839200497,-225.105438232,-1087.703125000,63.128002167,0.921445072,-0.387884855,0.006235801,0.021106295
1653512941.906411886,-225.105438232,-1087.703125000,63.128002167,0.921445072,-0.387884855,0.006235801,0.021106295
1653512941.973418236,-223.132415771,-1089.625732422,62.978721619,0.921872437,-0.386861891,0.005977506,0.021293016
1653512942.038770914,-223.132415771,-1089.625732422,62.978721619,0.921872437,-0.386861891,0.005977506,0.021293016
1653512942.106172800,-220.722473145,-1091.874023438,62.774818420,0.922202826,-0.386091471,0.004819534,0.021263527
1653512942.174011469,-220.722473145,-1091.874023438,62.774818420,0.922202826,-0.386091471,0.004819534,0.021263527
1653512942.239271402,-218.479919434,-1093.990722656,62.585487366,0.922137260,-0.386260569,0.003533181,0.021286741
1653512942.306101322,-218.479919434,-1093.990722656,62.585487366,0.922137260,-0.386260569,0.003533181,0.021286741
1653512942.373180151,-216.137374878,-1096.164916992,62.382862091,0.922434390,-0.385548174,0.003047370,0.021402277
1653512942.438869238,-216.137374878,-1096.164916992,62.382862091,0.922434390,-0.385548174,0.003047370,0.021402277
1653512942.506347418,-213.851150513,-1098.290527344,62.184963226,0.922864079,-0.384542912,0.001947864,0.021090578
1653512942.576726913,-213.851150513,-1098.290527344,62.184963226,0.922864079,-0.384542912,0.001947864,0.021090578
1653512942.639224529,-211.626586914,-1100.375244141,61.992507935,0.923093021,-0.384010077,0.001576643,0.020809064
1653512942.707224131,-211.626586914,-1100.375244141,61.992507935,0.923093021,-0.384010077,0.001576643,0.020809064
1653512942.772523642,-209.723083496,-1102.239379883,61.837360382,0.923647404,-0.382678747,0.001769445,0.020720711
1653512942.839087486,-209.723083496,-1102.239379883,61.837360382,0.923647404,-0.382678747,0.001769445,0.020720711
1653512942.905658484,-206.783874512,-1104.796142578,61.566570282,0.924304664,-0.381112963,0.000880440,0.020321866
1653512942.975009918,-206.783874512,-1104.796142578,61.566570282,0.924304664,-0.381112963,0.000880440,0.020321866
1653512943.039239168,-204.610702515,-1106.840454102,61.379344940,0.924757421,-0.380055755,0.000902508,0.019507824
1653512943.105740786,-204.610702515,-1106.840454102,61.379344940,0.924757421,-0.380055755,0.000902508,0.019507824
1653512943.172180891,-203.089630127,-1108.434204102,61.263458252,0.925411463,-0.378507614,0.000923487,0.018568609
1653512943.238902330,-203.089630127,-1108.434204102,61.263458252,0.925411463,-0.378507614,0.000923487,0.018568609
1653512943.305926085,-200.497055054,-1110.734619141,61.021884918,0.926135123,-0.376764923,0.000223019,0.017941831
1653512943.373713970,-200.497055054,-1110.734619141,61.021884918,0.926135123,-0.376764923,0.000223019,0.017941831
1653512943.439956665,-198.178039551,-1112.848754883,60.813152313,0.926756442,-0.375266194,0.000394768,0.017251903
1653512943.506055117,-198.178039551,-1112.848754883,60.813152313,0.926756442,-0.375266194,0.000394768,0.017251903
1653512943.572995186,-196.088989258,-1114.792114258,60.628429413,0.927444935,-0.373571336,0.000453048,0.017034540
1653512943.639068127,-196.088989258,-1114.792114258,60.628429413,0.927444935,-0.373571336,0.000453048,0.017034540
1653512943.705833673,-193.763610840,-1116.892211914,60.422466278,0.928017557,-0.372159362,0.000964663,0.016730936
1653512943.772137642,-193.763610840,-1116.892211914,60.422466278,0.928017557,-0.372159362,0.000964663,0.016730936
1653512943.839257002,-191.994735718,-1118.617065430,60.277256012,0.928478062,-0.371011347,0.002159957,0.016566681
1653512943.906232119,-191.994735718,-1118.617065430,60.277256012,0.928478062,-0.371011347,0.002159957,0.016566681
1653512943.973878860,-189.378601074,-1120.900390625,60.042659760,0.929096043,-0.369483799,0.002366482,0.016021609
1653512944.039274454,-189.378601074,-1120.900390625,60.042659760,0.929096043,-0.369483799,0.002366482,0.016021609
1653512944.106670618,-187.181640625,-1122.902954102,59.860485077,0.929659128,-0.368087411,0.003045287,0.015370398
1653512944.172158718,-187.181640625,-1122.902954102,59.860485077,0.929659128,-0.368087411,0.003045287,0.015370398
1653512944.239894152,-185.137741089,-1124.786621094,59.689037323,0.930112958,-0.366938263,0.003392536,0.015318888
1653512944.305751085,-185.137741089,-1124.786621094,59.689037323,0.930112958,-0.366938263,0.003392536,0.015318888
1653512944.372131348,-182.543884277,-1127.025634766,59.451984406,0.930729687,-0.365380347,0.003212389,0.015137100
1653512944.438749552,-182.543884277,-1127.025634766,59.451984406,0.930729687,-0.365380347,0.003212389,0.015137100
1653512944.508995056,-180.229431152,-1129.066772461,59.245101929,0.931432784,-0.363558829,0.003380898,0.015699346
1653512944.576169014,-180.229431152,-1129.066772461,59.245101929,0.931432784,-0.363558829,0.003380898,0.015699346
1653512944.639642239,-178.337738037,-1130.852661133,59.088321686,0.932020068,-0.362059802,0.003988508,0.015342725
1653512944.705826283,-178.337738037,-1130.852661133,59.088321686,0.932020068,-0.362059802,0.003988508,0.015342725
1653512944.772325277,-175.617538452,-1133.150024414,58.840019226,0.932738960,-0.360184282,0.004356865,0.015694156
1653512944.838681221,-175.617538452,-1133.150024414,58.840019226,0.932738960,-0.360184282,0.004356865,0.015694156
1653512944.905601263,-174.153350830,-1134.651977539,58.736179352,0.933260381,-0.358820856,0.005464046,0.015581421
1653512944.972112894,-174.153350830,-1134.651977539,58.736179352,0.933260381,-0.358820856,0.005464046,0.015581421
1653512945.039255381,-171.528076172,-1136.887695312,58.501888275,0.933565974,-0.358014137,0.005467066,0.015828470
1653512945.108562469,-171.528076172,-1136.887695312,58.501888275,0.933565974,-0.358014137,0.005467066,0.015828470
1653512945.172346354,-169.276870728,-1138.873657227,58.310050964,0.934142351,-0.356492192,0.005029009,0.016311780
1653512945.239848375,-169.276870728,-1138.873657227,58.310050964,0.934142351,-0.356492192,0.005029009,0.016311780
1653512945.305820704,-166.832244873,-1140.969970703,58.090652466,0.934532166,-0.355451673,0.004670282,0.016790420
1653512945.372587204,-166.832244873,-1140.969970703,58.090652466,0.934532166,-0.355451673,0.004670282,0.016790420
1653512945.439058065,-164.819244385,-1142.802246094,57.917251587,0.934737861,-0.354860634,0.004698421,0.017805304
1653512945.505804062,-164.819244385,-1142.802246094,57.917251587,0.934737861,-0.354860634,0.004698421,0.017805304
1653512945.572285891,-162.680953979,-1144.700317383,57.722183228,0.935153008,-0.353723943,0.004192934,0.018724680
1653512945.638855457,-162.680953979,-1144.700317383,57.722183228,0.935153008,-0.353723943,0.004192934,0.018724680
1653512945.705799341,-160.198883057,-1146.805053711,57.483974457,0.935516834,-0.352704018,0.002958724,0.019984724
1653512945.772214890,-160.198883057,-1146.805053711,57.483974457,0.935516834,-0.352704018,0.002958724,0.019984724
1653512945.841076136,-158.401199341,-1148.488769531,57.318073273,0.935704529,-0.352181584,0.003314812,0.020351704
1653512945.905803919,-158.401199341,-1148.488769531,57.318073273,0.935704529,-0.352181584,0.003314812,0.020351704
1653512945.972134590,-155.918975830,-1150.611206055,57.069103241,0.936039984,-0.351275265,0.002662296,0.020682098
1653512946.038840771,-155.918975830,-1150.611206055,57.069103241,0.936039984,-0.351275265,0.002662296,0.020682098
1653512946.106919765,-153.773147583,-1152.499633789,56.851608276,0.936420977,-0.350241989,0.002031875,0.021029087
1653512946.174456120,-153.773147583,-1152.499633789,56.851608276,0.936420977,-0.350241989,0.002031875,0.021029087
1653512946.238749504,-151.429412842,-1154.513061523,56.607730865,0.936561108,-0.349824727,0.001445470,0.021767311
1653512946.308119297,-151.429412842,-1154.513061523,56.607730865,0.936561108,-0.349824727,0.001445470,0.021767311
1653512946.372978687,-149.343231201,-1156.351806641,56.389781952,0.936906338,-0.348903507,0.001224229,0.021711441
1653512946.438907862,-149.343231201,-1156.351806641,56.389781952,0.936906338,-0.348903507,0.001224229,0.021711441
1653512946.505423546,-147.259124756,-1158.188598633,56.169612885,0.937305212,-0.347863466,0.000370708,0.021209825
1653512946.572332859,-147.259124756,-1158.188598633,56.169612885,0.937305212,-0.347863466,0.000370708,0.021209825
1653512946.639314890,-145.061203003,-1160.050781250,55.930858612,0.937459767,-0.347447455,-0.001031590,0.021174006
1653512946.710056305,-145.061203003,-1160.050781250,55.930858612,0.937459767,-0.347447455,-0.001031590,0.021174006
1653512946.772004843,-142.386428833,-1162.203125000,55.639236450,0.937723994,-0.346732765,-0.001909408,0.021130266
1653512946.842635870,-142.386428833,-1162.203125000,55.639236450,0.937723994,-0.346732765,-0.001909408,0.021130266
1653512946.907450199,-140.048828125,-1164.140625000,55.389068604,0.938171089,-0.345544547,-0.002400035,0.020692928
1653512946.972641706,-140.048828125,-1164.140625000,55.389068604,0.938171089,-0.345544547,-0.002400035,0.020692928
1653512947.039281845,-138.386611938,-1165.689819336,55.218116760,0.938353240,-0.345077574,-0.002612328,0.020195913
1653512947.106762171,-138.386611938,-1165.689819336,55.218116760,0.938353240,-0.345077574,-0.002612328,0.020195913
1653512947.172504902,-135.658935547,-1167.860595703,54.917510986,0.938727736,-0.344062269,-0.003389064,0.019997371
1653512947.238898754,-135.658935547,-1167.860595703,54.917510986,0.938727736,-0.344062269,-0.003389064,0.019997371
1653512947.306369066,-133.417404175,-1169.734741211,54.672615051,0.939039350,-0.343189657,-0.004301536,0.020184167
1653512947.372112513,-133.417404175,-1169.734741211,54.672615051,0.939039350,-0.343189657,-0.004301536,0.020184167
1653512947.441575289,-130.808303833,-1171.820800781,54.379734039,0.939251423,-0.342572272,-0.005827958,0.020422533
1653512947.505305290,-130.808303833,-1171.820800781,54.379734039,0.939251423,-0.342572272,-0.005827958,0.020422533
1653512947.572127581,-128.933914185,-1173.469482422,54.182224274,0.939723492,-0.341243595,-0.006406935,0.020772167
1653512947.639849663,-128.933914185,-1173.469482422,54.182224274,0.939723492,-0.341243595,-0.006406935,0.020772167
1653512947.706120729,-126.012588501,-1175.690551758,53.863204956,0.940006852,-0.340375692,-0.008348478,0.021489838
1653512947.772338867,-126.012588501,-1175.690551758,53.863204956,0.940006852,-0.340375692,-0.008348478,0.021489838
1653512947.840967894,-123.575813293,-1177.619262695,53.611190796,0.940099776,-0.340077668,-0.009504362,0.021663303
1653512947.905771971,-123.575813293,-1177.619262695,53.611190796,0.940099776,-0.340077668,-0.009504362,0.021663303
1653512947.971958160,-121.630622864,-1179.268676758,53.422782898,0.940254092,-0.339730918,-0.009060442,0.020568188
1653512948.041350603,-121.630622864,-1179.268676758,53.422782898,0.940254092,-0.339730918,-0.009060442,0.020568188
1653512948.108435154,-119.448905945,-1181.051025391,53.220798492,0.940323591,-0.339592576,-0.008530187,0.019892402
1653512948.172233105,-119.448905945,-1181.051025391,53.220798492,0.940323591,-0.339592576,-0.008530187,0.019892402
1653512948.238740921,-116.977523804,-1183.015014648,52.996067047,0.940229297,-0.339854777,-0.008465592,0.019898299
1653512948.305250168,-116.977523804,-1183.015014648,52.996067047,0.940229297,-0.339854777,-0.008465592,0.019898299
1653512948.372152805,-114.341743469,-1185.037719727,52.751075745,0.940336883,-0.339502931,-0.009076661,0.020540593
1653512948.439276695,-114.341743469,-1185.037719727,52.751075745,0.940336883,-0.339502931,-0.009076661,0.020540593
1653512948.505378723,-111.866058350,-1186.965209961,52.535057068,0.940609932,-0.338650107,-0.009501323,0.021880159
1653512948.572111368,-111.866058350,-1186.965209961,52.535057068,0.940609932,-0.338650107,-0.009501323,0.021880159
1653512948.641099691,-109.750656128,-1188.681274414,52.364627838,0.940825701,-0.337891906,-0.010235332,0.023901239
1653512948.706501484,-109.750656128,-1188.681274414,52.364627838,0.940825701,-0.337891906,-0.010235332,0.023901239
1653512948.772305012,-107.310447693,-1190.573730469,52.158184052,0.941162527,-0.336673707,-0.012089670,0.026791682
1653512948.839702129,-107.310447693,-1190.573730469,52.158184052,0.941162527,-0.336673707,-0.012089670,0.026791682
1653512948.905394077,-104.642700195,-1192.571655273,51.927082062,0.941656351,-0.334992170,-0.013825119,0.029536767
1653512948.972111702,-104.642700195,-1192.571655273,51.927082062,0.941656351,-0.334992170,-0.013825119,0.029536767
1653512949.039857388,-102.752082825,-1194.128906250,51.786224365,0.942153692,-0.333254606,-0.015004182,0.032597750
1653512949.105808258,-102.752082825,-1194.128906250,51.786224365,0.942153692,-0.333254606,-0.015004182,0.032597750
1653512949.172181129,-100.593261719,-1195.832763672,51.615348816,0.942890286,-0.330892414,-0.015162499,0.035188522
1653512949.238659620,-100.593261719,-1195.832763672,51.615348816,0.942890286,-0.330892414,-0.015162499,0.035188522
1653512949.306149006,-97.921775818,-1197.807861328,51.380378723,0.943678558,-0.328342795,-0.016933322,0.037081923
1653512949.372203827,-97.921775818,-1197.807861328,51.380378723,0.943678558,-0.328342795,-0.016933322,0.037081923
1653512949.438696146,-95.267662048,-1199.770874023,51.150764465,0.944418550,-0.325957119,-0.017613705,0.038926922
1653512949.505748272,-95.267662048,-1199.770874023,51.150764465,0.944418550,-0.325957119,-0.017613705,0.038926922
1653512949.573240757,-92.975402832,-1201.492675781,50.958858490,0.945123672,-0.323704660,-0.018463224,0.040195089
1653512949.639579296,-92.975402832,-1201.492675781,50.958858490,0.945123672,-0.323704660,-0.018463224,0.040195089
1653512949.705716133,-90.662872314,-1203.225219727,50.761173248,0.946119666,-0.320763230,-0.018669944,0.040248986
1653512949.772083998,-90.662872314,-1203.225219727,50.761173248,0.946119666,-0.320763230,-0.018669944,0.040248986
1653512949.839516163,-88.209083557,-1204.989257812,50.541633606,0.946915448,-0.318362027,-0.019078026,0.040407300
1653512949.905570030,-88.209083557,-1204.989257812,50.541633606,0.946915448,-0.318362027,-0.019078026,0.040407300
1653512949.971997261,-85.521560669,-1206.869018555,50.296234131,0.947858870,-0.315602392,-0.019030819,0.039956123
1653512950.038649321,-85.521560669,-1206.869018555,50.296234131,0.947858870,-0.315602392,-0.019030819,0.039956123
1653512950.106895447,-82.945877075,-1208.654541016,50.065292358,0.948846817,-0.312727302,-0.018240580,0.039479315
1653512950.172301054,-82.945877075,-1208.654541016,50.065292358,0.948846817,-0.312727302,-0.018240580,0.039479315
1653512950.238733053,-80.537460327,-1210.360473633,49.861808777,0.949782133,-0.310154140,-0.016428651,0.038058054
1653512950.305701256,-80.537460327,-1210.360473633,49.861808777,0.949782133,-0.310154140,-0.016428651,0.038058054
1653512950.372252464,-78.181846619,-1212.042846680,49.665897369,0.950861573,-0.306997627,-0.015146308,0.037219860
1653512950.439545155,-78.181846619,-1212.042846680,49.665897369,0.950861573,-0.306997627,-0.015146308,0.037219860
1653512950.505589485,-75.783012390,-1213.727050781,49.478652954,0.952049255,-0.303393453,-0.013296042,0.037119213
1653512950.572116137,-75.783012390,-1213.727050781,49.478652954,0.952049255,-0.303393453,-0.013296042,0.037119213
1653512950.641334057,-72.823753357,-1215.683593750,49.226119995,0.952936530,-0.300647765,-0.012222082,0.037060358
1653512950.707270145,-72.823753357,-1215.683593750,49.226119995,0.952936530,-0.300647765,-0.012222082,0.037060358
1653512950.772381306,-70.140449524,-1217.472534180,49.016845703,0.953959584,-0.297399461,-0.012373636,0.036899500
1653512950.841667414,-70.140449524,-1217.472534180,49.016845703,0.953959584,-0.297399461,-0.012373636,0.036899500
1653512950.906358480,-68.294754028,-1218.818847656,48.899715424,0.955188453,-0.293540418,-0.012291823,0.036027391
1653512950.973188400,-68.294754028,-1218.818847656,48.899715424,0.955188453,-0.293540418,-0.012291823,0.036027391
1653512951.039374352,-65.030113220,-1220.860351562,48.623554230,0.956147969,-0.290338784,-0.012894155,0.036306970
1653512951.106009722,-65.030113220,-1220.860351562,48.623554230,0.956147969,-0.290338784,-0.012894155,0.036306970
1653512951.172183752,-62.679046631,-1222.422241211,48.458507538,0.957321763,-0.286400497,-0.013536006,0.036421705
1653512951.239702463,-62.679046631,-1222.422241211,48.458507538,0.957321763,-0.286400497,-0.013536006,0.036421705
1653512951.305901289,-60.021087646,-1224.128540039,48.265533447,0.958661258,-0.281871110,-0.013769328,0.036436956
1653512951.373790979,-60.021087646,-1224.128540039,48.265533447,0.958661258,-0.281871110,-0.013769328,0.036436956
1653512951.438868999,-57.955959320,-1225.532104492,48.150077820,0.959855139,-0.277750969,-0.014232588,0.036468904
1653512951.506714582,-57.955959320,-1225.532104492,48.150077820,0.959855139,-0.277750969,-0.014232588,0.036468904
1653512951.573206663,-54.665676117,-1227.511840820,47.896022797,0.960986614,-0.273572862,-0.016155796,0.037437860
1653512951.639303207,-54.665676117,-1227.511840820,47.896022797,0.960986614,-0.273572862,-0.016155796,0.037437860
1653512951.705791712,-51.515647888,-1229.408447266,47.666721344,0.962093413,-0.269375950,-0.018296903,0.038446546
1653512951.772519350,-51.515647888,-1229.408447266,47.666721344,0.962093413,-0.269375950,-0.018296903,0.038446546
1653512951.838784933,-49.382411957,-1230.823120117,47.570240021,0.963086605,-0.265653908,-0.018848611,0.039204005
1653512951.905629158,-49.382411957,-1230.823120117,47.570240021,0.963086605,-0.265653908,-0.018848611,0.039204005
1653512951.972113848,-46.448677063,-1232.565551758,47.388225555,0.963933051,-0.262078762,-0.019913940,0.041848313
1653512952.038999796,-46.448677063,-1232.565551758,47.388225555,0.963933051,-0.262078762,-0.019913940,0.041848313
1653512952.106034279,-43.902294159,-1234.113647461,47.268440247,0.964727581,-0.258619726,-0.020318136,0.044762086
1653512952.174278259,-43.902294159,-1234.113647461,47.268440247,0.964727581,-0.258619726,-0.020318136,0.044762086
1653512952.239121437,-40.490936279,-1236.025634766,47.053867340,0.965247929,-0.256038368,-0.020377548,0.048224185
1653512952.306555986,-40.490936279,-1236.025634766,47.053867340,0.965247929,-0.256038368,-0.020377548,0.048224185
1653512952.372044563,-37.933971405,-1237.548706055,46.950737000,0.965890586,-0.253111601,-0.019229114,0.051187739
1653512952.439828634,-37.933971405,-1237.548706055,46.950737000,0.965890586,-0.253111601,-0.019229114,0.051187739
1653512952.505728960,-35.449409485,-1239.015502930,46.859043121,0.966521680,-0.250179738,-0.017861156,0.054101020
1653512952.572412014,-35.449409485,-1239.015502930,46.859043121,0.966521680,-0.250179738,-0.017861156,0.054101020
1653512952.638752699,-32.405952454,-1240.706298828,46.705951691,0.966835320,-0.248276979,-0.016926937,0.057458788
1653512952.706718683,-32.405952454,-1240.706298828,46.705951691,0.966835320,-0.248276979,-0.016926937,0.057458788
1653512952.772372961,-29.467323303,-1242.333984375,46.557971954,0.967353106,-0.245476052,-0.016209826,0.060882542
1653512952.838895321,-29.467323303,-1242.333984375,46.557971954,0.967353106,-0.245476052,-0.016209826,0.060882542
1653512952.907169342,-26.737890244,-1243.863037109,46.431262970,0.967810690,-0.242900193,-0.015635755,0.064011380
1653512952.972512245,-26.737890244,-1243.863037109,46.431262970,0.967810690,-0.242900193,-0.015635755,0.064011380
1653512953.038920164,-24.035240173,-1245.342773438,46.308689117,0.968213260,-0.240604579,-0.015210344,0.066642433
1653512953.105389833,-24.035240173,-1245.342773438,46.308689117,0.968213260,-0.240604579,-0.015210344,0.066642433
1653512953.172461033,-20.632175446,-1247.065063477,46.102279663,0.968654573,-0.238255754,-0.016576108,0.068321042
1653512953.238539219,-20.632175446,-1247.065063477,46.102279663,0.968654573,-0.238255754,-0.016576108,0.068321042
1653512953.305603981,-18.163198471,-1248.386474609,46.012702942,0.969230950,-0.236050606,-0.015959388,0.067946561
1653512953.371941328,-18.163198471,-1248.386474609,46.012702942,0.969230950,-0.236050606,-0.015959388,0.067946561
1653512953.438550711,-15.342500687,-1249.814208984,45.886451721,0.969868660,-0.234046400,-0.015232124,0.065917224
1653512953.506660938,-15.342500687,-1249.814208984,45.886451721,0.969868660,-0.234046400,-0.015232124,0.065917224
1653512953.572003126,-12.495711327,-1251.226440430,45.757846832,0.970667899,-0.231710359,-0.014995520,0.062364135
1653512953.639987230,-12.495711327,-1251.226440430,45.757846832,0.970667899,-0.231710359,-0.014995520,0.062364135
1653512953.705469608,-9.603774071,-1252.644165039,45.625244141,0.971493721,-0.229237586,-0.015204802,0.058471002
1653512953.772404909,-9.603774071,-1252.644165039,45.625244141,0.971493721,-0.229237586,-0.015204802,0.058471002
1653512953.839502573,-6.769392967,-1254.026245117,45.504234314,0.972355485,-0.226735458,-0.014890916,0.053796366
1653512953.905591965,-6.769392967,-1254.026245117,45.504234314,0.972355485,-0.226735458,-0.014890916,0.053796366
1653512953.972594500,-3.974693060,-1255.375000000,45.387912750,0.973414958,-0.222724259,-0.015423562,0.051179312
1653512954.038667917,-3.974693060,-1255.375000000,45.387912750,0.973414958,-0.222724259,-0.015423562,0.051179312
1653512954.106036186,-0.911739647,-1256.795532227,45.241237640,0.974530101,-0.217506886,-0.017031381,0.051882189
1653512954.172235489,-0.911739647,-1256.795532227,45.241237640,0.974530101,-0.217506886,-0.017031381,0.051882189
1653512954.238680840,2.275863886,-1258.215209961,45.076568604,0.975618780,-0.212149769,-0.018308796,0.053153418
1653512954.305398941,2.275863886,-1258.215209961,45.076568604,0.975618780,-0.212149769,-0.018308796,0.053153418
1653512954.372252226,5.123654366,-1259.488281250,44.955375671,0.976920068,-0.205937147,-0.017965119,0.053799108
1653512954.438990593,5.123654366,-1259.488281250,44.955375671,0.976920068,-0.205937147,-0.017965119,0.053799108
1653512954.505403519,8.253315926,-1260.835449219,44.808029175,0.978159189,-0.199790493,-0.017962588,0.054457761
1653512954.571968794,8.253315926,-1260.835449219,44.808029175,0.978159189,-0.199790493,-0.017962588,0.054457761
1653512954.639720917,11.153672218,-1262.083862305,44.689430237,0.979227901,-0.194644749,-0.016879164,0.054232754
1653512954.706075907,11.153672218,-1262.083862305,44.689430237,0.979227901,-0.194644749,-0.016879164,0.054232754
1653512954.772414446,13.947960854,-1263.298706055,44.587795258,0.980290771,-0.189405620,-0.015197447,0.054078758
1653512954.842853546,13.947960854,-1263.298706055,44.587795258,0.980290771,-0.189405620,-0.015197447,0.054078758
1653512954.907303333,17.514066696,-1264.725952148,44.391868591,0.981061697,-0.185187817,-0.015290119,0.054677349
1653512954.976553679,17.514066696,-1264.725952148,44.391868591,0.981061697,-0.185187817,-0.015290119,0.054677349
1653512955.048486233,20.429903030,-1265.957641602,44.279285431,0.981712520,-0.181772351,-0.012881516,0.055076823
1653512955.107452631,20.429903030,-1265.957641602,44.279285431,0.981712520,-0.181772351,-0.012881516,0.055076823
1653512955.172401428,23.957126617,-1267.351806641,44.118698120,0.982285917,-0.178273231,-0.011816545,0.056509785
1653512955.238689184,23.957126617,-1267.351806641,44.118698120,0.982285917,-0.178273231,-0.011816545,0.056509785
1653512955.306649685,27.067798615,-1268.566650391,43.973186493,0.982647657,-0.175800174,-0.010647097,0.058176756
1653512955.372012377,27.067798615,-1268.566650391,43.973186493,0.982647657,-0.175800174,-0.010647097,0.058176756
1653512955.439156055,29.782958984,-1269.675659180,43.890243530,0.983051598,-0.173310414,-0.008654949,0.059145596
1653512955.508534908,29.782958984,-1269.675659180,43.890243530,0.983051598,-0.173310414,-0.008654949,0.059145596
1653512955.572334528,32.893699646,-1270.867065430,43.761058807,0.983499587,-0.170623019,-0.007557760,0.059659276
1653512955.642072201,32.893699646,-1270.867065430,43.761058807,0.983499587,-0.170623019,-0.007557760,0.059659276
1653512955.705445290,36.420063019,-1272.102294922,43.598060608,0.983959615,-0.167489171,-0.006616218,0.061050091
1653512955.772117138,36.420063019,-1272.102294922,43.598060608,0.983959615,-0.167489171,-0.006616218,0.061050091
1653512955.838603020,39.334556580,-1273.171264648,43.520210266,0.984500587,-0.164337069,-0.004984532,0.061050244
1653512955.905221462,39.334556580,-1273.171264648,43.520210266,0.984500587,-0.164337069,-0.004984532,0.061050244
1653512955.972575426,42.768169403,-1274.358032227,43.400894165,0.985022962,-0.161129877,-0.004231970,0.061229680
1653512956.042177439,42.768169403,-1274.358032227,43.400894165,0.985022962,-0.161129877,-0.004231970,0.061229680
1653512956.105420589,46.138114929,-1275.500366211,43.303264618,0.985475898,-0.158038303,-0.004188878,0.061996777
1653512956.176570654,46.138114929,-1275.500366211,43.303264618,0.985475898,-0.158038303,-0.004188878,0.061996777
1653512956.238542318,49.083522797,-1276.531127930,43.251678467,0.985869467,-0.155608475,-0.003761269,0.061912771
1653512956.305636168,49.083522797,-1276.531127930,43.251678467,0.985869467,-0.155608475,-0.003761269,0.061912771
1653512956.372024775,52.490379333,-1277.640625000,43.156608582,0.986337781,-0.152281404,-0.004458421,0.062676415
1653512956.439631462,52.490379333,-1277.640625000,43.156608582,0.986337781,-0.152281404,-0.004458421,0.062676415
1653512956.506538391,55.482303619,-1278.635864258,43.108104706,0.986793458,-0.148797944,-0.005856751,0.063746385
1653512956.571928978,55.482303619,-1278.635864258,43.108104706,0.986793458,-0.148797944,-0.005856751,0.063746385
1653512956.639463663,58.935634613,-1279.706542969,43.002674103,0.987306952,-0.144902349,-0.007482679,0.064593479
1653512956.705377340,58.935634613,-1279.706542969,43.002674103,0.987306952,-0.144902349,-0.007482679,0.064593479
1653512956.773554325,61.878273010,-1280.628906250,42.961578369,0.988032758,-0.139951855,-0.006770510,0.064489886
1653512956.840004206,61.878273010,-1280.628906250,42.961578369,0.988032758,-0.139951855,-0.006770510,0.064489886
1653512956.911803722,65.474197388,-1281.653808594,42.868362427,0.988789022,-0.134317160,-0.006607839,0.064895727
1653512956.972113609,65.474197388,-1281.653808594,42.868362427,0.988789022,-0.134317160,-0.006607839,0.064895727
1653512957.039558887,67.677108765,-1282.419555664,42.965267181,0.989763737,-0.127545491,-0.002439520,0.063983522
1653512957.105948925,67.677108765,-1282.419555664,42.965267181,0.989763737,-0.127545491,-0.002439520,0.063983522
1653512957.172056913,71.451957703,-1283.398803711,42.870861053,0.990475714,-0.120823786,-0.000251538,0.066025868
1653512957.238553286,71.451957703,-1283.398803711,42.870861053,0.990475714,-0.120823786,-0.000251538,0.066025868
1653512957.306165457,74.881355286,-1284.318603516,42.841526031,0.991049170,-0.114418477,0.003484677,0.068686485
1653512957.373032808,74.881355286,-1284.318603516,42.841526031,0.991049170,-0.114418477,0.003484677,0.068686485
1653512957.439032555,77.410011292,-1285.076049805,42.911521912,0.991410613,-0.109136149,0.008473811,0.071571968
1653512957.505434513,77.410011292,-1285.076049805,42.911521912,0.991410613,-0.109136149,0.008473811,0.071571968
1653512957.572915792,80.999641418,-1285.958007812,42.854721069,0.991486609,-0.104370192,0.011500963,0.076999173
1653512957.638607025,80.999641418,-1285.958007812,42.854721069,0.991486609,-0.104370192,0.011500963,0.076999173
1653512957.707321405,84.339401245,-1286.786376953,42.828704834,0.991463959,-0.100423947,0.014422580,0.081891552
1653512957.772122860,84.339401245,-1286.786376953,42.828704834,0.991463959,-0.100423947,0.014422580,0.081891552
1653512957.838665009,87.428680420,-1287.522338867,42.827075958,0.991429567,-0.097560450,0.016618891,0.085282743
1653512957.906899929,87.428680420,-1287.522338867,42.827075958,0.991429567,-0.097560450,0.016618891,0.085282743
1653512957.972618580,90.705680847,-1288.249145508,42.793369293,0.991596699,-0.094543882,0.018535377,0.086336046
1653512958.038630009,90.705680847,-1288.249145508,42.793369293,0.991596699,-0.094543882,0.018535377,0.086336046
1653512958.105282545,94.028350830,-1288.958251953,42.765647888,0.991885960,-0.091789186,0.019989720,0.085658923
1653512958.172021866,94.028350830,-1288.958251953,42.765647888,0.991885960,-0.091789186,0.019989720,0.085658923
1653512958.239003181,97.209243774,-1289.614746094,42.751995087,0.992251694,-0.089129925,0.020632204,0.084063731
1653512958.305298567,97.209243774,-1289.614746094,42.751995087,0.992251694,-0.089129925,0.020632204,0.084063731
1653512958.372356415,100.845512390,-1290.298950195,42.703365326,0.992620468,-0.085798375,0.020263232,0.083262779
1653512958.438787222,100.845512390,-1290.298950195,42.703365326,0.992620468,-0.085798375,0.020263232,0.083262779
1653512958.505815506,103.846565247,-1290.881713867,42.719955444,0.992991030,-0.081481591,0.019836070,0.083283156
1653512958.571969509,103.846565247,-1290.881713867,42.719955444,0.992991030,-0.081481591,0.019836070,0.083283156
1653512958.639353037,107.196861267,-1291.477294922,42.693946838,0.993194282,-0.077131204,0.018527677,0.085279323
1653512958.705347776,107.196861267,-1291.477294922,42.693946838,0.993194282,-0.077131204,0.018527677,0.085279323
1653512958.771977663,110.421287537,-1292.020751953,42.676063538,0.993317187,-0.072010800,0.017052663,0.088569686
1653512958.838646173,110.421287537,-1292.020751953,42.676063538,0.993317187,-0.072010800,0.017052663,0.088569686
1653512958.906430721,113.313346863,-1292.495117188,42.683589935,0.993392646,-0.066158235,0.016264824,0.092355847
1653512958.972024202,113.313346863,-1292.495117188,42.683589935,0.993392646,-0.066158235,0.016264824,0.092355847
1653512959.040052176,116.884674072,-1292.985839844,42.619739532,0.993426323,-0.060446236,0.014919515,0.096061409
1653512959.105923176,116.884674072,-1292.985839844,42.619739532,0.993426323,-0.060446236,0.014919515,0.096061409
1653512959.172644377,119.614158630,-1293.391967773,42.633987427,0.993636847,-0.054438297,0.015928468,0.097306445
1653512959.240818501,119.614158630,-1293.391967773,42.633987427,0.993636847,-0.054438297,0.015928468,0.097306445
1653512959.307173729,122.856719971,-1293.803833008,42.580539703,0.993784487,-0.049507126,0.017026486,0.098242201
1653512959.372574091,122.856719971,-1293.803833008,42.580539703,0.993784487,-0.049507126,0.017026486,0.098242201
1653512959.438515663,126.153968811,-1294.176513672,42.517154694,0.993858397,-0.044997979,0.019540943,0.099190965
1653512959.505841970,126.153968811,-1294.176513672,42.517154694,0.993858397,-0.044997979,0.019540943,0.099190965
1653512959.572227478,129.171096802,-1294.508422852,42.466491699,0.994029522,-0.040509712,0.022891000,0.098692685
1653512959.639412165,129.171096802,-1294.508422852,42.466491699,0.994029522,-0.040509712,0.022891000,0.098692685
1653512959.706299782,132.612930298,-1294.808471680,42.370861053,0.994190574,-0.036616996,0.026786881,0.097605109
1653512959.772007942,132.612930298,-1294.808471680,42.370861053,0.994190574,-0.036616996,0.026786881,0.097605109
1653512959.838937998,135.576324463,-1295.056274414,42.312507629,0.994400144,-0.033439178,0.030557154,0.095479742
1653512959.905253649,135.576324463,-1295.056274414,42.312507629,0.994400144,-0.033439178,0.030557154,0.095479742
1653512959.973448038,139.294387817,-1295.266845703,42.168899536,0.994626880,-0.029792365,0.032662075,0.093610980
1653512960.038719416,139.294387817,-1295.266845703,42.168899536,0.994626880,-0.029792365,0.032662075,0.093610980
1653512960.105815172,141.925079346,-1295.461425781,42.133113861,0.994913816,-0.026403939,0.036939755,0.089915104
1653512960.172377110,141.925079346,-1295.461425781,42.133113861,0.994913816,-0.026403939,0.036939755,0.089915104
1653512960.238603354,144.998092651,-1295.608886719,42.042533875,0.995072603,-0.023465328,0.038745835,0.088196538
1653512960.305379868,144.998092651,-1295.608886719,42.042533875,0.995072603,-0.023465328,0.038745835,0.088196538
1653512960.372190714,148.405609131,-1295.700683594,41.904922485,0.995210469,-0.019189302,0.038568653,0.087751374
1653512960.438966513,148.405609131,-1295.700683594,41.904922485,0.995210469,-0.019189302,0.038568653,0.087751374
1653512960.505315542,151.124374390,-1295.807617188,41.835411072,0.995418429,-0.014796262,0.038898613,0.086081706
1653512960.572458744,151.124374390,-1295.807617188,41.835411072,0.995418429,-0.014796262,0.038898613,0.086081706
1653512960.639086246,154.653762817,-1295.832641602,41.674022675,0.995518684,-0.010314766,0.037620131,0.086144365
1653512960.707194805,154.653762817,-1295.832641602,41.674022675,0.995518684,-0.010314766,0.037620131,0.086144365
1653512960.772087336,157.575027466,-1295.855102539,41.574436188,0.995686173,-0.004627180,0.036378607,0.085230656
1653512960.838959694,157.575027466,-1295.855102539,41.574436188,0.995686173,-0.004627180,0.036378607,0.085230656
1653512960.905121088,160.844360352,-1295.819946289,41.440814972,0.995814919,0.001432371,0.035009589,0.084409058
1653512960.978944302,160.844360352,-1295.819946289,41.440814972,0.995814919,0.001432371,0.035009589,0.084409058
1653512961.038900614,163.636871338,-1295.780395508,41.360015869,0.995854497,0.007137918,0.034949955,0.083674327
1653512961.106779814,163.636871338,-1295.780395508,41.360015869,0.995854497,0.007137918,0.034949955,0.083674327
1653512961.171935320,166.592086792,-1295.697387695,41.262130737,0.995832145,0.013296039,0.034511212,0.083369985
1653512961.241158962,166.592086792,-1295.697387695,41.262130737,0.995832145,0.013296039,0.034511212,0.083369985
1653512961.306840181,169.649871826,-1295.576171875,41.149459839,0.995730877,0.019624321,0.034103736,0.083497800
1653512961.372328758,169.649871826,-1295.576171875,41.149459839,0.995730877,0.019624321,0.034103736,0.083497800
1653512961.438749313,172.781997681,-1295.424682617,41.041976929,0.995569646,0.025624525,0.034595087,0.083592400
1653512961.505386353,172.781997681,-1295.424682617,41.041976929,0.995569646,0.025624525,0.034595087,0.083592400
1653512961.571862698,175.674575806,-1295.259521484,40.953720093,0.995308459,0.031695541,0.035133760,0.084392272
1653512961.638911009,175.674575806,-1295.259521484,40.953720093,0.995308459,0.031695541,0.035133760,0.084392272
1653512961.705178976,178.558700562,-1295.062744141,40.864070892,0.994975746,0.037545767,0.035658408,0.085685767
1653512961.773215294,178.558700562,-1295.062744141,40.864070892,0.994975746,0.037545767,0.035658408,0.085685767
1653512961.838739157,181.753997803,-1294.789184570,40.743061066,0.994570732,0.042622201,0.036355622,0.087696493
1653512961.906201363,181.753997803,-1294.789184570,40.743061066,0.994570732,0.042622201,0.036355622,0.087696493
1653512961.971981525,184.886779785,-1294.496582031,40.630054474,0.994128168,0.047588736,0.037367478,0.089711890
1653512962.039092779,184.886779785,-1294.496582031,40.630054474,0.994128168,0.047588736,0.037367478,0.089711890
1653512962.105813503,187.636856079,-1294.220581055,40.553836823,0.993707478,0.052221313,0.038838238,0.091159292
1653512962.176065207,187.636856079,-1294.220581055,40.553836823,0.993707478,0.052221313,0.038838238,0.091159292
1653512962.238702774,190.876083374,-1293.826171875,40.421199799,0.993329883,0.056270752,0.039629303,0.092514381
1653512962.305228949,190.876083374,-1293.826171875,40.421199799,0.993329883,0.056270752,0.039629303,0.092514381
1653512962.374119759,193.852615356,-1293.448120117,40.314109802,0.992939234,0.060594995,0.041506696,0.093151152
1653512962.438625097,193.852615356,-1293.448120117,40.314109802,0.992939234,0.060594995,0.041506696,0.093151152
1653512962.505554914,196.601348877,-1293.098632812,40.235942841,0.992641032,0.064572059,0.043137059,0.092916153
1653512962.571910858,196.601348877,-1293.098632812,40.235942841,0.992641032,0.064572059,0.043137059,0.092916153
1653512962.640056849,199.699798584,-1292.623779297,40.107177734,0.992339969,0.067726187,0.044184707,0.093393192
1653512962.705719233,199.699798584,-1292.623779297,40.107177734,0.992339969,0.067726187,0.044184707,0.093393192
1653512962.772812366,202.784881592,-1292.118530273,39.989471436,0.992087007,0.071694642,0.044907317,0.092771702
1653512962.839924335,202.784881592,-1292.118530273,39.989471436,0.992087007,0.071694642,0.044907317,0.092771702
1653512962.905331612,205.638000488,-1291.624389648,39.891017914,0.991923690,0.075257003,0.045238230,0.091527618
1653512962.972506285,205.638000488,-1291.624389648,39.891017914,0.991923690,0.075257003,0.045238230,0.091527618
1653512963.042455196,208.371170044,-1291.110473633,39.799549103,0.991865098,0.078330509,0.045721646,0.089316539
1653512963.105417252,208.371170044,-1291.110473633,39.799549103,0.991865098,0.078330509,0.045721646,0.089316539
1653512963.171936750,211.498016357,-1290.467285156,39.671684265,0.991760969,0.082652472,0.044806950,0.087011658
1653512963.239744425,211.498016357,-1290.467285156,39.671684265,0.991760969,0.082652472,0.044806950,0.087011658
1653512963.305435181,214.530120850,-1289.771728516,39.528575897,0.991626382,0.086573020,0.043343328,0.085460916
1653512963.372199297,214.530120850,-1289.771728516,39.528575897,0.991626382,0.086573020,0.043343328,0.085460916
1653512963.438608646,217.198883057,-1289.152343750,39.430774689,0.991538644,0.090978391,0.042938054,0.082038678
1653512963.505722523,217.198883057,-1289.152343750,39.430774689,0.991538644,0.090978391,0.042938054,0.082038678
1653512963.572054386,220.139724731,-1288.416992188,39.293880463,0.991331875,0.096189015,0.040894609,0.079601280
1653512963.639145136,220.139724731,-1288.416992188,39.293880463,0.991331875,0.096189015,0.040894609,0.079601280
1653512963.705969095,223.056167603,-1287.661132812,39.167423248,0.991078138,0.101533659,0.039403569,0.076827429
1653512963.772110224,223.056167603,-1287.661132812,39.167423248,0.991078138,0.101533659,0.039403569,0.076827429
1653512963.839684248,226.010192871,-1286.858642578,39.039314270,0.990831673,0.106534533,0.038004451,0.073882833
1653512963.905133486,226.010192871,-1286.858642578,39.039314270,0.990831673,0.106534533,0.038004451,0.073882833
1653512963.972781658,228.615097046,-1286.144042969,38.955612183,0.990504622,0.112366214,0.037762642,0.069630623
1653512964.038599730,228.615097046,-1286.144042969,38.955612183,0.990504622,0.112366214,0.037762642,0.069630623
1653512964.105397940,231.584609985,-1285.262451172,38.821666718,0.990108490,0.117603533,0.037443880,0.066727675
1653512964.172074556,231.584609985,-1285.262451172,38.821666718,0.990108490,0.117603533,0.037443880,0.066727675
1653512964.238612413,234.495941162,-1284.378051758,38.692909241,0.989744604,0.122267291,0.037753358,0.063489899
1653512964.309671164,234.495941162,-1284.378051758,38.692909241,0.989744604,0.122267291,0.037753358,0.063489899
1653512964.372541904,237.256637573,-1283.529785156,38.579799652,0.989270329,0.127172992,0.038930666,0.060462456
1653512964.439566851,237.256637573,-1283.529785156,38.579799652,0.989270329,0.127172992,0.038930666,0.060462456
1653512964.506928444,240.308624268,-1282.545410156,38.430843353,0.988832355,0.130893439,0.040169079,0.058855396
1653512964.572777987,240.308624268,-1282.545410156,38.430843353,0.988832355,0.130893439,0.040169079,0.058855396
1653512964.639859438,242.435150146,-1281.922851562,38.383922577,0.988518059,0.133878455,0.042593211,0.055627309
1653512964.705096960,242.435150146,-1281.922851562,38.383922577,0.988518059,0.133878455,0.042593211,0.055627309
1653512964.772776842,245.473709106,-1280.905639648,38.213195801,0.988176346,0.136090115,0.043039281,0.055988085
1653512964.839304447,245.473709106,-1280.905639648,38.213195801,0.988176346,0.136090115,0.043039281,0.055988085
1653512964.905985594,248.193481445,-1280.001708984,38.069164276,0.987909436,0.137664169,0.044012260,0.056092858
1653512964.972127676,248.193481445,-1280.001708984,38.069164276,0.987909436,0.137664169,0.044012260,0.056092858
1653512965.038521051,250.895294189,-1279.082153320,37.917812347,0.987870395,0.138431415,0.044242442,0.054693807
1653512965.105852842,250.895294189,-1279.082153320,37.917812347,0.987870395,0.138431415,0.044242442,0.054693807
1653512965.171841621,253.606536865,-1278.125976562,37.744712830,0.988115728,0.138634801,0.043035116,0.050553855
1653512965.239132643,253.606536865,-1278.125976562,37.744712830,0.988115728,0.138634801,0.043035116,0.050553855
1653512965.306450605,256.490325928,-1277.050537109,37.539802551,0.988516867,0.137989894,0.042005055,0.045042317
1653512965.371954441,256.490325928,-1277.050537109,37.539802551,0.988516867,0.137989894,0.042005055,0.045042317
1653512965.438901424,259.278015137,-1276.003784180,37.343521118,0.988933444,0.136795193,0.041554395,0.039635051
1653512965.505761385,259.278015137,-1276.003784180,37.343521118,0.988933444,0.136795193,0.041554395,0.039635051
1653512965.574717522,261.793640137,-1275.067871094,37.172950745,0.989175081,0.136332735,0.041100726,0.035450961
1653512965.638534069,261.793640137,-1275.067871094,37.172950745,0.989175081,0.136332735,0.041100726,0.035450961
1653512965.706056595,264.901977539,-1273.820068359,36.917949677,0.989290535,0.136144653,0.040561013,0.033520635
1653512965.771875381,264.901977539,-1273.820068359,36.917949677,0.989290535,0.136144653,0.040561013,0.033520635
1653512965.838573217,267.357635498,-1272.890014648,36.739261627,0.989392817,0.136092752,0.040699188,0.030400952
1653512965.906949520,267.357635498,-1272.890014648,36.739261627,0.989392817,0.136092752,0.040699188,0.030400952
1653512965.972320080,270.115753174,-1271.782714844,36.511276245,0.989305854,0.137466475,0.039727241,0.028261174
1653512966.040009022,270.115753174,-1271.782714844,36.511276245,0.989305854,0.137466475,0.039727241,0.028261174
1653512966.105864048,272.822265625,-1270.689453125,36.278827667,0.989093423,0.139724225,0.038710546,0.025938395
1653512966.172031403,272.822265625,-1270.689453125,36.278827667,0.989093423,0.139724225,0.038710546,0.025938395
1653512966.238556385,275.344818115,-1269.682739258,36.064006805,0.988748014,0.142723769,0.038058523,0.023639973
1653512966.305941820,275.344818115,-1269.682739258,36.064006805,0.988748014,0.142723769,0.038058523,0.023639973
1653512966.372683048,278.035766602,-1268.559082031,35.818679810,0.988234580,0.146708101,0.037420139,0.021652378
1653512966.438589096,278.035766602,-1268.559082031,35.818679810,0.988234580,0.146708101,0.037420139,0.021652378
1653512966.505369902,280.783996582,-1267.386230469,35.555309296,0.987610042,0.151216209,0.036608599,0.020489985
1653512966.571834087,280.783996582,-1267.386230469,35.555309296,0.987610042,0.151216209,0.036608599,0.020489985
1653512966.639793158,283.040222168,-1266.481323242,35.359066010,0.986942768,0.155859306,0.036571305,0.017731829
1653512966.705560923,283.040222168,-1266.481323242,35.359066010,0.986942768,0.155859306,0.036571305,0.017731829
1653512966.773266315,285.790039062,-1265.273437500,35.090850830,0.986047626,0.161722109,0.035823260,0.016516354
1653512966.839886665,285.790039062,-1265.273437500,35.090850830,0.986047626,0.161722109,0.035823260,0.016516354
1653512966.905617952,288.389984131,-1264.135253906,34.841747284,0.985168934,0.167203784,0.035370905,0.015297870
1653512966.972531080,288.389984131,-1264.135253906,34.841747284,0.985168934,0.167203784,0.035370905,0.015297870
1653512967.038534880,290.921875000,-1263.026611328,34.601631165,0.984294713,0.172466204,0.035170391,0.013505482
1653512967.105097055,290.921875000,-1263.026611328,34.601631165,0.984294713,0.172466204,0.035170391,0.013505482
1653512967.172780275,293.566894531,-1261.845458984,34.342964172,0.983288944,0.178214192,0.035113588,0.012231660
1653512967.238317966,293.566894531,-1261.845458984,34.342964172,0.983288944,0.178214192,0.035113588,0.012231660
1653512967.305174828,296.166778564,-1260.693847656,34.092369080,0.982271910,0.183726579,0.035520922,0.011166866
1653512967.372591257,296.166778564,-1260.693847656,34.092369080,0.982271910,0.183726579,0.035520922,0.011166866
1653512967.438420534,298.497192383,-1259.690795898,33.880573273,0.981299222,0.188770235,0.036322802,0.009916984
1653512967.505051851,298.497192383,-1259.690795898,33.880573273,0.981299222,0.188770235,0.036322802,0.009916984
1653512967.573020935,301.400848389,-1258.317138672,33.580936432,0.980227351,0.194151580,0.036777120,0.010340422
1653512967.639042377,301.400848389,-1258.317138672,33.580936432,0.980227351,0.194151580,0.036777120,0.010340422
1653512967.705877781,303.847137451,-1257.234497070,33.353916168,0.979139030,0.199357644,0.038088549,0.009623197
1653512967.774103642,303.847137451,-1257.234497070,33.353916168,0.979139030,0.199357644,0.038088549,0.009623197
1653512967.838548183,306.207702637,-1256.189819336,33.133506775,0.978228450,0.203548223,0.039226461,0.009927440
1653512967.907038927,306.207702637,-1256.189819336,33.133506775,0.978228450,0.203548223,0.039226461,0.009927440
1653512967.973424196,308.979949951,-1254.861816406,32.835399628,0.977208734,0.208313808,0.039103813,0.011805031
1653512968.038418531,308.979949951,-1254.861816406,32.835399628,0.977208734,0.208313808,0.039103813,0.011805031
1653512968.108704567,311.359222412,-1253.798950195,32.598155975,0.976306856,0.212264314,0.039695326,0.013893021
1653512968.171831131,311.359222412,-1253.798950195,32.598155975,0.976306856,0.212264314,0.039695326,0.013893021
1653512968.238510132,313.943328857,-1252.585937500,32.323081970,0.975461125,0.216001868,0.039346803,0.016451817
1653512968.305526257,313.943328857,-1252.585937500,32.323081970,0.975461125,0.216001868,0.039346803,0.016451817
1653512968.373297453,316.329956055,-1251.486694336,32.073410034,0.974609792,0.219716489,0.039008703,0.018404160
1653512968.438789129,316.329956055,-1251.486694336,32.073410034,0.974609792,0.219716489,0.039008703,0.018404160
1653512968.505155802,318.765289307,-1250.364257812,31.817029953,0.973852813,0.222856089,0.038127467,0.022184629
1653512968.573001146,318.765289307,-1250.364257812,31.817029953,0.973852813,0.222856089,0.038127467,0.022184629
1653512968.638712883,321.321899414,-1249.125366211,31.530920029,0.973205626,0.225323290,0.037081011,0.026930377
1653512968.705925941,321.321899414,-1249.125366211,31.530920029,0.973205626,0.225323290,0.037081011,0.026930377
1653512968.772119045,323.915588379,-1247.846923828,31.239639282,0.972439408,0.228192866,0.036326732,0.031144409
1653512968.838437080,323.915588379,-1247.846923828,31.239639282,0.972439408,0.228192866,0.036326732,0.031144409
1653512968.905156612,326.035644531,-1246.888916016,31.032142639,0.971747816,0.230815291,0.036137633,0.033534199
1653512968.974408150,326.035644531,-1246.888916016,31.032142639,0.971747816,0.230815291,0.036137633,0.033534199
1653512969.038419247,328.840026855,-1245.415771484,30.703592300,0.971070766,0.233115077,0.035815511,0.037365109
1653512969.105440617,328.840026855,-1245.415771484,30.703592300,0.971070766,0.233115077,0.035815511,0.037365109
1653512969.173227310,331.174713135,-1244.262451172,30.457546234,0.970225036,0.236108392,0.036547665,0.039754894
1653512969.239502668,331.174713135,-1244.262451172,30.457546234,0.970225036,0.236108392,0.036547665,0.039754894
1653512969.305319786,333.572784424,-1243.049682617,30.196939468,0.969487309,0.238720164,0.037248597,0.041467812
1653512969.373808146,333.572784424,-1243.049682617,30.196939468,0.969487309,0.238720164,0.037248597,0.041467812
1653512969.438648701,336.017486572,-1241.769531250,29.920734406,0.968755722,0.241145521,0.038645916,0.043216251
1653512969.505226851,336.017486572,-1241.769531250,29.920734406,0.968755722,0.241145521,0.038645916,0.043216251
1653512969.571817875,338.344177246,-1240.549316406,29.660467148,0.967895091,0.244096890,0.040342342,0.044364881
1653512969.639270306,338.344177246,-1240.549316406,29.660467148,0.967895091,0.244096890,0.040342342,0.044364881
1653512969.708478928,341.229187012,-1238.880493164,29.294155121,0.966988266,0.247123331,0.042297088,0.045548636
1653512969.771958590,341.229187012,-1238.880493164,29.294155121,0.966988266,0.247123331,0.042297088,0.045548636
1653512969.838284016,343.733978271,-1237.468994141,28.996952057,0.966114938,0.250053704,0.044912629,0.045583885
1653512969.906304598,343.733978271,-1237.468994141,28.996952057,0.966114938,0.250053704,0.044912629,0.045583885
1653512969.972177744,345.724060059,-1236.400146484,28.773244858,0.965193689,0.253394932,0.046962701,0.044572324
1653512970.038704157,345.724060059,-1236.400146484,28.773244858,0.965193689,0.253394932,0.046962701,0.044572324
1653512970.105712891,348.171386719,-1234.954223633,28.457956314,0.964085817,0.257435262,0.048202395,0.044069827
1653512970.172095299,348.171386719,-1234.954223633,28.457956314,0.964085817,0.257435262,0.048202395,0.044069827
1653512970.242136002,350.707550049,-1233.407470703,28.117259979,0.963147759,0.260899872,0.048520945,0.043856155
1653512970.305367231,350.707550049,-1233.407470703,28.117259979,0.963147759,0.260899872,0.048520945,0.043856155
1653512970.372176170,353.181152344,-1231.890380859,27.784132004,0.961974442,0.265377969,0.048166815,0.043123782
1653512970.439018250,353.181152344,-1231.890380859,27.784132004,0.961974442,0.265377969,0.048166815,0.043123782
1653512970.504971027,355.416290283,-1230.510620117,27.482091904,0.960877061,0.269634098,0.047013819,0.042455297
1653512970.572894573,355.416290283,-1230.510620117,27.482091904,0.960877061,0.269634098,0.047013819,0.042455297
1653512970.640090942,357.859863281,-1228.939697266,27.135002136,0.959727645,0.273888350,0.046130013,0.042191159
1653512970.705724955,357.859863281,-1228.939697266,27.135002136,0.959727645,0.273888350,0.046130013,0.042191159
1653512970.772322893,360.278747559,-1227.370361328,26.788881302,0.958514571,0.278369337,0.044653293,0.042028531
1653512970.838439226,360.278747559,-1227.370361328,26.788881302,0.958514571,0.278369337,0.044653293,0.042028531
1653512970.906437159,362.602325439,-1225.837280273,26.457283020,0.957290769,0.282771260,0.043638859,0.041598599
1653512970.972100258,362.602325439,-1225.837280273,26.457283020,0.957290769,0.282771260,0.043638859,0.041598599
1653512971.039512157,364.813995361,-1224.390502930,26.152011871,0.956280649,0.286500782,0.043022677,0.039920762
1653512971.105374575,364.813995361,-1224.390502930,26.152011871,0.956280649,0.286500782,0.043022677,0.039920762
1653512971.171958447,366.904937744,-1223.018798828,25.874900818,0.955077887,0.290831715,0.042528801,0.037873775
1653512971.238650799,366.904937744,-1223.018798828,25.874900818,0.955077887,0.290831715,0.042528801,0.037873775
1653512971.305609465,369.256805420,-1221.407226562,25.541572571,0.953952730,0.294802338,0.041782927,0.036330961
1653512971.372278929,369.256805420,-1221.407226562,25.541572571,0.953952730,0.294802338,0.041782927,0.036330961
1653512971.438410044,371.426574707,-1219.932128906,25.249525070,0.952940464,0.298286885,0.042058397,0.034066722
1653512971.505598783,371.426574707,-1219.932128906,25.249525070,0.952940464,0.298286885,0.042058397,0.034066722
1653512971.571920395,373.499420166,-1218.523925781,24.976812363,0.951749742,0.302403688,0.041746855,0.031330552
1653512971.638365030,373.499420166,-1218.523925781,24.976812363,0.951749742,0.302403688,0.041746855,0.031330552
1653512971.706236362,375.765716553,-1216.923461914,24.665788651,0.950618982,0.306155235,0.041377906,0.029671984
1653512971.773511410,375.765716553,-1216.923461914,24.665788651,0.950618982,0.306155235,0.041377906,0.029671984
1653512971.838931322,377.881744385,-1215.435180664,24.382503510,0.949675441,0.309267968,0.041565455,0.027243536
1653512971.905517578,377.881744385,-1215.435180664,24.382503510,0.949675441,0.309267968,0.041565455,0.027243536
1653512971.972457170,380.125396729,-1213.794677734,24.070081711,0.948487997,0.312973410,0.042301044,0.025076473
1653512972.039921999,380.125396729,-1213.794677734,24.070081711,0.948487997,0.312973410,0.042301044,0.025076473
1653512972.105165482,382.218872070,-1212.266235352,23.790611267,0.947427690,0.316237986,0.043067552,0.022792332
1653512972.171954870,382.218872070,-1212.266235352,23.790611267,0.947427690,0.316237986,0.043067552,0.022792332
1653512972.238601446,384.196166992,-1210.833251953,23.540893555,0.946475208,0.319116324,0.044175491,0.019950889
1653512972.305332184,384.196166992,-1210.833251953,23.540893555,0.946475208,0.319116324,0.044175491,0.019950889
1653512972.372501850,386.507263184,-1209.064331055,23.218000412,0.945316195,0.322523117,0.045134950,0.017859681
1653512972.438351393,386.507263184,-1209.064331055,23.218000412,0.945316195,0.322523117,0.045134950,0.017859681
1653512972.511132717,388.692169189,-1207.397094727,22.924362183,0.944403172,0.325183630,0.045924783,0.015785880
1653512972.572363377,388.692169189,-1207.397094727,22.924362183,0.944403172,0.325183630,0.045924783,0.015785880
1653512972.639080286,390.811004639,-1205.788574219,22.652757645,0.943475723,0.327861816,0.046778001,0.013115707
1653512972.705188036,390.811004639,-1205.788574219,22.652757645,0.943475723,0.327861816,0.046778001,0.013115707
1653512972.772030830,392.850311279,-1204.208374023,22.381620407,0.942625046,0.330377996,0.046729375,0.011171111
1653512972.838727236,392.850311279,-1204.208374023,22.381620407,0.942625046,0.330377996,0.046729375,0.011171111
1653512972.905128956,395.136444092,-1202.376953125,22.057689667,0.941868722,0.332530260,0.046977643,0.010002219
1653512972.972567558,395.136444092,-1202.376953125,22.057689667,0.941868722,0.332530260,0.046977643,0.010002219
1653512973.038493395,397.183441162,-1200.760864258,21.784128189,0.941119134,0.334582508,0.047691759,0.008650241
1653512973.105128765,397.183441162,-1200.760864258,21.784128189,0.941119134,0.334582508,0.047691759,0.008650241
1653512973.171892405,399.307617188,-1199.052490234,21.490018845,0.940233409,0.337150812,0.047350734,0.006956993
1653512973.241794825,399.307617188,-1199.052490234,21.490018845,0.940233409,0.337150812,0.047350734,0.006956993
1653512973.305729866,401.336181641,-1197.442749023,21.220085144,0.939385295,0.339541286,0.047338415,0.005106880
1653512973.372564077,401.336181641,-1197.442749023,21.220085144,0.939385295,0.339541286,0.047338415,0.005106880
1653512973.438379049,403.303100586,-1195.887207031,20.960386276,0.938777030,0.341237694,0.047352884,0.003498087
1653512973.506119490,403.303100586,-1195.887207031,20.960386276,0.938777030,0.341237694,0.047352884,0.003498087
1653512973.573707104,405.360198975,-1194.220947266,20.675703049,0.937906444,0.343749464,0.046509322,0.002173563
1653512973.638645887,405.360198975,-1194.220947266,20.675703049,0.937906444,0.343749464,0.046509322,0.002173563
1653512973.705117941,407.440582275,-1192.525024414,20.383710861,0.937047720,0.346246421,0.045323666,0.000866708
1653512973.772370815,407.440582275,-1192.525024414,20.383710861,0.937047720,0.346246421,0.045323666,0.000866708
1653512973.838585377,409.331115723,-1191.016845703,20.127487183,0.936336458,0.348253727,0.044645693,-0.000367905
1653512973.905225754,409.331115723,-1191.016845703,20.127487183,0.936336458,0.348253727,0.044645693,-0.000367905
1653512973.972672462,411.403625488,-1189.289062500,19.835317612,0.935208321,0.351257741,0.044757023,-0.000385035
1653512974.040969610,411.403625488,-1189.289062500,19.835317612,0.935208321,0.351257741,0.044757023,-0.000385035
1653512974.105368137,413.424774170,-1187.593750000,19.549518585,0.934067190,0.354330212,0.044354208,0.001150979
1653512974.172095299,413.424774170,-1187.593750000,19.549518585,0.934067190,0.354330212,0.044354208,0.001150979
1653512974.239480734,415.463226318,-1185.855712891,19.257802963,0.932937086,0.357294977,0.044252533,0.003225896
1653512974.305069447,415.463226318,-1185.855712891,19.257802963,0.932937086,0.357294977,0.044252533,0.003225896
1653512974.372090340,417.324920654,-1184.297119141,19.005290985,0.931269467,0.361556500,0.044661213,0.004404967
1653512974.442576647,417.324920654,-1184.297119141,19.005290985,0.931269467,0.361556500,0.044661213,0.004404967
1653512974.506726742,419.392120361,-1182.477783203,18.701436996,0.929614544,0.365698755,0.045127284,0.006686717
1653512974.572891474,419.392120361,-1182.477783203,18.701436996,0.929614544,0.365698755,0.045127284,0.006686717
1653512974.638438702,421.437774658,-1180.669677734,18.408164978,0.927736282,0.370336682,0.045661759,0.008431113
1653512974.705677748,421.437774658,-1180.669677734,18.408164978,0.927736282,0.370336682,0.045661759,0.008431113
1653512974.772833109,423.322662354,-1179.028198242,18.150772095,0.925610423,0.375567317,0.045935664,0.009187429
1653512974.838515282,423.322662354,-1179.028198242,18.150772095,0.925610423,0.375567317,0.045935664,0.009187429
1653512974.905668497,425.238037109,-1177.340209961,17.890222549,0.923165441,0.381371498,0.047082990,0.010224374
1653512974.971914291,425.238037109,-1177.340209961,17.890222549,0.923165441,0.381371498,0.047082990,0.010224374
1653512975.038716078,427.173858643,-1175.595825195,17.626050949,0.920868993,0.386710256,0.047997847,0.012317527
1653512975.104952812,427.173858643,-1175.595825195,17.626050949,0.920868993,0.386710256,0.047997847,0.012317527
1653512975.172004461,429.128204346,-1173.791503906,17.359375000,0.918195188,0.392730504,0.049655020,0.014654391
1653512975.240394354,429.128204346,-1173.791503906,17.359375000,0.918195188,0.392730504,0.049655020,0.014654391
1653512975.305459261,430.982391357,-1172.081787109,17.120645523,0.915582657,0.398528665,0.050792437,0.017418804
1653512975.371838093,430.982391357,-1172.081787109,17.120645523,0.915582657,0.398528665,0.050792437,0.017418804
1653512975.438224554,432.746948242,-1170.452880859,16.900663376,0.913122118,0.403893024,0.051492266,0.020662114
1653512975.505227804,432.746948242,-1170.452880859,16.900663376,0.913122118,0.403893024,0.051492266,0.020662114
1653512975.573048830,434.532684326,-1168.789306641,16.671739578,0.910583079,0.409373224,0.051730815,0.023999082
1653512975.638487101,434.532684326,-1168.789306641,16.671739578,0.910583079,0.409373224,0.051730815,0.023999082
1653512975.706127167,436.381011963,-1167.043945312,16.431177139,0.908066511,0.414626300,0.052391697,0.027483821
1653512975.773121834,436.381011963,-1167.043945312,16.431177139,0.908066511,0.414626300,0.052391697,0.027483821
1653512975.839393616,438.138916016,-1165.374145508,16.211742401,0.905842423,0.419106692,0.053076606,0.031337097
1653512975.905498266,438.138916016,-1165.374145508,16.211742401,0.905842423,0.419106692,0.053076606,0.031337097
1653512975.971952677,439.937774658,-1163.603759766,15.985848427,0.903400481,0.423908323,0.054270446,0.034985818
1653512976.038265944,439.937774658,-1163.603759766,15.985848427,0.903400481,0.423908323,0.054270446,0.034985818
1653512976.105659962,441.875854492,-1161.600830078,15.717862129,0.901099324,0.428336143,0.055344168,0.038538288
1653512976.172235012,441.875854492,-1161.600830078,15.717862129,0.901099324,0.428336143,0.055344168,0.038538288
1653512976.239913464,443.706054688,-1159.695800781,15.478003502,0.899204254,0.431919187,0.057463396,0.039692644
1653512976.305525780,443.706054688,-1159.695800781,15.478003502,0.899204254,0.431919187,0.057463396,0.039692644
1653512976.372610807,445.501159668,-1157.784423828,15.244256973,0.897243977,0.435564190,0.059933897,0.040559214
1653512976.439426422,445.501159668,-1157.784423828,15.244256973,0.897243977,0.435564190,0.059933897,0.040559214
1653512976.504995823,447.096832275,-1156.078491211,15.052539825,0.895219266,0.439389378,0.062734544,0.039797217
1653512976.571917295,447.096832275,-1156.078491211,15.052539825,0.895219266,0.439389378,0.062734544,0.039797217
1653512976.638600588,448.781921387,-1154.218994141,14.832751274,0.893468797,0.442718536,0.065143988,0.038341966
1653512976.705318689,448.781921387,-1154.218994141,14.832751274,0.893468797,0.442718536,0.065143988,0.038341966
1653512976.772234440,450.470306396,-1152.314086914,14.607746124,0.891353428,0.446644992,0.067825660,0.037377100
1653512976.838767767,450.470306396,-1152.314086914,14.607746124,0.891353428,0.446644992,0.067825660,0.037377100
1653512976.905127048,452.210266113,-1150.281005859,14.358860016,0.889377177,0.450407177,0.069445431,0.036317870
1653512976.971697092,452.210266113,-1150.281005859,14.358860016,0.889377177,0.450407177,0.069445431,0.036317870
1653512977.039764881,453.973266602,-1148.158813477,14.098308563,0.887254119,0.454503447,0.070560314,0.035042901
1653512977.105042934,453.973266602,-1148.158813477,14.098308563,0.887254119,0.454503447,0.070560314,0.035042901
1653512977.171810865,455.516693115,-1146.298706055,13.885289192,0.884764731,0.459310681,0.071225211,0.033942480
1653512977.239161253,455.516693115,-1146.298706055,13.885289192,0.884764731,0.459310681,0.071225211,0.033942480
1653512977.305154085,457.046295166,-1144.386596680,13.665060997,0.882330537,0.464021266,0.071048297,0.033603646
1653512977.372614861,457.046295166,-1144.386596680,13.665060997,0.882330537,0.464021266,0.071048297,0.033603646
1653512977.438439608,458.446136475,-1142.619018555,13.465831757,0.879813552,0.468837678,0.070965394,0.032913264
1653512977.505106926,458.446136475,-1142.619018555,13.465831757,0.879813552,0.468837678,0.070965394,0.032913264
1653512977.573255062,460.035308838,-1140.514892578,13.208039284,0.877079666,0.474096894,0.070028439,0.032548666
1653512977.639937878,460.035308838,-1140.514892578,13.208039284,0.877079666,0.474096894,0.070028439,0.032548666
1653512977.705401897,461.332824707,-1138.812011719,13.019867897,0.874376893,0.479198933,0.069747545,0.031123912
1653512977.771698713,461.332824707,-1138.812011719,13.019867897,0.874376893,0.479198933,0.069747545,0.031123912
1653512977.838946819,462.777191162,-1136.839965820,12.785711288,0.871971011,0.483607799,0.069732539,0.030453280
1653512977.904869318,462.777191162,-1136.839965820,12.785711288,0.871971011,0.483607799,0.069732539,0.030453280
1653512977.971742153,464.257415771,-1134.779785156,12.541217804,0.869504035,0.488016009,0.070040606,0.029957794
1653512978.040720940,464.257415771,-1134.779785156,12.541217804,0.869504035,0.488016009,0.070040606,0.029957794
1653512978.108136892,465.530242920,-1133.000244141,12.343464851,0.867085755,0.492229342,0.070819393,0.029277284
1653512978.171625614,465.530242920,-1133.000244141,12.343464851,0.867085755,0.492229342,0.070819393,0.029277284
1653512978.239262104,466.841186523,-1131.137329102,12.137806892,0.864782274,0.496174067,0.071441375,0.029310003
1653512978.305153847,466.841186523,-1131.137329102,12.137806892,0.864782274,0.496174067,0.071441375,0.029310003
1653512978.371606112,468.080932617,-1129.328002930,11.946593285,0.862522542,0.499964803,0.072177738,0.029671902
1653512978.438257456,468.080932617,-1129.328002930,11.946593285,0.862522542,0.499964803,0.072177738,0.029671902
1653512978.505175352,469.335144043,-1127.431274414,11.748690605,0.860157549,0.503918588,0.072587751,0.030430855
1653512978.571756601,469.335144043,-1127.431274414,11.748690605,0.860157549,0.503918588,0.072587751,0.030430855
1653512978.639295816,470.517059326,-1125.603759766,11.569008827,0.857489884,0.508291304,0.073815547,0.030037934
1653512978.705454588,470.517059326,-1125.603759766,11.569008827,0.857489884,0.508291304,0.073815547,0.030037934
1653512978.772555113,471.679748535,-1123.755859375,11.391917229,0.854575634,0.513166189,0.074278340,0.029045938
1653512978.838471651,471.679748535,-1123.755859375,11.391917229,0.854575634,0.513166189,0.074278340,0.029045938
1653512978.905374765,472.786834717,-1121.947021484,11.225406647,0.851307869,0.518566847,0.074612372,0.028220005
1653512978.972338676,472.786834717,-1121.947021484,11.225406647,0.851307869,0.518566847,0.074612372,0.028220005
1653512979.038645744,473.883941650,-1120.114501953,11.057086945,0.847815454,0.524366617,0.074339546,0.026873417
1653512979.105947018,473.883941650,-1120.114501953,11.057086945,0.847815454,0.524366617,0.074339546,0.026873417
1653512979.172588110,474.909912109,-1118.350219727,10.901426315,0.843931735,0.530775964,0.073378377,0.025916256
1653512979.240050316,474.909912109,-1118.350219727,10.901426315,0.843931735,0.530775964,0.073378377,0.025916256
1653512979.305100679,475.910491943,-1116.599243164,10.751556396,0.839690447,0.537842214,0.070824131,0.025092842
1653512979.371827364,475.910491943,-1116.599243164,10.751556396,0.839690447,0.537842214,0.070824131,0.025092842
1653512979.438670397,476.899322510,-1114.788085938,10.590403557,0.835247815,0.544971168,0.068853557,0.025033141
1653512979.505769491,476.899322510,-1114.788085938,10.590403557,0.835247815,0.544971168,0.068853557,0.025033141
1653512979.571820736,477.975402832,-1112.734985352,10.395850182,0.830457509,0.552470267,0.067115188,0.024748228
1653512979.638541460,477.975402832,-1112.734985352,10.395850182,0.830457509,0.552470267,0.067115188,0.024748228
1653512979.705292463,478.909515381,-1110.912719727,10.239221573,0.825479448,0.559995055,0.066400021,0.024087654
1653512979.771607399,478.909515381,-1110.912719727,10.239221573,0.825479448,0.559995055,0.066400021,0.024087654
1653512979.840573311,479.690490723,-1109.387451172,10.131165504,0.820525229,0.567338824,0.066092961,0.022288397
1653512979.905570030,479.690490723,-1109.387451172,10.131165504,0.820525229,0.567338824,0.066092961,0.022288397
1653512979.972732544,480.705474854,-1107.292968750,9.950127602,0.815591514,0.574341655,0.066841245,0.021780966
1653512980.038268805,480.705474854,-1107.292968750,9.950127602,0.815591514,0.574341655,0.066841245,0.021780966
1653512980.105320454,481.523773193,-1105.615478516,9.833183289,0.810767591,0.581008315,0.068222567,0.020759618
1653512980.171750546,481.523773193,-1105.615478516,9.833183289,0.810767591,0.581008315,0.068222567,0.020759618
1653512980.238275290,482.399414062,-1103.739379883,9.685427666,0.806085289,0.587289214,0.069807023,0.021093184
1653512980.307190180,482.399414062,-1103.739379883,9.685427666,0.806085289,0.587289214,0.069807023,0.021093184
1653512980.372462034,483.251556396,-1101.888671875,9.538505554,0.801646829,0.593170285,0.070899419,0.022014944
1653512980.438207150,483.251556396,-1101.888671875,9.538505554,0.801646829,0.593170285,0.070899419,0.022014944
1653512980.505365849,484.033660889,-1100.162475586,9.399304390,0.797324777,0.598815382,0.071555033,0.023942059
1653512980.572546005,484.033660889,-1100.162475586,9.399304390,0.797324777,0.598815382,0.071555033,0.023942059
1653512980.638144493,484.926055908,-1098.052612305,9.202543259,0.793073118,0.604294956,0.071632363,0.027044071
1653512980.705167770,484.926055908,-1098.052612305,9.202543259,0.793073118,0.604294956,0.071632363,0.027044071
1653512980.772065878,485.669860840,-1096.296752930,9.062868118,0.788215220,0.610484421,0.072811462,0.026906710
1653512980.841410637,485.669860840,-1096.296752930,9.062868118,0.788215220,0.610484421,0.072811462,0.026906710
1653512980.913619757,486.329620361,-1094.675659180,8.943216324,0.782520771,0.617723525,0.073280692,0.026625317
1653512980.973651886,486.329620361,-1094.675659180,8.943216324,0.782520771,0.617723525,0.073280692,0.026625317
1653512981.038504362,487.114227295,-1092.578369141,8.771158218,0.776366293,0.625485897,0.072770968,0.026966212
1653512981.106380939,487.114227295,-1092.578369141,8.771158218,0.776366293,0.625485897,0.072770968,0.026966212
1653512981.171664000,487.739868164,-1090.839843750,8.643524170,0.770052195,0.633116126,0.074593380,0.024889333
1653512981.238515854,487.739868164,-1090.839843750,8.643524170,0.770052195,0.633116126,0.074593380,0.024889333
1653512981.305208921,488.424285889,-1088.821044922,8.487905502,0.762943029,0.641649544,0.074979238,0.024121812
1653512981.371705770,488.424285889,-1088.821044922,8.487905502,0.762943029,0.641649544,0.074979238,0.024121812
1653512981.438236713,489.046569824,-1086.929443359,8.351405144,0.755163789,0.650796115,0.075297944,0.022853153
1653512981.505383730,489.046569824,-1086.929443359,8.351405144,0.755163789,0.650796115,0.075297944,0.022853153
1653512981.571848869,489.598175049,-1085.171997070,8.229045868,0.746677101,0.660455346,0.076162450,0.021710955
1653512981.638628483,489.598175049,-1085.171997070,8.229045868,0.746677101,0.660455346,0.076162450,0.021710955
1653512981.705254793,490.199676514,-1083.128784180,8.073898315,0.737647057,0.670410931,0.077012643,0.022249622
1653512981.772854328,490.199676514,-1083.128784180,8.073898315,0.737647057,0.670410931,0.077012643,0.022249622
1653512981.840142965,490.732910156,-1081.256958008,7.937564850,0.728620410,0.680050194,0.078347407,0.022486782
1653512981.913704395,490.732910156,-1081.256958008,7.937564850,0.728620410,0.680050194,0.078347407,0.022486782
1653512981.971711636,491.202697754,-1079.569702148,7.830314636,0.719584167,0.689533770,0.079303212,0.021278564
1653512982.038666010,491.202697754,-1079.569702148,7.830314636,0.719584167,0.689533770,0.079303212,0.021278564
1653512982.104847670,491.724304199,-1077.477294922,7.681630135,0.711048245,0.698196232,0.080469631,0.021379175
1653512982.171927691,491.724304199,-1077.477294922,7.681630135,0.711048245,0.698196232,0.080469631,0.021379175
1653512982.238473654,492.156707764,-1075.741210938,7.582041264,0.702799201,0.706539571,0.080559745,0.019627163
1653512982.305049419,492.156707764,-1075.741210938,7.582041264,0.702799201,0.706539571,0.080559745,0.019627163
1653512982.371637344,492.588958740,-1073.840209961,7.461052418,0.694353759,0.714852571,0.080848858,0.017949818
1653512982.438925028,492.588958740,-1073.840209961,7.461052418,0.694353759,0.714852571,0.080848858,0.017949818
1653512982.505170345,492.980743408,-1072.071655273,7.370698452,0.686212838,0.722674906,0.081172436,0.016247369
1653512982.572844267,492.980743408,-1072.071655273,7.370698452,0.686212838,0.722674906,0.081172436,0.016247369
1653512982.639064074,493.360565186,-1070.161010742,7.261412621,0.677643716,0.730677068,0.081754178,0.015042075
1653512982.704753399,493.360565186,-1070.161010742,7.261412621,0.677643716,0.730677068,0.081754178,0.015042075
1653512982.771691561,493.696350098,-1068.397338867,7.172665596,0.668182969,0.739186049,0.083443843,0.013139169
1653512982.839657784,493.696350098,-1068.397338867,7.172665596,0.668182969,0.739186049,0.083443843,0.013139169
1653512982.906646967,494.022644043,-1066.436401367,7.053839207,0.657961428,0.748056114,0.085700743,0.012418004
1653512982.971713066,494.022644043,-1066.436401367,7.053839207,0.657961428,0.748056114,0.085700743,0.012418004
1653512983.039287806,494.306518555,-1064.676391602,6.954137802,0.647265494,0.757077575,0.088107213,0.010865526
1653512983.105298281,494.306518555,-1064.676391602,6.954137802,0.647265494,0.757077575,0.088107213,0.010865526
1653512983.179340124,494.589721680,-1062.604370117,6.806505680,0.638208449,0.764561296,0.089677230,0.009696319
1653512983.238537073,494.589721680,-1062.604370117,6.806505680,0.638208449,0.764561296,0.089677230,0.009696319
1653512983.304990053,494.848297119,-1060.626098633,6.677193165,0.630107582,0.771095276,0.091115087,0.008635201
1653512983.376074314,494.848297119,-1060.626098633,6.677193165,0.630107582,0.771095276,0.091115087,0.008635201
1653512983.438403845,495.043182373,-1059.045654297,6.575389862,0.622894347,0.776518941,0.094635770,0.008062522
1653512983.505892038,495.043182373,-1059.045654297,6.575389862,0.622894347,0.776518941,0.094635770,0.008062522
1653512983.571981430,495.246795654,-1056.929565430,6.417719841,0.615797997,0.782187283,0.094279654,0.009342154
1653512983.638098717,495.246795654,-1056.929565430,6.417719841,0.615797997,0.782187283,0.094279654,0.009342154
1653512983.705019474,495.406402588,-1054.968627930,6.271267414,0.609360456,0.787391126,0.092870340,0.008371965
1653512983.771708250,495.406402588,-1054.968627930,6.271267414,0.609360456,0.787391126,0.092870340,0.008371965
1653512983.838240147,495.540588379,-1053.277221680,6.158137321,0.601973116,0.793374300,0.090198249,0.007061835
1653512983.904858351,495.540588379,-1053.277221680,6.158137321,0.601973116,0.793374300,0.090198249,0.007061835
1653512983.972710848,495.645446777,-1051.464599609,6.035506248,0.592682838,0.800623953,0.087638855,0.006916130
1653512984.038580656,495.645446777,-1051.464599609,6.035506248,0.592682838,0.800623953,0.087638855,0.006916130
1653512984.105433226,495.727478027,-1049.409545898,5.897291660,0.583229303,0.807463050,0.088230170,0.007899223
1653512984.171731710,495.727478027,-1049.409545898,5.897291660,0.583229303,0.807463050,0.088230170,0.007899223
1653512984.239676237,495.780548096,-1047.651489258,5.790009499,0.574634612,0.813383460,0.090269968,0.007331409
1653512984.305311918,495.780548096,-1047.651489258,5.790009499,0.574634612,0.813383460,0.090269968,0.007331409
1653512984.372393131,495.792480469,-1045.567016602,5.651175022,0.567034304,0.818426669,0.092616752,0.008488846
1653512984.438219070,495.792480469,-1045.567016602,5.651175022,0.567034304,0.818426669,0.092616752,0.008488846
1653512984.504871845,495.792327881,-1043.828369141,5.545055866,0.560413063,0.822766125,0.094382115,0.009224808
1653512984.572000265,495.792327881,-1043.828369141,5.545055866,0.560413063,0.822766125,0.094382115,0.009224808
1653512984.638386965,495.752868652,-1041.911743164,5.417347431,0.555690050,0.825826049,0.095538951,0.009603328
1653512984.705232143,495.752868652,-1041.911743164,5.417347431,0.555690050,0.825826049,0.095538951,0.009603328
1653512984.772055864,495.677795410,-1039.990234375,5.287989140,0.551102102,0.828797817,0.096397839,0.009383978
1653512984.838567972,495.677795410,-1039.990234375,5.287989140,0.551102102,0.828797817,0.096397839,0.009383978
1653512984.904883146,495.652679443,-1038.644042969,5.215487003,0.546850801,0.831641972,0.096199490,0.008454395
1653512984.971564054,495.652679443,-1038.644042969,5.215487003,0.546850801,0.831641972,0.096199490,0.008454395
1653512985.038232803,495.528503418,-1036.732543945,5.085212708,0.542864680,0.834244788,0.096150734,0.009414804
1653512985.105052948,495.528503418,-1036.732543945,5.085212708,0.542864680,0.834244788,0.096150734,0.009414804
1653512985.172070742,495.358551025,-1034.640747070,4.941327095,0.539093494,0.836822391,0.095050097,0.008482868
1653512985.238639593,495.358551025,-1034.640747070,4.941327095,0.539093494,0.836822391,0.095050097,0.008482868
1653512985.304763794,495.236053467,-1033.119750977,4.854368210,0.536333621,0.838595390,0.095198527,0.006423466
1653512985.372284412,495.236053467,-1033.119750977,4.854368210,0.536333621,0.838595390,0.095198527,0.006423466
1653512985.438583612,495.030700684,-1031.250122070,4.722335815,0.535194635,0.839418530,0.094335362,0.006635212
1653512985.505475283,495.030700684,-1031.250122070,4.722335815,0.535194635,0.839418530,0.094335362,0.006635212
1653512985.572317362,494.812133789,-1029.413696289,4.587182045,0.534077346,0.840168953,0.094012253,0.006264782
1653512985.638292551,494.812133789,-1029.413696289,4.587182045,0.534077346,0.840168953,0.094012253,0.006264782
1653512985.704994917,494.634307861,-1027.981567383,4.482706070,0.532541871,0.841159821,0.093902178,0.005628751
1653512985.771413088,494.634307861,-1027.981567383,4.482706070,0.532541871,0.841159821,0.093902178,0.005628751
1653512985.838331461,494.306335449,-1025.902099609,4.316779137,0.531810641,0.841528773,0.094639204,0.007084418
1653512985.904814959,494.306335449,-1025.902099609,4.316779137,0.531810641,0.841528773,0.094639204,0.007084418
1653512985.972532511,494.124664307,-1024.594726562,4.227982044,0.531946838,0.841387630,0.095165931,0.006547262
1653512986.038180828,494.124664307,-1024.594726562,4.227982044,0.531946838,0.841387630,0.095165931,0.006547262
1653512986.105338097,493.792510986,-1022.743957520,4.081803799,0.531845570,0.841450036,0.095142104,0.007074291
1653512986.173968077,493.792510986,-1022.743957520,4.081803799,0.531845570,0.841450036,0.095142104,0.007074291
1653512986.238059759,493.344055176,-1020.524291992,3.900809526,0.531980872,0.841421545,0.094603263,0.007510296
1653512986.305212498,493.344055176,-1020.524291992,3.900809526,0.531980872,0.841421545,0.094603263,0.007510296
1653512986.371530294,493.144714355,-1019.405883789,3.829491377,0.532984734,0.840912640,0.093608141,0.005547458
1653512986.438386202,493.144714355,-1019.405883789,3.829491377,0.532984734,0.840912640,0.093608141,0.005547458
1653512986.504965544,492.685607910,-1017.442321777,3.669860125,0.533537626,0.840655029,0.092785388,0.005253162
1653512986.574990511,492.685607910,-1017.442321777,3.669860125,0.533537626,0.840655029,0.092785388,0.005253162
1653512986.638289213,492.289825439,-1015.803955078,3.547952890,0.533347607,0.841006339,0.090759650,0.003366003
1653512986.704921961,492.289825439,-1015.803955078,3.547952890,0.533347607,0.841006339,0.090759650,0.003366003
1653512986.771554708,491.881408691,-1014.229675293,3.420234203,0.533149481,0.841457009,0.087729290,0.002299824
1653512986.838293076,491.881408691,-1014.229675293,3.420234203,0.533149481,0.841457009,0.087729290,0.002299824
1653512986.905043602,491.373779297,-1012.414855957,3.267129421,0.532262146,0.842317462,0.084794730,0.002847251
1653512986.972157240,491.373779297,-1012.414855957,3.267129421,0.532262146,0.842317462,0.084794730,0.002847251
1653512987.038214684,490.958251953,-1010.945739746,3.147329092,0.530299604,0.843740940,0.082924515,0.002657529
1653512987.104723930,490.958251953,-1010.945739746,3.147329092,0.530299604,0.843740940,0.082924515,0.002657529
1653512987.171597719,490.449432373,-1009.298950195,3.006374598,0.527726948,0.845475376,0.081664108,0.002572032
1653512987.239071846,490.449432373,-1009.298950195,3.006374598,0.527726948,0.845475376,0.081664108,0.002572032
1653512987.304830313,489.823364258,-1007.413879395,2.841955185,0.524372220,0.847716689,0.080012970,0.002851077
1653512987.374302387,489.823364258,-1007.413879395,2.841955185,0.524372220,0.847716689,0.080012970,0.002851077
1653512987.438054800,489.304260254,-1005.882629395,2.717976093,0.520811796,0.850150585,0.077437729,0.001586116
1653512987.504743576,489.304260254,-1005.882629395,2.717976093,0.520811796,0.850150585,0.077437729,0.001586116
1653512987.571573257,488.618957520,-1004.026489258,2.558139086,0.516444862,0.852940261,0.075996600,0.001455643
1653512987.638792753,488.618957520,-1004.026489258,2.558139086,0.516444862,0.852940261,0.075996600,0.001455643
1653512987.704832792,488.084655762,-1002.596130371,2.459816456,0.510886729,0.856376112,0.074928492,0.000633284
1653512987.771955967,488.084655762,-1002.596130371,2.459816456,0.510886729,0.856376112,0.074928492,0.000633284
1653512987.842143536,487.379425049,-1000.833862305,2.329307556,0.505001068,0.859846413,0.075080395,0.000974811
1653512987.905296087,487.379425049,-1000.833862305,2.329307556,0.505001068,0.859846413,0.075080395,0.000974811
1653512987.971415520,486.655761719,-999.088134766,2.212869644,0.499480814,0.862777352,0.078320123,0.000272963
1653512988.038406610,486.655761719,-999.088134766,2.212869644,0.499480814,0.862777352,0.078320123,0.000272963
1653512988.104806185,486.009887695,-997.546997070,2.117476463,0.494734704,0.865313411,0.080435567,-0.000596821
1653512988.171473265,486.009887695,-997.546997070,2.117476463,0.494734704,0.865313411,0.080435567,-0.000596821
1653512988.238441467,485.281738281,-995.880615234,2.006203175,0.490976423,0.867247343,0.082586281,-0.001929284
1653512988.304987907,485.281738281,-995.880615234,2.006203175,0.490976423,0.867247343,0.082586281,-0.001929284
1653512988.371607780,484.473266602,-994.088928223,1.879707575,0.487952590,0.868757904,0.084574357,-0.003019877
1653512988.438327789,484.473266602,-994.088928223,1.879707575,0.487952590,0.868757904,0.084574357,-0.003019877
1653512988.504765749,483.840026855,-992.682983398,1.787594438,0.485322028,0.870132387,0.085539505,-0.003893389
1653512988.575938463,483.840026855,-992.682983398,1.787594438,0.485322028,0.870132387,0.085539505,-0.003893389
1653512988.642119408,482.930908203,-990.829650879,1.637253761,0.482627332,0.871481717,0.087024771,-0.004148453
1653512988.704946041,482.930908203,-990.829650879,1.637253761,0.482627332,0.871481717,0.087024771,-0.004148453
1653512988.773265123,482.169616699,-989.290527344,1.526218176,0.478779435,0.873795688,0.084981441,-0.005430398
1653512988.840379715,482.169616699,-989.290527344,1.526218176,0.478779435,0.873795688,0.084981441,-0.005430398
1653512988.904964209,481.353515625,-987.732421875,1.409133911,0.474246114,0.876405656,0.083385617,-0.007113875
1653512988.971514702,481.353515625,-987.732421875,1.409133911,0.474246114,0.876405656,0.083385617,-0.007113875
1653512989.040518999,480.565063477,-986.266906738,1.300984263,0.469163090,0.879318833,0.081162684,-0.009847915
1653512989.104753494,480.565063477,-986.266906738,1.300984263,0.469163090,0.879318833,0.081162684,-0.009847915
1653512989.172756910,479.585021973,-984.551513672,1.156155229,0.462809473,0.882873654,0.078760780,-0.011757263
1653512989.238219738,479.585021973,-984.551513672,1.156155229,0.462809473,0.882873654,0.078760780,-0.011757263
1653512989.304747105,478.786865234,-983.150207520,1.061605096,0.456050605,0.886586845,0.076067604,-0.013976226
1653512989.371629715,478.786865234,-983.150207520,1.061605096,0.456050605,0.886586845,0.076067604,-0.013976226
1653512989.438212872,477.862091064,-981.580566406,0.934043944,0.450096607,0.889596581,0.075988255,-0.016021982
1653512989.504727364,477.862091064,-981.580566406,0.934043944,0.450096607,0.889596581,0.075988255,-0.016021982
1653512989.573599339,476.957672119,-980.060485840,0.814212501,0.445370436,0.891801417,0.077727854,-0.017138729
1653512989.638259411,476.957672119,-980.060485840,0.814212501,0.445370436,0.891801417,0.077727854,-0.017138729
1653512989.706996918,475.949554443,-978.410156250,0.673809767,0.441335678,0.893659770,0.079618596,-0.015996093
1653512989.771784306,475.949554443,-978.410156250,0.673809767,0.441335678,0.893659770,0.079618596,-0.015996093
1653512989.839789152,475.059204102,-976.966979980,0.558809519,0.438349009,0.895034134,0.080537617,-0.016663797
1653512989.905484915,475.059204102,-976.966979980,0.558809519,0.438349009,0.895034134,0.080537617,-0.016663797
1653512989.971984386,474.086456299,-975.437133789,0.429356724,0.436252624,0.896153688,0.079116799,-0.018242871
1653512990.038418293,474.086456299,-975.437133789,0.429356724,0.436252624,0.896153688,0.079116799,-0.018242871
1653512990.104805708,473.025482178,-973.835388184,0.282129079,0.434293061,0.897294343,0.076558881,-0.019776937
1653512990.171681881,473.025482178,-973.835388184,0.282129079,0.434293061,0.897294343,0.076558881,-0.019776937
1653512990.238287210,472.070709229,-972.406860352,0.160468936,0.432009041,0.898583293,0.073595159,-0.022361489
1653512990.304970980,472.070709229,-972.406860352,0.160468936,0.432009041,0.898583293,0.073595159,-0.022361489
1653512990.372891665,470.978271484,-970.834411621,0.018050196,0.429432034,0.899943650,0.071173638,-0.024977179
1653512990.439856291,470.978271484,-970.834411621,0.018050196,0.429432034,0.899943650,0.071173638,-0.024977179
1653512990.504721880,470.019317627,-969.455200195,-0.094539940,0.425532699,0.901758671,0.070518315,-0.027936416
1653512990.572552919,470.019317627,-969.455200195,-0.094539940,0.425532699,0.901758671,0.070518315,-0.027936416
1653512990.638033390,468.982421875,-968.021789551,-0.220432833,0.421028316,0.903822362,0.070327044,-0.029906835
1653512990.704680443,468.982421875,-968.021789551,-0.220432833,0.421028316,0.903822362,0.070327044,-0.029906835
1653512990.772369862,467.751922607,-966.404296875,-0.379900783,0.416373610,0.905921936,0.070400283,-0.031340554
1653512990.838733196,467.751922607,-966.404296875,-0.379900783,0.416373610,0.905921936,0.070400283,-0.031340554
1653512990.905481100,466.816497803,-965.142333984,-0.486877322,0.411552817,0.908122838,0.069311447,-0.033662152
1653512990.971750975,466.816497803,-965.142333984,-0.486877322,0.411552817,0.908122838,0.069311447,-0.033662152
1653512991.038215876,465.691162109,-963.700073242,-0.632891059,0.406685680,0.910378754,0.067522176,-0.035469331
1653512991.105070829,465.691162109,-963.700073242,-0.632891059,0.406685680,0.910378754,0.067522176,-0.035469331
1653512991.171529293,464.672302246,-962.386352539,-0.757284522,0.402683139,0.912241697,0.065178245,-0.037591729
1653512991.238102913,464.672302246,-962.386352539,-0.757284522,0.402683139,0.912241697,0.065178245,-0.037591729
1653512991.304782629,463.472839355,-960.899047852,-0.916670263,0.399430484,0.913699210,0.063945740,-0.038987294
1653512991.371834040,463.472839355,-960.899047852,-0.916670263,0.399430484,0.913699210,0.063945740,-0.038987294
1653512991.439472914,462.373870850,-959.523559570,-1.056996107,0.397015303,0.914762318,0.062618181,-0.040837638
1653512991.505193233,462.373870850,-959.523559570,-1.056996107,0.397015303,0.914762318,0.062618181,-0.040837638
1653512991.573064089,461.366912842,-958.245971680,-1.183133125,0.394188046,0.915960848,0.061893623,-0.042434715
1653512991.638746977,461.366912842,-958.245971680,-1.183133125,0.394188046,0.915960848,0.061893623,-0.042434715
1653512991.705263615,460.244598389,-956.877868652,-1.333559513,0.391723037,0.916992068,0.061824270,-0.043085840
1653512991.772422075,460.244598389,-956.877868652,-1.333559513,0.391723037,0.916992068,0.061824270,-0.043085840
1653512991.838058949,459.028015137,-955.437683105,-1.503063321,0.389848799,0.917769790,0.062088951,-0.043144368
1653512991.905065536,459.028015137,-955.437683105,-1.503063321,0.389848799,0.917769790,0.062088951,-0.043144368
1653512991.971558809,458.021026611,-954.219543457,-1.642509699,0.387747407,0.918581843,0.062334992,-0.044426352
1653512992.040899038,458.021026611,-954.219543457,-1.642509699,0.387747407,0.918581843,0.062334992,-0.044426352
1653512992.104912996,456.809844971,-952.831787109,-1.816692591,0.385224849,0.919684470,0.061927184,-0.044127997
1653512992.171661854,456.809844971,-952.831787109,-1.816692591,0.385224849,0.919684470,0.061927184,-0.044127997
1653512992.238309860,455.681121826,-951.538513184,-1.972483158,0.382698417,0.920803249,0.060787302,-0.044364013
1653512992.305243492,455.681121826,-951.538513184,-1.972483158,0.382698417,0.920803249,0.060787302,-0.044364013
1653512992.371894836,454.537414551,-950.251831055,-2.122685432,0.380126804,0.921935737,0.059365112,-0.044876248
1653512992.438023329,454.537414551,-950.251831055,-2.122685432,0.380126804,0.921935737,0.059365112,-0.044876248
1653512992.504758835,453.368286133,-948.958007812,-2.269625187,0.377123266,0.923310101,0.056829683,-0.045242254
1653512992.572231531,453.368286133,-948.958007812,-2.269625187,0.377123266,0.923310101,0.056829683,-0.045242254
1653512992.638621807,452.211700439,-947.704833984,-2.407844543,0.374011278,0.924650848,0.054784637,-0.046205942
1653512992.704674959,452.211700439,-947.704833984,-2.407844543,0.374011278,0.924650848,0.054784637,-0.046205942
1653512992.775064468,451.055084229,-946.466674805,-2.543121576,0.370922089,0.925910413,0.052711688,-0.048251774
1653512992.838116646,451.055084229,-946.466674805,-2.543121576,0.370922089,0.925910413,0.052711688,-0.048251774
1653512992.904703617,449.704071045,-945.066772461,-2.700876236,0.367499053,0.927294314,0.051023275,-0.049662605
1653512992.972961426,449.704071045,-945.066772461,-2.700876236,0.367499053,0.927294314,0.051023275,-0.049662605
1653512993.037928104,448.663635254,-943.957153320,-2.816984892,0.364465535,0.928437054,0.050693411,-0.050986987
1653512993.105121613,448.663635254,-943.957153320,-2.816984892,0.364465535,0.928437054,0.050693411,-0.050986987
1653512993.171752214,447.444213867,-942.704101562,-2.971423626,0.361800402,0.929445148,0.050827511,-0.051465806
1653512993.238880157,447.444213867,-942.704101562,-2.971423626,0.361800402,0.929445148,0.050827511,-0.051465806
1653512993.304916143,446.325744629,-941.537414551,-3.113593578,0.359285384,0.930445194,0.050500572,-0.051337097
1653512993.371842861,446.325744629,-941.537414551,-3.113593578,0.359285384,0.930445194,0.050500572,-0.051337097
1653512993.438040257,445.239074707,-940.402954102,-3.257389784,0.356694043,0.931501746,0.049993515,-0.050740004
1653512993.504780531,445.239074707,-940.402954102,-3.257389784,0.356694043,0.931501746,0.049993515,-0.050740004
1653512993.571409225,444.033386230,-939.185852051,-3.420850754,0.354150742,0.932493448,0.050148379,-0.050183058
1653512993.638526678,444.033386230,-939.185852051,-3.420850754,0.354150742,0.932493448,0.050148379,-0.050183058
1653512993.704815149,442.830047607,-937.976928711,-3.580665350,0.351981640,0.933320701,0.050125353,-0.050087713
1653512993.771510601,442.830047607,-937.976928711,-3.580665350,0.351981640,0.933320701,0.050125353,-0.050087713
1653512993.839307785,441.661346436,-936.805419922,-3.734424829,0.349874288,0.934041202,0.050637204,-0.050900798
1653512993.904986382,441.661346436,-936.805419922,-3.734424829,0.349874288,0.934041202,0.050637204,-0.050900798
1653512993.971404791,440.613311768,-935.746276855,-3.871441364,0.347711504,0.934831142,0.050666302,-0.051189270
1653512994.038265944,440.613311768,-935.746276855,-3.871441364,0.347711504,0.934831142,0.050666302,-0.051189270
1653512994.104812145,439.248931885,-934.467895508,-4.056805611,0.345682651,0.935582280,0.051475406,-0.050394528
1653512994.173690081,439.248931885,-934.467895508,-4.056805611,0.345682651,0.935582280,0.051475406,-0.050394528
1653512994.237947226,437.977050781,-933.274169922,-4.229808331,0.343933791,0.936198652,0.052167211,-0.050201833
1653512994.304841280,437.977050781,-933.274169922,-4.229808331,0.343933791,0.936198652,0.052167211,-0.050201833
1653512994.371435642,436.869598389,-932.210876465,-4.383282661,0.341692597,0.937049448,0.051188737,-0.050638236
1653512994.438112497,436.869598389,-932.210876465,-4.383282661,0.341692597,0.937049448,0.051188737,-0.050638236
1653512994.504729033,435.657318115,-931.077453613,-4.560960770,0.339322358,0.938027084,0.049950611,-0.049703766
1653512994.571455717,435.657318115,-931.077453613,-4.560960770,0.339322358,0.938027084,0.049950611,-0.049703766
1653512994.639071703,434.370574951,-929.902221680,-4.755154610,0.337891340,0.938581228,0.049362916,-0.049578425
1653512994.704674482,434.370574951,-929.902221680,-4.755154610,0.337891340,0.938581228,0.049362916,-0.049578425
1653512994.772435904,433.077941895,-928.730163574,-4.951472282,0.336887389,0.938978672,0.048378494,-0.049853843
1653512994.838790894,433.077941895,-928.730163574,-4.951472282,0.336887389,0.938978672,0.048378494,-0.049853843
1653512994.904986620,431.907196045,-927.655822754,-5.128663540,0.335611373,0.939521670,0.046921883,-0.049622491
1653512994.972625256,431.907196045,-927.655822754,-5.128663540,0.335611373,0.939521670,0.046921883,-0.049622491
1653512995.038314819,430.651794434,-926.535644531,-5.319335938,0.334610254,0.939929128,0.046149414,-0.049390506
1653512995.105075359,430.651794434,-926.535644531,-5.319335938,0.334610254,0.939929128,0.046149414,-0.049390506
1653512995.171494961,429.388854980,-925.412841797,-5.505331039,0.334111691,0.940108061,0.045487814,-0.049970768
1653512995.240976334,429.388854980,-925.412841797,-5.505331039,0.334111691,0.940108061,0.045487814,-0.049970768
1653512995.305555582,428.170867920,-924.337524414,-5.688500404,0.333163053,0.940480947,0.044469059,-0.050204046
1653512995.371704578,428.170867920,-924.337524414,-5.688500404,0.333163053,0.940480947,0.044469059,-0.050204046
1653512995.438042164,426.948120117,-923.268554688,-5.875113964,0.332454294,0.940773904,0.043222547,-0.050502036
1653512995.504707813,426.948120117,-923.268554688,-5.875113964,0.332454294,0.940773904,0.043222547,-0.050502036
1653512995.571804285,425.833190918,-922.283081055,-6.040892601,0.332333863,0.940880120,0.041338600,-0.050891373
1653512995.639519215,425.833190918,-922.283081055,-6.040892601,0.332333863,0.940880120,0.041338600,-0.050891373
1653512995.705320120,424.448699951,-921.125610352,-6.251129627,0.331959724,0.941023350,0.039581191,-0.052068911
1653512995.772505045,424.448699951,-921.125610352,-6.251129627,0.331959724,0.941023350,0.039581191,-0.052068911
1653512995.838066816,423.206420898,-920.069946289,-6.443806648,0.331569999,0.941228032,0.036810659,-0.052878037
1653512995.904762983,423.206420898,-920.069946289,-6.443806648,0.331569999,0.941228032,0.036810659,-0.052878037
1653512995.971569538,421.944946289,-919.014587402,-6.638948917,0.330785304,0.941509008,0.034614444,-0.054256316
1653512996.037989140,421.944946289,-919.014587402,-6.638948917,0.330785304,0.941509008,0.034614444,-0.054256316
1653512996.104862452,420.795623779,-918.034240723,-6.817735195,0.329859048,0.941832125,0.032491535,-0.055583388
1653512996.171698809,420.795623779,-918.034240723,-6.817735195,0.329859048,0.941832125,0.032491535,-0.055583388
1653512996.237940788,419.465209961,-916.938903809,-7.028107166,0.328791052,0.942204833,0.031166032,-0.056348342
1653512996.304811001,419.465209961,-916.938903809,-7.028107166,0.328791052,0.942204833,0.031166032,-0.056348342
1653512996.372017384,418.251892090,-915.925598145,-7.218515396,0.327701509,0.942632794,0.029046178,-0.056669928
1653512996.438388109,418.251892090,-915.925598145,-7.218515396,0.327701509,0.942632794,0.029046178,-0.056669928
1653512996.504993677,416.970092773,-914.864746094,-7.417806625,0.326684088,0.943075299,0.027312551,-0.056039892
1653512996.571323395,416.970092773,-914.864746094,-7.417806625,0.326684088,0.943075299,0.027312551,-0.056039892
1653512996.640495062,415.778808594,-913.866149902,-7.600894451,0.326311290,0.943286538,0.026036574,-0.055259049
1653512996.704679012,415.778808594,-913.866149902,-7.600894451,0.326311290,0.943286538,0.026036574,-0.055259049
1653512996.771484852,414.547058105,-912.838256836,-7.785052299,0.326022416,0.943447709,0.024510324,-0.054909643
1653512996.839174747,414.547058105,-912.838256836,-7.785052299,0.326022416,0.943447709,0.024510324,-0.054909643
1653512996.904666185,413.225006104,-911.761840820,-7.986226082,0.326223850,0.943448186,0.023633797,-0.054082520
1653512996.971971989,413.225006104,-911.761840820,-7.986226082,0.326223850,0.943448186,0.023633797,-0.054082520
1653512997.038716555,412.132263184,-910.812072754,-8.146453857,0.327368021,0.943049729,0.023216316,-0.054299321
1653512997.104618549,412.132263184,-910.812072754,-8.146453857,0.327368021,0.943049729,0.023216316,-0.054299321
1653512997.172584772,410.818328857,-909.729980469,-8.341132164,0.328492343,0.942651331,0.023898020,-0.054130558
1653512997.237959623,410.818328857,-909.729980469,-8.341132164,0.328492343,0.942651331,0.023898020,-0.054130558
1653512997.304567814,409.647277832,-908.730773926,-8.505581856,0.329777271,0.942164004,0.024580851,-0.054494884
1653512997.371359348,409.647277832,-908.730773926,-8.505581856,0.329777271,0.942164004,0.024580851,-0.054494884
1653512997.438137293,408.361267090,-907.673950195,-8.684780121,0.331131965,0.941600621,0.025948027,-0.055376593
1653512997.504647255,408.361267090,-907.673950195,-8.684780121,0.331131965,0.941600621,0.025948027,-0.055376593
1653512997.574231148,407.135772705,-906.651428223,-8.852567673,0.333089024,0.940884411,0.026950404,-0.055334464
1653512997.637998819,407.135772705,-906.651428223,-8.852567673,0.333089024,0.940884411,0.026950404,-0.055334464
1653512997.705234289,405.932434082,-905.637939453,-9.016695023,0.335307688,0.940058768,0.028039444,-0.055426169
1653512997.771732330,405.932434082,-905.637939453,-9.016695023,0.335307688,0.940058768,0.028039444,-0.055426169
1653512997.838040829,404.533966064,-904.530761719,-9.214051247,0.337656796,0.939188123,0.028866909,-0.055500399
1653512997.905097485,404.533966064,-904.530761719,-9.214051247,0.337656796,0.939188123,0.028866909,-0.055500399
1653512997.971542358,403.384490967,-903.566040039,-9.367448807,0.339309424,0.938521624,0.029838329,-0.056177560
1653512998.039137602,403.384490967,-903.566040039,-9.367448807,0.339309424,0.938521624,0.029838329,-0.056177560
1653512998.104700804,402.216156006,-902.595703125,-9.522757530,0.340252787,0.938120067,0.030541861,-0.056797791
1653512998.173099518,402.216156006,-902.595703125,-9.522757530,0.340252787,0.938120067,0.030541861,-0.056797791
1653512998.238136053,400.885009766,-901.538635254,-9.705861092,0.340872258,0.937813580,0.031600285,-0.057560954
1653512998.304692507,400.885009766,-901.538635254,-9.705861092,0.340872258,0.937813580,0.031600285,-0.057560954
1653512998.372908831,399.596618652,-900.505554199,-9.884488106,0.340780526,0.937782645,0.031894121,-0.058438640
1653512998.437889099,399.596618652,-900.505554199,-9.884488106,0.340780526,0.937782645,0.031894121,-0.058438640
1653512998.504698038,398.562957764,-899.622985840,-10.023654938,0.340078622,0.937975585,0.032553937,-0.059063870
1653512998.572678566,398.562957764,-899.622985840,-10.023654938,0.340078622,0.937975585,0.032553937,-0.059063870
1653512998.638727665,397.259735107,-898.598876953,-10.204138756,0.339490980,0.938152373,0.033726316,-0.058979124
1653512998.704923868,397.259735107,-898.598876953,-10.204138756,0.339490980,0.938152373,0.033726316,-0.058979124
1653512998.771330595,396.093597412,-897.655700684,-10.362698555,0.338415205,0.938525379,0.034256831,-0.058921579
1653512998.837964296,396.093597412,-897.655700684,-10.362698555,0.338415205,0.938525379,0.034256831,-0.058921579
1653512998.904681921,394.866851807,-896.681823730,-10.536981583,0.337280303,0.938990355,0.034687676,-0.057756986
1653512998.971443415,394.866851807,-896.681823730,-10.536981583,0.337280303,0.938990355,0.034687676,-0.057756986
1653512999.037881851,393.626617432,-895.699584961,-10.717419624,0.337670892,0.938878834,0.035994120,-0.056473766
1653512999.104515314,393.626617432,-895.699584961,-10.717419624,0.337670892,0.938878834,0.035994120,-0.056473766
1653512999.171307564,392.664916992,-894.880004883,-10.859704018,0.337814808,0.938786745,0.036877383,-0.056573890
1653512999.239604950,392.664916992,-894.880004883,-10.859704018,0.337814808,0.938786745,0.036877383,-0.056573890
1653512999.304535627,391.312866211,-893.845520020,-11.060321808,0.338547498,0.938535452,0.037525121,-0.055934180
1653512999.371323347,391.312866211,-893.845520020,-11.060321808,0.338547498,0.938535452,0.037525121,-0.055934180
1653512999.441348553,390.149475098,-892.921569824,-11.231873512,0.339216024,0.938299477,0.037768118,-0.055678777
1653512999.504595757,390.149475098,-892.921569824,-11.231873512,0.339216024,0.938299477,0.037768118,-0.055678777
1653512999.572347403,389.015045166,-892.009765625,-11.401576996,0.340371996,0.937910557,0.037575409,-0.055306263
1653512999.638147831,389.015045166,-892.009765625,-11.401576996,0.340371996,0.937910557,0.037575409,-0.055306263
1653512999.704633236,387.806304932,-891.074584961,-11.584973335,0.341922760,0.937360108,0.037561648,-0.055081856
1653512999.771947861,387.806304932,-891.074584961,-11.584973335,0.341922760,0.937360108,0.037561648,-0.055081856
1653512999.837999821,386.679199219,-890.180541992,-11.763328552,0.343373328,0.936838925,0.037046179,-0.055273816
1653512999.904704571,386.679199219,-890.180541992,-11.763328552,0.343373328,0.936838925,0.037046179,-0.055273816
1653512999.979657888,385.564361572,-889.297790527,-11.940831184,0.345390707,0.936132371,0.036704570,-0.054902267
1653513000.039044142,385.564361572,-889.297790527,-11.940831184,0.345390707,0.936132371,0.036704570,-0.054902267
1653513000.104960918,384.421386719,-888.388977051,-12.118100166,0.347278923,0.935478628,0.035932675,-0.054643299
1653513000.172086239,384.421386719,-888.388977051,-12.118100166,0.347278923,0.935478628,0.035932675,-0.054643299
1653513000.238021374,383.218597412,-887.482482910,-12.309359550,0.348996669,0.934878767,0.035387106,-0.054321252
1653513000.304904222,383.218597412,-887.482482910,-12.309359550,0.348996669,0.934878767,0.035387106,-0.054321252
1653513000.371258259,382.177032471,-886.658813477,-12.478068352,0.350810051,0.934253156,0.034684610,-0.053854216
1653513000.439853430,382.177032471,-886.658813477,-12.478068352,0.350810051,0.934253156,0.034684610,-0.053854216
1653513000.504588127,380.983764648,-885.751525879,-12.669248581,0.352594972,0.933621407,0.033416364,-0.053955797
1653513000.571429729,380.983764648,-885.751525879,-12.669248581,0.352594972,0.933621407,0.033416364,-0.053955797
1653513000.639382124,379.951110840,-884.942749023,-12.834175110,0.353713840,0.933245659,0.031930801,-0.054032024
1653513000.704680443,379.951110840,-884.942749023,-12.834175110,0.353713840,0.933245659,0.031930801,-0.054032024
1653513000.773924112,378.676849365,-884.001586914,-13.031842232,0.354694635,0.932895184,0.030094735,-0.054705154
1653513000.839157343,378.676849365,-884.001586914,-13.031842232,0.354694635,0.932895184,0.030094735,-0.054705154
1653513000.905523300,377.579406738,-883.163635254,-13.204088211,0.355163038,0.932695389,0.029058712,-0.055625342
1653513000.971355677,377.579406738,-883.163635254,-13.204088211,0.355163038,0.932695389,0.029058712,-0.055625342
1653513001.038026094,376.529602051,-882.345520020,-13.372331619,0.355858386,0.932454705,0.027124159,-0.056190256
1653513001.104484797,376.529602051,-882.345520020,-13.372331619,0.355858386,0.932454705,0.027124159,-0.056190256
1653513001.171574593,375.251342773,-881.405944824,-13.576663017,0.355637759,0.932567716,0.026196484,-0.056151636
1653513001.239049435,375.251342773,-881.405944824,-13.576663017,0.355637759,0.932567716,0.026196484,-0.056151636
1653513001.304619789,374.239410400,-880.618286133,-13.741934776,0.355399787,0.932641864,0.026332134,-0.056362715
1653513001.371322632,374.239410400,-880.618286133,-13.741934776,0.355399787,0.932641864,0.026332134,-0.056362715
1653513001.438452959,372.997161865,-879.708068848,-13.946555138,0.354420960,0.933077514,0.024762467,-0.056026787
1653513001.504544258,372.997161865,-879.708068848,-13.946555138,0.354420960,0.933077514,0.024762467,-0.056026787
1653513001.571331263,371.965240479,-878.900634766,-14.128129959,0.353912085,0.933290720,0.024196174,-0.055939712
1653513001.637951374,371.965240479,-878.900634766,-14.128129959,0.353912085,0.933290720,0.024196174,-0.055939712
1653513001.704586267,370.891021729,-878.076599121,-14.320469856,0.353547364,0.933492362,0.023346955,-0.055237863
1653513001.772369623,370.891021729,-878.076599121,-14.320469856,0.353547364,0.933492362,0.023346955,-0.055237863
1653513001.837838173,369.806549072,-877.241149902,-14.511952400,0.353632629,0.933508158,0.022758998,-0.054667186
1653513001.905114651,369.806549072,-877.241149902,-14.511952400,0.353632629,0.933508158,0.022758998,-0.054667186
1653513001.971369982,368.768066406,-876.423461914,-14.701877594,0.353204191,0.933754861,0.022211995,-0.053435203
1653513002.037947893,368.768066406,-876.423461914,-14.701877594,0.353204191,0.933754861,0.022211995,-0.053435203
1653513002.104752541,367.679565430,-875.579406738,-14.898395538,0.352422208,0.934148669,0.021010961,-0.052186120
1653513002.174499989,367.679565430,-875.579406738,-14.898395538,0.352422208,0.934148669,0.021010961,-0.052186120
1653513002.237895250,366.727844238,-874.800048828,-15.070080757,0.352007985,0.934360445,0.020466197,-0.051400770
1653513002.304627895,366.727844238,-874.800048828,-15.070080757,0.352007985,0.934360445,0.020466197,-0.051400770
1653513002.372524977,365.502960205,-873.868774414,-15.279156685,0.352444351,0.934158504,0.020194782,-0.052182313
1653513002.438208342,365.502960205,-873.868774414,-15.279156685,0.352444351,0.934158504,0.020194782,-0.052182313
1653513002.504603386,364.544891357,-873.079162598,-15.430985451,0.352494597,0.934150159,0.019638827,-0.052205227
1653513002.572186947,364.544891357,-873.079162598,-15.430985451,0.352494597,0.934150159,0.019638827,-0.052205227
1653513002.637950420,363.603973389,-872.290893555,-15.575347900,0.353710920,0.933581471,0.019105203,-0.054306645
1653513002.705096006,363.603973389,-872.290893555,-15.575347900,0.353710920,0.933581471,0.019105203,-0.054306645
1653513002.771561384,362.597290039,-871.461181641,-15.731464386,0.354908973,0.933020353,0.019383324,-0.056008380
1653513002.840157032,362.597290039,-871.461181641,-15.731464386,0.354908973,0.933020353,0.019383324,-0.056008380
1653513002.906319857,361.411651611,-870.530578613,-15.916018486,0.355751157,0.932560563,0.019758537,-0.058150548
1653513002.971750736,361.411651611,-870.530578613,-15.916018486,0.355751157,0.932560563,0.019758537,-0.058150548
1653513003.038213730,360.467773438,-869.719970703,-16.065803528,0.358315051,0.931436479,0.021382995,-0.059826564
1653513003.104865789,360.467773438,-869.719970703,-16.065803528,0.358315051,0.931436479,0.021382995,-0.059826564
1653513003.173648834,359.451141357,-868.865600586,-16.230936050,0.360801607,0.930370748,0.023726743,-0.060576569
1653513003.237938881,359.451141357,-868.865600586,-16.230936050,0.360801607,0.930370748,0.023726743,-0.060576569
1653513003.304514408,358.443542480,-868.003967285,-16.398994446,0.362859994,0.929495096,0.026468197,-0.060588133
1653513003.373740911,358.443542480,-868.003967285,-16.398994446,0.362859994,0.929495096,0.026468197,-0.060588133
1653513003.439920187,357.530364990,-867.204772949,-16.554670334,0.365198106,0.928533614,0.029374091,-0.059940442
1653513003.505736828,357.530364990,-867.204772949,-16.554670334,0.365198106,0.928533614,0.029374091,-0.059940442
1653513003.572120905,356.432952881,-866.289916992,-16.739175797,0.367752641,0.927535295,0.031712435,-0.058571626
1653513003.637900114,356.432952881,-866.289916992,-16.739175797,0.367752641,0.927535295,0.031712435,-0.058571626
1653513003.704510212,355.587646484,-865.536682129,-16.875446320,0.368677646,0.927183688,0.033693902,-0.057200618
1653513003.772584438,355.587646484,-865.536682129,-16.875446320,0.368677646,0.927183688,0.033693902,-0.057200618
1653513003.839160681,354.578826904,-864.695251465,-17.034566879,0.370210171,0.926601171,0.035315149,-0.055745479
1653513003.904804707,354.578826904,-864.695251465,-17.034566879,0.370210171,0.926601171,0.035315149,-0.055745479
1653513003.971769333,353.548034668,-863.841613770,-17.190355301,0.370482057,0.926468611,0.036227282,-0.055556625
1653513004.038069487,353.548034668,-863.841613770,-17.190355301,0.370482057,0.926468611,0.036227282,-0.055556625
1653513004.104518414,352.600067139,-863.046752930,-17.327997208,0.369842142,0.926669657,0.037839670,-0.055392060
1653513004.171569347,352.600067139,-863.046752930,-17.327997208,0.369842142,0.926669657,0.037839670,-0.055392060
1653513004.238700628,351.790557861,-862.346862793,-17.442699432,0.368620634,0.927128196,0.039185546,-0.054924242
1653513004.306221485,351.790557861,-862.346862793,-17.442699432,0.368620634,0.927128196,0.039185546,-0.054924242
1653513004.371337414,350.651611328,-861.458862305,-17.608011246,0.367164165,0.927738249,0.040943660,-0.053064004
1653513004.439930677,350.651611328,-861.458862305,-17.608011246,0.367164165,0.927738249,0.040943660,-0.053064004
1653513004.504823685,349.724090576,-860.709716797,-17.741704941,0.365233302,0.928470254,0.042120673,-0.052664053
1653513004.571995974,349.724090576,-860.709716797,-17.741704941,0.365233302,0.928470254,0.042120673,-0.052664053
1653513004.637818575,348.719787598,-859.923583984,-17.886665344,0.363183469,0.929307222,0.042631116,-0.051657479
1653513004.704994678,348.719787598,-859.923583984,-17.886665344,0.363183469,0.929307222,0.042631116,-0.051657479
1653513004.771264553,347.752288818,-859.166015625,-18.021102905,0.361530989,0.929911852,0.043920834,-0.051285919
1653513004.838391304,347.752288818,-859.166015625,-18.021102905,0.361530989,0.929911852,0.043920834,-0.051285919
1653513004.904451370,346.786346436,-858.408630371,-18.150352478,0.359689802,0.930638671,0.044376202,-0.050651889
1653513004.972299814,346.786346436,-858.408630371,-18.150352478,0.359689802,0.930638671,0.044376202,-0.050651889
1653513005.038523197,345.765716553,-857.626037598,-18.283372879,0.358745009,0.931026757,0.045216441,-0.049463395
1653513005.105537653,345.765716553,-857.626037598,-18.283372879,0.358745009,0.931026757,0.045216441,-0.049463395
1653513005.171448469,344.880065918,-856.926330566,-18.396144867,0.358493268,0.931101203,0.046009883,-0.049154636
1653513005.237995625,344.880065918,-856.926330566,-18.396144867,0.358493268,0.931101203,0.046009883,-0.049154636
1653513005.304613829,343.835479736,-856.143005371,-18.531923294,0.358472705,0.931237698,0.045078639,-0.047555722
1653513005.371319532,343.835479736,-856.143005371,-18.531923294,0.358472705,0.931237698,0.045078639,-0.047555722
1653513005.438782692,342.866973877,-855.412780762,-18.655550003,0.357947767,0.931473732,0.042820457,-0.048953433
1653513005.504572153,342.866973877,-855.412780762,-18.655550003,0.357947767,0.931473732,0.042820457,-0.048953433
1653513005.571792364,341.887725830,-854.681945801,-18.781869888,0.357840031,0.931652963,0.039389838,-0.049210455
1653513005.639149666,341.887725830,-854.681945801,-18.781869888,0.357840031,0.931652963,0.039389838,-0.049210455
1653513005.705611467,340.979064941,-854.001831055,-18.900543213,0.356688619,0.932199657,0.036200516,-0.049664170
1653513005.771266699,340.979064941,-854.001831055,-18.900543213,0.356688619,0.932199657,0.036200516,-0.049664170
1653513005.837967396,340.080413818,-853.322753906,-19.013828278,0.356724739,0.932297587,0.034941282,-0.048453908
1653513005.904926062,340.080413818,-853.322753906,-19.013828278,0.356724739,0.932297587,0.034941282,-0.048453908
1653513005.971451283,339.150756836,-852.633117676,-19.134735107,0.354536414,0.933154523,0.033910535,-0.048750348
1653513006.037740946,339.150756836,-852.633117676,-19.134735107,0.354536414,0.933154523,0.033910535,-0.048750348
1653513006.104932785,338.257232666,-851.957214355,-19.248771667,0.353419989,0.933664083,0.032914076,-0.047773741
1653513006.171397448,338.257232666,-851.957214355,-19.248771667,0.353419989,0.933664083,0.032914076,-0.047773741
1653513006.238602638,337.307952881,-851.251953125,-19.366079330,0.352096856,0.934203088,0.031616203,-0.047882915
1653513006.305391550,337.307952881,-851.251953125,-19.366079330,0.352096856,0.934203088,0.031616203,-0.047882915
1653513006.371114492,336.489624023,-850.622863770,-19.465599060,0.351197988,0.934525669,0.031221312,-0.048445728
1653513006.437994242,336.489624023,-850.622863770,-19.465599060,0.351197988,0.934525669,0.031221312,-0.048445728
1653513006.504848719,335.536804199,-849.920166016,-19.576057434,0.349977106,0.934944749,0.030101474,-0.049882393
1653513006.571990013,335.536804199,-849.920166016,-19.576057434,0.349977106,0.934944749,0.030101474,-0.049882393
1653513006.637875795,334.619598389,-849.234497070,-19.685829163,0.349570811,0.935090721,0.029826349,-0.050159134
1653513006.710135698,334.619598389,-849.234497070,-19.685829163,0.349570811,0.935090721,0.029826349,-0.050159134
1653513006.771658897,333.789093018,-848.593872070,-19.785411835,0.349717408,0.935010433,0.029723939,-0.050692685
1653513006.843979120,333.789093018,-848.593872070,-19.785411835,0.349717408,0.935010433,0.029723939,-0.050692685
1653513006.904550314,332.851135254,-847.889892578,-19.899765015,0.350428045,0.934725046,0.030254567,-0.050734285
1653513006.971361637,332.851135254,-847.889892578,-19.899765015,0.350428045,0.934725046,0.030254567,-0.050734285
1653513007.040639162,332.012878418,-847.245422363,-20.008655548,0.350764126,0.934657753,0.030176556,-0.049686499
1653513007.104534864,332.012878418,-847.245422363,-20.008655548,0.350764126,0.934657753,0.030176556,-0.049686499
1653513007.171241283,331.081970215,-846.548461914,-20.127330780,0.350789458,0.934670329,0.030072343,-0.049333528
1653513007.238110781,331.081970215,-846.548461914,-20.127330780,0.350789458,0.934670329,0.030072343,-0.049333528
1653513007.304477692,330.207641602,-845.894042969,-20.240024567,0.351770759,0.934327126,0.030263525,-0.048727170
1653513007.371492147,330.207641602,-845.894042969,-20.240024567,0.351770759,0.934327126,0.030263525,-0.048727170
1653513007.438739777,329.263366699,-845.196899414,-20.360652924,0.352019876,0.934321880,0.028892465,-0.047853030
1653513007.504578590,329.263366699,-845.196899414,-20.360652924,0.352019876,0.934321880,0.028892465,-0.047853030
1653513007.571315289,328.401000977,-844.545532227,-20.472890854,0.352091938,0.934333086,0.027882062,-0.047703292
1653513007.639438152,328.401000977,-844.545532227,-20.472890854,0.352091938,0.934333086,0.027882062,-0.047703292
1653513007.704501152,327.509338379,-843.884887695,-20.588830948,0.352196693,0.934326470,0.026729925,-0.047718268
1653513007.771579742,327.509338379,-843.884887695,-20.588830948,0.352196693,0.934326470,0.026729925,-0.047718268
1653513007.840424299,326.650329590,-843.239196777,-20.699436188,0.351731300,0.934506416,0.025546784,-0.048271652
1653513007.904624701,326.650329590,-843.239196777,-20.699436188,0.351731300,0.934506416,0.025546784,-0.048271652
1653513007.971587658,325.743713379,-842.568237305,-20.815624237,0.351762712,0.934514523,0.024833875,-0.048258327
1653513008.038654566,325.743713379,-842.568237305,-20.815624237,0.351762712,0.934514523,0.024833875,-0.048258327
1653513008.104542255,324.848937988,-841.904479980,-20.928087234,0.351641446,0.934569299,0.024092972,-0.048456650
1653513008.171405077,324.848937988,-841.904479980,-20.928087234,0.351641446,0.934569299,0.024092972,-0.048456650
1653513008.238262892,324.026611328,-841.275390625,-21.034179688,0.350942612,0.934902132,0.022759289,-0.047741823
1653513008.304470301,324.026611328,-841.275390625,-21.034179688,0.350942612,0.934902132,0.022759289,-0.047741823
1653513008.371243238,323.171051025,-840.627502441,-21.138610840,0.349857658,0.935342968,0.022197815,-0.047333553
1653513008.437933683,323.171051025,-840.627502441,-21.138610840,0.349857658,0.935342968,0.022197815,-0.047333553
1653513008.505364180,322.309387207,-839.979980469,-21.239763260,0.349935234,0.935349882,0.021466359,-0.046958745
1653513008.571619272,322.309387207,-839.979980469,-21.239763260,0.349935234,0.935349882,0.021466359,-0.046958745
1653513008.640809298,321.548309326,-839.379455566,-21.321660995,0.348886162,0.935745239,0.020507803,-0.047314741
1653513008.705635786,321.548309326,-839.379455566,-21.321660995,0.348886162,0.935745239,0.020507803,-0.047314741
1653513008.771546841,320.662902832,-838.711669922,-21.413318634,0.348799735,0.935791492,0.019436186,-0.047489159
1653513008.838915825,320.662902832,-838.711669922,-21.413318634,0.348799735,0.935791492,0.019436186,-0.047489159
1653513008.904946089,319.858856201,-838.083374023,-21.490196228,0.349452704,0.935498893,0.020315345,-0.048082769
1653513008.971160412,319.858856201,-838.083374023,-21.490196228,0.349452704,0.935498893,0.020315345,-0.048082769
1653513009.038590908,319.066070557,-837.456481934,-21.568140030,0.349248230,0.935577512,0.020320756,-0.048035719
1653513009.107595682,319.066070557,-837.456481934,-21.568140030,0.349248230,0.935577512,0.020320756,-0.048035719
1653513009.171573162,318.236999512,-836.804565430,-21.651361465,0.347414315,0.936304033,0.019027529,-0.047706906
1653513009.238368034,318.236999512,-836.804565430,-21.651361465,0.347414315,0.936304033,0.019027529,-0.047706906
1653513009.305642128,317.451507568,-836.176330566,-21.730886459,0.347049385,0.936409831,0.019985840,-0.047895379
1653513009.371199846,317.451507568,-836.176330566,-21.730886459,0.347049385,0.936409831,0.019985840,-0.047895379
1653513009.437945843,316.659271240,-835.538146973,-21.811538696,0.348009348,0.936078787,0.021136712,-0.046895746
1653513009.504431725,316.659271240,-835.538146973,-21.811538696,0.348009348,0.936078787,0.021136712,-0.046895746
1653513009.571270466,315.823394775,-834.868469238,-21.896020889,0.348372847,0.936020315,0.021566365,-0.045135159
1653513009.638135433,315.823394775,-834.868469238,-21.896020889,0.348372847,0.936020315,0.021566365,-0.045135159
1653513009.704738855,315.082366943,-834.250305176,-21.970062256,0.348852307,0.935844898,0.023177555,-0.044262704
1653513009.774400711,315.082366943,-834.250305176,-21.970062256,0.348852307,0.935844898,0.023177555,-0.044262704
1653513009.840566158,314.327758789,-833.619384766,-22.042621613,0.350094855,0.935424864,0.024327338,-0.042685732
1653513009.904859304,314.327758789,-833.619384766,-22.042621613,0.350094855,0.935424864,0.024327338,-0.042685732
1653513009.971590996,313.530700684,-832.955932617,-22.110181808,0.351118892,0.935042262,0.024138216,-0.042765312
1653513010.038007498,313.530700684,-832.955932617,-22.110181808,0.351118892,0.935042262,0.024138216,-0.042765312
1653513010.105017424,312.833068848,-832.352478027,-22.166545868,0.352602601,0.934489191,0.025056109,-0.042113561
1653513010.171124458,312.833068848,-832.352478027,-22.166545868,0.352602601,0.934489191,0.025056109,-0.042113561
1653513010.238442898,312.005950928,-831.670898438,-22.236272812,0.354161471,0.933871865,0.025986848,-0.042161785
1653513010.304813385,312.005950928,-831.670898438,-22.236272812,0.354161471,0.933871865,0.025986848,-0.042161785
1653513010.376020908,311.327148438,-831.069763184,-22.286180496,0.356144309,0.933118284,0.026669296,-0.041716263
1653513010.437782288,311.327148438,-831.069763184,-22.286180496,0.356144309,0.933118284,0.026669296,-0.041716263
1653513010.504386187,310.545013428,-830.407531738,-22.344179153,0.356773108,0.932875693,0.027225055,-0.041409247
1653513010.572290897,310.545013428,-830.407531738,-22.344179153,0.356773108,0.932875693,0.027225055,-0.041409247
1653513010.639981508,309.859466553,-829.811218262,-22.394384384,0.358276427,0.932251811,0.028285839,-0.041766457
1653513010.704807758,309.859466553,-829.811218262,-22.394384384,0.358276427,0.932251811,0.028285839,-0.041766457
1653513010.771637678,309.088714600,-829.161499023,-22.456140518,0.359611034,0.931754947,0.029309142,-0.040664230
1653513010.842170954,309.088714600,-829.161499023,-22.456140518,0.359611034,0.931754947,0.029309142,-0.040664230
1653513010.905705214,308.291534424,-828.499206543,-22.525297165,0.360433906,0.931446075,0.029747814,-0.040133003
1653513010.984351635,308.291534424,-828.499206543,-22.525297165,0.360433906,0.931446075,0.029747814,-0.040133003
1653513011.038056374,307.658935547,-827.931701660,-22.575834274,0.362110525,0.930765390,0.030377716,-0.040359907
1653513011.105136395,307.658935547,-827.931701660,-22.575834274,0.362110525,0.930765390,0.030377716,-0.040359907
1653513011.171185970,306.977386475,-827.334594727,-22.632061005,0.363473088,0.930284739,0.029605020,-0.039764561
1653513011.238344669,306.977386475,-827.334594727,-22.632061005,0.363473088,0.930284739,0.029605020,-0.039764561
1653513011.305542707,306.186981201,-826.672180176,-22.697565079,0.363867879,0.930146992,0.030214811,-0.038907528
1653513011.371309280,306.186981201,-826.672180176,-22.697565079,0.363867879,0.930146992,0.030214811,-0.038907528
1653513011.446251392,305.551483154,-826.106445312,-22.747344971,0.364529818,0.929852664,0.030690219,-0.039371315
1653513011.505802155,305.551483154,-826.106445312,-22.747344971,0.364529818,0.929852664,0.030690219,-0.039371315
1653513011.571326971,304.791168213,-825.466186523,-22.806013107,0.364699125,0.929857373,0.030719716,-0.037630741
1653513011.637858868,304.791168213,-825.466186523,-22.806013107,0.364699125,0.929857373,0.030719716,-0.037630741
1653513011.705077887,304.087341309,-824.881591797,-22.855859756,0.363313705,0.930418134,0.030163674,-0.037621539
1653513011.771333456,304.087341309,-824.881591797,-22.855859756,0.363313705,0.930418134,0.030163674,-0.037621539
1653513011.837745905,303.413818359,-824.313537598,-22.904170990,0.362185061,0.930847764,0.030499160,-0.037606228
1653513011.904301405,303.413818359,-824.313537598,-22.904170990,0.362185061,0.930847764,0.030499160,-0.037606228
1653513011.971679688,302.608825684,-823.672119141,-22.967506409,0.360896647,0.931455374,0.029571867,-0.035637468
1653513012.042042732,302.608825684,-823.672119141,-22.967506409,0.360896647,0.931455374,0.029571867,-0.035637468
1653513012.104590654,301.961578369,-823.136840820,-23.021875381,0.359611928,0.931903899,0.030146291,-0.036408946
1653513012.171571016,301.961578369,-823.136840820,-23.021875381,0.359611928,0.931903899,0.030146291,-0.036408946
1653513012.237702370,301.204406738,-822.523559570,-23.086639404,0.359414458,0.931957722,0.030166471,-0.036959313
1653513012.304968357,301.204406738,-822.523559570,-23.086639404,0.359414458,0.931957722,0.030166471,-0.036959313
1653513012.371472597,300.456329346,-821.915893555,-23.154006958,0.358526528,0.932341695,0.030556295,-0.035552122
1653513012.440306902,300.456329346,-821.915893555,-23.154006958,0.358526528,0.932341695,0.030556295,-0.035552122
1653513012.504516840,299.733703613,-821.319030762,-23.222007751,0.358621687,0.932287574,0.031038430,-0.035594609
1653513012.571226358,299.733703613,-821.319030762,-23.222007751,0.358621687,0.932287574,0.031038430,-0.035594609
1653513012.637980223,298.998474121,-820.716003418,-23.292884827,0.358956665,0.932109296,0.031665441,-0.036327779
1653513012.705829144,298.998474121,-820.716003418,-23.292884827,0.358956665,0.932109296,0.031665441,-0.036327779
1653513012.776406527,298.312286377,-820.138000488,-23.364391327,0.358465672,0.932317138,0.032066073,-0.035480473
1653513012.838165998,298.312286377,-820.138000488,-23.364391327,0.358465672,0.932317138,0.032066073,-0.035480473
1653513012.904815197,297.574920654,-819.528564453,-23.436252594,0.358178943,0.932332039,0.033642832,-0.036509477
1653513012.971910238,297.574920654,-819.528564453,-23.436252594,0.358178943,0.932332039,0.033642832,-0.036509477
1653513013.037955046,296.884826660,-818.958557129,-23.508876801,0.360657215,0.931275487,0.035723634,-0.037097149
1653513013.104628086,296.884826660,-818.958557129,-23.508876801,0.360657215,0.931275487,0.035723634,-0.037097149
1653513013.173112154,296.172668457,-818.375854492,-23.583099365,0.360216171,0.931395948,0.036232375,-0.037856385
1653513013.237854958,296.172668457,-818.375854492,-23.583099365,0.360216171,0.931395948,0.036232375,-0.037856385
1653513013.304610014,295.475646973,-817.806152344,-23.660140991,0.360312730,0.931265175,0.037684854,-0.038726132
1653513013.371972084,295.475646973,-817.806152344,-23.660140991,0.360312730,0.931265175,0.037684854,-0.038726132
1653513013.442133188,294.806732178,-817.256225586,-23.736803055,0.361670405,0.930698335,0.039049465,-0.038344320
1653513013.504471302,294.806732178,-817.256225586,-23.736803055,0.361670405,0.930698335,0.039049465,-0.038344320
1653513013.571367025,293.996520996,-816.617797852,-23.829868317,0.361604959,0.930663347,0.040162377,-0.038659740
1653513013.637973547,293.996520996,-816.617797852,-23.829868317,0.361604959,0.930663347,0.040162377,-0.038659740
1653513013.704574347,293.405761719,-816.127502441,-23.908123016,0.361552238,0.930704176,0.040100873,-0.038231749
1653513013.771283150,293.405761719,-816.127502441,-23.908123016,0.361552238,0.930704176,0.040100873,-0.038231749
1653513013.837654352,292.673614502,-815.548950195,-23.999631882,0.363436490,0.930032969,0.039201751,-0.037626728
1653513013.904603243,292.673614502,-815.548950195,-23.999631882,0.363436490,0.930032969,0.039201751,-0.037626728
1653513013.972225904,292.014434814,-815.026123047,-24.087701797,0.363523662,0.930124223,0.035805721,-0.037914202
1653513014.037760973,292.014434814,-815.026123047,-24.087701797,0.363523662,0.930124223,0.035805721,-0.037914202
1653513014.104761600,291.259765625,-814.445190430,-24.183708191,0.364162207,0.929961026,0.032252364,-0.038963020
1653513014.175702095,291.259765625,-814.445190430,-24.183708191,0.364162207,0.929961026,0.032252364,-0.038963020
1653513014.238179684,290.620117188,-813.930725098,-24.271623611,0.366585046,0.929111779,0.031137923,-0.037378568
1653513014.304357529,290.620117188,-813.930725098,-24.271623611,0.366585046,0.929111779,0.031137923,-0.037378568
1653513014.371910572,289.964233398,-813.397766113,-24.363737106,0.367773920,0.928621233,0.030871678,-0.038104169
1653513014.437697649,289.964233398,-813.397766113,-24.363737106,0.367773920,0.928621233,0.030871678,-0.038104169
1653513014.504321814,289.302459717,-812.854003906,-24.460836411,0.370029092,0.927738369,0.031950004,-0.036866430
1653513014.571823120,289.302459717,-812.854003906,-24.460836411,0.370029092,0.927738369,0.031950004,-0.036866430
1653513014.639780998,288.732116699,-812.369995117,-24.553930283,0.372756809,0.926667571,0.034185335,-0.034218576
1653513014.704623938,288.732116699,-812.369995117,-24.553930283,0.372756809,0.926667571,0.034185335,-0.034218576
1653513014.772293568,287.952178955,-811.759765625,-24.674316406,0.375143409,0.925713778,0.034709066,-0.033416923
1653513014.844882250,287.952178955,-811.759765625,-24.674316406,0.375143409,0.925713778,0.034709066,-0.033416923
1653513014.907150030,287.400451660,-811.296875000,-24.772275925,0.377175808,0.924964249,0.033565219,-0.032449212
1653513014.971303463,287.400451660,-811.296875000,-24.772275925,0.377175808,0.924964249,0.033565219,-0.032449212
1653513015.038478851,286.707733154,-810.764953613,-24.891983032,0.378179997,0.924702168,0.030286442,-0.031440686
1653513015.107809544,286.707733154,-810.764953613,-24.891983032,0.378179997,0.924702168,0.030286442,-0.031440686
1653513015.171119928,285.995544434,-810.229919434,-25.008867264,0.378725886,0.924551070,0.027101135,-0.032210529
1653513015.239701271,285.995544434,-810.229919434,-25.008867264,0.378725886,0.924551070,0.027101135,-0.032210529
1653513015.304663181,285.408508301,-809.773681641,-25.114608765,0.378158361,0.924854398,0.024679363,-0.032116961
1653513015.373568535,285.408508301,-809.773681641,-25.114608765,0.378158361,0.924854398,0.024679363,-0.032116961
1653513015.438402891,284.718353271,-809.260070801,-25.230289459,0.376229614,0.925703943,0.022313727,-0.032025196
1653513015.504231930,284.718353271,-809.260070801,-25.230289459,0.376229614,0.925703943,0.022313727,-0.032025196
1653513015.571161270,284.062713623,-808.770202637,-25.336483002,0.373222679,0.926919580,0.021447495,-0.032633506
1653513015.637943029,284.062713623,-808.770202637,-25.336483002,0.373222679,0.926919580,0.021447495,-0.032633506
1653513015.704455614,283.337371826,-808.243225098,-25.449083328,0.369640619,0.928395867,0.020614233,-0.031967718
1653513015.771497011,283.337371826,-808.243225098,-25.449083328,0.369640619,0.928395867,0.020614233,-0.031967718
1653513015.837988615,282.663177490,-807.737670898,-25.550689697,0.366199404,0.929752707,0.020618768,-0.032135993
1653513015.904464722,282.663177490,-807.737670898,-25.550689697,0.366199404,0.929752707,0.020618768,-0.032135993
1653513015.971299887,282.018066406,-807.245666504,-25.643856049,0.363510638,0.930774927,0.021182377,-0.032700792
1653513016.038980246,282.018066406,-807.245666504,-25.643856049,0.363510638,0.930774927,0.021182377,-0.032700792
1653513016.104522705,281.365081787,-806.747802734,-25.733428955,0.361000866,0.931759655,0.020760786,-0.032731201
1653513016.171110868,281.365081787,-806.747802734,-25.733428955,0.361000866,0.931759655,0.020760786,-0.032731201
1653513016.239522457,280.663360596,-806.217895508,-25.826240540,0.360526502,0.931875885,0.020863866,-0.034535792
1653513016.304405451,280.663360596,-806.217895508,-25.826240540,0.360526502,0.931875885,0.020863866,-0.034535792
1653513016.371828079,280.044677734,-805.728271484,-25.903234482,0.360595137,0.931825519,0.020082274,-0.035624519
1653513016.439524174,280.044677734,-805.728271484,-25.903234482,0.360595137,0.931825519,0.020082274,-0.035624519
1653513016.510436058,279.312835693,-805.172912598,-25.997520447,0.360505551,0.931856573,0.019924518,-0.035806365
1653513016.572389841,279.312835693,-805.172912598,-25.997520447,0.360505551,0.931856573,0.019924518,-0.035806365
1653513016.637727022,278.707763672,-804.673156738,-26.070829391,0.360695928,0.931769133,0.018823061,-0.036747821
1653513016.704492331,278.707763672,-804.673156738,-26.070829391,0.360695928,0.931769133,0.018823061,-0.036747821
1653513016.771409750,278.091094971,-804.176940918,-26.152181625,0.362183094,0.931225240,0.018199904,-0.036217008
1653513016.837813616,278.091094971,-804.176940918,-26.152181625,0.362183094,0.931225240,0.018199904,-0.036217008
1653513016.913240194,277.444580078,-803.654296875,-26.240331650,0.363094985,0.930917084,0.016793190,-0.035684150
1653513016.973277092,277.444580078,-803.654296875,-26.240331650,0.363094985,0.930917084,0.016793190,-0.035684150
1653513017.041416883,276.856140137,-803.149169922,-26.314865112,0.364230186,0.930460155,0.015778402,-0.036487978
1653513017.104393482,276.856140137,-803.149169922,-26.314865112,0.364230186,0.930460155,0.015778402,-0.036487978
1653513017.171113729,276.150817871,-802.597534180,-26.413370132,0.366212904,0.929720581,0.017287411,-0.034769416
1653513017.238548517,276.150817871,-802.597534180,-26.413370132,0.366212904,0.929720581,0.017287411,-0.034769416
1653513017.304400206,275.580810547,-802.113525391,-26.503519058,0.366859406,0.929455996,0.018883092,-0.034192484
1653513017.370951414,275.580810547,-802.113525391,-26.503519058,0.366859406,0.929455996,0.018883092,-0.034192484
1653513017.438704967,274.994018555,-801.610046387,-26.587501526,0.368284494,0.928811431,0.021908434,-0.034581803
1653513017.504674196,274.994018555,-801.610046387,-26.587501526,0.368284494,0.928811431,0.021908434,-0.034581803
1653513017.571335793,274.337493896,-801.070068359,-26.682798386,0.368858933,0.928525686,0.024511686,-0.034385040
1653513017.637989044,274.337493896,-801.070068359,-26.682798386,0.368858933,0.928525686,0.024511686,-0.034385040
1653513017.704338312,273.742950439,-800.564392090,-26.766735077,0.370034993,0.928041518,0.024661519,-0.034710601
1653513017.771319628,273.742950439,-800.564392090,-26.766735077,0.370034993,0.928041518,0.024661519,-0.034710601
1653513017.837659836,273.120361328,-800.047973633,-26.857515335,0.371731520,0.927352965,0.023589045,-0.035716500
1653513017.905365705,273.120361328,-800.047973633,-26.857515335,0.371731520,0.927352965,0.023589045,-0.035716500
1653513017.971331120,272.490722656,-799.527770996,-26.946994781,0.372903675,0.926913261,0.021495115,-0.036229771
1653513018.037720919,272.490722656,-799.527770996,-26.946994781,0.372903675,0.926913261,0.021495115,-0.036229771
1653513018.105198145,271.863372803,-799.004333496,-27.040994644,0.373451203,0.926724553,0.020498466,-0.035994656
1653513018.171208143,271.863372803,-799.004333496,-27.040994644,0.373451203,0.926724553,0.020498466,-0.035994656
1653513018.237750530,271.292022705,-798.508056641,-27.126049042,0.374322981,0.926404953,0.021654861,-0.034455638
1653513018.307677269,271.292022705,-798.508056641,-27.126049042,0.374322981,0.926404953,0.021654861,-0.034455638
1653513018.371018648,270.641693115,-797.968383789,-27.216913223,0.375205427,0.926020145,0.024000406,-0.033638045
1653513018.437639236,270.641693115,-797.968383789,-27.216913223,0.375205427,0.926020145,0.024000406,-0.033638045
1653513018.505445957,270.191986084,-797.544494629,-27.282588959,0.375533819,0.925928891,0.024865467,-0.031807672
1653513018.571474791,270.191986084,-797.544494629,-27.282588959,0.375533819,0.925928891,0.024865467,-0.031807672
1653513018.637744188,269.473297119,-796.967773438,-27.391427994,0.376548529,0.925542295,0.024806494,-0.031100642
1653513018.707771778,269.473297119,-796.967773438,-27.391427994,0.376548529,0.925542295,0.024806494,-0.031100642
1653513018.771557093,268.861541748,-796.454772949,-27.480600357,0.377998143,0.924990058,0.023953319,-0.030611174
1653513018.840554714,268.861541748,-796.454772949,-27.480600357,0.377998143,0.924990058,0.023953319,-0.030611174
1653513018.904440880,268.339599609,-796.001525879,-27.556690216,0.377694368,0.925149977,0.022565521,-0.030582100
1653513018.971185207,268.339599609,-796.001525879,-27.556690216,0.377694368,0.925149977,0.022565521,-0.030582100
1653513019.037860394,267.645050049,-795.445129395,-27.651348114,0.378945798,0.924623847,0.020824257,-0.032204784
1653513019.104912758,267.645050049,-795.445129395,-27.651348114,0.378945798,0.924623847,0.020824257,-0.032204784
1653513019.170954704,267.107696533,-794.985717773,-27.724935532,0.378373235,0.924845636,0.019988269,-0.033087309
1653513019.238155603,267.107696533,-794.985717773,-27.724935532,0.378373235,0.924845636,0.019988269,-0.033087309
1653513019.304641962,266.461486816,-794.458923340,-27.812183380,0.377490312,0.925193906,0.018185873,-0.034447230
1653513019.371498823,266.461486816,-794.458923340,-27.812183380,0.377490312,0.925193906,0.018185873,-0.034447230
1653513019.437552691,265.902526855,-793.977416992,-27.881160736,0.378485352,0.924723148,0.018806066,-0.035808660
1653513019.504712105,265.902526855,-793.977416992,-27.881160736,0.378485352,0.924723148,0.018806066,-0.035808660
1653513019.571778536,265.258972168,-793.442871094,-27.963588715,0.377765656,0.924935520,0.019999376,-0.037248161
1653513019.639094830,265.258972168,-793.442871094,-27.963588715,0.377765656,0.924935520,0.019999376,-0.037248161
1653513019.704362869,264.755249023,-792.989318848,-28.030008316,0.376569420,0.925402105,0.020263266,-0.037627868
1653513019.771352291,264.755249023,-792.989318848,-28.030008316,0.376569420,0.925402105,0.020263266,-0.037627868
1653513019.837571383,264.120727539,-792.449157715,-28.121006012,0.376330167,0.925494850,0.021376183,-0.037120044
1653513019.908330202,264.120727539,-792.449157715,-28.121006012,0.376330167,0.925494850,0.021376183,-0.037120044
1653513019.972781658,263.599761963,-791.975646973,-28.201034546,0.374874651,0.926081538,0.022110490,-0.036784008
1653513020.037665129,263.599761963,-791.975646973,-28.201034546,0.374874651,0.926081538,0.022110490,-0.036784008
1653513020.108499050,262.956207275,-791.419189453,-28.297609329,0.374287367,0.926329672,0.023002090,-0.035961404
1653513020.171168089,262.956207275,-791.419189453,-28.297609329,0.374287367,0.926329672,0.023002090,-0.035961404
1653513020.237602711,262.445373535,-790.943664551,-28.376119614,0.374762416,0.926119685,0.024442418,-0.035468183
1653513020.304285526,262.445373535,-790.943664551,-28.376119614,0.374762416,0.926119685,0.024442418,-0.035468183
1653513020.371251822,261.865600586,-790.430969238,-28.463182449,0.374771684,0.926104367,0.025615603,-0.034939140
1653513020.437810898,261.865600586,-790.430969238,-28.463182449,0.374771684,0.926104367,0.025615603,-0.034939140
1653513020.504584789,261.319122314,-789.932312012,-28.546367645,0.374647141,0.926147282,0.025848316,-0.034966115
1653513020.571336746,261.319122314,-789.932312012,-28.546367645,0.374647141,0.926147282,0.025848316,-0.034966115
1653513020.638390064,260.771759033,-789.435546875,-28.626495361,0.375635892,0.925702751,0.026967490,-0.035282023
1653513020.705070734,260.771759033,-789.435546875,-28.626495361,0.375635892,0.925702751,0.026967490,-0.035282023
1653513020.771017551,260.184844971,-788.910644531,-28.711900711,0.376631618,0.925277233,0.027763098,-0.035212524
1653513020.838037014,260.184844971,-788.910644531,-28.711900711,0.376631618,0.925277233,0.027763098,-0.035212524
1653513020.904458523,259.664245605,-788.431945801,-28.788324356,0.376696199,0.925258458,0.027738383,-0.035034079
1653513020.971084118,259.664245605,-788.431945801,-28.788324356,0.376696199,0.925258458,0.027738383,-0.035034079
1653513021.038479567,259.068695068,-787.907531738,-28.874319077,0.377709150,0.924807131,0.029352635,-0.034727514
1653513021.104824066,259.068695068,-787.907531738,-28.874319077,0.377709150,0.924807131,0.029352635,-0.034727514
1653513021.170984983,258.468536377,-787.380371094,-28.961193085,0.378520459,0.924482822,0.029097920,-0.034743447
1653513021.237808228,258.468536377,-787.380371094,-28.961193085,0.378520459,0.924482822,0.029097920,-0.034743447
1653513021.304473877,257.922058105,-786.892639160,-29.044372559,0.378394306,0.924512506,0.029920418,-0.034627896
1653513021.371452570,257.922058105,-786.892639160,-29.044372559,0.378394306,0.924512506,0.029920418,-0.034627896
1653513021.440427780,257.312957764,-786.366394043,-29.140018463,0.379518062,0.924052894,0.030304793,-0.034262925
1653513021.505750418,257.312957764,-786.366394043,-29.140018463,0.379518062,0.924052894,0.030304793,-0.034262925
1653513021.571160316,256.780670166,-785.886535645,-29.223234177,0.380061746,0.923773110,0.031322896,-0.034860134
1653513021.639019489,256.780670166,-785.886535645,-29.223234177,0.380061746,0.923773110,0.031322896,-0.034860134
1653513021.704896688,256.235961914,-785.407653809,-29.309949875,0.379078925,0.924162686,0.031487804,-0.035085313
1653513021.771370411,256.235961914,-785.407653809,-29.309949875,0.379078925,0.924162686,0.031487804,-0.035085313
1653513021.840680122,255.669525146,-784.913940430,-29.398372650,0.378903031,0.924234331,0.031858567,-0.034761686
1653513021.904381514,255.669525146,-784.913940430,-29.398372650,0.378903031,0.924234331,0.031858567,-0.034761686
1653513021.970997334,255.150405884,-784.455444336,-29.482446671,0.378358155,0.924394131,0.033311050,-0.035085499
1653513022.040201902,255.150405884,-784.455444336,-29.482446671,0.378358155,0.924394131,0.033311050,-0.035085499
1653513022.104652882,254.590209961,-783.973754883,-29.574756622,0.377232462,0.924878955,0.033273291,-0.034459177
1653513022.172911882,254.590209961,-783.973754883,-29.574756622,0.377232462,0.924878955,0.033273291,-0.034459177
1653513022.237632275,254.038940430,-783.498413086,-29.665840149,0.375916243,0.925434530,0.033471871,-0.033727136
1653513022.309223890,254.038940430,-783.498413086,-29.665840149,0.375916243,0.925434530,0.033471871,-0.033727136
1653513022.372268438,253.541244507,-783.066589355,-29.750883102,0.374626786,0.925975144,0.033145253,-0.033559117
1653513022.438038349,253.541244507,-783.066589355,-29.750883102,0.374626786,0.925975144,0.033145253,-0.033559117
1653513022.505976677,252.920593262,-782.560913086,-29.852005005,0.372734129,0.926776886,0.032655943,-0.032976620
1653513022.570956230,252.920593262,-782.560913086,-29.852005005,0.372734129,0.926776886,0.032655943,-0.032976620
1653513022.637526751,252.422622681,-782.136291504,-29.932859421,0.371214747,0.927432775,0.030963903,-0.033305470
1653513022.704504967,252.422622681,-782.136291504,-29.932859421,0.371214747,0.927432775,0.030963903,-0.033305470
1653513022.771280050,251.913085938,-781.711303711,-30.011793137,0.369649410,0.928047836,0.030305294,-0.034176990
1653513022.837946653,251.913085938,-781.711303711,-30.011793137,0.369649410,0.928047836,0.030305294,-0.034176990
1653513022.905048609,251.280120850,-781.209167480,-30.104705811,0.367615014,0.928882837,0.028685452,-0.034828685
1653513022.971174479,251.280120850,-781.209167480,-30.104705811,0.367615014,0.928882837,0.028685452,-0.034828685
1653513023.037845373,250.778686523,-780.787658691,-30.174961090,0.366282135,0.929397225,0.027402649,-0.036156893
1653513023.104432106,250.778686523,-780.787658691,-30.174961090,0.366282135,0.929397225,0.027402649,-0.036156893
1653513023.172020435,250.204299927,-780.323669434,-30.256200790,0.365376383,0.929742575,0.026778271,-0.036901921
1653513023.237658501,250.204299927,-780.323669434,-30.256200790,0.365376383,0.929742575,0.026778271,-0.036901921
1653513023.304723978,249.706298828,-779.905761719,-30.326509476,0.363793582,0.930337369,0.025808718,-0.038216565
1653513023.371042013,249.706298828,-779.905761719,-30.326509476,0.363793582,0.930337369,0.025808718,-0.038216565
1653513023.438334227,249.070678711,-779.403625488,-30.419992447,0.362943053,0.930646241,0.026359260,-0.038407072
1653513023.506004095,249.070678711,-779.403625488,-30.419992447,0.362943053,0.930646241,0.026359260,-0.038407072
1653513023.571055889,248.513946533,-778.944580078,-30.497117996,0.362806201,0.930649042,0.025949663,-0.039882064
1653513023.637704372,248.513946533,-778.944580078,-30.497117996,0.362806201,0.930649042,0.025949663,-0.039882064
1653513023.704249144,248.036468506,-778.531555176,-30.560535431,0.362784952,0.930613995,0.026215889,-0.040711652
1653513023.773630142,248.036468506,-778.531555176,-30.560535431,0.362784952,0.930613995,0.026215889,-0.040711652
1653513023.837577820,247.516128540,-778.090576172,-30.631896973,0.363053232,0.930435658,0.027259804,-0.041698065
1653513023.904296875,247.516128540,-778.090576172,-30.631896973,0.363053232,0.930435658,0.027259804,-0.041698065
1653513023.970884323,246.927856445,-777.600952148,-30.716407776,0.364892602,0.929661095,0.029142560,-0.041646112
1653513024.037693262,246.927856445,-777.600952148,-30.716407776,0.364892602,0.929661095,0.029142560,-0.041646112
1653513024.106426239,246.437179565,-777.171264648,-30.792818069,0.366105467,0.929182172,0.030014032,-0.041065913
1653513024.170970201,246.437179565,-777.171264648,-30.792818069,0.366105467,0.929182172,0.030014032,-0.041065913
1653513024.238425732,245.918075562,-776.720031738,-30.876565933,0.368561894,0.928200662,0.030754756,-0.040740289
1653513024.305066109,245.918075562,-776.720031738,-30.876565933,0.368561894,0.928200662,0.030754756,-0.040740289
1653513024.370963573,245.382583618,-776.257568359,-30.962680817,0.370932192,0.927351594,0.030269379,-0.038885657
1653513024.439887285,245.382583618,-776.257568359,-30.962680817,0.370932192,0.927351594,0.030269379,-0.038885657
1653513024.504148483,244.892562866,-775.824340820,-31.042177200,0.373914331,0.926154494,0.030892991,-0.038360193
1653513024.571080446,244.892562866,-775.824340820,-31.042177200,0.373914331,0.926154494,0.030892991,-0.038360193
1653513024.637744427,244.311706543,-775.333068848,-31.130340576,0.377305031,0.924810588,0.030582557,-0.037827954
1653513024.704403400,244.311706543,-775.333068848,-31.130340576,0.377305031,0.924810588,0.030582557,-0.037827954
1653513024.771421909,243.906066895,-774.946289062,-31.194225311,0.380508453,0.923454940,0.031247525,-0.038313068
1653513024.838207245,243.906066895,-774.946289062,-31.194225311,0.380508453,0.923454940,0.031247525,-0.038313068
1653513024.904675484,243.361145020,-774.479125977,-31.275156021,0.383570701,0.922196329,0.031428885,-0.037942730
1653513024.971906662,243.361145020,-774.479125977,-31.275156021,0.383570701,0.922196329,0.031428885,-0.037942730
1653513025.037743807,242.842529297,-774.031433105,-31.353229523,0.386356384,0.920994937,0.031783517,-0.038559843
1653513025.112992764,242.842529297,-774.031433105,-31.353229523,0.386356384,0.920994937,0.031783517,-0.038559843
1653513025.171362400,242.376205444,-773.624450684,-31.424312592,0.388330758,0.920127332,0.031922538,-0.039316934
1653513025.237906694,242.376205444,-773.624450684,-31.424312592,0.388330758,0.920127332,0.031922538,-0.039316934
1653513025.304203033,241.876205444,-773.201599121,-31.501983643,0.389448225,0.919675291,0.031478852,-0.039198298
1653513025.371058702,241.876205444,-773.201599121,-31.501983643,0.389448225,0.919675291,0.031478852,-0.039198298
1653513025.438220263,241.394149780,-772.798095703,-31.583644867,0.390617728,0.919201672,0.030759683,-0.039242476
1653513025.504237413,241.394149780,-772.798095703,-31.583644867,0.390617728,0.919201672,0.030759683,-0.039242476
1653513025.571066141,240.910934448,-772.391906738,-31.662868500,0.391191095,0.918995500,0.029561311,-0.039279789
1653513025.637732267,240.910934448,-772.391906738,-31.662868500,0.391191095,0.918995500,0.029561311,-0.039279789
1653513025.704990864,240.383392334,-771.959838867,-31.750957489,0.390984893,0.919174850,0.028128915,-0.038172524
1653513025.771756649,240.383392334,-771.959838867,-31.750957489,0.390984893,0.919174850,0.028128915,-0.038172524
1653513025.837750673,239.960601807,-771.592529297,-31.818391800,0.390995026,0.919202924,0.027244139,-0.038035255
1653513025.904324293,239.960601807,-771.592529297,-31.818391800,0.390995026,0.919202924,0.027244139,-0.038035255
1653513025.970901966,239.459503174,-771.175415039,-31.898530960,0.390255332,0.919533730,0.026681093,-0.038034439
1653513026.038943291,239.459503174,-771.175415039,-31.898530960,0.390255332,0.919533730,0.026681093,-0.038034439
1653513026.104558706,238.988082886,-770.773132324,-31.970573425,0.389719903,0.919798195,0.025989689,-0.037605401
1653513026.171055555,238.988082886,-770.773132324,-31.970573425,0.389719903,0.919798195,0.025989689,-0.037605401
1653513026.237758160,238.516250610,-770.371948242,-32.042270660,0.389312714,0.919973433,0.026276907,-0.037336674
1653513026.304394484,238.516250610,-770.371948242,-32.042270660,0.389312714,0.919973433,0.026276907,-0.037336674
1653513026.372607470,238.059265137,-769.980407715,-32.110191345,0.388458133,0.920340657,0.026981557,-0.036678478
1653513026.437472820,238.059265137,-769.980407715,-32.110191345,0.388458133,0.920340657,0.026981557,-0.036678478
1653513026.505290508,237.581237793,-769.570190430,-32.177467346,0.388009608,0.920540690,0.027703203,-0.035859670
1653513026.571554422,237.581237793,-769.570190430,-32.177467346,0.388009608,0.920540690,0.027703203,-0.035859670
1653513026.637861729,237.127944946,-769.172058105,-32.243274689,0.387725621,0.920698166,0.028507613,-0.034220908
1653513026.704520226,237.127944946,-769.172058105,-32.243274689,0.387725621,0.920698166,0.028507613,-0.034220908
1653513026.774666786,236.704391479,-768.790344238,-32.301845551,0.387027502,0.920975149,0.029890355,-0.033482540
1653513026.838135719,236.704391479,-768.790344238,-32.301845551,0.387027502,0.920975149,0.029890355,-0.033482540
1653513026.904439449,236.206375122,-768.363281250,-32.368999481,0.385939986,0.921376050,0.031862315,-0.033185448
1653513026.976902008,236.206375122,-768.363281250,-32.368999481,0.385939986,0.921376050,0.031862315,-0.033185448
1653513027.037509441,235.768692017,-767.978393555,-32.429378510,0.385749668,0.921425104,0.033151750,-0.032771569
1653513027.105474234,235.768692017,-767.978393555,-32.429378510,0.385749668,0.921425104,0.033151750,-0.032771569
1653513027.171103954,235.314071655,-767.581237793,-32.491851807,0.385181129,0.921658039,0.033925790,-0.032109108
1653513027.239358664,235.314071655,-767.581237793,-32.491851807,0.385181129,0.921658039,0.033925790,-0.032109108
1653513027.304413557,234.889022827,-767.199523926,-32.550209045,0.384665281,0.921844661,0.034771927,-0.032030281
1653513027.370867968,234.889022827,-767.199523926,-32.550209045,0.384665281,0.921844661,0.034771927,-0.032030281
1653513027.437688112,234.402328491,-766.783386230,-32.617057800,0.384410411,0.921934962,0.035257176,-0.031960521
1653513027.504492044,234.402328491,-766.783386230,-32.617057800,0.384410411,0.921934962,0.035257176,-0.031960521
1653513027.571300745,234.020874023,-766.435119629,-32.668972015,0.384312302,0.921985328,0.035001192,-0.031968273
1653513027.638066769,234.020874023,-766.435119629,-32.668972015,0.384312302,0.921985328,0.035001192,-0.031968273
1653513027.704219103,233.577011108,-766.049743652,-32.729835510,0.384320915,0.922023237,0.034215800,-0.031619780
1653513027.771419525,233.577011108,-766.049743652,-32.729835510,0.384320915,0.922023237,0.034215800,-0.031619780
1653513027.837956667,233.141387939,-765.671752930,-32.791355133,0.384343624,0.922022462,0.034088198,-0.031505402
1653513027.905025959,233.141387939,-765.671752930,-32.791355133,0.384343624,0.922022462,0.034088198,-0.031505402
1653513027.971098661,232.671066284,-765.274169922,-32.859310150,0.383558184,0.922334552,0.034214649,-0.031803150
1653513028.039329767,232.671066284,-765.274169922,-32.859310150,0.383558184,0.922334552,0.034214649,-0.031803150
1653513028.104820728,232.224380493,-764.898681641,-32.923255920,0.382812798,0.922661364,0.034143731,-0.031377070
1653513028.170936584,232.224380493,-764.898681641,-32.923255920,0.382812798,0.922661364,0.034143731,-0.031377070
1653513028.237520218,231.840133667,-764.564880371,-32.979408264,0.382798493,0.922683358,0.033863399,-0.031209683
1653513028.304184437,231.840133667,-764.564880371,-32.979408264,0.382798493,0.922683358,0.033863399,-0.031209683
1653513028.371089697,231.369537354,-764.176574707,-33.054851532,0.382364124,0.922871470,0.033666559,-0.031184787
1653513028.437474012,231.369537354,-764.176574707,-33.054851532,0.382364124,0.922871470,0.033666559,-0.031184787
1653513028.504615068,230.944625854,-763.812133789,-33.126258850,0.382175446,0.922949910,0.033594549,-0.031253461
1653513028.571133137,230.944625854,-763.812133789,-33.126258850,0.382175446,0.922949910,0.033594549,-0.031253461
1653513028.637874842,230.500320435,-763.435363770,-33.197586060,0.382481575,0.922863424,0.033195984,-0.030479025
1653513028.705336809,230.500320435,-763.435363770,-33.197586060,0.382481575,0.922863424,0.033195984,-0.030479025
1653513028.772676706,230.096710205,-763.084045410,-33.264610291,0.382469177,0.922894597,0.032975692,-0.029924598
1653513028.841311216,230.096710205,-763.084045410,-33.264610291,0.382469177,0.922894597,0.032975692,-0.029924598
1653513028.904124498,229.659286499,-762.706420898,-33.335140228,0.382423371,0.922967255,0.032114659,-0.029197836
1653513028.971698999,229.659286499,-762.706420898,-33.335140228,0.382423371,0.922967255,0.032114659,-0.029197836
1653513029.037907362,229.237930298,-762.343505859,-33.405990601,0.382356822,0.923029900,0.031812657,-0.028408773
1653513029.105159283,229.237930298,-762.343505859,-33.405990601,0.382356822,0.923029900,0.031812657,-0.028408773
1653513029.170886040,228.819625854,-761.984069824,-33.476181030,0.382103950,0.923145413,0.031544328,-0.028355798
1653513029.237468243,228.819625854,-761.984069824,-33.476181030,0.382103950,0.923145413,0.031544328,-0.028355798
1653513029.304245949,228.427459717,-761.645507812,-33.540386200,0.381612390,0.923345625,0.031322047,-0.028701967
1653513029.371406555,228.427459717,-761.645507812,-33.540386200,0.381612390,0.923345625,0.031322047,-0.028701967
1653513029.437877417,228.052871704,-761.322692871,-33.605201721,0.381264567,0.923455715,0.031551953,-0.029517818
1653513029.504214287,228.052871704,-761.322692871,-33.605201721,0.381264567,0.923455715,0.031551953,-0.029517818
1653513029.570940495,227.579330444,-760.938598633,-33.683452606,0.380299509,0.923882484,0.030741634,-0.029467566
1653513029.642240286,227.579330444,-760.938598633,-33.683452606,0.380299509,0.923882484,0.030741634,-0.029467566
1653513029.705929756,227.188537598,-760.613769531,-33.753852844,0.379156560,0.924347579,0.031070877,-0.029264538
1653513029.771024466,227.188537598,-760.613769531,-33.753852844,0.379156560,0.924347579,0.031070877,-0.029264538
1653513029.837855577,226.710739136,-760.233337402,-33.838008881,0.378213525,0.924758375,0.030827884,-0.028742922
1653513029.904483795,226.710739136,-760.233337402,-33.838008881,0.378213525,0.924758375,0.030827884,-0.028742922
1653513029.970976591,226.311004639,-759.903686523,-33.911243439,0.376982927,0.925280094,0.030585473,-0.028375816
1653513030.037544012,226.311004639,-759.903686523,-33.911243439,0.376982927,0.925280094,0.030585473,-0.028375816
1653513030.104489803,225.878829956,-759.554199219,-33.988815308,0.375579268,0.925882161,0.030268481,-0.027681168
1653513030.170972586,225.878829956,-759.554199219,-33.988815308,0.375579268,0.925882161,0.030268481,-0.027681168
1653513030.238442183,225.396438599,-759.169067383,-34.069171906,0.375079840,0.926084280,0.029966457,-0.028019207
1653513030.304354191,225.396438599,-759.169067383,-34.069171906,0.375079840,0.926084280,0.029966457,-0.028019207
1653513030.370745897,225.021713257,-758.846313477,-34.133319855,0.374927402,0.926147282,0.029628329,-0.028333690
1653513030.437515259,225.021713257,-758.846313477,-34.133319855,0.374927402,0.926147282,0.029628329,-0.028333690
1653513030.505502224,224.622131348,-758.513610840,-34.200649261,0.374570072,0.926325679,0.028707072,-0.028176552
1653513030.571221352,224.622131348,-758.513610840,-34.200649261,0.374570072,0.926325679,0.028707072,-0.028176552
1653513030.639263153,224.179702759,-758.151977539,-34.272899628,0.375117689,0.926127970,0.027440498,-0.028647767
1653513030.704522610,224.179702759,-758.151977539,-34.272899628,0.375117689,0.926127970,0.027440498,-0.028647767
1653513030.772163153,223.771575928,-757.811950684,-34.343032837,0.376115471,0.925761342,0.025593713,-0.029120747
1653513030.838406563,223.771575928,-757.811950684,-34.343032837,0.376115471,0.925761342,0.025593713,-0.029120747
1653513030.905807495,223.324447632,-757.442504883,-34.424427032,0.376967639,0.925444305,0.024232764,-0.029343706
1653513030.971869230,223.324447632,-757.442504883,-34.424427032,0.376967639,0.925444305,0.024232764,-0.029343706
1653513031.037637234,222.959564209,-757.121520996,-34.498928070,0.378112644,0.925013661,0.023333943,-0.028915284
1653513031.104672670,222.959564209,-757.121520996,-34.498928070,0.378112644,0.925013661,0.023333943,-0.028915284
1653513031.174837828,222.537261963,-756.758728027,-34.584205627,0.379403532,0.924479365,0.022966424,-0.029384427
1653513031.237492323,222.537261963,-756.758728027,-34.584205627,0.379403532,0.924479365,0.022966424,-0.029384427
1653513031.304180861,222.116394043,-756.387329102,-34.672359467,0.380834997,0.923873842,0.023267958,-0.029671578
1653513031.371032238,222.116394043,-756.387329102,-34.672359467,0.380834997,0.923873842,0.023267958,-0.029671578
1653513031.437633991,221.713851929,-756.028320312,-34.761951447,0.382853359,0.923031509,0.023640012,-0.029618755
1653513031.504045010,221.713851929,-756.028320312,-34.761951447,0.382853359,0.923031509,0.023640012,-0.029618755
1653513031.571094751,221.319869995,-755.670532227,-34.851329803,0.384377092,0.922358871,0.024944935,-0.029768178
1653513031.637516737,221.319869995,-755.670532227,-34.851329803,0.384377092,0.922358871,0.024944935,-0.029768178
1653513031.704601526,220.871154785,-755.274169922,-34.948825836,0.386048913,0.921622396,0.026387006,-0.029699802
1653513031.771252871,220.871154785,-755.274169922,-34.948825836,0.386048913,0.921622396,0.026387006,-0.029699802
1653513031.837354898,220.552902222,-754.956848145,-35.028171539,0.388267845,0.920653343,0.028118730,-0.029237682
1653513031.904629230,220.552902222,-754.956848145,-35.028171539,0.388267845,0.920653343,0.028118730,-0.029237682
1653513031.971690893,220.183914185,-754.610351562,-35.113204956,0.389991462,0.919924736,0.029145921,-0.028207814
1653513032.040683508,220.183914185,-754.610351562,-35.113204956,0.389991462,0.919924736,0.029145921,-0.028207814
1653513032.104469776,219.780685425,-754.244873047,-35.203826904,0.391690314,0.919203997,0.029831421,-0.027438199
1653513032.170774698,219.780685425,-754.244873047,-35.203826904,0.391690314,0.919203997,0.029831421,-0.027438199
1653513032.238514185,219.396896362,-753.893737793,-35.286525726,0.394121915,0.918179274,0.029584579,-0.027192647
1653513032.304582596,219.396896362,-753.893737793,-35.286525726,0.394121915,0.918179274,0.029584579,-0.027192647
1653513032.370718956,219.047119141,-753.563842773,-35.358844757,0.396222264,0.917311132,0.028440377,-0.027190145
1653513032.438642263,219.047119141,-753.563842773,-35.358844757,0.396222264,0.917311132,0.028440377,-0.027190145
1653513032.504634857,218.681915283,-753.229370117,-35.435672760,0.397978723,0.916613758,0.026262054,-0.027247250
1653513032.571791410,218.681915283,-753.229370117,-35.435672760,0.397978723,0.916613758,0.026262054,-0.027247250
1653513032.638928652,218.263748169,-752.866027832,-35.513828278,0.399879783,0.915837765,0.023968237,-0.027619660
1653513032.704391003,218.263748169,-752.866027832,-35.513828278,0.399879783,0.915837765,0.023968237,-0.027619660
1653513032.771640539,217.905349731,-752.537536621,-35.578590393,0.400493622,0.915605605,0.021656414,-0.028323758
1653513032.838913202,217.905349731,-752.537536621,-35.578590393,0.400493622,0.915605605,0.021656414,-0.028323758
1653513032.904256821,217.532806396,-752.203369141,-35.649921417,0.400973856,0.915473640,0.019603193,-0.027271805
1653513032.971078634,217.532806396,-752.203369141,-35.649921417,0.400973856,0.915473640,0.019603193,-0.027271805
1653513033.037600994,217.179977417,-751.878784180,-35.717308044,0.400944680,0.915500998,0.019196248,-0.027069403
1653513033.105004311,217.179977417,-751.878784180,-35.717308044,0.400944680,0.915500998,0.019196248,-0.027069403
1653513033.170728445,216.810089111,-751.541564941,-35.788578033,0.400787503,0.915601373,0.018492332,-0.026485756
1653513033.237564325,216.810089111,-751.541564941,-35.788578033,0.400787503,0.915601373,0.018492332,-0.026485756
1653513033.304854155,216.420135498,-751.190551758,-35.866455078,0.400097132,0.915935099,0.018908648,-0.025053039
1653513033.370713711,216.420135498,-751.190551758,-35.866455078,0.400097132,0.915935099,0.018908648,-0.025053039
1653513033.437546730,216.100708008,-750.887207031,-35.928176880,0.400017023,0.915996730,0.019354640,-0.023700757
1653513033.505286455,216.100708008,-750.887207031,-35.928176880,0.400017023,0.915996730,0.019354640,-0.023700757
1653513033.571000814,215.684005737,-750.516601562,-36.005874634,0.399734527,0.916135073,0.019740291,-0.022783920
1653513033.637489319,215.684005737,-750.516601562,-36.005874634,0.399734527,0.916135073,0.019740291,-0.022783920
1653513033.705093622,215.339492798,-750.187744141,-36.066608429,0.399277896,0.916332781,0.020590657,-0.022078076
1653513033.771356106,215.339492798,-750.187744141,-36.066608429,0.399277896,0.916332781,0.020590657,-0.022078076
1653513033.838866949,214.992462158,-749.855468750,-36.124534607,0.399370849,0.916298807,0.020898310,-0.021509811
1653513033.904342890,214.992462158,-749.855468750,-36.124534607,0.399370849,0.916298807,0.020898310,-0.021509811
1653513033.971035242,214.670120239,-749.536437988,-36.177268982,0.399286926,0.916329324,0.021136023,-0.021534985
1653513034.041059256,214.670120239,-749.536437988,-36.177268982,0.399286926,0.916329324,0.021136023,-0.021534985
1653513034.104565859,214.286315918,-749.174255371,-36.239250183,0.399174064,0.916358232,0.021842217,-0.021691944
1653513034.170934916,214.286315918,-749.174255371,-36.239250183,0.399174064,0.916358232,0.021842217,-0.021691944
1653513034.240206718,213.982604980,-748.860595703,-36.283416748,0.399843901,0.916057169,0.022406653,-0.021496180
1653513034.304357529,213.982604980,-748.860595703,-36.283416748,0.399843901,0.916057169,0.022406653,-0.021496180
1653513034.371328831,213.601928711,-748.500671387,-36.337978363,0.399849802,0.916020036,0.023707382,-0.021571983
1653513034.437534809,213.601928711,-748.500671387,-36.337978363,0.399849802,0.916020036,0.023707382,-0.021571983
1653513034.504321575,213.226287842,-748.142517090,-36.395526886,0.400307268,0.915815234,0.024412144,-0.020990828
1653513034.571906328,213.226287842,-748.142517090,-36.395526886,0.400307268,0.915815234,0.024412144,-0.020990828
1653513034.637724400,212.947052002,-747.852539062,-36.439395905,0.401278913,0.915353775,0.026179861,-0.020429477
1653513034.705868721,212.947052002,-747.852539062,-36.439395905,0.401278913,0.915353775,0.026179861,-0.020429477
1653513034.770792961,212.608551025,-747.515563965,-36.496276855,0.401775330,0.915132403,0.026620574,-0.020016128
1653513034.837554216,212.608551025,-747.515563965,-36.496276855,0.401775330,0.915132403,0.026620574,-0.020016128
1653513034.906536341,212.250808716,-747.167175293,-36.554553986,0.402162611,0.914942980,0.027195429,-0.020124750
1653513034.971086025,212.250808716,-747.167175293,-36.554553986,0.402162611,0.914942980,0.027195429,-0.020124750
1653513035.037629843,211.894729614,-746.822082520,-36.612190247,0.403204262,0.914465189,0.027583240,-0.020467600
1653513035.104812622,211.894729614,-746.822082520,-36.612190247,0.403204262,0.914465189,0.027583240,-0.020467600
1653513035.170745611,211.546264648,-746.487792969,-36.669776917,0.403231710,0.914448321,0.027849780,-0.020318300
1653513035.241311073,211.546264648,-746.487792969,-36.669776917,0.403231710,0.914448321,0.027849780,-0.020318300
1653513035.305277824,211.186050415,-746.144958496,-36.730594635,0.403660744,0.914257109,0.027964789,-0.020246701
1653513035.370904207,211.186050415,-746.144958496,-36.730594635,0.403660744,0.914257109,0.027964789,-0.020246701
1653513035.437850714,210.826705933,-745.803894043,-36.793151855,0.403901398,0.914115071,0.028992033,-0.020414934
1653513035.503996849,210.826705933,-745.803894043,-36.793151855,0.403901398,0.914115071,0.028992033,-0.020414934
1653513035.571868658,210.454757690,-745.456848145,-36.860351562,0.404020429,0.914073348,0.029081944,-0.019790582
1653513035.637767792,210.454757690,-745.456848145,-36.860351562,0.404020429,0.914073348,0.029081944,-0.019790582
1653513035.704640865,210.169830322,-745.177307129,-36.915088654,0.404016197,0.914066851,0.029752646,-0.019170580
1653513035.771083355,210.169830322,-745.177307129,-36.915088654,0.404016197,0.914066851,0.029752646,-0.019170580
1653513035.837939978,209.793029785,-744.830383301,-36.989192963,0.404516816,0.913850486,0.029771920,-0.018895160
1653513035.905131102,209.793029785,-744.830383301,-36.989192963,0.404516816,0.913850486,0.029771920,-0.018895160
1653513035.971446753,209.475723267,-744.522827148,-37.058971405,0.404265344,0.913984597,0.029340725,-0.018460277
1653513036.038029909,209.475723267,-744.522827148,-37.058971405,0.404265344,0.913984597,0.029340725,-0.018460277
1653513036.105001926,209.118301392,-744.185180664,-37.136310577,0.404159009,0.914062083,0.028785208,-0.017815333
1653513036.170975685,209.118301392,-744.185180664,-37.136310577,0.404159009,0.914062083,0.028785208,-0.017815333
1653513036.237473249,208.746902466,-743.845947266,-37.208896637,0.404321522,0.914024770,0.027986355,-0.017310172
1653513036.305482388,208.746902466,-743.845947266,-37.208896637,0.404321522,0.914024770,0.027986355,-0.017310172
1653513036.370871782,208.418167114,-743.542053223,-37.271766663,0.404122591,0.914169490,0.026369410,-0.016842837
1653513036.437536955,208.418167114,-743.542053223,-37.271766663,0.404122591,0.914169490,0.026369410,-0.016842837
1653513036.504174471,208.012268066,-743.186889648,-37.348545074,0.403505057,0.914471567,0.025300356,-0.016891867
1653513036.571113110,208.012268066,-743.186889648,-37.348545074,0.403505057,0.914471567,0.025300356,-0.016891867
1653513036.637437582,207.617034912,-742.836669922,-37.420558929,0.403948337,0.914302766,0.023924062,-0.017430162
1653513036.704305649,207.617034912,-742.836669922,-37.420558929,0.403948337,0.914302766,0.023924062,-0.017430162
1653513036.771353960,207.225967407,-742.494262695,-37.489852905,0.403903246,0.914347112,0.023100836,-0.017259132
1653513036.837432623,207.225967407,-742.494262695,-37.489852905,0.403903246,0.914347112,0.023100836,-0.017259132
1653513036.905485153,206.845932007,-742.155090332,-37.562309265,0.403803051,0.914394557,0.022233786,-0.018203897
1653513036.970664501,206.845932007,-742.155090332,-37.562309265,0.403803051,0.914394557,0.022233786,-0.018203897
1653513037.037448645,206.473907471,-741.814331055,-37.632926941,0.404326797,0.914159417,0.021424262,-0.019322721
1653513037.104093552,206.473907471,-741.814331055,-37.632926941,0.404326797,0.914159417,0.021424262,-0.019322721
1653513037.170782804,206.096603394,-741.473144531,-37.697154999,0.404683292,0.913990617,0.021330893,-0.019939160
1653513037.237358809,206.096603394,-741.473144531,-37.697154999,0.404683292,0.913990617,0.021330893,-0.019939160
1653513037.304090738,205.653533936,-741.080261230,-37.771968842,0.404917181,0.913900852,0.020567795,-0.020106399
1653513037.370673418,205.653533936,-741.080261230,-37.771968842,0.404917181,0.913900852,0.020567795,-0.020106399
1653513037.437768936,205.271743774,-740.726501465,-37.837726593,0.405888349,0.913476944,0.019826831,-0.020529175
1653513037.504155636,205.271743774,-740.726501465,-37.837726593,0.405888349,0.913476944,0.019826831,-0.020529175
1653513037.570987701,204.944946289,-740.405273438,-37.895793915,0.406347990,0.913275898,0.019134514,-0.021031914
1653513037.637594461,204.944946289,-740.405273438,-37.895793915,0.406347990,0.913275898,0.019134514,-0.021031914
1653513037.707228661,204.566345215,-740.047241211,-37.962451935,0.407241642,0.912898064,0.018140875,-0.021029161
1653513037.770928860,204.566345215,-740.047241211,-37.962451935,0.407241642,0.912898064,0.018140875,-0.021029161
1653513037.838699102,204.250900269,-739.724182129,-38.012905121,0.408268183,0.912440956,0.017059337,-0.021853795
1653513037.904302835,204.250900269,-739.724182129,-38.012905121,0.408268183,0.912440956,0.017059337,-0.021853795
1653513037.971411943,203.840362549,-739.334472656,-38.080192566,0.409060359,0.912091076,0.015967283,-0.022462513
1653513038.037538767,203.840362549,-739.334472656,-38.080192566,0.409060359,0.912091076,0.015967283,-0.022462513
1653513038.104612589,203.592086792,-739.050598145,-38.120651245,0.409983635,0.911692858,0.015164881,-0.022352180
1653513038.174380779,203.592086792,-739.050598145,-38.120651245,0.409983635,0.911692858,0.015164881,-0.022352180
1653513038.239243984,203.198516846,-738.656005859,-38.186344147,0.411279589,0.911096156,0.015506072,-0.022638218
1653513038.304822922,203.198516846,-738.656005859,-38.186344147,0.411279589,0.911096156,0.015506072,-0.022638218
1653513038.371381044,202.834442139,-738.268493652,-38.244289398,0.411838979,0.910889983,0.014947445,-0.021087641
1653513038.438254833,202.834442139,-738.268493652,-38.244289398,0.411838979,0.910889983,0.014947445,-0.021087641
1653513038.504066706,202.557540894,-737.943603516,-38.280750275,0.412456393,0.910573959,0.017020583,-0.021097898
1653513038.570688009,202.557540894,-737.943603516,-38.280750275,0.412456393,0.910573959,0.017020583,-0.021097898
1653513038.638719797,202.226562500,-737.578308105,-38.324607849,0.413181573,0.910241961,0.018955948,-0.019524105
1653513038.709089994,202.226562500,-737.578308105,-38.324607849,0.413181573,0.910241961,0.018955948,-0.019524105
1653513038.770915031,201.865692139,-737.192077637,-38.367946625,0.412741870,0.910405397,0.021036249,-0.019069592
1653513038.840279102,201.865692139,-737.192077637,-38.367946625,0.412741870,0.910405397,0.021036249,-0.019069592
1653513038.904632330,201.533691406,-736.830688477,-38.404441833,0.412708044,0.910361528,0.023712020,-0.018753668
1653513038.971619606,201.533691406,-736.830688477,-38.404441833,0.412708044,0.910361528,0.023712020,-0.018753668
1653513039.041402340,201.211563110,-736.478942871,-38.439266205,0.412169307,0.910519600,0.026693180,-0.018921915
1653513039.105966091,201.211563110,-736.478942871,-38.439266205,0.412169307,0.910519600,0.026693180,-0.018921915
1653513039.170670271,200.816131592,-736.070800781,-38.479400635,0.411831141,0.910567284,0.029722868,-0.019465808
1653513039.237549543,200.816131592,-736.070800781,-38.479400635,0.411831141,0.910567284,0.029722868,-0.019465808
1653513039.304416418,200.519973755,-735.744689941,-38.504409790,0.411829650,0.910483599,0.031730261,-0.020227648
1653513039.370683193,200.519973755,-735.744689941,-38.504409790,0.411829650,0.910483599,0.031730261,-0.020227648
1653513039.437290430,200.191909790,-735.391296387,-38.533397675,0.412309200,0.910174191,0.033758596,-0.021081492
1653513039.504260540,200.191909790,-735.391296387,-38.533397675,0.412309200,0.910174191,0.033758596,-0.021081492
1653513039.571626663,199.803649902,-734.991027832,-38.572200775,0.413120687,0.909773588,0.034211945,-0.021746224
1653513039.637380600,199.803649902,-734.991027832,-38.572200775,0.413120687,0.909773588,0.034211945,-0.021746224
1653513039.704076767,199.444305420,-734.613586426,-38.611339569,0.413335234,0.909683824,0.034065571,-0.021652350
1653513039.772351980,199.444305420,-734.613586426,-38.611339569,0.413335234,0.909683824,0.034065571,-0.021652350
1653513039.838467121,199.101409912,-734.249755859,-38.645557404,0.413993835,0.909376442,0.033956628,-0.022148941
1653513039.904320240,199.101409912,-734.249755859,-38.645557404,0.413993835,0.909376442,0.033956628,-0.022148941
1653513039.970989227,198.769058228,-733.896484375,-38.681789398,0.414991587,0.908906698,0.034802049,-0.021434626
1653513040.038958788,198.769058228,-733.896484375,-38.681789398,0.414991587,0.908906698,0.034802049,-0.021434626
1653513040.107147217,198.417739868,-733.536193848,-38.724632263,0.415979207,0.908389390,0.036571328,-0.021273941
1653513040.170674801,198.417739868,-733.536193848,-38.724632263,0.415979207,0.908389390,0.036571328,-0.021273941
1653513040.239700794,198.056716919,-733.170837402,-38.772201538,0.417259157,0.907767594,0.037933137,-0.020344948
1653513040.304272890,198.056716919,-733.170837402,-38.772201538,0.417259157,0.907767594,0.037933137,-0.020344948
1653513040.371014118,197.711654663,-732.825500488,-38.823890686,0.418347090,0.907215714,0.039404977,-0.019813500
1653513040.438461065,197.711654663,-732.825500488,-38.823890686,0.418347090,0.907215714,0.039404977,-0.019813500
1653513040.505712986,197.406723022,-732.518066406,-38.871597290,0.419019878,0.906860113,0.040701125,-0.019248644
1653513040.571369171,197.406723022,-732.518066406,-38.871597290,0.419019878,0.906860113,0.040701125,-0.019248644
1653513040.637545109,197.043731689,-732.167541504,-38.923034668,0.419883132,0.906442523,0.041299127,-0.018828504
1653513040.705547571,197.043731689,-732.167541504,-38.923034668,0.419883132,0.906442523,0.041299127,-0.018828504
1653513040.770762444,196.698410034,-731.843322754,-38.966350555,0.420465142,0.906195998,0.040908340,-0.018556913
1653513040.837306738,196.698410034,-731.843322754,-38.966350555,0.420465142,0.906195998,0.040908340,-0.018556913
1653513040.904011726,196.381607056,-731.546447754,-39.007644653,0.420248121,0.906373739,0.039124548,-0.018638255
1653513040.971217155,196.381607056,-731.546447754,-39.007644653,0.420248121,0.906373739,0.039124548,-0.018638255
1653513041.040373564,195.998764038,-731.211669922,-39.059829712,0.420218736,0.906443775,0.037802387,-0.018623836
1653513041.104140282,195.998764038,-731.211669922,-39.059829712,0.420218736,0.906443775,0.037802387,-0.018623836
1653513041.170707703,195.589920044,-730.869995117,-39.116825104,0.420311630,0.906451583,0.035970934,-0.019743320
1653513041.243782759,195.589920044,-730.869995117,-39.116825104,0.420311630,0.906451583,0.035970934,-0.019743320
1653513041.304485083,195.246520996,-730.584533691,-39.167663574,0.419819295,0.906697094,0.034686904,-0.021189468
1653513041.370628834,195.246520996,-730.584533691,-39.167663574,0.419819295,0.906697094,0.034686904,-0.021189468
1653513041.438743114,194.913467407,-730.308898926,-39.219093323,0.419730097,0.906780243,0.033001039,-0.022071229
1653513041.504065037,194.913467407,-730.308898926,-39.219093323,0.419730097,0.906780243,0.033001039,-0.022071229
1653513041.571547031,194.577346802,-730.026184082,-39.264770508,0.419605047,0.906922400,0.030034738,-0.022831406
1653513041.641692877,194.577346802,-730.026184082,-39.264770508,0.419605047,0.906922400,0.030034738,-0.022831406
1653513041.704160929,194.242889404,-729.745605469,-39.318134308,0.418991238,0.907310903,0.027046047,-0.022399677
1653513041.772267342,194.242889404,-729.745605469,-39.318134308,0.418991238,0.907310903,0.027046047,-0.022399677
1653513041.838573694,193.877197266,-729.442077637,-39.378158569,0.418643296,0.907555163,0.024047609,-0.022431662
1653513041.904288292,193.877197266,-729.442077637,-39.378158569,0.418643296,0.907555163,0.024047609,-0.022431662
1653513041.970892668,193.543472290,-729.160705566,-39.432327271,0.418316871,0.907747090,0.021540510,-0.023286322
1653513042.038272619,193.543472290,-729.160705566,-39.432327271,0.418316871,0.907747090,0.021540510,-0.023286322
1653513042.104453802,193.220474243,-728.884948730,-39.486171722,0.417693406,0.908066809,0.019287927,-0.023975812
1653513042.170785904,193.220474243,-728.884948730,-39.486171722,0.417693406,0.908066809,0.019287927,-0.023975812
1653513042.240145206,192.843276978,-728.569824219,-39.545677185,0.417221963,0.908269584,0.018822862,-0.024856990
1653513042.305015802,192.843276978,-728.569824219,-39.545677185,0.417221963,0.908269584,0.018822862,-0.024856990
1653513042.370962620,192.547531128,-728.297180176,-39.596027374,0.416863620,0.908428609,0.018753842,-0.025110047
1653513042.437689781,192.547531128,-728.297180176,-39.596027374,0.416863620,0.908428609,0.018753842,-0.025110047
1653513042.504285812,192.268630981,-728.027099609,-39.648960114,0.416462392,0.908656776,0.018467918,-0.023682101
1653513042.570594311,192.268630981,-728.027099609,-39.648960114,0.416462392,0.908656776,0.018467918,-0.023682101
1653513042.637839794,191.969604492,-727.739624023,-39.706943512,0.415954560,0.908874333,0.019887865,-0.023101950
1653513042.704041004,191.969604492,-727.739624023,-39.706943512,0.415954560,0.908874333,0.019887865,-0.023101950
1653513042.770701170,191.630126953,-727.423278809,-39.770198822,0.416071296,0.908808172,0.021822922,-0.021820145
1653513042.837599754,191.630126953,-727.423278809,-39.770198822,0.416071296,0.908808172,0.021822922,-0.021820145
1653513042.905320406,191.267608643,-727.098754883,-39.833621979,0.415766895,0.908917129,0.023746338,-0.021062998
1653513042.970613956,191.267608643,-727.098754883,-39.833621979,0.415766895,0.908917129,0.023746338,-0.021062998
1653513043.038061142,190.925231934,-726.788757324,-39.893192291,0.415680259,0.908934891,0.024387535,-0.021273470
1653513043.104036093,190.925231934,-726.788757324,-39.893192291,0.415680259,0.908934891,0.024387535,-0.021273470
1653513043.170679092,190.601348877,-726.495727539,-39.944435120,0.415970087,0.908762991,0.024414565,-0.022861499
1653513043.237371922,190.601348877,-726.495727539,-39.944435120,0.415970087,0.908762991,0.024414565,-0.022861499
1653513043.304123402,190.281631470,-726.203369141,-39.992095947,0.416332394,0.908585131,0.024113914,-0.023640417
1653513043.370728731,190.281631470,-726.203369141,-39.992095947,0.416332394,0.908585131,0.024113914,-0.023640417
1653513043.439017773,189.970397949,-725.907409668,-40.039054871,0.417683661,0.907963037,0.023375610,-0.024434289
1653513043.504089594,189.970397949,-725.907409668,-40.039054871,0.417683661,0.907963037,0.023375610,-0.024434289
1653513043.571085930,189.647796631,-725.601379395,-40.085906982,0.418321341,0.907651663,0.023588846,-0.024884744
1653513043.637508869,189.647796631,-725.601379395,-40.085906982,0.418321341,0.907651663,0.023588846,-0.024884744
1653513043.704128742,189.337799072,-725.298461914,-40.129810333,0.419334561,0.907167017,0.024242017,-0.024876507
1653513043.770730257,189.337799072,-725.298461914,-40.129810333,0.419334561,0.907167017,0.024242017,-0.024876507
1653513043.837500572,188.959823608,-724.940307617,-40.187419891,0.421116084,0.906353056,0.023826264,-0.024853114
1653513043.905515432,188.959823608,-724.940307617,-40.187419891,0.421116084,0.906353056,0.023826264,-0.024853114
1653513043.970624685,188.681396484,-724.649902344,-40.225814819,0.422917128,0.905506849,0.023795031,-0.025144644
1653513044.038458586,188.681396484,-724.649902344,-40.225814819,0.422917128,0.905506849,0.023795031,-0.025144644
1653513044.104381084,188.390228271,-724.347900391,-40.264774323,0.424562365,0.904715300,0.023485230,-0.026180889
1653513044.172928810,188.390228271,-724.347900391,-40.264774323,0.424562365,0.904715300,0.023485230,-0.026180889
1653513044.238558054,188.134597778,-724.076904297,-40.295852661,0.425746351,0.904150724,0.023360634,-0.026566412
1653513044.304877758,188.134597778,-724.076904297,-40.295852661,0.425746351,0.904150724,0.023360634,-0.026566412
1653513044.370683908,187.821792603,-723.768127441,-40.330978394,0.426205814,0.903914034,0.022895001,-0.027636878
1653513044.438218117,187.821792603,-723.768127441,-40.330978394,0.426205814,0.903914034,0.022895001,-0.027636878
1653513044.504369497,187.523391724,-723.475402832,-40.360622406,0.425633699,0.904127836,0.023317326,-0.029071720
1653513044.570776224,187.523391724,-723.475402832,-40.360622406,0.425633699,0.904127836,0.023317326,-0.029071720
1653513044.638059139,187.212631226,-723.175720215,-40.395278931,0.424740851,0.904542565,0.023360711,-0.029193996
1653513044.705649137,187.212631226,-723.175720215,-40.395278931,0.424740851,0.904542565,0.023360711,-0.029193996
1653513044.770635843,186.911758423,-722.877685547,-40.430122375,0.423759520,0.904967427,0.024252422,-0.029558323
1653513044.838308334,186.911758423,-722.877685547,-40.430122375,0.423759520,0.904967427,0.024252422,-0.029558323
1653513044.903862000,186.644546509,-722.604492188,-40.458522797,0.422821403,0.905430496,0.024446940,-0.028635887
1653513044.970575809,186.644546509,-722.604492188,-40.458522797,0.422821403,0.905430496,0.024446940,-0.028635887
1653513045.039816618,186.355133057,-722.314270020,-40.489498138,0.421661675,0.906016886,0.024010584,-0.027538596
1653513045.104101419,186.355133057,-722.314270020,-40.489498138,0.421661675,0.906016886,0.024010584,-0.027538596
1653513045.172189474,186.069717407,-722.021118164,-40.515197754,0.420755446,0.906490207,0.022860654,-0.026791565
1653513045.237517595,186.069717407,-722.021118164,-40.515197754,0.420755446,0.906490207,0.022860654,-0.026791565
1653513045.303911448,185.775711060,-721.722229004,-40.538436890,0.420058876,0.906854868,0.022492317,-0.025668716
1653513045.370588064,185.775711060,-721.722229004,-40.538436890,0.420058876,0.906854868,0.022492317,-0.025668716
1653513045.437192202,185.472320557,-721.418029785,-40.555088043,0.418956161,0.907351851,0.022477129,-0.026136424
1653513045.503953695,185.472320557,-721.418029785,-40.555088043,0.418956161,0.907351851,0.022477129,-0.026136424
1653513045.570636272,185.216400146,-721.145935059,-40.558403015,0.417910695,0.907816529,0.022154989,-0.027000191
1653513045.637581348,185.216400146,-721.145935059,-40.558403015,0.417910695,0.907816529,0.022154989,-0.027000191
1653513045.703980923,184.914489746,-720.841857910,-40.560321808,0.416217893,0.908561528,0.021963613,-0.028217549
1653513045.770668983,184.914489746,-720.841857910,-40.560321808,0.416217893,0.908561528,0.021963613,-0.028217549
1653513045.837520123,184.652206421,-720.566528320,-40.556121826,0.414725304,0.909153104,0.022064816,-0.030929880
1653513045.905252934,184.652206421,-720.566528320,-40.556121826,0.414725304,0.909153104,0.022064816,-0.030929880
1653513045.972783566,184.369125366,-720.279052734,-40.561584473,0.412722290,0.910069764,0.021618376,-0.031080563
1653513046.038334846,184.369125366,-720.279052734,-40.561584473,0.412722290,0.910069764,0.021618376,-0.031080563
1653513046.104295969,184.061477661,-719.968505859,-40.577926636,0.409542382,0.911521554,0.020775001,-0.031174557
1653513046.171170473,184.061477661,-719.968505859,-40.577926636,0.409542382,0.911521554,0.020775001,-0.031174557
1653513046.240256071,183.800399780,-719.693420410,-40.601230621,0.406879932,0.912750125,0.020462597,-0.030286154
1653513046.303876162,183.800399780,-719.693420410,-40.601230621,0.406879932,0.912750125,0.020462597,-0.030286154
1653513046.370544672,183.535308838,-719.415283203,-40.632423401,0.403198272,0.914427757,0.020374088,-0.028946083
1653513046.438511372,183.535308838,-719.415283203,-40.632423401,0.403198272,0.914427757,0.020374088,-0.028946083
1653513046.504014492,183.224136353,-719.101013184,-40.664680481,0.399161279,0.916235924,0.020690691,-0.027457936
1653513046.571983576,183.224136353,-719.101013184,-40.664680481,0.399161279,0.916235924,0.020690691,-0.027457936
1653513046.639890432,182.972900391,-718.825439453,-40.692340851,0.395556659,0.917822421,0.021667298,-0.025834413
1653513046.704055071,182.972900391,-718.825439453,-40.692340851,0.395556659,0.917822421,0.021667298,-0.025834413
1653513046.771110535,182.736206055,-718.557067871,-40.715946198,0.392918140,0.918950677,0.023593472,-0.024256635
1653513046.838480949,182.736206055,-718.557067871,-40.715946198,0.392918140,0.918950677,0.023593472,-0.024256635
1653513046.904752016,182.451904297,-718.247070312,-40.742012024,0.390282780,0.920072019,0.025246244,-0.022572072
1653513046.970665455,182.451904297,-718.247070312,-40.742012024,0.390282780,0.920072019,0.025246244,-0.022572072
1653513047.037321091,182.195022583,-717.952880859,-40.762393951,0.388838470,0.920662344,0.027402371,-0.020847240
1653513047.105189323,182.195022583,-717.952880859,-40.762393951,0.388838470,0.920662344,0.027402371,-0.020847240
1653513047.170640230,181.919113159,-717.641479492,-40.784427643,0.387840509,0.921083987,0.028779125,-0.018861026
1653513047.237719297,181.919113159,-717.641479492,-40.784427643,0.387840509,0.921083987,0.028779125,-0.018861026
1653513047.304219246,181.705947876,-717.375732422,-40.802120209,0.386552483,0.921597242,0.030707188,-0.017109664
1653513047.371232748,181.705947876,-717.375732422,-40.802120209,0.386552483,0.921597242,0.030707188,-0.017109664
1653513047.437241793,181.418029785,-717.043273926,-40.821788788,0.386506736,0.921580791,0.032319143,-0.016025053
1653513047.503943682,181.418029785,-717.043273926,-40.821788788,0.386506736,0.921580791,0.032319143,-0.016025053
1653513047.570910692,181.209121704,-716.773681641,-40.830123901,0.387216061,0.921191573,0.035142533,-0.015321936
1653513047.638723373,181.209121704,-716.773681641,-40.830123901,0.387216061,0.921191573,0.035142533,-0.015321936
1653513047.704204559,180.941619873,-716.461608887,-40.845260620,0.387608588,0.920937896,0.037751477,-0.014414210
1653513047.770745516,180.941619873,-716.461608887,-40.845260620,0.387608588,0.920937896,0.037751477,-0.014414210
1653513047.838227272,180.672241211,-716.159667969,-40.863929749,0.388018161,0.920657873,0.040590052,-0.013542606
1653513047.903990269,180.672241211,-716.159667969,-40.863929749,0.388018161,0.920657873,0.040590052,-0.013542606
1653513047.971246719,180.392761230,-715.861694336,-40.882797241,0.387446910,0.920787811,0.043119181,-0.013245107
1653513048.037752628,180.392761230,-715.861694336,-40.882797241,0.387446910,0.920787811,0.043119181,-0.013245107
1653513048.104371071,180.111633301,-715.576721191,-40.901390076,0.386823684,0.920966864,0.044820920,-0.013362425
1653513048.170493603,180.111633301,-715.576721191,-40.901390076,0.386823684,0.920966864,0.044820920,-0.013362425
1653513048.237204790,179.824722290,-715.296997070,-40.920848846,0.387324333,0.920763195,0.044477068,-0.014029072
1653513048.303976297,179.824722290,-715.296997070,-40.920848846,0.387324333,0.920763195,0.044477068,-0.014029072
1653513048.371394634,179.537582397,-715.033142090,-40.941726685,0.386727005,0.921092391,0.042731278,-0.014321601
1653513048.437360525,179.537582397,-715.033142090,-40.941726685,0.386727005,0.921092391,0.042731278,-0.014321601
1653513048.504168034,179.258193970,-714.782470703,-40.963211060,0.386440694,0.921326280,0.040019941,-0.014828878
1653513048.570764542,179.258193970,-714.782470703,-40.963211060,0.386440694,0.921326280,0.040019941,-0.014828878
1653513048.637372732,178.946105957,-714.514099121,-40.987167358,0.386023521,0.921572864,0.037807398,-0.016121883
1653513048.704090357,178.946105957,-714.514099121,-40.987167358,0.386023521,0.921572864,0.037807398,-0.016121883
1653513048.773060799,178.613586426,-714.236694336,-41.012298584,0.385030001,0.922005117,0.036651980,-0.017751282
1653513048.840609312,178.613586426,-714.236694336,-41.012298584,0.385030001,0.922005117,0.036651980,-0.017751282
1653513048.904157400,178.293121338,-713.967834473,-41.029228210,0.383706868,0.922525227,0.036632154,-0.019348251
1653513048.971263647,178.293121338,-713.967834473,-41.029228210,0.383706868,0.922525227,0.036632154,-0.019348251
1653513049.044143677,178.019973755,-713.746276855,-41.044979095,0.381732106,0.923299491,0.037354410,-0.020081064
1653513049.104543924,178.019973755,-713.746276855,-41.044979095,0.381732106,0.923299491,0.037354410,-0.020081064
1653513049.173919439,177.706878662,-713.498962402,-41.060611725,0.379335284,0.924255252,0.037464958,-0.021291003
1653513049.238291502,177.706878662,-713.498962402,-41.060611725,0.379335284,0.924255252,0.037464958,-0.021291003
1653513049.304045677,177.388748169,-713.253662109,-41.080093384,0.376784146,0.925265789,0.037814923,-0.022068074
1653513049.370781660,177.388748169,-713.253662109,-41.080093384,0.376784146,0.925265789,0.037814923,-0.022068074
1653513049.437980175,177.095611572,-713.034362793,-41.104709625,0.373982668,0.926373422,0.038313799,-0.022390602
1653513049.504135609,177.095611572,-713.034362793,-41.104709625,0.373982668,0.926373422,0.038313799,-0.022390602
1653513049.570524693,176.761169434,-712.788940430,-41.133144379,0.372234732,0.927124321,0.036013745,-0.024183651
1653513049.637212992,176.761169434,-712.788940430,-41.133144379,0.372234732,0.927124321,0.036013745,-0.024183651
1653513049.703862906,176.466766357,-712.575927734,-41.162487030,0.370245963,0.927990794,0.032998506,-0.025730457
1653513049.771340609,176.466766357,-712.575927734,-41.162487030,0.370245963,0.927990794,0.032998506,-0.025730457
1653513049.838913202,176.143768311,-712.344543457,-41.189762115,0.369592130,0.928235054,0.030841628,-0.028811710
1653513049.904162169,176.143768311,-712.344543457,-41.189762115,0.369592130,0.928235054,0.030841628,-0.028811710
1653513049.971349001,175.853317261,-712.125000000,-41.212135315,0.368286639,0.928676128,0.030511249,-0.031538460
1653513050.039042473,175.853317261,-712.125000000,-41.212135315,0.368286639,0.928676128,0.030511249,-0.031538460
1653513050.104061604,175.555084229,-711.902954102,-41.236209869,0.367097437,0.929048240,0.031645294,-0.033277731
1653513050.171638489,175.555084229,-711.902954102,-41.236209869,0.367097437,0.929048240,0.031645294,-0.033277731
1653513050.237203121,175.212677002,-711.655883789,-41.262245178,0.365007579,0.929663837,0.035196483,-0.035436977
1653513050.304023504,175.212677002,-711.655883789,-41.262245178,0.365007579,0.929663837,0.035196483,-0.035436977
1653513050.371095419,174.965454102,-711.465576172,-41.282924652,0.363959163,0.929915845,0.036546178,-0.038138878
1653513050.437093973,174.965454102,-711.465576172,-41.282924652,0.363959163,0.929915845,0.036546178,-0.038138878
1653513050.506978989,174.618591309,-711.225402832,-41.308460236,0.363230556,0.930096686,0.036058005,-0.041031495
1653513050.570748568,174.618591309,-711.225402832,-41.308460236,0.363230556,0.930096686,0.036058005,-0.041031495
1653513050.637881517,174.308044434,-711.005798340,-41.331771851,0.363183588,0.930094302,0.033979747,-0.043216851
1653513050.703970432,174.308044434,-711.005798340,-41.331771851,0.363183588,0.930094302,0.033979747,-0.043216851
1653513050.770753860,174.070678711,-710.829040527,-41.351940155,0.362612903,0.930227280,0.031746451,-0.046703488
1653513050.838701725,174.070678711,-710.829040527,-41.351940155,0.362612903,0.930227280,0.031746451,-0.046703488
1653513050.904383421,173.748062134,-710.602478027,-41.385990143,0.362735093,0.930115581,0.031203730,-0.048317783
1653513050.970686674,173.748062134,-710.602478027,-41.385990143,0.362735093,0.930115581,0.031203730,-0.048317783
1653513051.037114143,173.511993408,-710.418823242,-41.416217804,0.361925274,0.930310726,0.033475649,-0.049106095
1653513051.105987072,173.511993408,-710.418823242,-41.416217804,0.361925274,0.930310726,0.033475649,-0.049106095
1653513051.171524048,173.248291016,-710.222473145,-41.452991486,0.361064404,0.930653512,0.032886051,-0.049346149
1653513051.237331867,173.248291016,-710.222473145,-41.452991486,0.361064404,0.930653512,0.032886051,-0.049346149
1653513051.304032803,172.951095581,-710.013854980,-41.495136261,0.360703826,0.930828691,0.030628521,-0.050125975
1653513051.372022390,172.951095581,-710.013854980,-41.495136261,0.360703826,0.930828691,0.030628521,-0.050125975
1653513051.437183380,172.742691040,-709.856628418,-41.530227661,0.360450715,0.930998623,0.027819004,-0.050427508
1653513051.503874063,172.742691040,-709.856628418,-41.530227661,0.360450715,0.930998623,0.027819004,-0.050427508
1653513051.571350336,172.469314575,-709.664916992,-41.565670013,0.359501868,0.931416988,0.026904119,-0.049969465
1653513051.637122154,172.469314575,-709.664916992,-41.565670013,0.359501868,0.931416988,0.026904119,-0.049969465
1653513051.703862429,172.216766357,-709.478332520,-41.590171814,0.357826978,0.932010949,0.027774941,-0.050438054
1653513051.770485878,172.216766357,-709.478332520,-41.590171814,0.357826978,0.932010949,0.027774941,-0.050438054
1653513051.840168476,172.008728027,-709.313110352,-41.603126526,0.356878400,0.932325542,0.029404838,-0.050420370
1653513051.904314041,172.008728027,-709.313110352,-41.603126526,0.356878400,0.932325542,0.029404838,-0.050420370
1653513051.970630646,171.770889282,-709.133300781,-41.607818604,0.355741084,0.932640493,0.031008407,-0.051657021
1653513052.037327051,171.770889282,-709.133300781,-41.607818604,0.355741084,0.932640493,0.031008407,-0.051657021
1653513052.104137421,171.552124023,-708.967468262,-41.606613159,0.355149478,0.932705462,0.031487342,-0.054202497
1653513052.173723221,171.552124023,-708.967468262,-41.606613159,0.355149478,0.932705462,0.031487342,-0.054202497
1653513052.240038872,171.340286255,-708.808776855,-41.599910736,0.354641676,0.932775974,0.031350106,-0.056350820
1653513052.305049419,171.340286255,-708.808776855,-41.599910736,0.354641676,0.932775974,0.031350106,-0.056350820
1653513052.370600939,171.154678345,-708.661621094,-41.592586517,0.354067445,0.932924449,0.030953955,-0.057706550
1653513052.437801361,171.154678345,-708.661621094,-41.592586517,0.354067445,0.932924449,0.030953955,-0.057706550
1653513052.504132271,170.957839966,-708.511291504,-41.592895508,0.352938861,0.933383524,0.030396696,-0.057492577
1653513052.571412802,170.957839966,-708.511291504,-41.592895508,0.352938861,0.933383524,0.030396696,-0.057492577
1653513052.637410164,170.784835815,-708.373962402,-41.593196869,0.350881457,0.934236348,0.028996257,-0.056954548
1653513052.705277681,170.784835815,-708.373962402,-41.593196869,0.350881457,0.934236348,0.028996257,-0.056954548
1653513052.770936728,170.619598389,-708.244323730,-41.588184357,0.348495990,0.935199380,0.027016422,-0.056769647
1653513052.840544462,170.619598389,-708.244323730,-41.588184357,0.348495990,0.935199380,0.027016422,-0.056769647
1653513052.905113459,170.453445435,-708.123474121,-41.574234009,0.344772726,0.936531067,0.026295582,-0.057878595
1653513052.970549583,170.453445435,-708.123474121,-41.574234009,0.344772726,0.936531067,0.026295582,-0.057878595
1653513053.037226439,170.277954102,-708.006103516,-41.560321808,0.339916855,0.938273251,0.025751967,-0.058622852
1653513053.103840590,170.277954102,-708.006103516,-41.560321808,0.339916855,0.938273251,0.025751967,-0.058622852
1653513053.170473814,170.115814209,-707.898132324,-41.549324036,0.333833039,0.940384686,0.024953615,-0.060078502
1653513053.237140656,170.115814209,-707.898132324,-41.549324036,0.333833039,0.940384686,0.024953615,-0.060078502
1653513053.304030657,169.996719360,-707.810485840,-41.540699005,0.328456521,0.942218065,0.024338488,-0.061229236
1653513053.371036291,169.996719360,-707.810485840,-41.540699005,0.328456521,0.942218065,0.024338488,-0.061229236
1653513053.439897537,169.876647949,-707.709228516,-41.532833099,0.324152321,0.943664372,0.024702720,-0.061746325
1653513053.504340649,169.876647949,-707.709228516,-41.532833099,0.324152321,0.943664372,0.024702720,-0.061746325
1653513053.571727991,169.780303955,-707.613220215,-41.525951385,0.319599956,0.945196271,0.024980038,-0.061934341
1653513053.637306213,169.780303955,-707.613220215,-41.525951385,0.319599956,0.945196271,0.024980038,-0.061934341
1653513053.709151268,169.661239624,-707.499816895,-41.521572113,0.315174282,0.946664035,0.025442695,-0.062008496
1653513053.770545244,169.661239624,-707.499816895,-41.521572113,0.315174282,0.946664035,0.025442695,-0.062008496
1653513053.840268373,169.587554932,-707.401672363,-41.522026062,0.310995758,0.948045313,0.026892345,-0.061388254
1653513053.904350996,169.587554932,-707.401672363,-41.522026062,0.310995758,0.948045313,0.026892345,-0.061388254
1653513053.970661402,169.519454956,-707.304077148,-41.530822754,0.306699932,0.949515104,0.028509241,-0.059526522
1653513054.039736032,169.519454956,-707.304077148,-41.530822754,0.306699932,0.949515104,0.028509241,-0.059526522
1653513054.104023695,169.469070435,-707.210571289,-41.542396545,0.302372962,0.950996339,0.029703159,-0.057396114
1653513054.172071934,169.469070435,-707.210571289,-41.542396545,0.302372962,0.950996339,0.029703159,-0.057396114
1653513054.237377405,169.409622192,-707.110656738,-41.550300598,0.298120350,0.952373028,0.031457696,-0.055859689
1653513054.304047346,169.409622192,-707.110656738,-41.550300598,0.298120350,0.952373028,0.031457696,-0.055859689
1653513054.371576309,169.375091553,-707.036987305,-41.557159424,0.294344544,0.953649998,0.030493658,-0.054617517
1653513054.437215090,169.375091553,-707.036987305,-41.557159424,0.294344544,0.953649998,0.030493658,-0.054617517
1653513054.504281044,169.352233887,-706.971191406,-41.561626434,0.289959937,0.955122709,0.027373666,-0.053985912
1653513054.571475983,169.352233887,-706.971191406,-41.561626434,0.289959937,0.955122709,0.027373666,-0.053985912
1653513054.637192011,169.321319580,-706.912719727,-41.568466187,0.285696328,0.956547439,0.024610998,-0.052810069
1653513054.704050064,169.321319580,-706.912719727,-41.568466187,0.285696328,0.956547439,0.024610998,-0.052810069
1653513054.775164366,169.296051025,-706.863159180,-41.576137543,0.279780567,0.958418846,0.023620939,-0.050972696
1653513054.837128878,169.296051025,-706.863159180,-41.576137543,0.279780567,0.958418846,0.023620939,-0.050972696
1653513054.903963089,169.289810181,-706.831542969,-41.589569092,0.270389706,0.961203694,0.023943419,-0.049026601
1653513054.970471621,169.289810181,-706.831542969,-41.589569092,0.270389706,0.961203694,0.023943419,-0.049026601
1653513055.037120581,169.274047852,-706.811340332,-41.604839325,0.261335075,0.963866711,0.023342308,-0.046044830
1653513055.104435682,169.274047852,-706.811340332,-41.604839325,0.261335075,0.963866711,0.023342308,-0.046044830
1653513055.171173096,169.258941650,-706.806152344,-41.618553162,0.250698775,0.966800630,0.022468567,-0.044066299
1653513055.237441778,169.258941650,-706.806152344,-41.618553162,0.250698775,0.966800630,0.022468567,-0.044066299
1653513055.304168940,169.249679565,-706.795410156,-41.637077332,0.239387184,0.969822466,0.019397624,-0.041975409
1653513055.373052359,169.249679565,-706.795410156,-41.637077332,0.239387184,0.969822466,0.019397624,-0.041975409
1653513055.437292576,169.254760742,-706.785461426,-41.654624939,0.229653746,0.972244561,0.016446941,-0.041582853
1653513055.503997326,169.254760742,-706.785461426,-41.654624939,0.229653746,0.972244561,0.016446941,-0.041582853
1653513055.571659327,169.274902344,-706.780944824,-41.672168732,0.219412848,0.974673033,0.014673800,-0.040684205
1653513055.637089968,169.274902344,-706.780944824,-41.672168732,0.219412848,0.974673033,0.014673800,-0.040684205
1653513055.704141855,169.292480469,-706.767150879,-41.683486938,0.209529996,0.976975560,0.014148273,-0.037626695
1653513055.770490170,169.292480469,-706.767150879,-41.683486938,0.209529996,0.976975560,0.014148273,-0.037626695
1653513055.837164164,169.309555054,-706.747070312,-41.697227478,0.198906645,0.979302227,0.013976395,-0.034756090
1653513055.903871059,169.309555054,-706.747070312,-41.697227478,0.198906645,0.979302227,0.013976395,-0.034756090
1653513055.971141815,169.346008301,-706.722473145,-41.709487915,0.189234793,0.981319964,0.013483196,-0.031929970
1653513056.037690401,169.346008301,-706.722473145,-41.709487915,0.189234793,0.981319964,0.013483196,-0.031929970
1653513056.103956699,169.379318237,-706.713073730,-41.714019775,0.177772418,0.983562946,0.014347402,-0.028197665
1653513056.170480490,169.379318237,-706.713073730,-41.714019775,0.177772418,0.983562946,0.014347402,-0.028197665
1653513056.237492800,169.419586182,-706.699096680,-41.714912415,0.167456731,0.985395908,0.015641872,-0.026617413
1653513056.304970503,169.419586182,-706.699096680,-41.714912415,0.167456731,0.985395908,0.015641872,-0.026617413
1653513056.372349024,169.461090088,-706.682678223,-41.705757141,0.156548560,0.987222016,0.015971456,-0.025103195
1653513056.438117027,169.461090088,-706.682678223,-41.705757141,0.156548560,0.987222016,0.015971456,-0.025103195
1653513056.504168034,169.509185791,-706.660766602,-41.698677063,0.146377802,0.988810718,0.015790073,-0.024031989
1653513056.570669651,169.509185791,-706.660766602,-41.698677063,0.146377802,0.988810718,0.015790073,-0.024031989
1653513056.637346745,169.556915283,-706.644348145,-41.681602478,0.135123283,0.990447342,0.016398840,-0.022064025
1653513056.703909874,169.556915283,-706.644348145,-41.681602478,0.135123283,0.990447342,0.016398840,-0.022064025
1653513056.770412207,169.605712891,-706.629699707,-41.666759491,0.123782784,0.991973281,0.015955456,-0.020303387
1653513056.837861061,169.605712891,-706.629699707,-41.666759491,0.123782784,0.991973281,0.015955456,-0.020303387
1653513056.903990269,169.657165527,-706.603881836,-41.646759033,0.111851744,0.993466914,0.014166234,-0.017664624
1653513056.981634855,169.657165527,-706.603881836,-41.646759033,0.111851744,0.993466914,0.014166234,-0.017664624
1653513057.038082361,169.716644287,-706.582336426,-41.631694794,0.100718297,0.994688392,0.012595430,-0.017092265
1653513057.104161263,169.716644287,-706.582336426,-41.631694794,0.100718297,0.994688392,0.012595430,-0.017092265
1653513057.171107531,169.775222778,-706.573913574,-41.603519440,0.087344654,0.995982289,0.011703526,-0.015911164
1653513057.237058640,169.775222778,-706.573913574,-41.603519440,0.087344654,0.995982289,0.011703526,-0.015911164
1653513057.304006577,169.827819824,-706.563293457,-41.587596893,0.073979951,0.997094870,0.010673100,-0.014659234
1653513057.371752977,169.827819824,-706.563293457,-41.587596893,0.073979951,0.997094870,0.010673100,-0.014659234
1653513057.437510014,169.895324707,-706.544677734,-41.568382263,0.059913125,0.998035312,0.010639613,-0.014925440
1653513057.504120827,169.895324707,-706.544677734,-41.568382263,0.059913125,0.998035312,0.010639613,-0.014925440
1653513057.573141098,169.949844360,-706.531005859,-41.550926208,0.045958787,0.998798728,0.009949978,-0.013779683
1653513057.637654066,169.949844360,-706.531005859,-41.550926208,0.045958787,0.998798728,0.009949978,-0.013779683
1653513057.703752279,170.010665894,-706.505493164,-41.541656494,0.031389359,0.999376416,0.010764019,-0.012065936
1653513057.770480156,170.010665894,-706.505493164,-41.541656494,0.031389359,0.999376416,0.010764019,-0.012065936
1653513057.838109970,170.054046631,-706.477844238,-41.529354095,0.018616943,0.999686480,0.013159036,-0.010350757
1653513057.903745174,170.054046631,-706.477844238,-41.529354095,0.018616943,0.999686480,0.013159036,-0.010350757
1653513057.970608473,170.121459961,-706.437622070,-41.526554108,0.004621098,0.999835908,0.015185023,-0.008730182
1653513058.040332317,170.121459961,-706.437622070,-41.526554108,0.004621098,0.999835908,0.015185023,-0.008730182
1653513058.103805065,170.172103882,-706.387329102,-41.520214081,-0.008341288,0.999813557,0.016400065,-0.005856673
1653513058.171973944,170.172103882,-706.387329102,-41.520214081,-0.008341288,0.999813557,0.016400065,-0.005856673
1653513058.237018347,170.202606201,-706.360778809,-41.523036957,-0.021200277,0.999583304,0.019160494,-0.004076468
1653513058.303915501,170.202606201,-706.360778809,-41.523036957,-0.021200277,0.999583304,0.019160494,-0.004076468
1653513058.370638847,170.249053955,-706.325927734,-41.519733429,-0.033586312,0.999199629,0.021290924,-0.004334978
1653513058.437220097,170.249053955,-706.325927734,-41.519733429,-0.033586312,0.999199629,0.021290924,-0.004334978
1653513058.503915071,170.285491943,-706.292724609,-41.507591248,-0.046064988,0.998688221,0.021956792,-0.004210257
1653513058.570957661,170.285491943,-706.292724609,-41.507591248,-0.046064988,0.998688221,0.021956792,-0.004210257
1653513058.637549639,170.311004639,-706.273986816,-41.499095917,-0.058252692,0.998029113,0.022835422,-0.004799679
1653513058.703972578,170.311004639,-706.273986816,-41.499095917,-0.058252692,0.998029113,0.022835422,-0.004799679
1653513058.770461082,170.333816528,-706.240112305,-41.476299286,-0.069024749,0.997329354,0.023226075,-0.005501414
1653513058.837700844,170.333816528,-706.240112305,-41.476299286,-0.069024749,0.997329354,0.023226075,-0.005501414
1653513058.904098034,170.356948853,-706.217529297,-41.457462311,-0.081679381,0.996345878,0.024166042,-0.006272174
1653513058.971178770,170.356948853,-706.217529297,-41.457462311,-0.081679381,0.996345878,0.024166042,-0.006272174
1653513059.037055016,170.360870361,-706.213989258,-41.444099426,-0.093876824,0.995268047,0.024295500,-0.006198185
1653513059.103746653,170.360870361,-706.213989258,-41.444099426,-0.093876824,0.995268047,0.024295500,-0.006198185
1653513059.170481443,170.372467041,-706.215332031,-41.444728851,-0.107011601,0.993974864,0.022741826,-0.006731216
1653513059.237400293,170.372467041,-706.215332031,-41.444728851,-0.107011601,0.993974864,0.022741826,-0.006731216
1653513059.303928375,170.391998291,-706.210388184,-41.435482025,-0.120930657,0.992408752,0.020838818,-0.008145464
1653513059.370407820,170.391998291,-706.210388184,-41.435482025,-0.120930657,0.992408752,0.020838818,-0.008145464
1653513059.437640190,170.413833618,-706.208068848,-41.419189453,-0.135452345,0.990553141,0.019132255,-0.009543588
1653513059.503801107,170.413833618,-706.208068848,-41.419189453,-0.135452345,0.990553141,0.019132255,-0.009543588
1653513059.570507050,170.422332764,-706.217346191,-41.408016205,-0.149387002,0.988581419,0.016453566,-0.010933365
1653513059.637075663,170.422332764,-706.217346191,-41.408016205,-0.149387002,0.988581419,0.016453566,-0.010933365
1653513059.704829931,170.435394287,-706.226989746,-41.394493103,-0.164230853,0.986238837,0.013482801,-0.013394286
1653513059.770479679,170.435394287,-706.226989746,-41.394493103,-0.164230853,0.986238837,0.013482801,-0.013394286
1653513059.838282824,170.444519043,-706.240905762,-41.386432648,-0.179221585,0.983642519,0.010168648,-0.014955751
1653513059.904026985,170.444519043,-706.240905762,-41.386432648,-0.179221585,0.983642519,0.010168648,-0.014955751
1653513059.970517874,170.446228027,-706.261779785,-41.384933472,-0.194915459,0.980665028,0.006886949,-0.016020088
1653513060.038858891,170.446228027,-706.261779785,-41.384933472,-0.194915459,0.980665028,0.006886949,-0.016020088
1653513060.104107141,170.447326660,-706.270935059,-41.381252289,-0.210204691,0.977508783,0.003656847,-0.016649591
1653513060.170562029,170.447326660,-706.270935059,-41.381252289,-0.210204691,0.977508783,0.003656847,-0.016649591
1653513060.237381220,170.451431274,-706.267089844,-41.388927460,-0.225905567,0.973983467,0.001851815,-0.017873013
1653513060.304865599,170.451431274,-706.267089844,-41.388927460,-0.225905567,0.973983467,0.001851815,-0.017873013
1653513060.370580196,170.453689575,-706.258300781,-41.388687134,-0.241457060,0.970212877,0.003126739,-0.019383067
1653513060.437516928,170.453689575,-706.258300781,-41.388687134,-0.241457060,0.970212877,0.003126739,-0.019383067
1653513060.504511118,170.444946289,-706.261535645,-41.393775940,-0.256763428,0.966251194,0.006068708,-0.019857064
1653513060.570632935,170.444946289,-706.261535645,-41.393775940,-0.256763428,0.966251194,0.006068708,-0.019857064
1653513060.637060881,170.437408447,-706.248535156,-41.385746002,-0.270650715,0.962401569,0.008482609,-0.021434577
1653513060.704096794,170.437408447,-706.248535156,-41.385746002,-0.270650715,0.962401569,0.008482609,-0.021434577
1653513060.770627499,170.430221558,-706.222534180,-41.369419098,-0.283557922,0.958612442,0.009912618,-0.023638707
1653513060.837125301,170.430221558,-706.222534180,-41.369419098,-0.283557922,0.958612442,0.009912618,-0.023638707
1653513060.903907299,170.412597656,-706.202026367,-41.356685638,-0.295242161,0.955042720,0.010586365,-0.024767879
1653513060.971127033,170.412597656,-706.202026367,-41.356685638,-0.295242161,0.955042720,0.010586365,-0.024767879
1653513061.038687468,170.408554077,-706.184936523,-41.353633881,-0.306444257,0.951467156,0.010019816,-0.026490958
1653513061.103936434,170.408554077,-706.184936523,-41.353633881,-0.306444257,0.951467156,0.010019816,-0.026490958
1653513061.170459986,170.405151367,-706.164428711,-41.346431732,-0.317298740,0.947918594,0.008137923,-0.026562704
1653513061.237345219,170.405151367,-706.164428711,-41.346431732,-0.317298740,0.947918594,0.008137923,-0.026562704
1653513061.305581808,170.402053833,-706.146240234,-41.340202332,-0.327416956,0.944513261,0.005064942,-0.025829082
1653513061.372043610,170.402053833,-706.146240234,-41.340202332,-0.327416956,0.944513261,0.005064942,-0.025829082
1653513061.437606573,170.404891968,-706.119079590,-41.336040497,-0.338118672,0.940742791,0.002600228,-0.025924068
1653513061.504399776,170.404891968,-706.119079590,-41.336040497,-0.338118672,0.940742791,0.002600228,-0.025924068
1653513061.570555687,170.401840210,-706.097351074,-41.325935364,-0.348290712,0.936990798,0.000933148,-0.027221315
1653513061.637014627,170.401840210,-706.097351074,-41.325935364,-0.348290712,0.936990798,0.000933148,-0.027221315
1653513061.703682423,170.389404297,-706.050964355,-41.303943634,-0.358736396,0.932937264,0.001056847,-0.030580606
1653513061.770466328,170.389404297,-706.050964355,-41.303943634,-0.358736396,0.932937264,0.001056847,-0.030580606
1653513061.837090015,170.366638184,-706.020812988,-41.284149170,-0.370019704,0.928481638,0.002230567,-0.031659454
1653513061.903915405,170.366638184,-706.020812988,-41.284149170,-0.370019704,0.928481638,0.002230567,-0.031659454
1653513061.970952272,170.352661133,-706.002258301,-41.256984711,-0.379228055,0.924742281,0.001005010,-0.032198608
1653513062.037853479,170.352661133,-706.002258301,-41.256984711,-0.379228055,0.924742281,0.001005010,-0.032198608
1653513062.103781462,170.353378296,-705.980895996,-41.221595764,-0.389185131,0.920573711,-0.001044185,-0.032830834
1653513062.172728539,170.353378296,-705.980895996,-41.221595764,-0.389185131,0.920573711,-0.001044185,-0.032830834
1653513062.237412214,170.341445923,-705.942749023,-41.208549500,-0.398465365,0.916552067,-0.003354946,-0.033857785
1653513062.303777933,170.341445923,-705.942749023,-41.208549500,-0.398465365,0.916552067,-0.003354946,-0.033857785
1653513062.370345592,170.337875366,-705.913940430,-41.192977905,-0.408679992,0.911985815,-0.002755857,-0.035425160
1653513062.436992168,170.337875366,-705.913940430,-41.192977905,-0.408679992,0.911985815,-0.002755857,-0.035425160
1653513062.504090071,170.340591431,-705.882385254,-41.174839020,-0.418456465,0.907499731,-0.001733955,-0.036543280
1653513062.580715895,170.340591431,-705.882385254,-41.174839020,-0.418456465,0.907499731,-0.001733955,-0.036543280
1653513062.637889624,170.328262329,-705.841430664,-41.183467865,-0.430043608,0.902047157,0.002069033,-0.037001409
1653513062.703702450,170.328262329,-705.841430664,-41.183467865,-0.430043608,0.902047157,0.002069033,-0.037001409
1653513062.770483494,170.323516846,-705.809448242,-41.193283081,-0.440197051,0.897241294,0.002658617,-0.034315400
1653513062.838096380,170.323516846,-705.809448242,-41.193283081,-0.440197051,0.897241294,0.002658617,-0.034315400
1653513062.903854370,170.339385986,-705.792663574,-41.201797485,-0.450455993,0.892266452,0.000752715,-0.030812873
1653513062.970607996,170.339385986,-705.792663574,-41.201797485,-0.450455993,0.892266452,0.000752715,-0.030812873
1653513063.038682222,170.343261719,-705.773925781,-41.210891724,-0.460753441,0.887063920,0.000538002,-0.028698737
1653513063.104022980,170.343261719,-705.773925781,-41.210891724,-0.460753441,0.887063920,0.000538002,-0.028698737
1653513063.170622587,170.332366943,-705.720703125,-41.203681946,-0.471881121,0.881195009,0.001119356,-0.028675407
1653513063.239598036,170.332366943,-705.720703125,-41.203681946,-0.471881121,0.881195009,0.001119356,-0.028675407
1653513063.303863287,170.332702637,-705.690246582,-41.209327698,-0.482167095,0.875572681,0.002262850,-0.029702872
1653513063.371012926,170.332702637,-705.690246582,-41.209327698,-0.482167095,0.875572681,0.002262850,-0.029702872
1653513063.437824488,170.346481323,-705.679077148,-41.209121704,-0.492666721,0.869634092,0.002872657,-0.031745736
1653513063.503637791,170.346481323,-705.679077148,-41.209121704,-0.492666721,0.869634092,0.002872657,-0.031745736
1653513063.573772430,170.350585938,-705.660949707,-41.215736389,-0.502989054,0.863677502,0.003665264,-0.032399610
1653513063.637053013,170.350585938,-705.660949707,-41.215736389,-0.502989054,0.863677502,0.003665264,-0.032399610
1653513063.703902483,170.356826782,-705.641052246,-41.233940125,-0.513433814,0.857534468,0.003770550,-0.031719197
1653513063.770962954,170.356826782,-705.641052246,-41.233940125,-0.513433814,0.857534468,0.003770550,-0.031719197
1653513063.837186813,170.366134644,-705.636474609,-41.259204865,-0.523270190,0.851714015,0.003112688,-0.027600884
1653513063.903729916,170.366134644,-705.636474609,-41.259204865,-0.523270190,0.851714015,0.003112688,-0.027600884
1653513063.970443010,170.365005493,-705.622009277,-41.286884308,-0.532633722,0.846023858,0.000522724,-0.023337105
1653513064.037104130,170.365005493,-705.622009277,-41.286884308,-0.532633722,0.846023858,0.000522724,-0.023337105
1653513064.103980541,170.364013672,-705.591003418,-41.308975220,-0.542332709,0.839918017,-0.001138693,-0.020289402
1653513064.171525002,170.364013672,-705.591003418,-41.308975220,-0.542332709,0.839918017,-0.001138693,-0.020289402
1653513064.236967802,170.369598389,-705.567810059,-41.325004578,-0.551671565,0.833847582,-0.002802802,-0.018677376
1653513064.304025173,170.369598389,-705.567810059,-41.325004578,-0.551671565,0.833847582,-0.002802802,-0.018677376
1653513064.370438576,170.366241455,-705.539733887,-41.332782745,-0.561894417,0.826999485,-0.003856917,-0.018210739
1653513064.437026739,170.366241455,-705.539733887,-41.332782745,-0.561894417,0.826999485,-0.003856917,-0.018210739
1653513064.503674030,170.363265991,-705.521118164,-41.330310822,-0.572091162,0.819974959,-0.004257306,-0.018294854
1653513064.570501328,170.363265991,-705.521118164,-41.330310822,-0.572091162,0.819974959,-0.004257306,-0.018294854
1653513064.636975050,170.356826782,-705.494934082,-41.329692841,-0.581967533,0.812960625,-0.004619382,-0.019684806
1653513064.703850031,170.356826782,-705.494934082,-41.329692841,-0.581967533,0.812960625,-0.004619382,-0.019684806
1653513064.771680117,170.351989746,-705.477966309,-41.318252563,-0.592086256,0.805613935,-0.003390087,-0.020212270
1653513064.837084532,170.351989746,-705.477966309,-41.318252563,-0.592086256,0.805613935,-0.003390087,-0.020212270
1653513064.904110432,170.343597412,-705.456604004,-41.301738739,-0.602132857,0.798090160,-0.003597181,-0.021799067
1653513064.971592426,170.343597412,-705.456604004,-41.301738739,-0.602132857,0.798090160,-0.003597181,-0.021799067
1653513065.039618492,170.332641602,-705.433044434,-41.283752441,-0.612364113,0.790195942,-0.003573209,-0.024244852
1653513065.103611708,170.332641602,-705.433044434,-41.283752441,-0.612364113,0.790195942,-0.003573209,-0.024244852
1653513065.170550823,170.324508667,-705.421020508,-41.254425049,-0.622307956,0.782298625,-0.002785360,-0.027089730
1653513065.236901045,170.324508667,-705.421020508,-41.254425049,-0.622307956,0.782298625,-0.002785360,-0.027089730
1653513065.303615093,170.308563232,-705.387390137,-41.233657837,-0.631118119,0.775105417,-0.003504556,-0.029821049
1653513065.371252060,170.308563232,-705.387390137,-41.233657837,-0.631118119,0.775105417,-0.003504556,-0.029821049
1653513065.442574024,170.310867310,-705.377868652,-41.210514069,-0.640050530,0.767707705,-0.003845234,-0.030748034
1653513065.504514217,170.310867310,-705.377868652,-41.210514069,-0.640050530,0.767707705,-0.003845234,-0.030748034
1653513065.570194483,170.319763184,-705.373840332,-41.197566986,-0.649300456,0.759955645,-0.006296654,-0.028926158
1653513065.637134075,170.319763184,-705.373840332,-41.197566986,-0.649300456,0.759955645,-0.006296654,-0.028926158
1653513065.703641176,170.339462280,-705.399169922,-41.178276062,-0.657534659,0.752942085,-0.007678263,-0.025835291
1653513065.770588398,170.339462280,-705.399169922,-41.178276062,-0.657534659,0.752942085,-0.007678263,-0.025835291
1653513065.837115049,170.352981567,-705.410156250,-41.169502258,-0.666507721,0.745019138,-0.010790784,-0.024443483
1653513065.904701233,170.352981567,-705.410156250,-41.169502258,-0.666507721,0.745019138,-0.010790784,-0.024443483
1653513065.970452785,170.360046387,-705.407348633,-41.158454895,-0.675283849,0.737011492,-0.012209518,-0.025626266
1653513066.037112713,170.360046387,-705.407348633,-41.158454895,-0.675283849,0.737011492,-0.012209518,-0.025626266
1653513066.103683710,170.370101929,-705.410034180,-41.153957367,-0.684470832,0.728455126,-0.010722429,-0.027162628
1653513066.171293259,170.370101929,-705.410034180,-41.153957367,-0.684470832,0.728455126,-0.010722429,-0.027162628
1653513066.236946821,170.372100830,-705.410705566,-41.154430389,-0.693365335,0.719948351,-0.010283770,-0.028515242
1653513066.304207563,170.372100830,-705.410705566,-41.154430389,-0.693365335,0.719948351,-0.010283770,-0.028515242
1653513066.370385885,170.386917114,-705.408874512,-41.162300110,-0.702405035,0.711143017,-0.010962811,-0.027975129
1653513066.437022686,170.386917114,-705.408874512,-41.162300110,-0.702405035,0.711143017,-0.010962811,-0.027975129
1653513066.504245996,170.390274048,-705.402832031,-41.173343658,0.711379528,-0.702207685,0.011830808,0.026525002
1653513066.570579767,170.390274048,-705.402832031,-41.173343658,0.711379528,-0.702207685,0.011830808,0.026525002
1653513066.637669086,170.381759644,-705.378234863,-41.176998138,0.719747841,-0.693647623,0.013423911,0.025215432
1653513066.704221010,170.381759644,-705.378234863,-41.176998138,0.719747841,-0.693647623,0.013423911,0.025215432
1653513066.772044420,170.373184204,-705.368225098,-41.189647675,0.728036046,-0.684983730,0.014104223,0.023704380
1653513066.844876766,170.373184204,-705.368225098,-41.189647675,0.728036046,-0.684983730,0.014104223,0.023704380
1653513066.904128075,170.367614746,-705.352478027,-41.194587708,0.736677587,-0.675704837,0.014011305,0.023083813
1653513066.971026897,170.367614746,-705.352478027,-41.194587708,0.736677587,-0.675704837,0.014011305,0.023083813
1653513067.039118528,170.365203857,-705.344604492,-41.206611633,0.744139552,-0.667459905,0.013726518,0.023775026
1653513067.103590488,170.365203857,-705.344604492,-41.206611633,0.744139552,-0.667459905,0.013726518,0.023775026
1653513067.170420170,170.355529785,-705.329711914,-41.207439423,0.751671731,-0.658940971,0.013303448,0.024686085
1653513067.236849308,170.355529785,-705.329711914,-41.207439423,0.751671731,-0.658940971,0.013303448,0.024686085
1653513067.303739309,170.340942383,-705.324707031,-41.213516235,0.758566320,-0.650945544,0.012852835,0.026111290
1653513067.370452881,170.340942383,-705.324707031,-41.213516235,0.758566320,-0.650945544,0.012852835,0.026111290
1653513067.437184572,170.313964844,-705.318725586,-41.215656281,0.765222430,-0.643045068,0.012615718,0.027722217
1653513067.503980637,170.313964844,-705.318725586,-41.215656281,0.765222430,-0.643045068,0.012615718,0.027722217
1653513067.570504904,170.283401489,-705.309997559,-41.208415985,0.771758378,-0.635139763,0.011409101,0.029262211
1653513067.637457132,170.283401489,-705.309997559,-41.208415985,0.771758378,-0.635139763,0.011409101,0.029262211
1653513067.704519510,170.257003784,-705.311889648,-41.215995789,0.777079582,-0.628535032,0.011139821,0.031095892
1653513067.775576591,170.257003784,-705.311889648,-41.215995789,0.777079582,-0.628535032,0.011139821,0.031095892
1653513067.837159157,170.227340698,-705.311889648,-41.221508026,0.782108963,-0.622205615,0.010731542,0.032412924
1653513067.903640032,170.227340698,-705.311889648,-41.221508026,0.782108963,-0.622205615,0.010731542,0.032412924
1653513067.971402407,170.198486328,-705.307312012,-41.213371277,0.786969006,-0.615992785,0.011269473,0.033251606
1653513068.036906958,170.198486328,-705.307312012,-41.213371277,0.786969006,-0.615992785,0.011269473,0.033251606
1653513068.103681326,170.177871704,-705.304321289,-41.225540161,0.791842282,-0.609686375,0.011750087,0.033619430
1653513068.170596123,170.177871704,-705.304321289,-41.225540161,0.791842282,-0.609686375,0.011750087,0.033619430
1653513068.237460375,170.168121338,-705.299316406,-41.239864349,0.796084225,-0.604090989,0.011579383,0.034495190
1653513068.303695917,170.168121338,-705.299316406,-41.239864349,0.796084225,-0.604090989,0.011579383,0.034495190
1653513068.370762587,170.163009644,-705.287048340,-41.256992340,0.801294446,-0.597237408,0.012050371,0.033008229
1653513068.437341690,170.163009644,-705.287048340,-41.256992340,0.801294446,-0.597237408,0.012050371,0.033008229
1653513068.504243135,170.182723999,-705.268432617,-41.259994507,0.806748450,-0.589899600,0.013293610,0.031602036
1653513068.571889877,170.182723999,-705.268432617,-41.259994507,0.806748450,-0.589899600,0.013293610,0.031602036
1653513068.637243986,170.201416016,-705.248474121,-41.275043488,0.812221169,-0.582340717,0.015244691,0.030719779
1653513068.705012321,170.201416016,-705.248474121,-41.275043488,0.812221169,-0.582340717,0.015244691,0.030719779
1653513068.773167610,170.215759277,-705.223999023,-41.281982422,0.818188131,-0.573939383,0.018038144,0.028920615
1653513068.836880684,170.215759277,-705.223999023,-41.281982422,0.818188131,-0.573939383,0.018038144,0.028920615
1653513068.903613091,170.251129150,-705.194824219,-41.274757385,0.824536383,-0.564722955,0.021271944,0.027843840
1653513068.970784903,170.251129150,-705.194824219,-41.274757385,0.824536383,-0.564722955,0.021271944,0.027843840
1653513069.037189484,170.277481079,-705.168579102,-41.278186798,0.829933226,-0.556679726,0.023423957,0.027746767
1653513069.104952812,170.277481079,-705.168579102,-41.278186798,0.829933226,-0.556679726,0.023423957,0.027746767
1653513069.170432806,170.267974854,-705.129821777,-41.279190063,0.836781442,-0.546284556,0.025007637,0.027287211
1653513069.237922192,170.267974854,-705.129821777,-41.279190063,0.836781442,-0.546284556,0.025007637,0.027287211
1653513069.304914713,170.278121948,-705.111022949,-41.280303955,0.843203843,-0.536302805,0.023974495,0.028492978
1653513069.370170355,170.278121948,-705.111022949,-41.280303955,0.843203843,-0.536302805,0.023974495,0.028492978
1653513069.437273026,170.290283203,-705.084533691,-41.278343201,0.849147081,-0.526766717,0.023159068,0.030491186
1653513069.503836870,170.290283203,-705.084533691,-41.278343201,0.849147081,-0.526766717,0.023159068,0.030491186
1653513069.570436239,170.292175293,-705.054321289,-41.278469086,0.855345309,-0.516539693,0.021504290,0.033297088
1653513069.637263060,170.292175293,-705.054321289,-41.278469086,0.855345309,-0.516539693,0.021504290,0.033297088
1653513069.704386473,170.308685303,-705.020568848,-41.275154114,0.861400306,-0.506280124,0.020304797,0.035464458
1653513069.770630360,170.308685303,-705.020568848,-41.275154114,0.861400306,-0.506280124,0.020304797,0.035464458
1653513069.841439962,170.316421509,-704.976989746,-41.268085480,0.867004752,-0.496417165,0.019814340,0.038473066
1653513069.904321909,170.316421509,-704.976989746,-41.268085480,0.867004752,-0.496417165,0.019814340,0.038473066
1653513069.970406294,170.327850342,-704.938659668,-41.250488281,0.872530460,-0.486506462,0.018798951,0.040604148
1653513070.037076950,170.327850342,-704.938659668,-41.250488281,0.872530460,-0.486506462,0.018798951,0.040604148
1653513070.103774548,170.344329834,-704.893493652,-41.231323242,0.877190471,-0.477887213,0.019188968,0.042337500
1653513070.170555115,170.344329834,-704.893493652,-41.231323242,0.877190471,-0.477887213,0.019188968,0.042337500
1653513070.238345385,170.356903076,-704.834960938,-41.211044312,0.882025421,-0.468821943,0.019516451,0.043084133
1653513070.303713560,170.356903076,-704.834960938,-41.211044312,0.882025421,-0.468821943,0.019516451,0.043084133
1653513070.370347500,170.383682251,-704.784851074,-41.194412231,0.886479855,-0.460376978,0.018827466,0.043034982
1653513070.436833858,170.383682251,-704.784851074,-41.194412231,0.886479855,-0.460376978,0.018827466,0.043034982
1653513070.503687382,170.415069580,-704.726135254,-41.179698944,0.890913486,-0.451867163,0.018073536,0.041982301
1653513070.572206020,170.415069580,-704.726135254,-41.179698944,0.890913486,-0.451867163,0.018073536,0.041982301
1653513070.638901711,170.450775146,-704.653991699,-41.162631989,0.895412743,-0.443055898,0.017969416,0.040182382
1653513070.704407692,170.450775146,-704.653991699,-41.162631989,0.895412743,-0.443055898,0.017969416,0.040182382
1653513070.777003050,170.489868164,-704.575561523,-41.140190125,0.899489105,-0.434854686,0.019707926,0.037846182
1653513070.838880777,170.489868164,-704.575561523,-41.140190125,0.899489105,-0.434854686,0.019707926,0.037846182
1653513070.906349897,170.528976440,-704.487670898,-41.106704712,0.903985083,-0.425601214,0.021917997,0.034557357
1653513070.970407486,170.528976440,-704.487670898,-41.106704712,0.903985083,-0.425601214,0.021917997,0.034557357
1653513071.037453175,170.565841675,-704.401855469,-41.073379517,0.907542408,-0.418025643,0.024503268,0.031952523
1653513071.103821278,170.565841675,-704.401855469,-41.073379517,0.907542408,-0.418025643,0.024503268,0.031952523
1653513071.170648813,170.608840942,-704.296508789,-41.045570374,0.911608398,-0.409144253,0.026569361,0.029414486
1653513071.237096071,170.608840942,-704.296508789,-41.045570374,0.911608398,-0.409144253,0.026569361,0.029414486
1653513071.303576708,170.648117065,-704.192260742,-41.021415710,0.915374041,-0.400662214,0.029543865,0.026215624
1653513071.370459557,170.648117065,-704.192260742,-41.021415710,0.915374041,-0.400662214,0.029543865,0.026215624
1653513071.437048197,170.685974121,-704.116149902,-41.008491516,0.918903291,-0.392610878,0.031017771,0.022613320
1653513071.505640745,170.685974121,-704.116149902,-41.008491516,0.918903291,-0.392610878,0.031017771,0.022613320
1653513071.570440769,170.721267700,-704.026550293,-40.996109009,0.922849536,-0.383327067,0.032065406,0.019517163
1653513071.636876345,170.721267700,-704.026550293,-40.996109009,0.922849536,-0.383327067,0.032065406,0.019517163
1653513071.703730822,170.757690430,-703.897583008,-40.978733063,0.926803768,-0.373773515,0.032455113,0.016577449
1653513071.770260572,170.757690430,-703.897583008,-40.978733063,0.926803768,-0.373773515,0.032455113,0.016577449
1653513071.836768389,170.785659790,-703.785217285,-40.965694427,0.930863202,-0.363677979,0.032073092,0.014259584
1653513071.903773069,170.785659790,-703.785217285,-40.965694427,0.930863202,-0.363677979,0.032073092,0.014259584
1653513071.970553398,170.809387207,-703.695312500,-40.952922821,0.935148239,-0.352680862,0.031716056,0.010396485
1653513072.037095308,170.809387207,-703.695312500,-40.952922821,0.935148239,-0.352680862,0.031716056,0.010396485
1653513072.103771448,170.844787598,-703.590881348,-40.945083618,0.939089596,-0.342072397,0.032134425,0.008038602
1653513072.170260429,170.844787598,-703.590881348,-40.945083618,0.939089596,-0.342072397,0.032134425,0.008038602
1653513072.236850023,170.874450684,-703.458251953,-40.920974731,0.942728996,-0.331795871,0.033743832,0.005904694
1653513072.308048248,170.874450684,-703.458251953,-40.920974731,0.942728996,-0.331795871,0.033743832,0.005904694
1653513072.370068073,170.880386353,-703.387756348,-40.908744812,0.946432710,-0.320954978,0.035192627,0.003804458
1653513072.437372684,170.880386353,-703.387756348,-40.908744812,0.946432710,-0.320954978,0.035192627,0.003804458
1653513072.503681898,170.896057129,-703.289489746,-40.903934479,0.950226963,-0.309634596,0.034471899,0.002621502
1653513072.570875645,170.896057129,-703.289489746,-40.903934479,0.950226963,-0.309634596,0.034471899,0.002621502
1653513072.637086391,170.907699585,-703.193969727,-40.912315369,0.953868926,-0.298280776,0.034010574,0.002427836
1653513072.703580379,170.907699585,-703.193969727,-40.912315369,0.953868926,-0.298280776,0.034010574,0.002427836
1653513072.771180868,170.914901733,-703.069030762,-40.915721893,0.957455575,-0.286782503,0.032035023,0.002895263
1653513072.836910486,170.914901733,-703.069030762,-40.915721893,0.957455575,-0.286782503,0.032035023,0.002895263
1653513072.903805017,170.913986206,-702.979064941,-40.928760529,0.960454524,-0.276817054,0.029829023,0.003107034
1653513072.970343590,170.913986206,-702.979064941,-40.928760529,0.960454524,-0.276817054,0.029829023,0.003107034
1653513073.036942005,170.896728516,-702.953613281,-40.938434601,0.963191032,-0.267301053,0.028372435,0.002869677
1653513073.103617191,170.896728516,-702.953613281,-40.938434601,0.963191032,-0.267301053,0.028372435,0.002869677
1653513073.170955420,170.883255005,-702.892211914,-40.942783356,0.965510726,-0.259000361,0.026429575,0.003048531
1653513073.237465620,170.883255005,-702.892211914,-40.942783356,0.965510726,-0.259000361,0.026429575,0.003048531
1653513073.303448439,170.860427856,-702.769531250,-40.933746338,0.967560351,-0.251330227,0.025365949,0.004083535
1653513073.371604919,170.860427856,-702.769531250,-40.933746338,0.967560351,-0.251330227,0.025365949,0.004083535
1653513073.436915398,170.833724976,-702.732788086,-40.930522919,0.969055593,-0.245628312,0.024058739,0.004381414
1653513073.503644943,170.833724976,-702.732788086,-40.930522919,0.969055593,-0.245628312,0.024058739,0.004381414
1653513073.570569277,170.811248779,-702.683471680,-40.924636841,0.970740318,-0.238938138,0.023355363,0.005129691
1653513073.637114525,170.811248779,-702.683471680,-40.924636841,0.970740318,-0.238938138,0.023355363,0.005129691
1653513073.704188347,170.786193848,-702.659912109,-40.914543152,0.972198546,-0.232862175,0.024059489,0.005133668
1653513073.771113157,170.786193848,-702.659912109,-40.914543152,0.972198546,-0.232862175,0.024059489,0.005133668
1653513073.837000847,170.760162354,-702.627563477,-40.897640228,0.973799288,-0.226007909,0.024782991,0.004601898
1653513073.903881311,170.760162354,-702.627563477,-40.897640228,0.973799288,-0.226007909,0.024782991,0.004601898
1653513073.970526934,170.745300293,-702.583129883,-40.886226654,0.975749850,-0.217472270,0.024498845,0.004219709
1653513074.037561178,170.745300293,-702.583129883,-40.886226654,0.975749850,-0.217472270,0.024498845,0.004219709
1653513074.103415728,170.729248047,-702.538024902,-40.871654510,0.977821231,-0.207913637,0.025055449,0.003129242
1653513074.170556307,170.729248047,-702.538024902,-40.871654510,0.977821231,-0.207913637,0.025055449,0.003129242
1653513074.237366438,170.723434448,-702.506835938,-40.858123779,0.979844689,-0.198051244,0.026049893,0.001229543
1653513074.304041386,170.723434448,-702.506835938,-40.858123779,0.979844689,-0.198051244,0.026049893,0.001229543
1653513074.370981216,170.717391968,-702.458190918,-40.837459564,0.981859565,-0.187573925,0.027702395,-0.000637434
1653513074.438051462,170.717391968,-702.458190918,-40.837459564,0.981859565,-0.187573925,0.027702395,-0.000637434
1653513074.503823757,170.698410034,-702.395080566,-40.810073853,0.983812511,-0.176711410,0.029625846,-0.002878627
1653513074.570556879,170.698410034,-702.395080566,-40.810073853,0.983812511,-0.176711410,0.029625846,-0.002878627
1653513074.638511896,170.694335938,-702.348815918,-40.790081024,0.985440016,-0.166974977,0.031743698,-0.004429493
1653513074.703721762,170.694335938,-702.348815918,-40.790081024,0.985440016,-0.166974977,0.031743698,-0.004429493
1653513074.771481037,170.665817261,-702.273986816,-40.756687164,0.987057328,-0.156675905,0.033732850,-0.005703895
1653513074.837512255,170.665817261,-702.273986816,-40.756687164,0.987057328,-0.156675905,0.033732850,-0.005703895
1653513074.903679609,170.658279419,-702.247985840,-40.740592957,0.988549471,-0.146848112,0.034379210,-0.004865657
1653513074.970176935,170.658279419,-702.247985840,-40.740592957,0.988549471,-0.146848112,0.034379210,-0.004865657
1653513075.037585974,170.655700684,-702.248413086,-40.731742859,0.989856124,-0.137679115,0.034838401,-0.003948712
1653513075.104085207,170.655700684,-702.248413086,-40.731742859,0.989856124,-0.137679115,0.034838401,-0.003948712
1653513075.172264338,170.639328003,-702.237243652,-40.720947266,0.991174936,-0.127928481,0.034604203,-0.003006865
1653513075.237274647,170.639328003,-702.237243652,-40.720947266,0.991174936,-0.127928481,0.034604203,-0.003006865
1653513075.304357767,170.619216919,-702.197448730,-40.708633423,0.992344618,-0.118676223,0.034133356,-0.001754910
1653513075.370153904,170.619216919,-702.197448730,-40.708633423,0.992344618,-0.118676223,0.034133356,-0.001754910
1653513075.437410831,170.605163574,-702.177795410,-40.699848175,0.993300855,-0.110289216,0.034467634,-0.001309481
1653513075.503563404,170.605163574,-702.177795410,-40.699848175,0.993300855,-0.110289216,0.034467634,-0.001309481
1653513075.570346355,170.598068237,-702.160095215,-40.691501617,0.994270325,-0.101218306,0.034320604,-0.001865218
1653513075.636874437,170.598068237,-702.160095215,-40.691501617,0.994270325,-0.101218306,0.034320604,-0.001865218
1653513075.703589916,170.585998535,-702.148010254,-40.687412262,0.995127916,-0.092473507,0.034112662,-0.002312956
1653513075.770526886,170.585998535,-702.148010254,-40.687412262,0.995127916,-0.092473507,0.034112662,-0.002312956
1653513075.836875677,170.570465088,-702.134765625,-40.682521820,0.995890617,-0.083765768,0.034297805,-0.002974929
1653513075.903493881,170.570465088,-702.134765625,-40.682521820,0.995890617,-0.083765768,0.034297805,-0.002974929
1653513075.970229387,170.554824829,-702.123229980,-40.684432983,0.996630073,-0.074676253,0.033728123,-0.003798276
1653513076.037166357,170.554824829,-702.123229980,-40.684432983,0.996630073,-0.074676253,0.033728123,-0.003798276
1653513076.103774786,170.539886475,-702.119079590,-40.683269501,0.997221649,-0.066482842,0.033285722,-0.004595156
1653513076.173094034,170.539886475,-702.119079590,-40.683269501,0.997221649,-0.066482842,0.033285722,-0.004595156
1653513076.237194061,170.516784668,-702.109130859,-40.671009064,0.997719586,-0.058363110,0.033396952,-0.005830101
1653513076.303656340,170.516784668,-702.109130859,-40.671009064,0.997719586,-0.058363110,0.033396952,-0.005830101
1653513076.370218277,170.503448486,-702.113464355,-40.667263031,0.998139381,-0.050233476,0.033912197,-0.006656823
1653513076.436899424,170.503448486,-702.113464355,-40.667263031,0.998139381,-0.050233476,0.033912197,-0.006656823
1653513076.503591299,170.487442017,-702.113220215,-40.667186737,0.998468578,-0.042527992,0.034901496,-0.005810927
1653513076.570305109,170.487442017,-702.113220215,-40.667186737,0.998468578,-0.042527992,0.034901496,-0.005810927
1653513076.637059212,170.475006104,-702.111999512,-40.666446686,0.998799682,-0.034833033,0.034204103,-0.003996845
1653513076.705736399,170.475006104,-702.111999512,-40.666446686,0.998799682,-0.034833033,0.034204103,-0.003996845
1653513076.773210764,170.461395264,-702.123901367,-40.677291870,0.999052167,-0.027400266,0.033761438,-0.002039835
1653513076.837133646,170.461395264,-702.123901367,-40.677291870,0.999052167,-0.027400266,0.033761438,-0.002039835
1653513076.904769897,170.438339233,-702.131896973,-40.684814453,0.999240696,-0.020575535,0.033066411,-0.001131630
1653513076.971413374,170.438339233,-702.131896973,-40.684814453,0.999240696,-0.020575535,0.033066411,-0.001131630
1653513077.036757708,170.419342041,-702.129028320,-40.684192657,0.999358892,-0.013762723,0.032994941,-0.001938190
1653513077.103881836,170.419342041,-702.129028320,-40.684192657,0.999358892,-0.013762723,0.032994941,-0.001938190
1653513077.171553135,170.406784058,-702.134155273,-40.683200836,0.999414861,-0.006812051,0.033236541,-0.004345739
1653513077.240103245,170.406784058,-702.134155273,-40.683200836,0.999414861,-0.006812051,0.033236541,-0.004345739
1653513077.303619146,170.395355225,-702.127563477,-40.682025909,0.999399483,0.000474399,0.033835176,-0.007456940
1653513077.370900869,170.395355225,-702.127563477,-40.682025909,0.999399483,0.000474399,0.033835176,-0.007456940
1653513077.436718702,170.381134033,-702.116027832,-40.679031372,0.999309480,0.008164257,0.034863118,-0.009922578
1653513077.504074812,170.381134033,-702.116027832,-40.679031372,0.999309480,0.008164257,0.034863118,-0.009922578
1653513077.570585012,170.360473633,-702.119812012,-40.678791046,0.999173343,0.016870052,0.035390176,-0.010748669
1653513077.641020060,170.360473633,-702.119812012,-40.678791046,0.999173343,0.016870052,0.035390176,-0.010748669
1653513077.703536749,170.340393066,-702.113037109,-40.684700012,0.998975813,0.026968731,0.035232585,-0.008869692
1653513077.770214558,170.340393066,-702.113037109,-40.684700012,0.998975813,0.026968731,0.035232585,-0.008869692
1653513077.839456558,170.320175171,-702.115234375,-40.693756104,0.998709381,0.036656160,0.034449976,-0.007006077
1653513077.904096603,170.320175171,-702.115234375,-40.693756104,0.998709381,0.036656160,0.034449976,-0.007006077
1653513077.971361876,170.294403076,-702.105163574,-40.699150085,0.998230696,0.048312861,0.033781268,-0.007755885
1653513078.037283182,170.294403076,-702.105163574,-40.699150085,0.998230696,0.048312861,0.033781268,-0.007755885
1653513078.103595018,170.278671265,-702.083862305,-40.713012695,0.997658789,0.059037991,0.032460686,-0.011734979
1653513078.174371958,170.278671265,-702.083862305,-40.713012695,0.997658789,0.059037991,0.032460686,-0.011734979
1653513078.237772226,170.254440308,-702.071899414,-40.711727142,0.996908963,0.070372663,0.031868905,-0.014302056
1653513078.305338383,170.254440308,-702.071899414,-40.711727142,0.996908963,0.070372663,0.031868905,-0.014302056
1653513078.370283842,170.236801147,-702.066955566,-40.709598541,0.995944858,0.082823761,0.032494523,-0.013349542
1653513078.437558413,170.236801147,-702.066955566,-40.709598541,0.995944858,0.082823761,0.032494523,-0.013349542
1653513078.503782034,170.217041016,-702.061401367,-40.709476471,0.994784355,0.095899187,0.033400916,-0.009581350
1653513078.570400715,170.217041016,-702.061401367,-40.709476471,0.994784355,0.095899187,0.033400916,-0.009581350
1653513078.638700962,170.201080322,-702.061279297,-40.712173462,0.993608654,0.107446007,0.033714745,-0.007782019
1653513078.704110861,170.201080322,-702.061279297,-40.712173462,0.993608654,0.107446007,0.033714745,-0.007782019
1653513078.770194769,170.173828125,-702.058715820,-40.725574493,0.992132366,0.120463319,0.032957505,-0.008702274
1653513078.839304686,170.173828125,-702.058715820,-40.725574493,0.992132366,0.120463319,0.032957505,-0.008702274
1653513078.905105591,170.154998779,-702.059875488,-40.730316162,0.990794301,0.131129548,0.032142330,-0.009926828
1653513078.975544691,170.154998779,-702.059875488,-40.730316162,0.990794301,0.131129548,0.032142330,-0.009926828
1653513079.037651539,170.141967773,-702.064086914,-40.739337921,0.989288330,0.142226920,0.031298406,-0.010024959
1653513079.104261398,170.141967773,-702.064086914,-40.739337921,0.989288330,0.142226920,0.031298406,-0.010024959
1653513079.170076370,170.137237549,-702.070922852,-40.743888855,0.987869203,0.152139232,0.030150205,-0.007683328
1653513079.237207651,170.137237549,-702.070922852,-40.743888855,0.987869203,0.152139232,0.030150205,-0.007683328
1653513079.306205750,170.117828369,-702.097656250,-40.746456146,0.986298442,0.162124723,0.030163920,-0.004596255
1653513079.370209217,170.117828369,-702.097656250,-40.746456146,0.986298442,0.162124723,0.030163920,-0.004596255
1653513079.436680794,170.109481812,-702.106811523,-40.749912262,0.984760880,0.171420425,0.029275699,-0.001994555
1653513079.507524014,170.109481812,-702.106811523,-40.749912262,0.984760880,0.171420425,0.029275699,-0.001994555
1653513079.570271015,170.106460571,-702.107666016,-40.765781403,0.983439565,0.179036111,0.027988533,-0.003045907
1653513079.637131691,170.106460571,-702.107666016,-40.765781403,0.983439565,0.179036111,0.027988533,-0.003045907
1653513079.703663349,170.090713501,-702.121826172,-40.762359619,0.982091188,0.186486006,0.026064046,-0.006363526
1653513079.770937204,170.090713501,-702.121826172,-40.762359619,0.982091188,0.186486006,0.026064046,-0.006363526
1653513079.836778164,170.080688477,-702.110046387,-40.773723602,0.980614662,0.194182172,0.024606790,-0.009090164
1653513079.904890537,170.080688477,-702.110046387,-40.773723602,0.980614662,0.194182172,0.024606790,-0.009090164
1653513079.970284700,170.057571411,-702.113647461,-40.787021637,0.978953600,0.202396452,0.023356283,-0.011833983
1653513080.037173033,170.057571411,-702.113647461,-40.787021637,0.978953600,0.202396452,0.023356283,-0.011833983
1653513080.103594542,170.055511475,-702.104858398,-40.793552399,0.977326214,0.210260704,0.021487612,-0.012737064
1653513080.170119762,170.055511475,-702.104858398,-40.793552399,0.977326214,0.210260704,0.021487612,-0.012737064
1653513080.237215281,170.045379639,-702.088439941,-40.805408478,0.975632608,0.218009174,0.020264883,-0.014224173
1653513080.303398609,170.045379639,-702.088439941,-40.805408478,0.975632608,0.218009174,0.020264883,-0.014224173
1653513080.370040417,170.041564941,-702.087036133,-40.805934906,0.973925054,0.225532904,0.018908789,-0.015728280
1653513080.437774897,170.041564941,-702.087036133,-40.805934906,0.973925054,0.225532904,0.018908789,-0.015728280
1653513080.503429174,170.044250488,-702.081115723,-40.804302216,0.972041726,0.233552724,0.017053336,-0.017239548
1653513080.570556402,170.044250488,-702.081115723,-40.804302216,0.972041726,0.233552724,0.017053336,-0.017239548
1653513080.637838840,170.050689697,-702.068542480,-40.795993805,0.969813347,0.242476791,0.017576858,-0.018923333
1653513080.703531265,170.050689697,-702.068542480,-40.795993805,0.969813347,0.242476791,0.017576858,-0.018923333
1653513080.770178318,170.070175171,-702.058776855,-40.787063599,0.967763960,0.250305116,0.017757608,-0.021562707
1653513080.839501381,170.070175171,-702.058776855,-40.787063599,0.967763960,0.250305116,0.017757608,-0.021562707
1653513080.904006720,170.081558228,-702.061340332,-40.779701233,0.965426147,0.258825213,0.019137627,-0.024406390
1653513080.970099926,170.081558228,-702.061340332,-40.779701233,0.965426147,0.258825213,0.019137627,-0.024406390
1653513081.036952734,170.098968506,-702.079162598,-40.760345459,0.963140965,0.266858757,0.020940052,-0.026596861
1653513081.103384733,170.098968506,-702.079162598,-40.760345459,0.963140965,0.266858757,0.020940052,-0.026596861
1653513081.172030687,170.119964600,-702.101623535,-40.746734619,0.960533023,0.275933534,0.022748951,-0.026823344
1653513081.236778498,170.119964600,-702.101623535,-40.746734619,0.960533023,0.275933534,0.022748951,-0.026823344
1653513081.303854704,170.140884399,-702.125671387,-40.744029999,0.957751870,0.285487294,0.023969512,-0.025176164
1653513081.371750116,170.140884399,-702.125671387,-40.744029999,0.957751870,0.285487294,0.023969512,-0.025176164
1653513081.437129736,170.165893555,-702.156616211,-40.741531372,0.954981327,0.294738263,0.025453908,-0.022182781
1653513081.503713608,170.165893555,-702.156616211,-40.741531372,0.954981327,0.294738263,0.025453908,-0.022182781
1653513081.570581913,170.194015503,-702.191467285,-40.749408722,0.952060521,0.304202527,0.026167428,-0.018890254
1653513081.637598753,170.194015503,-702.191467285,-40.749408722,0.952060521,0.304202527,0.026167428,-0.018890254
1653513081.706286430,170.218292236,-702.222290039,-40.750862122,0.949089885,0.313496470,0.027127270,-0.014574273
1653513081.770016909,170.218292236,-702.222290039,-40.750862122,0.949089885,0.313496470,0.027127270,-0.014574273
1653513081.837651730,170.251647949,-702.258789062,-40.751232147,0.946276426,0.321956038,0.028120724,-0.010701048
1653513081.904122114,170.251647949,-702.258789062,-40.751232147,0.946276426,0.321956038,0.028120724,-0.010701048
1653513081.969991207,170.282699585,-702.294006348,-40.749897003,0.943504333,0.329978168,0.029720148,-0.005545428
1653513082.037453413,170.282699585,-702.294006348,-40.749897003,0.943504333,0.329978168,0.029720148,-0.005545428
1653513082.103785992,170.317199707,-702.333740234,-40.747222900,0.940925419,0.337134808,0.031613395,-0.000154278
1653513082.171041965,170.317199707,-702.333740234,-40.747222900,0.940925419,0.337134808,0.031613395,-0.000154278
1653513082.237116575,170.362274170,-702.371337891,-40.745029449,0.939049602,0.342274159,0.031958994,0.003588022
1653513082.303592682,170.362274170,-702.371337891,-40.745029449,0.939049602,0.342274159,0.031958994,0.003588022
1653513082.373631716,170.392257690,-702.397521973,-40.741539001,0.937949419,0.345307648,0.031455968,0.004906859
1653513082.437347174,170.392257690,-702.397521973,-40.741539001,0.937949419,0.345307648,0.031455968,0.004906859
1653513082.503503561,170.429870605,-702.429504395,-40.742176056,0.937078655,0.347803324,0.029630695,0.006200118
1653513082.570314646,170.429870605,-702.429504395,-40.742176056,0.937078655,0.347803324,0.029630695,0.006200118
1653513082.636729956,170.452636719,-702.443481445,-40.735557556,0.936522722,0.349405646,0.028273603,0.006442277
1653513082.704217434,170.452636719,-702.443481445,-40.735557556,0.936522722,0.349405646,0.028273603,0.006442277
1653513082.770138979,170.473342896,-702.455749512,-40.732276917,0.935966432,0.351036787,0.026541376,0.005959923
1653513082.837092161,170.473342896,-702.455749512,-40.732276917,0.935966432,0.351036787,0.026541376,0.005959923
1653513082.903708458,170.480026245,-702.453613281,-40.730049133,0.935112119,0.353447437,0.025021218,0.003761759
1653513082.970662117,170.480026245,-702.453613281,-40.730049133,0.935112119,0.353447437,0.025021218,0.003761759
1653513083.036867142,170.486282349,-702.450805664,-40.725734711,0.934075236,0.356354892,0.022678860,-0.000575935
1653513083.103490591,170.486282349,-702.450805664,-40.725734711,0.934075236,0.356354892,0.022678860,-0.000575935
1653513083.170188189,170.497802734,-702.442871094,-40.717960358,0.932608724,0.360302746,0.019946773,-0.005004744
1653513083.236795187,170.497802734,-702.442871094,-40.717960358,0.932608724,0.360302746,0.019946773,-0.005004744
1653513083.303962469,170.503067017,-702.423095703,-40.710155487,0.930679679,0.365302384,0.018177837,-0.007683205
1653513083.370112896,170.503067017,-702.423095703,-40.710155487,0.930679679,0.365302384,0.018177837,-0.007683205
1653513083.436636209,170.509796143,-702.405578613,-40.696353912,0.928345025,0.371146917,0.019467913,-0.006817907
1653513083.507741928,170.509796143,-702.405578613,-40.696353912,0.928345025,0.371146917,0.019467913,-0.006817907
1653513083.570146084,170.534164429,-702.401123047,-40.681507111,0.926003873,0.376913339,0.020448593,-0.005919966
1653513083.636790037,170.534164429,-702.401123047,-40.681507111,0.926003873,0.376913339,0.020448593,-0.005919966
1653513083.705606699,170.559539795,-702.393432617,-40.664947510,0.924128473,0.381454110,0.021183955,-0.005533587
1653513083.777518511,170.559539795,-702.393432617,-40.664947510,0.924128473,0.381454110,0.021183955,-0.005533587
1653513083.837759495,170.583145142,-702.389099121,-40.647693634,0.923036933,0.384023339,0.022412244,-0.005156215
1653513083.903605700,170.583145142,-702.389099121,-40.647693634,0.923036933,0.384023339,0.022412244,-0.005156215
1653513083.970021486,170.622756958,-702.385742188,-40.632461548,0.922686458,0.384847403,0.022950878,-0.003934493
1653513084.037684917,170.622756958,-702.385742188,-40.632461548,0.922686458,0.384847403,0.022950878,-0.003934493
1653513084.104233027,170.674407959,-702.386291504,-40.621749878,0.922752976,0.384656429,0.023726249,-0.001861891
1653513084.171412706,170.674407959,-702.386291504,-40.621749878,0.922752976,0.384656429,0.023726249,-0.001861891
1653513084.237088680,170.736465454,-702.394836426,-40.614147186,0.923440218,0.383025259,0.023440195,0.000615295
1653513084.303576946,170.736465454,-702.394836426,-40.614147186,0.923440218,0.383025259,0.023440195,0.000615295
1653513084.370042324,170.791183472,-702.390808105,-40.604385376,0.923878133,0.381990701,0.022959568,0.002267035
1653513084.437829256,170.791183472,-702.390808105,-40.604385376,0.923878133,0.381990701,0.022959568,0.002267035
1653513084.504361391,170.826568604,-702.367004395,-40.595764160,0.923982620,0.381879359,0.020504080,0.001970640
1653513084.571002007,170.826568604,-702.367004395,-40.595764160,0.923982620,0.381879359,0.020504080,0.001970640
1653513084.637566805,170.861892700,-702.328308105,-40.585609436,0.923904181,0.382253706,0.016789095,-0.001153774
1653513084.703713417,170.861892700,-702.328308105,-40.585609436,0.923904181,0.382253706,0.016789095,-0.001153774
1653513084.770376444,170.883209229,-702.276550293,-40.570037842,0.922865570,0.384831071,0.014106955,-0.005015811
1653513084.836766243,170.883209229,-702.276550293,-40.570037842,0.922865570,0.384831071,0.014106955,-0.005015811
1653513084.903835058,170.907806396,-702.223571777,-40.551582336,0.921492696,0.388135165,0.011152223,-0.008827445
1653513084.970485687,170.907806396,-702.223571777,-40.551582336,0.921492696,0.388135165,0.011152223,-0.008827445
1653513085.037070036,170.934417725,-702.161010742,-40.536930084,0.920273602,0.391012073,0.010094291,-0.010206556
1653513085.104675531,170.934417725,-702.161010742,-40.536930084,0.920273602,0.391012073,0.010094291,-0.010206556
1653513085.175139904,170.980987549,-702.103515625,-40.525978088,0.919274986,0.393360734,0.009988396,-0.010054019
1653513085.237584352,170.980987549,-702.103515625,-40.525978088,0.919274986,0.393360734,0.009988396,-0.010054019
1653513085.303552151,171.047668457,-702.046936035,-40.515773773,0.918503463,0.395186573,0.010511818,-0.008274114
1653513085.370088339,171.047668457,-702.046936035,-40.515773773,0.918503463,0.395186573,0.010511818,-0.008274114
1653513085.438012838,171.116714478,-701.998840332,-40.507770538,0.918474972,0.395246655,0.011436841,-0.007276918
1653513085.503499508,171.116714478,-701.998840332,-40.507770538,0.918474972,0.395246655,0.011436841,-0.007276918
1653513085.571021318,171.184631348,-701.949890137,-40.507350922,0.918771327,0.394558132,0.011629537,-0.006915672
1653513085.639324188,171.184631348,-701.949890137,-40.507350922,0.918771327,0.394558132,0.011629537,-0.006915672
1653513085.703535557,171.267532349,-701.892395020,-40.509475708,0.919620097,0.392598897,0.011353332,-0.006008007
1653513085.771457672,171.267532349,-701.892395020,-40.509475708,0.919620097,0.392598897,0.011353332,-0.006008007
1653513085.836568594,171.378540039,-701.829467773,-40.514255524,0.920573294,0.390372992,0.010321898,-0.006867756
1653513085.903583050,171.378540039,-701.829467773,-40.514255524,0.920573294,0.390372992,0.010321898,-0.006867756
1653513085.970019817,171.479827881,-701.761657715,-40.516784668,0.921034217,0.389281899,0.009652533,-0.007896299
1653513086.040247440,171.479827881,-701.761657715,-40.516784668,0.921034217,0.389281899,0.009652533,-0.007896299
1653513086.103959799,171.549163818,-701.696044922,-40.528888702,0.921083868,0.389136255,0.009185396,-0.009650110
1653513086.170026541,171.549163818,-701.696044922,-40.528888702,0.921083868,0.389136255,0.009185396,-0.009650110
1653513086.237668514,171.640319824,-701.606750488,-40.536457062,0.920557678,0.390360206,0.009109581,-0.010464105
1653513086.303518295,171.640319824,-701.606750488,-40.536457062,0.920557678,0.390360206,0.009109581,-0.010464105
1653513086.370055199,171.734710693,-701.519226074,-40.539539337,0.919250071,0.393433213,0.009581346,-0.009890710
1653513086.436980247,171.734710693,-701.519226074,-40.539539337,0.919250071,0.393433213,0.009581346,-0.009890710
1653513086.503333807,171.845657349,-701.425048828,-40.548252106,0.917655051,0.397161335,0.010532522,-0.007821463
1653513086.571557999,171.845657349,-701.425048828,-40.548252106,0.917655051,0.397161335,0.010532522,-0.007821463
1653513086.638728619,171.976562500,-701.315185547,-40.552280426,0.916220248,0.400469422,0.012152171,-0.004126997
1653513086.704121351,171.976562500,-701.315185547,-40.552280426,0.916220248,0.400469422,0.012152171,-0.004126997
1653513086.770094395,172.088409424,-701.234252930,-40.557071686,0.915055037,0.403087080,0.013960533,-0.000490079
1653513086.839108944,172.088409424,-701.234252930,-40.557071686,0.915055037,0.403087080,0.013960533,-0.000490079
1653513086.903734922,172.262420654,-701.105529785,-40.565845490,0.914726734,0.403808415,0.014187560,0.003537136
1653513086.970349073,172.262420654,-701.105529785,-40.565845490,0.914726734,0.403808415,0.014187560,0.003537136
1653513087.037234545,172.401962280,-701.020202637,-40.567684174,0.915196717,0.402636051,0.015866948,0.006883402
1653513087.104335070,172.401962280,-701.020202637,-40.567684174,0.915196717,0.402636051,0.015866948,0.006883402
1653513087.170352697,172.555511475,-700.919799805,-40.563453674,0.916283369,0.400010943,0.018032582,0.009531070
1653513087.236969233,172.555511475,-700.919799805,-40.563453674,0.916283369,0.400010943,0.018032582,0.009531070
1653513087.306170702,172.731018066,-700.793212891,-40.558673859,0.917687237,0.396670491,0.019480994,0.011099030
1653513087.370327473,172.731018066,-700.793212891,-40.558673859,0.917687237,0.396670491,0.019480994,0.011099030
1653513087.437011242,172.901138306,-700.663757324,-40.553531647,0.919458389,0.392507553,0.020037713,0.011515105
1653513087.505439758,172.901138306,-700.663757324,-40.553531647,0.919458389,0.392507553,0.020037713,0.011515105
1653513087.570197821,173.019287109,-700.565490723,-40.547233582,0.920746207,0.389482588,0.020605238,0.010257256
1653513087.637228251,173.019287109,-700.565490723,-40.547233582,0.920746207,0.389482588,0.020605238,0.010257256
1653513087.703617811,173.177566528,-700.411865234,-40.548431396,0.921621621,0.387518525,0.019274458,0.008456313
1653513087.771125078,173.177566528,-700.411865234,-40.548431396,0.921621621,0.387518525,0.019274458,0.008456313
1653513087.836735249,173.321563721,-700.252685547,-40.551090240,0.922195435,0.386280298,0.017670890,0.005557803
1653513087.903472900,173.321563721,-700.252685547,-40.551090240,0.922195435,0.386280298,0.017670890,0.005557803
1653513087.970102787,173.451202393,-700.093994141,-40.553295135,0.922304213,0.386152536,0.015448917,0.001597856
1653513088.036796808,173.451202393,-700.093994141,-40.553295135,0.922304213,0.386152536,0.015448917,0.001597856
1653513088.103871346,173.596633911,-699.911132812,-40.557266235,0.922155976,0.386584550,0.013266028,-0.002175815
1653513088.172506332,173.596633911,-699.911132812,-40.557266235,0.922155976,0.386584550,0.013266028,-0.002175815
1653513088.236818552,173.748275757,-699.727966309,-40.560794830,0.922065437,0.386803776,0.012156600,-0.005507119
1653513088.303655386,173.748275757,-699.727966309,-40.560794830,0.922065437,0.386803776,0.012156600,-0.005507119
1653513088.370187283,173.898422241,-699.559387207,-40.558601379,0.922252476,0.386316419,0.012320542,-0.007629130
1653513088.438641548,173.898422241,-699.559387207,-40.558601379,0.922252476,0.386316419,0.012320542,-0.007629130
1653513088.503523588,174.064331055,-699.393127441,-40.552303314,0.922798932,0.384949267,0.013663787,-0.008337051
1653513088.571213007,174.064331055,-699.393127441,-40.552303314,0.922798932,0.384949267,0.013663787,-0.008337051
1653513088.636620045,174.238372803,-699.242187500,-40.545444489,0.924098849,0.381723046,0.016277747,-0.007989644
1653513088.707623243,174.238372803,-699.242187500,-40.545444489,0.924098849,0.381723046,0.016277747,-0.007989644
1653513088.769943237,174.427139282,-699.092407227,-40.537494659,0.925787032,0.377485096,0.019136546,-0.007557234
1653513088.837103367,174.427139282,-699.092407227,-40.537494659,0.925787032,0.377485096,0.019136546,-0.007557234
1653513088.904112339,174.618789673,-698.945434570,-40.528610229,0.927383363,0.373368651,0.022451477,-0.007204633
1653513088.970409155,174.618789673,-698.945434570,-40.528610229,0.927383363,0.373368651,0.022451477,-0.007204633
1653513089.037549019,174.823669434,-698.771484375,-40.527561188,0.929026127,0.369140208,0.024485651,-0.006813516
1653513089.103466511,174.823669434,-698.771484375,-40.527561188,0.929026127,0.369140208,0.024485651,-0.006813516
1653513089.170387506,175.009811401,-698.607849121,-40.531158447,0.930167973,0.366132855,0.026015289,-0.007582791
1653513089.237769842,175.009811401,-698.607849121,-40.531158447,0.930167973,0.366132855,0.026015289,-0.007582791
1653513089.304194927,175.196640015,-698.430358887,-40.540153503,0.930869639,0.364258438,0.026700998,-0.009198555
1653513089.371492147,175.196640015,-698.430358887,-40.540153503,0.930869639,0.364258438,0.026700998,-0.009198555
1653513089.445124865,175.381393433,-698.249389648,-40.556255341,0.931468546,0.362658769,0.026421594,-0.012119738
1653513089.503493547,175.381393433,-698.249389648,-40.556255341,0.931468546,0.362658769,0.026421594,-0.012119738
1653513089.570403814,175.576293945,-698.045654297,-40.576377869,0.931662023,0.362093389,0.026003331,-0.014769131
1653513089.637622595,175.576293945,-698.045654297,-40.576377869,0.931662023,0.362093389,0.026003331,-0.014769131
1653513089.703265429,175.744079590,-697.873718262,-40.598964691,0.931952715,0.361277312,0.024756994,-0.018163258
1653513089.769914150,175.744079590,-697.873718262,-40.598964691,0.931952715,0.361277312,0.024756994,-0.018163258
1653513089.837264299,175.921432495,-697.704467773,-40.625022888,0.932458341,0.359853774,0.024296287,-0.020891020
1653513089.903506041,175.921432495,-697.704467773,-40.625022888,0.932458341,0.359853774,0.024296287,-0.020891020
1653513089.970354795,176.137542725,-697.505981445,-40.656894684,0.932869911,0.358814150,0.024122125,-0.020597793
1653513090.037498474,176.137542725,-697.505981445,-40.656894684,0.932869911,0.358814150,0.024122125,-0.020597793
1653513090.103950977,176.355239868,-697.329345703,-40.697093964,0.933586001,0.357023120,0.024994899,-0.018082459
1653513090.173419476,176.355239868,-697.329345703,-40.697093964,0.933586001,0.357023120,0.024994899,-0.018082459
1653513090.237468004,176.567962646,-697.170166016,-40.740825653,0.934689343,0.354177117,0.025675289,-0.015974481
1653513090.303855181,176.567962646,-697.170166016,-40.740825653,0.934689343,0.354177117,0.025675289,-0.015974481
1653513090.370438814,176.766571045,-697.034667969,-40.786460876,0.935814798,0.351206541,0.026146449,-0.014865354
1653513090.436730623,176.766571045,-697.034667969,-40.786460876,0.935814798,0.351206541,0.026146449,-0.014865354
1653513090.503298521,176.992614746,-696.868957520,-40.836837769,0.937312484,0.347222030,0.026544992,-0.013324016
1653513090.570648432,176.992614746,-696.868957520,-40.836837769,0.937312484,0.347222030,0.026544992,-0.013324016
1653513090.636932373,177.220870972,-696.706054688,-40.887580872,0.938620746,0.343612939,0.028216405,-0.011184985
1653513090.703697205,177.220870972,-696.706054688,-40.887580872,0.938620746,0.343612939,0.028216405,-0.011184985
1653513090.769938469,177.461868286,-696.542297363,-40.934341431,0.939916849,0.339934230,0.030381968,-0.008829943
1653513090.836736202,177.461868286,-696.542297363,-40.934341431,0.939916849,0.339934230,0.030381968,-0.008829943
1653513090.903392792,177.666625977,-696.418640137,-40.965278625,0.941322207,0.335783422,0.033516839,-0.006211621
1653513090.970309496,177.666625977,-696.418640137,-40.965278625,0.941322207,0.335783422,0.033516839,-0.006211621
1653513091.036712885,177.901031494,-696.267150879,-40.996173859,0.942686856,0.331584245,0.037037801,-0.004643511
1653513091.104099035,177.901031494,-696.267150879,-40.996173859,0.942686856,0.331584245,0.037037801,-0.004643511
1653513091.170415640,178.151031494,-696.091369629,-41.024902344,0.943849742,0.327870280,0.040402167,-0.004049796
1653513091.238491058,178.151031494,-696.091369629,-41.024902344,0.943849742,0.327870280,0.040402167,-0.004049796
1653513091.303755760,178.361495972,-695.944641113,-41.040657043,0.944758117,0.324808478,0.043837182,-0.003139684
1653513091.371154308,178.361495972,-695.944641113,-41.040657043,0.944758117,0.324808478,0.043837182,-0.003139684
1653513091.436960220,178.598434448,-695.769958496,-41.067790985,0.945970595,0.321000129,0.045748174,-0.002375363
1653513091.503216505,178.598434448,-695.769958496,-41.067790985,0.945970595,0.321000129,0.045748174,-0.002375363
1653513091.571665525,178.814270020,-695.604248047,-41.094398499,0.946898878,0.318114132,0.046714012,-0.001935238
1653513091.637824059,178.814270020,-695.604248047,-41.094398499,0.946898878,0.318114132,0.046714012,-0.001935238
1653513091.703867435,179.031860352,-695.424743652,-41.123500824,0.948083103,0.314561725,0.046761192,-0.001663835
1653513091.770173073,179.031860352,-695.424743652,-41.123500824,0.948083103,0.314561725,0.046761192,-0.001663835
1653513091.837573290,179.221176147,-695.266357422,-41.148426056,0.949259698,0.311007529,0.046644125,-0.002153277
1653513091.903765202,179.221176147,-695.266357422,-41.148426056,0.949259698,0.311007529,0.046644125,-0.002153277
1653513091.969917059,179.401123047,-695.113525391,-41.171249390,0.950401008,0.307653010,0.045546956,-0.003603969
1653513092.036611080,179.401123047,-695.113525391,-41.171249390,0.950401008,0.307653010,0.045546956,-0.003603969
1653513092.103510380,179.627716064,-694.915893555,-41.198230743,0.951606214,0.304170549,0.043427359,-0.006318636
1653513092.169906378,179.627716064,-694.915893555,-41.198230743,0.951606214,0.304170549,0.043427359,-0.006318636
1653513092.236946106,179.785324097,-694.785034180,-41.207134247,0.953074455,0.299770743,0.041199274,-0.009444588
1653513092.305253029,179.785324097,-694.785034180,-41.207134247,0.953074455,0.299770743,0.041199274,-0.009444588
1653513092.370408535,180.004577637,-694.593139648,-41.217899323,0.954162121,0.296406537,0.039568689,-0.012335018
1653513092.438569307,180.004577637,-694.593139648,-41.217899323,0.954162121,0.296406537,0.039568689,-0.012335018
1653513092.503444672,180.174865723,-694.465698242,-41.213939667,0.954955697,0.294014305,0.038178645,-0.012554006
1653513092.570056438,180.174865723,-694.465698242,-41.213939667,0.954955697,0.294014305,0.038178645,-0.012554006
1653513092.636864424,180.358932495,-694.325500488,-41.204284668,0.955644369,0.291808099,0.038667537,-0.009832142
1653513092.703344584,180.358932495,-694.325500488,-41.204284668,0.955644369,0.291808099,0.038667537,-0.009832142
1653513092.771306276,180.590103149,-694.140869141,-41.192104340,0.955687523,0.291822404,0.038118720,-0.006929424
1653513092.842029572,180.590103149,-694.140869141,-41.192104340,0.955687523,0.291822404,0.038118720,-0.006929424
1653513092.903378963,180.769882202,-694.006042480,-41.172618866,0.955306530,0.293010473,0.038861051,-0.004914778
1653513092.970547199,180.769882202,-694.006042480,-41.172618866,0.955306530,0.293010473,0.038861051,-0.004914778
1653513093.036604404,180.940811157,-693.867614746,-41.155414581,0.954866648,0.294436485,0.038866587,-0.005120489
1653513093.103225946,180.940811157,-693.867614746,-41.155414581,0.954866648,0.294436485,0.038866587,-0.005120489
1653513093.171769381,181.154312134,-693.669677734,-41.143943787,0.954251051,0.296496391,0.038098264,-0.006586670
1653513093.237163305,181.154312134,-693.669677734,-41.143943787,0.954251051,0.296496391,0.038098264,-0.006586670
1653513093.303235292,181.343627930,-693.501098633,-41.130554199,0.953733742,0.298179388,0.037661254,-0.007915665
1653513093.370108128,181.343627930,-693.501098633,-41.130554199,0.953733742,0.298179388,0.037661254,-0.007915665
1653513093.436679363,181.554733276,-693.318359375,-41.119899750,0.953925550,0.297670633,0.036890477,-0.007570861
1653513093.503574848,181.554733276,-693.318359375,-41.119899750,0.953925550,0.297670633,0.036890477,-0.007570861
1653513093.569962025,181.735977173,-693.181701660,-41.111797333,0.954609454,0.295530289,0.036724385,-0.005826938
1653513093.636954308,181.735977173,-693.181701660,-41.111797333,0.954609454,0.295530289,0.036724385,-0.005826938
1653513093.703681231,181.920669556,-693.048461914,-41.109546661,0.955726922,0.292028397,0.035962332,-0.003498577
1653513093.770522594,181.920669556,-693.048461914,-41.109546661,0.955726922,0.292028397,0.035962332,-0.003498577
1653513093.836557627,182.161315918,-692.861633301,-41.112773895,0.957505047,0.286309570,0.034778416,-0.001152946
1653513093.903503418,182.161315918,-692.861633301,-41.112773895,0.957505047,0.286309570,0.034778416,-0.001152946
1653513093.970261574,182.333389282,-692.750244141,-41.124202728,0.959247112,0.280569017,0.033555627,0.000046681
1653513094.036505938,182.333389282,-692.750244141,-41.124202728,0.959247112,0.280569017,0.033555627,0.000046681
1653513094.103130341,182.559631348,-692.568664551,-41.139675140,0.961161315,0.274009764,0.032971323,0.000677921
1653513094.170091152,182.559631348,-692.568664551,-41.139675140,0.961161315,0.274009764,0.032971323,0.000677921
1653513094.236707211,182.760971069,-692.392089844,-41.160594940,0.962722063,0.268679410,0.031260688,-0.000620988
1653513094.304906845,182.760971069,-692.392089844,-41.160594940,0.962722063,0.268679410,0.031260688,-0.000620988
1653513094.370383263,182.953216553,-692.196899414,-41.189353943,0.963686049,0.265440494,0.028775826,-0.004742643
1653513094.438392162,182.953216553,-692.196899414,-41.189353943,0.963686049,0.265440494,0.028775826,-0.004742643
1653513094.503494501,183.122238159,-691.999816895,-41.224235535,0.963888884,0.264829427,0.026357410,-0.009426367
1653513094.570007324,183.122238159,-691.999816895,-41.224235535,0.963888884,0.264829427,0.026357410,-0.009426367
1653513094.636558533,183.305099487,-691.779663086,-41.265411377,0.963851035,0.264927506,0.024446886,-0.014386974
1653513094.703752756,183.305099487,-691.779663086,-41.265411377,0.963851035,0.264927506,0.024446886,-0.014386974
1653513094.772820950,183.475158691,-691.573852539,-41.309585571,0.963194788,0.267048836,0.023861939,-0.019271035
1653513094.837227106,183.475158691,-691.573852539,-41.309585571,0.963194788,0.267048836,0.023861939,-0.019271035
1653513094.905578852,183.660446167,-691.358520508,-41.352046967,0.962237120,0.270029515,0.024245288,-0.024412503
1653513094.970039845,183.660446167,-691.358520508,-41.352046967,0.962237120,0.270029515,0.024245288,-0.024412503
1653513095.037355661,183.849884033,-691.158386230,-41.389648438,0.961250782,0.272980213,0.026385240,-0.027973434
1653513095.103327990,183.849884033,-691.158386230,-41.389648438,0.961250782,0.272980213,0.026385240,-0.027973434
1653513095.170671701,184.041870117,-690.980346680,-41.425415039,0.960296810,0.275842488,0.029748116,-0.029256782
1653513095.236944437,184.041870117,-690.980346680,-41.425415039,0.960296810,0.275842488,0.029748116,-0.029256782
1653513095.303259134,184.255599976,-690.794860840,-41.465293884,0.959520638,0.278045923,0.034576703,-0.028549714
1653513095.370028496,184.255599976,-690.794860840,-41.465293884,0.959520638,0.278045923,0.034576703,-0.028549714
1653513095.436824560,184.456329346,-690.639160156,-41.504840851,0.958949506,0.279642165,0.038330182,-0.027329396
1653513095.503251791,184.456329346,-690.639160156,-41.504840851,0.958949506,0.279642165,0.038330182,-0.027329396
1653513095.570787907,184.685775757,-690.456298828,-41.547618866,0.958625853,0.280406028,0.041784450,-0.025748873
1653513095.636863947,184.685775757,-690.456298828,-41.547618866,0.958625853,0.280406028,0.041784450,-0.025748873
1653513095.704141140,184.904373169,-690.302612305,-41.583099365,0.958631694,0.280055702,0.044613853,-0.024568822
1653513095.769953251,184.904373169,-690.302612305,-41.583099365,0.958631694,0.280055702,0.044613853,-0.024568822
1653513095.836585283,185.107070923,-690.181518555,-41.610481262,0.959161401,0.277910620,0.047048092,-0.023697279
1653513095.907155752,185.107070923,-690.181518555,-41.610481262,0.959161401,0.277910620,0.047048092,-0.023697279
1653513095.969983339,185.345077515,-690.024780273,-41.641670227,0.959739685,0.275821239,0.048060078,-0.022639574
1653513096.036548376,185.345077515,-690.024780273,-41.641670227,0.959739685,0.275821239,0.048060078,-0.022639574
1653513096.103195906,185.558563232,-689.902648926,-41.659172058,0.960483789,0.273114234,0.048950940,-0.021984767
1653513096.170438766,185.558563232,-689.902648926,-41.659172058,0.960483789,0.273114234,0.048950940,-0.021984767
1653513096.237437487,185.780197144,-689.771484375,-41.670547485,0.961400986,0.269555926,0.050309449,-0.022731045
1653513096.303503513,185.780197144,-689.771484375,-41.670547485,0.961400986,0.269555926,0.050309449,-0.022731045
1653513096.371415854,185.999420166,-689.637084961,-41.672626495,0.962141335,0.266560018,0.051463909,-0.024109988
1653513096.437795639,185.999420166,-689.637084961,-41.672626495,0.962141335,0.266560018,0.051463909,-0.024109988
1653513096.503404856,186.210861206,-689.505249023,-41.671787262,0.962594330,0.264474064,0.052840557,-0.025951190
1653513096.569796324,186.210861206,-689.505249023,-41.671787262,0.962594330,0.264474064,0.052840557,-0.025951190
1653513096.636634588,186.416824341,-689.374633789,-41.674839020,0.962863982,0.263146430,0.053636376,-0.027748754
1653513096.703227282,186.416824341,-689.374633789,-41.674839020,0.962863982,0.263146430,0.053636376,-0.027748754
1653513096.770377874,186.608413696,-689.263488770,-41.681694031,0.962820113,0.263026297,0.054153241,-0.029361241
1653513096.836763382,186.608413696,-689.263488770,-41.681694031,0.962820113,0.263026297,0.054153241,-0.029361241
1653513096.904906511,186.784500122,-689.165466309,-41.691925049,0.962842643,0.262761861,0.054458797,-0.030405713
1653513096.970194817,186.784500122,-689.165466309,-41.691925049,0.962842643,0.262761861,0.054458797,-0.030405713
1653513097.036877632,186.985809326,-689.051452637,-41.709930420,0.962603092,0.263428450,0.054952711,-0.031320050
1653513097.104210615,186.985809326,-689.051452637,-41.709930420,0.962603092,0.263428450,0.054952711,-0.031320050
1653513097.170763731,187.174606323,-688.957641602,-41.731868744,0.962047040,0.265202403,0.056744225,-0.030220831
1653513097.236441612,187.174606323,-688.957641602,-41.731868744,0.962047040,0.265202403,0.056744225,-0.030220831
1653513097.303555489,187.359588623,-688.879333496,-41.759368896,0.961356938,0.267531455,0.059521850,-0.026018491
1653513097.369893551,187.359588623,-688.879333496,-41.759368896,0.961356938,0.267531455,0.059521850,-0.026018491
1653513097.437802553,187.534164429,-688.818664551,-41.796821594,0.960843623,0.269092888,0.062847465,-0.020464158
1653513097.509837389,187.534164429,-688.818664551,-41.796821594,0.960843623,0.269092888,0.062847465,-0.020464158
1653513097.569800615,187.727142334,-688.751586914,-41.844379425,0.960560977,0.270188004,0.063595384,-0.016633326
1653513097.637128353,187.727142334,-688.751586914,-41.844379425,0.960560977,0.270188004,0.063595384,-0.016633326
1653513097.705577850,187.894012451,-688.708862305,-41.891098022,0.960512638,0.270567298,0.063298292,-0.014219063
1653513097.770046711,187.894012451,-688.708862305,-41.891098022,0.960512638,0.270567298,0.063298292,-0.014219063
1653513097.837399244,188.064834595,-688.676330566,-41.941753387,0.961115479,0.268612057,0.063108675,-0.011040893
1653513097.904167652,188.064834595,-688.676330566,-41.941753387,0.961115479,0.268612057,0.063108675,-0.011040893
1653513097.970353127,188.229949951,-688.650695801,-41.994987488,0.961719334,0.266693234,0.062453877,-0.008378784
1653513098.037791014,188.229949951,-688.650695801,-41.994987488,0.961719334,0.266693234,0.062453877,-0.008378784
1653513098.103985786,188.414810181,-688.610534668,-42.055526733,0.962356627,0.264793873,0.060873933,-0.006952400
1653513098.170916319,188.414810181,-688.610534668,-42.055526733,0.962356627,0.264793873,0.060873933,-0.006952400
1653513098.239116907,188.539001465,-688.595520020,-42.110877991,0.963063598,0.262400389,0.060174551,-0.005797977
1653513098.307355881,188.539001465,-688.595520020,-42.110877991,0.963063598,0.262400389,0.060174551,-0.005797977
1653513098.370332241,188.716369629,-688.540405273,-42.174766541,0.963650644,0.260509342,0.059019916,-0.005378102
1653513098.436947107,188.716369629,-688.540405273,-42.174766541,0.963650644,0.260509342,0.059019916,-0.005378102
1653513098.505604982,188.852371216,-688.498168945,-42.232421875,0.964035869,0.258820593,0.060124911,-0.005631315
1653513098.569824219,188.852371216,-688.498168945,-42.232421875,0.964035869,0.258820593,0.060124911,-0.005631315
1653513098.636430979,188.974792480,-688.455566406,-42.290802002,0.964347005,0.257487804,0.060821455,-0.005974184
1653513098.703746796,188.974792480,-688.455566406,-42.290802002,0.964347005,0.257487804,0.060821455,-0.005974184
1653513098.771059275,189.086654663,-688.418518066,-42.351436615,0.964613974,0.256283373,0.061429292,-0.008074194
1653513098.836677313,189.086654663,-688.418518066,-42.351436615,0.964613974,0.256283373,0.061429292,-0.008074194
1653513098.903956890,189.200271606,-688.380249023,-42.417339325,0.965064585,0.254696459,0.060792256,-0.009185239
1653513098.969783783,189.200271606,-688.380249023,-42.417339325,0.965064585,0.254696459,0.060792256,-0.009185239
1653513099.036674976,189.319534302,-688.336608887,-42.489440918,0.965339899,0.253710270,0.060434468,-0.009883070
1653513099.103584528,189.319534302,-688.336608887,-42.489440918,0.965339899,0.253710270,0.060434468,-0.009883070
1653513099.170124292,189.432510376,-688.297302246,-42.563190460,0.965348423,0.253709406,0.060284398,-0.009988162
1653513099.241071463,189.432510376,-688.297302246,-42.563190460,0.965348423,0.253709406,0.060284398,-0.009988162
1653513099.303997040,189.542755127,-688.265380859,-42.640674591,0.965843022,0.252129436,0.058897629,-0.010443402
1653513099.370102882,189.542755127,-688.265380859,-42.640674591,0.965843022,0.252129436,0.058897629,-0.010443402
1653513099.438341379,189.653656006,-688.230712891,-42.722408295,0.966161013,0.251211137,0.057827439,-0.009045093
1653513099.503324986,189.653656006,-688.230712891,-42.722408295,0.966161013,0.251211137,0.057827439,-0.009045093
1653513099.572387934,189.749969482,-688.189453125,-42.803359985,0.966528296,0.250052303,0.056903329,-0.007672726
1653513099.636506081,189.749969482,-688.189453125,-42.803359985,0.966528296,0.250052303,0.056903329,-0.007672726
1653513099.704941511,189.841232300,-688.152343750,-42.876895905,0.966517150,0.250300854,0.055933788,-0.008092263
1653513099.770520449,189.841232300,-688.152343750,-42.876895905,0.966517150,0.250300854,0.055933788,-0.008092263
1653513099.836371660,189.923980713,-688.118408203,-42.957046509,0.966482401,0.250492364,0.055417329,-0.009709702
1653513099.904229641,189.923980713,-688.118408203,-42.957046509,0.966482401,0.250492364,0.055417329,-0.009709702
1653513099.969869137,189.987670898,-688.091308594,-43.023910522,0.966556966,0.250368536,0.054325100,-0.011490302
1653513100.038903475,189.987670898,-688.091308594,-43.023910522,0.966556966,0.250368536,0.054325100,-0.011490302
1653513100.104021788,190.060577393,-688.059692383,-43.110946655,0.966555357,0.250548899,0.053034067,-0.013541439
1653513100.170531034,190.060577393,-688.059692383,-43.110946655,0.966555357,0.250548899,0.053034067,-0.013541439
1653513100.236579895,190.138061523,-688.029418945,-43.199024200,0.966285646,0.251209497,0.054624010,-0.014214700
1653513100.304125547,190.138061523,-688.029418945,-43.199024200,0.966285646,0.251209497,0.054624010,-0.014214700
1653513100.369740963,190.195266724,-688.014160156,-43.289051056,0.965710580,0.253487557,0.054988764,-0.011108104
1653513100.436618567,190.195266724,-688.014160156,-43.289051056,0.965710580,0.253487557,0.054988764,-0.011108104
1653513100.504325390,190.239959717,-688.011169434,-43.367206573,0.965034842,0.256198317,0.054990441,-0.006795553
1653513100.570375681,190.239959717,-688.011169434,-43.367206573,0.965034842,0.256198317,0.054990441,-0.006795553
1653513100.638566732,190.294006348,-688.009887695,-43.465263367,0.964396596,0.258938789,0.053663012,-0.003190689
1653513100.703291416,190.294006348,-688.009887695,-43.465263367,0.964396596,0.258938789,0.053663012,-0.003190689
1653513100.769775867,190.373275757,-687.985473633,-43.572193146,0.963930190,0.261109084,0.051510993,-0.002683157
1653513100.836735725,190.373275757,-687.985473633,-43.572193146,0.963930190,0.261109084,0.051510993,-0.002683157
1653513100.903906345,190.408721924,-687.980957031,-43.638042450,0.963632405,0.262707770,0.048891891,-0.002601086
1653513100.969745159,190.408721924,-687.980957031,-43.638042450,0.963632405,0.262707770,0.048891891,-0.002601086
1653513101.036355972,190.464126587,-687.974670410,-43.717144012,0.963373601,0.263943255,0.047384482,-0.000115205
1653513101.104979753,190.464126587,-687.974670410,-43.717144012,0.963373601,0.263943255,0.047384482,-0.000115205
1653513101.170901299,190.502929688,-687.981018066,-43.771640778,0.963024378,0.265225619,0.047009680,0.005432099
1653513101.237215996,190.502929688,-687.981018066,-43.771640778,0.963024378,0.265225619,0.047009680,0.005432099
1653513101.303819180,190.554199219,-687.986206055,-43.848941803,0.963150382,0.265026867,0.044908132,0.009241293
1653513101.369878531,190.554199219,-687.986206055,-43.848941803,0.963150382,0.265026867,0.044908132,0.009241293
1653513101.436286211,190.614486694,-687.972595215,-43.938858032,0.963466108,0.264047801,0.043943271,0.008991909
1653513101.503139257,190.614486694,-687.972595215,-43.938858032,0.963466108,0.264047801,0.043943271,0.008991909
1653513101.569857597,190.644485474,-687.966186523,-44.002880096,0.964139700,0.262173414,0.040964432,0.004657495
1653513101.638146400,190.644485474,-687.966186523,-44.002880096,0.964139700,0.262173414,0.040964432,0.004657495
1653513101.705994606,190.674468994,-687.964233398,-44.071258545,0.964830399,0.259973913,0.038933668,-0.000180917
1653513101.769755363,190.674468994,-687.964233398,-44.071258545,0.964830399,0.259973913,0.038933668,-0.000180917
1653513101.837320805,190.706512451,-687.962951660,-44.130359650,0.965214372,0.258744150,0.037554651,-0.001539147
1653513101.903564692,190.706512451,-687.962951660,-44.130359650,0.965214372,0.258744150,0.037554651,-0.001539147
1653513101.970724344,190.725677490,-687.967651367,-44.160190582,0.965151250,0.259159565,0.036323581,-0.000122006
1653513102.036625624,190.725677490,-687.967651367,-44.160190582,0.965151250,0.259159565,0.036323581,-0.000122006
1653513102.104099274,190.758453369,-687.960449219,-44.207477570,0.964984536,0.260008752,0.034607451,0.001599383
1653513102.169761658,190.758453369,-687.960449219,-44.207477570,0.964984536,0.260008752,0.034607451,0.001599383
1653513102.237428188,190.789749146,-687.952087402,-44.233489990,0.964879513,0.260533959,0.033553090,0.001928563
1653513102.303252220,190.789749146,-687.952087402,-44.233489990,0.964879513,0.260533959,0.033553090,0.001928563
1653513102.370064020,190.820266724,-687.939636230,-44.266983032,0.964727819,0.261187166,0.032835122,0.001844955
1653513102.436541080,190.820266724,-687.939636230,-44.266983032,0.964727819,0.261187166,0.032835122,0.001844955
1653513102.503147602,190.840316772,-687.915466309,-44.295047760,0.963997662,0.263772756,0.033565901,0.002398969
1653513102.569645166,190.840316772,-687.915466309,-44.295047760,0.963997662,0.263772756,0.033565901,0.002398969
1653513102.636395693,190.858779907,-687.882690430,-44.321262360,0.963000596,0.267302692,0.034224797,0.002801137
1653513102.703693867,190.858779907,-687.882690430,-44.321262360,0.963000596,0.267302692,0.034224797,0.002801137
1653513102.770457983,190.877593994,-687.847839355,-44.357631683,0.961718857,0.271724463,0.035395335,0.003132095
1653513102.836500406,190.877593994,-687.847839355,-44.357631683,0.961718857,0.271724463,0.035395335,0.003132095
1653513102.903528929,190.899505615,-687.809997559,-44.390430450,0.960593879,0.275425285,0.037224796,0.003818771
1653513102.969876051,190.899505615,-687.809997559,-44.390430450,0.960593879,0.275425285,0.037224796,0.003818771
1653513103.038102627,190.932113647,-687.779296875,-44.421997070,0.960595667,0.274913669,0.040586542,0.005585571
1653513103.103633642,190.932113647,-687.779296875,-44.421997070,0.960595667,0.274913669,0.040586542,0.005585571
1653513103.170266867,190.970748901,-687.758178711,-44.460632324,0.961684167,0.270559102,0.043778088,0.006694670
1653513103.237084389,190.970748901,-687.758178711,-44.460632324,0.961684167,0.270559102,0.043778088,0.006694670
1653513103.303250551,191.027435303,-687.732299805,-44.514419556,0.962976813,0.265466154,0.046452977,0.006743107
1653513103.370544195,191.027435303,-687.732299805,-44.514419556,0.962976813,0.265466154,0.046452977,0.006743107
1653513103.436513901,191.046890259,-687.721679688,-44.538841248,0.964111149,0.261161000,0.047301587,0.006866801
1653513103.503788948,191.046890259,-687.721679688,-44.538841248,0.964111149,0.261161000,0.047301587,0.006866801
1653513103.569785833,191.076690674,-687.684692383,-44.598365784,0.965075850,0.257812947,0.046198536,0.005178808
1653513103.636470556,191.076690674,-687.684692383,-44.598365784,0.965075850,0.257812947,0.046198536,0.005178808
1653513103.703319311,191.089355469,-687.633605957,-44.657844543,0.965610921,0.256518483,0.042346869,0.000735779
1653513103.769805670,191.089355469,-687.633605957,-44.657844543,0.965610921,0.256518483,0.042346869,0.000735779
1653513103.838353634,191.092071533,-687.566345215,-44.708702087,0.965474606,0.257422000,0.039393310,-0.006395597
1653513103.903197527,191.092071533,-687.566345215,-44.708702087,0.965474606,0.257422000,0.039393310,-0.006395597
1653513103.972465992,191.085906982,-687.507568359,-44.743701935,0.964931250,0.259563744,0.036827885,-0.013344020
1653513104.036476374,191.085906982,-687.507568359,-44.743701935,0.964931250,0.259563744,0.036827885,-0.013344020
1653513104.103299379,191.089843750,-687.442321777,-44.781936646,0.964308381,0.261824489,0.035475530,-0.017283984
1653513104.172963142,191.089843750,-687.442321777,-44.781936646,0.964308381,0.261824489,0.035475530,-0.017283984
1653513104.236424685,191.095367432,-687.399475098,-44.800277710,0.964084506,0.262621552,0.035217445,-0.018184440
1653513104.305507183,191.095367432,-687.399475098,-44.800277710,0.964084506,0.262621552,0.035217445,-0.018184440
1653513104.374443054,191.110946655,-687.363281250,-44.810802460,0.963731945,0.263745517,0.036239482,-0.018593252
1653513104.436755657,191.110946655,-687.363281250,-44.810802460,0.963731945,0.263745517,0.036239482,-0.018593252
1653513104.503531694,191.136550903,-687.338378906,-44.820980072,0.964152455,0.262221903,0.035811234,-0.019163704
1653513104.569940329,191.136550903,-687.338378906,-44.820980072,0.964152455,0.262221903,0.035811234,-0.019163704
1653513104.637089968,191.165908813,-687.323120117,-44.832386017,0.964686394,0.260210216,0.037103325,-0.017151207
1653513104.703307629,191.165908813,-687.323120117,-44.832386017,0.964686394,0.260210216,0.037103325,-0.017151207
1653513104.770014763,191.197509766,-687.323486328,-44.848567963,0.965390086,0.257551014,0.038342983,-0.014806147
1653513104.836340427,191.197509766,-687.323486328,-44.848567963,0.965390086,0.257551014,0.038342983,-0.014806147
1653513104.903681278,191.227493286,-687.313781738,-44.868118286,0.965632737,0.256531149,0.039842654,-0.012560480
1653513104.972533941,191.227493286,-687.313781738,-44.868118286,0.965632737,0.256531149,0.039842654,-0.012560480
1653513105.037299156,191.254623413,-687.303588867,-44.890464783,0.965621710,0.256507307,0.040875152,-0.010389188
1653513105.103098154,191.254623413,-687.303588867,-44.890464783,0.965621710,0.256507307,0.040875152,-0.010389188
1653513105.171151638,191.278106689,-687.292602539,-44.916179657,0.965377152,0.257350087,0.041430935,-0.010066700
1653513105.236464977,191.278106689,-687.292602539,-44.916179657,0.965377152,0.257350087,0.041430935,-0.010066700
1653513105.303493738,191.297744751,-687.280151367,-44.948837280,0.965150118,0.258192122,0.040881351,-0.012277604
1653513105.369812727,191.297744751,-687.280151367,-44.948837280,0.965150118,0.258192122,0.040881351,-0.012277604
1653513105.436817646,191.315002441,-687.267944336,-44.977504730,0.964738250,0.259803295,0.039931517,-0.013705152
1653513105.503356695,191.315002441,-687.267944336,-44.977504730,0.964738250,0.259803295,0.039931517,-0.013705152
1653513105.572499037,191.331604004,-687.256530762,-45.014720917,0.963935971,0.262952924,0.039131124,-0.012328053
1653513105.636432171,191.331604004,-687.256530762,-45.014720917,0.963935971,0.262952924,0.039131124,-0.012328053
1653513105.703423977,191.348602295,-687.246215820,-45.056701660,0.963012457,0.266482115,0.038798284,-0.009432243
1653513105.769799232,191.348602295,-687.246215820,-45.056701660,0.963012457,0.266482115,0.038798284,-0.009432243
1653513105.836704254,191.365249634,-687.238830566,-45.101905823,0.961929023,0.270564735,0.038172044,-0.005496860
1653513105.903565407,191.365249634,-687.238830566,-45.101905823,0.961929023,0.270564735,0.038172044,-0.005496860
1653513105.969655275,191.383392334,-687.235656738,-45.149452209,0.961406231,0.272588849,0.037168071,-0.003452246
1653513106.036425591,191.383392334,-687.235656738,-45.149452209,0.961406231,0.272588849,0.037168071,-0.003452246
1653513106.102975130,191.400848389,-687.241210938,-45.188926697,0.961360097,0.272872806,0.036168035,-0.004365607
1653513106.170122147,191.400848389,-687.241210938,-45.188926697,0.961360097,0.272872806,0.036168035,-0.004365607
1653513106.236977577,191.428024292,-687.253540039,-45.230052948,0.961699963,0.271739960,0.035388160,-0.006185777
1653513106.304069042,191.428024292,-687.253540039,-45.230052948,0.961699963,0.271739960,0.035388160,-0.006185777
1653513106.369701147,191.461074829,-687.268920898,-45.267662048,0.962209880,0.270062625,0.034526426,-0.005118750
1653513106.437458992,191.461074829,-687.268920898,-45.267662048,0.962209880,0.270062625,0.034526426,-0.005118750
1653513106.503532648,191.497558594,-687.275085449,-45.308887482,0.962439775,0.269444078,0.033172119,-0.003021664
1653513106.569948196,191.497558594,-687.275085449,-45.308887482,0.962439775,0.269444078,0.033172119,-0.003021664
1653513106.636437416,191.522018433,-687.275939941,-45.346302032,0.962003171,0.271082461,0.032599553,-0.001232767
1653513106.704164267,191.522018433,-687.275939941,-45.346302032,0.962003171,0.271082461,0.032599553,-0.001232767
1653513106.769970417,191.537277222,-687.267272949,-45.373561859,0.960708141,0.275686890,0.032102104,-0.002474062
1653513106.836457491,191.537277222,-687.267272949,-45.373561859,0.960708141,0.275686890,0.032102104,-0.002474062
1653513106.904281378,191.554733276,-687.249206543,-45.405059814,0.958876312,0.281952977,0.032210812,-0.004602800
1653513106.970066071,191.554733276,-687.249206543,-45.405059814,0.958876312,0.281952977,0.032210812,-0.004602800
1653513107.036366940,191.578063965,-687.241577148,-45.427722931,0.957485080,0.286511242,0.033116125,-0.006081546
1653513107.103310823,191.578063965,-687.241577148,-45.427722931,0.957485080,0.286511242,0.033116125,-0.006081546
1653513107.169622421,191.612579346,-687.246948242,-45.461280823,0.956603289,0.289189965,0.035393473,-0.005155552
1653513107.236374378,191.612579346,-687.246948242,-45.461280823,0.956603289,0.289189965,0.035393473,-0.005155552
1653513107.303328514,191.655075073,-687.261779785,-45.495513916,0.955816627,0.291578561,0.037336014,-0.001591162
1653513107.369982958,191.655075073,-687.261779785,-45.495513916,0.955816627,0.291578561,0.037336014,-0.001591162
1653513107.436282158,191.706542969,-687.287048340,-45.537506104,0.955177665,0.293263525,0.040170409,0.004297182
1653513107.503490210,191.706542969,-687.287048340,-45.537506104,0.955177665,0.293263525,0.040170409,0.004297182
1653513107.569704533,191.760650635,-687.320800781,-45.574878693,0.955147922,0.292923689,0.042080086,0.010839153
1653513107.636731148,191.760650635,-687.320800781,-45.574878693,0.955147922,0.292923689,0.042080086,0.010839153
1653513107.703015089,191.822952271,-687.356140137,-45.620826721,0.955282152,0.291906893,0.043882992,0.017339109
1653513107.769996881,191.822952271,-687.356140137,-45.620826721,0.955282152,0.291906893,0.043882992,0.017339109
1653513107.836564779,191.878082275,-687.381469727,-45.666732788,0.955784857,0.289919943,0.044868976,0.020210864
1653513107.903425455,191.878082275,-687.381469727,-45.666732788,0.955784857,0.289919943,0.044868976,0.020210864
1653513107.969791651,191.924285889,-687.394165039,-45.707771301,0.956428051,0.287982762,0.044351406,0.018555533
1653513108.037238836,191.924285889,-687.394165039,-45.707771301,0.956428051,0.287982762,0.044351406,0.018555533
1653513108.103199720,191.957122803,-687.391174316,-45.743164062,0.956550539,0.287746459,0.043981738,0.016694324
1653513108.171427250,191.957122803,-687.391174316,-45.743164062,0.956550539,0.287746459,0.043981738,0.016694324
1653513108.236317635,191.986251831,-687.375610352,-45.780609131,0.956246555,0.288895577,0.043816153,0.014560375
1653513108.303046942,191.986251831,-687.375610352,-45.780609131,0.956246555,0.288895577,0.043816153,0.014560375
1653513108.370073080,192.005599976,-687.351989746,-45.819656372,0.955521762,0.291253418,0.044419456,0.013285645
1653513108.436401367,192.005599976,-687.351989746,-45.819656372,0.955521762,0.291253418,0.044419456,0.013285645
1653513108.503463507,192.020889282,-687.322570801,-45.857391357,0.954760313,0.293931246,0.043387696,0.012438070
1653513108.569967747,192.020889282,-687.322570801,-45.857391357,0.954760313,0.293931246,0.043387696,0.012438070
1653513108.636328936,192.036758423,-687.290832520,-45.898254395,0.954349101,0.295458585,0.042759892,0.009675284
1653513108.703179359,192.036758423,-687.290832520,-45.898254395,0.954349101,0.295458585,0.042759892,0.009675284
1653513108.771397352,192.051452637,-687.258178711,-45.935077667,0.954005063,0.296720773,0.042345814,0.006156332
1653513108.836324453,192.051452637,-687.258178711,-45.935077667,0.954005063,0.296720773,0.042345814,0.006156332
1653513108.902985334,192.067825317,-687.229125977,-45.971340179,0.953970194,0.296823621,0.042652257,0.004163080
1653513108.969967842,192.067825317,-687.229125977,-45.971340179,0.953970194,0.296823621,0.042652257,0.004163080
1653513109.037387133,192.085052490,-687.200500488,-46.003231049,0.954066813,0.296439320,0.043176558,0.004010780
1653513109.103049040,192.085052490,-687.200500488,-46.003231049,0.954066813,0.296439320,0.043176558,0.004010780
1653513109.169563293,192.101531982,-687.167907715,-46.039588928,0.953975022,0.296586961,0.044235211,0.003327620
1653513109.236780882,192.101531982,-687.167907715,-46.039588928,0.953975022,0.296586961,0.044235211,0.003327620
1653513109.303071022,192.110992432,-687.135131836,-46.072589874,0.953835249,0.296848625,0.045554966,0.001985807
1653513109.369539261,192.110992432,-687.135131836,-46.072589874,0.953835249,0.296848625,0.045554966,0.001985807
1653513109.439330816,192.116287231,-687.099060059,-46.107860565,0.953869522,0.296632618,0.046279714,-0.000478122
1653513109.504407644,192.116287231,-687.099060059,-46.107860565,0.953869522,0.296632618,0.046279714,-0.000478122
1653513109.569746494,192.116256714,-687.059326172,-46.141792297,0.953657985,0.297307521,0.046171252,-0.003592059
1653513109.637364149,192.116256714,-687.059326172,-46.141792297,0.953657985,0.297307521,0.046171252,-0.003592059
1653513109.703591585,192.114730835,-687.011718750,-46.180335999,0.953392625,0.298080295,0.046277612,-0.007003094
1653513109.770133495,192.114730835,-687.011718750,-46.180335999,0.953392625,0.298080295,0.046277612,-0.007003094
1653513109.837481022,192.109039307,-686.969299316,-46.215442657,0.953214586,0.298601598,0.045967769,-0.010295193
1653513109.903164864,192.109039307,-686.969299316,-46.215442657,0.953214586,0.298601598,0.045967769,-0.010295193
1653513109.969664335,192.103958130,-686.929138184,-46.253574371,0.953021824,0.299174666,0.045387700,-0.013561593
1653513110.036591291,192.103958130,-686.929138184,-46.253574371,0.953021824,0.299174666,0.045387700,-0.013561593
1653513110.103851318,192.099960327,-686.899230957,-46.287696838,0.953197956,0.298564702,0.044625752,-0.016770901
1653513110.169785738,192.099960327,-686.899230957,-46.287696838,0.953197956,0.298564702,0.044625752,-0.016770901
1653513110.237700224,192.098632812,-686.882324219,-46.318412781,0.953849792,0.296416551,0.044132546,-0.018976180
1653513110.303680420,192.098632812,-686.882324219,-46.318412781,0.953849792,0.296416551,0.044132546,-0.018976180
1653513110.369691133,192.097656250,-686.865356445,-46.354625702,0.954373181,0.294707626,0.043632001,-0.020382620
1653513110.436315060,192.097656250,-686.865356445,-46.354625702,0.954373181,0.294707626,0.043632001,-0.020382620
1653513110.504213572,192.096633911,-686.853576660,-46.385314941,0.954820752,0.293445349,0.042399850,-0.020234589
1653513110.569657087,192.096633911,-686.853576660,-46.385314941,0.954820752,0.293445349,0.042399850,-0.020234589
1653513110.636338949,192.092636108,-686.839111328,-46.420581818,0.954852700,0.293574303,0.040813379,-0.020117108
1653513110.703925848,192.092636108,-686.839111328,-46.420581818,0.954852700,0.293574303,0.040813379,-0.020117108
1653513110.770068407,192.082199097,-686.820251465,-46.455276489,0.954267919,0.295655936,0.039628256,-0.019747039
1653513110.836251497,192.082199097,-686.820251465,-46.455276489,0.954267919,0.295655936,0.039628256,-0.019747039
1653513110.903318644,192.070205688,-686.801879883,-46.494834900,0.953376174,0.298848808,0.036346622,-0.021028606
1653513110.970070601,192.070205688,-686.801879883,-46.494834900,0.953376174,0.298848808,0.036346622,-0.021028606
1653513111.036360025,192.061325073,-686.789916992,-46.528202057,0.952695787,0.301317483,0.033401307,-0.021514295
1653513111.103471041,192.061325073,-686.789916992,-46.528202057,0.952695787,0.301317483,0.033401307,-0.021514295
1653513111.169856071,192.060424805,-686.788513184,-46.562271118,0.951965034,0.303855777,0.032497365,-0.019445153
1653513111.238117933,192.060424805,-686.788513184,-46.562271118,0.951965034,0.303855777,0.032497365,-0.019445153
1653513111.303052664,192.072341919,-686.801696777,-46.591148376,0.951510012,0.305478603,0.033049576,-0.014806237
1653513111.369819403,192.072341919,-686.801696777,-46.591148376,0.951510012,0.305478603,0.033049576,-0.014806237
1653513111.436264753,192.091827393,-686.823669434,-46.622573853,0.951509118,0.305499554,0.035012238,-0.008637550
1653513111.504684925,192.091827393,-686.823669434,-46.622573853,0.951509118,0.305499554,0.035012238,-0.008637550
1653513111.571039677,192.115707397,-686.849792480,-46.653041840,0.952125669,0.303570628,0.035793208,-0.004517394
1653513111.636807442,192.115707397,-686.849792480,-46.653041840,0.952125669,0.303570628,0.035793208,-0.004517394
1653513111.703723907,192.139434814,-686.872436523,-46.680934906,0.953035355,0.300623894,0.036538415,-0.003711025
1653513111.769697666,192.139434814,-686.872436523,-46.680934906,0.953035355,0.300623894,0.036538415,-0.003711025
1653513111.836372137,192.159484863,-686.888183594,-46.705768585,0.953937411,0.297674477,0.037178870,-0.003325193
1653513111.903351545,192.159484863,-686.888183594,-46.705768585,0.953937411,0.297674477,0.037178870,-0.003325193
1653513111.969746590,192.170684814,-686.889221191,-46.734531403,0.953963697,0.297612131,0.036930148,-0.004057076
1653513112.036698580,192.170684814,-686.889221191,-46.734531403,0.953963697,0.297612131,0.036930148,-0.004057076
1653513112.103734970,192.176467896,-686.879821777,-46.763343811,0.953415155,0.299384803,0.036719169,-0.004469476
1653513112.169908285,192.176467896,-686.879821777,-46.763343811,0.953415155,0.299384803,0.036719169,-0.004469476
1653513112.236343384,192.176437378,-686.858581543,-46.791481018,0.952267289,0.303022295,0.036548175,-0.005365163
1653513112.303010941,192.176437378,-686.858581543,-46.791481018,0.952267289,0.303022295,0.036548175,-0.005365163
1653513112.369526386,192.177398682,-686.837097168,-46.817802429,0.951068461,0.306691885,0.036910444,-0.006814514
1653513112.436528683,192.177398682,-686.837097168,-46.817802429,0.951068461,0.306691885,0.036910444,-0.006814514
1653513112.503472805,192.182968140,-686.826049805,-46.840740204,0.950543761,0.308180183,0.037938803,-0.007221601
1653513112.569807768,192.182968140,-686.826049805,-46.840740204,0.950543761,0.308180183,0.037938803,-0.007221601
1653513112.636318922,192.199615479,-686.826110840,-46.863468170,0.950986326,0.306685507,0.038955182,-0.007174680
1653513112.703379631,192.199615479,-686.826110840,-46.863468170,0.950986326,0.306685507,0.038955182,-0.007174680
1653513112.769684076,192.223648071,-686.836364746,-46.885181427,0.952019036,0.303525060,0.038728971,-0.005686157
1653513112.836404085,192.223648071,-686.836364746,-46.885181427,0.952019036,0.303525060,0.038728971,-0.005686157
1653513112.903737068,192.247756958,-686.849243164,-46.907634735,0.953265071,0.299734324,0.037681848,-0.005013304
1653513112.969607592,192.247756958,-686.849243164,-46.907634735,0.953265071,0.299734324,0.037681848,-0.005013304
1653513113.037036896,192.269241333,-686.855041504,-46.931488037,0.954492450,0.295953244,0.036415573,-0.005456453
1653513113.104595184,192.269241333,-686.855041504,-46.931488037,0.954492450,0.295953244,0.036415573,-0.005456453
1653513113.170630455,192.281829834,-686.850097656,-46.947242737,0.955164313,0.293935150,0.034737278,-0.007520452
1653513113.236193657,192.281829834,-686.850097656,-46.947242737,0.955164313,0.293935150,0.034737278,-0.007520452
1653513113.303601265,192.288101196,-686.832946777,-46.957855225,0.955069244,0.294349730,0.032845322,-0.011052288
1653513113.369539261,192.288101196,-686.832946777,-46.957855225,0.955069244,0.294349730,0.032845322,-0.011052288
1653513113.437399149,192.290130615,-686.809875488,-46.962429047,0.954550803,0.295813024,0.033411104,-0.014528362
1653513113.503342628,192.290130615,-686.809875488,-46.962429047,0.954550803,0.295813024,0.033411104,-0.014528362
1653513113.569770575,192.292724609,-686.786193848,-46.966247559,0.953608036,0.298558623,0.034888785,-0.016651165
1653513113.637633562,192.292724609,-686.786193848,-46.966247559,0.953608036,0.298558623,0.034888785,-0.016651165
1653513113.703349352,192.302383423,-686.771728516,-46.975833893,0.952971995,0.300460249,0.036577266,-0.015169607
1653513113.771845102,192.302383423,-686.771728516,-46.975833893,0.952971995,0.300460249,0.036577266,-0.015169607
1653513113.840405226,192.320587158,-686.770935059,-46.988697052,0.952931285,0.300339967,0.039737772,-0.011782164
1653513113.903134108,192.320587158,-686.770935059,-46.988697052,0.952931285,0.300339967,0.039737772,-0.011782164
1653513113.969697714,192.342254639,-686.776794434,-47.007213593,0.953533053,0.298382312,0.040663633,-0.009446246
1653513114.040904522,192.342254639,-686.776794434,-47.007213593,0.953533053,0.298382312,0.040663633,-0.009446246
1653513114.102905035,192.352096558,-686.783325195,-47.027816772,0.954373479,0.295834273,0.038886655,-0.011879293
1653513114.169747829,192.352096558,-686.783325195,-47.027816772,0.954373479,0.295834273,0.038886655,-0.011879293
1653513114.236391068,192.353713989,-686.791137695,-47.051296234,0.955182076,0.293526977,0.034718782,-0.016240112
1653513114.303339958,192.353713989,-686.791137695,-47.051296234,0.955182076,0.293526977,0.034718782,-0.016240112
1653513114.369726181,192.358612061,-686.805786133,-47.075393677,0.955556929,0.292608798,0.032425232,-0.015479354
1653513114.436788559,192.358612061,-686.805786133,-47.075393677,0.955556929,0.292608798,0.032425232,-0.015479354
1653513114.503834486,192.366455078,-686.818969727,-47.092414856,0.955715895,0.292446792,0.030976111,-0.011066323
1653513114.569629431,192.366455078,-686.818969727,-47.092414856,0.955715895,0.292446792,0.030976111,-0.011066323
1653513114.639852285,192.367584229,-686.818908691,-47.096839905,0.955923498,0.291874230,0.029586913,-0.012015258
1653513114.703351021,192.367584229,-686.818908691,-47.096839905,0.955923498,0.291874230,0.029586913,-0.012015258
1653513114.769948244,192.366165161,-686.814270020,-47.094757080,0.955995440,0.291519195,0.029126629,-0.015520497
1653513114.836935997,192.366165161,-686.814270020,-47.094757080,0.955995440,0.291519195,0.029126629,-0.015520497
1653513114.904221296,192.367797852,-686.813415527,-47.098571777,0.955702007,0.292351216,0.029976647,-0.016303144
1653513114.969518185,192.367797852,-686.813415527,-47.098571777,0.955702007,0.292351216,0.029976647,-0.016303144
1653513115.036816835,192.369110107,-686.811157227,-47.108505249,0.955375850,0.293365777,0.030605558,-0.016026719
1653513115.103946924,192.369110107,-686.811157227,-47.108505249,0.955375850,0.293365777,0.030605558,-0.016026719
1653513115.170614481,192.367996216,-686.806091309,-47.120391846,0.955176950,0.293894798,0.028879108,-0.020709669
1653513115.236167192,192.367996216,-686.806091309,-47.120391846,0.955176950,0.293894798,0.028879108,-0.020709669
1653513115.304181576,192.371994019,-686.809387207,-47.138889313,0.955262959,0.293447316,0.026304998,-0.025872495
1653513115.369537592,192.371994019,-686.809387207,-47.138889313,0.955262959,0.293447316,0.026304998,-0.025872495
1653513115.441831112,192.381744385,-686.820495605,-47.165317535,0.955560923,0.292596579,0.023823453,-0.026889058
1653513115.503090858,192.381744385,-686.820495605,-47.165317535,0.955560923,0.292596579,0.023823453,-0.026889058
1653513115.570228338,192.389434814,-686.825805664,-47.183010101,0.955797970,0.292097032,0.022048296,-0.025365271
1653513115.636231899,192.389434814,-686.825805664,-47.183010101,0.955797970,0.292097032,0.022048296,-0.025365271
1653513115.703533649,192.394409180,-686.823547363,-47.186306000,0.955900848,0.291859657,0.020558225,-0.025472039
1653513115.770761490,192.394409180,-686.823547363,-47.186306000,0.955900848,0.291859657,0.020558225,-0.025472039
1653513115.836740255,192.399673462,-686.823974609,-47.184669495,0.956017971,0.291608244,0.020562075,-0.023904713
1653513115.903577328,192.399673462,-686.823974609,-47.184669495,0.956017971,0.291608244,0.020562075,-0.023904713
1653513115.971244335,192.402282715,-686.823913574,-47.185375214,0.956102669,0.291361123,0.020716906,-0.023391418
1653513116.038707733,192.402282715,-686.823913574,-47.185375214,0.956102669,0.291361123,0.020716906,-0.023391418
1653513116.103363037,192.402923584,-686.825317383,-47.189468384,0.956134558,0.291322738,0.020612465,-0.022646951
1653513116.172530890,192.402923584,-686.825317383,-47.189468384,0.956134558,0.291322738,0.020612465,-0.022646951
1653513116.236369133,192.400527954,-686.821838379,-47.192462921,0.956016719,0.291674793,0.020363616,-0.023306876
1653513116.303992987,192.400527954,-686.821838379,-47.192462921,0.956016719,0.291674793,0.020363616,-0.023306876
1653513116.369833946,192.396942139,-686.816284180,-47.194595337,0.955581307,0.292958736,0.020434070,-0.024939369
